{
  "BSC_dir": 0.5040981769561768,
  "BSC_mag": 0.680788516998291,
  "Nboundary": 42150,
  "engine": "atropos",
  "units": "SD/mm",
  "spacing": [
    1.0,
    1.0,
    1.0
  ],
  "mu_wm": 1349.32958984375,
  "sd_wm": 204.9469451904297,
  "t1": "data/raw/adni/adni_3yr_3t/037_S_0501/MPR-R__GradWarp__B1_Correction__N3__Scaled/2006-06-23_11_03_42.0/I79784/ADNI_037_S_0501_MR_MPR-R__GradWarp__B1_Correction__N3__Scaled_Br_20071030163828841_S15805_I79784.nii"
}