{
  "BSC_dir": 0.47598209977149963,
  "BSC_mag": 0.6253551244735718,
  "Nboundary": 34037,
  "engine": "atropos",
  "units": "SD/mm",
  "spacing": [
    1.0,
    1.0,
    1.0
  ],
  "mu_wm": 1866.8211669921875,
  "sd_wm": 292.7706298828125,
  "t1": "data/raw/adni/adni_3yr_3t/023_S_0030/MPR__GradWarp__B1_Correction__N3__Scaled_2/2006-04-13_12_19_16.0/I118776/ADNI_023_S_0030_MR_MPR__GradWarp__B1_Correction__N3__Scaled_2_Br_20081001134756957_S13207_I118776.nii"
}