{
  "BSC_dir": 0.30115073919296265,
  "BSC_mag": 0.35865604877471924,
  "Nboundary": 52876,
  "engine": "atropos",
  "units": "SD/mm",
  "spacing": [
    1.0,
    1.0,
    1.0
  ],
  "mu_wm": 418.72943115234375,
  "sd_wm": 71.21324157714844,
  "t1": "data/raw/adni/adni_3yr_3t/023_S_0388/MPR__GradWarp__B1_Correction__N3__Scaled/2009-04-15_09_09_21.0/I149789/ADNI_023_S_0388_MR_MPR__GradWarp__B1_Correction__N3__Scaled_Br_20090721105418275_S66392_I149789.nii"
}