{
  "BSC_dir": 0.2857268452644348,
  "BSC_mag": 0.34232383966445923,
  "Nboundary": 64121,
  "engine": "atropos",
  "units": "SD/mm",
  "spacing": [
    1.0,
    1.0,
    1.0
  ],
  "mu_wm": 740.8075561523438,
  "sd_wm": 142.73817443847656,
  "t1": "data/raw/adni/adni_3yr_3t/023_S_1046/MPR__GradWarp__B1_Correction__N3__Scaled_2/2007-05-29_12_34_47.0/I118909/ADNI_023_S_1046_MR_MPR__GradWarp__B1_Correction__N3__Scaled_2_Br_20081001155337277_S32728_I118909.nii"
}