{
  "BSC_dir": 0.2719021141529083,
  "BSC_mag": 0.33058449625968933,
  "Nboundary": 57377,
  "engine": "atropos",
  "units": "SD/mm",
  "spacing": [
    1.0,
    1.0,
    1.0
  ],
  "mu_wm": 1513.3623046875,
  "sd_wm": 327.0377197265625,
  "t1": "data/raw/adni/adni_3yr_3t/005_S_0572/MPR-R__GradWarp__B1_Correction__N3__Scaled/2007-07-09_09_17_05.0/I86030/ADNI_005_S_0572_MR_MPR-R__GradWarp__B1_Correction__N3__Scaled_Br_20071223123153496_S34606_I86030.nii"
}