{
  "BSC_dir": 0.3967190384864807,
  "BSC_mag": 0.4844479262828827,
  "Nboundary": 46262,
  "engine": "atropos",
  "units": "SD/mm",
  "spacing": [
    1.0,
    1.0,
    1.0
  ],
  "mu_wm": 482.828125,
  "sd_wm": 75.87275695800781,
  "t1": "data/raw/adni/adni_3yr_3t/031_S_0830/MPR__GradWarp__B1_Correction__N3__Scaled/2009-09-21_11_37_07.0/I162428/ADNI_031_S_0830_MR_MPR__GradWarp__B1_Correction__N3__Scaled_Br_20100106124137520_S74049_I162428.nii"
}