{
  "BSC_dir": 0.28223279118537903,
  "BSC_mag": 0.3349583148956299,
  "Nboundary": 51452,
  "engine": "atropos",
  "units": "SD/mm",
  "spacing": [
    1.0,
    1.0,
    1.0
  ],
  "mu_wm": 1221.3316650390625,
  "sd_wm": 230.6448974609375,
  "t1": "data/raw/adni/adni_3yr_3t/027_S_1385/MPR__GradWarp__B1_Correction__N3__Scaled/2007-03-26_16_27_30.0/I65374/ADNI_027_S_1385_MR_MPR__GradWarp__B1_Correction__N3__Scaled_Br_20070807092416718_S28972_I65374.nii"
}