{
  "BSC_dir": 0.3503282070159912,
  "BSC_mag": 0.42732474207878113,
  "Nboundary": 55405,
  "engine": "atropos",
  "units": "SD/mm",
  "spacing": [
    1.0,
    1.0,
    1.0
  ],
  "mu_wm": 442.575927734375,
  "sd_wm": 76.08361053466797,
  "t1": "data/raw/adni/adni_3yr_3t/116_S_0649/MPR__GradWarp__B1_Correction__N3__Scaled/2008-02-07_11_31_05.0/I94631/ADNI_116_S_0649_MR_MPR__GradWarp__B1_Correction__N3__Scaled_Br_20080229183619465_S45897_I94631.nii"
}