{
  "BSC_dir": 0.5930259823799133,
  "BSC_mag": 0.7798427939414978,
  "Nboundary": 33818,
  "engine": "atropos",
  "units": "SD/mm",
  "spacing": [
    1.0,
    1.0,
    1.0
  ],
  "mu_wm": 879.1694946289062,
  "sd_wm": 114.14766693115234,
  "t1": "data/raw/adni/adni_3yr_3t/023_S_0061/MPR__GradWarp__B1_Correction__N3__Scaled/2005-12-20_15_54_41.0/I31107/ADNI_023_S_0061_MR_MPR__GradWarp__B1_Correction__N3__Scaled_Br_20061130182551088_S10633_I31107.nii"
}