{
  "BSC_dir": 0.4488339126110077,
  "BSC_mag": 0.5354565978050232,
  "Nboundary": 78621,
  "engine": "atropos",
  "units": "SD/mm",
  "spacing": [
    1.0000000083279166,
    1.000000011157733,
    0.9999999928508659
  ],
  "mu_wm": 164.8243865966797,
  "sd_wm": 25.840011596679688,
  "t1": "data/raw/oasis3/t1_mprage_sag/t1_mprage_sag_images/OASIS_OAS31367_20250501133659120.nii"
}