{
  "BSC_dir": 0.4046439230442047,
  "BSC_mag": 0.4814579486846924,
  "Nboundary": 33951,
  "engine": "atropos",
  "units": "SD/mm",
  "spacing": [
    1.0,
    1.0,
    1.0
  ],
  "mu_wm": 1027.9464111328125,
  "sd_wm": 162.77842712402344,
  "t1": "data/raw/adni/adni_3yr_3t/023_S_0331/MPR__GradWarp__B1_Correction__N3__Scaled/2006-10-03_14_50_22.0/I82171/ADNI_023_S_0331_MR_MPR__GradWarp__B1_Correction__N3__Scaled_Br_20071115091731894_S19679_I82171.nii"
}