{
  "BSC_dir": 0.2129022777080536,
  "BSC_mag": 0.26911234855651855,
  "Nboundary": 52700,
  "engine": "atropos",
  "units": "SD/mm",
  "spacing": [
    1.0000000000000142,
    0.9999999633403144,
    0.9999999633403003
  ],
  "mu_wm": 364.28936767578125,
  "sd_wm": 88.01786804199219,
  "t1": "data/raw/adni/adni_3yr_3t/100_S_0015/MPR____N3__Scaled/2009-04-27_10_04_06.0/I160866/ADNI_100_S_0015_MR_MPR____N3__Scaled_Br_20091214141918733_S66778_I160866.nii"
}