{
  "BSC_dir": 0.3517470955848694,
  "BSC_mag": 0.43439269065856934,
  "Nboundary": 49930,
  "engine": "atropos",
  "units": "SD/mm",
  "spacing": [
    1.0,
    1.0,
    1.0
  ],
  "mu_wm": 256.970703125,
  "sd_wm": 44.47489547729492,
  "t1": "data/raw/adni/adni_3yr_3t/002_S_0559/MPR-R____N3__Scaled/2007-10-18_17_06_13.0/I82102/ADNI_002_S_0559_MR_MPR-R____N3__Scaled_Br_20071115083403092_S41825_I82102.nii"
}