{
  "BSC_dir": 0.3231571912765503,
  "BSC_mag": 0.37288960814476013,
  "Nboundary": 42043,
  "engine": "atropos",
  "units": "SD/mm",
  "spacing": [
    1.0,
    1.0,
    1.0
  ],
  "mu_wm": 1127.1029052734375,
  "sd_wm": 231.99937438964844,
  "t1": "data/raw/adni/adni_3yr_3t/005_S_0324/MPR__GradWarp__B1_Correction__N3__Scaled/2007-10-17_11_09_14.0/I78691/ADNI_005_S_0324_MR_MPR__GradWarp__B1_Correction__N3__Scaled_Br_20071027120916662_S41671_I78691.nii"
}