{
  "BSC_dir": 0.20820218324661255,
  "BSC_mag": 0.23970100283622742,
  "Nboundary": 43619,
  "engine": "atropos",
  "units": "SD/mm",
  "spacing": [
    1.0,
    1.0000000000000002,
    1.0
  ],
  "mu_wm": 395.2151794433594,
  "sd_wm": 105.95701599121094,
  "t1": "data/raw/adni/adni_3yr_3t/018_S_0450/MPR____N3__Scaled/2006-06-23_15_21_55.0/I35029/ADNI_018_S_0450_MR_MPR____N3__Scaled_Br_20070101221702956_S15825_I35029.nii"
}