{
  "BSC_dir": 0.3728412985801697,
  "BSC_mag": 0.4401882290840149,
  "Nboundary": 44286,
  "engine": "atropos",
  "units": "SD/mm",
  "spacing": [
    1.0,
    1.0,
    1.0
  ],
  "mu_wm": 1086.92724609375,
  "sd_wm": 183.10508728027344,
  "t1": "data/raw/adni/adni_3yr_3t/023_S_0926/MPR-R__GradWarp__B1_Correction__N3__Scaled/2006-10-16_12_51_09.0/I138627/ADNI_023_S_0926_MR_MPR-R__GradWarp__B1_Correction__N3__Scaled_Br_20090312161219095_S20160_I138627.nii"
}