{
  "BSC_dir": 0.5572425127029419,
  "BSC_mag": 0.7534977197647095,
  "Nboundary": 33156,
  "engine": "atropos",
  "units": "SD/mm",
  "spacing": [
    1.0,
    1.0,
    1.0
  ],
  "mu_wm": 1369.7576904296875,
  "sd_wm": 180.2535858154297,
  "t1": "data/raw/adni/adni_3yr_3t/023_S_0388/MPR-R__GradWarp__B1_Correction__N3__Scaled/2006-11-06_12_52_30.0/I81905/ADNI_023_S_0388_MR_MPR-R__GradWarp__B1_Correction__N3__Scaled_Br_20071113174827285_S22184_I81905.nii"
}