{
  "BSC_dir": 0.5170688629150391,
  "BSC_mag": 0.6471502780914307,
  "Nboundary": 36252,
  "engine": "atropos",
  "units": "SD/mm",
  "spacing": [
    1.0,
    1.0,
    1.0
  ],
  "mu_wm": 257.9347839355469,
  "sd_wm": 37.15317153930664,
  "t1": "data/raw/adni/adni_3yr_3t/018_S_0369/MPR____N3__Scaled/2009-06-10_15_29_13.0/I160830/ADNI_018_S_0369_MR_MPR____N3__Scaled_Br_20091214134500606_S68484_I160830.nii"
}