{
  "BSC_dir": 0.5026869177818298,
  "BSC_mag": 0.6516286730766296,
  "Nboundary": 40289,
  "engine": "atropos",
  "units": "SD/mm",
  "spacing": [
    1.0,
    1.0,
    1.0
  ],
  "mu_wm": 992.48486328125,
  "sd_wm": 148.8182373046875,
  "t1": "data/raw/adni/adni_3yr_3t/023_S_0916/MPR__GradWarp__B1_Correction__N3__Scaled/2008-09-30_12_38_39.0/I124097/ADNI_023_S_0916_MR_MPR__GradWarp__B1_Correction__N3__Scaled_Br_20081027124305165_S56855_I124097.nii"
}