{
  "BSC_dir": 0.29566651582717896,
  "BSC_mag": 0.35162216424942017,
  "Nboundary": 39582,
  "engine": "atropos",
  "units": "SD/mm",
  "spacing": [
    1.0,
    1.0000000000000002,
    1.0
  ],
  "mu_wm": 1479.8603515625,
  "sd_wm": 309.63421630859375,
  "t1": "data/raw/adni/adni_3yr_3t/005_S_0324/MPR-R__GradWarp__B1_Correction__N3__Scaled/2006-04-21_10_20_45.0/I32777/ADNI_005_S_0324_MR_MPR-R__GradWarp__B1_Correction__N3__Scaled_Br_20061212142345901_S13664_I32777.nii"
}