{
  "BSC_dir": 0.5662018060684204,
  "BSC_mag": 0.711756706237793,
  "Nboundary": 36450,
  "engine": "atropos",
  "units": "SD/mm",
  "spacing": [
    1.0,
    1.0,
    1.0
  ],
  "mu_wm": 323.1195068359375,
  "sd_wm": 46.18310546875,
  "t1": "data/raw/adni/adni_3yr_3t/053_S_0507/MPR____N3__Scaled/2009-05-20_13_36_40.0/I151140/ADNI_053_S_0507_MR_MPR____N3__Scaled_Br_20090730120001696_S67529_I151140.nii"
}