{
  "BSC_dir": 0.3033490777015686,
  "BSC_mag": 0.37764471769332886,
  "Nboundary": 49544,
  "engine": "atropos",
  "units": "SD/mm",
  "spacing": [
    1.0,
    1.0,
    1.0
  ],
  "mu_wm": 317.6256103515625,
  "sd_wm": 59.392967224121094,
  "t1": "data/raw/adni/adni_3yr_3t/002_S_0559/MPR____N3__Scaled_2/2006-06-27_18_28_33.0/I118679/ADNI_002_S_0559_MR_MPR____N3__Scaled_2_Br_20081001115336170_S15922_I118679.nii"
}