{
  "BSC_dir": 0.2747498154640198,
  "BSC_mag": 0.3253690004348755,
  "Nboundary": 58086,
  "engine": "atropos",
  "units": "SD/mm",
  "spacing": [
    1.0,
    1.0,
    1.0
  ],
  "mu_wm": 932.0048217773438,
  "sd_wm": 172.14007568359375,
  "t1": "data/raw/adni/adni_3yr_3t/023_S_0388/MPR__GradWarp__B1_Correction__N3__Scaled_2/2006-05-04_15_27_08.0/I118856/ADNI_023_S_0388_MR_MPR__GradWarp__B1_Correction__N3__Scaled_2_Br_20081001152646586_S14001_I118856.nii"
}