{
  "BSC_dir": 0.2880585491657257,
  "BSC_mag": 0.3457750082015991,
  "Nboundary": 55515,
  "engine": "atropos",
  "units": "SD/mm",
  "spacing": [
    1.0,
    1.0,
    1.0
  ],
  "mu_wm": 5757.2890625,
  "sd_wm": 1220.652099609375,
  "t1": "data/raw/adni/adni_3yr_3t/127_S_0622/MPR__GradWarp__B1_Correction__N3__Scaled/2006-06-29_13_01_25.0/I74496/ADNI_127_S_0622_MR_MPR__GradWarp__B1_Correction__N3__Scaled_Br_20070922104550551_S15986_I74496.nii"
}