{
  "BSC_dir": 0.1710551679134369,
  "BSC_mag": 0.1897566020488739,
  "Nboundary": 76186,
  "engine": "atropos",
  "units": "SD/mm",
  "spacing": [
    1.000000042870905,
    0.9999999814580227,
    0.9999999823367153
  ],
  "mu_wm": 201.06314086914062,
  "sd_wm": 73.07203674316406,
  "t1": "data/raw/oasis3/t1_mprage_sag/t1_mprage_sag_images/OASIS_OAS31210_20250501025640336.nii"
}