{
  "BSC_dir": 0.6061071753501892,
  "BSC_mag": 0.9016144871711731,
  "Nboundary": 29809,
  "engine": "atropos",
  "units": "SD/mm",
  "spacing": [
    1.0000000069500563,
    0.999999957642074,
    0.9999999763628837
  ],
  "mu_wm": 397.0871887207031,
  "sd_wm": 47.365901947021484,
  "t1": "data/raw/adni/adni_3yr_3t/100_S_1286/MPR____N3__Scaled/2009-08-31_13_32_52.0/I164224/ADNI_100_S_1286_MR_MPR____N3__Scaled_Br_20100119165820003_S72983_I164224.nii"
}