{
  "BSC_dir": 0.26902705430984497,
  "BSC_mag": 0.332830548286438,
  "Nboundary": 50496,
  "engine": "atropos",
  "units": "SD/mm",
  "spacing": [
    1.0,
    1.0,
    1.0
  ],
  "mu_wm": 294.3251647949219,
  "sd_wm": 65.03711700439453,
  "t1": "data/raw/adni/adni_3yr_3t/100_S_0015/MPR-R____N3__Scaled/2006-10-16_10_46_04.0/I63475/ADNI_100_S_0015_MR_MPR-R____N3__Scaled_Br_20070731183715194_S20311_I63475.nii"
}