{
  "BSC_dir": 0.4519665539264679,
  "BSC_mag": 0.5797252058982849,
  "Nboundary": 36379,
  "engine": "atropos",
  "units": "SD/mm",
  "spacing": [
    1.0,
    1.0,
    1.0
  ],
  "mu_wm": 969.703857421875,
  "sd_wm": 138.48141479492188,
  "t1": "data/raw/adni/adni_3yr_3t/032_S_1169/MPR-R__GradWarp__B1_Correction__N3__Scaled/2007-01-24_09_27_14.0/I90989/ADNI_032_S_1169_MR_MPR-R__GradWarp__B1_Correction__N3__Scaled_Br_20080220112005945_S25563_I90989.nii"
}