{
  "BSC_dir": 0.43170061707496643,
  "BSC_mag": 0.5466864705085754,
  "Nboundary": 29877,
  "engine": "atropos",
  "units": "SD/mm",
  "spacing": [
    1.0,
    1.0,
    1.0
  ],
  "mu_wm": 367.4367980957031,
  "sd_wm": 61.43268966674805,
  "t1": "data/raw/adni/adni_3yr_3t/002_S_1018/MPR____N3__Scaled/2008-12-12_09_06_11.0/I132795/ADNI_002_S_1018_MR_MPR____N3__Scaled_Br_20090106140133108_S60846_I132795.nii"
}