{
  "BSC_dir": 0.29677125811576843,
  "BSC_mag": 0.3605578541755676,
  "Nboundary": 39186,
  "engine": "atropos",
  "units": "SD/mm",
  "spacing": [
    1.0,
    1.0,
    1.0
  ],
  "mu_wm": 430.7426452636719,
  "sd_wm": 87.42400360107422,
  "t1": "data/raw/adni/adni_3yr_3t/002_S_0413/MPR____N3__Scaled/2009-04-30_10_58_19.0/I149735/ADNI_002_S_0413_MR_MPR____N3__Scaled_Br_20090721095721568_S66926_I149735.nii"
}