{
  "BSC_dir": 0.3096056878566742,
  "BSC_mag": 0.36771130561828613,
  "Nboundary": 52208,
  "engine": "atropos",
  "units": "SD/mm",
  "spacing": [
    1.0,
    1.0,
    1.0
  ],
  "mu_wm": 4114.740234375,
  "sd_wm": 854.86865234375,
  "t1": "data/raw/adni/adni_3yr_3t/005_S_0572/MPR-R__GradWarp__B1_Correction__N3__Scaled/2008-02-04_10_00_29.0/I91417/ADNI_005_S_0572_MR_MPR-R__GradWarp__B1_Correction__N3__Scaled_Br_20080221162306536_S45299_I91417.nii"
}