subject,BSC_dir,BSC_mag,Nboundary,engine,units,spacing,mu_wm,sd_wm,t1
ADNI_002_S_0559_MR_MPR____N3__Scaled_Br_20070319121214158_S15922_I45126,0.29673221707344055,0.37076032161712646,46121,atropos,SD/mm,"(1.0, 1.0, 1.0)",312.25469970703125,58.103538513183594,data/raw/adni/adni_3yr_3t/002_S_0559/MPR____N3__Scaled/2006-06-27_18_28_33.0/I45126/ADNI_002_S_0559_MR_MPR____N3__Scaled_Br_20070319121214158_S15922_I45126.nii
