{
  "BSC_dir": 0.28856009244918823,
  "BSC_mag": 0.34239596128463745,
  "Nboundary": 35724,
  "engine": "atropos",
  "units": "SD/mm",
  "spacing": [
    1.0,
    1.0,
    1.0
  ],
  "mu_wm": 321.36236572265625,
  "sd_wm": 67.14256286621094,
  "t1": "data/raw/adni/adni_3yr_3t/136_S_0086/MPR____N3__Scaled/2006-05-08_10_55_23.0/I40172/ADNI_136_S_0086_MR_MPR____N3__Scaled_Br_20070215172221943_S14069_I40172.nii"
}