{
  "BSC_dir": 0.47128826379776,
  "BSC_mag": 0.5838109254837036,
  "Nboundary": 33724,
  "engine": "atropos",
  "units": "SD/mm",
  "spacing": [
    1.0,
    1.0,
    1.0
  ],
  "mu_wm": 315.4553527832031,
  "sd_wm": 48.66944885253906,
  "t1": "data/raw/adni/adni_3yr_3t/130_S_0956/MPR____N3__Scaled/2006-11-06_09_40_12.0/I39200/ADNI_130_S_0956_MR_MPR____N3__Scaled_Br_20070210223200198_S22511_I39200.nii"
}