{
  "BSC_dir": 0.3557485044002533,
  "BSC_mag": 0.4346206486225128,
  "Nboundary": 52712,
  "engine": "atropos",
  "units": "SD/mm",
  "spacing": [
    1.0,
    1.0,
    1.0
  ],
  "mu_wm": 423.8996887207031,
  "sd_wm": 74.47030639648438,
  "t1": "data/raw/adni/adni_3yr_3t/116_S_0649/MPR__GradWarp__B1_Correction__N3__Scaled/2008-07-30_11_05_36.0/I120553/ADNI_116_S_0649_MR_MPR__GradWarp__B1_Correction__N3__Scaled_Br_20081014090641573_S54521_I120553.nii"
}