{
  "BSC_dir": 0.2950448989868164,
  "BSC_mag": 0.3489769995212555,
  "Nboundary": 55748,
  "engine": "atropos",
  "units": "SD/mm",
  "spacing": [
    1.0,
    1.0,
    1.0
  ],
  "mu_wm": 846.8389282226562,
  "sd_wm": 181.0066680908203,
  "t1": "data/raw/adni/adni_3yr_3t/032_S_0677/MPR__GradWarp__B1_Correction__N3__Scaled/2007-04-03_14_07_28.0/I90951/ADNI_032_S_0677_MR_MPR__GradWarp__B1_Correction__N3__Scaled_Br_20080220110111945_S29373_I90951.nii"
}