{
  "BSC_dir": 0.29585322737693787,
  "BSC_mag": 0.35085996985435486,
  "Nboundary": 46256,
  "engine": "atropos",
  "units": "SD/mm",
  "spacing": [
    1.0,
    1.0,
    1.0
  ],
  "mu_wm": 743.849853515625,
  "sd_wm": 141.69569396972656,
  "t1": "data/raw/adni/adni_3yr_3t/023_S_0963/MPR__GradWarp__B1_Correction__N3__Scaled/2008-11-24_11_12_51.0/I129286/ADNI_023_S_0963_MR_MPR__GradWarp__B1_Correction__N3__Scaled_Br_20081204152616250_S60208_I129286.nii"
}