{
  "BSC_dir": 0.4020627737045288,
  "BSC_mag": 0.507238507270813,
  "Nboundary": 58010,
  "engine": "atropos",
  "units": "SD/mm",
  "spacing": [
    1.0,
    1.0,
    1.0
  ],
  "mu_wm": 488.76031494140625,
  "sd_wm": 71.55620574951172,
  "t1": "data/raw/adni/adni_3yr_3t/027_S_0307/MPR__GradWarp__B1_Correction__N3__Scaled/2007-05-01_15_32_29.0/I66009/ADNI_027_S_0307_MR_MPR__GradWarp__B1_Correction__N3__Scaled_Br_20070808172558926_S31552_I66009.nii"
}