{
  "BSC_dir": 0.37460625171661377,
  "BSC_mag": 0.45680391788482666,
  "Nboundary": 37781,
  "engine": "atropos",
  "units": "SD/mm",
  "spacing": [
    1.0,
    1.0,
    1.0
  ],
  "mu_wm": 289.11376953125,
  "sd_wm": 51.437129974365234,
  "t1": "data/raw/adni/adni_3yr_3t/136_S_0195/MPR____N3__Scaled/2006-04-04_10_54_57.0/I40254/ADNI_136_S_0195_MR_MPR____N3__Scaled_Br_20070215185520914_S12748_I40254.nii"
}