{
  "BSC_dir": 0.3563397228717804,
  "BSC_mag": 0.4255320131778717,
  "Nboundary": 54595,
  "engine": "atropos",
  "units": "SD/mm",
  "spacing": [
    1.0,
    1.0,
    1.0
  ],
  "mu_wm": 846.0346069335938,
  "sd_wm": 148.16221618652344,
  "t1": "data/raw/adni/adni_3yr_3t/023_S_0625/MPR__GradWarp__B1_Correction__N3__Scaled/2007-02-27_13_25_05.0/I52098/ADNI_023_S_0625_MR_MPR__GradWarp__B1_Correction__N3__Scaled_Br_20070427200838628_S27236_I52098.nii"
}