{
  "BSC_dir": 0.2540442645549774,
  "BSC_mag": 0.297884464263916,
  "Nboundary": 55373,
  "engine": "atropos",
  "units": "SD/mm",
  "spacing": [
    1.0,
    1.0,
    1.0
  ],
  "mu_wm": 254.01388549804688,
  "sd_wm": 51.989925384521484,
  "t1": "data/raw/adni/adni_3yr_3t/018_S_0450/MPR____N3__Scaled/2009-07-01_15_26_17.0/I171350/ADNI_018_S_0450_MR_MPR____N3__Scaled_Br_20100419170009131_S69490_I171350.nii"
}