{
  "BSC_dir": 0.599733293056488,
  "BSC_mag": 0.828414261341095,
  "Nboundary": 24587,
  "engine": "atropos",
  "units": "SD/mm",
  "spacing": [
    1.0,
    1.0,
    1.0
  ],
  "mu_wm": 1119.1846923828125,
  "sd_wm": 149.35577392578125,
  "t1": "data/raw/adni/adni_3yr_3t/031_S_1209/MPR__GradWarp__B1_Correction__N3__Scaled/2009-02-10_10_19_15.0/I142001/ADNI_031_S_1209_MR_MPR__GradWarp__B1_Correction__N3__Scaled_Br_20090420145927373_S62928_I142001.nii"
}