{
  "BSC_dir": 0.18716177344322205,
  "BSC_mag": 0.20696693658828735,
  "Nboundary": 58496,
  "engine": "atropos",
  "units": "SD/mm",
  "spacing": [
    1.0000000437867285,
    0.9999999596361286,
    1.0000000068523724
  ],
  "mu_wm": 236.26893615722656,
  "sd_wm": 72.14054107666016,
  "t1": "data/raw/oasis3/t1_mprage_sag/t1_mprage_sag_images/OASIS_OAS31265_20250501070132141.nii"
}