{
  "BSC_dir": 0.47136256098747253,
  "BSC_mag": 0.5923246741294861,
  "Nboundary": 33059,
  "engine": "atropos",
  "units": "SD/mm",
  "spacing": [
    1.0,
    1.0,
    1.0
  ],
  "mu_wm": 268.7906494140625,
  "sd_wm": 46.15207290649414,
  "t1": "data/raw/adni/adni_3yr_3t/053_S_0507/MPR____N3__Scaled/2006-06-06_09_19_06.0/I75459/ADNI_053_S_0507_MR_MPR____N3__Scaled_Br_20070927074706802_S15256_I75459.nii"
}