{
  "BSC_dir": 0.5148974657058716,
  "BSC_mag": 0.7006704211235046,
  "Nboundary": 39862,
  "engine": "atropos",
  "units": "SD/mm",
  "spacing": [
    1.0,
    1.0,
    1.0
  ],
  "mu_wm": 752.8553466796875,
  "sd_wm": 111.78406524658203,
  "t1": "data/raw/adni/adni_3yr_3t/037_S_0501/MPR__GradWarp__B1_Correction__N3__Scaled/2007-12-12_11_49_31.0/I94830/ADNI_037_S_0501_MR_MPR__GradWarp__B1_Correction__N3__Scaled_Br_20080302105357652_S43768_I94830.nii"
}