{
  "BSC_dir": 0.3060387372970581,
  "BSC_mag": 0.36128485202789307,
  "Nboundary": 44964,
  "engine": "atropos",
  "units": "SD/mm",
  "spacing": [
    1.0,
    1.0,
    1.0
  ],
  "mu_wm": 1405.8575439453125,
  "sd_wm": 280.6106872558594,
  "t1": "data/raw/adni/adni_3yr_3t/023_S_1262/MPR__GradWarp__B1_Correction__N3__Scaled/2009-03-13_09_40_10.0/I143685/ADNI_023_S_1262_MR_MPR__GradWarp__B1_Correction__N3__Scaled_Br_20090512153916694_S64543_I143685.nii"
}