{
  "BSC_dir": 0.5560362339019775,
  "BSC_mag": 0.7021816968917847,
  "Nboundary": 27958,
  "engine": "atropos",
  "units": "SD/mm",
  "spacing": [
    1.0000000543312546,
    1.0000000172617778,
    1.0000000522279537
  ],
  "mu_wm": 835.5083618164062,
  "sd_wm": 115.06999206542969,
  "t1": "data/raw/adni/adni_3yr_3t/032_S_1169/MT1__GradWarp__N3m/2010-01-11_13_04_41.0/I288905/ADNI_032_S_1169_MR_MT1__GradWarp__N3m_Br_20120308103344255_S79478_I288905.nii"
}