{
  "BSC_dir": 0.3711133301258087,
  "BSC_mag": 0.4599672853946686,
  "Nboundary": 44203,
  "engine": "atropos",
  "units": "SD/mm",
  "spacing": [
    1.0,
    1.0,
    1.0
  ],
  "mu_wm": 304.063232421875,
  "sd_wm": 52.5203857421875,
  "t1": "data/raw/adni/adni_3yr_3t/002_S_0559/MPR____N3__Scaled/2006-12-12_09_48_06.0/I79123/ADNI_002_S_0559_MR_MPR____N3__Scaled_Br_20071028190647964_S23910_I79123.nii"
}