{
  "BSC_dir": 0.49843764305114746,
  "BSC_mag": 0.6791315078735352,
  "Nboundary": 45573,
  "engine": "atropos",
  "units": "SD/mm",
  "spacing": [
    1.0,
    1.0,
    1.0
  ],
  "mu_wm": 1099.218505859375,
  "sd_wm": 159.58985900878906,
  "t1": "data/raw/adni/adni_3yr_3t/023_S_0916/MPR__GradWarp__B1_Correction__N3__Scaled_2/2006-09-29_13_26_46.0/I118880/ADNI_023_S_0916_MR_MPR__GradWarp__B1_Correction__N3__Scaled_2_Br_20081001154332202_S19523_I118880.nii"
}