{
  "BSC_dir": 1.2011332511901855,
  "BSC_mag": 1.6613609790802002,
  "Nboundary": 19060,
  "engine": "atropos",
  "units": "SD/mm",
  "spacing": [
    1.0,
    1.0000000000000002,
    1.0
  ],
  "mu_wm": 242.11962890625,
  "sd_wm": 17.191917419433594,
  "t1": "data/raw/adni/adni_3yr_3t/100_S_0015/MPR-R____N3__Scaled/2005-10-31_14_50_12.0/I33046/ADNI_100_S_0015_MR_MPR-R____N3__Scaled_Br_20061213152852376_S8833_I33046.nii"
}