{
  "BSC_dir": 0.3561443090438843,
  "BSC_mag": 0.44418033957481384,
  "Nboundary": 43942,
  "engine": "atropos",
  "units": "SD/mm",
  "spacing": [
    1.0,
    1.0,
    1.0
  ],
  "mu_wm": 221.47128295898438,
  "sd_wm": 38.68289566040039,
  "t1": "data/raw/adni/adni_3yr_3t/002_S_0559/MPR____N3__Scaled/2008-08-15_17_03_28.0/I120779/ADNI_002_S_0559_MR_MPR____N3__Scaled_Br_20081014173439529_S55646_I120779.nii"
}