{
  "BSC_dir": 0.36034083366394043,
  "BSC_mag": 0.4143809974193573,
  "Nboundary": 51318,
  "engine": "atropos",
  "units": "SD/mm",
  "spacing": [
    1.0,
    1.0,
    1.0
  ],
  "mu_wm": 478.2552490234375,
  "sd_wm": 79.8243408203125,
  "t1": "data/raw/adni/adni_3yr_3t/023_S_0031/MPR-R__GradWarp__B1_Correction__N3__Scaled/2006-10-30_12_38_28.0/I89933/ADNI_023_S_0031_MR_MPR-R__GradWarp__B1_Correction__N3__Scaled_Br_20080207172633013_S21475_I89933.nii"
}