{
  "BSC_dir": 0.34924259781837463,
  "BSC_mag": 0.4088097810745239,
  "Nboundary": 39435,
  "engine": "atropos",
  "units": "SD/mm",
  "spacing": [
    1.0,
    1.0,
    1.0
  ],
  "mu_wm": 568.3681030273438,
  "sd_wm": 102.43388366699219,
  "t1": "data/raw/adni/adni_3yr_3t/116_S_1249/MPR-R__GradWarp__B1_Correction__N3__Scaled/2007-03-01_11_05_48.0/I53845/ADNI_116_S_1249_MR_MPR-R__GradWarp__B1_Correction__N3__Scaled_Br_20070508161406653_S27351_I53845.nii"
}