{
  "BSC_dir": 0.3668517470359802,
  "BSC_mag": 0.4601607322692871,
  "Nboundary": 30660,
  "engine": "atropos",
  "units": "SD/mm",
  "spacing": [
    1.0,
    1.0,
    1.0
  ],
  "mu_wm": 345.1400451660156,
  "sd_wm": 63.09982681274414,
  "t1": "data/raw/adni/adni_3yr_3t/002_S_1018/MPR____N3__Scaled/2006-12-18_14_57_09.0/I40828/ADNI_002_S_1018_MR_MPR____N3__Scaled_Br_20070217032215330_S24312_I40828.nii"
}