{
  "BSC_dir": 0.4862194061279297,
  "BSC_mag": 0.5873132944107056,
  "Nboundary": 43577,
  "engine": "atropos",
  "units": "SD/mm",
  "spacing": [
    1.0,
    1.0,
    1.0
  ],
  "mu_wm": 276.4073791503906,
  "sd_wm": 44.37696075439453,
  "t1": "data/raw/adni/adni_3yr_3t/012_S_0689/MPR____N3__Scaled/2008-07-23_14_23_11.0/I134210/ADNI_012_S_0689_MR_MPR____N3__Scaled_Br_20090121121206940_S54149_I134210.nii"
}