{
  "BSC_dir": 0.30597054958343506,
  "BSC_mag": 0.36670756340026855,
  "Nboundary": 61078,
  "engine": "atropos",
  "units": "SD/mm",
  "spacing": [
    1.0,
    1.0,
    1.0
  ],
  "mu_wm": 813.082275390625,
  "sd_wm": 155.16065979003906,
  "t1": "data/raw/adni/adni_3yr_3t/023_S_0625/MPR__GradWarp__B1_Correction__N3__Scaled/2006-07-12_14_23_13.0/I31500/ADNI_023_S_0625_MR_MPR__GradWarp__B1_Correction__N3__Scaled_Br_20061203133805576_S16766_I31500.nii"
}