{
  "BSC_dir": 0.20772936940193176,
  "BSC_mag": 0.23280388116836548,
  "Nboundary": 67016,
  "engine": "atropos",
  "units": "SD/mm",
  "spacing": [
    0.9999999642831442,
    0.9999999625309597,
    1.0000000165060765
  ],
  "mu_wm": 213.3990478515625,
  "sd_wm": 61.02346420288086,
  "t1": "data/raw/oasis3/t1_mprage_sag/t1_mprage_sag_images/OASIS_OAS31148_20250430225949843.nii"
}