{
  "BSC_dir": 0.4526582956314087,
  "BSC_mag": 0.5564814805984497,
  "Nboundary": 28989,
  "engine": "atropos",
  "units": "SD/mm",
  "spacing": [
    1.0,
    1.0,
    1.0
  ],
  "mu_wm": 385.893798828125,
  "sd_wm": 60.28264617919922,
  "t1": "data/raw/adni/adni_3yr_3t/002_S_1018/MPR____N3__Scaled/2007-06-14_15_14_47.0/I64750/ADNI_002_S_1018_MR_MPR____N3__Scaled_Br_20070805123014249_S33636_I64750.nii"
}