{
  "BSC_dir": 0.30391931533813477,
  "BSC_mag": 0.36173000931739807,
  "Nboundary": 53635,
  "engine": "atropos",
  "units": "SD/mm",
  "spacing": [
    1.0,
    1.0,
    1.0
  ],
  "mu_wm": 451.259521484375,
  "sd_wm": 83.37969207763672,
  "t1": "data/raw/adni/adni_3yr_3t/027_S_1082/MPR__GradWarp__B1_Correction__N3__Scaled/2008-12-08_10_08_57.0/I132359/ADNI_027_S_1082_MR_MPR__GradWarp__B1_Correction__N3__Scaled_Br_20081229143349004_S60605_I132359.nii"
}