{
  "BSC_dir": 0.34702247381210327,
  "BSC_mag": 0.41214650869369507,
  "Nboundary": 42007,
  "engine": "atropos",
  "units": "SD/mm",
  "spacing": [
    1.0,
    1.0,
    1.0
  ],
  "mu_wm": 1187.56201171875,
  "sd_wm": 220.39630126953125,
  "t1": "data/raw/adni/adni_3yr_3t/005_S_0814/MPR__GradWarp__B1_Correction__N3__Scaled/2008-10-08_14_17_28.0/I124421/ADNI_005_S_0814_MR_MPR__GradWarp__B1_Correction__N3__Scaled_Br_20081029154648050_S57167_I124421.nii"
}