{
  "BSC_dir": 0.6229255795478821,
  "BSC_mag": 0.9048466086387634,
  "Nboundary": 29806,
  "engine": "atropos",
  "units": "SD/mm",
  "spacing": [
    1.0,
    1.0,
    1.0
  ],
  "mu_wm": 302.5111083984375,
  "sd_wm": 37.590736389160156,
  "t1": "data/raw/adni/adni_3yr_3t/136_S_0184/MPR____N3__Scaled_2/2006-03-27_12_32_31.0/I119712/ADNI_136_S_0184_MR_MPR____N3__Scaled_2_Br_20081008132712063_S12474_I119712.nii"
}