{
  "BSC_dir": 0.45862850546836853,
  "BSC_mag": 0.560917854309082,
  "Nboundary": 33824,
  "engine": "atropos",
  "units": "SD/mm",
  "spacing": [
    1.0000000211425373,
    1.0000000018584434,
    1.0000000105175237
  ],
  "mu_wm": 310.5557556152344,
  "sd_wm": 49.0194091796875,
  "t1": "data/raw/adni/adni_3yr_3t/136_S_0429/MPR____N3__Scaled/2007-06-18_12_20_22.0/I83549/ADNI_136_S_0429_MR_MPR____N3__Scaled_Br_20071127184003417_S33730_I83549.nii"
}