{
  "BSC_dir": 0.40689700841903687,
  "BSC_mag": 0.4985230565071106,
  "Nboundary": 109856,
  "engine": "atropos",
  "units": "SD/mm",
  "spacing": [
    1.0000000230508166,
    1.0000000467643482,
    1.0000000656656975
  ],
  "mu_wm": 155.89450073242188,
  "sd_wm": 29.04819679260254,
  "t1": "data/raw/oasis3/t1_mprage_sag/t1_mprage_sag_images/OASIS_OAS30318_20250502175224560.nii"
}