{
  "BSC_dir": 0.2785412073135376,
  "BSC_mag": 0.33358150720596313,
  "Nboundary": 64877,
  "engine": "atropos",
  "units": "SD/mm",
  "spacing": [
    1.0,
    1.0,
    1.0
  ],
  "mu_wm": 1035.885498046875,
  "sd_wm": 197.9018096923828,
  "t1": "data/raw/adni/adni_3yr_3t/023_S_0604/MPR-R__GradWarp__B1_Correction__N3__Scaled/2006-06-20_09_34_04.0/I31468/ADNI_023_S_0604_MR_MPR-R__GradWarp__B1_Correction__N3__Scaled_Br_20061203124804456_S15677_I31468.nii"
}