{
  "BSC_dir": 0.4281492531299591,
  "BSC_mag": 0.527038037776947,
  "Nboundary": 35690,
  "engine": "atropos",
  "units": "SD/mm",
  "spacing": [
    1.0000000000007463,
    0.999999990593553,
    0.9999999905928068
  ],
  "mu_wm": 389.3918762207031,
  "sd_wm": 64.2657241821289,
  "t1": "data/raw/adni/adni_3yr_3t/136_S_0184/MPR-R____N3__Scaled/2007-03-20_10_46_32.0/I69136/ADNI_136_S_0184_MR_MPR-R____N3__Scaled_Br_20070819190556867_S28430_I69136.nii"
}