{
  "BSC_dir": 0.2760576903820038,
  "BSC_mag": 0.3264981806278229,
  "Nboundary": 59015,
  "engine": "atropos",
  "units": "SD/mm",
  "spacing": [
    1.0,
    1.0,
    1.0
  ],
  "mu_wm": 502.8464660644531,
  "sd_wm": 91.57748413085938,
  "t1": "data/raw/adni/adni_3yr_3t/023_S_0388/MPR__GradWarp__B1_Correction__N3__Scaled/2008-04-16_11_54_16.0/I103663/ADNI_023_S_0388_MR_MPR__GradWarp__B1_Correction__N3__Scaled_Br_20080423172140565_S48815_I103663.nii"
}