{
  "BSC_dir": 0.24519750475883484,
  "BSC_mag": 0.29249900579452515,
  "Nboundary": 62297,
  "engine": "atropos",
  "units": "SD/mm",
  "spacing": [
    1.0,
    1.0,
    1.0
  ],
  "mu_wm": 973.6038818359375,
  "sd_wm": 203.12869262695312,
  "t1": "data/raw/adni/adni_3yr_3t/027_S_0403/MPR__GradWarp__B1_Correction__N3__Scaled/2009-05-07_11_53_34.0/I151319/ADNI_027_S_0403_MR_MPR__GradWarp__B1_Correction__N3__Scaled_Br_20090731114324593_S67151_I151319.nii"
}