subject,bsc_dir_mean,qc_snr,qc_brain_std,qc_brain_bg_ratio
002_S_0782,-0.07961134804163006,-0.2362063104401726,0.0015017269527665134,0.014139832294734145
002_S_0782,-0.07161750105692333,-0.1016223286673077,0.0007137569534772514,-0.03440079931617923
002_S_0782,0.5748066337136573,0.475873324982541,-0.002194232471695201,-0.02607865386252839
002_S_0782,-0.6063205435485925,-0.18183069167712862,0.0009159540611252126,0.0008748799876225899
002_S_0782,0.18274275893348935,0.043786005802068706,-0.0009372054956737208,0.045464740896351774
002_S_1070,0.5334624977617004,-0.0715407002477302,3.1348937816313875,0.987563531886179
002_S_1070,0.49705879476458426,-0.11877096824864028,-0.624840546361704,-0.106982817626332
002_S_1070,-0.8760650952750573,-0.1089191603708464,-0.6286539182168265,-0.4636553531226376
002_S_1070,0.06357754993854436,0.014687273120424373,-0.6260842404854148,-0.12362328863279803
002_S_1070,-0.038681653729986595,0.02264235519406877,-0.6263667963291002,-0.14606474647346557
002_S_1070,-0.17935209345978514,0.2619012005527237,-0.6289482802383422,-0.14723732603094575
002_S_1155,-0.33531256415806154,0.3839699689673272,-1.303521880142654,-1.8261155312472737
002_S_1155,-0.30001732582132035,0.014685591797923059,-1.3021542125042387,-1.7308039061258027
002_S_1155,-0.12221394992161005,0.47799581182079626,-1.3031730987008345,-1.8621853155285444
002_S_1155,-0.3299753534348535,0.4770992000709951,-1.3044101075311463,-1.8214355053832956
002_S_1155,0.30532180191476355,0.4161899432745266,1.9397601700397231,2.3433473546621917
002_S_1155,0.6836605206172006,0.5184123094523998,2.5939940760210964,2.2630474266254783
002_S_1155,0.35569180685912294,0.41511229800328925,2.5355070288842327,1.8516043158680164
002_S_1155,0.6624913402164896,0.4489624677432961,2.0970467721828348,1.512506556439878
002_S_1155,0.19474142787125026,-1.229388333545049,-1.3177157173105039,0.2812683147926123
002_S_1155,-0.581775737888838,-0.9196948472928868,-1.317705204914613,-0.4150160838591111
002_S_1155,-0.5326119662541439,-1.0033444102926175,-1.3176278260238987,-0.5962176262441494
002_S_1268,0.7450122579483381,1.1383522378988375,1.6158210078645276,0.28573253292744855
002_S_1268,0.09179874563533102,-0.8057816881378224,-1.26102497171887,-0.6385858288907039
002_S_1268,-1.8891011809220455,-1.277817187993525,-1.257519010156646,-0.569547992020203
002_S_1268,0.49006614200535153,-0.6529351682739655,-1.262405234814816,-0.5401296257092806
002_S_1268,0.020089221097168763,-0.46718232944010185,-1.2621281709113572,-0.6450765492314293
002_S_1268,-1.3372132824692742,-1.1763322194020556,-1.260394288497818,-0.566814630031767
002_S_1268,0.7914178449564222,1.5824958457154912,2.317894194189526,1.1970403490291441
002_S_1268,1.0879302517487077,1.6592005096331417,2.369756474045453,1.4773817439267911
002_S_4229,0.4794182415649604,0.6987054113221083,0.9532750860948602,0.03698624685563645
002_S_4229,0.517562125727011,0.6781905991443524,1.5557485450243704,-0.12748983879070475
002_S_4229,-0.7789192066632714,-0.39920152797741826,2.086073261024469,0.5497178235059567
002_S_4229,0.7187846208663691,0.7475027170077062,1.6121920935595373,0.6971922418375263
002_S_4229,0.7690765116837182,0.7336146818095071,1.059480260713598,0.5411660615291197
002_S_4229,-0.48685149369784364,-0.6228399973646604,-2.422434107764325,-0.46065247746029
002_S_4229,-0.3876513400354389,-0.7006971502349265,-2.4222343233054824,-0.4746648196021391
002_S_4229,-0.8314194594455045,-1.1352747337066689,-2.422100815347026,-0.7622552378751053
002_S_4237,0.1388304740671359,-0.03528850720227639,-0.3404230389714171,0.1377881984503777
002_S_4237,0.0947761222820469,0.10204096284706632,0.25263189183524704,0.1093835526027005
002_S_4237,-0.058697978807823126,0.062203331528007944,0.015340528305385792,-0.17764180183165457
002_S_4237,-0.17490861754135956,-0.12895578717279776,0.07245061883078519,-0.06952994922142341
002_S_4521,-0.04742833611295999,0.037465211022973066,0.2017136114646818,0.2934753928563649
002_S_4521,-0.25351456957342555,0.09536101098404581,0.1469352104014896,-0.3550304599261336
002_S_4521,0.08671529033358782,0.014848069232714312,-0.17821411546404642,0.07924689920372119
002_S_4521,0.28748371561206953,0.07347980120703201,-0.0034734512047340793,0.3949587200707847
002_S_4521,-0.07307471589660747,-0.11208517379657523,0.12721989653340238,-0.24661997448671746
002_S_4521,-0.00018138436266440516,-0.10906891865019042,-0.2941811517307915,-0.1660305777180211
002_S_4799,0.3974668840563297,1.0539216477708033,1.3175522000426239,1.235245677809758
002_S_4799,0.12706072247282946,0.6366273517751773,1.522674460018545,0.713188131061016
002_S_4799,0.10826948728693016,0.6473179265758964,1.4062831874850699,0.6608399131627833
002_S_4799,-0.20200940047608643,0.7544513297657731,1.044471435898953,0.14980949196062765
002_S_4799,0.2209506273848974,0.8721640393665588,1.2863776769584079,0.8921726378739026
002_S_4799,0.20429341975269444,-1.560632752337066,-2.1924577849116362,-0.8782753219325785
002_S_4799,-0.7086248707245245,-1.0296224276641621,-2.192534026264774,-1.27705711968074
002_S_4799,-0.14740686975307019,-1.3742271152529806,-2.1923671492271883,-1.4959234102547683
003_S_0908,0.5200168054725566,0.6550528885238812,-0.0005222377133448086,-0.600664544659794
003_S_0908,0.32600197642670925,0.4741970258228795,-0.00046507625360353577,-0.5765213583332256
003_S_0908,0.7786768701832764,0.6083107974779501,-0.0006024504247763018,-0.5884013939689443
003_S_0908,0.6565431647739582,0.6938613448690497,-0.0008872065625071257,-0.5889962613307249
003_S_0908,0.41459397966012856,0.6682429602511307,-0.0007937610344640467,-0.5069777705066238
003_S_0908,0.8480563259070527,0.6377704342593741,-0.0008437439992602935,-0.5733637709623971
003_S_0908,-0.3448892667907256,-1.6691481539665065,0.007368599849424451,1.2896925078994206
003_S_0908,-1.2231783048592262,-0.8609772997193188,-0.0010669688466970473,0.835349876217147
003_S_0908,-1.0086307995572699,-0.5539627363030498,-0.0010086740748559975,0.9030816927282507
003_S_0908,-0.9671907512164605,-0.6533472612153894,-0.0011784809399156826,0.40680102291689163
003_S_1074,0.3625758548292324,0.32329269179201003,-0.00034449322192292575,-0.7386405315711798
003_S_1074,0.3725321302692687,0.2538355371292217,-0.00033525190831845686,-0.5929775405889784
003_S_1074,0.5215920272399204,0.261433395519006,-0.0005500162708982903,-0.5984247246633851
003_S_1074,0.9172511677109786,0.3215394687740958,-0.0005525120534969341,-0.5814157755933816
003_S_1074,0.12029758245774169,0.37066477773493967,-0.0005841114441144102,-0.7610463711272669
003_S_1074,-0.07576534860209155,0.4209205167268839,-0.0006906855275934931,-0.6980432827034676
003_S_1074,-1.563992420639114,-1.7837137806487078,0.004120590773242894,2.921783056942401
003_S_1074,-0.6544909932659362,-0.16797260702744954,-0.0010635203468981613,1.0487651693052586
003_S_1122,0.5915471651811797,0.3682526244019187,0.00027366038041781726,-0.5937663848494927
003_S_1122,0.5004791961026045,0.27064102054122763,0.00032884500503282954,-0.4624188662019164
003_S_1122,0.4470370381372666,0.35277897727443425,0.00024597682729832204,-0.44103612189207364
003_S_1122,0.831953722277093,0.2737153407489567,-2.1483747314976487e-05,-0.5408003345935132
003_S_1122,0.13760783049127323,0.2413274050097231,3.437233499342662e-05,-0.6122951828045045
003_S_1122,-0.969567190844469,-0.6241459998815158,-0.0002759530453445569,0.902817585779085
003_S_1122,-0.698535864263836,-0.40518705547816003,-0.000305212995993287,0.7481427593327672
003_S_1122,-0.8405218970811125,-0.4773823126165844,-0.0002802047590895751,0.9993565452296482
003_S_4354,0.19824685086239452,-0.7198919790800107,0.005189698253692476,0.23312894443781348
003_S_4354,0.3250225512645335,-0.6979793144173472,0.004352211959091246,0.5689788023899299
003_S_4354,0.06292798477593153,-0.584644976135025,0.005171368726305969,0.18375730144524696
003_S_4354,0.31086650758297385,-0.6533784693494091,0.0028859181619295127,0.5247578592797786
003_S_4354,0.2782037153264626,-0.7080161686304207,0.00114644789967433,0.25020688448284323
003_S_4354,-0.4811288464535796,0.843672779350811,-0.004659539074522323,-0.22965187532264167
003_S_4354,-0.265719313962912,1.089565776764181,-0.004766335683385081,-0.2296795340421196
003_S_4354,-0.005074142501924117,0.7804822839295091,-0.004696418836741489,-0.6527224280129592
003_S_4354,-0.42334530689388045,0.6501900675677112,-0.004623351406044529,-0.6487759546578915
003_S_6258,0.29098362747211176,0.6909559258694444,-9.148066919462128e-05,0.4078200508821084
003_S_6258,0.1017289725338203,0.2466657227054465,-1.656552607143258e-05,0.053068936912047
003_S_6258,-0.13705281072028963,-0.2560252880355983,0.00011108710118118426,-0.1263116197815852
003_S_6258,-0.25565978928564237,-0.6815963605392925,-3.0409059151859097e-06,-0.3345773680125702
003_S_6268,0.051965989950644054,0.09123807128395889,8.478602815720215e-06,0.3383523816214454
003_S_6268,-0.32450655705942333,-0.32628486838794735,2.8463386914701072e-05,-0.1272421175643716
003_S_6268,0.04376551850094368,0.06927424926130887,-4.742533547053007e-05,-0.30798667587299033
003_S_6268,0.2287750486078357,0.16577254784267936,1.0483345740164296e-05,0.09687641181591661
005_S_0324,0.25410878289765226,-0.059462613684688526,-0.0007592086548656174,-0.180092320606982
005_S_0324,-2.1866870585057097,0.4107476163731135,-0.0007765570855726711,0.02513491843289717
005_S_0324,0.8716538729316547,-0.3186980824191955,-0.00029820838431887653,0.06560139852783098
005_S_0324,1.0609244026764033,-0.0325869202692296,0.001833974124757165,0.08935600364625407
005_S_0448,-0.40073970848988155,-0.06542861894880914,-0.0017604257758762065,0.0047740591559408685
005_S_0448,0.07159651103505305,0.4641386458875296,-0.0022240831832631702,-0.032199038193095
005_S_0448,0.3991461802988813,-0.21429977395173427,0.0029005648699224063,0.04055330725785211
005_S_0448,-0.07000298284405286,-0.1844102529869862,0.0010839440892169705,-0.013128328220698204
005_S_0546,-0.5595099473910158,-0.2775979720101307,-0.0003756386686190605,0.035742176889199895
005_S_0546,0.40041213311854973,0.20412477972846066,-0.0008349766563703898,0.04974794840176511
005_S_0546,-0.20114954662397314,0.10036808509996142,-0.0004012273680714107,-0.05495213583512748
005_S_0546,0.36024736089643916,-0.026894892818291494,0.001611842693060861,-0.030537989455837744
005_S_1224,-0.20520135998944544,-0.0641680517887605,-0.0010866293631447976,-0.0046777636022522495
005_S_1224,0.002948598310407613,0.12726742195145974,-0.0013537549459131104,-0.07414955436436099
005_S_1224,0.012769307942923747,-0.23714114690727983,-0.0007779553579769227,0.12488583912258266
005_S_1224,-0.20102149825125648,0.18555480585076034,0.0010048305585171335,-0.1251484178386587
005_S_1224,0.13233079074412568,0.0479225181917608,0.0011795015366113382,0.0951311295556212
005_S_1224,0.258174161243245,-0.059435547297939983,0.00103400757190647,-0.016041232872932132
005_S_2390,0.22581141122813664,0.04345258503984539,0.0003399216985682241,0.32606285245315814
005_S_2390,0.06708526901160394,-0.28603157057936146,-3.583990193645192e-05,-0.47127508417563635
005_S_2390,0.12979831394773123,0.5912319070926125,0.0006654343257919693,-0.2829197672343413
005_S_2390,-0.009863445619421762,0.14861578879502202,0.0003808691206381165,-0.07441826354158998
005_S_2390,-0.41283154856804916,-0.4972687103481186,-0.001350385243061747,0.50255026249841
005_S_4168,0.5036053045669577,0.026931579710122167,-1.0936083435331145e-05,0.21709847901544177
005_S_4168,0.1817221852650534,0.12815717319575026,-0.00033700372208195217,-0.28272725596376447
005_S_4168,-0.11731053603804564,0.010155972918544753,0.001118587631013912,0.14158698034537398
005_S_4168,0.4258888036617418,0.036982762937596725,-0.0002332110830652323,0.015184176064402921
005_S_4168,-0.9939057574557073,-0.20222748876201346,-0.0005374367424312299,-0.09114237946145387
005_S_4185,0.1440395704225892,-0.006331441491639889,0.00023885380401550416,0.3800856865341127
005_S_4185,-0.013478070654784569,-0.10861989485933354,0.00018205318031261353,-0.12910621398120115
005_S_4185,-0.10677430820157796,0.10283955033259518,-0.0004145314281818191,0.20568778195749338
005_S_4185,0.3238028549670805,0.37547153209372147,0.0010213460135110597,0.1927330098245057
005_S_4185,0.037041359055111966,0.17566277719243317,-0.0011316690773003901,-0.06096767574980988
005_S_4185,-0.14209676049224562,-0.2083569226918187,0.0009166878396834055,-0.43558766352409684
005_S_4185,-0.24253464509617428,-0.3306656005759582,-0.0008127403320401516,-0.15284492506100356
006_S_4363,-0.0002259010156910879,-0.08783044973860576,-0.02419840684402777,-0.15519754474078384
006_S_4363,-0.020885323742399597,-0.019807732573989822,0.022246156522603047,0.21432546853414092
006_S_4363,0.15022543533995436,0.13074745649656783,0.01099114119742789,-0.1194445787053311
006_S_4363,-0.12911421058186345,-0.02310927418397246,-0.009038890876003167,0.06031665491197424
006_S_4679,0.10152285203093625,0.07273542355939289,0.007432046332021602,-0.5262448427532167
006_S_4679,0.1646380587306362,-0.029001057947686926,-0.0341976467203559,-0.23120126610779823
006_S_4679,0.17317265705909424,0.02932971980217136,0.03293404450985765,0.3511060391529117
006_S_4679,-0.4393335678206669,-0.07306408541387754,-0.006168444121523356,0.4063400697081043
006_S_4713,0.49856083283424485,0.04105073239536883,-0.009734935880048798,0.33308167851405646
006_S_4713,0.5249508087108141,-0.02436008223585584,-0.03876821546133648,0.11939654455784732
006_S_4713,0.4120461614171766,0.1275904025662684,0.006878703726728261,0.42562454591509713
006_S_4713,-0.5353048362459633,-0.013732952365303808,-0.0057013832893622746,0.0967361678923011
006_S_4713,-1.0740897198454775,-0.38792740851799756,0.008061856009510537,-0.5757305991084065
006_S_4713,-0.1442292311629963,0.1376062463048422,0.13010263541188585,0.2662691850220644
006_S_4713,0.035522966215080665,-0.11417946025824643,0.1150490653070807,-0.10115130096799341
006_S_4713,0.28254301807712073,0.23395252211092443,-0.2058877258244578,-0.564226221824967
006_S_4960,0.286783838232167,0.16366648928052552,-0.036369289545824496,-0.3405775189288842
006_S_4960,0.17104742784389648,-0.23714729640699306,-0.020674384088551857,-0.04428898317954766
006_S_4960,0.040112024187957784,-0.25031836980845157,0.005762096098310243,-0.08468473401667032
006_S_4960,0.009698414827219004,0.11424376246632928,-0.04394531810463859,0.41962477327717407
006_S_4960,-0.23644978258496963,-0.1358152406452593,-0.052143600943320864,-0.26800326925876283
006_S_4960,-0.2711919225062709,0.34537065511385,0.14737049658402557,0.31792973210669184
006_S_6243,-0.03156526357391798,0.20407698306963695,0.03981660329600936,0.049774306752855546
006_S_6243,-0.05329006220061816,0.081118642451244,0.06926671060628076,-0.11014223847024807
006_S_6243,0.34422517072061487,-0.16001630237879816,0.0944035395687556,0.23090749288635948
006_S_6243,-0.15513979665498479,0.026302094355996397,0.0809980861038229,0.35701963394143643
006_S_6243,-0.10423004829109372,-0.15148141749807942,-0.28448493957486864,-0.5275591951104027
007_S_0101,-0.0958268472835625,0.3739740781374391,-0.0006605341768832207,0.019705570429058517
007_S_0101,-0.16949854829600053,0.15714629926305276,1.9612275357294706e-05,-0.027775733655658996
007_S_0101,-0.20721104089211262,0.20558849355672892,0.00033892937138646495,-0.03653909129553812
007_S_0101,-0.23693573404883594,0.09479544883975596,5.55209641202592e-05,-0.04937764400082645
007_S_0101,-0.4683213693803916,-0.3689015061757826,0.0015311391104126937,0.013771236806201292
007_S_0101,1.243993714658087,-0.3848522447989114,-0.00042776073526140657,0.09054099124320714
007_S_0101,-0.06620017475718387,-0.07775056882228293,-0.0008569068091320298,-0.010325329526442495
007_S_0698,-0.11858379630830529,-0.05235504669482144,0.00016110472225455696,0.13358445113800976
007_S_0698,0.027390592645459177,-0.06192413852088671,0.00023158409773849087,-0.02537283421683134
007_S_0698,0.22952651910872268,0.4075881388817051,0.0006153898262660773,-0.029237903366625684
007_S_0698,0.06488083795117616,0.24354778468595317,-0.0006782903085146841,-0.10335694366790515
007_S_0698,-0.20321415339705284,-0.5368567383519501,-0.0003297883377445521,0.024383230113352417
007_S_2394,0.1169530379164484,-0.46830360715100877,0.0038458913923777316,0.9573466906438305
007_S_2394,0.6518286874307033,-0.7501050114685872,0.0035419495278044555,0.5162615411436701
007_S_2394,0.7900627223409612,-0.8213246927266937,0.0034174107819199273,0.08722091835248491
007_S_2394,-0.09167996806559164,-0.5278075388001702,0.0048904826364296605,0.9412371679884085
007_S_2394,0.4525469503759566,-0.8604818157497081,0.0033945829891489088,0.5185142591830992
007_S_2394,-0.6496834467200651,0.36726645189970747,-0.0024229838542189075,-0.42520816066524614
007_S_2394,-0.6013247545556807,0.037879622676912694,-0.0023413203303499497,-0.46007891797390726
007_S_2394,-0.267578115209427,0.1560787667184344,-0.0021757995724485113,-0.29425498826721497
007_S_2394,-0.5431576998304694,0.19370852864264082,-0.002438091013585275,-0.3375452672386959
007_S_2394,-0.12015886688703548,1.0347285122669736,-0.003233166593783532,-0.21668498397598102
007_S_2394,-0.0060230401593018845,0.6812708751380477,-0.003203464835174974,-0.5961595086639456
007_S_2394,0.2682144933635016,0.9570899085534512,-0.0032754911281195898,-0.6906487505265024
007_S_4272,0.3269582309617317,-0.664027800262144,0.004246611720278792,0.36409834968722476
007_S_4272,0.2853889163397738,-0.5996855625564399,0.004255195530088907,0.5541753871753219
007_S_4272,0.4702215557461463,-0.8069171065010825,0.0039312323752652145,0.3776682177205063
007_S_4272,0.3450862520112128,-0.5662470574037397,0.005355853933739663,-0.09009557379284885
007_S_4272,0.5515156836684113,-0.750712234959608,0.003851515911653336,0.09927289570713829
007_S_4272,-0.2768778297820512,-0.03723075258101716,-0.002298790695996311,0.05668364392011757
007_S_4272,-0.19611689377189193,0.3412308278000302,-0.0025063103317438107,-0.26412893497332657
007_S_4272,-0.5754209518955367,0.29633391597590786,-0.0024890530927153542,-0.2313567426434712
007_S_4272,-0.33165473139503676,0.5267563622587034,-0.002301629233524616,-0.6325596369851499
007_S_4272,0.1184081267467445,-0.09564580033993697,-0.002411434037709881,0.06648194639159952
007_S_4272,-0.16205938637667341,0.2368347116062981,-0.0025190901379695263,-0.4389034142508579
007_S_4272,-0.12801926567424046,0.824346348032392,-0.003471290061227761,0.16616420285322298
007_S_4272,-0.4274297065785901,1.2949641489306363,-0.0036428118801385967,-0.02750034080947686
007_S_4467,0.0007525414203702896,0.0637663979132117,-0.0004752800226573983,-0.021505042866551083
007_S_4467,-0.07171922580877477,-0.03231922277736876,0.00011902636614380402,0.05124207303742745
007_S_4467,-0.2908449748966695,0.0222772288999189,0.00013053538488366767,-0.11195455899368723
007_S_4467,0.3618116592850742,-0.05372440403576184,0.00022571827162998215,0.08221752882281042
009_S_1030,0.8486140796724819,0.4376505046304937,0.00029255178562642703,-0.33720887516264875
009_S_1030,0.667863029392899,0.5880468252352713,0.00035472564314675825,-0.33386521285440796
009_S_1030,1.1998585354499867,0.05271215973306864,0.0004471971497267968,-0.3598975792613045
009_S_1030,0.7303870885378733,0.33429003049217276,0.0003591794918947344,-0.2575669612521513
009_S_1030,-1.0073269298883696,-0.5002220423531676,-0.0002703686482531942,0.46391047877968083
009_S_1030,-0.8616400513182128,-0.42110128331446006,-0.00035732040507541196,0.4598896133237087
009_S_1030,-0.9414797445917655,-0.4803870815716689,-0.00029902612456883526,0.27864193362633416
009_S_1030,-0.6362760072548932,-0.010989112851709892,-0.0005269388924973861,0.08609660280078857
009_S_2208,0.029394387990630655,0.16615975481073536,5.614770569706273e-05,-0.06851986149563805
009_S_2208,-0.006462516117416439,-0.1399524163899334,0.00013517168249999045,0.23894545290196337
009_S_2208,0.09414923541437192,0.15999399057180547,8.232197757657156e-05,0.3136928022962585
009_S_2208,-0.13458833101155154,-0.23958047388323223,-6.257049546409821e-05,-0.10062617939231655
009_S_2208,0.056807658931028904,0.20873603583228695,-0.00020202163572913268,-0.23090002569493628
009_S_2208,-0.039300435207063056,-0.15535689094166216,-9.049234580393861e-06,-0.15259218861533091
009_S_4359,0.02118878452678019,-0.15018632493212836,5.08327375972617e-05,0.11032553403254082
009_S_4359,0.06713702592027415,0.06895708212433377,3.236799496325604e-05,0.1960353412472543
009_S_4359,-0.05370300875333944,0.07190258043257503,-5.5607408103952594e-05,0.022093754283268083
009_S_4359,0.07015449905234683,0.14079213982493194,-5.655790447200992e-06,-0.14195011515855738
009_S_4359,-0.10477730074606129,-0.1314654774497124,-2.1937534009253135e-05,-0.18650451440450583
009_S_5000,-0.04873036422031757,0.2730934414622914,-0.00018918514588284197,0.06863101796032144
009_S_5000,0.036016156134725696,-0.03901501722233158,2.806158586443619e-06,0.02529276003245723
009_S_5000,-0.017750553429285193,-0.11675971611952374,1.1235885905236387e-05,-0.10242287870469469
009_S_5000,0.030464761514877037,-0.11731870812043654,0.00017514310139110645,0.008499100711916063
011_S_0362,0.09073011288020516,0.11902168315673531,-2.984412768602951e-05,0.0016764314509536415
011_S_0362,-0.001285808926791976,0.25275432290324185,-9.164319526894227e-05,-0.05834089754303817
011_S_0362,-0.14348778950809327,-0.11510892439419879,7.331095571605495e-05,-0.0011323098143813937
011_S_0362,0.01811018079079596,-0.1490398473433947,-1.4218040501057239e-06,0.008799760230638887
011_S_0362,0.035933304763884566,-0.10762723432238375,4.959817128880051e-05,0.04899701567582637
011_S_1080,-0.12743311897429588,0.5957173554889592,-7.001432038439281e-05,-0.11375538336207702
011_S_1080,0.09180375375879668,0.4401231218555958,2.4239747670573575e-05,-0.11129701882712939
011_S_1080,-0.1787034522277069,0.1277403567713734,-6.4435905290261e-05,-0.09567194790575084
011_S_1080,-0.2957589834382235,-0.11256029522821136,0.00017322729702567985,-0.18106765308110462
011_S_1080,-0.12399483748059026,-0.24284842824928182,0.0002316446076847667,-0.1213127891732022
011_S_1080,-0.16205707978086337,-0.44132308368862255,0.00024233978000043344,-0.09318469414928976
011_S_1080,0.7961437181428834,-0.3668490269498127,-0.0005370012067070218,0.7162894864985541
011_S_4235,-0.19913402576038186,0.22151555594211714,-0.00018347429649434588,-0.3291962256063679
011_S_4235,-0.028997929398266342,-0.00387911668774224,-0.00015259245074400463,-0.011181914728283837
011_S_4235,-0.3320522683370952,-0.1530846080620828,0.0001376199563304925,0.1313549089940015
011_S_4235,-0.051865462108803384,0.019807602259022977,1.4306598626334655e-05,0.05555526596120791
011_S_4235,0.6120496856045465,-0.08435943345131514,0.00018414019228146783,0.15346796537944232
011_S_4547,0.18479391831760694,0.21497905175229048,-0.00012031795345579521,0.18985528002958948
011_S_4547,0.01948048736465502,0.24523133828453902,-6.772000831728464e-05,0.06223417465252016
011_S_4547,-0.042073444719068376,0.16682252708930656,-0.00015986467920459102,-0.05746932467567072
011_S_4547,0.2188360548684789,0.31906085423728225,-0.00011267278902643563,-0.0497977197443526
011_S_4547,-0.2622350879235351,-0.4418804932953554,-0.00013103838036343518,-0.1066727790668712
011_S_4547,-0.11880192790813782,-0.5042132780680628,0.0005916138103675417,-0.03814963119521512
011_S_4893,0.11317489697498606,-0.18543271818710289,-0.00010533125292477852,-0.02135651152763196
011_S_4893,-0.008399662473574987,-0.18906851763997817,4.120581487021546e-05,-0.4835503396684637
011_S_4893,0.04369389288609693,0.41281578860770685,-0.0001544854347287905,0.2427727156265631
011_S_4893,0.10674686026524399,0.07790299004933415,-9.324550577832769e-05,0.037002596234854024
011_S_4893,-0.15511109601283518,-0.04468437141467135,-5.2158446450678575e-05,0.052522049854691166
011_S_4893,-0.1001048916399167,-0.07153317141528881,0.00036401482501247084,0.1726094894799871
012_S_0634,-0.26993376010088205,-0.032691794184954936,1.3766135617321318e-05,0.14909561638251626
012_S_0634,-0.19767189309044403,-0.07169937399972337,-2.07393018853419e-05,0.22392717656225333
012_S_0634,0.3965838479471686,-0.00600857064461624,-6.838263017905355e-05,-0.23352126794154082
012_S_0634,0.07102180524415741,0.1103997388292941,7.535579644701862e-05,-0.1395015250032288
012_S_1321,-0.41866944564728525,-1.0183949749883077,3.718851695114848,-0.05072460490047703
012_S_1321,-0.010474247696427741,0.4987170737419995,-0.9297091006805961,0.07856052772180427
012_S_1321,0.52507721500699,0.2654452801967555,-0.929919856441729,-0.4385096353891925
012_S_1321,-0.08284875023839283,0.2967400583879676,-0.9297544558642402,0.6227004501252009
012_S_1321,-0.013084771424884345,-0.042507437338414666,-0.9294682821282825,-0.2120267375573357
012_S_4012,0.13206881444074559,0.02398642852361088,-0.038341419233898666,0.2131710407675138
012_S_4012,-0.04552743303186091,-0.006465255694700467,-0.2589318003961858,-0.5801093724002981
012_S_4012,0.2323920476647079,0.1417182674121955,0.13298764483869352,0.11302190987309535
012_S_4012,0.27330822739244176,0.1804256925222869,0.029105707156924954,0.29004974575591014
012_S_4012,-0.5922416564660344,-0.3396651327633935,0.13517986763446643,-0.03613332399622138
012_S_4128,0.053987041798389646,0.17992934089671975,-0.191721787463361,-0.06975383342218389
012_S_4128,0.15265173571919544,0.03327954980258241,-0.1231991778612449,-0.15600806602979134
012_S_4128,-0.46703317743276646,-0.09782172834806269,0.34755858027747744,0.28785234789628955
012_S_4128,-0.13385173159258584,-0.11898731205433744,-0.1537598866126686,0.1766459225428667
012_S_4128,0.39424613150776755,0.0036001497030981877,0.12112227165979705,-0.23873637098718192
012_S_4188,0.03667915428738264,0.433962455664045,0.6306572083588233,0.48738883152438284
012_S_4188,-0.2400660946934899,0.4025549336482944,0.6691411532682907,0.4770322792953734
012_S_4188,-0.025133562339692217,0.5485368116290986,0.5605745040984105,0.5905740237296353
012_S_4188,-0.14767220130418757,0.3733754876098726,0.7775508269694567,0.40381838472544485
012_S_4188,0.09995058924110273,0.26615439782370875,0.8920497401025234,0.34404856859123045
012_S_4188,-0.307578622781732,-0.7915170560842401,-1.764929308633039,-1.3651975904340976
012_S_4188,0.5838207375906164,-1.233067030290779,-1.765044124164466,-0.9376644974319691
013_S_1120,0.0933189158417318,-0.08003093264209382,3.520401685908059e-05,0.019103149585989354
013_S_1120,0.20896662889868778,0.08644518077799357,-3.277092853942731e-05,0.12107467667612015
013_S_1120,-0.22239369138850806,0.2098319609987358,-2.265523610345266e-05,-0.3617465669100204
013_S_1120,-0.07989185335191151,-0.21624620913463555,2.0222147783799382e-05,0.2215687406479111
013_S_1186,-0.03539829858818344,0.4948036054508558,-1.312648471795233,-0.8953361206090835
013_S_1186,-0.0642367743749282,1.0112837898216356,-1.3127231956127114,-0.8946960324757558
013_S_1186,-0.38159658176085487,0.6453288159915003,-1.3126983449959075,-0.7971454632498414
013_S_1186,-0.2628845270956208,0.6161812628901258,-1.3127495201346735,-0.9028566306185115
013_S_1186,-0.0739768500698853,0.9266603581525403,-1.312774078407465,-1.167836466346992
013_S_1186,0.5799757226770564,-0.13865080089085935,2.44414439127051,1.4455547102210906
013_S_1186,0.7098439865656194,0.14827222489396075,2.361770910310985,1.2814162844880144
013_S_1186,0.6639952776887983,-0.1476943776286559,4.3825990343151275,1.8019407983490359
013_S_1186,-1.106056225452118,-2.758989928389198,-1.312148241316606,0.025959558856688547
013_S_1186,-0.029665729589883505,-0.797194950291906,-1.3127724836340264,0.10299936138535512
013_S_1275,0.06526441611195288,0.07163634480691017,-4.460818327522986e-05,0.10024815546763544
013_S_1275,0.21280184354907805,-0.14232899031433655,-1.5612275773291273e-05,-0.007052448525003641
013_S_1275,0.26815200206189405,0.032868118214278264,-3.990316434365759e-05,0.10964250702561662
013_S_1275,-0.546218261722925,0.037824527293148336,0.00010012362339212322,-0.20283821396824842
013_S_2389,0.36366088525150375,0.47554617062082993,1.066117955692437,0.3040544096970481
013_S_2389,0.28535474867789135,0.48845841171419324,1.0946810509791733,0.7040391662830594
013_S_2389,0.7676474956239165,0.4794878457056291,0.9822403277416698,0.6014497022779979
013_S_2389,-1.4166631295533119,-1.4434924280406523,-3.14303933441328,-1.6095432782581054
013_S_4395,1.0936258992229426,0.604288735473584,1.5726049659713346,0.6940730860325646
013_S_4395,0.6462284966795798,0.5139576434717052,1.748042359811016,0.09029608032274883
013_S_4395,0.5856104222336448,0.661232204552715,1.3354275102815913,1.517285015751356
013_S_4395,-1.144112772980551,-1.052126577506169,-2.3278118446548777,-0.890437693324024
013_S_4395,-1.1813520451556165,-0.7273520059918351,-2.3282629914090642,-1.4112164887826457
014_S_0169,0.13871449078730846,-0.002319815237389694,0.00014677059205192577,-0.04157681828870352
014_S_0169,-0.08306310692204177,-0.1484642528300913,-0.00017603438914765013,0.028533524338098415
014_S_0169,0.028894595567393377,-0.12427325918321633,-0.0006777401486687817,-0.03983450835160496
014_S_0169,0.015242010033464037,0.08371284298489129,-0.0006772743635866108,0.012483181757413142
014_S_0169,-0.07556641855859514,-0.11023298065218624,-0.0007122052967445391,-0.006565166903512276
014_S_0169,0.01922053890881159,0.32800773795631105,0.00016095561487577958,0.07354992722685894
014_S_0169,-0.04344210981634178,-0.026430273038318797,0.0019355279912199874,-0.02659013977855018
014_S_0557,-0.0560357989631185,0.0604310885378645,-0.00016469251537709617,0.031506610392616485
014_S_0557,0.018656425321544323,-0.07188283921555366,-0.0003838058759279561,0.001290991739861802
014_S_0557,-0.09847923586442142,0.131074393292393,-0.0005576274349819998,-0.01624990656573111
014_S_0557,0.13585860950599543,-0.11962264261470373,0.0011061258262869966,-0.016547695566747178
014_S_0563,0.5798081552755678,0.13372597797154046,-0.00040475021660302257,-0.17144927940041388
014_S_0563,-0.23889593067196552,-0.2236349915804836,7.166537829278452e-05,0.0938401476659807
014_S_0563,-0.7607701136980771,-0.21106099987296356,-0.00013851552150456747,0.04556849615970915
014_S_0563,0.26282379966139696,0.24735091496377876,-0.000719023862514323,-0.0882916051275251
014_S_0563,0.15703408943307784,0.05361909851812818,0.0011906242223291286,0.12033224070224935
014_S_2185,0.04909768960305527,0.006086837687255486,-1.5977681222245632e-05,0.01321774892308214
014_S_2185,-0.06310846620648247,-0.04564368751141468,0.00010420351747136847,-0.19635421042902762
014_S_2185,-0.02660951437062531,-0.1340219026698931,3.579826133975894e-05,-0.11155368131909121
014_S_2185,0.04062029097405273,0.1735787524940522,-0.00012402409758877075,0.29469014282503664
014_S_4328,0.1613548715762032,-0.02518704499042143,1.515390984169196e-05,0.22745988089453062
014_S_4328,-0.20588836533712818,-0.11450341138419698,-6.730616547800938e-05,0.037673827496563575
014_S_4328,0.6566327062418064,0.13288581512991116,-7.585568014178978e-05,0.10248132096454447
014_S_4328,-0.6120992124808814,0.006804641244707255,0.0001280079357781072,-0.3676150293556386
016_S_0702,0.03676302798136111,0.024098010348690968,-1.035045204822449e-06,0.0018759360889770704
016_S_0702,-0.14023123675115967,0.6290156362895112,-2.9280881497395495e-05,-0.2342952129030882
016_S_0702,0.12272334107771471,-0.03031438360251193,2.694478260290012e-06,0.05797072578556195
016_S_0702,0.09773337194200488,-0.00798919456565872,-9.11916785417688e-07,0.15640842973500257
016_S_0702,0.07940326208651782,0.11337756107469699,-4.733820958480184e-05,0.034912347064083527
016_S_0702,-0.19639176633643873,-0.728187629544728,7.587157481203644e-05,-0.016872225770537153
016_S_0769,-0.30203774657106003,-0.7412901257254808,0.0004720650050010211,-0.08934004322859623
016_S_0769,0.8727543749906954,0.4794417022146724,-0.00027424828177041727,0.2173819014805336
016_S_0769,-0.41195238666760636,-0.4828944628232116,0.00015970933234588092,-0.14843712653865238
016_S_0769,0.10617786184524147,0.5372046834599626,-0.0001789306711111327,-0.018052916506412497
016_S_0769,-0.26494210359727044,0.20753820287405778,-0.00017859538446546308,0.03844818479312728
016_S_1117,0.5099120123987797,0.07601253202032088,-0.00011725200995460483,0.33468291016603957
016_S_1117,-0.5792874364256784,-0.9450755868011946,0.0002273386435946989,-0.1137665025142407
016_S_1117,-0.46715914276209614,0.646337816010105,-5.849449930506179e-05,-0.38636634432309114
016_S_1117,0.6087949219131032,-0.1912100974692328,-3.298863884521053e-05,0.29321942931212885
016_S_1117,0.5226204249201098,-0.255900096695187,-2.470778587226885e-05,0.3408767531241136
016_S_1117,-0.5948807800442183,0.6698354329351879,6.10429038261362e-06,-0.4686462457649503
016_S_2007,-0.0049782007152817664,-0.023582391661560287,-0.0004480942896278872,-0.023946493428095073
016_S_2007,-0.22127243868959923,0.04589201523888198,-0.00012494242628907637,-0.2883057856252944
016_S_2007,0.25812932961389934,-0.26036482379452686,0.000191098058393957,-0.07537093531552908
016_S_2007,-0.031878690209018457,0.23805520021720517,0.0003819386575230621,0.38762321436891867
016_S_2031,0.11364325416167365,-0.039362604651272726,-0.00022753345771397981,0.24455373364574837
016_S_2031,-0.16663955684852394,-0.058058551473673115,0.0008024812682044802,0.49711951018195144
016_S_2031,0.2779318781644684,-0.08236069846633143,-0.001008739550088067,0.048941094139341
016_S_2031,-0.025878655920026417,-0.026298261787393473,0.0003841056390910813,0.366024165209349
016_S_2031,-0.19905691955759142,0.2060801163786714,4.9686100506485253e-05,-1.15663850317639
016_S_4646,-0.43288987678789104,0.007215790178585868,0.0010436659629688427,0.13211172668224913
016_S_4646,-0.36639673805712625,-0.03938474879228182,-0.003022806823670565,0.05930654830859905
016_S_4646,-0.3585926328067375,0.21893041160415128,0.001070519553893312,-0.11312200330186828
016_S_4646,1.1578792476517543,-0.18676145299045532,0.0009086213068084104,-0.07829627168898035
016_S_5007,-0.04008987085355059,0.039067788009181426,-0.00020047763351960235,-0.12797294172639861
016_S_5007,-0.08345505445356921,0.2412293042931135,7.950990659866264e-05,-0.05378994893765432
016_S_5007,-0.09417659635724629,-0.12090351082163742,-0.000509961750969623,0.14487804918179537
016_S_5007,0.21772152166436606,-0.1593935814806573,0.0006309294778906738,0.03688484148225735
018_S_0142,0.011555935170037945,0.21173620305290652,1.019323765600345,0.8979123583913883
018_S_0142,0.13729599343666032,0.3402243548145648,0.7592717641093436,1.0220335732809613
018_S_0142,0.1718325168171878,0.4104794047842125,1.1495228418626333,0.786826074419185
018_S_0142,0.3142887462828528,0.5474099254230372,1.0507049730517013,0.9978351106355176
018_S_0142,-0.3446293651313641,-0.6536479471816788,-1.9894166845623902,-1.8032167354825859
018_S_0142,-0.2903438265753747,-0.8562019408930421,-1.9894066600616327,-1.9013903812444668
018_S_0155,0.294403174174388,0.13744125849436806,0.2997572229956953,0.37636329610201336
018_S_0155,0.23423740572194512,0.1400495057334874,0.6530647279389254,0.13354619283839858
018_S_0155,0.12413881945534341,0.2804342402415716,0.400571900268911,0.8043287606092602
018_S_0155,0.28937489222445056,-0.09936454330915168,0.592572621065141,0.051453257341406204
018_S_0155,-0.9421542915761271,-0.4585604611602754,-1.945966472268672,-1.3656915068910784
018_S_2133,0.3413456950132423,0.14911091973236767,0.80178113623113,0.3065284368686241
018_S_2133,-0.044396479062339234,0.1659714019513956,0.737350353846828,0.6693033929967145
018_S_2133,-0.10378891765738518,0.15904834810996737,0.8300544306525479,-0.14944928267902657
018_S_2133,0.3667781428813044,0.01860553382117902,0.4401853265397957,0.18370951862488782
018_S_2133,0.05198173876657308,0.14219563522287548,1.098459137083947,-0.04548540969767645
018_S_2133,0.30210468533828627,0.17366639614753,0.18341169733770757,0.25341560757287507
018_S_2133,-0.1575233736463726,-0.49747874194023045,-1.2175251307288895,-0.2803858961663823
018_S_2133,-0.7565014916333099,-0.311119493045084,-2.873716950963066,-0.9376363675200164
018_S_2155,0.2323258186441195,0.01423926228250405,1.5536918976815801,0.2133368578645003
018_S_2155,0.32181789820553564,-0.10628581985901508,1.4703314837751653,-0.008820795705899442
018_S_2155,-0.18740960765768916,-0.10897809424786598,1.4827341558083862,0.4233319986471722
018_S_2155,-0.8864746006391204,0.12195683405695434,1.467502705328697,0.2504192780158361
018_S_2155,-0.13193900220064464,-0.14800780482612752,1.38223805823642,0.5359452253178585
018_S_2155,-0.1867428657865018,0.08845865164195121,1.306814163027709,0.354803829201896
018_S_2155,0.9404137492383474,0.2550420477130051,-0.48484869421033827,0.5575560573917331
018_S_2155,0.015704257279526068,0.32749271792637247,-1.3772886980153842,-0.08439782383337757
018_S_2155,0.12778845425850593,0.10695017431211506,-1.7447587360278658,-0.3523522479161656
018_S_2155,0.159909487247046,-0.2160345067660736,-1.6354252214431972,-0.8386281405544205
018_S_2155,-0.622502775291734,-0.233246529790744,-1.7254073084025594,-0.992362898878389
018_S_2155,0.21710918670261026,-0.1015869324430736,-1.6955838057586143,-0.05883133955074582
018_S_2180,0.43036746911626955,-0.07871065277549016,0.983129253358884,0.015147966707306892
018_S_2180,0.8803144159728107,-0.26893589100399373,1.1033173197292312,-0.018217079676090986
018_S_2180,0.17244570889631983,-0.04280140629416307,0.876127126360521,0.16612586288124698
018_S_2180,-0.02528735259519399,0.030082399326319287,0.971102919949375,0.07103632783055502
018_S_2180,0.39485729093972366,0.007118696614091702,1.0994500881820386,-0.1611337825156336
018_S_2180,-0.21933443521606466,-0.029508213691676,0.846560998078822,0.2096422940004481
018_S_2180,-0.5398583687079985,-0.00618648089429108,2.170631769130548,-0.4200876084286609
018_S_2180,0.36663238902158857,0.22068533445933203,-1.1050707293113395,0.4564821730351438
018_S_2180,-0.8260171259367172,0.013845089887133177,-2.033587268025051,-0.557569844419119
018_S_2180,-0.31239103877967633,0.012420602564764183,-2.463697939170366,0.15791365773640598
018_S_2180,-0.32172895271106094,0.1419905218079751,-2.447963538282664,0.08066003284839773
018_S_4809,-0.025038349498244683,0.25583575848388507,-0.5853368092610736,0.22350575903344327
018_S_4809,0.2836097168776506,0.06773210060880586,-0.2257981832122975,-0.25455040575216786
018_S_4809,0.03529196258302836,0.07853680476421232,-0.41754935326339204,0.0207808686070442
018_S_4809,0.01982889316985581,-0.06293353066018004,-0.3150194171185734,0.09683348362958055
018_S_4809,-0.3136922231322894,-0.3391711331967223,1.5437037628553378,-0.08656970551790016
018_S_4868,0.35899748086834204,0.14260758563376053,0.2861111080510619,-0.029045442911707076
018_S_4868,0.28856827206997604,0.04715788123136977,0.32068354628113527,-0.03706318369196859
018_S_4868,0.3989747791856293,0.14692885766181552,0.2948490066416114,0.01750516701314575
018_S_4868,0.11190133072773123,0.11574805275499656,0.40978926234248547,0.025015055297233135
018_S_4868,-0.2519673758987768,-0.2539231934598103,1.890532821204531,0.3268867603954324
018_S_4868,-0.5217468605988145,-0.10576203642454574,-1.5930613467324755,0.022768890378806583
018_S_4868,-0.3847276263540864,-0.09275714739758478,-1.608904397788347,-0.3260672464809422
018_S_4889,0.013988224299016472,-0.22475212042383585,0.13256920458927057,-0.1678327323675044
018_S_4889,0.1409287203110411,-0.06538010148711715,0.17095252419827967,-0.2665543988453489
018_S_4889,-0.02069696790388409,0.08360326662212425,0.0040551996084476905,0.19030976858065807
018_S_4889,-0.13421997670617347,0.20652895528882897,-0.30757692839599704,0.24407736263219482
018_S_6414,0.40301352253376743,0.31098716638250945,0.8581429644441628,0.18461764017272486
018_S_6414,0.004289788473376244,0.16883104862997822,-0.2714197800435023,0.3352839024641463
018_S_6414,0.29914290001934063,-0.13656969795275553,-0.29929213295524637,-0.09548676910717946
018_S_6414,-0.7064462110264844,-0.34324851705973225,-0.28743105144541414,-0.4244147735296915
019_S_4285,-0.1690669407463008,0.0005943827017667047,0.08338038802855552,-0.23144959460215342
019_S_4285,-0.08548381692159368,0.04737739749571901,-0.046791720653210245,0.25539243617016993
019_S_4285,0.10084105429172086,0.011979270724105762,0.008334240197763076,0.17002776345855553
019_S_4285,0.15370970337617385,-0.0599510509215917,-0.044922907573108795,-0.19397060502657204
019_S_6483,0.1900903921036119,0.21519659172124417,0.6709541328721489,0.3143881701914264
019_S_6483,0.5817022128713429,0.4710497775567337,0.7845124006965365,0.8632054642495399
019_S_6483,0.20476072911816234,0.18548772563452443,0.5559068118515875,0.49849141725223944
019_S_6483,0.12315918430895567,0.04965618380936809,0.7154971296233794,-0.13121553780169082
019_S_6483,-0.03575166002079655,0.2477854971123834,-1.3632531872895204,0.5032270398586847
019_S_6483,-1.063960858381276,-1.1691757758342527,-1.363617287754132,-2.0480965537502005
019_S_6635,-0.6201827269239633,-0.12666641698088443,-0.08977712831612461,0.0729781145935684
019_S_6635,-0.24778798932486268,-0.02651559006885873,0.3526393126980705,0.4940786981003775
019_S_6635,-0.13114091940429096,0.04256376252092253,-0.15968655580914937,0.23917959604566486
019_S_6635,0.3206853021594729,-0.03774642385168181,0.015259585313697643,0.008852011652604741
019_S_6635,0.6784263334936445,0.1483646683805031,-0.11843521388649303,-0.8150884203922137
021_S_0178,0.347068751726721,1.8629876943292665,-0.006443719272692883,-1.6033754587342335
021_S_0178,-0.00686434190624996,-0.7099189693798583,0.0024060577500597535,0.5870144880324183
021_S_0178,-0.5823951187753937,-0.548339999906201,0.0015456218117377296,0.7276633432764027
021_S_0178,0.24219070895492267,-0.6047287250432071,0.002492039710895455,0.2886976274254126
021_S_0231,0.13364319207157527,-0.07242630948290962,-3.5032148059666035e-06,-0.03004239219237148
021_S_0231,-0.28649993957701303,0.03430659203161168,-7.4336940713015665e-06,-0.007990486763733373
021_S_0231,0.08627125771806354,-0.0769000396705064,2.8394219304117563e-06,-0.026043361616500116
021_S_0231,-0.10962838961821375,0.09423877423317273,4.0358410301366554e-05,0.06115135548265005
021_S_0231,0.17621387940558786,0.020780982888631616,-3.226092335445463e-05,0.0029248850899550316
021_S_0273,0.049290896076876756,-0.125994616172886,-0.0001537153416396042,-0.10968858906315204
021_S_0273,0.02111891018026446,-0.14419235087672622,-0.0003639908724568097,0.06622042710264087
021_S_0273,-0.07648544746164698,0.08497855814117161,-0.000223985998238585,0.09721084788331713
021_S_0273,0.006075641204505988,0.1852084089084406,0.0007416922123348879,-0.0537426859228054
021_S_0276,0.21493536714066508,-0.27801649497327907,-0.0004806516350710499,0.18840241103399558
021_S_0276,0.24139186601572016,-0.2083467501691354,-0.00043263292723855207,0.007810435559538531
021_S_0276,0.1457484249428096,0.3648109047483974,0.00015796516374688707,0.03767771234264916
021_S_0276,-0.602075658099195,0.12155234039401752,0.0007553193985627149,-0.2338905589361835
021_S_0424,0.27511896325273977,0.12482298848553075,-0.0007626905261020056,-0.0043441783257085476
021_S_0424,-0.09803474128363021,0.07119173624947406,-0.0008570579941537537,-0.08238986421830685
021_S_0424,0.09482047094770385,-0.12301836844957592,-0.000643314722879651,0.17825360606309204
021_S_0424,-0.07933774701225182,-0.1415178068465518,0.001365375582743411,-0.12611483417906677
021_S_0424,-0.19256694590456247,0.06852145056112313,0.0008976876603919992,0.034595270659989796
021_S_0626,-0.20854582053705428,0.09125830270282143,-0.001916214770100344,-0.24760551249167062
021_S_0626,-0.18745349435807857,0.44550610309687555,-0.001979704028276852,-0.12984274693053344
021_S_0626,-0.10601674515875703,0.37535730487988794,-0.0019503823660180775,-0.20530170354231525
021_S_0626,-0.5479375914555684,0.4099451496423899,-0.0019355395445991852,-0.37114434550004505
021_S_0626,0.2127841418799734,0.38908233513940693,-0.001966801978033783,-0.05236090539116023
021_S_0626,-0.3271986596543939,0.4134000285634427,3.2224662870339316e-06,-0.32875821306901554
021_S_0626,-0.150483337949614,0.3858804550680234,-0.00016558551578516045,-0.24635498179869442
021_S_0626,1.3148515072334939,-2.510429679092848,0.00991100573652648,1.5813684087234345
021_S_2077,-0.31217160565951607,0.03474548386233134,0.0006155479180467438,0.3414203405769766
021_S_2077,-0.4681078136365242,-0.1527813893912704,0.00029384411567234814,0.24198352688854435
021_S_2077,-0.38374298158434605,-0.040428171229742516,-0.0007466073406279805,0.016468840512742944
021_S_2077,1.5294848498817912,0.26529240059162573,-0.0005803696274608305,-0.2872182370440724
021_S_2077,-0.36546244900140445,-0.10682832383294505,0.0004175849343696081,-0.31265447093419146
021_S_2100,-0.008244484140617292,0.024063993790393035,0.00029159797029371104,0.1859744622339521
021_S_2100,0.250449849993565,-0.03173565525823796,0.0002314193238089901,-0.03980634110437942
021_S_2100,0.13534893582567764,-0.050556344997654934,2.655721796923638e-05,-0.21919402983014602
021_S_2100,0.2047661887076846,-0.18063622962426695,-9.741157992437799e-05,0.2102198163607496
021_S_2100,-0.2336526248885391,-0.07145456666123029,-0.00027304675279210544,0.17278542422989673
021_S_2100,-0.3486678654977706,0.31031880275099777,-0.0001791161793554541,-0.3099793318900729
021_S_4245,-0.34792944341584153,0.04470162006134615,-6.732209945498058e-05,0.1435310603760478
021_S_4245,-0.3602729873697198,0.17752744612973875,-7.138484596097561e-05,0.3369721127988339
021_S_4245,-0.2981223641480629,0.09434139329744345,-0.0004496982411944517,-0.30740612865973316
021_S_4245,-0.2586187902139321,0.28967936523086324,-0.0006945510426145662,-0.1772324730619661
021_S_4245,1.2649435851475563,-0.6062498247193917,0.0012829562292250296,0.004135428546817588
021_S_4419,-0.5102242421238694,-0.041921994962693,0.0025639798237732103,0.017302364264901504
021_S_4419,-0.03307997209095448,0.08014247817094788,0.0009713879102392631,-0.23084963447606882
021_S_4419,0.531860545004099,0.051422988553218696,0.00022221053654680745,0.30731679565664083
021_S_4419,-0.09936056480193556,0.06374307289811765,0.0006751690374761088,-0.2891005451448387
021_S_4419,0.11080423401266049,-0.15338654465959078,-0.004432747308035279,0.19533101969936528
021_S_4659,-0.26438226048892793,0.43493881218895525,0.0004956006993812601,0.26787641975038634
021_S_4659,0.30759986718447746,0.11790609295873766,-0.001305110277959598,-0.3093609085049842
021_S_4659,-0.12054013522147611,0.04933917234404461,-0.0011742085540914493,0.10327931040271432
021_S_4659,-0.09485268252588475,-0.15980931971676338,0.0005882986128872836,-0.3552898940313149
021_S_4659,-0.7474057524940771,-0.08536175940335933,0.0010305656756429693,-0.046993528944020646
021_S_4659,0.9195809635458885,-0.3570129983716144,0.0003648538441395899,0.3404886013272189
022_S_1097,-0.40276166746942427,0.0715118011813971,0.00013091619366845109,0.057138077620797145
022_S_1097,0.7637632076630907,0.2471061193012254,-6.784245705732106e-05,-0.08183509816041301
022_S_1097,-0.26299861151821335,-0.16293685300032523,-5.6926184227978904e-05,0.017535066883429762
022_S_1097,-0.0980029286754529,-0.15568106748229726,-6.147552383095611e-06,0.007161953656185993
022_S_1351,-0.06915408386830024,-0.034760642456102664,0.0001756257392458438,-0.05959677180004075
022_S_1351,-0.20878484976570433,0.039750198471550036,-0.00012262784784478065,-0.11000142618155995
022_S_1351,0.9216601180252026,0.09713003014565036,-2.8195228841620956e-05,0.18542310190759836
022_S_1351,-0.5691585791611609,-0.23811077984186424,3.229639770341297e-06,0.02680803219255834
022_S_1351,-0.074562605230037,0.1359911936807665,-2.8032302329783487e-05,-0.04263293611855601
022_S_2087,-1.3907295039661653,0.15701001415280189,3.4797388447638244e-05,-0.3304101010949423
022_S_2087,1.4798422008513685,0.0768389883072236,-0.00015767444113806706,0.39375777902961756
022_S_2087,0.44708071275360206,0.06735748202511657,-9.626225032088875e-07,-0.038983496044082966
022_S_2087,0.23923665945436157,-0.35979432621615176,0.0001625246002734948,-0.2538284892468876
022_S_2087,-0.7754300690931667,0.058587841731009706,-3.868492507991261e-05,0.2294643073562951
022_S_2167,0.09527832052440333,0.23529538488391485,-0.00011744313906536519,-0.16166381505837227
022_S_2167,0.09565276437194059,0.16411054414012022,-9.258652798060929e-05,0.07627756202537947
022_S_2167,-0.11601963709394436,-0.0481908671950379,-9.633265855096829e-05,0.23430268645730815
022_S_2167,0.1273713836158532,-0.07275539808049425,2.6176826818935517e-06,-0.06222720222221875
022_S_2167,-0.13093792346648714,-0.34322534226698626,0.00043019924931753106,-0.03914663644307678
022_S_2167,-0.07134490795176507,0.06476567851848358,-0.00012645460640242634,-0.04754259475901976
022_S_2263,0.012567639105342643,0.07524331051934258,5.7227353153666005e-05,0.156089275399307
022_S_2263,0.11327715928642113,0.18536950148043976,-0.00011649986968115256,0.26111490683420135
022_S_2263,-0.28819190836678266,-0.16424097178660774,2.72006259234292e-05,-0.1699565751069733
022_S_2263,0.1730203555098464,-0.0006391731665094658,0.0002334933994871391,0.0029553998078541283
022_S_2263,-0.16277992943360142,-0.15978111866638428,-4.145953453377205e-05,0.06565334643878151
022_S_2263,-0.057119737467485665,-0.34660592054545775,0.00019339313631888677,-0.2873622231440551
022_S_2263,-0.0031023067538783478,-0.10911552184107842,-0.00017239142633868054,-0.10649054036273137
022_S_2263,0.05332179501479506,0.03890851415508989,4.942447035788389e-05,0.35047507358423696
022_S_2263,0.15900693310534297,0.4808613798511656,-0.00023038815468723328,-0.27247866345062116
022_S_4444,0.2007549694901514,0.098691963446782,2.1820478483980388e-05,-0.3535863140558993
022_S_4444,-0.4343332935649783,0.017618903657691254,6.258048593166254e-06,0.08905958081119905
022_S_4444,-0.6091076052040915,0.0866501347774305,-1.693991557122354e-05,-0.1219698770053218
022_S_4444,0.3509379460223606,-0.25536838244621507,2.098756828217141e-05,0.2831014872923881
022_S_4444,0.4917479832565578,0.05240738056431127,-3.2126179788039e-05,0.10339512295763392
022_S_4805,0.2886657797388871,0.20073081652250258,-9.371261746360382e-05,-0.027154545298521904
022_S_4805,0.055003999538688175,-0.09123406208717955,0.00011139289547501541,0.11611243719854869
022_S_4805,-0.06473890962202095,-0.03048296401027739,-0.00011209186789895575,0.13182557726255806
022_S_4805,-0.2789308696555543,-0.07901379042504542,9.441158988759968e-05,-0.22078346916258496
022_S_5004,0.3373330101059073,0.3087239584797519,-0.00044741228789668686,-0.42041668211852323
022_S_5004,-0.11204748333928527,-0.47466226394292743,1.2318669167621366e-05,0.29189454530180736
022_S_5004,-0.05334597679669373,-0.2768947501429998,0.000312802325172834,0.35709424675113666
022_S_5004,-0.1579934569032857,-0.1270392329525203,-1.754857089208972e-05,0.27093057669959064
022_S_5004,0.05851420902450588,0.53412577252407,-0.0002492280071720865,0.398033816599079
022_S_5004,-0.03434232158153838,0.3709836186218161,-8.122542057109605e-05,-0.4348759499382556
022_S_5004,-0.08411387152058025,0.21963189051692328,0.00011634813140121159,-0.30343100599052164
022_S_5004,-0.26681273535431127,-0.39281155248681543,-8.798984830082901e-06,-0.3673385270532029
022_S_5004,0.29219715563331483,0.05493130323122025,-7.151920628650776e-05,-0.36517766027812126
022_S_5004,0.020611470731966675,-0.2169887438485186,0.00043426335190660525,0.5732866400270108
022_S_6716,-0.247073849817255,0.1441831607968819,-0.00036922034180686403,-0.1122059532279106
022_S_6716,-0.32035145245987484,-0.051987976886520126,-0.0003027783599700018,-0.21005461581607687
022_S_6716,-0.33772504223107414,0.14770614509336977,-0.0002189593517596955,0.26448927391424815
022_S_6716,0.9051503445082042,-0.2399013290037314,0.0008909580535365613,0.05777129512973955
023_S_0126,0.3113219453410052,0.21917625170897614,7.850574527507037e-05,0.18955692627979848
023_S_0126,0.8141466125999745,-0.09266875418903786,8.154258539744275e-05,0.35459272189692026
023_S_0126,0.6995325258300965,0.3936136018334948,-8.05019249416894e-06,0.20737746964974224
023_S_0126,-0.8889512564324028,-0.07398820803288908,-6.377783997085773e-05,-0.19265870228689042
023_S_0126,-0.11209341228612929,-0.14250037068035648,-2.8700685673177517e-05,-0.15670188975714083
023_S_0126,-0.14855078724793283,-0.09647756443512279,-4.69335184350439e-05,-0.22005027343064887
023_S_0126,-0.6754056278046114,-0.20715495620506452,-1.2586094099487077e-05,-0.18211625235178097
023_S_0331,-0.9889428645895089,-0.6865439212010379,0.0010370533870719956,-0.2347547942956063
023_S_0331,1.7436409908083754,0.49524111652568537,-0.00011512526868007189,0.37943303607739154
023_S_0331,1.6181967583001708,0.6198887552049892,-0.00019548420125126142,0.1155130670987441
023_S_0331,1.6451310132552601,0.5420318697611488,-0.0002110125325295309,0.365324754066495
023_S_0331,-0.817239194085045,-0.07507951784423084,-0.00017709473105881335,-0.204166294665022
023_S_0331,-1.3194850608609765,-0.5500209860925508,-3.309943476931254e-05,-0.10943799745919214
023_S_0331,-0.8969952296483814,-0.13582118776577806,-0.00018577287708815282,-0.1390912055866016
023_S_0331,-0.9843064131798949,-0.20969612858822567,-0.00011946434169468612,-0.17282056523620892
023_S_0376,0.7874117178560399,0.6759453570312377,-6.598006847030602e-05,0.21547787265199592
023_S_0376,0.14210738689330266,0.43539036024556443,-1.9594163364722306e-05,0.1433910765691757
023_S_0376,-0.4073992905909435,-0.29705467720288403,-5.9894792731884916e-05,-0.13693383665591097
023_S_0376,-0.437629709724792,-0.5499978201154797,9.077832867276925e-05,-0.12264255851468087
023_S_0376,-0.08449010443360708,-0.2642832199584383,5.469069589408848e-05,-0.09929255405057957
023_S_1046,0.8029208926027946,-1.0085604097030008,0.0009141486511933805,-0.009194120026600583
023_S_1046,0.5676854907149305,0.9337589121419911,-0.000249184378074474,0.3009569188929375
023_S_1046,-0.1535467796255532,-0.05869127917098277,-0.00011611812931067167,0.009118919332932185
023_S_1046,-0.14336472916035303,0.019198323230866732,-0.00014786246359821398,0.021453825200269394
023_S_1046,-0.39675032643052766,0.1106283740829147,-0.0001914887394920961,-0.12125065152818526
023_S_1046,-0.4379106758004305,-0.04310538303248401,-0.00011948593233535032,-0.10991994639942004
023_S_1046,-0.23903387230086037,0.04677146245069497,-9.000900838251891e-05,-0.09116494547193188
023_S_4115,-0.22825010907527687,-0.1711693252161207,-1.546550925229928e-05,-0.1427815122873028
023_S_4115,-0.2769714019776188,-0.20317452512081086,2.3811473869816968e-05,-0.3568007451194622
023_S_4115,-0.32347702546448676,-0.32886964068553165,7.866965585973107e-05,-0.1634729689435957
023_S_4115,-0.20623351638703702,-0.4313890094189807,2.3031922591953968e-05,-0.1745650706615329
023_S_4115,-0.2716951706696895,-0.473931976041329,-9.243226860888853e-05,0.35455442909750623
023_S_4115,0.31796670375658265,0.4382649106871797,2.2126393154742185e-05,0.09602809323547681
023_S_4115,0.19176249638688914,0.2530982340253408,3.724249480857589e-05,-0.16972826840065808
023_S_4115,0.18232026229878784,0.5964091971260457,-1.6831713893161737e-05,0.3054759002754933
023_S_4115,0.3170792264813289,0.14874117212688548,0.0001601369407394082,0.06091526733242317
023_S_4115,0.2974985346505209,0.17202096251732124,-0.00022028938926987873,0.19037487547165208
023_S_4122,0.017376865524912244,-0.0500335129839129,8.159434397492227e-05,-0.09558482792997414
023_S_4122,-0.07786516972758939,-0.08418507667707686,-3.834177708272879e-06,0.1698460654782193
023_S_4122,0.015978622651437235,-0.038722895838695925,-2.7321537878377544e-05,-0.09300910826842862
023_S_4122,0.0445096815512398,0.17294148549968574,-5.043862838821633e-05,0.018747870720183413
023_S_6334,-0.27889379064333003,-0.22707976497659532,0.00014209900071038284,-0.2627824527562399
023_S_6334,-0.6915603924128615,0.16655546877504457,4.591261243258593e-05,-0.06699440097128698
023_S_6334,-0.6643282958509155,0.30075435794749805,0.00019552690804386375,0.31844946323172507
023_S_6334,-0.42960189569388896,0.11731794559597797,-0.0002642243902676866,0.1308252118197236
023_S_6334,2.064384374600996,-0.3575480073419253,-0.00011931413091903487,-0.11949782132392175
024_S_2239,-0.44121781915372343,-0.10504805218499402,0.0001091000929746011,-0.12333789207864226
024_S_2239,-0.04740116415587657,0.05708465945543928,-0.00012378576597504853,0.2066466820173111
024_S_2239,-0.24282053560157146,0.038541733543704215,-0.00024386329309444843,0.1443711654789563
024_S_2239,-0.5193173312623419,-0.28344192340007046,-5.274440211877618e-05,0.07031387595357255
024_S_2239,-0.5391195144403814,-0.010117199377168207,-0.00015619330353683347,-0.3437674190220965
024_S_2239,-0.058440706150800936,0.0030889307236128816,-0.0001358629639016673,-0.3116282300464258
024_S_2239,1.6763583954327026,-0.5082934199119711,6.342691765831576e-05,-0.1316908466680297
024_S_2239,0.3246755733519775,0.49464989889382993,-9.588641875418746e-05,0.11167697225277481
024_S_2239,-0.3369755245833625,0.0385537533335053,0.0004363651137365143,0.15652541844815715
024_S_2239,0.18425862656337805,0.27498161892411255,0.00019944402301141917,0.22089027366442238
024_S_4169,-0.2781182097551767,-0.19847551395004748,0.00018265422158680877,-0.11754147110281032
024_S_4169,0.1515971782058262,0.33804154904370753,-8.818037143198953e-06,0.2042805213342801
024_S_4169,-0.386235468987333,-0.414908512566471,0.00021343897964493097,-0.1363536680246178
024_S_4169,0.6265290545769796,0.47690716204280414,0.0001678483485204607,0.14836389215040047
024_S_4169,-0.40025569488031804,-0.44096993262712914,0.0001424144194276944,-0.03289267828059239
024_S_4169,0.28648314084002197,0.23940524805713626,-0.0006975379320364739,-0.06585659607666006
024_S_4392,-0.013088525942602125,-0.14699987486018085,8.03119118619744e-05,-0.046939842935027926
024_S_4392,0.03266443013336784,0.13377884855156608,-5.369141001232425e-05,0.3845367793599667
024_S_4392,-0.08280513231779496,-0.11000974065639735,9.59846463427505e-06,-0.051321860011154546
024_S_4392,0.0632292281270288,0.12323076696501206,-3.6218966483814174e-05,-0.28627507641378425
024_S_4674,-0.43271680989987915,0.37287272801182075,-0.00016134161917163992,-0.06928643990903777
024_S_4674,-0.5493827783995663,0.05665594686040909,-0.00010572393235047661,-0.09422274465402036
024_S_4674,-0.7246771789359326,-0.14462314509483587,-0.0001161179166330184,-0.18321519229518063
024_S_4674,-0.8233257460692264,-0.4853603745677275,9.933028526898369e-05,-0.09113869118986884
024_S_4674,-0.8038473585466955,0.10533313274284373,0.00018785853788733098,-0.408235533685305
024_S_4674,0.5315582433325713,-0.8449173288005176,-0.0006036217022908907,-0.09004652736424823
024_S_4674,1.9417331756992904,-0.2562175069594337,0.00035444244532550906,0.42655570156589184
024_S_4674,0.9822228322333825,0.21167705351561478,9.535961484358202e-05,-0.008474408104144182
024_S_4674,-0.08221065861314503,0.5842561779306926,0.00014460390739023943,0.37673364264170006
024_S_4674,-0.039353720800799796,0.4003233163611335,0.00010521037973065805,0.14133019299421304
024_S_6033,-0.36553083665969643,-0.47521891107169223,-0.0005279412271095296,-0.18790465854456367
024_S_6033,-0.24132710688461845,-0.6193101851779492,0.0001575931989826751,0.19734208781665308
024_S_6033,0.18882143650970606,0.5858046335901865,0.00020319896320897257,0.15442909768726565
024_S_6033,0.41803650703460876,0.508724462659455,0.00016714906491793746,-0.16386652695935505
027_S_0116,0.26133873131587204,0.03274860065902399,-0.0017205649470166118,0.019737341634484373
027_S_0116,-0.05874751108375198,0.004288512604423422,-0.00010556926236349184,0.0295863731446111
027_S_0116,0.12842779618974987,-0.10113358728795117,0.0005361566027446418,0.06869633297930378
027_S_0116,0.05769469823921014,-0.12007956698014878,0.000470627127294565,-0.02337513996768159
027_S_0116,0.03332939013852387,0.21025178303211123,0.0001701084882747561,-0.03368010308683522
027_S_0116,-0.21203791798462113,0.1843934163297945,0.0001985587197088634,-0.058008478931630636
027_S_0116,-0.2100051868149827,-0.21046915835725313,0.0004506832713573883,-0.002956325772251578
027_S_0307,0.3815905342155381,-0.15410863058021196,0.0006202762851925669,-0.0039318561121703954
027_S_0307,-0.36912150369633534,-0.02840726071766142,-3.1285034820527358e-06,-0.09608875370805947
027_S_0307,-0.024011274718593434,0.0498949529359638,9.573153047431893e-05,0.07895434328113793
027_S_0307,0.02607802333063991,0.15993867274335305,-0.0004597044053492594,-0.05610831099478264
027_S_0307,-0.014535779131249649,-0.02731773438144347,-0.00025317490683551824,0.07717457753387391
027_S_0408,-0.6248903881796837,-0.5551913363775904,0.00010325547286194059,0.024082359322305846
027_S_0408,0.8890750367260136,1.6246633096005758,-0.001041237434233122,-0.21464969046521776
027_S_0408,-0.0548071897357818,-0.28419225754898647,0.00022726908045972438,0.018536159474249025
027_S_0408,-0.4856572483868651,-0.6617241608518636,0.0005051175468080427,0.08470835471197591
027_S_0408,0.2762797895763167,-0.12355555482213537,0.00020559533410330344,0.08732281695668653
027_S_0644,0.12649801727967247,-0.015081024457042125,-7.905249385586899e-05,0.05932514581649717
027_S_0644,-0.269139452820667,0.1293766388763184,-0.00013210010830577712,-0.013157821722772134
027_S_0644,0.03682980296090155,-0.11531473098856959,0.00024116551306646583,-0.053292138472789796
027_S_0644,0.08734746880341493,0.033875040661699635,-4.167766301982345e-05,-0.05560193960182547
027_S_0644,0.018464163776678255,-0.032855924092406286,1.166475211500373e-05,0.06272675398089045
027_S_0835,1.034932916839465,-0.10221713896760065,-0.0014735246122093426,-0.21597647470525816
027_S_0835,-0.025371360460902978,-0.2858781759842768,0.0006114660066885991,0.18969761592194512
027_S_0835,-0.4991242174763181,-0.09079567606146721,0.00032179721207709067,0.08471985866381027
027_S_0835,-0.0891790110993862,0.16443791033658517,0.0004741136507664945,0.013167782276644502
027_S_0835,-0.12725612028189665,-0.1079199881365911,0.0008871470984012642,0.0832007919451796
027_S_0835,-0.5964070472922149,0.4217763256497655,-0.00170037393580047,-0.2539661680069787
027_S_0835,0.30240483977125376,0.000596743163584823,0.0008793745800760866,0.09915659390465659
027_S_1045,-0.16720908442874183,-0.04705879282460623,0.0004551616447147633,0.06334622696104031
027_S_1045,-0.19771189508290465,0.08694516588103024,-0.0006950244532077932,-0.03534198181067527
027_S_1045,0.14994939009434394,-0.046888217160191425,7.466200760181119e-05,-0.06237078989227318
027_S_1045,0.035686060952845544,-0.0092209032309164,0.00023095314565924063,0.05313060966573757
027_S_1045,0.17928552846445722,0.01622274733468354,-6.575234476785541e-05,-0.018764064923829205
027_S_1277,0.6471895902200134,-0.15345040702557827,-0.0011150672784614457,-0.10019910873842641
027_S_1277,-0.44946093839695966,0.35218888609204574,0.001010404191289005,0.03534605052878681
027_S_1277,0.44615280511809435,0.039103376033631454,-0.0013678341025355478,-0.07795845821433356
027_S_1277,-0.6438814569411481,-0.23784185510009886,0.0014724971897078776,0.14281151642397316
027_S_1387,0.37056191139965866,0.06967193339716993,-0.0010300666108389867,-0.0620810861457739
027_S_1387,-0.10942873662907149,0.01633803483127605,0.000608156911114599,0.11748297980180533
027_S_1387,0.41300408839568725,0.14930337664742388,-0.001330119857844203,-0.14507941158780913
027_S_1387,-0.07468810859409947,-0.17071745382131454,-0.0012986634455589008,0.011133004781439526
027_S_1387,-0.37498753866003115,-0.15184539198060365,0.0017932336527681225,0.08278033081867386
027_S_1387,-0.22446161591214397,0.0872495009260481,0.001257459350359369,-0.004235817668335473
027_S_2183,0.021368245434058398,0.18405004148993886,0.00015689101533689076,0.1380662036231649
027_S_2183,0.29617223236821083,0.09157321529650075,0.0005808835801672796,0.13755573801559862
027_S_2183,0.24019564895298673,0.17901886109061982,-0.002102120251344264,0.04812288804620368
027_S_2183,-0.3508677441004733,-0.35721034572632604,0.0006938527749045797,0.03371309458419336
027_S_2183,0.06133823630075428,-0.05825905869491699,0.0006377824707651802,-0.4788553745691849
027_S_2183,-0.15685165514935212,-0.028081918514685222,-0.0003209706751853836,0.24014217341455557
027_S_2183,-0.1113549638061849,-0.011090794941131632,0.00035368108535555054,-0.11874472311453149
027_S_2219,-0.1451347880789364,0.025974451080290173,4.1510216230777885e-05,0.40919587669258156
027_S_2219,-0.39721940716281556,0.045529456806371105,0.0016314151197883708,0.811604832677213
027_S_2219,-0.21267982172325725,-0.40378093721724206,-0.00130141067348849,0.20521578266939727
027_S_2219,-0.6026366309225994,-0.0912676497280287,0.0030880260901865464,0.12418078741188937
027_S_2219,0.1381730554949789,-0.32476050455261984,0.004063240906383825,-0.05158943197844268
027_S_2219,-0.23063775556070085,-0.23852930265079464,0.0029403411667912605,-0.17053849259925796
027_S_2219,0.6719024431906298,0.23230186656868113,-0.002389512140231309,-0.4943274842675148
027_S_2219,0.2550141508278013,0.18033161084723193,-0.0030919569232127353,-0.28223375432333964
027_S_2219,0.2531590663018459,0.2306981841215483,-0.0014178341461181243,-0.5744715056183375
027_S_2219,0.27005968763305366,0.3435028247245615,-0.0035638196163303992,0.022963389335811324
027_S_4873,-1.014442780385012,-0.2081417772696601,0.0009337921754233314,0.17678659486828074
027_S_4873,0.4864806090827066,0.044770369499040896,-0.0005020946998914866,-0.03078351940077073
027_S_4873,0.24312940137957859,0.03570709833815355,0.00046933094483542215,-0.050386512953401685
027_S_4873,0.284832769922727,0.12766430943246654,-0.0009010284203672114,-0.09561656251410855
027_S_4919,-1.0932692864711426,-0.4529656628201153,0.0023746168371438503,0.5330548002512021
027_S_4919,-0.4865432550090525,-0.4027868155323848,0.0017141202262907496,0.6100087042540296
027_S_4919,-1.0101976841878226,-0.3546942840982015,0.002063610762024326,0.33211718953579167
027_S_4919,-0.6007743305755275,-0.5006546962526388,0.0015646067525136864,0.34627227548157785
027_S_4919,-0.6883911671265986,-0.44525797488431507,0.002512784808294255,0.32720223599800297
027_S_4919,-0.35699979470021725,0.6661337603216518,-0.0010221922165437602,0.04419430889823875
027_S_4919,1.0165927801014827,0.541144571877055,0.00013696250434969137,-0.49097563984710546
027_S_4919,1.1275848911886546,0.1979596831235868,0.0009957106104835356,-0.3812286127530824
027_S_4919,0.9980545338946727,0.5092146061959583,-0.001294300323955,-0.48533133646452364
027_S_4919,0.6997170283219614,-0.015407634507297097,-0.0012801388851859108,-0.35848382701284626
027_S_4919,0.3942262845635911,0.2573144465766988,-0.00776578107541509,-0.47683009834128504
027_S_4926,-0.20184836568344533,0.14018247805548723,0.0001091589548447569,0.3088035485056795
027_S_4926,-0.31359440408678907,-0.02500140509223847,0.0001697676172618401,-0.23257733731411456
027_S_4926,-0.3822831797391659,-0.049306184290664246,-0.00011367498688380495,0.10071800056174407
027_S_4926,-0.3107351750571752,0.002099090348400945,6.67799806488012e-05,-0.2488663011342993
027_S_4926,1.208461124566575,-0.06797397902098512,-0.0002320315658714267,0.07192208938098998
029_S_0914,-0.2242137505478361,0.1546930153995037,-0.0004231373152877027,0.03905026829009417
029_S_0914,-0.24296466876495715,0.15364161827040648,-0.002020746146877861,0.13493656247207753
029_S_0914,-0.5857591918484397,0.14122883040276038,-0.002132587630728433,0.06433040342227492
029_S_0914,0.050776450385864536,0.36547917819314724,-0.001900991229974669,-0.0226694475533884
029_S_0914,-0.5903114815857271,-0.38548105686182926,-0.0019867298819783996,0.015815624868777522
029_S_0914,1.5924726423610964,-0.42956158540398853,0.008464192204847065,-0.23146341149983574
029_S_1073,-0.014302293485806805,0.22225664240754273,0.0011082599375786817,0.028728024264704555
029_S_1073,0.0013842831230357344,-0.044598081933155787,-0.0005182676620008042,0.01996476899557753
029_S_1073,-0.12233488708352713,0.10318353943126202,-0.00028647001064613375,0.06253519331978541
029_S_1073,0.07038299547290294,0.02105473174827427,-6.518573785141424e-05,-0.030633927137275085
029_S_1073,0.06486990197339504,-0.3018968316539231,-0.00023833652708032949,-0.08059405944279252
029_S_1218,-0.1793294991585319,-0.4101222435476877,0.00015942599940760305,0.014956191887883219
029_S_1218,0.03685361517058716,0.15724373096885358,-1.4442138154602269e-05,0.034278480855433724
029_S_1218,0.19635233130135188,0.03562494880161428,-4.582150919424377e-05,-0.05686035847959103
029_S_1218,-0.053876447313406794,0.21725356377721988,-9.916235205875701e-05,0.0076256857362743125
029_S_1318,-0.36320372862270545,0.19330081893645948,-6.528408335987335e-05,0.03995144376701254
029_S_1318,-1.141444192817052,0.2653756009913898,-9.136175888163622e-05,-0.02973818521542393
029_S_1318,0.06456863342419233,-0.0803756460334975,0.00022792703628177202,0.06609248240428256
029_S_1318,0.6311853284962433,-0.306368902894724,0.00017927843765241924,0.024588227573234533
029_S_1318,0.808893959519322,-0.07193187099962767,-0.00025055963169257067,-0.10089396852910593
029_S_2376,-0.0610638919272648,-0.11506581479502298,3.817079268536583e-05,-0.1258220654350412
029_S_2376,-0.009505040366027284,0.21771125920390944,0.0009967902956586894,0.0831637574729468
029_S_2376,0.011593837320375,-0.1094519514594876,-0.00017628058983393258,0.057570320372211214
029_S_2376,0.058975094972916975,0.006806507050600263,-0.0008586804985101226,-0.014912012410116804
029_S_2395,-0.5854476487717246,0.05472910466778669,-0.0007491904431894958,0.2845515231390544
029_S_2395,-0.8388798625370503,-0.21898332864950287,-0.0017390360208462963,0.5148075190457239
029_S_2395,-0.34890270134169904,-0.11821114942732769,-0.0018986977134015093,0.5216943610209513
029_S_2395,-0.5085185886629784,-0.05029410949745938,-0.0027850202964014303,0.2875945179582111
029_S_2395,0.991515307681048,0.6374608737328213,0.0017616010479401534,-1.5771828664129146
029_S_2395,-0.19712695256165497,0.11343897810032444,-0.00010695417982881095,0.4559215089934777
029_S_2395,0.4401759719847295,-0.010783666723933383,0.002320429156978443,-0.3024068563654775
029_S_2395,1.04718447420933,-0.40735670220270825,0.0031968684487490018,-0.1849797073790266
031_S_0351,0.19582039929452044,-0.14743938051560335,-0.0010074100112824058,-0.20879368104003748
031_S_0351,-0.029989399254864546,-0.36008555761538097,-0.0009963194252647356,-0.16010287356160702
031_S_0351,-0.22837357979216333,-0.010677517215721632,-0.0010216492528655752,-0.20218034128389306
031_S_0351,0.06254257975250699,0.5182024553467057,0.003025378689412661,0.5710768958855374
031_S_0830,-0.9947817875916105,-0.8876920907783552,-0.4285904850262099,-1.3068963565869733
031_S_0830,0.8690681513384559,-0.13148428181313465,-0.43036450978571505,-0.21597816412900947
031_S_0830,1.059237749486982,0.18959246337110203,-0.4303695715748922,-0.28880188595188694
031_S_0830,0.6503163421359888,-0.14945117418359566,-0.43037963482965635,-0.3363299986873387
031_S_0830,-0.5564365524634092,0.3339180138716912,-0.4264657084999407,0.8676242108982648
031_S_0830,-0.5957488727768936,0.3124490586128542,-0.42634458315292023,0.7185152020361462
031_S_0830,-0.43165503012951356,0.3326680109194381,2.5725144928693346,0.5618669924207975
031_S_0867,0.6447967907220178,-0.2588503978865627,-0.0013993842712652915,-0.7005753950841678
031_S_0867,0.21283599958106542,-0.6200675532870292,-0.0013977674491921221,-0.7585905010279752
031_S_0867,0.3130725513221523,-0.197751976570824,-0.0014088968629166754,-0.9047837875903368
031_S_0867,-0.6365135182976873,0.6230346623442133,0.002071374883220012,1.5032947871033253
031_S_0867,-0.534191823327548,0.45363526540020205,0.002134673700154077,0.8606548965991545
031_S_2022,0.015502983212263954,0.07106847067165645,0.0077989035367975745,0.08314026069624103
031_S_2022,0.025451195258544557,-0.12622780364354358,-0.04854703845692532,-0.1211849519409735
031_S_2022,-0.13579248967719726,0.04026903821757477,0.2376001222017856,0.16058524344557856
031_S_2022,-0.0495363508224258,-0.06344187331757989,-0.20895765367804886,-0.2686194725720249
031_S_2022,0.14437466202881477,0.0783321680718927,0.012105666396389658,0.14607892037117876
031_S_4029,0.18179148005514267,0.09341840228557885,0.15312982129385233,-0.08251170279515052
031_S_4029,-0.04537498449366428,0.007641300286544306,-0.12345451456115653,-0.13645731575669795
031_S_4029,-0.18676508211617343,0.030233608444919735,-0.0932586731491929,0.13619529409501752
031_S_4029,0.050348586554694985,-0.13129331101704333,0.06358336641649665,0.08277372445683118
031_S_4149,0.0833067006075141,-0.19020499578176664,-0.5797192945293661,1.0127790486515817
031_S_4149,-0.22267137451097524,-0.039664262028688446,-0.583159472301416,0.061146940289610985
031_S_4149,0.331347275741779,0.08470307746493844,-0.7547409046275564,0.6216038066701703
031_S_4149,0.3572725985531675,-0.19530051276779936,-0.31947952622771014,-0.49137732113035126
031_S_4149,-0.14362138986338546,0.27192971615221473,1.2690518419786723,-0.8223516662953683
031_S_4149,-0.40563381052810016,0.06853697696110106,0.9680473557073741,-0.38180080818564344
031_S_4194,0.15802368203081762,0.13491502568680436,0.03216497791662132,0.201030072795489
031_S_4194,0.05037712340915909,-0.03153731760169198,-0.01800176562659206,0.020312274436747657
031_S_4194,-0.07533446099826296,0.04021654775863159,-0.08617762044333066,0.0011392453032321725
031_S_4194,-0.13306634444171378,-0.1435942558437444,0.07201440815330029,-0.22248159253546906
031_S_4476,0.1251642815562437,-0.024626669509797416,-0.04439039848308646,0.4332272268670583
031_S_4476,0.046429273227241885,0.17411952369985606,-0.1602733119986488,-0.011136224346855794
031_S_4476,-0.02796309360212479,-0.054620229534921405,-0.03479376357843034,-0.09476112826425143
031_S_4476,-0.1436304611813607,-0.09487262465513735,0.23945747406016515,-0.32732987425595106
032_S_0187,-1.0826464799077111,-1.4716872600346376,5.237825641033435,0.12637393142307685
032_S_0187,-0.05589045629066891,0.21747109087334193,-1.6928997084655046,-0.12890924941418713
032_S_0187,0.3509989758338501,0.4454101324714228,-1.152721763044583,-0.01851517141068937
032_S_0187,0.11441345945399028,0.5482686867597963,-1.2374149590555605,-0.05303715440788104
032_S_0187,0.6731245009105398,0.26053734993007627,-1.154789210467788,0.07408764380968114
032_S_0718,1.2290630452165618,0.15075263881938072,0.8562990859007937,0.12462762063503174
032_S_0718,0.8651701484087864,0.21602575877577967,0.901447645710179,0.5030746713217515
032_S_0718,1.3296120534656881,0.3940223572949473,0.7764527087369648,0.42367605832228117
032_S_0718,-1.8729484708593243,-0.6400914895498101,-1.267042951929208,-0.4871761320085213
032_S_0718,-1.550896776231712,-0.12070926534029691,-1.26715648841873,-0.5642022182705433
032_S_2119,0.0780349689612787,0.05761468935715752,-2.656920653049122e-05,0.11072045289918311
032_S_2119,-0.07494474529893624,-0.04270561752983554,-3.264642438349785e-05,0.25257144332312204
032_S_2119,-0.04222626522929862,0.22488092777999136,-7.77556459894968e-05,0.16186101454121093
032_S_2119,0.3085545454072451,-0.17796666327397537,0.00025991082733894944,-0.5414218202386587
032_S_2119,0.14231407615342428,-0.27552178014757545,0.00014677163087328804,-0.07669468405533292
032_S_2119,-0.10563855759269036,-0.09073178621227834,4.5390264925559975e-05,0.010911818689101793
032_S_2119,-0.3060940224010231,0.30443023002651576,-0.00031510144623464464,0.08205177484137358
032_S_2247,-0.24679105147937397,0.03642442687150693,0.00015904730827442926,0.04941393453992861
032_S_2247,0.47442635197887284,0.510731232403077,-0.00010329454377944192,0.3180521495952372
032_S_2247,0.03035787115140176,0.08150353605481764,-0.0001617705197748398,-0.08644308437954858
032_S_2247,0.12597460223249557,-0.28774685003647354,-8.446434656300683e-05,-0.3864263125785266
032_S_2247,-0.383967773883396,-0.34091234529292835,0.0001904821018428593,0.10540331282290942
033_S_0513,-0.1298193291677071,-0.015697553212201232,-7.626863202786494e-05,0.07557438779112413
033_S_0513,0.012113031684882536,0.05866280429564763,-0.00020078182851968052,0.08477791252136524
033_S_0513,-0.32002521258813443,0.13207164194989995,-4.3877111969958804e-05,-0.027585437553943715
033_S_0513,0.2513912176170866,-0.022494114972821055,5.341238116407521e-06,-0.07281561604379516
033_S_0513,0.18634029245387274,-0.1525427780605254,0.00031558633440120776,-0.059951246714750495
033_S_0514,0.10660673360063067,0.0949339952799943,5.0232936123661975e-05,-0.0464964657986191
033_S_0514,0.053219003543144794,0.11142438506981095,-0.00017383170019757976,0.01940141152979602
033_S_0514,0.09245572954016801,0.21211315553943155,-0.00016406554310705035,-0.021692439326009172
033_S_0514,0.061455004321581796,-0.26151301901846424,0.00025857879992419175,0.08291841077412587
033_S_0514,-0.3137364710055248,-0.15695851687077278,2.908550725677639e-05,-0.03413091717929384
033_S_1116,0.6358941488648159,0.6183486352341736,-0.0021849207007270666,-0.07494060213697717
033_S_1116,-0.12626841214247442,-0.1404350512763644,0.0005304164768404895,0.051021000700369745
033_S_1116,-0.14296417287607255,-0.23905890395121748,0.0005844675928219356,0.0379258962641682
033_S_1116,-0.08120613613790417,-0.048329647065580794,0.0003747259460451513,-0.0014430643304916835
033_S_1116,-0.28545542770836463,-0.1905250329410108,0.0006953106850194901,-0.012563230497068867
033_S_1309,0.3090620208528363,0.1366593900157795,-0.0015859641652284373,-0.009771880472276395
033_S_1309,-0.12591851124968156,0.2884767736684358,0.00014204444293031138,-0.0016574309765304829
033_S_1309,0.003398922052934794,-0.04810756298105656,0.00031755501337521475,-0.07391500202019463
033_S_1309,-0.049496689004389305,-0.2946280191532446,0.000591630620557726,0.023851348376261017
033_S_1309,-0.1370457426516999,-0.08240058154991425,0.0005347340883652962,0.061492965092740604
035_S_0033,0.1480039703602174,0.31185044894300584,0.00011865383634490634,0.02405343110010283
035_S_0033,0.045228961472367324,0.026374215354047603,-3.444628083193457e-05,0.002657110260559703
035_S_0033,-0.1104855031763552,-0.02537655990064125,-1.3341598064320337e-05,-0.039493462408070945
035_S_0033,-0.08274742865622975,-0.3128481043964121,-7.086595744876245e-05,0.012782921047408857
035_S_0292,0.1375547359831698,0.4356657976897107,-1.0631036788888437e-05,-0.026395680336614546
035_S_0292,0.07137165994042402,0.34005632344585957,-0.0001795726618382676,-0.14545384264754246
035_S_0292,-0.059955826236893495,0.58653451654855,-0.0002947542374491241,-0.1517329037662798
035_S_0292,-0.18327233071777305,0.456123793378006,-0.00021202933284752978,-0.19635212175367678
035_S_0292,-0.12090550775103792,0.5245803115539172,-0.00034465721299287155,-0.15695279607268153
035_S_0292,0.15520726878211058,-2.342960742616044,0.0010416444819165704,0.6768873445767948
035_S_2061,-0.1296439692520963,0.3189048868342731,-0.00020541328485368382,-0.08428923529543364
035_S_2061,0.041564810460601787,0.42901277340089305,-0.000208720457204159,-0.19296182449138768
035_S_2061,-0.19785498882443942,0.40145536018361294,-0.00015033282314735885,-0.20225941471375616
035_S_2061,-0.28876698163004977,0.2003521812977538,-0.00012114057838924497,-0.27752431311834463
035_S_2061,0.059049775858054265,0.16622581684100599,-9.184328632044769e-05,-0.14272334611478796
035_S_2061,0.5075060027939824,-1.7569001082377669,0.0006689775352242133,-0.25938581913510994
035_S_2061,-0.09657750334568282,0.0991601061668487,6.663861389366588e-05,0.7671342999295798
035_S_2061,0.10472285393963021,0.14178898351337918,4.183428079707063e-05,0.39200965293924017
035_S_4582,0.07408913282793583,0.10398707102803142,-0.0001796785214886465,-0.14353629917990732
035_S_4582,-0.42218327106124043,-0.06701693606232192,-0.00011651619727170992,-0.25403032098140244
035_S_4582,0.18501648478400612,0.03285938947756016,-0.00019265269963264497,-0.15780807012548542
035_S_4582,0.031828886153523084,0.03611440939338095,0.00018336822720793622,0.29055979624273
035_S_4582,0.13124876729577573,-0.1059439338366506,0.00030547919118506517,0.2648148940440652
035_S_6480,-0.20462318105967725,-0.171458193852429,0.0001329426388366195,-0.019046938838784833
035_S_6480,-0.13232452481522766,-0.3396220874749386,0.0001689326925886636,0.1427527938761816
035_S_6480,-0.04240130566892841,0.22954636483541402,0.00011079878365466422,0.21763473023615132
035_S_6480,0.2855764794071241,0.1464150928462843,-0.0005433856040660823,-0.21732865982257366
035_S_6480,0.09377253213670914,0.13511882364566896,0.00013071148898613494,-0.12401192545097439
036_S_0656,0.057633106869941275,-0.02328417209491418,-2.8105928800814528e-05,0.03995271226495567
036_S_0656,-0.21063449150087443,-0.10687304140944964,3.9712182633266924e-05,-0.026985778835687757
036_S_0656,0.017876039994610737,-0.0018230938213212866,2.161967499747508e-05,-0.0008723714850000786
036_S_0656,0.13512534463632264,0.1319803073256849,-3.3225928829871965e-05,-0.012094561944268056
036_S_0673,-0.014754498686877171,0.07890940947793368,-4.232076743826418e-06,-0.013580856666081775
036_S_0673,-0.1738588644667698,-0.08887279027325334,9.019032250223713e-05,0.04856707911603442
036_S_0673,0.24510953150401316,0.026950740106719717,3.459710413789008e-05,0.05505908304193241
036_S_0673,-0.08797918530797466,-0.027715021312271437,-1.86416394227229e-05,-0.09768675445510311
036_S_0673,-0.006913856183532019,0.04978838676146791,7.712721281827317e-05,0.008383208294198363
036_S_0673,0.038396873141140375,-0.03906072476059652,-0.00017904092329168453,-0.0007417593309797521
036_S_0869,0.29018499451712176,0.016141908343970668,9.678938670099058e-05,0.04479943311957879
036_S_0869,-0.23461998015818608,-0.06339638188669094,4.748122067260718e-05,0.04962656435296453
036_S_0869,0.2851433575712763,0.020045054939604734,1.8853715759936662e-05,-0.01590973141960661
036_S_0869,0.1874114975156005,0.15547396673489522,2.333429310336088e-05,-0.08641984695169325
036_S_0869,-0.2619458136725439,-0.09237888329912347,2.57310226718932e-05,-0.004877640367839775
036_S_0869,-0.2661740557732679,-0.035885664832656206,-0.00021218963890884401,0.012781221266595977
036_S_0945,0.16149616995272176,0.2552807288276857,2.9244227945535162e-05,0.045718775121391886
036_S_0945,-0.43034282078762953,-0.3155449591386934,0.00011029604039325402,-0.06924434599695795
036_S_0945,0.17891612423801717,0.11975925753916794,5.069746338959291e-05,-0.02021545453177931
036_S_0945,0.08993052659689049,-0.05949502722816047,-0.0001902377317284376,0.04374102540734548
036_S_0976,0.09539730597851337,-0.13815760616583062,0.00011317695060669708,0.254769682695721
036_S_0976,0.2613086879746729,0.15187017104859146,-8.248012176637065e-06,0.09163606349023667
036_S_0976,-0.09263095716572467,0.1104738825629954,2.4756201971454228e-05,-0.11053573587204113
036_S_0976,-0.17985520723330795,-0.07263323616463258,2.5758720833990445e-05,-0.0697917055163908
036_S_0976,-0.08421982955415319,-0.051553211281123446,-0.0001554438612356157,-0.1660783047975256
036_S_1135,-0.16142697595505467,0.11746095696623127,-1.4379512662476834e-05,-0.020370633901483748
036_S_1135,0.023453791832798554,-0.050747305921469144,-1.7436674378812356e-06,-0.00421035801961922
036_S_1135,-0.07633398164956426,-0.01718508056790502,7.087381880044319e-06,0.0006220536243648489
036_S_1135,0.1932953223417707,0.03263720059068098,-9.179523380864474e-06,-0.0023362765897607662
036_S_1135,0.021011843430049748,-0.08216577106753853,1.8215321601178225e-05,0.026295214886498885
036_S_1240,0.6071722395140546,0.2600758303734725,-4.5569307208281895e-05,0.01669577488155205
036_S_1240,0.016841103406047164,-0.04361420155425677,4.994129963270533e-05,0.08481463812736434
036_S_1240,-0.3502685835482029,0.07548509506515344,-3.898680098129992e-05,-0.20552369419559446
036_S_1240,-0.20367205336996352,-0.13090441100191452,3.1382417313319255e-05,0.033751066315304
036_S_1240,-0.07007270600193571,-0.16104231288245463,3.2323912433906976e-06,0.07026221487137341
036_S_2380,-0.10372153372362825,-0.08191708451894492,0.00023891736085945858,-0.0341013606214953
036_S_2380,-0.039501138117266965,-0.023585264213381196,3.4105272869178194e-06,-0.14298953929205277
036_S_2380,-0.07283067224496564,0.08170927519935489,0.00011889181692747997,-0.044937973703576245
036_S_2380,0.047580742654314,-0.147819094976878,6.776512374062627e-05,0.03734762740673199
036_S_2380,-0.15174156335026645,-0.06668122502694321,0.00012308810814376514,0.46074746353103935
036_S_2380,0.1585980518469729,0.2197214142807557,-0.00012643109331822444,-0.1008891771622196
036_S_2380,0.1879573724741347,0.2145531298401392,0.000441442188602148,0.3552402750668362
036_S_2380,-0.09852870814486059,-0.1820246204396979,-0.0004634679706505551,-0.5326992918642653
036_S_2380,0.07218744860556603,-0.01395653014440465,-0.0004036160615916162,0.0022819766390017315
036_S_4538,-0.3748168874903946,0.06732178645213956,0.0002511702607741473,0.29568785302370865
036_S_4538,-0.37238627823511544,-0.11804492532934693,0.00016412652613823075,0.3900029013390562
036_S_4538,-0.16643888633588388,0.0802296196546727,0.00016430959736357664,0.05936612014833231
036_S_4538,0.2326991045787141,0.14360077764403398,-8.174353417866875e-05,0.12772804458616432
036_S_4538,0.36875778704227635,0.1281414795412505,0.00041220356264948244,-0.33689391952706255
036_S_4538,0.6378266851675798,-0.2047679970902024,-0.00035640992193380905,0.054797565608215304
036_S_4538,-0.3256415247271764,-0.0964807408725474,-0.0005536564908131258,-0.5906885651784141
036_S_4714,-0.37405433522268733,0.26822360026870784,-0.00016417314535710492,0.23353320356816765
036_S_4714,-0.34244557971869866,0.12808688427754708,-4.178949074634675e-05,-0.31328053895312274
036_S_4714,-0.2661928367612244,-0.002175056325212338,3.816733369060854e-05,0.4562601386554763
036_S_4714,-0.2866033022057209,-0.1491376335175033,0.00015096367695971447,-0.20560762824369605
036_S_4714,1.2692960539083313,-0.24499779470353927,1.6831625452906618e-05,-0.17090517502682512
036_S_4736,0.07047563630772613,0.026255316429136366,9.270071411254799e-05,0.042618769457004435
036_S_4736,0.13496791947229203,0.19326348505720548,-8.359613889230566e-06,0.14021664008111895
036_S_4736,-0.11477629957395064,-0.1998468825672305,3.927889932658912e-05,-0.15414226757091345
036_S_4736,-0.09066725620606753,-0.019671918919111242,-0.00012361999954990655,-0.02869314196720979
037_S_0150,0.5468369662057899,0.41767841755474233,-0.00034886849400500575,-0.13484476330162598
037_S_0150,0.33428086718047423,0.4791850972555889,-0.0003830451673271784,-0.3012743850829228
037_S_0150,0.5940551921158306,0.2714617547117192,-0.0003650847181148609,-0.20391520714449074
037_S_0150,0.9362525200992713,0.6839752910239494,-0.0003335593961694694,-0.18573786054578634
037_S_0150,0.49167377763568765,0.5608394880915357,-0.00032263341948424173,-0.34245011770589784
037_S_0150,0.6837906853762514,0.3792293375120688,-0.00031859175122722627,-0.22711993432834632
037_S_0150,-1.5535876539187772,-0.5215494781825923,0.001291423693488225,0.8274152339646778
037_S_0150,-0.24144091132826118,-1.22145251744776,0.00041139225537167867,0.48272888579103657
037_S_0150,-1.7918614433662685,-1.049367390519252,0.00036896699746824524,0.08519814835335543
037_S_0377,1.8931469887390433,1.8121283362071485,-0.0005982937016464906,-0.6157464129427082
037_S_0377,1.8802208645863052,1.0926629972895394,-0.0005581400672708958,-0.5312560552589205
037_S_0377,1.2816534757188065,0.8356586875748473,-0.0005769425040895171,-0.5517208413254007
037_S_0377,-0.8939454084483899,-0.4860367042777073,0.0006962529628975478,0.6410742656918653
037_S_0377,-1.3946514189980102,-0.759619862376026,-3.330252633909625e-05,0.2087371198860308
037_S_0377,-0.9443113816958713,-0.5470545700422507,-4.049197804295579e-05,-0.047345273569977406
037_S_0377,-0.7773001023952022,-0.7941025310043317,5.873036595521741e-05,0.49189195401974506
037_S_0377,-1.0448130175066812,-1.1536363533712195,0.001052187448536246,0.4043652434993654
037_S_0501,0.2810437517990636,0.44508417928583416,-0.0007967346775085149,-0.3006319819061606
037_S_0501,0.4916510293460121,0.2847031711501999,-0.0007976735685565894,-0.18212290989221747
037_S_0501,-0.914406028622016,-0.5115797894033624,0.0007016778262439183,-0.803074368443827
037_S_0501,0.6823558352550828,0.6282399892460626,-0.0007339149362541875,-0.2572905037688803
037_S_0501,-0.5579483368002998,-0.3505866792252786,0.0007901160663864593,0.7270648755633085
037_S_0501,0.01730374902215745,-0.4958608710534556,0.0008365292896888032,0.8160548884477773
037_S_0566,0.6240671786724751,0.029936152510510183,-0.0005335491038471196,-0.06982951304008445
037_S_0566,0.2415261719179656,0.018473467526366694,-0.0005243598225635471,-0.4505943412015755
037_S_0566,0.9820324731454811,0.7202302291506529,-0.00047597171718949394,-0.12133518629139795
037_S_0566,0.47377005472241007,1.0951378980387645,-0.0005059964053816812,-0.4425462016249415
037_S_0566,0.8685109762295209,1.032363565966652,-0.0004935920769616464,-0.17284885427818575
037_S_0566,-1.0611181131123348,-1.289769202372912,0.0009905383899748155,0.33787044207740763
037_S_0566,-0.9926599001251648,-1.1465297001189085,0.0007780800566194457,0.33146566472916805
037_S_0566,-1.1361288414503532,-0.4598424107011259,0.0007648506793492271,0.5878179896296094
037_S_0588,0.3108963925360815,0.7040612390903381,-0.00029860514427737517,-0.18919650053178316
037_S_0588,0.13305471551603132,0.40560459511992153,-0.00029061851467138133,-0.02203491723268658
037_S_0588,0.3814208501731886,0.35435103246999955,-0.0002335227340660162,-0.01875609885104812
037_S_0588,0.3009975687765556,-0.09215652122500861,-0.00023493249550810003,-0.16050552643653893
037_S_0588,-1.1263695270018563,-1.37186034545525,0.0010576788885228727,0.3904930430520567
037_S_1078,0.7148703966562919,0.7914398396496033,-0.0005326041070908283,-0.38299026783148005
037_S_1078,0.4081217634720091,0.17883196170096938,-0.0004707355648131961,-0.31878272801539076
037_S_1078,0.485717817432997,0.677697425965591,-0.0004821204724647088,-0.36261343244767874
037_S_1078,0.38784585591081333,0.6274651212496276,-0.0004782727584916602,-0.3913791667186197
037_S_1078,-1.7889227243130907,-0.6764914069755452,0.0006562383448118769,0.3474907513287989
037_S_1078,-0.14769754339884855,-0.5199768445215647,0.0011120401000804803,0.5887100599837986
037_S_1078,-0.059935565760172116,-1.0789660970686812,0.00019545445796786964,0.5195647837005718
037_S_1225,-0.711500963586236,-1.2573623954063233,0.0014864678580404633,-0.5100522154180411
037_S_1225,-0.13513839725496485,-0.009955605719659533,-0.0004106591450283581,0.0569478238564225
037_S_1225,0.28480415747394683,0.5047944488184595,-0.00037483533429594207,0.037119195105378644
037_S_1225,0.30291907550857455,0.5346689148247028,-0.0003457059189338474,0.39507433268415815
037_S_1225,0.2589161278586791,0.22785463748282042,-0.00035526745978226026,0.020910863772081623
037_S_1421,0.2995564639256465,0.03984562893503529,9.867224592396973e-07,0.02777009082009957
037_S_1421,-0.17413616961765466,0.06786656227289933,-3.3173921075713153e-06,-0.02059716580388471
037_S_1421,-0.06528841730742907,-0.019734065755064423,4.4253267817429e-06,-0.006122016363952598
037_S_1421,-0.06013187700056277,-0.08797812545286998,-2.0946571333557706e-06,-0.0010509086522622058
037_S_4030,-0.22036434396446303,-0.012536051260533893,0.00011904791467004516,-0.07145242254844686
037_S_4030,0.36767225265789505,0.20460717941035328,8.932728881766439e-05,-0.015112007458725762
037_S_4030,-0.04076383918141796,0.1351975064883152,2.4289737443838888e-05,-0.02397494505173553
037_S_4030,0.03417709040440137,0.08913135666871225,-0.00010818238967291727,0.3146596404108542
037_S_4030,-0.0007222856951389356,0.030744939172412417,0.0005324355161943628,0.30305101302292964
037_S_4030,-0.03728473675682337,-0.18445530650039743,-0.00037843620077598894,-0.37882746695501757
037_S_4030,-0.10271413746445296,-0.2626896239788617,-0.00027848186667711605,-0.12834381141985826
037_S_4146,0.09204575636389434,0.05943791722350089,-8.259071132987739e-05,-0.36388733961545827
037_S_4146,-0.03701642013013884,-0.20670339439835156,5.816639596945006e-05,-0.3355252613810137
037_S_4146,0.06038257295205374,-0.046913241774255765,-0.00012728269169975936,-0.07786932062847415
037_S_4146,-0.08806526203631848,-0.08984795516895988,-9.880779527499106e-05,0.12618143220729888
037_S_4146,-0.02734664714949009,0.2840266741180665,0.00025051480233506673,0.6511004894176471
037_S_4214,-0.013992731960109459,0.2918459413244877,-0.00012628665190111965,-0.3067220548934095
037_S_4214,0.6861290695654485,0.10045338633186478,-0.0001091101882603196,0.0450004639556108
037_S_4214,-0.3929540958491306,-0.03703368888597339,-0.00010805401567309803,0.006507287475276402
037_S_4214,0.7428363980397961,0.3097023975517481,-0.00011940993459058635,-0.06376259359265649
037_S_4214,-0.7202888252731541,-0.07061888697619984,0.00034583988782949104,0.16924157874671786
037_S_4214,-0.6150973180690971,0.2828103859527217,-0.0006454708492314443,0.23153324918884122
037_S_4214,-0.5597741215291527,0.31503694659799497,-0.0006429509912435072,0.1066645554057975
037_S_4214,0.27155421526738455,-0.575666528995257,0.0007631265232127538,0.006217137159622688
037_S_4214,0.6015874098080147,-0.6165299529013869,0.0006423162198574972,-0.19467962344580053
037_S_4302,-0.165382431765144,-0.47773050008797474,0.00021403480458476176,-0.3428997700679347
037_S_4302,-0.21849676237809623,-0.33162435792436534,0.00032949663738013335,-0.24233559614322964
037_S_4302,-0.17424888914286685,-0.08583061239857914,0.00019062202898795233,-0.207983691660341
037_S_4302,0.30899206251263567,0.21110506619887512,0.00028324083764352803,0.3106875759640235
037_S_4302,-0.13559650721208727,0.07804897352618405,-0.00044249197111156935,0.6288335438112103
037_S_4302,0.384732527985559,0.6060314306858601,-0.0005749023374848616,-0.14630206190372827
037_S_4381,-0.3928787815116188,0.05364703264205711,-6.20489013366532e-05,0.016154443243962514
037_S_4381,-0.2740732418750279,0.21568170897881378,-7.317349998336997e-05,-0.323768929236031
037_S_4381,-0.4858739016978423,0.08958520762433342,4.6664845513633146e-05,0.02671966570694096
037_S_4381,0.1520751022732303,0.19405850718144324,0.00045365556697551934,0.20300062738421826
037_S_4381,1.0007508228112596,-0.5529724564266475,-0.0003650980111690738,0.07789419290090929
037_S_4750,0.20401765798577065,-0.007715583868449033,-0.00010008945107942147,-0.13788196817984955
037_S_4750,0.08998438754736926,-0.04008003205494162,-8.624639705001602e-05,-0.14470430212062946
037_S_4750,-0.0837273199833567,-0.028990450310385246,-0.0001802720928410495,0.05549567363723218
037_S_4750,-0.2102747255497831,0.07678606623377587,0.000366607940970598,0.22709059666324694
041_S_0314,0.6609007523498769,0.06628876570673459,0.00019851730723163818,0.12760064038108032
041_S_0314,0.3389921829614305,0.24517833024973634,0.0001347319709005812,0.0445214160419507
041_S_0314,-0.09823198845365322,-0.023440670908719485,0.0001792239781391869,0.010619802740464035
041_S_0314,0.03384992900194561,0.46749005740383764,-0.00033289561557731107,-0.08360133762550226
041_S_0314,-0.15018241857415882,0.08984192204138863,-9.110933088185558e-05,-0.0638579882544581
041_S_0314,-1.016099564820108,-1.0006990194943928,0.0001385736168928453,-0.04760556344594202
041_S_0314,0.23077110753466767,0.1553406150014156,-0.00022704192670530698,0.012323030162408433
041_S_0679,0.6618383478570039,0.7870252696990734,0.000169635323816697,-0.8399732353885827
041_S_0679,0.5019760230640609,0.7166323119240747,0.00020049496124874278,-0.8850472407134617
041_S_0679,0.22948320636518,0.5472988337901739,0.00022838546444908792,-0.8850687160203932
041_S_0679,0.03740837946077891,0.2798345372625426,-0.00012848324456021798,-0.9288115760596829
041_S_0679,0.1935743941598287,0.4394265781386477,-4.1871589461506264e-05,-0.9116769814846217
041_S_0679,-0.49776208788767473,-0.6021033828958064,-7.580108469273927e-05,1.4311662870698896
041_S_0679,-0.3096426076015737,-0.5025133499702438,-0.00014212593239071314,1.4790543986708997
041_S_0679,-0.5547488633518736,-1.2862262567961675,1.3629749356036669e-05,0.375139549668777
041_S_0679,-0.26212679206573053,-0.3793745411522945,-0.0002238636477653877,1.1652175142571766
041_S_1010,0.12664924790943663,0.05818342587336916,0.00024048509998336742,0.04318278429182243
041_S_1010,0.10383160744776437,0.05991668148329525,0.00035767151678556264,0.04116812484410892
041_S_1010,0.09584909961052729,-0.09395293685448339,-0.0001837558835575126,-0.06090662256454071
041_S_1010,-0.7091386495961947,0.22160578143306361,-0.00019410761307520064,-0.012910218564443854
041_S_1010,0.41496445900573603,0.024271865278588364,-0.0002148411417804419,-0.003346730512918006
041_S_1010,-0.032155764377269636,-0.270024817213833,-5.451978355941467e-06,-0.007187337494028778
041_S_1260,0.34128802914883516,0.4169995238383268,0.00018941908987968326,0.07003120416520248
041_S_1260,0.08354467151573397,-0.03210092338780797,-1.7560864080612415e-05,-0.02742056475583965
041_S_1260,-0.033555964303604746,0.006300826964751521,-9.689732960960207e-05,-0.013760319159629386
041_S_1260,-0.527377852434167,-0.4312002247998273,5.453382262293749e-05,-0.03502940329112758
041_S_1260,0.13610111607320274,0.0400007973845569,-0.00012949471881246177,0.006179083041393252
041_S_1418,0.07837311313799733,0.4037014861337548,0.00044493098001163744,-0.7710841887368054
041_S_1418,-0.9676760919262464,-0.40475798882741976,0.00024417996799019903,-0.7602166524914349
041_S_1418,-0.1882034403735835,0.08126875248398183,8.651083326444153e-05,-0.718187609416989
041_S_1418,-0.18406792730105237,0.4094787577767065,6.944914535678137e-06,-0.8555104706095904
041_S_1418,0.39005906311140937,0.4779561054799908,3.0514327563124777e-05,-0.6883865252181658
041_S_1418,0.4609027807450372,0.8400098718535386,-8.766301260804132e-05,-0.685731929340831
041_S_1418,0.27484022180984213,-0.44814476775369183,-0.00022543526297241767,0.8279800038853322
041_S_1418,0.05284995209018151,-0.3958747117164553,-0.0002479697290619365,1.1907990474111259
041_S_1418,0.2420297686551769,-0.21637399557248546,-0.0002796776063314632,1.161833946060531
041_S_1418,-0.15910743994876175,-0.7472635098579203,2.766458760877777e-05,1.2985043784568278
041_S_1425,0.028423085017790256,0.2451263344899508,0.00025008890378558357,-0.018675276754271053
041_S_1425,0.025015041250669556,0.27397191271300003,-0.00015525142517514023,0.008753277352584021
041_S_1425,0.0440086172236302,0.008548785614584498,-5.8131894462631895e-05,0.004934593827094158
041_S_1425,0.08720346163055653,0.020186956393691835,-9.413983278955262e-05,-0.05999120081184639
041_S_1425,-0.07574512712243783,-0.2737525436988314,0.00010726180434356136,0.030865014816826575
041_S_1425,-0.10890507800020874,-0.2740814455123961,-4.982755570182018e-05,0.034113591569612245
041_S_4004,0.6145154798144538,0.472943637893924,-7.070512729728806e-05,0.009719175848849071
041_S_4004,-0.31732381609192306,-0.2727294008522447,8.776576702451688e-06,0.021500818866654184
041_S_4004,-0.006095463714155591,0.00563357681148402,2.0277930624479357e-05,-0.07892579344447528
041_S_4004,0.09886648874891452,-0.010860396939680883,0.0003130732830334826,0.034842746949223145
041_S_4004,-0.11060485820267907,0.04599829635146779,-0.0001426460263102003,-0.06450386973112035
041_S_4004,-0.27935783055461094,-0.24098571326495039,-0.0001287766367529808,0.0773669215108692
041_S_4051,-0.6477692096414789,-0.36346329263351507,0.00022507248967246207,-0.26353072994564636
041_S_4051,-0.3097724058427267,0.3120696002643604,-0.00015752386817868835,-0.014668188008223504
041_S_4051,-0.39943558054039974,-0.18012271359061116,0.00027915288918856085,-0.14984042010812654
041_S_4051,-0.4790862880228004,-0.06679393461188532,1.8457793760751073e-05,0.14668637381475158
041_S_4051,-0.29814121233096735,0.13777339453136278,-0.00030731347193058145,-0.31404276551253546
041_S_4051,1.7458661095134078,0.2011903708535807,-6.684720643540532e-05,0.42583242633250495
041_S_4051,0.38833858686496553,-0.04065342481329248,9.00137392323419e-06,0.1695633034272752
041_S_4138,0.5690461452144779,0.20319066269836805,3.735055891296302e-05,-0.10530626230072493
041_S_4138,-0.285784716550869,-0.2409214551270289,1.233446065762589e-05,-0.05608470743415006
041_S_4138,-0.1689814183762777,0.0812993998681224,9.63133491055368e-06,-0.21612497783208295
041_S_4138,-0.1728929202910298,-0.17600679146837206,-4.408164468522324e-05,0.11180088466945082
041_S_4138,0.058612910003698594,0.1324381840289106,-1.5234709796085877e-05,0.2657150628975073
041_S_4143,-0.5430471071453515,-0.09070785988522678,0.00011248035904920517,-0.24319155553909225
041_S_4143,0.1903112474986569,0.1731761153988895,-0.00026615102785643163,-0.08260960490323516
041_S_4143,-0.1946543209658148,-0.11402498308266618,0.00010472415302853477,-0.2655850021728749
041_S_4143,-0.10926726476929122,0.003815720880760265,-3.428714461456428e-05,-0.22041491331535606
041_S_4143,0.8126709395480669,-0.059037853490622794,0.0002922191574512012,-0.526763108800437
041_S_4143,-0.31340719656193794,0.043232004365868104,-6.125669047513105e-05,1.0458024718851975
041_S_4143,0.15739370239567174,0.04354685581299822,-0.0001477288065829807,0.2927617128457977
041_S_4271,-0.44523326325360935,0.019439390579058316,-4.614490554560868e-05,-0.08265637931250414
041_S_4271,-0.48889452459310023,0.06883022048931113,3.8956583911065046e-05,-0.04408917418796417
041_S_4271,-0.42068678077447097,-0.0015654519973806388,-3.535470914250993e-05,-0.1721844689219615
041_S_4271,-0.4026842462903153,-0.08671759012140878,-6.132252227569746e-05,-0.08702606760929037
041_S_4271,0.22350530581206873,0.022941565920602383,-4.3839564189407376e-05,-0.15560068704003932
041_S_4271,0.41440060939862083,-0.0044116701753459525,0.00013194654662901373,0.40627793950643276
041_S_4271,0.4449470127752762,-0.03406615756883276,-2.6574807743262596e-06,0.20221183279055505
041_S_4271,0.6746458869255304,0.015549692873996324,1.8416051387526444e-05,-0.0669329952252284
041_S_4510,-0.6540426559740578,-0.038549608674654956,0.00013011033142945605,-0.0482495525958571
041_S_4510,-0.6215733851676873,0.23321807672333392,4.899833050853175e-06,0.0011368219413330147
041_S_4510,-0.009650244448896644,0.1657591234965618,-1.3948543541142389e-05,-0.21847407177457662
041_S_4510,-0.5137406125464792,-0.1352674124156486,-9.901603265216607e-05,-0.10959196064611096
041_S_4510,-0.44142507357135374,0.06644218138094199,-9.302067112260115e-05,0.05973503806891168
041_S_4510,2.2404319717084746,-0.29160236051053395,7.097508283560039e-05,0.31544372500629997
041_S_4720,0.6991301930793791,-0.28138637380823905,0.00014923063708655038,-0.16959100266268518
041_S_4720,-0.39021691664323255,0.07963687522273394,3.9699309670016e-05,0.18912776759226893
041_S_4720,-0.1493273118651327,0.11955762365720862,-8.266400369344451e-05,0.08945510235331039
041_S_4720,-0.15958596457101393,0.08219187492829638,-0.00010626594306312187,-0.10899186728289417
041_S_4874,0.1725754619590516,0.13529525093700262,-5.6888105806174316e-05,-0.5218827618196502
041_S_4874,0.37544591319726156,0.12825062049655717,1.0134043778586843e-05,-0.010525791680026875
041_S_4874,0.4260936012640875,0.3541585787942826,-2.952716290294255e-05,-0.5172926453951898
041_S_4874,0.5332324180601824,0.39103760307177804,6.552208086618716e-05,-0.4742573076510297
041_S_4874,-0.3474741262487435,-0.16101420186123588,-8.386846102520495e-05,0.44319237415345947
041_S_4874,-0.4487420364474153,-0.32164942030174454,2.151777222730855e-05,0.307290250336704
041_S_4874,-0.154760023408137,-0.0771442058443777,-7.052470108920295e-05,0.49499885094700435
041_S_4874,-0.5563712083762873,-0.4489342252922623,0.0001436345339513312,0.2784770311087287
041_S_4877,-0.08792085169377217,-0.05922534170240984,3.425623265701505e-05,-0.009397365990442663
041_S_4877,0.27338218383204616,0.1420164626070636,-3.91132704750663e-05,0.055412249568192476
041_S_4877,-0.1433481164093786,-0.03830212466317545,8.026469461897001e-05,-0.08287912189562233
041_S_4877,-0.04211321572889548,-0.044488996241478396,-7.540765680086325e-05,0.03686423831787252
041_S_4974,0.06635976515842157,-0.02516896449922479,2.1274212814781368e-05,-0.0918963575990856
041_S_4974,-0.057152528602092634,0.003463863843207182,8.182391509492515e-05,-0.03841707589137394
041_S_4974,0.04885312939025077,-0.00897276054378815,-2.9521517469766057e-05,0.11646376122713617
041_S_4974,0.014268477628243126,0.019319822272523157,-8.006814117561545e-05,0.0021921651389174845
041_S_4974,-0.07232884357482261,0.011358038927282654,6.491530735619477e-06,0.011657507124405886
041_S_4989,-0.21117461289198924,-0.10467271285888913,8.852699971539923e-05,-0.1086370023500674
041_S_4989,-0.01074560609441777,-0.007305364796605263,7.024100456337612e-05,0.061123125697245206
041_S_4989,0.15191622821813416,0.17429649228572863,-0.0001062379861315188,0.3708577308269222
041_S_4989,0.0700039907682728,-0.062318414630234464,-5.2530018147367574e-05,-0.32334385417409983
051_S_1072,-0.3551227381898562,-0.7980845421484067,0.00011317829031204374,-0.01623853565267752
051_S_1072,0.24279000389708905,0.15066873829327354,0.0001704956013487413,0.05638576667399642
051_S_1072,0.29240028596101436,0.18070841774898627,0.00010675694179279605,0.023066653886932853
051_S_1072,-0.2540836267890073,-0.2856223222458656,-0.00019547498054095502,-0.09347464589705612
051_S_1072,0.19729986406134936,0.40070609523439515,4.773981000671945e-05,0.04216490677803475
051_S_1072,-0.12328378894058878,0.35162361311761703,-0.00024269566291934552,-0.01190414578923038
051_S_1131,1.1399925299599438,-0.15147249524273498,6.781581853992913e-05,0.027060805578373204
051_S_1131,-0.3015789898625632,0.11323070572368588,0.00018527345197227874,0.03172818595303473
051_S_1131,-0.08765513767141142,0.11321950871682822,0.0001419179013740779,0.0020168436851490945
051_S_1131,-0.4611510324802952,-0.07003743833663306,-0.00011825962231787335,-0.02903917325054617
051_S_1131,-0.19810750533905108,-0.018468996911628788,-0.00012803481996276345,-0.015829501494605713
051_S_1131,-0.09149986460662285,0.013528716050482698,-0.00014871272960542692,-0.01593716047140581
052_S_0671,-0.5011924779746935,0.2535546432208645,-0.0010127115541356257,-0.3249477227233213
052_S_0671,-0.38155388897070175,0.15234338934653377,-0.0005925930633728926,-0.3452879703547811
052_S_0671,-0.4387470369188389,0.12360915180188622,-0.00027007954178387417,-0.31503380967413874
052_S_0671,-0.2785107722404687,0.16469822735840267,-0.0005738653585279363,-0.3033954078065244
052_S_0671,-0.43760783056977015,0.12766991996172644,-0.0008026361929834858,-0.25189921872133125
052_S_0671,-0.0510119446802878,0.4697411185135367,-0.0013414681680963825,-0.2690319084773022
052_S_0671,2.0886239513547604,-1.2916164502029501,0.004593353878900142,1.809596037757399
052_S_0989,0.021491867339577864,-0.08726025376721824,0.0001797709513300383,-0.013128298711990727
052_S_0989,-0.008531675348221635,-0.036242304720940866,0.0003454685896424059,-0.02665057314285979
052_S_0989,0.3184691791780996,0.11853385380363973,0.0004413255872882105,0.07401663545513182
052_S_0989,-0.1939219488290217,0.11821513965387959,-0.0004960148091789351,-0.04727162699645393
052_S_0989,-0.1375074223404339,-0.11324643496936015,-0.00047055031908183054,0.013033863396172629
052_S_1346,-0.1939238218881969,0.2745924209184748,-0.00034636145575245303,-0.2665359724597971
052_S_1346,-0.041632267888832786,-0.07461095269663881,-2.1687634744249618e-05,-0.26637378294687486
052_S_1346,0.019962485125779583,0.5149598842770065,-0.0008532091288202537,-0.10637798660527897
052_S_1346,0.08908819592730155,0.3339605025275433,-0.0007455903699806754,-0.28450009464303894
052_S_1346,-0.121294566499758,0.20258157530024842,-0.0015857562062741581,-0.27502588059071265
052_S_1346,0.24779997522370634,-1.2514834303266344,0.00355260479557179,1.1988137172457025
052_S_1352,0.15731940398177846,0.14071727129006684,-0.0003196657469725639,-0.32915139453897746
052_S_1352,-0.048797067205271105,0.015474321040379047,1.0948504370889012e-05,-0.26622085881078417
052_S_1352,0.49912313755751136,0.19341820571217583,-0.0006118073297292637,-0.3426961993907718
052_S_1352,0.26821324245755085,0.006563190799770413,-0.0004558019518023926,-0.2852531803401481
052_S_1352,0.22834379203174826,0.054511314596845994,-0.0016323518784449043,-0.2904692573683716
052_S_1352,-2.000324822101688,-1.177006719098471,0.008035959292475858,1.101254319766824
052_S_1352,0.89612231327837,0.7663224156592325,-0.005027280889897734,0.4125365706822297
052_S_2249,0.32550597691830235,-0.054548231085929544,0.00053324920351977,0.1207694424872503
052_S_2249,0.23727405461229278,-0.14964524510899313,0.0007642660261269474,0.10754985600527234
052_S_2249,-0.5489902423122895,-0.7097486771957049,0.0030944319583942614,0.45246440056422516
052_S_2249,-0.07210601672800088,-0.3488148480328912,0.0024496659120892827,-0.1463407219270787
052_S_2249,-0.43508523023081624,-0.6858804462921724,0.0021099234523375143,0.20312325275949944
052_S_2249,0.4934014577405115,1.948637447715691,-0.008951536552467887,-0.7375662298891684
052_S_4626,-0.30712317782424203,0.07751462113450214,-0.00048163356701907967,0.44286799992034376
052_S_4626,-0.032967790125326246,-0.047745786944506596,0.00029962047959974925,0.22566180465759855
052_S_4626,0.13008461482227462,-0.020858012571317808,-0.00010908097023681895,0.22032367497714456
052_S_4626,-0.18980886207037362,0.15205720533931366,-0.00034022986355081164,-0.5007891102927804
052_S_4626,0.3998152151976676,-0.16096802695799184,0.0006313239212071275,-0.3880643692623068
052_S_4807,0.34208393650874835,0.1735364801178787,-0.0008581563035855444,0.34469483759998076
052_S_4807,-0.005163847757457568,-0.020899964633617873,0.0006847314283331962,0.10547443910549026
052_S_4807,0.1551412077488922,-0.017581291212729555,0.00041780395162516193,-0.25599588250906513
052_S_4807,-0.00977182530787124,-0.007397012107023482,-0.0004481506555188419,0.017100809127355232
052_S_4807,-0.48228947119231197,-0.12765821216450868,0.00020377157914602817,-0.21127420332376134
052_S_4885,-0.006466640207347885,0.1206989132009797,-0.00022548903461733216,0.39436467104378514
052_S_4885,0.0015070482929682716,0.06690022625980441,-8.015465534993993e-05,0.06512422869057188
052_S_4885,0.06369345282441627,0.07502356284890355,0.00015357040288282997,-0.17803700315757998
052_S_4885,-0.2075427343538263,-0.15423557586794456,0.000481005916707522,-0.1223632992296454
052_S_4885,0.14880887344378968,-0.10838712644174309,-0.0003289326296230799,-0.15908859734713232
052_S_4944,0.12135616386857562,-0.43727543691110005,0.0031204212405042675,0.33048151517187574
052_S_4944,0.3709549898461586,-0.4030768146211623,0.0029322613622702054,-0.05489327982938652
052_S_4944,0.03389152387464622,-0.515440141336462,0.0033183700737485222,0.32247748787504704
052_S_4944,-0.1086813728194238,-0.40505379092874927,0.0029392587513278334,0.05862510209618127
052_S_4944,0.10629827999163466,-0.6021841350729351,0.0029602021781207633,0.20661297696293668
052_S_4944,-0.4941327607576851,1.3902687691538254,-0.007863755290742014,-0.1352165651977676
052_S_4944,-0.029686824003905543,0.9727615497165831,-0.0074067583152298,-0.7280872370788867
053_S_0389,-0.047953506628152676,0.02184076141763298,-1.7629080956149679e-07,-0.004556321036685018
053_S_0389,-0.03193733879953986,0.07641218895338908,4.5491479827464154e-05,0.007845677633112835
053_S_0389,-0.01552026911262816,-0.0511016973634997,6.153178162854323e-05,0.018602993300217863
053_S_0389,0.09541111454032036,-0.04715125300752237,-0.00010684697064639037,-0.02189234989664568
053_S_0621,-0.020435411568928696,0.019816436186263497,7.906232054538664e-05,-0.01213294368146145
053_S_0621,-0.03548926374899186,-0.083922478209002,5.293217050167387e-05,0.06171538636646001
053_S_0621,0.15773006110663024,0.11189787978870813,-0.00017650609270453144,-0.017120980807556307
053_S_0621,-0.02167944203682315,0.08433928634930643,-7.981756059338707e-05,-0.06831103291707841
053_S_0621,-0.0801259437518862,-0.13213112411527578,0.0001243291622509135,0.03584957103963615
053_S_0919,-0.9434692925081262,-0.43307953225459905,-1.001512363257818,-1.003106850331304
053_S_0919,-0.5734545159722758,-0.09633668131512957,-1.0017309394915208,-1.0231660816677566
053_S_0919,-0.6936036185934354,-0.4264312324040236,-1.0012171974131014,-0.933737744514581
053_S_0919,-0.7102396598170294,-0.22753309324603382,-1.0014931084493481,-1.0216438903793372
053_S_0919,-0.513637489299774,-0.17390797997094953,-1.0017538364641858,-1.024636556677091
053_S_0919,1.1646757751566128,0.42281709439990733,1.644518082053815,2.138741458999215
053_S_0919,1.42643067118325,0.540132374610964,1.7824164025553277,1.4075809316845875
053_S_0919,0.8432981298507778,0.3943390501798645,1.580772960466832,1.4599687328862678
053_S_2357,0.07755588818084144,-0.03437384693799328,0.060265740197874784,0.19567727162404447
053_S_2357,-0.07131401507443799,0.10637380221497117,0.16897749105101534,0.08464385821314102
053_S_2357,-0.2302830670278648,-0.07003015405467017,0.1191558922883722,-0.5805674927896063
053_S_2357,-0.16781293182863327,0.0786532782309659,-0.2099031290011495,0.21154179954912533
053_S_2357,0.39185412575009465,-0.08062307945327318,-0.1384959945361115,0.08870456340329591
053_S_4557,-0.37104978871872996,-0.33740915117230263,0.3096289298355819,0.33870233316373455
053_S_4557,0.20533973958541174,0.10111600187970216,-0.02884137455515212,-0.20356578394176594
053_S_4557,0.14717444872758456,0.13556905964401555,-0.14298407412459824,-0.34138550655581845
053_S_4557,0.018535600405733765,0.10072408964858459,-0.13780348115583152,0.20624895733384985
053_S_4813,-0.4304706759748707,-0.0030682382374214168,1.0918585695981688,0.5640816566042486
053_S_4813,-0.057093212261775994,-0.030892492273572714,0.5138763025470716,-0.8267799853325584
053_S_4813,0.05975090684370432,0.09550434795857199,0.9066321452793562,-0.02248769611777579
053_S_4813,-0.2563759572407423,0.07168138360455933,0.7621738601904013,0.24468780452258354
053_S_4813,0.20067685536314184,-0.21867931891270087,0.7327908699555352,-0.32758705324468695
053_S_4813,0.24978544314681994,0.2298133255614927,0.31443856704461015,0.3834830999127905
053_S_4813,0.3268291546355321,0.34519043524408466,0.3292828113681381,0.3982689351855271
053_S_4813,-0.09025190323427207,-0.2928019488759317,-1.2596058772801701,-0.1894458026222159
053_S_4813,0.23158888325041416,-0.046006939372800204,-1.415815285581882,-0.006391035341234641
053_S_4813,-0.2344394945279511,-0.15074055469628078,-1.9756319631212285,-0.2178299235666774
057_S_1265,-0.08864876196602878,0.363998210335338,-0.00012493635830829186,0.0005413498684083695
057_S_1265,0.11583965962550369,-0.05034188346279975,8.360515488015086e-05,-0.013009599620192214
057_S_1265,0.09880548833521463,-0.23093438495760626,4.5305042960963604e-05,0.031611299004007165
057_S_1265,-0.12599638599468965,-0.08272194191493203,-3.973839532711576e-06,-0.019143049252222877
057_S_1269,0.05563584203377525,0.1728027312462892,-1.235821667955328e-05,0.03223531226689125
057_S_1269,-0.07955577361997823,-0.16199014367329312,4.258919165101016e-05,0.004082234435178522
057_S_1269,-0.0518796864393507,0.10116708851566036,-6.561199507509885e-05,-0.041330052841808795
057_S_1269,0.07579961802555368,-0.11197967608865644,3.538102010364197e-05,0.005012506139738582
062_S_1182,-0.5873624213100526,-0.055236754148392825,0.0004841848458467246,0.09349005191964177
062_S_1182,-0.47783331222745784,-0.024355694608989453,-0.00011561466238374507,-0.023201892597859874
062_S_1182,-0.1987096140696638,0.13318981015701592,-0.00019429725999353664,-0.01655638690514727
062_S_1182,1.2639053476071742,-0.0535973613996337,-0.00017427292346933188,-0.05373177241663463
067_S_0607,-0.6283236216529238,-0.370583457476626,0.0014050248139659827,-0.3875025459483916
067_S_0607,0.54315973667733,0.6252257862497441,-0.0006138133173677618,0.13617739322255118
067_S_0607,0.9876512936959283,0.6563479824502005,-0.0006362334007914972,0.03980652790750172
067_S_0607,0.12533785450620694,0.958087753000932,-0.0005771751934433578,0.027677569066066
067_S_0607,-0.5258834955869953,-0.9436234453485624,0.0002604442528005846,0.12979078218376494
067_S_0607,-0.5019417676395461,-0.9254546188756883,0.00016175284483599395,0.05405027356850789
067_S_2195,-0.1581141222310949,0.07265109400288985,4.622381386226726e-05,0.01833191301138204
067_S_2195,-0.10485767430319637,-0.01658193468903396,8.748234892164142e-05,-0.016454724719725977
067_S_2195,-0.06771213908054197,-0.04786062230107996,-1.3771663130157652e-05,-0.35464996169063523
067_S_2195,0.20225456754326487,0.1955302048131666,-5.3378921286317826e-05,0.16554504575092546
067_S_2195,0.17621938099195245,0.058563973082491866,-9.394909674637075e-05,0.15769998317736805
067_S_2195,-0.04779001292038365,-0.2623027149084344,2.7393518378993065e-05,0.02952774447068557
067_S_2196,-0.015938494668449432,0.038139428782241164,-3.331311613247179e-05,0.16737251550890286
067_S_2196,-0.1748357320212382,0.03400607372976107,2.4565986742830503e-05,-0.11041023124459748
067_S_2196,0.04453897434886847,-0.14054816489438304,2.2318721121572516e-05,-0.45328383238090075
067_S_2196,0.14623525234081913,0.06840266238238078,-1.3571591731986743e-05,0.39632154811659526
067_S_2301,0.1019932691627472,0.2823724342447808,-0.00023305875955137445,-0.15766571237101068
067_S_2301,0.09958911791822944,0.24419242984349016,-0.00019958640191558574,-0.14343914230852484
067_S_2301,0.017523927968061348,0.24656274433274694,-0.00028075849304276534,-0.17349793379278688
067_S_2301,0.015793070102157136,2.748665934428074e-05,-0.0001814756166372833,-0.22332233561622772
067_S_2301,-0.032675233821095495,-0.1280633246739989,-0.00017884402918977305,0.12314154543661532
067_S_2301,0.17107412733650185,-0.005227318591773292,-0.00022790181116977282,-0.22362250731388678
067_S_2301,-0.2283498620753739,-0.3594361687310585,0.0007518202126994833,0.18690957811309183
067_S_2301,-0.14494841659122804,-0.2804282830835315,0.0005498048988072379,0.6114965078527297
067_S_2304,-0.013293084162945723,-0.35478924521276045,-0.00018885857551076413,-0.3911136140103429
067_S_2304,0.0439323173602153,0.06027869108568512,-0.00019608934844395076,0.014415687095932106
067_S_2304,-0.10025225016080541,-0.07772495967868803,-0.00020657540880708591,-0.24161831122554772
067_S_2304,-0.02298729930591703,-0.03097532780196577,-0.00022264941615313116,-0.0794134687882205
067_S_2304,-0.20872001504028592,-0.21013271289958813,-9.829767216978924e-05,-0.27273725637559804
067_S_2304,-0.48342043776088617,-0.40301372668844354,-6.081317547895759e-05,0.1437129658954402
067_S_2304,0.17388650678848894,0.7460738614916512,0.00012748830535080913,0.24744102858847722
067_S_2304,0.3206387612586382,0.48169998759561916,0.0001448059785197353,0.3013005237886434
067_S_2304,0.17394370648794455,0.1949749459387199,0.00011763469072373356,0.266281524270285
067_S_2304,0.11627179453555381,-0.4063915138302292,0.0005833546219694008,0.011730920760931463
067_S_4054,-0.020150043024288244,-0.12151788871678748,-6.788719306127788e-05,0.030056082068874918
067_S_4054,-0.11992597339707167,-0.11337883605324936,6.425534688975221e-05,-0.12310382917535868
067_S_4054,0.26490780897570243,0.26821518845955916,2.9767106093703255e-05,0.2968549654825317
067_S_4054,-0.12483179255434251,-0.03331846368952232,-2.613525992217758e-05,-0.20380721837604798
067_S_4072,-0.1392785383795376,0.08661782766579429,-8.005758075996239e-05,-0.1070227632748044
067_S_4072,0.46683366723288805,0.2141551281775429,-0.00016314214219720347,-0.19283424115200234
067_S_4072,0.39389573505223296,0.25749883867901935,-0.00017381874206967574,0.03418024932929681
067_S_4072,-0.05104510418719874,0.18473920371063413,-5.0781416073564234e-05,0.025637163509692973
067_S_4072,0.27335832962551865,0.22411273974309887,-0.00017416189006697058,-0.1895697216200585
067_S_4072,-0.9437640893439035,-0.9671237379760897,0.0006419617711673209,0.42960931320787554
067_S_4184,0.18649029677583717,0.08639549285108683,-0.00013565541766835665,-0.45990469925058
067_S_4184,-0.07815734176071143,0.23102318741655803,-0.00021694041745784487,-0.0790235871522661
067_S_4184,0.20828993377583377,0.3818933660012789,-0.0001807564831220465,0.34641958874283396
067_S_4184,0.44623564388988307,0.40467052883884946,-0.0002086326393557214,0.04269169650924498
067_S_4184,-0.1576603883449581,0.018493829290446295,-0.00010086539923781501,-0.0362516467719467
067_S_4184,-0.6051981443358843,-1.1224764043982196,0.0008428503568417844,0.18606864792271383
067_S_4212,0.6321072911787201,0.16056988028351277,-0.00024123326668679113,-0.3807877344521128
067_S_4212,0.12354551926246315,0.039083702927158695,-0.0003933966055537641,0.1585134064826873
067_S_4212,0.027970617036477297,-0.027251324702674135,-0.00024189332542035036,-0.07754616367079675
067_S_4212,-0.286767579454579,0.4038569329596974,-0.00013827638761187977,0.1708571653653566
067_S_4212,-0.07058219729596593,0.08929609978662,-0.0002814991095730912,0.08147276957378635
067_S_4212,-0.11815848828497799,-0.2465653126857854,0.0005427920046373602,0.05552216705610502
067_S_4212,-0.30811516244213855,-0.41898997856852926,0.0007535066902082388,-0.008031610355026031
067_S_4767,0.22562862417093343,0.3276093124361337,-0.0003043427320880143,0.07736519049299391
067_S_4767,0.4080422454505508,0.3894718704890916,-0.00029510780583175134,0.1070763952831713
067_S_4767,0.1140851785357048,0.07750045701190264,-0.00036848133790651216,-0.15489421419297364
067_S_4767,0.5489301448307029,0.43904446832982347,-0.0003521176397540682,-0.15646828854501504
067_S_4767,0.12696796194700513,0.19343179165536606,-0.00028228525350670886,-0.32195701205954563
067_S_4767,-0.48247996886979394,-0.6712113850911462,0.0009564100332565828,0.012187216689347039
067_S_4767,-0.361200479236486,-0.2630749714798688,0.0002961926969189954,0.2791250196592433
067_S_4767,-0.5799737068286173,-0.49277154335130247,0.0003497320389113656,0.1575656926727788
067_S_4782,-0.22673652887340834,0.40938566429352286,-0.0004265411167516109,-0.3824643415261587
067_S_4782,-0.057184776577537066,0.2687676915999174,-0.000347024134936591,-0.1076475445449614
067_S_4782,-0.14964670485165432,0.14877448299044554,-0.00042961981857131404,-0.15413454599900014
067_S_4782,-0.21818555177638332,0.11568128240260894,-0.00039799625429765007,0.07419274854179647
067_S_4782,-0.2039277077486561,-0.004083277774220684,-6.952235419371844e-05,-0.29997993147695573
067_S_4782,0.34638581307328487,-0.6452613316858657,0.000932718019994283,-0.09680195743556758
067_S_4782,0.18103282109471786,-0.07281607388696842,0.00022273125282323836,-0.06452484365715995
067_S_4782,-0.39717449853925857,0.4859623043927083,-3.2057117814288105e-05,1.0119768719625912
067_S_4782,0.7254371341988952,-0.7064107423321473,0.0005473115237474846,0.019383544135415945
068_S_2168,-0.015708813936934685,0.012451051163332047,5.072935099703635e-05,0.09885457571965955
068_S_2168,-0.11430496901081566,-0.00131953213171912,-1.8923796433922835e-05,0.2553742141834098
068_S_2168,-0.042033526720293035,-0.0656991326920372,6.361469586796398e-05,-0.21222129088332903
068_S_2168,0.17204730966804338,0.054567613660424265,-9.5420250431133e-05,-0.1420074990197403
068_S_2315,-0.5634299326679488,0.09196505484118245,0.00010715588900855888,0.3419510628484825
068_S_2315,-0.26204093652075783,0.3832411322894289,3.4745372504585426e-05,-0.14371513286345147
068_S_2315,-0.6744389264857966,0.03206652853048749,-2.669551224632194e-06,0.5751920411475705
068_S_2315,2.399304346930517,-0.09500160756345963,6.460887842224539e-05,-0.48696968252902756
068_S_2315,-0.2057695352713359,-0.08128680222373709,-0.00013643722908479594,0.07154051490318238
068_S_2315,-0.6936250159846782,-0.33098430587390215,-6.740335962601707e-05,-0.3579988035067564
068_S_4061,-0.1371415890455141,0.011704184264396733,2.0082145534727758e-05,0.11617824849624653
068_S_4061,0.30212161306557983,0.3198461947228741,-6.722681145071574e-05,0.1994106265009727
068_S_4061,-0.09768992320868652,-0.2767578555841296,0.00019662962825545138,0.25248035090658155
068_S_4061,0.4661464129039254,0.29972827110408873,-0.00010455191923791629,0.4188543737227581
068_S_4061,-0.64749393833768,-0.5899152911308443,-4.645603959224642e-05,-0.38774121241335197
068_S_4061,-0.01993008156203324,0.050440779866580895,-4.5493417089037536e-05,-0.37810504659810645
068_S_4061,0.13398750618440908,0.1849537167570334,4.7016413580014405e-05,-0.22107734061510015
068_S_4067,-0.5754594662306155,0.1251932054379753,4.6237153593253755e-05,-0.16118941929566832
068_S_4067,-0.26451635640696114,-0.07210639549382436,3.898898741966361e-05,0.39184894203380316
068_S_4067,0.9543858047530096,-0.02486617400875346,0.00011682373825960823,0.050008851270706936
068_S_4067,-0.11440998211543302,-0.028220635935397476,-0.0002020498792725256,-0.28066837400884176
068_S_4217,-0.37952025786872357,0.04482284880036047,-6.684998598460723e-06,0.04678947364070572
068_S_4217,0.37739807342460563,-0.5472082545889002,3.362742279605646e-05,0.12654125485324952
068_S_4217,-0.08765564163352124,0.16543578412748666,-1.0302203002632293e-05,0.061639551067545165
068_S_4217,0.08977782607763901,0.3369496216610529,-1.6640221194963445e-05,-0.23497027956150043
068_S_4332,-0.42536856357585673,-0.23326817771801223,-0.00014378076000443052,0.31341705064303216
068_S_4332,0.20079780626947963,0.16124940239394245,-0.00013816156414886427,0.0732054923300462
068_S_4332,0.1611619422815418,-0.07213630857975592,8.948596177671408e-06,-0.27913338986545044
068_S_4332,0.05460671360852665,-0.11242296038094518,0.0002970221260160666,-0.2342814892273155
068_S_4332,0.008802101416308328,0.2565780442847709,-2.4028398040498722e-05,0.1267923361196876
070_S_6236,-0.06768377441313189,0.20766897568491557,-0.0001028266361323138,0.12452838971435298
070_S_6236,0.17330838665430015,0.2943868476455686,1.683512375444396e-05,0.013274509033259996
070_S_6236,-0.2565465988111004,-0.5362610787650637,8.12737384033313e-05,-0.04216042035195233
070_S_6236,0.0785305005048692,-0.0012447845458328048,-8.785783655407275e-05,-0.04672345989459448
070_S_6236,0.07239148606506296,0.035450039980412344,9.257561052855579e-05,-0.048919018501065725
072_S_2027,-0.5235695745585423,-0.027025068237422012,-2.7152445118860946e-05,-0.18569379795185093
072_S_2027,-0.4196019393379909,0.03210411068061411,1.1645879957833394e-05,0.12215810647912939
072_S_2027,1.4253965409340623,-0.0808049510039569,4.369209014676301e-05,0.09866768865860731
072_S_2027,-0.4822250270375292,0.07572590856076478,-2.8185524985790966e-05,-0.035131997185885666
072_S_2037,0.010978436589117568,0.18849585723389004,0.00014175849609254776,-0.0006001911534339599
072_S_2037,0.20115962586616765,-0.4678741144072779,9.809763025164786e-05,-0.14589217826465656
072_S_2037,0.2040548881866282,0.24376663671120744,8.146733401309669e-05,0.5451420495937215
072_S_2037,0.1306301286079632,0.31607892566018514,0.0001223297552188085,0.1784791141045851
072_S_2037,-0.7307217508763725,-0.817638815170082,-0.0003430187271638019,-0.3950741255154881
072_S_2037,0.18389867162649542,0.5371715099720773,-0.00010063448841246547,-0.18205466876472792
072_S_2072,0.04611127313599539,-0.003389052476666876,7.530010368428375e-05,0.0461145811532226
072_S_2072,-0.03354900962648988,0.084806479339544,-1.950057397392957e-06,0.34028230892605527
072_S_2072,0.19290661636652795,0.21527315191448793,0.00014345232256129936,0.03327182069362557
072_S_2072,0.036031526979072526,-0.01233567487192172,-0.00013733805808890942,0.017722586063393594
072_S_2072,-0.21075241863455396,-0.2355966415649155,-4.47160066257557e-05,-0.20643797872832706
072_S_2072,-0.030747988220551692,-0.04875826234052799,-3.4748304133636054e-05,-0.23095331810797
072_S_2083,0.029155971915881096,-0.13108774887801572,0.00011908039655822433,0.40253998531844754
072_S_2083,-0.146727056364662,0.019122395720276963,-0.00023806729216591105,-0.12326490121621345
072_S_2083,0.18211174797588292,0.18449930559096384,6.742630494599444e-05,-0.22114669834562295
072_S_2083,0.041056785156351305,0.07868563946944966,-7.63722610198081e-05,-0.057997238451368394
072_S_2083,-0.06656281149243615,-0.027162028546440967,3.8381853597946325e-05,-0.040508892904501215
072_S_2083,-0.039034637191017074,-0.1240575633562338,8.955099808344302e-05,0.04037774559925855
072_S_2093,1.693718714201679,0.022714374153548877,4.684397623649916e-05,0.18565446416799553
072_S_2093,0.37104999870294275,-0.3484526227912633,-2.1397960315638898e-05,-0.4047769685708965
072_S_2093,1.810875793777308,0.2831224386473187,-1.7504724203476485e-05,-0.08729457518664743
072_S_2093,-1.3151900857775547,0.07477386474677838,6.183984834429168e-06,0.014729230431041795
072_S_2093,-1.5296098366846913,-0.11175821497896968,1.5625910305128166e-06,-0.010733088129934898
072_S_2093,-1.030844584219683,0.07960016022258726,-1.5687867582270254e-05,0.3024209372884416
072_S_2116,-0.02683888012582114,0.08326024627688984,3.146984209428938e-05,-0.048462215708632767
072_S_2116,-0.20730166407863193,-0.39779004002897234,-7.2529157401635125e-06,-0.16793815562199182
072_S_2116,0.21150722788441811,0.3401042343081857,0.00013542128041327262,0.25299928913749287
072_S_2116,-0.08424671593270772,-0.10295593998883376,-0.00012278392842957064,0.019222913978663908
072_S_2116,-0.0674602420193563,-0.05454545601894947,7.436412788774938e-06,-0.04458526004723712
072_S_2116,0.1743402742720993,0.13192695545167996,-4.4290691126436244e-05,-0.011236571738295054
072_S_2164,0.6139132030964713,0.31935239893378947,-0.00014095509871486778,0.02036950766197848
072_S_2164,-0.4938360830633203,-0.17371151506803456,-7.194594338011395e-06,-0.020251685607631464
072_S_2164,-0.3784146489936372,-0.0914435304777783,0.0001750589521734014,0.060209430881521975
072_S_2164,0.3485491824209265,0.24458349614682545,-0.0002445241805454912,0.0025647731552791986
072_S_2164,-0.348984269709003,-0.4507410546121258,0.00023810738505902762,-0.03741568449169114
072_S_2164,0.25877261624856224,0.15196020507732363,-2.0492463634058655e-05,-0.025476341599457053
072_S_4063,-0.0032056525838489724,0.028260739093573864,4.3237905471504856e-05,0.08399376871551667
072_S_4063,0.08480200658332554,0.0751937326071693,4.997343290735756e-06,-0.08311729803339896
072_S_4063,0.15531915676984143,0.0038076400221498247,-0.00016583415068288643,-0.06737413861220609
072_S_4063,-0.22137034592846838,-0.004095711047039263,7.205801349835506e-05,0.3155346310614481
072_S_4063,-0.01554516484084939,-0.10316640067585374,4.554088842223525e-05,-0.24903696313135992
072_S_4206,0.06642840479776768,-0.08202123794180768,-5.8989676015586134e-05,-0.10065930495011866
072_S_4206,0.008987811453747496,0.042109330024505266,0.000336359071597514,0.17557289684431987
072_S_4206,0.14912203549878245,0.17135943542376555,-9.957410017541468e-05,0.3198332089912336
072_S_4206,-0.1391518507045173,-0.2387847768692532,-4.9235310952466804e-05,-0.3641844720798983
072_S_4206,-0.08538640104578077,0.10733724936279007,-0.00012855998445404637,-0.030562328805536387
072_S_4226,-0.34187353232793194,-0.18626190718732133,0.00016443102716956481,0.27178590653208723
072_S_4226,0.30073510530980224,0.20496365783943327,-0.00022410969169256445,-0.6232190430817133
072_S_4226,-0.3371813931051916,-0.1693222522334648,2.8866047800224504e-05,0.020104280962468413
072_S_4226,0.37831982012332105,0.1506205015813529,3.0812616722830644e-05,0.3313288555871575
072_S_4383,0.045333558808243524,0.009283234256270756,-1.0866156713307262e-06,0.2136446361828258
072_S_4383,-0.1454904341397807,0.028625989789744954,-1.9914257948450143e-05,-0.04181012855130922
072_S_4383,0.13969668414135794,0.11959861848961989,-0.00015810384781578257,0.012895163396814568
072_S_4383,0.19895859654998138,0.20673440597869897,-1.2289061352421804e-06,0.16676857907193798
072_S_4383,-0.23849840535980205,-0.36424224851433457,0.0001803336275706946,-0.35149825010026897
072_S_4390,0.37745295489835634,-0.058931035366990625,-0.0001956010405894104,0.13700205677041238
072_S_4390,-0.07207570340709984,-0.10440800656959537,-0.000238512031754734,-0.10120864841559529
072_S_4390,-0.7822099721479296,0.45296631179896063,-5.605065076047522e-05,0.2560271023986232
072_S_4390,0.3722455144184062,-0.09161644635042032,0.00015985468873697117,-0.23294786411456844
072_S_4390,0.10458720623826695,-0.19801082351195431,0.00033030903436764847,-0.05887264663887176
072_S_4394,-0.1416070029145408,-0.10091494917518229,0.0002770457240832691,-0.34386736930531175
072_S_4394,0.27914894665949225,0.2979099987401587,-0.00021302081306223686,0.15118301632863412
072_S_4394,-0.008533036045918041,-0.08978605880593582,-0.00016032076861988154,0.17415609550584044
072_S_4394,-0.22444073508206347,-0.09133973661053152,9.874869756432147e-05,0.06444925399655554
072_S_4394,0.09543182738303019,-0.015869254148508927,-2.452839965583209e-06,-0.045920996525718405
072_S_4445,-0.5295465651800666,0.2845392740300571,0.00036145710970320044,-0.03818924746766095
072_S_4445,0.15318829157838337,-0.3108368872114518,-4.9578178889120306e-05,0.2723864547135799
072_S_4445,0.07504947042520471,-0.026185262692662394,-0.0002807755177823279,-0.19460752587765784
072_S_4445,0.3013088031764785,0.05248287587405717,-3.110341303180775e-05,-0.03958968136826124
072_S_4462,0.15175999996411438,0.04906829540495733,0.00012754072582588094,0.1505745606076359
072_S_4462,0.04471164436671837,0.19406406469499404,-0.00019868767746089588,0.12242395095458793
072_S_4462,0.0830949105308958,0.10230566236778815,-8.082931163078122e-05,-0.10860123750311096
072_S_4462,-0.27956655486172854,-0.3454380224677395,0.00015197626326568514,-0.16439727405911286
072_S_4465,0.2875661974106968,0.11621424968321997,0.00013600587836037903,0.1910491030769825
072_S_4465,-0.3005903421937796,-0.22707106290923085,-7.235020519724689e-05,0.22313503932081205
072_S_4465,0.31628221040477456,0.31899134080450875,-0.00014475521875512154,-0.3036930748642639
072_S_4465,-0.3032580656216918,-0.20813452757849796,8.109954559193389e-05,-0.11049106753353072
072_S_4522,-0.18339959794921978,-0.17155567556515022,0.0001597570114433844,-0.04079448880908276
072_S_4522,0.27686357928424044,0.2891104152665629,-0.00024302788691343835,0.08098801009359435
072_S_4522,0.07605634892330859,0.05470528077151171,-1.003295171037033e-05,0.05035279198449183
072_S_4522,0.01119617341863166,0.0305380349241704,3.556691650224986e-05,-0.09907470970969962
072_S_4522,-0.18071650367696046,-0.20279805539709478,5.773691067828546e-05,0.008528396440696195
072_S_4539,-0.047860223241639355,-0.33757129136114816,-3.296136978186981e-05,0.23510740768009386
072_S_4539,0.12544655073390956,-0.10475522751870053,-2.424883033935732e-05,-0.04150504789128795
072_S_4539,-0.18040906159191283,0.045005416797670894,0.00010157298639290602,0.09700318819456089
072_S_4539,0.06966474867410016,0.33730245717857865,-0.00011754823550957916,0.05946760307488819
072_S_4539,0.03315798542554255,0.060018644903599205,7.318544923778925e-05,-0.35007315105825526
072_S_4613,0.2241544090094148,0.4295005466256525,-6.136767591391479e-05,0.3190578285620113
072_S_4613,-0.2717145732109145,-0.32270774568059146,5.807563666526683e-05,-0.03422393750634173
072_S_4613,0.13535426942467216,-0.04954845817387374,-1.774808216892243e-05,-0.28834417375355204
072_S_4613,-0.0877941052231721,-0.057244342771187354,2.104012141757039e-05,0.0035102826978823942
072_S_4769,0.7945781598489741,-0.3845662562363979,2.9277638689817476e-05,-0.39029312336972405
072_S_4769,0.1009405868083948,0.3466777110088332,-9.737581077462476e-05,-0.1363809618270595
072_S_4769,-0.2958985809426216,0.04022736792133208,3.770245266387917e-05,0.30214671441186236
072_S_4769,-0.5996201657147473,-0.0023388226937674506,3.0395719420872602e-05,0.22452737078492135
072_S_4871,-0.5144495612443574,0.055738148821269096,-1.9130599114292046e-06,-0.272672984656439
072_S_4871,-0.03547187705620558,-0.20983998854036806,-6.137484939727766e-05,-0.04178035992234301
072_S_4871,0.3414696066969751,-0.08449468248794262,4.0068326427389334e-05,0.17782368007932542
072_S_4871,0.20845183160358782,0.23859652220704164,2.3219582881317535e-05,0.1366296644994566
072_S_4941,-0.07354224574549795,0.015260940750231877,-4.706559265138521e-05,0.12639987660245922
072_S_4941,-0.2920209074844857,-0.2312734854125003,6.678635817047862e-06,-0.2432678936798396
072_S_4941,0.04405504473298982,0.07701172827397876,1.358100078718838e-05,-0.04444783778084546
072_S_4941,0.321508108496994,0.13900081638828968,2.680595604714897e-05,0.16131585485822575
073_S_0746,0.49256808639731764,0.7112748308905258,4.861981734760601e-05,-0.6932770960295571
073_S_0746,0.3003193925650565,0.7585344654836484,-0.00014585154701712844,-0.6801165011890158
073_S_0746,-0.16828473555619372,0.6179290053260506,-0.00018826245795394714,-0.6606356465427916
073_S_0746,-0.03424820105796533,0.48037621350494264,-0.00012172948097233238,-0.6825205760739896
073_S_0746,-0.13740521322499977,0.379058145849538,-8.929275814278936e-05,-0.719118351836739
073_S_0746,0.08245732846733589,-0.4112245371777169,-0.00011861943201318947,0.7643077396125506
073_S_0746,-0.26879619862814363,-0.627415117944475,1.3509841906844677e-06,0.7497818971450859
073_S_0746,-0.09543575268790727,-0.4860019487697844,-6.232203307943163e-05,0.7633530917942065
073_S_0746,-0.17117470627450093,-1.4225310571627299,0.0006761069076403059,1.15822544312025
073_S_0909,-0.011436260967711998,0.2574074610451632,8.739906772814443e-05,-0.019042329195074092
073_S_0909,-0.05214707613572667,-0.1522791580117165,5.490672583596812e-05,0.01695841448987445
073_S_0909,0.09632847676868128,-0.08514934168450608,-1.711249189223496e-05,-0.0021175155942843027
073_S_0909,-0.06101958105876526,-0.21134763093270453,-6.760634627545059e-05,-0.01499289665937975
073_S_0909,0.028274441393522753,0.191368669583764,-5.758695539653802e-05,0.01919432695886414
073_S_2153,-0.008525980576380876,-0.019450099210936656,-1.928281453467129e-05,0.04386250504919151
073_S_2153,-0.11331708988424949,0.2220082023919615,-6.13709187214373e-05,0.41340266582295904
073_S_2153,-0.15577665357306425,-0.0076424882677938455,-2.8420161764242113e-05,0.2221607717034404
073_S_2153,0.11878190381364417,-0.09405478174398996,0.00010425233155142433,-0.39087000514955006
073_S_2153,0.15883782022005077,-0.10086083316924116,4.821563469037393e-06,-0.2885559374260407
073_S_2190,0.09163057977883682,0.09384169676429166,1.693841208777469e-05,0.025619424991946638
073_S_2190,-0.1816499296975691,-0.16401208431691694,4.060235786818023e-05,-0.1406099977466761
073_S_2190,0.12769738410559128,0.04105661938004468,-7.456398637400996e-05,0.010586105221345093
073_S_2190,-0.03767803418685922,0.0291137681725806,1.7023216418110554e-05,0.10440446753338437
073_S_2191,0.07181719244317919,0.12170147512016327,-0.00012939963014962919,-0.06027247890078796
073_S_2191,-0.05155323598344275,0.1017006304586403,-9.474915071000511e-05,-0.06841401136516401
073_S_2191,-0.06127063338346206,-0.10869331777907598,-2.1548863171017008e-05,-0.12692674878716823
073_S_2191,-0.20711096841603593,-0.002901741646153644,-6.511932346858762e-05,0.030771606074465246
073_S_2191,0.013641570362102007,0.1515387635431018,-0.00016217959924341718,0.09172717962085
073_S_2191,-0.1735130744649005,-0.004278576533281453,-2.657383911264244e-05,0.015017480650240472
073_S_2191,0.40798914944256026,-0.25906723316339475,0.000499570405855132,0.1180969727075645
073_S_2225,0.06901534309948831,-0.0030163588339955916,7.722041896812692e-05,-0.01308278097778276
073_S_2225,0.27046386524506555,0.5282913442216823,-0.00033294137519473965,0.689709607655085
073_S_2225,0.384533924917478,0.17843799903000157,-5.288927372648633e-05,-0.16818869919219231
073_S_2225,-0.25819188391077075,-0.3614333168696258,0.00022058130418367572,-0.4280256920593475
073_S_2225,-0.3525983499853228,-0.12105798315642397,-1.637476955601569e-05,0.07986951924346625
073_S_2225,-0.11322289936593888,-0.22122168439163853,0.0001044036953252725,-0.1602819546692288
073_S_2264,-0.0766330663629588,-0.06011955814043546,9.626955482661126e-05,-0.14157090587431603
073_S_2264,-0.22571312181799966,-0.039062451606170945,8.630647087853882e-05,-0.2681210824092067
073_S_2264,0.21384540208940228,-0.06661586555235233,5.480613329117423e-05,0.017109721602367067
073_S_2264,0.15343092833580252,-0.14080926393556548,9.20550842347656e-05,-0.0902779973959959
073_S_2264,0.5326689674230712,0.012752634043669775,-0.00015593980115224948,0.2920061740344613
073_S_2264,-0.5975991096673173,0.29385450519085465,-0.00017349744207872941,0.1908540900426903
073_S_4216,-0.5885581974059395,-0.009734049723960081,-0.00015332260980488455,-0.1413449958255255
073_S_4216,-0.3812188621596047,0.2509188641109793,-0.00044735445455340583,0.3069626574631727
073_S_4216,-0.4112708787066045,-0.18758109337182066,2.544211800070695e-06,-0.09529083140467531
073_S_4216,0.5192868415547028,-0.27151943201560075,0.00010137368475210407,-0.39978936743761495
073_S_4216,-0.22637599997967855,0.4283180200235871,-0.0003041193509634166,0.1630417058127408
073_S_4216,1.0881370966971244,-0.21040230902318485,0.0008008785187695877,0.16642083139190225
073_S_4259,-0.017400236767752042,0.016924038852407508,3.978069922577765e-05,0.17766200695470513
073_S_4259,0.3630019547930181,0.1411788097570595,-1.9696911230104863e-05,0.19430488584328753
073_S_4259,-0.2507775303570029,-0.2531196330165871,4.1582914079685285e-05,-0.23108519133155858
073_S_4259,-0.09482418766826317,0.09501678440712014,-6.166670207535807e-05,-0.14088170146643397
073_S_4300,-0.0015263122446135258,-0.2137100701975086,0.00012788244895323153,0.03570606687026526
073_S_4300,-0.18977757862241132,0.05510532760689063,-0.00011747662350980459,0.5934365785086345
073_S_4300,-0.18061957916420415,-0.16831032122789585,0.00014720506158039104,-0.012297076345729185
073_S_4300,0.37192347003122894,0.3269150638185139,-0.00015761088702376247,-0.6168455690331707
073_S_4311,0.03037127654352023,-0.03439648407066137,-4.865569349915555e-05,0.2678477758039015
073_S_4311,0.181800551373118,0.2736607572249444,-6.966651172890526e-06,-0.2854671943737612
073_S_4311,-0.1861192546725403,-0.21094071263566402,0.00013378180863965472,-0.1086626094769351
073_S_4311,-0.02479115608341742,0.11247944185804687,-0.00011145099086334875,0.1925572314839552
073_S_4311,-0.0012614171606811775,-0.14080300237666574,3.329152689562909e-05,-0.06627520343716038
073_S_4312,-0.1542959121022245,-0.1688727958553623,4.660586572330372e-05,-0.11718423981149917
073_S_4312,0.34655700340238504,0.3711699563788156,-0.00021355072712003764,-0.05536749146212755
073_S_4312,-0.34023903201741,-0.12582307919010371,0.00017424837148571903,0.14189443720693734
073_S_4312,0.05246008700208593,0.017594641125549537,-2.6755874324102535e-05,0.021386897800938554
073_S_4312,0.0955178537151633,-0.09406872245889941,1.945236423533947e-05,0.009270396265750713
073_S_4360,0.6651440089217416,0.35883694923152626,-0.00018324904911765083,0.07942321365111288
073_S_4360,0.7134089641337137,0.25765714278489255,-5.649320554862447e-05,0.2768714409594826
073_S_4360,-1.0325019980074608,-0.45211330218142365,0.00012504073249086645,-0.29955694554399165
073_S_4360,-0.4410525699779395,-0.06707723605269345,3.606575856796024e-05,-0.13623608430072454
073_S_4360,0.09500159492994498,-0.09730355378230182,7.863576360767066e-05,0.0794983752341207
073_S_4443,-1.2764041874851684,0.4228934312872394,-0.0003822136869087167,0.13302873694066497
073_S_4443,0.7909738732363196,0.2900887777661451,-0.00019812824894110959,-0.06844587596713994
073_S_4443,-0.26210535127775086,-0.13847736570035796,1.6505418668377736e-05,-0.34939607729308875
073_S_4443,0.5327971081888412,0.093889667732584,-0.00021314971957508977,-0.20562593943780724
073_S_4443,0.21473855733775848,-0.6683945110856105,0.0007769862367564273,0.49043915575737096
073_S_4614,0.07515163614390197,0.26792751835114303,-0.0002354276304551428,-0.03303463900384679
073_S_4614,-0.21471628221250794,-0.03250061701840534,-6.585807994685666e-05,-0.1359922768894588
073_S_4614,-0.01365505494826691,0.02565446281594841,-0.000275302567633251,0.03833654298375042
073_S_4614,0.590341517727468,0.07755671640667872,-0.0005035311653622809,0.08160233572152606
073_S_4614,-0.4371218167105949,-0.33863808055536504,0.0010801194433975314,0.04908803718802912
073_S_4777,-0.22845076158927005,-0.1642456735406781,2.0380357484695022e-05,-0.29376222382993694
073_S_4777,0.17522364425615844,0.5525473666760761,-0.0004887840558991385,-0.3173850686027767
073_S_4777,-0.06970042919147021,0.20521809390172507,-2.1962651027662705e-05,-0.3646740055413627
073_S_4777,0.06098374935276285,0.03623688055432506,-0.00029520849254899284,0.09019980817319817
073_S_4777,0.061943797171818804,-0.629756667591448,0.0007855748419910435,0.8856214898008782
082_S_0928,-0.5725075081728096,-1.2426356311492786,0.00017239309250849377,-0.2830781018295634
082_S_0928,0.2872652060406543,0.20226647109908452,6.491544493009149e-05,0.19798250003003137
082_S_0928,0.07050253528533343,0.45835485388673136,-1.3593515076293361e-05,0.05922083911496756
082_S_0928,-0.003078956509460523,0.2381377806327255,-3.807115005360906e-06,-0.15056322679296374
082_S_0928,0.2178187233562824,0.34387652553073744,-0.0002199079073568755,0.17643798947752887
082_S_2099,-0.2858795622199223,-0.33962777122492505,0.0001871910894832296,-0.30168208773384
082_S_2099,-0.08231490317554446,-0.3039217089668511,0.0002471599361471566,-0.16341123956851514
082_S_2099,-0.22827593713340133,-0.14736037783838685,-9.393013123526472e-06,-0.18232493977991662
082_S_2099,0.5964704025288681,0.790909858030163,-0.0004249580125067487,0.6474182670822717
082_S_2121,-0.3638466722831546,-0.33788736959788773,6.246448732150078e-05,-0.12305621155390867
082_S_2121,-0.4659065589372833,-0.321532653310354,-3.0603695844733103e-06,0.6724485018500018
082_S_2121,-0.46895074206117116,-0.3304715137809376,1.7901040050227746e-05,0.014377302346731943
082_S_2121,0.3246323446021198,0.13586293834307106,-4.335549600548161e-05,0.44176296805853743
082_S_2121,-0.0023833768064387417,0.15624536291321545,2.8213266276166937e-05,0.23873044450699418
082_S_2121,-0.08978401361243071,-0.04193898409521024,-1.1015074732945163e-05,0.4415998630669647
082_S_2121,-0.0066645349286851285,0.07858668043459438,5.6774342767795805e-05,-0.6394509811882992
082_S_2121,0.2628816153145426,0.2516715957533464,5.64597904373354e-07,-0.4350779528140344
082_S_2121,0.810021938712501,0.409463943340163,-0.00010848679399705352,-0.6113339342729878
082_S_2307,-0.7516331546579518,0.03177930308180399,-0.00012456387764292476,0.22638228747483635
082_S_2307,-0.7860154656328977,0.11675248050299591,-4.5705382291094665e-05,0.06252340899776032
082_S_2307,1.8978861539261485,0.02240682543666145,8.0586543266703e-05,0.11439042968311727
082_S_2307,-0.3602375336352991,-0.1709386090214613,8.968271666726091e-05,-0.4032961261557139
094_S_0921,0.4674994431766985,0.43938210403865713,-0.00011074891320544955,-0.0029088737326057323
094_S_0921,0.5615382688921948,0.15048496481615772,0.00025150767138859553,0.01992197870756307
094_S_0921,-0.4112184666471913,-0.012988512479242986,9.343397185618274e-05,-0.05149744476439988
094_S_0921,0.38078923446105084,-0.07436208412474696,-0.0005698447713275434,0.0363315692687729
094_S_0921,-0.9986084798827523,-0.5025164722508249,0.0003356520412881592,-0.001847229479330137
094_S_1188,0.05825814587654721,-0.12887490359886866,0.00048071934096166613,0.10461490592790001
094_S_1188,-0.20411586760190692,0.2555758139472897,-6.065931900151034e-05,0.02256436686280805
094_S_1188,0.010639774051371842,-0.1357278664267334,9.737271536741643e-05,-0.03673344956036906
094_S_1188,0.13521794767398765,0.009026956078312498,-0.0005174327373276277,-0.090445823230339
094_S_1293,0.5528364559357244,-0.26446685103766077,0.0037412796447445773,-0.008237601698111163
094_S_1293,0.3503888289075873,-0.015564288679734029,-0.00047247202648004194,-0.056210853074146305
094_S_1293,-0.4012409240061238,-0.43147878657559213,-0.00013541343216394441,0.007653162677378589
094_S_1293,0.16677653374995133,0.0011749387729756977,-0.0008747228442626542,-0.05189389390970156
094_S_1293,-0.6687608945871393,0.7103349875200111,-0.0022586713418380477,0.10868918600458022
094_S_1417,0.11484313754875497,0.2373666377485124,0.00023376087651594268,-0.05910813049968833
094_S_1417,0.17636935171644275,-0.3161402194817914,0.0005513598741533343,0.1008737514335798
094_S_1417,-0.1548856989592533,-0.28757377646130144,-0.00034567183506134525,-0.05116325498947316
094_S_1417,-0.1363267903059444,0.3663473581945804,-0.0004394489156080428,0.00939763405558125
094_S_2238,0.16037432229854387,-0.25962817423899254,0.002970741921844655,0.037817114938107355
094_S_2238,0.19657921224336777,-0.37692112715358794,0.007386192684093462,-0.21386063130160465
094_S_2238,-0.5162038813462595,0.23992300531974942,0.0082346620730126,1.5917235552980646
094_S_2238,-0.07418350253277395,-0.4748292596467436,0.0010517089554632486,-0.2567481280540526
094_S_2238,-0.5117029957441652,0.0787047895000963,-0.0004052895795687017,-0.00936314708755226
094_S_2238,0.5448656624177493,-0.0985172575264952,0.0007899117968082625,-0.03360277567723691
094_S_2238,0.5134995646696011,0.1746947693340215,-0.0067096600078342394,-0.25815013991108815
094_S_2238,0.12848007225938757,0.04723530994986236,-0.006274194193413796,-0.5698484159732125
094_S_2238,-0.44170845426545036,0.6693379444620904,-0.007044073650405103,-0.28796743223142507
094_S_2367,0.04167514666500366,0.24475869861759336,-0.0009126692739733211,-0.050999239640133476
094_S_2367,-0.006329512117287939,0.2561400765543087,0.0015420589882332858,-0.18800855231528946
094_S_2367,0.3937231700264893,-0.003868604727285785,0.0011677973336135516,0.5103307280488902
094_S_2367,0.2518281023700205,-0.2063523457938028,-0.00017940248978060014,-0.02148084006970641
094_S_2367,-0.6808969069442257,-0.29067782465081304,-0.0016177845580926942,-0.24984209602376106
094_S_4434,-0.4353162212638163,0.5686755148076768,0.0031743304450512766,1.3850006113128694
094_S_4434,0.05652988341550824,-0.27879651741877154,0.0014964357914597493,1.6383064424337155
094_S_4434,0.04325526946388414,-0.4987812737832066,-0.0009458220087065206,-1.1858297948549326
094_S_4434,0.42093304185939584,0.002340734053424054,-0.001473865851021161,-1.0890113254071703
094_S_4434,-0.08540197347497169,0.20656154234087754,-0.002251078376783344,-0.7484659334844823
094_S_4630,1.396596126885656,0.2124289874642663,0.002315125122708428,0.7498368420566959
094_S_4630,-0.6180256683018512,-0.700894650262291,-0.0007944207099567224,0.27304636352782563
094_S_4630,0.14859947718719257,0.21302772626775146,-0.002024886537333126,-0.39649694167208926
094_S_4630,-0.5949069104796084,0.1786138705336111,0.0009875944010130921,-0.30088556683635287
094_S_4630,-0.33226302529138874,0.09682406599666304,-0.00048341227643178275,-0.325500697076079
094_S_4858,-0.01331603963704417,-0.18609222683369375,0.0005005982916147511,-0.10384284203920713
094_S_4858,-0.30185349802373873,-0.11305667929948693,-0.00020114997561504477,0.67554479136041
094_S_4858,0.06856318829462915,0.13306505225613785,-0.0010022507904788869,-0.45997252659008075
094_S_4858,0.2648957390831741,0.0832311194838391,0.0004958288096000851,-0.1331798897912715
094_S_4858,-0.018289389717020293,0.08285273439320329,0.0002069736648790399,0.02145046706014897
098_S_0160,0.11282548924511449,-0.08636696589390946,0.0005311427871146357,0.06068834807387513
098_S_0160,0.0874182394825399,0.8563136139816168,-0.0005629116881259999,-0.06848806795452456
098_S_0160,-0.06919226979730109,-0.24075636660658584,0.0001760824837736541,-0.030781751642947608
098_S_0160,-0.4358793845225337,-0.11317516902901614,-0.0003223464678675514,-0.05927337217820505
098_S_0160,-0.1952011918494707,0.3510132398650274,-0.00033941778593077343,-0.019026495272035593
098_S_0160,0.6175727719527448,-0.27703087574909857,0.0004273800212340473,0.07575855143565913
098_S_0160,-0.11754365451109372,-0.48999747656803383,9.007064980193213e-05,0.04112278753817833
098_S_2052,0.43585198338268133,0.3306400961251963,-0.0010892959205047181,0.05086537189370627
098_S_2052,0.08096589740019067,-0.05909399476291055,0.00014376493903428544,0.03699846723592065
098_S_2052,-0.04653097278098761,-0.0016372529351400544,0.0008571888856578336,-0.18883695214315724
098_S_2052,0.10401586439445432,-0.12275018953759265,-0.00022936153641467394,0.06577317694424528
098_S_2052,-0.5743027723963383,-0.1471586588895537,0.0003177036322271065,0.035199936069285065
098_S_2079,0.5570275920262541,-1.1904287877346547,0.0063179212927017,0.6872199738658431
098_S_2079,0.6047273537321525,-1.0802202767237365,0.006629413199349954,0.5138697947366095
098_S_2079,-0.15359677986629816,0.4077577663914867,-0.00253690458484801,-0.37998337877399496
098_S_2079,-0.21512752969297366,0.5523609323862242,-0.0024834605617437555,-0.32509788805423917
098_S_2079,-0.14623817712092002,0.5878182272978543,-0.0027470004837811812,0.0006384611125483802
098_S_2079,-0.2707226137911235,0.38432872090271974,-0.002687318772984393,-0.3207074788473278
098_S_2079,-0.3760698452870904,0.3383834174801062,-0.002492650088694537,-0.17593948403943913
099_S_0051,0.11094360473410947,0.002650720791172567,4.581136313736023e-05,-0.002553829807253827
099_S_0051,0.09607672249676003,0.13577175069502045,3.887706142630121e-05,0.0395453993282584
099_S_0051,0.13861767606629782,0.019023972821842206,4.5801732981631815e-05,-0.04248484044296175
099_S_0051,-0.3456380032971673,-0.157446444308035,-0.00013049015754523774,0.005493270921957061
099_S_1034,-0.007034429118287666,0.2761035257369462,7.809291435084686e-05,0.006505325021937791
099_S_1034,-0.07436729471440723,0.0732753738116172,9.22209423756537e-05,-0.017465434970192817
099_S_1034,0.1385511530678124,-0.14506996857002896,-6.0965551401892526e-05,0.006694811848380056
099_S_1034,-0.10311732515089206,-0.19265684897864332,-1.2003579644481732e-05,-0.025305153603547348
099_S_1034,-0.1184355054575141,-0.2260529692975064,-7.022627271813242e-06,0.03419584214903937
099_S_1034,0.16440340137328846,0.2144008872976153,-9.032209840836858e-05,-0.004625390445616828
099_S_2063,-0.16405453360282007,0.49805621186381493,-0.0038060474502161212,-0.3028694724993679
099_S_2063,-0.3292797711865679,0.2070706773813893,-0.003499423587278172,-0.4325186511866996
099_S_2063,0.18274447240466174,0.7446622481984091,-0.003874916919159588,0.2656941987226478
099_S_2063,-0.30703160790890205,0.29103437372911384,-0.0038216142038502987,-0.2874839317076109
099_S_2063,0.5277077964274143,-0.8693822415134592,0.007767841295957367,0.3637974027583908
099_S_2063,0.08991364386621381,-0.871441269659268,0.0072341608645468125,0.39338045391263976
099_S_2146,-0.48876217154402984,1.0522491518197843,-0.0046513632415637884,-0.6122885744323845
099_S_2146,-0.2985867778312417,0.9773820149779403,-0.004903515701010497,-0.5146223743794909
099_S_2146,-0.16242352322990822,1.1917382046029,-0.004776690087946012,-0.011314207912821894
099_S_2146,-0.41807191037281805,-0.5519780786919731,0.005209222045949979,0.0031902826133634044
099_S_2146,-0.1670287289887184,-0.7069689315559383,0.004541143947615511,0.06408296892572107
099_S_2146,0.2199242140555152,-0.37452501041037023,0.004390779875595552,0.028109781959621882
099_S_2146,0.3289032484953276,-0.6996910035494656,0.0035958541524122034,0.13554896301659958
099_S_2146,0.9860456494158734,-0.8882063471928775,-0.003405430991052949,0.9072931602093912
099_S_4157,0.4185080265835351,0.24630728327522589,-0.002429890149864833,-0.1273796398253485
099_S_4157,0.2804697809529111,0.26384936848166174,-0.002455577411012877,-0.12809557310536812
099_S_4157,0.15003934733093288,0.4149628982102163,-0.0024294651455440963,-0.539053985568603
099_S_4157,-0.849017154867379,-0.9251195499671039,0.007314932706421806,0.7945291984993197
099_S_4205,-0.13920359501413526,0.41554652345447174,-0.0030600274000482375,0.030313526373094812
099_S_4205,-0.4017018351526396,0.40820034451859455,-0.0033680354504688204,-0.4801889783496078
099_S_4205,-0.49332315462771037,0.45007180826499793,-0.0031751162117102383,-0.42229647933749115
099_S_4205,1.0342285847944854,-1.2738186762380643,0.00960317906222724,0.872171931314004
099_S_4463,0.0037244059815106367,0.6436924557356273,-0.003125719924843784,0.20323367991845828
099_S_4463,-0.42615325777882823,0.1808076052348419,-0.0033521442441141747,-0.08507000568501648
099_S_4463,-0.4874605004098332,0.2917143146284486,-0.0033106005385255544,-0.2586087630704511
099_S_4463,0.9098893522071508,-1.1162143755989178,0.009788464707483402,0.14044508883700935
099_S_4498,0.16439183544286956,0.6944684530640058,-0.004527651627787732,-0.582542567199874
099_S_4498,-0.22886264982156118,0.43805675331609556,-0.004517683433961139,-0.619138713268796
099_S_4498,0.08041940088838795,0.21222429762452266,-0.004478968242677572,-0.4278535710577262
099_S_4498,0.1576017019572793,-0.8209582880523513,0.00740421535890623,0.5152503864702271
099_S_4498,-0.17355028846697568,-0.5237912159522732,0.006120087945520103,1.1142844650561692
100_S_0296,-0.2622852441525521,0.019358205948498908,-0.11999664829879109,-0.32672569533922324
100_S_0296,0.7193014115115995,0.08110873056698353,-0.3152749363815306,-0.45188292854451273
100_S_0296,-0.3465179751367148,0.11406214930504754,-0.07969842922207038,-0.1529847155009575
100_S_0296,0.36329955341814313,0.14004565154788517,-0.006735627611955675,-0.47226035740659644
100_S_0296,-0.4840469670554454,-0.12517661869375774,-0.3148899439819792,-0.21608272305643844
100_S_0296,0.0006373320823541695,-0.07915775175383732,0.4275241265471341,0.8493070186105494
100_S_0296,0.009611889332615808,-0.150240366920819,0.40907145894919106,0.770629401237179
100_S_4556,0.19283288041034607,-0.018754993391765007,0.9942240140311931,0.3695237355580707
100_S_4556,0.39209597086703263,-0.020093079512250034,0.7879059229846321,0.22496509801050202
100_S_4556,0.1741807387667348,-0.056866807048919776,-0.03930689949563915,-0.0046229178447705355
100_S_4556,-0.06292133877560913,0.19129926154302968,1.0336719493190452,0.21125621000274752
100_S_4556,-0.2857925342630965,0.03291300371401806,0.920370276010825,0.08597125376681758
100_S_4556,0.35500133581746196,0.4585972298111861,0.6511468821349018,0.019013210009481307
100_S_4556,0.1938236699180963,0.2075989445452412,-1.727272466478258,0.008132709204752064
100_S_4556,-0.9592207227409659,-0.7946935596605402,-2.6207396785067014,-0.9142392987076015
109_S_0950,0.045146437676896786,0.05417981026652685,0.0001357142467828254,0.09085332952013714
109_S_0950,0.1964041134081279,0.0391684488098234,0.000145439721378815,-0.11803224187981065
109_S_0950,-0.030558498467288933,-0.07467079648598163,-9.540241498967594e-05,0.16616885693829397
109_S_0950,-0.21099205261773574,-0.01867746259036851,-0.00018575155317196446,-0.13898994457862024
109_S_1114,0.35517876197772263,-0.03083732776879078,0.00010347415601003052,0.0205568254563101
109_S_1114,0.007251888768640691,-0.07240547268974695,0.00018552770118518414,0.12410351576667689
109_S_1114,-0.20179864982131895,-0.05325006959005907,-9.795578198878996e-05,0.031036338253397577
109_S_1114,-0.16063200092504437,0.15649287004859702,-0.0001910460752064802,-0.1756966794763848
109_S_1183,-0.03748616321262799,-0.16972631359007773,0.00010925083439150551,0.00621623585940001
109_S_1183,-0.04216293159102169,-0.11459225892383218,0.00012111115728091759,0.2400796588223385
109_S_1183,-0.026962930399133334,0.15242159954869883,9.886471146053344e-05,-0.14515869789076064
109_S_1183,0.20420448933890462,-0.16664143984642865,-0.00013687098571035783,0.09967443278764598
109_S_1183,-0.09759246413612144,0.29853841281163973,-0.00019235571742265423,-0.2008116295786242
109_S_2200,-0.25459268731542534,-0.31147111164325114,-0.0004256162483894377,-0.30745383036149254
109_S_2200,0.5223352075641021,0.1813232052178908,-0.00012997046815776958,0.43889891839988426
109_S_2200,-0.028058947195397366,0.2086835705976391,-0.0038484817519494063,-0.2644864206817543
109_S_2200,-0.21144471138470444,-0.1617791740504093,0.0012928264706107417,0.5212351930247242
109_S_2200,-0.0282388616685747,0.0832435098781319,0.0031112419978860384,-0.3881938603813616
109_S_4380,0.22191946304324223,-0.496709221808201,0.0014821742187247078,0.700177675014199
109_S_4380,0.13294873228435278,-0.5378225530811851,0.0016725211249734029,0.12958563868201262
109_S_4380,0.4267767848991047,-0.7817130352699215,-0.0014734094012939791,1.0234883906032732
109_S_4380,0.052688734611275254,-0.6996428956635952,0.00432859196590929,-0.1467112088466751
109_S_4380,0.45852942158542437,-0.624656883111304,0.005244779037495817,0.13363195769740627
109_S_4380,0.24031785976459868,-0.8426519658956799,0.004803609419423316,-0.25170023680070974
109_S_4380,-1.125514454490259,1.5522891753504116,-0.008022692475518622,-1.2068791260290839
109_S_4380,-0.40766654169773897,2.430907379479475,-0.008035573889713765,-0.3815930903204224
109_S_4455,-0.048799659010407094,0.056480819589478815,-0.0012580476939129115,0.005079113568584592
109_S_4455,0.33243558191776384,-0.004102309849379315,-0.0018746921132806182,-0.5844159639289026
109_S_4455,-0.16736380079643232,0.07658301238398169,0.0014230678409446473,0.43811995973839013
109_S_4455,-0.07726066717695565,0.17109851784789076,0.00019063274499286909,0.13373736840189998
109_S_4455,-0.03901145493396877,-0.3000600399719726,0.0015190392212562354,0.007479522220028456
114_S_0378,-0.13415803976288632,0.14479651170427144,3.134144001815109e-05,-0.13457239783552521
114_S_0378,-0.23540957119299089,-0.25654223068723936,0.00010958655341153367,0.0348529174246367
114_S_0378,0.40494433996576396,-0.02063542825143383,-1.2582093233015623e-05,0.05410880719191913
114_S_0378,0.10601619080043667,0.06986760598906194,-8.236033442121649e-05,0.03844476407900266
114_S_0378,-0.1413929198103232,0.06251354124533992,-4.598556577539714e-05,0.007165909139966509
114_S_0410,0.8815836903609298,-0.014507744213800411,-3.203034008525396e-06,0.12340357129983048
114_S_0410,-0.5201491207244688,-0.11347099387196202,5.26776150236441e-05,0.001834838852155185
114_S_0410,-0.2352381736794682,0.12064482677869326,-6.382565032470033e-05,-0.21084542623716884
114_S_0410,-0.1261963959569925,0.007333911307069174,1.4351069309692654e-05,0.08560701608518295
114_S_1103,-0.24847776226446494,-0.03542063812440854,4.4124390784494594e-05,0.03249280680178934
114_S_1103,0.0426155399617793,-0.20944214059844118,3.373944705631349e-05,0.0007719531472969443
114_S_1103,-0.09969529643522551,0.04080205270595727,1.8683681275999398e-05,-0.06629525682118675
114_S_1103,0.30555751873791115,0.2040607260168924,-9.654751911686299e-05,0.03303049687210069
114_S_1106,0.14126047856788326,0.07894216979000168,0.00011522329973451262,-0.06809466318714708
114_S_1106,-0.15206915552033506,0.07936065309540863,-1.6395969000770894e-05,0.05206279782110057
114_S_1106,0.24266723032778792,0.09911909232474525,2.7833704935309456e-06,-0.06009228529877941
114_S_1106,-0.03676464066011231,0.14113626916832422,-1.0566776790676968e-05,0.09004769734085705
114_S_1106,-0.19509391271522392,-0.39855818437848,-9.104392443654019e-05,-0.013923546676030796
114_S_1118,0.15226072831698467,-0.06021634383920138,0.00011714900987092047,0.09117089570793602
114_S_1118,0.5082706498041969,0.11393185657175087,2.2876271105920498e-05,-0.0037211946820331354
114_S_1118,0.08048946842037918,0.10999517485677734,2.168026472715301e-05,-0.06723338640038845
114_S_1118,-0.429527242106699,-0.09865550769829401,3.256243894389499e-05,0.013687424874817222
114_S_1118,-0.07384414004765405,0.10922777607703615,-3.156299911044602e-06,0.05247312746214894
114_S_1118,-0.23764946438720752,-0.17428295596806875,-0.00019111168473667783,-0.08637686696248037
114_S_2392,-0.15516322173014058,-0.4201151064651567,4.936539309474686e-05,0.49655710512065154
114_S_2392,-0.30962382864982796,-0.11686919809828579,9.109708325344412e-05,0.4771664593141886
114_S_2392,-0.117464336110991,-0.18403903169215974,7.010078887098592e-05,0.27708498352934163
114_S_2392,-0.14250016579868668,-0.23126325940847547,6.455057637572148e-05,0.5226278507221991
114_S_2392,0.5994547745132779,0.20726430252874636,-2.3683956493547598e-05,0.24387423490636725
114_S_2392,0.9057160763374414,0.4284822471809633,-0.000201722442811747,-0.6706742152606062
114_S_2392,0.36270773827724617,0.3503870165867452,1.5107096832944755e-05,-0.4229064438344625
114_S_2392,-0.05677621093180191,0.44697765268630674,-8.940868826390336e-05,-0.15184485892989985
114_S_2392,-0.4092500822760189,-0.3083608680704744,0.00011650497161902473,-0.2586950990711909
114_S_2392,-0.33340529664637975,-0.06421419904958303,-6.797009458719971e-05,-0.19592678368610694
114_S_2392,-0.3436954469841188,-0.10824955619862653,-2.3940727890137126e-05,-0.31726323281048174
114_S_4404,-0.22946072055576963,0.0440717238475071,-3.861393953158432e-05,0.5733957527198006
114_S_4404,-0.2791939693744712,-0.21016008430446723,0.00010388426061291867,0.6171457250767729
114_S_4404,-0.07978095019013695,0.10206363505411267,-0.0001271315793253125,0.3446512158281033
114_S_4404,-0.3634009982910366,-0.18883775372802591,-2.012158390013452e-05,-0.1568041185889678
114_S_4404,-0.056157222333934054,-0.26064896561456,0.00011446554159727507,-0.2809940931887117
114_S_4404,0.10129087197229641,-0.004961032046071595,-9.876821582632811e-05,-0.4913232698762945
114_S_4404,0.4945733271338177,0.33173448727033195,2.62547893166154e-05,-0.27419273670688116
114_S_4404,0.4121296616392344,0.18673798952117307,4.003072705671684e-05,-0.33187847526382197
114_S_5047,-0.20616695139170893,-0.1807090460523899,-7.607118763136578e-05,0.3869968585420492
114_S_5047,-0.4661990529461971,-0.11639504128536388,0.00015953047349481775,0.31246429795237407
114_S_5047,-0.38260660582246053,0.102467073728928,1.8204695674262084e-05,0.5634825818092287
114_S_5047,0.21228135568182221,0.18209890745462998,-7.322547661969825e-05,-0.4229639932082151
114_S_5047,-0.166806250715689,-0.5317269022477218,2.2609017907182505e-05,-0.22468652372682563
114_S_5047,1.0094975051942336,0.5442650084019176,-5.10475228251428e-05,-0.6152932213686114
116_S_0361,0.21352703242594195,-0.13719717907005258,-2.628582937203028e-06,0.03127544086924272
116_S_0361,0.1221450949529983,-0.11113423066717942,8.063088620280379e-06,0.0201611978083881
116_S_0361,-0.19122408846694738,0.09016068911639863,-6.268007943011078e-06,0.008127351615082046
116_S_0361,-0.16378284762945916,-0.09616701016003049,-1.7521036508316712e-06,0.05495468753286048
116_S_0361,0.019334808717466068,0.25433773078086386,2.585605910654376e-06,-0.11451867782557312
116_S_0649,-1.6354932598672267,-1.1034542872875182,0.0010219411406389711,-0.7491323656369652
116_S_0649,0.1399629849196039,0.197002956750704,-0.00017179933866040553,0.20582802356209806
116_S_0649,0.31580443632609345,0.4041991031136031,-0.00017528850130038576,0.07213521033482884
116_S_0649,0.2553224316497883,0.5318723349905042,-0.00017298137885674025,0.12047245235740045
116_S_0649,0.04040577410244739,0.06842442916761404,-0.00017762246288971495,0.22739568483758804
116_S_0649,0.6417429387250808,0.1304535215287136,-0.00018433801020917295,0.11859629589987397
116_S_0649,0.24225469414421308,-0.22849805826362057,-0.0001399114487226072,0.004704698645175198
116_S_4175,0.02851200913205454,0.0840388578466969,2.112162398032469e-05,0.23033592592019597
116_S_4175,0.35827432403869874,0.021644658736361566,7.884575996225385e-05,-0.11754968205734845
116_S_4175,0.23248286163688275,0.03219881096910293,-3.846028695742021e-06,-0.18816664651764425
116_S_4175,-0.3058363609732305,0.037846487294868,-4.0390504269238736e-05,0.0509413080209436
116_S_4175,-0.3134328338344058,-0.1757288148470295,-5.5730850977375734e-05,0.024439094633853103
116_S_4199,-0.18063135927851937,0.04868952793395914,2.0768548569971568e-05,0.6727322422648448
116_S_4199,-0.2142421042634528,-0.07711319611802303,0.0001891423875001741,0.11095111458263537
116_S_4199,-0.141114178367426,-0.07544470304196965,0.00022060754553909767,-0.05555044450721447
116_S_4199,-0.18254565935236922,-0.2362855271830675,7.126073241597863e-05,0.14933344493005854
116_S_4199,-0.13566458409374493,-0.1406626377738764,-0.00011584562643707219,0.3086766988443067
116_S_4199,0.2146351947090504,0.05770559218029686,-0.00019565514879843482,-0.4386733033457677
116_S_4199,0.4156692080193659,0.28364528961862356,-0.00012292683715608987,-0.5665637913404434
116_S_4199,0.22389348262709596,0.13946565438405706,-6.735160163351406e-05,-0.1809059614284198
116_S_4635,-0.1060501074504221,0.05948459380691801,0.00017880321894830908,-0.05031581622158879
116_S_4635,0.016405377765965623,0.0032815658406735726,0.00016367011712165036,-0.00946296292154658
116_S_4635,-0.04364977100338918,0.027176329352838813,1.527718074806339e-05,-0.1785247382897331
116_S_4635,0.0860547051995082,0.09217976031006658,-0.00020983999228529893,0.019476356637609826
116_S_4635,0.0472397954883379,-0.18212224931049698,-0.00014791052453277942,0.2188271607952586
116_S_4898,0.049768085199537515,0.0879366377429911,0.00014778628569744878,0.09099345454146157
116_S_4898,0.15584883354623186,0.1457699463322184,-2.6822784252922283e-05,0.0781111968958938
116_S_4898,-0.3156959134853551,-0.03516343514774456,-5.2800031008048975e-05,-0.1287770950229658
116_S_4898,0.11007899473958567,-0.19854314892746516,-6.816347043653304e-05,-0.040327556414389495
116_S_6550,-0.21197792849491567,0.13707500287453883,-4.095739615966876e-05,0.012714754864832423
116_S_6550,-0.2732904627280734,-0.06442188334468651,7.937164507754169e-06,0.10998479125029492
116_S_6550,0.3100519788231054,-0.11194053242674507,6.863259659312115e-05,-0.02791268762466792
116_S_6550,0.17521641239988367,0.039287412896892804,-3.5612364941151053e-05,-0.0947868584904592
123_S_2055,0.25728374418901845,0.03440472859217791,0.00016444845316559986,0.14833582039028298
123_S_2055,-0.21180872321656996,0.38624126153250943,-0.0003230237396855684,0.1278326307925538
123_S_2055,-0.1515106647103207,0.44236970490384364,-0.00023756505006561346,-0.16541998978811392
123_S_2055,0.3401688804917341,0.22778313969259711,8.937431420630304e-05,0.20899862367134014
123_S_2055,-0.03737508996364097,-0.3892388916124999,-7.82821763905539e-05,0.011406633709023506
123_S_2055,-0.19675814679022063,-0.7015599431086278,0.0003850481987699439,-0.3311537187750867
123_S_2363,0.039087855589805764,0.2528967638591687,-3.536153869171388e-05,-0.05391226254137542
123_S_2363,-0.30247951975645937,-0.5653259517242851,0.00018608801902036953,-0.21553080882824116
123_S_2363,-0.3326557629635096,-0.25398484159710955,1.9304138450859654e-05,0.28599381989955386
123_S_2363,0.39610166959962145,0.371462792292614,-8.54224291356731e-05,0.2000712852598375
123_S_2363,0.1999457575305411,0.194951237169612,-8.460818964389771e-05,-0.21662203378977482
123_S_4127,-0.09178375562598703,-1.0835481290639015,-0.14167948917848155,-0.8864032020087493
123_S_4127,-0.190853131120915,-0.15863135744035695,-0.14228719632201786,-0.4962117738444932
123_S_4127,0.23722463196448518,-0.9935761345592883,-0.14161973288311147,-0.7902144189064698
123_S_4127,-0.9633816887634604,-0.5455869761654015,-0.14204236425491257,-1.0103043431034828
123_S_4127,-1.0069983494562398,-0.4988663407452691,-0.14183458244308922,-1.0172960141811322
123_S_4127,0.8704666298305803,0.9858448744651488,0.19861519514698547,0.7792953151471362
123_S_4127,0.31480304725163266,0.8367992962948367,0.2582318115941372,0.370610041865824
123_S_4127,0.08107424009083734,0.504707131469217,0.12250274616356757,1.1737716444953792
123_S_4127,0.09862850027837868,0.36966924086406916,0.16662817307422342,0.6858839232428062
123_S_4127,0.44625400414583616,0.4251110139109934,0.10280423672065715,1.0359819334180922
123_S_4127,0.20456587140485183,0.15807738096995244,-0.13931879761795818,0.1548868938750898
123_S_4780,0.5412875594364861,0.1224439893930031,-0.00019216985541747889,-0.16344435336524163
123_S_4780,0.13173771133464612,0.2754936452121663,-8.62996577071784e-05,-0.030452535741506526
123_S_4780,-0.35602327648312065,-0.05861542820656551,0.00012030334444401714,0.08904344954748313
123_S_4780,-0.31700199428801157,-0.3393222063986038,0.00015816616868052913,0.10485343955926503
123_S_4806,-0.07538208541763357,-0.0393921696253719,-0.00030010852213357975,-0.010364054425729352
123_S_4806,0.2251849485285704,0.03615265556043118,7.162806635274688e-05,0.13543462554121433
123_S_4806,-0.29960062360551254,-0.1669199520815617,0.00015835449718482053,0.07772168628707549
123_S_4806,0.14979776049457572,0.17015946614650235,7.012595859612336e-05,-0.2027922574025604
126_S_0709,-0.9198018081417452,0.33297303450126653,0.00016968986849452694,-0.021640312368577774
126_S_0709,0.35477077945178187,0.053599019626298205,0.0002310811284632064,0.004710409240293867
126_S_0709,0.3291170922175441,0.095499895557697,-8.716525147822729e-05,0.01673494197492431
126_S_0709,-0.41066274762878024,-0.4607184038748604,0.0008059750886952877,-0.003344664451859103
126_S_0709,0.6465766841011995,-0.021353545810401164,-0.0011195808341747937,0.0035396256052195874
126_S_0865,0.20308967475594725,0.21344923012796735,0.0005218052309132748,-0.04602065183603021
126_S_0865,0.150582870466288,0.08116477857666649,0.0014073774479031465,0.030735383228928104
126_S_0865,0.1522832386245525,-0.025443263960040374,-0.00024370174231908015,0.011167241899184166
126_S_0865,-0.2131338915841332,-0.1386847529196502,-0.0008806142983773801,0.023621319955331455
126_S_0865,-0.29282189226265465,-0.13048599182494414,-0.0008048666381199054,-0.019503293247413733
126_S_1187,-0.3809506031285892,-0.2139201877835124,0.000706190363257142,0.007266127515570764
126_S_1187,0.349339126229208,0.6547665909765397,0.00025367976283519056,-0.016834753877129405
126_S_1187,0.24107269421256888,0.5146667516327348,-0.00039221930076893674,-0.020880584884390485
126_S_1187,-0.0009039568362420036,0.43170320116383376,-0.0004325631675698438,-0.04103011347222285
126_S_1187,-0.2085572604769457,-1.3872163559895951,-0.00013508765775366305,0.07147932471817153
126_S_2360,-0.91024865199329,0.06756286313289128,-0.0006047786524922549,0.005245301291193716
126_S_2360,-0.955543758492561,0.123200846105884,-5.933842522581889e-05,0.0791012138977063
126_S_2360,0.7258769363324862,-0.055653391596812485,-0.0001169754967388359,-0.10880488406182587
126_S_2360,0.43688263629331225,0.06258358881355497,0.00015884867157295313,-0.18061309794000335
126_S_2360,0.7030328378600526,-0.19769390645551743,0.0006222439028841231,0.20507146681292965
126_S_2405,0.04996542416265903,0.0013025056947930658,0.00010193374381772813,-0.07262745512786595
126_S_2405,-0.1350803912161337,-0.06344239486504133,-0.0005146540738183991,0.07253545898249514
126_S_2405,0.14772449817226097,-0.13334379517568062,-0.00010619082293528148,0.052369881034111665
126_S_2405,0.18785903266778714,0.07133962633381197,0.0004803571979736243,-0.16484656715535095
126_S_2405,-0.25046856378657334,0.12414405801211648,3.855395496227265e-05,0.1125686822666101
126_S_2407,-0.18272844640957275,0.15989006347879164,-0.00018464318121014234,0.10338230122120717
126_S_2407,0.13462657333631234,0.20920759546539025,-0.00013508757914015845,-0.07860345851401895
126_S_2407,-0.266004909290502,0.03177500700817393,0.00045959222386199317,-0.0288686043109474
126_S_2407,0.24671681786060917,-0.22622895751260774,-0.00014919163004262215,-0.1842927085366619
126_S_2407,0.06738996450315327,-0.17464370843974697,9.330166530874262e-06,0.1883824701404213
126_S_4514,-1.0025895285686484,-0.18168853738886837,0.002085935120985649,-0.31470921990278145
126_S_4514,-1.415344071726329,-0.16225977593872498,0.0030564708607116464,0.20781224657780778
126_S_4514,0.06971433854569908,-0.3518396314076795,0.0030283460892337466,0.03745143575503837
126_S_4514,0.3868854121215284,-0.19800683258397145,0.0023098059749900313,-0.19917987640698226
126_S_4514,-0.6916670811914933,-0.5059503486428858,0.003799189347930998,0.660911720240783
126_S_4514,0.923224063640361,0.3656349849909193,-0.002759853102968446,-0.29078748111185837
126_S_4514,0.7056958744403439,0.21648602217006108,-0.0014997169623898743,0.011340823850037846
126_S_4514,0.6738469809910639,0.2149283895804135,-0.0024544961951074584,-0.12834251640816802
126_S_4514,0.4566010105725018,0.2997985558907763,-0.0038060692883957747,-0.1739657848170362
126_S_4514,-0.10636699882502709,0.3028971733299597,-0.0037596118449906846,0.18946865222315917
126_S_4891,-1.7557044807271338,0.06843339128551973,0.0003430986136827574,0.06530864836973416
126_S_4891,0.4697360041123587,-0.05360626654781053,0.0010045511648901773,0.10346997187407803
126_S_4891,0.14668772441273342,0.13981936335141598,0.0008108679010231934,0.13862597098614926
126_S_4891,-0.25060828499076193,0.2896010078064948,0.0003239515057300024,0.2769197797883899
126_S_4891,0.02901282376934608,0.13680616312859128,0.0001462865318795914,0.48166048035518305
126_S_4891,-1.1280242087041363,-0.04113566693027493,-0.00018028030259348293,0.06384622200450074
126_S_4891,-1.0444181546034361,-0.06701776855614061,-0.0009997287259524978,-0.187685289256721
126_S_4891,0.678221601177299,-0.029989997760369036,0.00023897029495278943,-0.05773149768113084
126_S_4891,1.051961917609407,-0.11366844935004927,-0.000992728978489399,-0.26786040103700104
126_S_4891,0.9296427541437042,-0.055538761360993005,-0.0005906428560227273,-0.3786529012076613
126_S_4891,0.87349230380062,-0.2737030150663857,-0.00010434514910040438,-0.23790098419552097
126_S_4896,-2.4694658678549253,-0.23301173227922667,0.0006911297430922669,0.13696915757397315
126_S_4896,-0.7656707672437228,-0.2244106864815354,0.0008992299396553549,0.23867209412130846
126_S_4896,0.6429129047614905,-0.2441162617780923,0.002085195800174633,-0.38238057272312587
126_S_4896,0.5316924988386061,-0.09883961727735002,0.002335277972677907,-0.11997726660149295
126_S_4896,0.3327862135556161,-0.13485883880791572,-2.874915932860045e-05,0.7271587376981583
126_S_4896,0.4089510151249406,0.2247405658602306,-0.0017602708089828334,-0.142720533351873
126_S_4896,0.6653618969398879,0.33838355801381526,-0.0022243185324766213,-0.16007083624289142
126_S_4896,0.6534321058781072,0.372113012750074,-0.001997494954811996,-0.29765078047405674
127_S_0112,-0.14322443570827947,0.0027071962745854883,-0.00030323643928986677,0.03237912280893607
127_S_0112,0.14231495208756795,0.09141401220270773,-0.00037985120662864524,0.016124177139855478
127_S_0112,0.06898518936658893,-0.04663655929010668,7.28081698723182e-05,-0.0336311126941049
127_S_0112,0.2225646185373953,0.24396691581004337,-0.0002504128733605282,-0.021917689775319937
127_S_0112,-0.03543424788534533,0.00975553752102265,0.0003758522680931131,0.024561271999824053
127_S_0112,-0.25520607639792714,-0.3012071025182531,0.00048484008131349787,-0.017515769479191423
127_S_0925,0.11439074756157774,0.19160951976692303,-0.0006968845800184864,-0.01845245096641479
127_S_0925,-0.08026512128785968,-0.017283819203848416,3.0944900341334236e-05,-0.012590525539474706
127_S_0925,-0.03144328794462359,-0.17415623029634691,-2.1895174426411756e-05,0.008069281066223288
127_S_0925,-0.11331042078566356,-0.017305151803677143,0.00036345216514960255,-0.015793188477964515
127_S_0925,0.10639589265265204,0.04478908008407795,0.0001983791112217248,0.03690935493532144
127_S_0925,0.004232189803917374,-0.027653398547128394,0.0001260035777323476,0.0018575289823101748
127_S_1032,-0.31638166732713136,0.06755846623246653,-4.622631966810786e-05,-0.0498702375993898
127_S_1032,0.292234726008596,-0.1043130152133751,0.0003802142700499722,-0.09784865318901437
127_S_1032,0.31973518239397886,-0.07218483464030234,0.0009829488138996534,-0.0330009097862658
127_S_1032,-0.24777881721446546,-0.27781480770443645,-1.829375823669821e-05,-0.11903584190302352
127_S_1032,-0.047809423860977945,0.3867541913256475,-0.001298643006044764,0.29975564247769393
127_S_1140,-0.1505277874076933,0.28544279144829077,-0.0004187591058443796,-0.017632435536865998
127_S_1140,-0.21371052503009852,0.10825696208454472,-0.00026770205568099614,-0.008970679660827097
127_S_1140,0.46606027857991184,-0.18078458652825813,0.0007354217378928163,0.043599925490694025
127_S_1140,-0.12679595967895102,0.025786871872604755,0.00026648032302911684,0.025190746644558004
127_S_1140,0.02497399353683105,-0.23870203887718217,-0.0003154408993966129,-0.04218755693755849
127_S_1419,-0.18874358696280413,0.14853669751249576,-0.0005953774193429573,0.02204492325102425
127_S_1419,0.820883268506263,0.2615039566931596,0.0001227743441318263,-0.01033531495825657
127_S_1419,0.04548137089503085,-0.07963973895271925,0.0003264214780820396,0.03843541857664645
127_S_1419,-0.7808091086714839,-0.18250245737794124,0.0008413639848905974,0.009581813688022134
127_S_1419,0.10318805623299418,-0.1478984578749949,-0.0006951823877614505,-0.05972684055743671
127_S_2213,0.25891906523783326,-0.036663896294659715,-0.00035157154780662836,0.3180501166925166
127_S_2213,1.1934328880606044,0.42615025268684614,-0.0024150906536180017,-1.3077596428499165
127_S_2213,-0.2338122488872507,0.05448600653675695,-0.00042257606157730665,0.02844200265858625
127_S_2213,-0.43935092751548255,0.051117699979064346,0.0009453187698992838,0.38576058448825856
127_S_2213,0.3426022255413238,-0.0451400286594692,3.194920672550117e-05,0.24952212765543832
127_S_2213,-0.48301067696864464,-0.3670128380524935,0.0019135055377677013,-0.05093977311749672
127_S_2213,-0.6387803254683834,-0.082937196196045,0.00029846474860978356,0.37692458447261357
127_S_2234,-0.3180071854822051,-0.2073979250251461,0.0030093589990927705,-0.23248882138175186
127_S_2234,0.8339529326977502,-0.18122636683951376,0.0024116462866440314,-0.40627375981358593
127_S_2234,-0.003947070009804987,-0.3446131634232432,0.0022849818312873915,0.3325074234437899
127_S_2234,-0.4119951110246176,-0.4339112193709882,0.0034504445007032536,-0.36646860821016214
127_S_2234,-0.2828734670016355,-0.31930774201067513,0.0028927067611316803,-0.39185111304816733
127_S_2234,0.33692786139767605,-0.13420441271699346,0.002550578381169788,-0.2943253896746105
127_S_2234,0.004848076729389028,-0.059961392549697345,0.0014897141393094837,-0.2323173287755611
127_S_2234,0.27521870898415246,-0.18841269445171394,0.002147390097209101,-0.20344760410487606
127_S_2234,0.11619346525548924,-0.06494232421908874,-0.004189946908983722,1.4101142170678371
127_S_2234,0.051769468956792686,-0.3690965940900106,-0.0032027796938164377,0.18689443818906737
127_S_2234,0.141546287110212,-0.11484020778386594,-0.0038880875164488127,0.4795321577255993
127_S_2234,0.09472115164576911,-0.45786222143530186,-0.003389259601214001,-0.3936574092391759
127_S_2234,-0.8383551192589667,2.87577626391624,-0.005566747276084638,0.1117817978215978
127_S_4197,-0.5181409734564959,-0.1543173752199931,0.003112647418388015,-0.5593775139789444
127_S_4197,-0.4005125633177318,0.2643696583279964,0.002827623896435927,-0.4044180044409118
127_S_4197,-0.5936279459882192,-0.4191374375049306,0.003314656639732738,-0.03068444535889847
127_S_4197,-0.14458850890079367,-0.5109127133699496,0.0035858394660608917,-0.4123141406045542
127_S_4197,-0.20039324123659608,0.14241445717517554,-0.0012047998041611052,0.4566236055420747
127_S_4197,-0.28821783616740726,-0.7458371279782634,0.0022946148244518128,0.009437018401758035
127_S_4197,0.8864481688763852,0.42978993230748896,-0.008002907038099527,0.6115840055932806
127_S_4197,1.2590329001908582,0.9936306062624745,-0.0059276754028088074,0.3291494748461956
127_S_4301,0.34732815722338617,0.40784312953049184,0.001325329248447138,-0.032689449191244835
127_S_4301,0.49242338427670873,0.043471575452498135,0.000772649502493894,-0.2968511918853733
127_S_4301,0.49048867373741434,0.5326960814695989,0.0010545269115363465,-0.27098111486528664
127_S_4301,-1.0895515383526988,-0.6265475472473283,0.0012035411894868453,-0.0005919049355358474
127_S_4301,0.31888277188224023,0.028917016688187136,0.0011993911819781489,-0.1714299623834038
127_S_4301,-1.209298542205549,-0.9332358399238128,0.0014188282336810576,-0.13243345892669134
127_S_4301,0.649727093438498,0.5468555840303642,-0.006974266267623264,0.9049770821875358
127_S_4624,0.7714249310184251,-0.06026077158740395,-0.0016288873021819694,-0.22867216839950766
127_S_4624,-0.18750081640018368,0.10145406483549158,0.00021437717136024714,0.3389417170230584
127_S_4624,-0.04894726951235029,0.2933181213514766,0.0007290661495797379,0.2987644560619416
127_S_4624,-0.003052448102487837,0.031863753080057844,0.00030705071467634903,-0.1305309048865364
127_S_4624,-0.5319243970034029,-0.3663751676796214,0.00037839326656574634,-0.27850309979895616
127_S_4765,-0.4739824957500868,-0.006246312935572984,0.0016134037937101109,-0.30371249244518833
127_S_4765,-0.46794805344805235,-0.11323504352470226,0.0012241387495650624,-0.03973575891775105
127_S_4765,0.1010627136263218,0.30978990359105096,0.0012716244577592462,-0.12202410906024275
127_S_4765,0.028517367929154602,-0.17491475096337394,0.0010204770721143896,-0.4429488140272655
127_S_4765,-0.1960005237519108,-0.3762315319646705,0.0017755080082069163,0.004053896146297475
127_S_4765,1.0083509913945734,0.3608377357972694,-0.00690515208135567,0.9043672783041503
128_S_0135,2.3583727753600146,1.2209027766971672,-0.0011355844357472944,0.37556219349236886
128_S_0135,-1.0591666458328914,-0.5924485591276736,0.0005470148928416463,-0.03502986611183956
128_S_0135,-0.5987244360599471,0.45046838401225486,1.613320086696346e-05,-0.1464832503337914
128_S_0135,-0.7004816934671763,-1.0789226015817486,0.0005724363420387402,-0.19404907704673735
128_S_0188,1.606254242195119,0.1280161398412133,-0.001020960964509765,0.48472013830254035
128_S_0188,-0.5241218540355543,0.7390967590089184,9.47907920086366e-05,-0.10979696927947269
128_S_0188,-0.3771168625673702,0.010343154549515066,0.00020687165401539476,-0.14101621756040927
128_S_0188,-0.5373007151863278,-0.5338485808343804,0.00037164165283914974,-0.132907031514772
128_S_0188,-0.16771481040586655,-0.34360747256526597,0.00034765686564663945,-0.10099991994788637
128_S_0225,1.4812042592453645,-0.006970637868685001,-0.0011101705997779154,0.46617425513805255
128_S_0225,0.01646534925702467,-0.27238706803644475,0.0005628696446349224,-0.05450653528111582
128_S_0225,-1.0640478086439429,-0.3217107994931815,0.0002232035382605524,-0.1414038874911978
128_S_0225,-0.4732812492731198,0.13966348550464208,0.00013432516069539213,-0.13018708432526083
128_S_0225,0.03965944941467367,0.4614050198936691,0.00018977225618688198,-0.1400767480404781
128_S_0227,2.141336768155423,0.051084195866163196,-0.0010173909085618438,0.5161500618038144
128_S_0227,-0.3283789389154065,-0.1834675633161882,0.0005088919291107441,-0.1554072938632416
128_S_0227,-0.8346023266424668,-0.10251263280219625,0.000177426391656077,-0.14201997787655274
128_S_0227,-0.32785532228338643,-0.05766308930336106,0.0002110654099457543,-0.04604321974768033
128_S_0227,-0.6505001803141635,0.2925590895555823,0.0001200071778492684,-0.17267957031633907
128_S_0608,2.076300583883919,0.43763076802275247,-0.0011122898813668014,0.6682682637120276
128_S_0608,-0.13271627976123507,-0.7910652013824641,0.0007747080035515608,-0.21749640123202485
128_S_0608,-1.0405460648164024,0.5714394301511283,5.401344291056098e-06,-0.26488775646021523
128_S_0608,-0.9030382393062815,-0.21800499679141666,0.00033218053352418453,-0.18588410601978755
128_S_0611,2.731239914441733,0.5999457800584901,-0.0010771660687190487,0.6383281877486463
128_S_0611,-1.1960055246375962,-0.5800529608414821,0.0005075512763191847,-0.2440730365043431
128_S_0611,-0.8627187507164804,-0.006471042037844321,0.0003037797364799366,-0.15385417348848396
128_S_0611,-0.6725156390876565,-0.013421777179163735,0.0002658350559199274,-0.2404009777558196
128_S_1088,1.0309181458889678,-0.5423268620241377,0.0004743363460115724,0.010889646738274417
128_S_1088,-0.09814873751285313,0.66881120771306,-0.00015367755310508047,-0.0029675033986293897
128_S_1088,-0.8567961628047029,-0.35856326178555,5.045049902913101e-05,-0.020587829038050787
128_S_1088,-0.020795089326650418,0.628885555465731,-0.0003224257889051785,-0.041874671653813866
128_S_1088,-0.0551781562447613,-0.3968066393691032,-4.868350303038893e-05,0.05454035735221918
128_S_2002,-0.8658429126271849,0.44935867622100917,-0.004683550621974064,0.29248026980740194
128_S_2002,1.3588983247850426,0.29121718361048954,-0.004378729170423812,-0.1447854527984782
128_S_2002,-0.7565257196117355,0.34477003581541343,-0.004433626560904791,-0.06275004065674261
128_S_2002,-0.719250414145823,0.3003321006651355,-0.0043953174084312985,-0.1303359047169378
128_S_2002,-0.6968329195992844,0.23827947333371924,-0.004607310448038915,-0.10098118989710181
128_S_2002,-0.7328148063105481,0.09681874826012637,-0.004340327843602831,-0.28592320497097756
128_S_2002,-0.6607081596299101,0.4661163300167896,-0.004342144995024777,-0.013921104869762224
128_S_2002,1.190967566615152,-0.5083055679176547,0.010593706872542519,-0.10613477550954248
128_S_2002,0.7197352760916047,-0.8970784953342277,0.011011039300298842,0.2650388049941609
128_S_2002,1.1623737644326868,-0.7815084846708,0.009576260875559406,0.28731259861798
128_S_2045,-0.031044863900031805,-0.10385518029745347,-4.900479974578875e-05,0.27910773667035543
128_S_2045,0.09971742877121148,0.04360803392295334,-9.534525641230474e-06,-0.20726392756372708
128_S_2045,-0.16817648169523136,-0.26618511491619157,0.00016897485563771575,0.02846863862709076
128_S_2045,0.0013586398510183617,0.20383646449711562,-1.0983667541486497e-05,0.023856411764572816
128_S_2045,-0.024482269306988602,0.0944104872345809,-0.00012975227961975477,-0.02546019971947222
128_S_2045,0.12262754628002126,0.028185309558995147,3.030041691060026e-05,-0.09870865977881965
128_S_2123,-0.9865239094580175,0.3494130300318854,-0.005191913155384809,-0.19936472318825021
128_S_2123,-0.5416770591520514,0.12227937061018546,-0.005007730826258772,0.09257433717421273
128_S_2123,-2.486649778887071,0.44844414718935866,-0.005154643273592607,0.07028684969719182
128_S_2123,-0.4519072964681682,0.00946444548915737,-0.004918004110589236,0.012575710008607133
128_S_2123,-0.05785781097562159,0.26301352398315825,-0.005357638898029149,-0.08807051660260051
128_S_2123,1.0872343115727876,-0.07163795413230856,0.00934936303023215,-0.0507376139564828
128_S_2123,1.043680394162671,-0.5268211749852959,0.005948214510462346,0.0017551818619695458
128_S_2123,2.3937011492054716,-0.5941553881861409,0.010332352723160132,0.1609807750053525
128_S_2220,-0.5488853866958313,0.8259251947339356,-0.004927644645737916,0.19560706960070295
128_S_2220,-0.767755123031978,0.0758272877677505,-0.004612829549235253,-0.4323435975567591
128_S_2220,-0.733339046595679,0.4876299110783298,-0.004764846863496319,-0.2104350413471589
128_S_2220,-0.5133129691987325,0.8798219191476248,-0.004773926036724052,-0.08474843337869045
128_S_2220,-0.48222606645938015,0.731354700686488,-0.004900589509411801,0.09265446318521178
128_S_2220,0.2021968113856461,-1.26942891561991,0.011759025345116692,0.6853301963308027
128_S_2220,0.4638733413042182,-1.2053807117587685,0.008691351429469363,0.0839399562134034
128_S_2220,2.3794484392917368,-0.5257493860354499,0.0035294598300194546,-0.3300046130475123
128_S_4553,-0.018150447363364422,-0.15160964842645386,0.00010445987123358647,0.028916942415178643
128_S_4553,-0.06538228025036824,-0.019651904494248584,2.253289381920487e-05,0.10007625209252102
128_S_4553,-0.06736915086802125,0.01802445766836891,-0.00010695978104185988,-0.034943978904237366
128_S_4553,0.15090187848175388,0.15323709525233353,-2.0032984010931454e-05,-0.09404921560346237
128_S_4571,0.11774016373659912,0.5440417420683162,-0.00011615264906705836,-0.006212512485040511
128_S_4571,-0.14904729791790827,-0.20493935603863522,0.00011958776491477474,0.01664585423850995
128_S_4571,-0.14514209552952795,-0.36056158810731054,1.086733591559863e-06,-0.12582540934578024
128_S_4571,0.1764492297108371,0.02145920207762947,-4.52184943933176e-06,0.11539206759231085
128_S_4653,-0.21717188798843018,0.07604831427851849,-1.9337180694356526e-05,0.10485797414126291
128_S_4653,0.5517800505612863,0.019908293892816314,-8.070623234485153e-05,-0.16091628990014217
128_S_4653,-0.13939465964899045,-0.08366141472630909,7.146693321169462e-05,-0.07882699953598143
128_S_4653,-0.19521350292386574,-0.012295193445025748,2.8576479827402412e-05,0.13488531529486072
128_S_4842,-1.1054536127593957,0.22805962282528752,-0.0026078346357091275,-0.17276629598639573
128_S_4842,-0.33828343224866725,0.2661323850358532,-0.0025451607962271305,-0.31725008798845555
128_S_4842,-0.40907801357659535,-0.11471498837792882,-0.0024339749490998597,-0.09528787718612439
128_S_4842,-1.0403737097748718,0.14222196847808194,-0.0025923867850178306,0.37489251777054267
128_S_4842,0.8341929834188304,0.04058928031558118,-0.0027633582110498933,0.10580166986267352
128_S_4842,2.0589957849406995,-0.5622882682768752,0.012942715377103897,0.10461007352775956
128_S_5066,0.15228311263402527,-0.19105821458123107,0.00015209418353967497,0.08891823893443207
128_S_5066,-0.12437570684502675,0.22641259075116305,-0.00014483869648240777,-0.290250730969477
128_S_5066,-0.15917555042789322,0.050354967594769706,8.65146902400693e-05,0.15425703661450946
128_S_5066,0.13126814463889486,-0.08570934376470185,-9.37701772973365e-05,0.047075455420535595
129_S_1246,-0.03889005046173266,0.20898521844391982,-2.429956553723356e-05,-0.08298398751875491
129_S_1246,-0.15927702319868986,-0.013524545599331583,-3.8691287861380985e-06,0.019731510428649957
129_S_1246,0.2349226430025595,-0.14733337446424843,1.2514689513076771e-05,-0.04298308195301115
129_S_1246,0.18757741864086408,0.10242833528723261,-1.5278136393626074e-05,-0.006070728272045467
129_S_1246,-0.22433298798300116,-0.15055563366757196,3.093214120386545e-05,0.11230628731516179
129_S_2332,0.886466528845996,0.648148706470977,-0.000686397091509805,-2.340187503107785
129_S_2332,-0.9505796813154045,0.28725149847215625,-0.000546573519712823,-0.2632248675433453
129_S_2332,-1.4000501319971852,0.092787329887003,-0.0009991546757653902,-0.09374512924700862
129_S_2332,-1.054448791943502,0.7990334943367423,-0.0018350254626131601,0.4530511573057754
129_S_2332,-0.804271165482882,0.8125690433306387,-0.0006868664142002379,0.3429840373578903
129_S_2332,-1.0423083447198496,0.2593530539154162,-0.0003139679179476329,0.17665291764661917
129_S_2332,0.9079186839713265,-0.7189991541198124,0.0010630335032204008,1.760338572218707
129_S_2332,1.21491879424837,-0.6715583154372426,0.0012375712314049991,-0.15267074930145297
129_S_2332,1.2319380986564217,-0.741127653887542,0.0021121324462787805,0.022806612070644716
129_S_2332,1.0104160097367099,-0.7674580029683353,0.0006552479008450351,0.09399495259995372
129_S_2347,0.5275138970056914,0.18181919785690326,-0.00012641304933258546,-0.5922133530528724
129_S_2347,-1.6144978024052015,-0.4749796848005343,0.002154171338404509,0.23556463278091255
129_S_2347,-0.17388519648700373,-0.1509415299889123,0.0026034931780844484,-0.6966135965678746
129_S_2347,0.6558032476044369,0.26994110940258387,-0.0034865182385430127,0.306942102144692
129_S_2347,0.605065854282077,0.17416090752995994,-0.0011447332286134704,0.7463202146951424
129_S_4220,0.5185965394548855,-0.637721675956195,-0.05109071335288223,-0.0014695280451897386
129_S_4220,0.148520027560592,-0.6262804430004203,-0.049867851810906805,-0.23631447339740652
129_S_4220,0.4888884770477836,1.7804734272996239,0.15117199570187415,0.36280683447259965
129_S_4220,-1.156005044063261,-0.5164713083430084,-0.050213430538085135,-0.1250228330300036
129_S_4287,0.3551543954097166,-0.799540144645652,-0.04104921085036187,-0.4486439571507268
129_S_4287,-0.04111907487311539,-0.7758370424898653,-0.0404769327548741,-0.4902654047727055
129_S_4287,0.5547042403068455,2.3554329607796936,0.16276976752900385,0.8015007487950148
129_S_4287,-0.4441877182626361,-0.37903524459313775,-0.0411969287914338,-0.12736511251222038
129_S_4287,-0.4245518425808105,-0.401020529051038,-0.04004669513233414,0.2647737256406377
129_S_6830,-0.020631200848562903,0.00486514527388171,0.003151783302532296,0.41752764336891923
129_S_6830,0.09112844453174401,0.009946079326243362,0.0004525190513749444,-0.2801537192874833
129_S_6830,0.20721762839683294,-0.07788310222908246,0.0013111688906138341,-0.090951607241754
129_S_6830,-0.277714872080014,0.06307187762895716,-0.00491547124452113,-0.04642231683968179
130_S_0102,0.38495511125069415,-0.07400838014139266,4.174132031464772e-06,0.016036021577979898
130_S_0102,0.08202651085824542,0.10189475563173811,0.0001080410608207405,-0.01534231229453431
130_S_0102,-0.5366565256195517,0.15550523559082297,2.8022524773740898e-05,0.056207873712216805
130_S_0102,0.06967490351061167,-0.18339161108116853,-0.00014023771762589066,-0.05690158299566217
130_S_0285,-0.03625994780531239,0.05193790011967314,4.3163045750915785e-05,-0.022676177811355558
130_S_0285,-0.19080824413209474,0.07726902687895915,-5.32511251894463e-05,-0.0031200463271543466
130_S_0285,0.13917430221650617,0.14717231531509706,-0.00021939096452922024,0.019815190598662102
130_S_0285,0.08789388972090079,-0.27637924231372923,0.00022947904396763974,0.00598103353984758
130_S_0449,0.9149614158653718,0.3096735563024798,2.2676331139357995,1.286991396716743
130_S_0449,0.3649835338085182,-0.2453464622136518,-0.7557373364128261,-0.40513572251368846
130_S_0449,0.2491715291037867,-0.24998455588243862,-0.7558162850189207,-0.4387906720363445
130_S_0449,-1.5291164787776768,0.1856574617936107,-0.7560794925040524,-0.4430650021667101
130_S_0505,0.7558528042047046,0.09629718912268914,1.7810077763218963,1.342987269105437
130_S_0505,-0.4110520583585552,-0.26204623846608166,-1.1937669164548508,-0.8256168003570503
130_S_0505,-0.49307693133994357,-0.00042051291642641875,-1.1939758704924643,-0.8738242190293284
130_S_0505,0.45680773582991735,-0.03966228113433057,1.8006291061593558,1.2806277696514394
130_S_0505,-0.30853155033612323,0.20583184339414945,-1.1938940955339366,-0.9241740193704977
130_S_0783,0.10147947349234021,0.15551068176101868,0.0001054644930077453,-0.04145432854890119
130_S_0783,-0.6814218842739428,-0.09488749772011362,0.00017302101796740077,0.07180752160542714
130_S_0783,0.304653309920614,-0.023404602068218816,-2.2925135957141407e-05,-0.01939619838711437
130_S_0783,0.1595086945805375,0.017974392754226076,-4.2705574048007566e-05,0.009203430586224637
130_S_0783,0.11578040628045072,-0.05519297472691265,-0.00021285480096983056,-0.020160425255636327
130_S_2373,0.5449320759699187,0.34760095046593564,1.9513923786783294,0.7064831395684581
130_S_2373,0.3433275775513771,0.44894073564256165,1.875386869232973,0.18288240688339874
130_S_2373,0.3906032551419284,0.33015153637278605,1.8778727166554816,0.8682285417593465
130_S_2373,0.455507023369098,0.2935906068313132,2.1493646073049244,0.5065671589025142
130_S_2373,-0.2933174244607414,-0.09521169618794889,2.391729095982664,0.7121590399056328
130_S_2373,-0.47434691380595606,-0.40222607742071165,-1.7805477225152018,-0.7447316087680445
130_S_2373,-0.35728054741008053,-0.5661192060209226,-1.7929745194642075,-0.5385078732186219
130_S_2373,-0.795535321339583,-0.3223296222142328,-1.6224459045004314,-0.11275563782830789
130_S_2373,-0.06566186468443114,0.04279453739448358,-1.6721517086985729,-0.13860471662729035
130_S_2373,-0.0021334090547437956,-0.06580594160082542,-1.6705640930206007,-0.9949122906903123
130_S_2373,0.2539055487232149,-0.011385823262438755,-1.7070617196553568,-0.4468081598867757
130_S_2391,0.012164007452282855,-0.08141128318850188,0.9144234213790723,0.39154834395192895
130_S_2391,-0.2261886520653825,0.19083944504082517,0.9017084084132305,0.6427734587832465
130_S_2391,0.275057857846934,0.0814306220436144,0.6616677604242627,-0.6409522148590527
130_S_2391,-0.06103321323383426,-0.1908587838959377,-2.4777995902165655,-0.39336958787612186
130_S_4294,-0.09001488985406092,-0.12217068451473245,2.384623131475455,0.4478847859047592
130_S_4294,0.0987904828633972,0.04030399883913871,2.2280811565557306,0.39049238903544237
130_S_4294,-0.21942278435537577,0.0030445323426856463,2.335565882495089,0.25746966971004426
130_S_4294,0.3017975078333468,0.1138572369314762,1.9239041558116,0.05974878042171672
130_S_4294,0.1566266864635637,-0.0530694577161126,-1.5285407334134433,-0.27546504173354425
130_S_4294,-0.3920943140915967,0.05432609386592091,-1.388889306349193,-0.4278176301141454
130_S_4294,-0.1789238852545072,0.055267910384450114,-1.4415702107588309,0.17857437647610963
130_S_4294,0.2626406598307176,0.05120218544135213,-1.4544326901024935,-0.2376955667072409
130_S_4294,-0.02021059407177317,-0.17907502080184334,-1.4247666786319275,-0.365693295094621
130_S_4294,0.08081113063628953,0.036313205227665124,-1.6339747070819859,-0.027498467898519063
130_S_4417,-0.04473187284584555,0.23257362405125848,1.897198725465938,0.3361980428346085
130_S_4417,-0.2748664222399701,-0.005416410321665288,2.088429058961863,0.8451852835421763
130_S_4417,-0.12302843413937257,0.03207345629235403,1.7856926100190855,0.4751759855233757
130_S_4417,0.06988977335567853,-0.06573898619363117,2.1363528645578733,0.010636709486882445
130_S_4417,0.32876099819038024,0.0815458701729933,-1.6480640352014801,-0.4597124364852632
130_S_4417,0.04153736902377908,0.054172577039019454,-1.6775379026608221,-0.8820849416462038
130_S_4417,-0.25269788497564283,-0.12115488701958765,-1.5324965820028527,0.1865210061367728
130_S_4417,0.19959349361541162,-0.06784985850861713,-1.5506464554935557,-0.8233974861745359
130_S_4417,0.0555429800155816,-0.1402053855121237,-1.4989282836460474,0.31147783678218777
130_S_4817,0.8230250570764497,0.17901610152440495,2.409816275273778,0.14614576878260865
130_S_4817,0.2690608347315475,0.2247747747049329,1.9903234852074647,-0.1639838392019295
130_S_4817,0.16069688604667332,-0.031122927354995333,2.0325744388648683,0.12848763194580093
130_S_4817,0.6686735579535212,0.10533223759405375,2.4329967219884283,-0.00040111842350309956
130_S_4817,0.767678426298402,0.05558192607734602,-1.8530755507451664,-0.24236285198616814
130_S_4817,-0.021020259597282598,-0.09198441368875909,-1.8891493876379637,-0.30492658100177344
130_S_4817,-0.7245050002811394,0.1837916334516898,-1.7324602419272384,-0.1680251836055333
130_S_4817,-1.011235250542304,-0.17919047326890003,-1.705464234757181,0.7115711591880012
130_S_4817,-0.932374251685867,-0.44619885903977297,-1.6855615062669913,-0.10650498569750322
130_S_4883,0.20331355992319944,-0.0229945310474311,-0.24280874937926056,-0.15382568936374108
130_S_4883,-0.166075043691298,-0.09019407383190714,0.13685936427428658,0.3132246909190102
130_S_4883,0.019174876341939706,0.09338261711008511,-0.011874892332320197,-0.1638614280272479
130_S_4883,-0.05641339257384148,0.01980598776925313,0.11782427743729418,0.004462426471978365
130_S_4925,-0.16718476825694673,-0.07136526885125383,0.2047052184181739,0.14141977577065146
130_S_4925,0.03568719486759231,0.10195000609222271,0.27168222340525894,-0.4209853714130572
130_S_4925,0.08696332368526494,0.004845502192670215,-0.6947636135617969,-0.0527924881221814
130_S_4925,0.0445342497040897,-0.03543023943363921,0.21837617173836454,0.3323580837645871
130_S_6604,-0.026024855328062597,-0.07446919019876164,-0.01180039187549363,-0.17841159639883863
130_S_6604,-0.14568939838070605,-0.15720784961437073,0.010464804840680408,-0.17587619624537565
130_S_6604,0.055278091931123235,-0.056570065658902546,0.020581773174003476,-0.03298754559179917
130_S_6604,0.11643616177764543,0.28824710547203514,-0.01924618613919027,0.38727533823601346
130_S_6688,-0.08974676941262608,0.04639920597126279,0.037761713104512935,0.12993273162289265
130_S_6688,0.037287715532864724,-0.08604463484518676,0.00556151633273113,0.01782205225555522
130_S_6688,-0.16559583872019806,-0.1805216097712279,0.00013851701516137682,-0.10626882962628459
130_S_6688,0.2180548925999594,0.22016703864515197,-0.04346174645240544,-0.041485954252163726
131_S_0384,-0.3350816769717998,-0.2037861914811187,-0.04526012442625915,-0.3163303748556776
131_S_0384,1.3050209283429952,1.221569049049031,-0.047905481915503756,-0.26083786721846325
131_S_0384,-0.8935042001205227,-0.9666644060911245,-0.044977413713947256,-0.46166669923124126
131_S_0384,0.06288686986714498,-0.4776027999089814,-0.0450659089488889,-0.4443773917844904
131_S_0384,-0.6806205257238755,-0.8681107193045363,-0.04484439296275583,-0.3519328221436111
131_S_0384,0.5412986046060576,1.2945950677367304,0.22805332196735492,1.8351451552334839
133_S_0727,0.9213652833922674,1.0080399534512596,-0.002072635227391595,0.10512402372351481
133_S_0727,-0.9626874885930824,-0.48729423239216,0.000743049253587813,-0.003474260660941031
133_S_0727,-0.9846967738307311,-0.4050367127744816,0.0006079330591278187,0.061561927341620915
133_S_0727,1.3073468394699759,0.9536518471778046,-0.002008398354678087,-0.008599758686404835
133_S_0727,-0.9638780990773451,-0.6191333421031469,0.0013733063893830444,-0.04834066707007567
133_S_0727,0.6825502386389151,-0.45022751335927585,0.0013567448799709503,-0.10627126464771375
133_S_0771,0.9587316716101473,0.6420797684302485,-0.0018253330450006544,-0.05170173775509879
133_S_0771,-0.03362717414971095,0.25008555770783314,0.00020380640493361524,0.018096986642218815
133_S_0771,-0.18016801651482395,-0.20134788524696529,0.0004043954731121069,0.00208688889624542
133_S_0771,-0.45477596218828686,-0.5268067481465346,0.0009365472647044348,0.04045190982972324
133_S_0771,-0.29016051875732574,-0.16401069274458174,0.00028058390225044194,-0.008934047613088802
133_S_0792,0.044727267192119835,0.40758370798556665,-0.0015695636071637042,-0.13760374477946602
133_S_0792,0.3767460724451287,0.4000279590038507,0.0002027468617918915,0.05858653334167019
133_S_0792,-0.28605128730881635,-0.3279761121511947,0.0005928911981131768,0.06337876328778669
133_S_0792,-0.1354220523284324,-0.47963555483822284,0.0007739255472585804,0.01563844815000892
133_S_0912,-1.0310101189739957,1.13902811144342,-0.0031180018955118127,0.11550048690565118
133_S_0912,0.3693599785666639,-0.24796823039930915,0.0008930234025685269,-0.046357484409117355
133_S_0912,0.9315246723612662,-0.1895224697153819,0.00035658953276068717,-0.02423106372703543
133_S_0912,-0.8491145707431917,-0.18618495186669737,0.000707197559623951,-0.14666227008753563
133_S_0912,0.5792400387892567,-0.5153524594620311,0.0011611914005587587,0.10175033131803768
135_S_4722,-1.1472050295082343,0.7244032573324333,-0.0035601942754273086,-0.19812682582623875
135_S_4722,-1.2651875990196189,0.7849973032416948,-0.0035740763414139898,0.1697234513814404
135_S_4722,-1.1987275957975707,0.869142833022479,-0.0036975627471201866,0.1445171835689696
135_S_4722,-1.3156977054304857,0.7186348318394051,-0.0036353801438461786,-0.15867364096395986
135_S_4722,-1.2145653610393352,0.276344867654851,-0.003683742294476655,-0.5168503591402996
135_S_4722,0.9613643742529061,-0.7627312930861491,-0.000797678080644848,0.2898070245361254
135_S_4722,0.7982046253759303,-0.5928767283105615,0.0004401840993828454,0.07777814404785532
135_S_4722,0.7299419496873394,-0.5936667669221677,0.0002506103570638074,0.31158269243727865
135_S_4722,1.2919131220318012,-0.49110220132133453,0.0059483796356959995,0.14812423082916437
135_S_4722,1.211901577678826,-0.4357148412994011,0.006103023427526055,-0.1248183851283805
135_S_4722,1.1480576417684412,-0.49743126215124966,0.006206436363260515,-0.1430635157419552
135_S_6446,-0.4418049350115708,0.01767967987582253,-0.004230110881855542,0.42370101769710405
135_S_6446,-0.39999220669060864,0.033644566118798735,-0.004064886496909392,0.21874273689545726
135_S_6446,0.02810747874656519,-0.10970769094816935,0.0019869317221806737,-0.01011821665085788
135_S_6446,0.018078128800616905,0.008506902459626708,0.0017608455392959521,-0.1596853755246957
135_S_6446,0.20001802569707805,-0.05702462927507845,0.002593909823623175,0.08200320044245529
135_S_6446,0.5955935084579194,0.10690117176899983,0.0019533102936652447,-0.554643362859463
135_S_6586,-1.260770157325635,-0.5952663367164958,-0.0022179105482550976,0.21191033778721358
135_S_6586,-0.9634466235177217,-0.6284579025277287,-0.0013309594501949018,0.24896593016316607
135_S_6586,0.18354392429808053,-0.2451106640399482,0.00531369665721787,-0.08427312567290196
135_S_6586,0.22714420622229348,-0.19017134749236042,0.0035071384065582523,-0.12185708165722864
135_S_6586,2.9438472076180293,0.49153664717975953,-0.00133245114166064,-0.5351344073266588
135_S_6586,-1.1303185572950472,1.1674696035967738,-0.003939513923665372,0.2803883467064099
135_S_6703,-1.3200279540436946,-0.2708291151015916,-0.004867068745503578,0.28107936725796645
135_S_6703,1.5955379918935932,-0.04979960737293143,0.002417660967445112,0.010193994381004434
135_S_6703,-0.5453061532995576,0.023361176715095855,0.0008624018265162015,-0.020187490855012258
135_S_6703,-1.1091087239508166,-0.11078609370871373,0.0011507750703842468,0.16569847909636948
135_S_6703,1.3789048394004757,0.4080536394681409,0.0004362308811579618,-0.43678434988032805
136_S_0107,-0.3959631241161272,-0.3553782155966063,-0.31971043762631657,-0.32327289444184837
136_S_0107,-0.11456630486234798,-0.2591958037380445,-0.319581309423369,-0.41157608307943294
136_S_0107,0.1330002939077053,-0.2273261446769308,-0.3197425689356366,-0.4042299024104028
136_S_0107,-0.47750217762372604,-0.019706299014781214,-0.32009135666653726,-0.39538520700885016
136_S_0107,-0.43048503259547233,-0.06500910676602706,-0.32006250550617166,-0.39637294677150525
136_S_0107,-0.3093131388725935,-0.11530538002841312,-0.3203792713970734,-0.4033772633643443
136_S_0107,-0.41846074863811467,-0.15119104696163063,-0.32040304412430654,-0.4943715577850136
136_S_0107,2.013290232800677,1.1931119967824335,2.239970493679411,2.828585854861397
136_S_0874,1.2635341795133501,0.015428321135275258,-7.172271375044392e-05,0.046512750971010264
136_S_0874,0.2962293060771388,-0.16538852585742125,0.0003427061237930573,0.033552135604080435
136_S_0874,-0.04471013248038891,-0.09134140327408469,0.0002539888056687367,0.06317986357354166
136_S_0874,-0.6590359125573682,-0.15584296533172626,0.0003008220216802471,0.01590515566277706
136_S_0874,0.050288237092053656,0.46846729356906675,-0.0004696792682225004,-0.044878545900239764
136_S_0874,-0.9063056776447852,-0.07132272024110953,-0.0003561149691691523,-0.11427135991116988
137_S_0158,0.686372791241298,0.02210683608129338,-0.0015002745877121249,0.05407534734432978
137_S_0158,-1.0154069648930522,-0.17868482994317525,-0.001523941776300053,-0.14396966701913028
137_S_0158,0.7897989191749335,0.06773668871689764,0.0009033931149279861,0.25828639383627516
137_S_0158,0.2700386052181296,9.766079554041074e-05,0.0005397478225740993,0.07481596189624679
137_S_0158,-0.13768387627379086,0.021309556714624756,0.0009198614673235905,-0.04178661144412299
137_S_0158,-0.5931194744675172,0.06743408763481906,0.0006612139591864463,-0.20142142461359835
137_S_0443,-0.1514299047822344,-0.032697029458939486,9.068752023516646e-05,-0.022691610457335254
137_S_0443,0.4286330033398069,0.03136881175498596,-2.6723534689021555e-05,0.11553553612448808
137_S_0443,-0.051592994994171915,0.015278394471560874,1.1870591779927775e-05,-0.0632901786519291
137_S_0443,-0.22561010356340028,-0.013950176767606903,-7.583457732607268e-05,-0.02955374701522384
137_S_0481,-0.15319251226105246,-0.08464090937372704,-0.0013608373276459695,-0.08364858689831345
137_S_0481,0.41223987185310795,0.2227968296126175,0.0004956773557482363,-0.015535426400749897
137_S_0481,-0.0010791088674821925,-0.077075665936432,0.0004958919706468667,0.22034645398452957
137_S_0481,-0.2579682507245733,-0.06108025430245845,0.00036926800125092196,-0.12116244068546611
137_S_0669,0.10248865761709602,-0.07777427428084183,-0.0014543977640826822,0.0160861445238224
137_S_0669,-0.005294222755247491,0.05628456578263141,0.0003273872058191518,0.018667819226100058
137_S_0669,0.0029102803913303443,-0.06905428599222696,0.00036957003929266596,-0.09384178612429461
137_S_0669,-0.058886561429288165,0.0783676501800572,0.0003742455781557408,-0.014126993961316447
137_S_0669,-0.04121815382389049,0.012176344310379728,0.00038319494081517913,0.07321481633568849
137_S_0722,0.1859139621074083,0.6548930823694388,0.0009396571227450745,-0.007286950456728225
137_S_0722,0.6164089794521795,0.6657362737620672,0.0006103551275171704,-0.32794101487070004
137_S_0722,0.39719402907086054,0.5987486016463035,0.000619183425361991,-0.27887064529495076
137_S_0722,-0.23724109909004565,0.3138758173339205,0.000439754364212952,-0.25901165448178254
137_S_0722,-1.7400130215762926,-0.37112343223328126,-0.0010297788994086399,0.15219541462518343
137_S_0722,0.46906557742730437,-0.8592861825670626,-0.0008048649423140763,0.26264317878572646
137_S_0722,0.30867157260858546,-1.0028441603113862,-0.0007743061981144161,0.45827167169325134
137_S_0800,0.38115158321795417,0.49616094699180263,-0.0006085150079632728,-0.6234085103764075
137_S_0800,0.7913253364116528,0.4497351449797589,0.0016731403906621867,-0.5498028057195973
137_S_0800,0.9383356194819894,0.6338005929377675,0.0012465689094400267,-0.5899723961911963
137_S_0800,0.425818248966378,0.46978393036629634,0.0010135690608922276,-0.8514799739039454
137_S_0800,0.9589753876864178,-0.6406816670258042,-0.0007857367981173313,0.37092107735201846
137_S_0800,-1.1888249465074843,-0.38032941537587894,-0.0008895243763888949,0.4999384973232471
137_S_0800,-1.2404233590943354,-0.5393374767086039,-0.0007978009265469099,1.0769670832808398
137_S_0800,-1.0663578701625727,-0.4891320561653384,-0.0008517012519779765,0.6668370282350411
137_S_0973,-0.04733951279111848,-0.382411801577643,-0.0013175664421666844,0.33782600370602145
137_S_0973,0.1136678139151549,0.04590113027657705,0.000406066242891745,0.015079850996713606
137_S_0973,-0.07002435923687444,0.006651727653974149,0.00029673429900511916,-0.07274066771036714
137_S_0973,0.05391151467687638,-0.11439402013709343,0.000289034891249762,0.2494898726233481
137_S_0973,0.16264486758819063,0.2671716508968467,0.000298304997054466,-0.09746837166980615
137_S_0973,-0.2128603241522291,0.1770813128873383,2.7426011965536734e-05,-0.4321866879459103
137_S_0994,1.1336223543999262,0.12167227996595481,-0.0008882946214733844,-0.5486670869662054
137_S_0994,1.2218998852768674,0.4609304367718568,0.0012525767447235658,-0.3830895690362912
137_S_0994,0.9817599241370067,0.6228873377711319,0.0011667138833645896,-0.5798097174852543
137_S_0994,0.942743681562995,0.5387049033273887,0.0012909877017002747,-0.5232998699511273
137_S_0994,1.1303526482319288,0.5085571467047614,0.0008341954161302789,-0.6314046845604611
137_S_0994,-1.8135223612958216,-0.6779449280344398,-0.0013614425964438848,0.971446438625827
137_S_0994,-1.9451572643600803,-0.9876730756910106,-0.001124863032312351,0.7512456343958072
137_S_0994,-1.651698867952823,-0.5871341008156432,-0.0011698734956888668,0.9435788549777049
137_S_4299,0.5368766310709809,0.050080655934588825,0.0006969863190104397,-0.03458438191010721
137_S_4299,-0.6617443309256418,0.06853215526378198,-0.00023184436088541371,0.14070734718663191
137_S_4299,-0.5705035028434261,-0.07334982029621523,-0.0001786638895934778,0.25942781363690914
137_S_4299,0.6489436933382297,-0.11435103211003222,-4.2025147862723156e-05,0.3655334835585283
137_S_4299,0.2746134892566698,-0.10373813894645662,-0.00011938792280602462,-0.22320818053016545
137_S_4299,-0.2281859798968125,0.17282618015433343,-0.00012506499786274494,-0.5078760819417965
137_S_4331,0.35428758058096266,0.4119449448916887,0.0004881729340792673,-0.07251149074435637
137_S_4331,0.11836779814807041,-0.014510222509541149,-0.0001802825091319349,-0.03248093276966413
137_S_4331,-0.15626736147931863,0.0037213219746913273,-0.00016666910483609243,-0.031687148803084764
137_S_4331,0.037548906495290524,-0.10102762649705022,-6.799440224364295e-05,0.1329283327923968
137_S_4331,-0.3539369237450052,-0.3001284178597883,-7.322691786748603e-05,0.0037512395247084607
137_S_4351,-0.046578769987366986,0.24165748989085573,0.0005674238442379687,-0.09525603895816404
137_S_4351,-0.29407859377788004,0.23369751994985133,-0.00017675975325198712,0.4119775757872365
137_S_4351,-0.5578740323868573,0.1634701448849148,-0.0001324381899427407,0.09581070003021186
137_S_4351,1.1263801894002068,-0.6953709977115784,9.138451328311037e-05,0.3436488826398292
137_S_4351,-0.3491608964293694,-0.026556047028348045,-0.00013119093737817833,0.6261716047009315
137_S_4351,-0.4114677479050449,-0.39025865117612596,-8.614308344812027e-05,-0.697394407029365
137_S_4351,0.5327798510863119,0.47336054119043053,-0.00013227639350010811,-0.68495831717068
137_S_4536,-0.22885101389640494,-0.02912739898023886,-5.629993749522999e-05,0.08617772362352483
137_S_4536,-0.32993220613341756,-0.17889291617683592,3.3557866212174936e-05,0.5451914944776408
137_S_4536,-0.4540646252699667,-0.3457323988274724,5.130982992346267e-05,0.4118630923670765
137_S_4536,-0.2625119031112575,-0.08566377336491549,-8.380376046379645e-05,0.25692404248561895
137_S_4536,-0.27665862349378745,-0.30272646214723287,5.158438762803419e-05,0.5613099002920108
137_S_4536,-0.12370183950956659,-0.38384641799667374,5.1482583124817793e-05,-0.25580473874482845
137_S_4536,0.5145785195486607,0.45609828330276303,8.19626155412756e-06,-0.3143287323337457
137_S_4536,0.7885781829556667,0.6908272671057539,-5.8854581963974084e-05,-0.5668381375943645
137_S_4536,0.3725635089100732,0.1790638170848525,2.827351480105822e-06,-0.7244946445729337
137_S_4623,-0.8458197672621296,-0.09519220778356352,-2.4371840838477432e-05,-0.36630950677111923
137_S_4623,-0.15070155354313175,-0.1866059210198801,0.00012352062223897065,-0.004079446205383475
137_S_4623,0.5831831895245008,0.12247594447207741,6.87105910276431e-05,-0.09366810848495682
137_S_4623,0.6225517016132212,0.2554445378275172,-0.00016556279647911287,0.06606321922192576
137_S_4623,-0.20921357033246069,-0.09612235349615095,-2.2965759491899718e-06,0.3979938422395338
137_S_4631,0.16121907478604952,-0.5750005949861146,2.370802940132588e-05,0.09307404772624953
137_S_4631,-1.0480586699831491,-0.4628523787218395,-2.3954117002733533e-05,0.3326871081316809
137_S_4631,-0.12742446762474546,-1.205765954149038,9.683677864069651e-05,0.4600056887820828
137_S_4631,-0.45909654694625235,-0.04755156670663606,5.395354787274265e-06,0.6220687141338205
137_S_4631,0.14331204112168927,-0.687737355610629,9.761500331550987e-06,0.39316881875292137
137_S_4631,-0.2439208528745047,0.5568788807171559,-0.00012482582169964784,-0.6534978132949303
137_S_4631,0.454598349142077,0.8374248979333898,-8.213937038936692e-05,-0.41458763279891275
137_S_4631,-0.10975480011407401,0.44324813501794025,-6.587359519777403e-05,-0.14205660612751445
137_S_4631,1.2291258724929097,1.1413559365057713,0.00016109124112845263,-0.6908623253053977
137_S_4678,0.07064641646766445,0.03372689409905588,1.2027081810195295e-05,0.0034554161294164665
137_S_4678,-0.010587739963541343,-0.013779316711027112,-6.621636104592321e-05,0.12162641137191199
137_S_4678,0.4527852614586003,-0.013389191024031744,3.0278781815884503e-05,0.3032830621358936
137_S_4678,-0.5128439379627237,-0.006558386363997026,2.3910497419898924e-05,-0.4283648896372222
141_S_1052,0.6859213811804452,0.8111279555306471,-2.0969391090197576e-06,-0.09919194157792421
141_S_1052,0.3412682458362386,0.6453107115974016,-6.461138968733016e-05,-0.20105789078583536
141_S_1052,0.5861368834517957,0.6801063261363608,-4.95301727812536e-05,-0.12613321943286138
141_S_1052,-0.7328841542966376,-0.4553063889759501,0.00010340416814375031,0.15362790095585277
141_S_1052,-0.24347344651263514,-0.8121306613917497,0.00035290273355775836,0.4994395176115779
141_S_1052,-0.09354824659955874,0.08460022911488507,-2.9399806277363716e-05,-0.3907633764373326
141_S_1052,-0.2404859591260926,-0.5554130913286477,-4.578993822457189e-05,0.1352238058034535
141_S_1052,-0.048913330464048554,0.057062302256433606,-8.884037011386292e-05,0.0886831124194919
141_S_1052,-0.25402137346950704,-0.4553573829393809,-0.0001760382855079956,-0.05982790855642206
141_S_1378,0.08183834400552115,0.3862180763443731,2.222745574287366e-05,-0.2058114908975539
141_S_1378,0.17989273981143095,0.2519864515444059,-0.00014269986837972537,-0.1965321486273245
141_S_1378,0.5233252789258457,-0.2628429096430296,5.289977190625628e-06,0.1797036552603679
141_S_1378,-0.7850563627427976,-0.3753616182457496,0.00011518243544622608,0.22263998426451032
141_S_4160,-0.2902893986675229,-0.3569148099088372,0.00012667092459395235,0.13840207060952475
141_S_4160,-0.4519879094073056,-0.3903209226812215,0.00014478976775761376,0.3718550380082907
141_S_4160,0.09382245798304778,-0.1286302567806602,-0.00020935350891942983,0.4009647013980578
141_S_4160,-0.5758126596758586,-0.403413206015172,0.00017124301935200759,0.001230132261037159
141_S_4160,0.6942587903345193,0.6916094847824694,-0.00013216476464711358,-0.4692197654101811
141_S_4160,0.5300087194331197,0.5876697106034217,-0.00010118543813691927,-0.44323217686672944
141_S_4232,0.11083449693735081,-0.09001302194010817,-0.00025030553315558146,-0.36314933606701294
141_S_4232,0.03195207969124936,0.037390890174311936,-3.644620867881976e-06,0.33555631253584106
141_S_4232,-0.08112996226501701,0.06856615333563218,6.826650327584893e-05,0.25028987600550223
141_S_4232,-0.06165661436358327,-0.01594402156983596,0.00018568365074750348,-0.22269685247433035
153_S_2148,-0.17868551117659998,-0.04019768896443128,-3.583351458830153e-05,-0.0726379908404619
153_S_2148,-0.15642474884619023,-0.051292550016240016,0.00012911189064296336,-0.2153827923385581
153_S_2148,0.05099093665977028,-0.06886518265696943,7.702512989216093e-05,0.37356422553715224
153_S_2148,0.31545185723465996,0.2772386130175806,-8.539118026307246e-05,-0.24179421289536834
153_S_2148,-0.03133253387163987,-0.11688319137993992,-8.491232568386131e-05,0.15625077053723618
153_S_4077,-0.060757067195801207,-0.015381693253157275,8.343802745836015e-06,0.08170167625784777
153_S_4077,-0.11078765365925025,0.17919065231640302,-1.3375342916066568e-05,0.16289636726591886
153_S_4077,0.17741794567818014,0.08998708232178271,-2.834669743356777e-05,-0.17318552235697962
153_S_4077,0.04230494811354668,-0.053858092376543196,8.195199616584103e-05,0.22331798367355668
153_S_4077,-0.04817817293667492,-0.19993794900848524,-4.8573758562153735e-05,-0.2947305048403438
153_S_4838,-0.13972519579771658,-0.18007559097843578,-9.904217164619089e-05,-0.28995470978886867
153_S_4838,0.24671597372407528,0.13455189350047836,3.5950501326820206e-05,0.09330673063235623
153_S_4838,0.0755306282494792,0.09364722188096902,-3.420832754569281e-05,0.1282859937956669
153_S_4838,-0.182521406175838,-0.0481235244030116,9.729999786517451e-05,0.06836198536084548
168_S_6180,-0.0013646034026503773,0.04737234344400387,-7.606484122774093e-05,0.010110102575745905
168_S_6180,-0.23326906772618405,0.06052109434389813,4.562367336791162e-05,0.2525936953217501
168_S_6180,0.26303911747278375,0.059665687361072056,-6.271066500090905e-05,-0.14227637853744513
168_S_6180,-0.028405446343949314,-0.16755912514897406,9.315183286068285e-05,-0.1204274193600508
168_S_6541,0.001697092404551459,0.17431309321137733,1.747359816456351e-05,0.2396255340354384
168_S_6541,0.22058749118719778,-0.0439829001632257,-2.6589179276836905e-05,0.14431548279466477
168_S_6541,-0.2217735660124724,-0.3378266688320621,3.835472374608129e-05,-0.3438021377399594
168_S_6541,-0.0005110175792767402,0.20749647578391062,-2.923914263369687e-05,-0.040138879090143784
301_S_6056,0.24030989716326545,0.224627786847738,-3.2272092794269116,0.030962378213358788
301_S_6056,-0.21177662083017995,-0.19501981409346658,-3.3382684172891306,-0.4186362510451913
301_S_6056,0.10554488543540741,0.04539517313337904,-3.2910586488251687,-0.29536631147630166
301_S_6056,-0.0889590388379436,-0.10479388203026319,-3.3509922601250874,0.07159193083363113
301_S_6056,-0.04511912293054926,0.02979073614261274,13.207528605666297,0.6114482534745029
301_S_6297,0.24071074862535316,0.18068359023616043,0.006131175025866305,0.08991260753339159
301_S_6297,0.06066297746991281,0.24417970485667462,-0.02971676435648444,-0.4126396092329411
301_S_6297,0.12133673972897421,-0.01280903937255884,0.020448645901497864,-0.1758201219619714
301_S_6297,-0.043242922392195765,-0.030310455045549745,-0.013613068616102168,0.19778576952479066
301_S_6297,-0.37946754343204436,-0.3817438006747267,0.016750012045222418,0.30076135413673044
305_S_6378,-0.029268985418990257,0.411274519179041,0.35167497264676595,0.2230286577713343
305_S_6378,0.1470099050987541,0.11074909982229442,-0.1756016520645164,-0.25364199920239106
305_S_6378,-0.2758536140182144,-0.23005793149957876,-0.11026891479956147,-0.10868553876330656
305_S_6378,0.15811269433845054,-0.29196568750175644,-0.06580440578268812,0.1392988801943631
941_S_4036,-0.3233061123145474,-0.10294140746859501,-0.0001632586867346686,-0.26263870910022
941_S_4036,-0.1429781382260913,-0.09833123075518582,-8.147989579787573e-05,-0.5890288029424777
941_S_4036,-0.22461899207985775,-0.24162512234917913,-2.8616531776048948e-05,0.13471812676912223
941_S_4036,-0.4167318681235438,-0.4475770290724853,-0.00019370491533954315,-0.10828344731109799
941_S_4036,0.4459791971707625,-1.1319148612074084,0.000593816102506528,-0.10269345711959027
941_S_4036,-0.15284042473266102,-0.11344572287422602,0.00010153020753794761,0.4926572695440252
941_S_4036,0.3183142556259857,0.7093077477941002,-7.631783753775379e-05,0.14389887155570175
941_S_4036,0.3555255579039617,0.7686550436867731,-0.00011794821452776327,0.33344241731231516
941_S_4036,0.14065652477599133,0.6578725822462064,-3.402022833093321e-05,-0.04207226870777822
941_S_4187,-0.6219710868665889,-0.19355048508785627,-0.00016089777217381807,-0.3270329884322519
941_S_4187,-0.2192660521392471,-0.04195876364712732,-0.00015011219431476652,-0.3740381618637804
941_S_4187,-0.41635756986506056,-0.297876220812981,-0.00014068289614022067,-0.44764763082322995
941_S_4187,-0.7363639342702907,-0.36029184430053046,-8.395715181130914e-05,-0.04919026621423522
941_S_4187,1.7052881387575205,-0.4119334072376704,0.00034044213969736115,0.3913959984455577
941_S_4187,1.484805219708094,-0.20535303123048,-7.697764732855772e-05,0.5337379804518045
941_S_4187,-0.1721660053439399,0.48879058067271886,-1.3813062973044854e-05,0.08484991481358375
941_S_4187,-0.38730037452268873,0.4019052803699832,0.00017999824265813036,0.3928801447327567
941_S_4187,-0.35322195269991596,0.4307016791429284,3.2824208849813186e-05,0.04098740367298051
941_S_4187,-0.2834463827578835,0.1895662121310151,7.317613353613472e-05,-0.24594239478318597
