{
  "BSC_dir": 0.5583882927894592,
  "BSC_mag": 0.706364095211029,
  "Nboundary": 84303,
  "engine": "atropos",
  "units": "SD/mm",
  "spacing": [
    1.0000000417346968,
    0.9999999652777195,
    1.0000000386534174
  ],
  "mu_wm": 144.78787231445312,
  "sd_wm": 16.59370994567871,
  "t1": "data/raw/oasis3/t1_mprage_sag/t1_mprage_sag_images/OASIS_OAS31449_20250501163644223.nii"
}