{
  "BSC_dir": 0.15801258385181427,
  "BSC_mag": 0.16772910952568054,
  "Nboundary": 60548,
  "engine": "atropos",
  "units": "SD/mm",
  "spacing": [
    1.0,
    1.0,
    1.0
  ],
  "mu_wm": 307.947509765625,
  "sd_wm": 121.83168029785156,
  "t1": "data/raw/oasis3/t1_mprage_sag/t1_mprage_sag_images/OASIS_OAS31363_20250501124502944.nii"
}