{
  "BSC_dir": 0.29282665252685547,
  "BSC_mag": 0.3531695008277893,
  "Nboundary": 60450,
  "engine": "atropos",
  "units": "SD/mm",
  "spacing": [
    1.0,
    1.0,
    1.0
  ],
  "mu_wm": 1442.6356201171875,
  "sd_wm": 273.1494140625,
  "t1": "data/raw/adni/adni_3yr_3t/023_S_0604/MPR__GradWarp__B1_Correction__N3__Scaled/2008-07-30_10_18_17.0/I120798/ADNI_023_S_0604_MR_MPR__GradWarp__B1_Correction__N3__Scaled_Br_20081014175230216_S54484_I120798.nii"
}