{
  "BSC_dir": 0.3666226267814636,
  "BSC_mag": 0.43126189708709717,
  "Nboundary": 42804,
  "engine": "atropos",
  "units": "SD/mm",
  "spacing": [
    1.0,
    1.0,
    1.0
  ],
  "mu_wm": 586.9378662109375,
  "sd_wm": 98.42630767822266,
  "t1": "data/raw/adni/adni_3yr_3t/023_S_0331/MPR__GradWarp__B1_Correction__N3__Scaled/2006-04-12_12_35_42.0/I66018/ADNI_023_S_0331_MR_MPR__GradWarp__B1_Correction__N3__Scaled_Br_20070808173645065_S13168_I66018.nii"
}