image_id,coverage
002_S_0782_sc_2006-08-23,0.0002520602016147143
002_S_0782_m06_2007-02-21,0.0010964314716180841
002_S_0782_m12_2007-08-23,0.00362486092400335
002_S_0782_m18_2008-02-21,0.00013881837596309152
002_S_0782_m24_2008-08-22,0.004441904444041757
002_S_1070_sc_2006-12-27,0.02487155835104639
002_S_1070_bl_2006-12-27,0.07613523095910477
002_S_1070_m06_2007-06-27,0.07874382469765186
002_S_1070_m18_2008-06-26,0.036552269549999794
002_S_1155_sc_2007-01-10,0.15032035422026485
002_S_1155_m18_2008-07-10,0.14452967063529804
002_S_1155_m24_2009-01-09,0.14225122699190026
002_S_1155_m36_2010-01-09,0.13458787096979813
002_S_1155_m60_2012-01-10,0.22562956358871167
002_S_1155_m72_2013-01-09,0.18589716652765106
002_S_1155_m84_2014-01-09,0.20463977815719162
002_S_1155_m96_2015-01-10,0.21153248237070404
002_S_1155_m126_2017-07-11,0.0029641491323732687
002_S_1155_m138_2018-07-11,0.1277935077453251
002_S_1155_m150_2019-07-12,0.054495466983526905
002_S_1268_bl_2007-03-28,0.11220213679625796
002_S_1268_sc_2007-03-28,0.004487983278698909
002_S_1268_m12_2008-03-27,0.002583168094170274
002_S_1268_m18_2008-09-25,0.0005828491013925507
002_S_1268_m24_2009-03-27,0.0009596224690096452
002_S_1268_m36_2010-03-27,0.001285951714330659
002_S_1268_m48_2011-03-28,0.19088208291597425
002_S_1268_m60_2012-03-27,0.20132917516901824
002_S_4229_m03_2011-12-06,0.21637505776396643
002_S_4229_m06_2012-03-06,0.21517379568371722
002_S_4229_m12_2012-09-05,0.13293198582042853
002_S_4229_m24_2013-09-05,0.21356965634263544
002_S_4229_m48_2015-09-06,0.23055022759652066
002_S_4229_m72_2017-09-05,0.05360170684973356
002_S_4229_m84_2018-09-05,0.0366418172736689
002_S_4229_m96_2019-09-06,0.04559218095667712
002_S_4237_m03_2011-12-08,0.1551009570859084
002_S_4237_m06_2012-03-08,0.13562298722942684
002_S_4237_m12_2012-09-07,0.14718917198198095
002_S_4237_m24_2013-09-07,0.18386026222687374
002_S_4521_m03_2012-05-01,0.18177371201033105
002_S_4521_m06_2012-07-31,0.15425935180481593
002_S_4521_m12_2013-01-30,0.1791746451057847
002_S_4521_m24_2014-01-30,0.16411397149686074
002_S_4799_m03_2012-09-06,0.1815065004825719
002_S_4799_m06_2012-12-06,0.18214849545375147
002_S_4799_m12_2013-06-07,0.17875873427649874
002_S_4799_m24_2014-06-07,0.20767698285644232
002_S_4799_m48_2016-06-07,0.17637498979728428
002_S_4799_m60_2017-06-07,0.0031063799900887
002_S_4799_m72_2018-06-07,0.04439319764092581
002_S_4799_m84_2019-06-07,0.013264200588503276
003_S_0908_sc_2006-10-12,0.08505842425144294
003_S_0908_m06_2007-04-12,0.07767544320115027
003_S_0908_m12_2007-10-12,0.068231876191057
003_S_0908_m18_2008-04-11,0.08447600587651218
003_S_0908_m24_2008-10-11,0.08023591994662954
003_S_0908_m36_2009-10-11,0.07437808340314436
003_S_0908_m84_2013-10-11,0.0008857699145440007
003_S_0908_m132_2017-10-12,0.14179523395057134
003_S_0908_m144_2018-10-12,0.18647069310509384
003_S_0908_m156_2019-10-12,0.1799329692980692
003_S_1074_sc_2007-02-07,0.10215491139673995
003_S_1074_m12_2008-02-07,0.1123993715422035
003_S_1074_m18_2008-08-07,0.11534759954430293
003_S_1074_m24_2009-02-06,0.1320438707429985
003_S_1074_m36_2010-02-06,0.10079446502722522
003_S_1074_m60_2012-02-07,0.11372494728067821
003_S_1074_m96_2015-02-07,0.0435586318368884
003_S_1122_sc_2007-01-12,0.06383782779487157
003_S_1122_m06_2007-07-13,0.07045644104504817
003_S_1122_m12_2008-01-12,0.08731953028904593
003_S_1122_m18_2008-07-12,0.05509375082419174
003_S_1122_m24_2009-01-11,0.06873818337393506
003_S_1122_m126_2017-07-13,0.19738179722794885
003_S_1122_m138_2018-07-13,0.1552038891142528
003_S_1122_m150_2019-07-14,0.2279934486795852
003_S_4354_m03_2012-01-31,0.00039555997531434814
003_S_4354_m06_2012-05-01,0.00027324282078400357
003_S_4354_m12_2012-10-31,0.0005554891089860318
003_S_4354_m24_2013-10-31,0.000212571282093311
003_S_4354_m48_2015-11-01,0.00018955246253180897
003_S_4354_m66_2017-05-02,0.2098442447900809
003_S_4354_m84_2018-10-31,0.20388648176848823
003_S_4354_m90_2019-05-02,0.1286084223564321
003_S_6258_sc_2018-03-08,0.21957186954199642
003_S_6258_m12_2019-03-08,0.21182166055498097
003_S_6258_m36_2021-03-07,0.19646517980893757
003_S_6258_m48_2022-03-08,0.20415788748183583
003_S_6268_sc_2018-06-08,0.14785883773081518
003_S_6268_m12_2019-06-08,0.17435054841069264
003_S_6268_m36_2021-06-07,0.18803292519904635
003_S_6268_m48_2022-06-08,0.20156012827920988
005_S_0324_m06_2006-10-20,0.00676743587141063
005_S_0324_m12_2007-04-21,0.12276625950720894
005_S_0324_m24_2008-04-20,0.0024370716530974935
005_S_0324_m36_2009-04-20,0.0029760951947667086
005_S_0448_m06_2006-11-13,0.004522068559068303
005_S_0448_m12_2007-05-15,0.005242784758979836
005_S_0448_m18_2007-11-13,0.0005607653864714188
005_S_0448_m24_2008-05-14,0.001188996350234506
005_S_0546_m06_2007-01-11,0.001990718673201226
005_S_0546_m12_2007-07-13,0.004000813344699424
005_S_0546_m18_2008-01-11,0.0022925333607998815
005_S_0546_m24_2008-07-12,0.006308821680388051
005_S_1224_sc_2007-02-13,0.008210503985778918
005_S_1224_m06_2007-08-14,0.006819450829940333
005_S_1224_m12_2008-02-13,0.0010707884481769513
005_S_1224_m18_2008-08-13,0.008274602994259108
005_S_1224_m24_2009-02-12,0.005124764613627578
005_S_2390_m03_2011-10-31,0.07080607623492238
005_S_2390_m06_2012-01-30,0.06327543687321745
005_S_2390_m12_2012-07-31,0.13190032766475943
005_S_2390_m24_2013-07-31,0.09614973308205785
005_S_2390_m48_2015-08-01,0.07070295971898878
005_S_4168_m03_2011-11-15,0.00024031679710585145
005_S_4168_m06_2012-02-14,0.0007987873447714417
005_S_4168_m12_2012-08-15,0.0005981341009206471
005_S_4168_m24_2013-08-15,0.0004276467235441604
005_S_4168_m48_2015-08-16,0.017402741400649978
005_S_4185_m03_2011-11-15,0.0719251950356761
005_S_4185_m06_2012-02-14,0.07847138081534474
005_S_4185_m12_2012-08-15,0.07015279249229744
005_S_4185_m24_2013-08-15,0.08876063225406317
005_S_4185_m48_2015-08-16,0.06803778038640139
005_S_4185_m72_2017-08-15,0.09956199169868862
005_S_4185_m84_2018-08-15,0.07780954086752045
006_S_4363_m03_2012-02-09,0.18924606981868192
006_S_4363_m06_2012-05-10,0.1929324323928321
006_S_4363_m12_2012-11-09,0.17817961730403725
006_S_4363_m24_2013-11-09,0.18226340445304468
006_S_4679_m03_2012-08-20,0.2046529167460878
006_S_4679_m06_2012-11-19,0.18480767366947298
006_S_4679_m12_2013-05-21,0.15999286705136329
006_S_4679_m24_2014-05-21,0.1796814300643504
006_S_4713_m03_2012-08-02,0.18043674278558167
006_S_4713_m06_2012-11-01,0.17301618714157635
006_S_4713_m12_2013-05-03,0.19283649510861223
006_S_4713_m24_2014-05-03,0.18451335682117512
006_S_4713_m48_2016-05-03,0.17742660240512653
006_S_4713_m90_2019-11-02,0.16381063578962635
006_S_4713_m108_2021-05-03,0.16680162226030404
006_S_4960_m03_2012-12-24,0.19847059434792932
006_S_4960_m06_2013-03-25,0.19419914806271965
006_S_4960_m12_2013-09-24,0.19661785154902917
006_S_4960_m24_2014-09-24,0.16755207231862418
006_S_4960_m36_2015-09-24,0.1759455175141254
006_S_4960_m66_2018-03-26,0.20294512725653213
006_S_6243_sc_2018-02-26,0.20705193916983117
006_S_6243_m12_2019-02-26,0.18492308830987475
006_S_6243_m42_2021-08-27,0.16705624951427517
006_S_6243_m54_2022-08-27,0.15177721286152862
006_S_6243_m66_2023-08-28,0.2310198909240337
007_S_0101_sc_2006-01-05,0.1207270374138143
007_S_0101_m06_2006-07-06,0.11018834131888094
007_S_0101_m12_2007-01-05,0.10881432813570688
007_S_0101_m18_2007-07-06,0.11044402399921549
007_S_0698_sc_2006-08-23,0.14118798749143835
007_S_0698_m06_2007-02-21,0.11630358654234449
007_S_0698_m12_2007-08-23,0.13308990202825394
007_S_0698_m24_2008-08-22,0.12276255650179677
007_S_0698_m48_2010-08-23,0.10827746865434762
007_S_2394_m03_2011-12-16,0.007455917488248532
007_S_2394_m06_2012-03-16,0.0019169014827848927
007_S_2394_m12_2012-09-15,0.0006794235937320069
007_S_2394_m24_2013-09-15,0.019927520248925377
007_S_2394_m48_2015-09-16,0.0019120316716532007
007_S_2394_m72_2017-09-15,0.09905411327641103
007_S_2394_m84_2018-09-15,0.05387476394205455
007_S_2394_m96_2019-09-16,0.08025384841177755
007_S_2394_m132_2022-09-16,0.10299044606179802
007_S_2394_m150_2024-03-17,0.14629862088347706
007_S_2394_m162_2025-03-17,0.13832315745505788
007_S_2394_m168_2025-09-15,0.18707464230562243
007_S_4272_m03_2012-01-05,0.0
007_S_4272_m06_2012-04-05,5.844220190259042e-05
007_S_4272_m12_2012-10-05,0.00033242945919585937
007_S_4272_m24_2013-10-05,1.914718440653302e-05
007_S_4272_m48_2015-10-06,9.137113814173948e-05
007_S_4272_m72_2017-10-05,0.00030373062819454244
007_S_4272_m84_2018-10-05,0.0007907577201545078
007_S_4272_m96_2019-10-06,0.038274101500507585
007_S_4272_m114_2021-04-06,0.00023868901535690638
007_S_4272_m120_2021-10-05,0.0002651160358323417
007_S_4467_m03_2012-04-11,0.0
007_S_4467_m06_2012-07-11,0.0
007_S_4467_m12_2013-01-10,2.267388603197925e-05
007_S_4467_m24_2014-01-10,1.3703260462439362e-05
009_S_1030_sc_2006-11-13,0.2114524783505134
009_S_1030_m06_2007-05-14,0.19327906756365937
009_S_1030_m18_2008-05-13,0.19294496165316316
009_S_1030_m36_2009-11-12,0.14432647955588448
009_S_2208_m03_2011-05-24,0.06921640243752374
009_S_2208_m06_2011-08-23,0.06362319528124183
009_S_2208_m12_2012-02-22,0.06714796166713077
009_S_2208_m24_2013-02-21,0.07141202578012176
009_S_2208_m36_2014-02-21,0.07786346441051725
009_S_2208_m48_2015-02-22,0.061928604612019836
009_S_4359_m03_2012-02-17,0.07247188452982142
009_S_4359_m06_2012-05-18,0.07724083095446216
009_S_4359_m12_2012-11-17,0.07760250952166875
009_S_4359_m24_2013-11-17,0.1091759255354611
009_S_4359_m48_2015-11-18,0.0875749868214129
009_S_5000_m03_2013-01-18,0.006434280953553712
009_S_5000_m06_2013-04-19,0.0009226594416602315
009_S_5000_m12_2013-10-19,0.0002565364695838084
009_S_5000_m24_2014-10-19,0.0006850367759056867
011_S_0362_m06_2006-11-17,0.09809224721027625
011_S_0362_m12_2007-05-19,0.11218888151926414
011_S_0362_m18_2007-11-17,0.11513420614671607
011_S_0362_m24_2008-05-18,0.10191159734787192
011_S_1080_sc_2006-12-08,0.10705370126353106
011_S_1080_m06_2007-06-08,0.11064989233562525
011_S_1080_m12_2007-12-08,0.10408442595331881
011_S_1080_m18_2008-06-07,0.09608043969706401
011_S_1080_m24_2008-12-07,0.10797793210933188
011_S_1080_m36_2009-12-07,0.08573965539913432
011_S_4235_m03_2011-12-07,0.04025073750234731
011_S_4235_m06_2012-03-07,0.0335894096768254
011_S_4235_m12_2012-09-06,0.022256563846773436
011_S_4235_m24_2013-09-06,0.030304090882888865
011_S_4235_m48_2015-09-07,0.0032912733340536423
011_S_4547_m03_2012-05-14,0.12849230679003673
011_S_4547_m06_2012-08-13,0.10425901048753497
011_S_4547_m12_2013-02-12,0.10577257717195845
011_S_4547_m24_2014-02-12,0.11841444911389604
011_S_4547_m48_2016-02-13,0.10455686696905592
011_S_4893_m03_2012-10-30,0.025386309534441185
011_S_4893_m06_2013-01-29,0.034134046521019056
011_S_4893_m12_2013-07-31,0.05801490313137299
011_S_4893_m24_2014-07-31,0.04496799468097647
012_S_0634_sc_2006-07-24,0.06393749954004689
012_S_0634_m06_2007-01-22,0.069484780592013
012_S_0634_m12_2007-07-24,0.09586102693548446
012_S_0634_m24_2008-07-23,0.07218939732539302
012_S_1165_sc_2007-01-18,0.12913299460078714
012_S_1165_m06_2007-07-19,0.1698323160488509
012_S_1165_m12_2008-01-18,0.17201278648482327
012_S_1165_m18_2008-07-18,0.15702858009902812
012_S_1165_m24_2009-01-17,0.1740876856117698
012_S_1175_sc_2007-01-19,0.17974652986169243
012_S_1175_m06_2007-07-20,0.15911404402125215
012_S_1175_m18_2008-07-19,0.17343020608884968
012_S_1175_m24_2009-01-18,0.15824678815147414
012_S_1321_bl_2007-03-15,0.13944403949224907
012_S_1321_sc_2007-03-15,0.1947606800374415
012_S_1321_m12_2008-03-14,0.19593781851234301
012_S_1321_m18_2008-09-12,0.18304452673217725
012_S_1321_m24_2009-03-14,0.12997804671084257
012_S_4012_m03_2011-06-21,0.1581978972763508
012_S_4012_m06_2011-09-20,0.1559248139964867
012_S_4012_m12_2012-03-21,0.11381119830230192
012_S_4012_m24_2013-03-21,0.15141722859531329
012_S_4012_m48_2015-03-22,0.1637617599393762
012_S_4128_m03_2011-10-19,0.13437266176555018
012_S_4128_m06_2012-01-18,0.1638140875955028
012_S_4128_m12_2012-07-19,0.20405363417645694
012_S_4128_m24_2013-07-19,0.1829500040534131
012_S_4128_m48_2015-07-20,0.1251711758322573
012_S_4188_m03_2011-11-22,0.19338064478848252
012_S_4188_m06_2012-02-21,0.167409962586339
012_S_4188_m12_2012-08-22,0.1849236255902385
012_S_4188_m24_2013-08-22,0.16910301142471898
013_S_1120_sc_2007-01-04,0.07654609008927188
013_S_1120_m06_2007-07-05,0.0997608993328497
013_S_1120_m12_2008-01-04,0.10007295029134565
013_S_1120_m18_2008-07-04,0.10768090890450328
013_S_1186_sc_2007-03-01,0.12348403984464709
013_S_1186_m06_2007-08-30,0.18014536771596662
013_S_1186_m12_2008-02-29,0.13575490254283973
013_S_1186_m18_2008-08-29,0.1287523228561216
013_S_1186_m24_2009-02-28,0.17052230773423865
013_S_1186_m48_2011-03-01,0.1914003193608526
013_S_1186_m60_2012-02-29,0.19393695794816318
013_S_1186_m72_2013-02-28,0.1881841131811849
013_S_1186_m84_2014-02-28,0.011857706386075102
013_S_1275_sc_2007-03-26,0.12508401921416967
013_S_1275_m06_2007-09-24,0.11186546145367049
013_S_1275_m12_2008-03-25,0.10422982738730664
013_S_1275_m18_2008-09-23,0.1023039193225878
013_S_2389_m03_2011-10-26,0.18859906318497355
013_S_2389_m06_2012-01-25,0.18285887577411264
013_S_2389_m12_2012-07-26,0.1786956685126369
013_S_2389_m78_2018-01-25,0.1511848130314837
013_S_4395_m03_2012-02-29,0.17255119095369179
013_S_4395_m06_2012-05-30,0.15264524483639033
013_S_4395_m12_2012-11-29,0.1641399899341443
013_S_4395_m24_2013-11-29,0.01070242971423759
013_S_4395_m48_2015-11-30,0.04362406949792451
014_S_0169_sc_2006-02-16,0.13957685806270187
014_S_0169_m06_2006-08-17,0.13531196352718744
014_S_0169_m12_2007-02-16,0.1270573563465162
014_S_0169_m18_2007-08-17,0.12790486918028823
014_S_0169_m24_2008-02-16,0.13284796623720138
014_S_0169_m36_2009-02-15,0.12178001846423955
014_S_0169_m48_2010-02-16,0.10602189279459351
014_S_0557_m06_2006-12-07,0.13839185679745697
014_S_0557_m18_2007-12-07,0.1263113049141793
014_S_0557_m24_2008-06-07,0.13461156299751778
014_S_0557_m36_2009-06-07,0.1372965289990672
014_S_0563_m06_2007-01-18,0.005890469592463756
014_S_0563_m12_2007-07-20,0.0020103165850076897
014_S_0563_m18_2008-01-18,0.003558335191142061
014_S_0563_m24_2008-07-19,0.013663885269113055
014_S_2185_m03_2011-04-13,0.06201866168753271
014_S_2185_m06_2011-07-13,0.06040929354824025
014_S_2185_m12_2012-01-12,0.052939828618707954
014_S_2185_m24_2013-01-11,0.0933329326076549
014_S_4328_m03_2012-01-19,0.0005984725490745018
014_S_4328_m06_2012-04-19,0.000133236155804054
014_S_4328_m12_2012-10-19,0.0005503151130573844
014_S_4328_m24_2013-10-19,0.00026979774176645854
016_S_0702_sc_2006-08-23,0.12536818832927046
016_S_0702_m06_2007-02-21,0.15158765301561716
016_S_0702_m12_2007-08-23,0.1315763307232467
016_S_0702_m18_2008-02-21,0.13120961252767324
016_S_0769_bl_2006-08-31,0.051165782312111704
016_S_0769_sc_2006-08-31,0.07872704295806711
016_S_0769_m06_2007-03-01,0.05634573824832797
016_S_0769_m18_2008-02-29,0.08120499750657964
016_S_1117_sc_2006-12-11,0.19564486572992426
016_S_1117_m06_2007-06-11,0.09881444223462404
016_S_1117_m12_2007-12-11,0.1147171837566027
016_S_1117_m18_2008-06-10,0.10508175630435895
016_S_1117_m24_2008-12-10,0.10696231872177739
016_S_2007_m03_2010-10-05,0.0010144240665665946
016_S_2007_m06_2011-01-04,0.001643775942030233
016_S_2007_m12_2011-07-06,1.6779837347443312e-05
016_S_2007_m24_2012-07-05,0.0004351760784508045
016_S_2031_m03_2010-12-01,0.005979241026885211
016_S_2031_m06_2011-03-02,0.03513251282063745
016_S_2031_m12_2011-09-01,0.0007001886567410158
016_S_2031_m24_2012-08-31,0.004058740571572899
016_S_2031_m36_2013-08-31,0.015202780273275124
016_S_4646_m03_2012-06-26,0.07788205867586753
016_S_4646_m06_2012-09-25,0.04985131489841185
016_S_4646_m12_2013-03-27,0.07206032117549266
016_S_4646_m24_2014-03-27,0.00849273472411541
016_S_5007_m03_2013-01-28,0.00554886900130197
016_S_5007_m06_2013-04-29,0.006019635871121657
016_S_5007_m12_2013-10-29,0.006650477611399671
016_S_5007_m24_2014-10-29,0.0028823265928093807
018_S_0142_sc_2006-02-20,0.15711365111088865
018_S_0142_m06_2006-08-21,0.1430811546886173
018_S_0142_m12_2007-02-20,0.16812964544272987
018_S_0142_m18_2007-08-21,0.15102970307848493
018_S_0142_m36_2009-02-19,0.09419918956496681
018_S_0142_m48_2010-02-20,0.06661040267014778
018_S_0155_sc_2006-03-24,0.21935988598522138
018_S_0155_m06_2006-09-22,0.16552344101944705
018_S_0155_m12_2007-03-24,0.14350957700032355
018_S_0155_m18_2007-09-22,0.20096383440727134
018_S_2133_m03_2011-08-05,0.2063075576263378
018_S_2133_m06_2011-11-04,0.2099568951923933
018_S_2133_m12_2012-05-05,0.2071656656775922
018_S_2133_m24_2013-05-05,0.20065604230222955
018_S_2133_m36_2014-05-05,0.19270834730144937
018_S_2133_m48_2015-05-06,0.1954428826207591
018_S_2155_m03_2011-08-05,0.18882972584785512
018_S_2155_m06_2011-11-04,0.1609029727741413
018_S_2155_m12_2012-05-05,0.16927122858696486
018_S_2155_m24_2013-05-05,0.12131157353040767
018_S_2155_m36_2014-05-05,0.2210471027081658
018_S_2155_m48_2015-05-06,0.16911877994269697
018_S_2155_m84_2018-05-05,0.277163086670968
018_S_2155_m90_2018-11-04,0.26011585073985866
018_S_2155_m108_2020-05-05,0.2649176975801921
018_S_2155_m120_2021-05-05,0.22570566507793655
018_S_2155_m132_2022-05-06,0.21007016225497355
018_S_2180_m03_2011-04-28,0.19625655314461266
018_S_2180_m06_2011-07-28,0.16546776214163378
018_S_2180_m12_2012-01-27,0.18188088098756358
018_S_2180_m24_2013-01-26,0.19525929548193247
018_S_2180_m36_2014-01-26,0.19259591820024086
018_S_2180_m48_2015-01-27,0.19801261579037818
018_S_2180_m60_2016-01-27,0.18730024214502167
018_S_2180_m84_2018-01-26,0.19244909123072754
018_S_2180_m90_2018-07-28,0.24330837059399973
018_S_2180_m102_2019-07-28,0.22846770927593588
018_S_2180_m114_2020-07-28,0.2211023603171811
018_S_4809_m03_2012-09-17,0.20224523971286562
018_S_4809_m06_2012-12-17,0.18479607373162993
018_S_4809_m12_2013-06-18,0.17137050072145735
018_S_4809_m24_2014-06-18,0.1873063132683368
018_S_4809_m48_2016-06-18,0.1814483116274492
018_S_4868_m03_2012-10-18,0.18758140253324895
018_S_4868_m06_2013-01-17,0.14966808276571364
018_S_4868_m12_2013-07-19,0.17928399185925548
018_S_4868_m24_2014-07-19,0.18847639429659346
018_S_4868_m48_2016-07-19,0.14774783821991555
018_S_4868_m60_2017-07-19,0.1735988629708608
018_S_4868_m72_2018-07-19,0.21619335104676463
018_S_4889_m03_2012-11-05,0.17324378973441887
018_S_4889_m06_2013-02-04,0.14801064500478395
018_S_4889_m12_2013-08-06,0.18075622241088268
018_S_4889_m24_2014-08-06,0.20464279888819858
018_S_6414_sc_2018-06-04,0.2219308419406723
018_S_6414_m12_2019-06-04,0.22795151696152346
018_S_6414_m24_2020-06-03,0.22379381768182582
018_S_6414_m48_2022-06-04,0.18412154567669223
019_S_4285_m03_2012-01-04,0.1422885197266678
019_S_4285_m06_2012-04-04,0.16801680916228406
019_S_4285_m12_2012-10-04,0.1501007349925318
019_S_4285_m24_2013-10-04,0.14258867461257935
019_S_6483_sc_2018-06-29,0.21228353024708627
019_S_6483_m12_2019-06-29,0.22992890380981076
019_S_6483_m24_2020-06-28,0.23236647877084568
019_S_6483_m36_2021-06-28,0.2038895822319816
019_S_6635_sc_2018-11-28,0.09895568578889366
019_S_6635_m12_2019-11-28,0.1124983446318236
019_S_6635_m24_2020-11-27,0.11320406601922628
019_S_6635_m36_2021-11-27,0.12096252703061408
019_S_6635_m48_2022-11-28,0.1344930930033088
021_S_0178_sc_2006-03-09,0.15238800418361864
021_S_0178_m132_2017-03-09,5.915705743695223e-05
021_S_0178_m156_2019-03-09,2.221254742378875e-05
021_S_0178_m180_2021-03-09,1.8576656573349928e-05
021_S_0231_sc_2006-03-23,0.1266294650838496
021_S_0231_m06_2006-09-21,0.13876484295063585
021_S_0231_m12_2007-03-23,0.16337102320469638
021_S_0231_m18_2007-09-21,0.118594927276277
021_S_0273_m06_2006-10-10,0.07146619147954023
021_S_0273_m12_2007-04-11,0.07321493994565442
021_S_0273_m24_2008-04-10,0.11900264714089193
021_S_0273_m36_2009-04-10,0.1267777078579531
021_S_0276_m06_2006-09-29,0.11281747725716097
021_S_0276_m12_2007-03-31,0.12518268183700837
021_S_0276_m36_2009-03-30,0.11911601478601908
021_S_0276_m48_2010-03-31,0.13529399747505108
021_S_0424_m06_2006-11-13,0.1474546779480727
021_S_0424_m12_2007-05-15,0.10240610133085679
021_S_0424_m24_2008-05-14,0.09131678241915187
021_S_0424_m36_2009-05-14,0.13226357206730738
021_S_0626_sc_2006-08-11,0.07459530647117538
021_S_0626_m06_2007-02-09,0.059022528582103856
021_S_0626_m12_2007-08-11,0.08484615063316658
021_S_0626_m18_2008-02-09,0.11772123957337106
021_S_0626_m24_2008-08-10,0.08563387684295858
021_S_0626_m36_2009-08-10,0.06598365167442967
021_S_0626_m48_2010-08-11,0.0805197795758092
021_S_2077_m03_2011-01-27,4.207320789894225e-05
021_S_2077_m06_2011-04-28,4.924130512185329e-05
021_S_2077_m12_2011-10-28,1.8949873793840534e-05
021_S_2077_m24_2012-10-27,0.0019301666487414946
021_S_2077_m48_2014-10-28,0.0001644746636664757
021_S_2100_m03_2011-01-25,0.00010132847048953588
021_S_2100_m06_2011-04-26,3.699619845836112e-05
021_S_2100_m12_2011-10-26,0.00013422321783965416
021_S_2100_m24_2012-10-25,8.359262527283704e-05
021_S_2100_m36_2013-10-25,0.0001253184178201593
021_S_2100_m48_2014-10-26,0.0005320367938790033
021_S_4245_m03_2011-12-14,0.05689967356059272
021_S_4245_m06_2012-03-14,0.056536346608238315
021_S_4245_m12_2012-09-13,0.07041325830847295
021_S_4245_m24_2013-09-13,0.062279875007702254
021_S_4419_m03_2012-03-06,0.0
021_S_4419_m06_2012-06-05,0.0
021_S_4419_m12_2012-12-05,0.0
021_S_4419_m24_2013-12-05,0.0
021_S_4419_m114_2021-06-06,0.0
021_S_4659_m03_2012-07-03,0.008547389729245599
021_S_4659_m06_2012-10-02,0.0026018558048091596
021_S_4659_m12_2013-04-03,0.0028394803299210927
021_S_4659_m24_2014-04-03,0.0018382733815990146
022_S_1097_sc_2007-01-12,0.08027631762053854
022_S_1097_m18_2008-07-12,0.08698609617900577
022_S_1097_m24_2009-01-11,0.09995150931278851
022_S_1097_m36_2010-01-11,0.11482410390670972
022_S_1351_sc_2007-03-16,0.14961761411442354
022_S_1351_m12_2008-03-15,0.14255069625571587
022_S_1351_m18_2008-09-13,0.13424181721659795
022_S_1351_m24_2009-03-15,0.11779333444005148
022_S_2087_m03_2011-03-22,0.0007061489882579878
022_S_2087_m06_2011-06-21,5.413122031733515e-05
022_S_2087_m12_2011-12-21,0.0010027066016716456
022_S_2087_m24_2012-12-20,0.0002257367185654155
022_S_2167_m03_2011-04-20,0.07643086773304933
022_S_2167_m06_2011-07-20,0.08472239258112957
022_S_2167_m12_2012-01-19,0.0480933814182726
022_S_2167_m24_2013-01-18,0.03573844306237253
022_S_2167_m36_2014-01-18,0.048748720608994066
022_S_2167_m60_2016-01-19,0.07137398583532736
022_S_2263_m03_2011-05-18,0.06731662450873001
022_S_2263_m06_2011-08-17,0.06797495865052733
022_S_2263_m12_2012-02-16,0.05720439755453521
022_S_2263_m24_2013-02-15,0.06471260765023645
022_S_2263_m36_2014-02-15,0.08711002666235917
022_S_2263_m48_2015-02-16,0.04638775031799218
022_S_2263_m72_2017-02-15,0.08408378137210816
022_S_2263_m96_2019-02-16,0.09448359806725963
022_S_2263_m120_2021-02-15,0.1814744046444881
022_S_4444_m03_2012-04-04,0.001785975206050275
022_S_4444_m06_2012-07-04,0.030469457815377424
022_S_4444_m12_2013-01-03,0.019102035512701822
022_S_4444_m24_2014-01-03,0.0023526582418559212
022_S_4444_m48_2016-01-04,0.0013546503557915223
022_S_4805_m03_2012-09-19,0.08387389220998037
022_S_4805_m06_2012-12-19,0.07150999408578856
022_S_4805_m12_2013-06-20,0.08528970072267318
022_S_4805_m24_2014-06-20,0.07887850391329734
022_S_5004_m03_2013-01-22,0.08564764764659752
022_S_5004_m06_2013-04-23,0.07713825945258325
022_S_5004_m12_2013-10-23,0.08023350476537797
022_S_5004_m24_2014-10-23,0.08128869548546397
022_S_5004_m54_2017-04-23,0.11707692315579138
022_S_5004_m66_2018-04-24,0.15348127625233798
022_S_5004_m78_2019-04-24,0.13854686424934196
022_S_5004_m90_2020-04-23,0.12462396656186957
022_S_5004_m102_2021-04-23,0.14833951933223918
022_S_5004_m114_2022-04-24,0.1487539832821686
022_S_6716_sc_2019-04-05,0.12029244449007612
022_S_6716_m12_2020-04-04,0.1267714434559874
022_S_6716_m24_2021-04-04,0.13835715940451754
022_S_6716_m36_2022-04-04,0.004547052400468814
023_S_0126_sc_2006-02-16,0.10305454629554725
023_S_0126_m06_2006-08-17,0.08003069639374501
023_S_0126_m12_2007-02-16,0.1297326743477842
023_S_0126_m18_2007-08-17,0.0882447589496444
023_S_0126_m24_2008-02-16,0.08335340343987699
023_S_0331_bl_2006-04-06,0.08243404802190023
023_S_0331_sc_2006-04-06,0.12030221002006126
023_S_0331_m06_2006-10-05,0.12115105780716598
023_S_0331_m12_2007-04-06,0.10618256488840025
023_S_0331_m18_2007-10-05,0.0625382017439591
023_S_0331_m24_2008-04-05,0.07144319689832934
023_S_0376_m06_2006-10-19,0.11734856722458711
023_S_0376_m12_2007-04-20,0.08656569923158972
023_S_0376_m24_2008-04-19,0.07090990321640589
023_S_0376_m36_2009-04-19,0.06121193701112743
023_S_1046_bl_2006-11-16,0.012351328111292453
023_S_1046_sc_2006-11-16,0.07143937957880135
023_S_1046_m06_2007-05-17,0.06706819955112177
023_S_1046_m12_2007-11-16,0.06721772716254917
023_S_1046_m18_2008-05-16,0.07717572793664156
023_S_1046_m24_2008-11-15,0.05433200545210768
023_S_1046_m36_2009-11-15,0.06999709638746093
023_S_4115_m03_2011-10-12,0.09450734735981858
023_S_4115_m06_2012-01-11,0.07715636251453326
023_S_4115_m12_2012-07-12,0.07113319753170488
023_S_4115_m24_2013-07-12,0.03669918049016429
023_S_4115_m48_2015-07-13,0.05425532365316959
023_S_4115_m78_2018-01-11,0.15122004307109016
023_S_4122_m03_2011-11-07,0.027446383277582403
023_S_4122_m06_2012-02-06,0.035320326771241306
023_S_4122_m12_2012-08-07,0.028617511563920436
023_S_4122_m36_2014-08-07,0.05471491154312002
023_S_6334_sc_2018-04-25,0.05470770343789705
023_S_6334_m12_2019-04-25,0.09294814826677841
023_S_6334_m36_2021-04-24,0.1436363502810598
023_S_6334_m48_2022-04-25,0.05903018079534067
023_S_6334_m72_2024-04-24,0.0020696866617451186
024_S_2239_m03_2011-05-19,0.04691043362371872
024_S_2239_m06_2011-08-18,0.05017842070034684
024_S_2239_m12_2012-02-17,0.045603251121570564
024_S_2239_m24_2013-02-16,0.05774725452688345
024_S_2239_m36_2014-02-16,0.042015963366613396
024_S_2239_m48_2015-02-17,0.05358761445073111
024_S_2239_m90_2018-08-18,0.00037242953139595325
024_S_2239_m102_2019-08-18,0.22291516775499887
024_S_2239_m120_2021-02-16,0.13248670021936
024_S_2239_m132_2022-02-17,0.2074271478778576
024_S_4169_m03_2011-11-07,0.056766374624278235
024_S_4169_m06_2012-02-06,0.05068857893337895
024_S_4169_m12_2012-08-07,0.021040216654343816
024_S_4169_m24_2013-08-07,0.05007928297556581
024_S_4169_m48_2015-08-08,0.02629982089218328
024_S_4169_m72_2017-08-07,0.029261616521855008
024_S_4392_m03_2012-03-01,0.06082840053309766
024_S_4392_m06_2012-05-31,0.06882317388929818
024_S_4392_m12_2012-11-30,0.060164121875576126
024_S_4392_m24_2013-11-30,0.06640914809917449
024_S_4674_m03_2012-07-13,0.07155433382280187
024_S_4674_m06_2012-10-12,0.07104221442163103
024_S_4674_m12_2013-04-13,0.04122486519457478
024_S_4674_m24_2014-04-13,0.03977337253388442
024_S_4674_m48_2016-04-13,0.02633192293446711
024_S_4674_m60_2017-04-13,4.101958274880428e-05
024_S_4674_m72_2018-04-13,0.00015348012087865412
024_S_4674_m84_2019-04-13,0.0076195717760595
024_S_4674_m108_2021-04-13,0.1523355984610715
024_S_4674_m120_2022-04-13,0.16042194565538886
024_S_6033_sc_2017-06-19,0.08588331229999613
024_S_6033_m12_2018-06-19,0.07377132509888096
024_S_6033_m24_2019-06-19,0.1774080063159957
024_S_6033_m42_2020-12-18,0.19398733350250777
027_S_0116_sc_2006-02-15,0.14456771719713502
027_S_0116_m06_2006-08-16,0.12724329443105595
027_S_0116_m12_2007-02-15,0.13473752050752294
027_S_0116_m18_2007-08-16,0.1410319099295021
027_S_0116_m24_2008-02-15,0.13243356635879622
027_S_0116_m36_2009-02-14,0.13413063641379674
027_S_0116_m48_2010-02-15,0.1221108496448473
027_S_0307_m06_2006-10-27,0.0005366908169502409
027_S_0307_m12_2007-04-28,0.00044850718082563345
027_S_0307_m24_2008-04-27,0.0007310433674780317
027_S_0307_m36_2009-04-27,0.0042763553101181516
027_S_0307_m48_2010-04-28,0.004752381595595301
027_S_0408_m06_2006-11-17,0.011248215411124795
027_S_0408_m12_2007-05-19,0.14495526326310418
027_S_0408_m24_2008-05-18,0.07909790685140917
027_S_0408_m36_2009-05-18,0.06230136666276198
027_S_0644_sc_2006-07-05,0.09325281917710065
027_S_0644_m06_2007-01-03,0.09196955596309427
027_S_0644_m24_2008-07-04,0.06639179149841144
027_S_0644_m36_2009-07-04,0.06279539942637964
027_S_0644_m48_2010-07-05,0.036572198034755386
027_S_0835_bl_2006-09-15,0.00042463527175095846
027_S_0835_sc_2006-09-15,0.011248603500934515
027_S_0835_m06_2007-03-16,0.021938117005026722
027_S_0835_m18_2008-03-15,0.019462632187533555
027_S_1045_sc_2006-11-17,0.004792490153887611
027_S_1045_m06_2007-05-18,0.01022310143645844
027_S_1045_m18_2008-05-17,0.006505271343428253
027_S_1045_m24_2008-11-16,0.006203198149223247
027_S_1045_m36_2009-11-16,0.005973267951519568
027_S_1277_bl_2007-02-21,0.0031491215848592664
027_S_1277_sc_2007-02-21,0.1157560785229276
027_S_1277_m06_2007-08-22,0.011568226001469555
027_S_1277_m12_2008-02-21,0.09679479829254331
027_S_1387_bl_2007-03-12,0.0002711431124827167
027_S_1387_sc_2007-03-12,0.001502839703463173
027_S_1387_m06_2007-09-10,0.0005819642245578408
027_S_1387_m12_2008-03-11,0.0002484728548373249
027_S_2183_m03_2011-03-04,0.0
027_S_2183_m06_2011-06-03,0.0
027_S_2183_m12_2011-12-03,0.0
027_S_2183_m24_2012-12-02,0.0
027_S_2183_m36_2013-12-02,4.134725909019491e-06
027_S_2183_m48_2014-12-03,0.00016633782697436192
027_S_2183_m60_2015-12-03,4.4195515112742716e-05
027_S_2219_m03_2011-03-21,0.0001703716999313858
027_S_2219_m06_2011-06-20,0.004301505233365909
027_S_2219_m12_2011-12-20,0.0
027_S_2219_m24_2012-12-19,0.00033940888236946414
027_S_2219_m36_2013-12-19,7.60966247100223e-05
027_S_2219_m48_2014-12-20,0.0003346085386809807
027_S_2219_m72_2016-12-19,0.0012834303731820748
027_S_2219_m84_2017-12-19,0.0009686586554772641
027_S_2219_m96_2018-12-20,0.0015911860372032794
027_S_2219_m108_2019-12-20,0.0033465769234826094
027_S_4873_m03_2012-10-18,3.12153704484088e-05
027_S_4873_m06_2013-01-17,3.527601536332762e-05
027_S_4873_m12_2013-07-19,0.0005959351069780726
027_S_4873_m24_2014-07-19,6.841762115955795e-05
027_S_4919_m03_2012-11-22,1.3083717486877707e-05
027_S_4919_m06_2013-02-21,0.00010294990967804935
027_S_4919_m12_2013-08-23,0.0004014175579859094
027_S_4919_m24_2014-08-23,0.00011767930943776295
027_S_4919_m36_2015-08-23,0.00022997659739377833
027_S_4919_m48_2016-08-23,0.0
027_S_4919_m60_2017-08-23,0.0
027_S_4919_m78_2019-02-22,0.0
027_S_4919_m90_2020-02-22,0.0
027_S_4919_m102_2021-02-21,0.0
027_S_4919_m114_2022-02-22,0.00011404780047389962
027_S_4926_m03_2012-11-27,0.05264182313551419
027_S_4926_m06_2013-02-26,0.04559917584263573
027_S_4926_m12_2013-08-28,0.05499082024901001
027_S_4926_m24_2014-08-28,0.0568225181013062
027_S_4926_m36_2015-08-28,0.09136294108763039
029_S_0914_sc_2007-01-03,0.11533368711342548
029_S_0914_m06_2007-07-04,0.10965740437731357
029_S_0914_m18_2008-07-03,0.1275974379817083
029_S_0914_m24_2009-01-02,0.12178919331857033
029_S_0914_m36_2010-01-02,0.01837711132953612
029_S_1073_sc_2006-12-07,0.14548730171617114
029_S_1073_m12_2007-12-07,0.1353236362803813
029_S_1073_m18_2008-06-06,0.12782059067426416
029_S_1073_m24_2008-12-06,0.13449238086858578
029_S_1218_sc_2007-02-08,0.15303422939799555
029_S_1218_m18_2008-08-08,0.14629742128527684
029_S_1218_m24_2009-02-07,0.15528545827142048
029_S_1218_m36_2010-02-07,0.1504414620640948
029_S_1318_sc_2007-04-05,0.028079037194417206
029_S_1318_m12_2008-04-04,0.11563350111768289
029_S_1318_m18_2008-10-03,0.001611516359073894
029_S_1318_m24_2009-04-04,0.0007760227601079413
029_S_1318_m36_2010-04-04,0.0042586167591171014
029_S_2376_m03_2011-10-18,1.4072911755806835e-05
029_S_2376_m06_2012-01-17,9.409492613878816e-05
029_S_2376_m12_2012-07-18,8.440961954489217e-05
029_S_2376_m24_2013-07-18,0.0002566288474990506
029_S_2395_m03_2011-12-01,0.0003285077975446206
029_S_2395_m06_2012-03-01,0.0002103733148281946
029_S_2395_m12_2012-08-31,7.025951654854532e-05
029_S_2395_m24_2013-08-31,0.002756896198461805
029_S_2395_m60_2016-08-31,0.0006352835587583878
029_S_2395_m78_2018-03-02,0.013757964665818379
029_S_2395_m90_2019-03-02,0.004978198760548566
029_S_2395_m102_2020-03-01,0.000808312971289161
031_S_0351_m06_2006-11-08,0.1122923969149428
031_S_0351_m12_2007-05-10,0.201450528419273
031_S_0351_m24_2008-05-09,0.19159105706787388
031_S_0351_m36_2009-05-09,0.14328862040471302
031_S_0830_bl_2006-09-21,0.051547984052994954
031_S_0830_sc_2006-09-21,0.11425525218450566
031_S_0830_m06_2007-03-22,0.1046823775395454
031_S_0830_m18_2008-03-21,0.10425314666997046
031_S_0830_m24_2008-09-20,0.12500762454458425
031_S_0830_m36_2009-09-20,0.11737546395182417
031_S_0867_sc_2006-10-03,0.16631617014144207
031_S_0867_m06_2007-04-03,0.1796239903094332
031_S_0867_m18_2008-04-02,0.16957286564957194
031_S_0867_m24_2008-10-02,0.19396962973618315
031_S_0867_m36_2009-10-02,0.2080054769085309
031_S_2022_m03_2010-11-29,0.19762898290799502
031_S_2022_m06_2011-02-28,0.19039273168653542
031_S_2022_m12_2011-08-30,0.18981195800621548
031_S_2022_m24_2012-08-29,0.1822534166175302
031_S_2022_m36_2013-08-29,0.1637511087736604
031_S_4029_m03_2011-07-18,0.1906424470104192
031_S_4029_m06_2011-10-17,0.20462909887784692
031_S_4029_m12_2012-04-17,0.20421401654805904
031_S_4029_m24_2013-04-17,0.17117184932144663
031_S_4149_m03_2011-10-28,0.18887287865851426
031_S_4149_m06_2012-01-27,0.18208149106895433
031_S_4149_m12_2012-07-28,0.201140072601321
031_S_4149_m24_2013-07-28,0.1754104479737108
031_S_4194_m03_2011-11-16,0.1752240244212147
031_S_4194_m06_2012-02-15,0.18418287147244733
031_S_4194_m12_2012-08-16,0.1923423963679874
031_S_4194_m24_2013-08-16,0.19356463248244105
031_S_4476_m03_2012-04-19,0.19352850918578435
031_S_4476_m06_2012-07-19,0.20332788659450807
031_S_4476_m12_2013-01-18,0.17640601963244468
031_S_4476_m24_2014-01-18,0.161564171096305
032_S_0187_bl_2006-03-02,0.058963728973744564
032_S_0187_sc_2006-03-02,0.17692141834424469
032_S_0187_m06_2006-08-31,0.1948028964687391
032_S_0187_m12_2007-03-02,0.18877057800953048
032_S_0187_m18_2007-08-31,0.17594584782279313
032_S_0718_sc_2006-08-31,0.17499578371702323
032_S_0718_m06_2007-03-01,0.18451183119589334
032_S_0718_m12_2007-08-31,0.17339397802156042
032_S_0718_m24_2008-08-30,0.11564514692095551
032_S_0718_m36_2009-08-30,0.12977830565636586
032_S_2119_m03_2011-01-27,0.035659180081354096
032_S_2119_m06_2011-04-28,0.042504240900679384
032_S_2119_m12_2011-10-28,0.0737504410684613
032_S_2119_m24_2012-10-27,0.008247422313110188
032_S_2119_m36_2013-10-27,0.018508343155630345
032_S_2119_m60_2015-10-28,0.03766218873086008
032_S_2119_m78_2017-04-28,0.12764632719217922
032_S_2247_m03_2011-06-15,0.10087400102791622
032_S_2247_m06_2011-09-14,0.11139329427604505
032_S_2247_m12_2012-03-15,0.09997444781228768
032_S_2247_m24_2013-03-15,0.1000055806688474
032_S_2247_m60_2016-03-15,0.12091340270739757
033_S_0513_m06_2006-12-04,0.00449384662915904
033_S_0513_m12_2007-06-05,0.00653485322207836
033_S_0513_m18_2007-12-04,0.010939596146552408
033_S_0513_m24_2008-06-04,0.0012725244879764359
033_S_0514_m06_2006-12-08,0.1161964742555493
033_S_0514_m12_2007-06-09,0.1325343420680626
033_S_0514_m18_2007-12-08,0.11091554703199527
033_S_0514_m24_2008-06-08,0.06852076149507916
033_S_1116_bl_2006-12-04,0.00018021344731227918
033_S_1116_sc_2006-12-04,0.0029053674770660267
033_S_1116_m06_2007-06-04,0.0028925361287952577
033_S_1116_m12_2007-12-04,0.007342207544006914
033_S_1116_m18_2008-06-03,0.002777145150970713
033_S_1309_bl_2007-02-28,0.1148794392251862
033_S_1309_sc_2007-02-28,0.12781613313904983
033_S_1309_m12_2008-02-28,0.12761163482678006
033_S_1309_m18_2008-08-28,0.12436576697100074
033_S_1309_m24_2009-02-27,0.13449914071809865
035_S_0033_sc_2005-12-09,0.10447254938336231
035_S_0033_m12_2006-12-09,0.11563198705100547
035_S_0033_m24_2007-12-09,0.11314929077661168
035_S_0033_m36_2008-12-08,0.10851595067877118
035_S_0292_sc_2006-04-12,0.10235479405674425
035_S_0292_m06_2006-10-11,0.09615410235002031
035_S_0292_m12_2007-04-12,0.0913067363523854
035_S_0292_m24_2008-04-11,0.10376139110373075
035_S_0292_m36_2009-04-11,0.08678044235152588
035_S_2061_m03_2011-01-27,0.08235306370650465
035_S_2061_m06_2011-04-28,0.07329633794932991
035_S_2061_m12_2011-10-28,0.06386929148268479
035_S_2061_m24_2012-10-27,0.07126228810820592
035_S_2061_m36_2013-10-27,0.07593228344371582
035_S_2061_m48_2014-10-28,0.025959623734500958
035_S_2061_m60_2015-10-28,0.07275112886384147
035_S_2061_m72_2016-10-27,0.06853515737140195
035_S_4582_m06_2012-09-07,0.05727808505441974
035_S_4582_m12_2013-03-09,0.048886034345306174
035_S_4582_m24_2014-03-09,0.06568092284925628
035_S_4582_m36_2015-03-09,0.07516876527501659
035_S_6480_sc_2018-06-27,0.20430024285175696
035_S_6480_m12_2019-06-27,0.20433143843702112
035_S_6480_m24_2020-06-26,0.23489204515701512
035_S_6480_m36_2021-06-26,0.23242496274112967
035_S_6480_m60_2023-06-27,0.20251016676789774
036_S_0656_sc_2006-07-27,0.09118621094402937
036_S_0656_m06_2007-01-25,0.0734231986747777
036_S_0656_m12_2007-07-27,0.09179795631348026
036_S_0656_m24_2008-07-26,0.08594479461725371
036_S_0673_sc_2006-08-01,0.12526079001252605
036_S_0673_m06_2007-01-30,0.10544995782020489
036_S_0673_m12_2007-08-01,0.09724356223565842
036_S_0673_m18_2008-01-30,0.10898867887196571
036_S_0673_m24_2008-07-31,0.1095662762668799
036_S_0673_m36_2009-07-31,0.09844462260109896
036_S_0869_sc_2006-11-13,0.14430329888643573
036_S_0869_m06_2007-05-14,0.12169148320489992
036_S_0869_m12_2007-11-13,0.15178092844665003
036_S_0869_m18_2008-05-13,0.11438817191946767
036_S_0945_sc_2006-11-08,0.10958736793079654
036_S_0945_m18_2008-05-08,0.08748230640528087
036_S_0945_m24_2008-11-07,0.0885008075164199
036_S_0945_m36_2009-11-07,0.07637965421826834
036_S_0976_sc_2007-01-09,0.056629779084540005
036_S_0976_m06_2007-07-10,0.07024327666709498
036_S_0976_m18_2008-07-09,0.05862412962776278
036_S_0976_m24_2009-01-08,0.05324528567858578
036_S_1135_sc_2007-01-15,0.12856358347915048
036_S_1135_m06_2007-07-16,0.17059986896129398
036_S_1135_m12_2008-01-15,0.16971432074267845
036_S_1135_m18_2008-07-15,0.15976258594371323
036_S_1240_sc_2007-02-26,0.12627506566828323
036_S_1240_m06_2007-08-27,0.11679139019702914
036_S_1240_m12_2008-02-26,0.08560740906708324
036_S_1240_m18_2008-08-26,0.09382890342238862
036_S_2380_m03_2011-11-10,0.0660010539068281
036_S_2380_m06_2012-02-09,0.08527556548471245
036_S_2380_m12_2012-08-10,0.0809748005583808
036_S_2380_m24_2013-08-10,0.07865838161820471
036_S_2380_m48_2015-08-11,0.0705308317514857
036_S_2380_m72_2017-08-10,0.0919197210731856
036_S_2380_m84_2018-08-10,0.104869974116133
036_S_2380_m96_2019-08-11,0.1556250626249499
036_S_4538_m06_2012-08-08,0.06040773319639063
036_S_4538_m12_2013-02-07,0.06599300169601831
036_S_4538_m24_2014-02-07,0.034814174127655854
036_S_4538_m48_2016-02-08,0.06012127838903564
036_S_4538_m66_2017-08-09,0.007145172656002493
036_S_4714_m03_2012-07-30,0.07931218028164062
036_S_4714_m06_2012-10-29,0.06298150073059361
036_S_4714_m12_2013-04-30,0.07866766192676627
036_S_4714_m24_2014-04-30,0.054389190485184286
036_S_4736_m03_2012-08-13,0.13643492852474576
036_S_4736_m06_2012-11-12,0.13345803941553552
036_S_4736_m12_2013-05-14,0.11730345950316534
036_S_4736_m24_2014-05-14,0.12569711742086725
037_S_0150_sc_2006-03-10,0.07739113912698636
037_S_0150_m06_2006-09-08,0.08634315289590502
037_S_0150_m12_2007-03-10,0.08128871453423785
037_S_0150_m18_2007-09-08,0.08839409321190057
037_S_0150_m24_2008-03-09,0.10931330513124429
037_S_0150_m36_2009-03-09,0.08773374174863274
037_S_0150_m96_2014-03-10,0.05646585524078172
037_S_0150_m120_2016-03-09,0.0009011685648144651
037_S_0377_m18_2007-12-17,0.18909443978420326
037_S_0377_m24_2008-06-17,0.17581293776440118
037_S_0377_m36_2009-06-17,0.18512702651597113
037_S_0377_m96_2014-06-18,0.09971515723133374
037_S_0377_m120_2016-06-17,0.10852956837408645
037_S_0377_m132_2017-06-18,0.23392318490776803
037_S_0377_m144_2018-06-18,0.14295970770645267
037_S_0377_m156_2019-06-18,0.1945192629519396
037_S_0501_m06_2006-12-22,0.14715354400555408
037_S_0501_m12_2007-06-23,0.1217396486162499
037_S_0501_m24_2008-06-22,0.04533369273254302
037_S_0501_m36_2009-06-22,0.12033899757468797
037_S_0501_m84_2013-06-22,0.042685055173751874
037_S_0566_m06_2007-02-12,0.13253266927411914
037_S_0566_m12_2007-08-14,0.13631311605084123
037_S_0566_m18_2008-02-12,0.15177194301533956
037_S_0566_m24_2008-08-13,0.18422486802409416
037_S_0588_sc_2007-01-23,0.10276417118745526
037_S_0588_m06_2007-07-24,0.09807307034833561
037_S_0588_m18_2008-07-23,0.09740685113385969
037_S_0588_m24_2009-01-22,0.10140856949929206
037_S_1078_sc_2007-01-08,0.1076401583444572
037_S_1078_m18_2008-07-08,0.104448469539139
037_S_1078_m24_2009-01-07,0.11225116893005782
037_S_1078_m36_2010-01-07,0.11531489460310161
037_S_1225_bl_2007-02-12,0.014938934182522446
037_S_1225_sc_2007-02-12,0.11161312230378595
037_S_1225_m06_2007-08-13,0.11576208156380068
037_S_1225_m12_2008-02-12,0.16988619651286857
037_S_1421_m06_2008-03-14,0.19419420306965976
037_S_1421_m12_2008-09-13,0.1917032388989084
037_S_1421_m18_2009-03-14,0.17284722547161618
037_S_1421_m36_2010-09-13,0.16265852861753072
037_S_4030_m03_2011-07-25,0.06714223756600465
037_S_4030_m06_2011-10-24,0.07516890985002
037_S_4030_m12_2012-04-24,0.05961091671053098
037_S_4030_m24_2013-04-24,0.07945115386849538
037_S_4146_m03_2011-11-30,0.06395440901884886
037_S_4146_m06_2012-02-29,0.05139361063892589
037_S_4146_m12_2012-08-30,0.06296724757867689
037_S_4146_m24_2013-08-30,0.05555147609585391
037_S_4146_m48_2015-08-31,0.08653073737777323
037_S_4214_m03_2011-11-23,0.014505520161771656
037_S_4214_m06_2012-02-22,0.0024138440718309995
037_S_4214_m12_2012-08-23,0.016941735224848795
037_S_4214_m24_2013-08-23,0.002868558229597724
037_S_4214_m48_2015-08-24,0.04163546204174382
037_S_4214_m66_2017-02-22,0.16635044986893713
037_S_4214_m84_2018-08-23,0.05606234414255997
037_S_4214_m90_2019-02-22,0.012043122256741947
037_S_4214_m114_2021-02-22,0.002771079164815219
037_S_4302_m03_2012-01-13,0.06487222867919429
037_S_4302_m06_2012-04-13,0.0883584646655666
037_S_4302_m12_2012-10-13,0.093771286295507
037_S_4302_m24_2013-10-13,0.0888742319629295
037_S_4302_m48_2015-10-14,0.10689682630508383
037_S_4302_m60_2016-10-13,0.2845613983234774
037_S_4381_m03_2012-04-09,0.03236471005602265
037_S_4381_m06_2012-07-09,0.03183965434350284
037_S_4381_m12_2013-01-08,0.030830988189443694
037_S_4381_m24_2014-01-08,0.04058451026564703
037_S_4381_m48_2016-01-09,0.0
037_S_4750_m03_2012-09-03,0.10515679276118248
037_S_4750_m06_2012-12-03,0.09791941633722294
037_S_4750_m12_2013-06-04,0.09760913315202141
037_S_4750_m24_2014-06-04,0.0999350366411676
041_S_0314_sc_2006-05-08,0.11808882448855558
041_S_0314_m06_2006-11-06,0.14591414347313741
041_S_0314_m12_2007-05-08,0.14736308397207593
041_S_0314_m18_2007-11-06,0.1399577877973575
041_S_0314_m24_2008-05-07,0.14696923364143805
041_S_0679_sc_2006-08-04,0.10846816478985924
041_S_0679_m06_2007-02-02,0.09726376005565429
041_S_0679_m12_2007-08-04,0.12451927352883249
041_S_0679_m24_2008-08-03,0.09279729167179353
041_S_0679_m48_2010-08-04,0.08550495450192602
041_S_0679_m132_2017-08-04,0.08231195651305391
041_S_0679_m144_2018-08-04,0.07929390587880869
041_S_0679_m150_2019-02-03,0.06000374929915724
041_S_0679_m186_2022-02-02,0.07911101842167387
041_S_1010_sc_2007-02-07,0.0002870814806187114
041_S_1010_m06_2007-08-08,0.0005561865592347328
041_S_1010_m12_2008-02-07,0.0001186173622111062
041_S_1010_m18_2008-08-07,0.07937019676088844
041_S_1260_sc_2007-03-01,0.1034237123423356
041_S_1260_m12_2008-02-29,0.11211886127311883
041_S_1260_m18_2008-08-29,0.10593533634550151
041_S_1260_m24_2009-02-28,0.0877396421818552
041_S_1260_m36_2010-02-28,0.11063155578156328
041_S_1418_sc_2007-08-14,0.08876865607502525
041_S_1418_m06_2008-02-12,0.06649111445554114
041_S_1418_m12_2008-08-13,0.08018072956325448
041_S_1418_m18_2009-02-11,0.08066963095693343
041_S_1418_m24_2009-08-13,0.09516574742863192
041_S_1418_m36_2010-08-13,0.08158543299647934
041_S_1418_m96_2015-08-14,0.07743332835280106
041_S_1418_m120_2017-08-13,0.08504264397345479
041_S_1418_m132_2018-08-14,0.10068789650846457
041_S_1418_m144_2019-08-14,0.06911139488950334
041_S_1425_sc_2007-08-17,0.13522516340004995
041_S_1425_m06_2008-02-15,0.11652768748516554
041_S_1425_m12_2008-08-16,0.10184335348237236
041_S_1425_m18_2009-02-14,0.14036097353861
041_S_1425_m24_2009-08-16,0.10411992066668826
041_S_4004_m03_2011-06-28,0.07639338996280391
041_S_4004_m06_2011-09-27,0.09132957787133406
041_S_4004_m12_2012-03-28,0.07823721754403912
041_S_4004_m24_2013-03-28,0.07198722864078377
041_S_4004_m36_2014-03-28,0.07009306619969943
041_S_4004_m48_2015-03-29,0.061153933417218476
041_S_4051_m03_2011-08-22,0.02628742303231245
041_S_4051_m06_2011-11-21,0.076721778778723
041_S_4051_m12_2012-05-22,0.030196486576567316
041_S_4051_m24_2013-05-22,0.048340520332339224
041_S_4051_m48_2015-05-23,0.039250453967538734
041_S_4051_m72_2017-05-22,0.0004645925439430463
041_S_4051_m96_2019-05-23,0.010572793673818606
041_S_4138_m03_2011-10-19,0.0031849829024373595
041_S_4138_m06_2012-01-18,0.00043465397127060367
041_S_4138_m12_2012-07-19,0.0058943295045070215
041_S_4138_m24_2013-07-19,0.0005459503187076536
041_S_4138_m48_2015-07-20,0.008532148124900094
041_S_4143_m03_2011-10-25,0.03578891751278113
041_S_4143_m06_2012-01-24,0.06538871084602574
041_S_4143_m12_2012-07-25,0.0871307218189556
041_S_4143_m24_2013-07-25,0.04691795053387472
041_S_4143_m48_2015-07-26,0.00016323706801268755
041_S_4271_m03_2011-12-28,0.05754723622846418
041_S_4271_m06_2012-03-28,0.07787357029593349
041_S_4271_m12_2012-09-27,0.07731733687648924
041_S_4271_m24_2013-09-27,0.07485227059760147
041_S_4271_m48_2015-09-28,0.041540630809817285
041_S_4271_m72_2017-09-27,0.038988570350502794
041_S_4271_m84_2018-09-27,0.03490405088330403
041_S_4510_m03_2012-05-07,0.08519978213976212
041_S_4510_m06_2012-08-06,0.08475492748573356
041_S_4510_m12_2013-02-05,0.0873232701380535
041_S_4510_m24_2014-02-05,0.08605121891571876
041_S_4510_m48_2016-02-06,0.09869995305164671
041_S_4510_m66_2017-08-07,0.001604553283127876
041_S_4720_m03_2012-08-02,0.0008277265745844347
041_S_4720_m06_2012-11-01,0.046320342559261166
041_S_4720_m12_2013-05-03,0.04736599711610098
041_S_4720_m24_2014-05-03,0.0325108459089788
041_S_4874_m03_2012-10-29,0.11617995689075812
041_S_4874_m06_2013-01-28,0.1078876684777996
041_S_4874_m12_2013-07-30,0.10583718183193977
041_S_4874_m24_2014-07-30,0.13394540404732744
041_S_4874_m60_2017-07-30,0.10074607062454731
041_S_4874_m72_2018-07-30,0.1010436458207617
041_S_4874_m84_2019-07-30,0.1029686061043164
041_S_4874_m114_2022-01-29,0.10795694070216451
041_S_4877_m03_2012-11-22,0.0906504339259907
041_S_4877_m06_2013-02-21,0.10175748323591752
041_S_4877_m12_2013-08-23,0.10169812774078726
041_S_4877_m24_2014-08-23,0.10027806745523143
041_S_4974_m03_2013-01-10,0.07061562551327362
041_S_4974_m06_2013-04-11,0.08162878106051387
041_S_4974_m12_2013-10-11,0.07986622622155423
041_S_4974_m24_2014-10-11,0.07671776902507016
041_S_4989_m03_2013-01-14,0.12001411298772474
041_S_4989_m06_2013-04-15,0.09955044452326085
041_S_4989_m12_2013-10-15,0.1230741984094308
041_S_4989_m24_2014-10-15,0.10618648324369234
051_S_1072_bl_2006-12-20,0.10515339981059224
051_S_1072_sc_2006-12-20,0.12137799615542914
051_S_1072_m06_2007-06-20,0.11555457628991984
051_S_1072_m12_2007-12-20,0.09732048862368765
051_S_1072_m18_2008-06-19,0.11773247345222945
051_S_1072_m36_2009-12-19,0.11304280922479751
051_S_1131_bl_2007-01-18,6.299324610200153e-05
051_S_1131_sc_2007-01-18,0.00022688802876502946
051_S_1131_m06_2007-07-19,0.0004991432257332223
051_S_1131_m18_2008-07-18,1.5609762885845153e-05
051_S_1131_m24_2009-01-17,4.995465654252294e-05
051_S_1131_m36_2010-01-17,0.00031659359819856284
052_S_0671_sc_2006-07-05,0.11436880079773165
052_S_0671_m06_2007-01-03,0.11301238338476746
052_S_0671_m12_2007-07-05,0.11867038738175366
052_S_0671_m18_2008-01-03,0.12728690728599718
052_S_0671_m24_2008-07-04,0.1291119087899584
052_S_0671_m36_2009-07-04,0.13561642903029414
052_S_0989_sc_2006-12-01,0.12048607017687003
052_S_0989_m06_2007-06-01,0.12129740103999218
052_S_0989_m18_2008-05-31,0.11652494407252922
052_S_0989_m24_2008-11-30,0.14105931459589693
052_S_0989_m36_2009-11-30,0.12815548676040767
052_S_1346_sc_2007-03-23,0.14570747131156017
052_S_1346_m12_2008-03-22,0.031369146445578915
052_S_1346_m18_2008-09-20,0.12419494656741936
052_S_1346_m24_2009-03-22,0.1190343826149999
052_S_1346_m36_2010-03-22,0.08164868043412654
052_S_1352_sc_2007-03-19,0.002522720889014526
052_S_1352_m12_2008-03-18,0.0002922340253523994
052_S_1352_m18_2008-09-16,0.00248377095368724
052_S_1352_m24_2009-03-18,0.0007298625636226239
052_S_1352_m36_2010-03-18,0.0005848512966187846
052_S_1352_m96_2015-03-19,0.0
052_S_1352_m138_2018-09-17,0.0033907873133994315
052_S_2249_m03_2011-04-06,0.0003074444511046221
052_S_2249_m06_2011-07-06,0.0003298032966511545
052_S_2249_m12_2012-01-05,0.0006437036111255239
052_S_2249_m24_2013-01-04,0.0
052_S_2249_m48_2015-01-05,4.0317236270792536e-05
052_S_2249_m90_2018-07-06,0.0813173384036247
052_S_4626_m03_2012-06-19,0.000881437638304045
052_S_4626_m06_2012-09-18,0.00063458160770512
052_S_4626_m12_2013-03-20,0.00025964906621616594
052_S_4626_m24_2014-03-20,0.0007474572379055326
052_S_4626_m36_2015-03-20,0.00014686357039416653
052_S_4807_m03_2012-09-28,0.0029174209935984756
052_S_4807_m06_2012-12-28,0.0018125038508246868
052_S_4807_m12_2013-06-29,0.001085881715373144
052_S_4807_m24_2014-06-29,0.005517428225923424
052_S_4885_m03_2012-10-24,0.0006274456567936999
052_S_4885_m06_2013-01-23,2.5420647464695276e-05
052_S_4885_m12_2013-07-25,0.00010575611394114077
052_S_4885_m24_2014-07-25,0.0
052_S_4944_m03_2013-01-15,8.284592315212168e-06
052_S_4944_m06_2013-04-16,2.058307741707078e-05
052_S_4944_m12_2013-10-16,2.0596624169626314e-05
052_S_4944_m24_2014-10-16,1.2535622059351993e-05
052_S_4944_m36_2015-10-16,1.6611571620791043e-05
052_S_4944_m60_2017-10-16,0.01894018180674776
052_S_4944_m78_2019-04-17,0.004557342085434303
053_S_0389_m06_2006-11-03,0.13638047874172385
053_S_0389_m12_2007-05-05,0.13916326351319025
053_S_0389_m24_2008-05-04,0.138120534017254
053_S_0389_m36_2009-05-04,0.12145570934281255
053_S_0621_sc_2006-06-26,0.1278058325264773
053_S_0621_m06_2006-12-25,0.13802574332232737
053_S_0621_m12_2007-06-26,0.12802104933414124
053_S_0621_m18_2007-12-25,0.12770562498051488
053_S_0621_m24_2008-06-25,0.1288956059902303
053_S_0919_sc_2007-02-15,0.1281349162998402
053_S_0919_m06_2007-08-16,0.11675743813801767
053_S_0919_m18_2008-08-15,0.11729529373612348
053_S_0919_m24_2009-02-14,0.11335506284857695
053_S_0919_m36_2010-02-14,0.1127799946620372
053_S_0919_m72_2013-02-14,0.1705207248741693
053_S_0919_m84_2014-02-14,0.17021668179221966
053_S_0919_m108_2016-02-15,0.1850044908930129
053_S_2357_m03_2011-08-09,0.20260202378959305
053_S_2357_m06_2011-11-08,0.21147937647983345
053_S_2357_m12_2012-05-09,0.21808675514935807
053_S_2357_m24_2013-05-09,0.1852060017623484
053_S_2357_m48_2015-05-10,0.20607218673220096
053_S_4557_m03_2012-05-22,0.08115486211224221
053_S_4557_m06_2012-08-21,0.15186918446356862
053_S_4557_m12_2013-02-20,0.11164859780323685
053_S_4557_m24_2014-02-20,0.12422481202092465
053_S_4813_m03_2012-09-14,0.1603863807734247
053_S_4813_m06_2012-12-14,0.15698207313122958
053_S_4813_m12_2013-06-15,0.21237451243381217
053_S_4813_m24_2014-06-15,0.18259281401973773
053_S_4813_m48_2016-06-15,0.1533904155094212
053_S_4813_m72_2018-06-15,0.1750370241818558
053_S_4813_m90_2019-12-15,0.18010714834514222
053_S_4813_m102_2020-12-14,0.20166043851439813
053_S_4813_m114_2021-12-15,0.24381644740571146
053_S_4813_m156_2025-06-15,0.2583702816319312
057_S_1265_sc_2007-02-13,0.07563930554614713
057_S_1265_m12_2008-02-13,0.05857294353811222
057_S_1265_m18_2008-08-13,0.05289376299479945
057_S_1265_m24_2009-02-12,0.07655295064212725
057_S_1269_sc_2007-02-15,0.10996879460893147
057_S_1269_m12_2008-02-15,0.10449815354441111
057_S_1269_m18_2008-08-15,0.11514205239237113
057_S_1269_m24_2009-02-14,0.10298312553739475
062_S_1182_sc_2007-02-13,0.0684110518726045
062_S_1182_m12_2008-02-13,0.058803274267364924
062_S_1182_m18_2008-08-13,0.06614331726124467
062_S_1182_m24_2009-02-12,0.012368746398886707
067_S_0607_bl_2006-12-05,0.03450327323091498
067_S_0607_sc_2006-12-05,0.12184713147446066
067_S_0607_m06_2007-06-05,0.15171012597132594
067_S_0607_m12_2007-12-05,0.10582037610430237
067_S_0607_m18_2008-06-04,0.0
067_S_0607_m24_2008-12-04,5.0669673462663036e-05
067_S_2195_m03_2011-03-17,0.08913182373890395
067_S_2195_m06_2011-06-16,0.07288324904757207
067_S_2195_m12_2011-12-16,0.07046782470013356
067_S_2195_m24_2012-12-15,0.07955401468260759
067_S_2195_m36_2013-12-15,0.07341994589735887
067_S_2196_m03_2011-03-04,0.11440013214090758
067_S_2196_m06_2011-06-03,0.11045763976447331
067_S_2196_m12_2011-12-03,0.09784566820949528
067_S_2196_m24_2012-12-02,0.09583605859174145
067_S_2301_m03_2011-06-01,0.07491767077408754
067_S_2301_m06_2011-08-31,0.08490305453281606
067_S_2301_m12_2012-03-01,0.0793089547410182
067_S_2301_m24_2013-03-01,0.06517888490479644
067_S_2301_m36_2014-03-01,0.07740974352991187
067_S_2301_m48_2015-03-02,0.05538416847696112
067_S_2301_m78_2017-08-31,0.10574886244619344
067_S_2301_m102_2019-08-31,0.10542576796028637
067_S_2304_m03_2011-06-09,0.0758617185663116
067_S_2304_m06_2011-09-08,0.09002366066333312
067_S_2304_m12_2012-03-09,0.08287936292060713
067_S_2304_m24_2013-03-09,0.08377508370909682
067_S_2304_m36_2014-03-09,0.07871559817122548
067_S_2304_m48_2015-03-10,0.07721664130469705
067_S_2304_m78_2017-09-08,0.20704384446510637
067_S_2304_m90_2018-09-08,0.20187716155691066
067_S_2304_m102_2019-09-08,0.19794226095271897
067_S_2304_m126_2021-09-08,0.16661732450384847
067_S_4054_m03_2011-08-18,0.09764430245914726
067_S_4054_m06_2011-11-17,0.08888071150490524
067_S_4054_m12_2012-05-18,0.1347687873416093
067_S_4054_m24_2013-05-18,0.10360005208957074
067_S_4072_m03_2011-09-09,0.09507639309652481
067_S_4072_m06_2011-12-09,0.09762692496598754
067_S_4072_m12_2012-06-09,0.08575156254221596
067_S_4072_m24_2013-06-09,0.08031269585365852
067_S_4072_m48_2015-06-10,0.11206858935798626
067_S_4072_m72_2017-06-09,0.1673787555064713
067_S_4184_m03_2011-11-28,0.07991772473554115
067_S_4184_m06_2012-02-27,0.0804867704932044
067_S_4184_m12_2012-08-28,0.07901470124783777
067_S_4184_m24_2013-08-28,0.09496161674998746
067_S_4184_m48_2015-08-29,0.09591767874705656
067_S_4184_m72_2017-08-28,0.18222911290171417
067_S_4212_m03_2011-11-28,0.08525209970489786
067_S_4212_m06_2012-02-27,0.09248780960061845
067_S_4212_m12_2012-08-28,0.11622946516164745
067_S_4212_m24_2013-08-28,0.10738358517345059
067_S_4212_m48_2015-08-29,0.1254256013481423
067_S_4212_m72_2017-08-28,0.15022891077397743
067_S_4212_m120_2021-08-28,0.1626183274505763
067_S_4767_m03_2012-08-31,0.06337479512519145
067_S_4767_m06_2012-11-30,0.07600886396983067
067_S_4767_m12_2013-06-01,0.060647539680647816
067_S_4767_m24_2014-06-01,0.0784310600387943
067_S_4767_m48_2016-06-01,0.07784130973291163
067_S_4767_m60_2017-06-01,0.0990953834736375
067_S_4767_m72_2018-06-01,0.16580048281610144
067_S_4767_m84_2019-06-01,0.12445461767943641
067_S_4782_m03_2012-10-05,0.06110287955138026
067_S_4782_m06_2013-01-04,0.05002398163209218
067_S_4782_m12_2013-07-06,0.043677001543621655
067_S_4782_m24_2014-07-06,0.06165397879164383
067_S_4782_m48_2016-07-06,0.02612614202464384
067_S_4782_m60_2017-07-06,0.021530302788305415
067_S_4782_m72_2018-07-06,0.05022635103485655
067_S_4782_m84_2019-07-06,0.18848812339395377
068_S_0872_sc_2007-03-16,0.13441906332337145
068_S_0872_m12_2008-03-15,0.13484371710258258
068_S_0872_m18_2008-09-13,0.13096761605917526
068_S_0872_m24_2009-03-15,0.14568407273264117
068_S_1075_bl_2007-04-27,0.09742713828021592
068_S_1075_sc_2007-04-27,0.1648090183919131
068_S_1075_m12_2008-04-26,0.21061688795674877
068_S_1075_m18_2008-10-25,0.17514795641710884
068_S_2168_m03_2011-07-15,0.06478635699442761
068_S_2168_m06_2011-10-14,0.07297662438119078
068_S_2168_m12_2012-04-14,0.050175040452907035
068_S_2168_m36_2014-04-14,0.06288634170137072
068_S_2315_m03_2011-10-14,0.037595954672393087
068_S_2315_m06_2012-01-13,0.023671764723198943
068_S_2315_m12_2012-07-14,0.027420951800378082
068_S_2315_m78_2018-01-13,0.0003381026081175505
068_S_2315_m114_2021-01-13,0.06594949347641019
068_S_2315_m132_2022-07-15,0.08056893999587719
068_S_4061_m03_2011-08-26,0.06701263913656048
068_S_4061_m06_2011-11-25,0.0894974905897662
068_S_4061_m12_2012-05-26,0.08472671038698476
068_S_4061_m24_2013-05-26,0.09477802259450839
068_S_4061_m60_2016-05-26,0.052000815067689374
068_S_4061_m78_2017-11-25,0.1333352862070557
068_S_4061_m102_2019-11-25,0.13719753183015876
068_S_4067_m03_2011-08-26,0.04459802748385275
068_S_4067_m12_2012-05-26,0.06494402851383022
068_S_4067_m36_2014-05-26,0.01782272334195415
068_S_4067_m72_2017-05-26,0.01936796911765202
068_S_4217_m03_2011-12-01,0.0422760500897639
068_S_4217_m06_2012-03-01,0.00031469150551715025
068_S_4217_m12_2012-08-31,0.03879598512359891
068_S_4217_m24_2013-08-31,0.023759328866511775
068_S_4332_m03_2012-01-30,0.052338220405298536
068_S_4332_m36_2014-10-30,0.05811293196094239
068_S_4332_m66_2017-05-01,0.07502935452689732
068_S_4332_m78_2018-05-01,0.06987075901025652
068_S_4332_m96_2019-10-31,0.09113051231385874
070_S_6236_sc_2018-02-15,0.10288880887326762
070_S_6236_m12_2019-02-15,0.1059077530552455
070_S_6236_m24_2020-02-15,0.07740449207193023
070_S_6236_m36_2021-02-14,0.07273845144686752
070_S_6236_m48_2022-02-15,0.0863519926230903
072_S_1380_sc_2007-07-05,0.1434223540524876
072_S_1380_m18_2009-01-02,0.11921732080524566
072_S_1380_m24_2009-07-04,0.12110680563674785
072_S_1380_m36_2010-07-04,0.16384597448665858
072_S_2027_m03_2010-12-03,0.04018369514840457
072_S_2027_m06_2011-03-04,0.04836975100662378
072_S_2027_m12_2011-09-03,0.00029612075557404363
072_S_2027_m24_2012-09-02,0.046678722452803356
072_S_2037_m03_2010-11-23,0.04170257054878339
072_S_2037_m06_2011-02-22,0.00019578247892862726
072_S_2037_m12_2011-08-24,0.06251464107555961
072_S_2037_m24_2012-08-23,0.05233945332618609
072_S_2037_m36_2013-08-23,0.010040108144868163
072_S_2037_m48_2014-08-24,0.022219159684946775
072_S_2072_m03_2010-12-21,0.07172071520737172
072_S_2072_m06_2011-03-22,0.06530494120085968
072_S_2072_m12_2011-09-21,0.05892491294812927
072_S_2072_m24_2012-09-20,0.06923274655999309
072_S_2072_m36_2013-09-20,0.07410432424650908
072_S_2072_m48_2014-09-21,0.060447679642801996
072_S_2083_m03_2010-12-27,0.12882444997326437
072_S_2083_m06_2011-03-28,0.11315182796377062
072_S_2083_m12_2011-09-27,0.12518464695415715
072_S_2083_m24_2012-09-26,0.10169645948138883
072_S_2083_m36_2013-09-26,0.12073854089570643
072_S_2083_m48_2014-09-27,0.13039868780057595
072_S_2093_m03_2011-01-21,0.0002064427617895425
072_S_2093_m06_2011-04-22,0.0
072_S_2093_m12_2011-10-22,0.00014044555119163276
072_S_2093_m24_2012-10-21,0.02736199431645231
072_S_2093_m36_2013-10-21,0.03043961300402549
072_S_2093_m48_2014-10-22,0.03357670824566426
072_S_2116_m03_2011-01-28,0.08253321906593479
072_S_2116_m06_2011-04-29,0.039126568788771104
072_S_2116_m12_2011-10-29,0.09863587674699474
072_S_2116_m24_2012-10-28,0.06957104140660146
072_S_2116_m36_2013-10-28,0.07034425216888615
072_S_2116_m48_2014-10-29,0.057944500021959
072_S_2164_m03_2011-03-03,0.08886823433065681
072_S_2164_m06_2011-06-02,0.05549970638209686
072_S_2164_m12_2011-12-02,0.060461883007687026
072_S_2164_m24_2012-12-01,0.07925265271039164
072_S_2164_m36_2013-12-01,0.038007818317412415
072_S_2164_m48_2014-12-02,0.052733114079043464
072_S_4063_m03_2011-08-19,0.03811609058374665
072_S_4063_m06_2011-11-18,0.04148451075329438
072_S_4063_m12_2012-05-19,0.03191770024428668
072_S_4063_m24_2013-05-19,0.05212828308040025
072_S_4063_m36_2014-05-19,0.03051984666755133
072_S_4206_m03_2011-11-29,0.07458584799222215
072_S_4206_m06_2012-02-28,0.06138563570370645
072_S_4206_m12_2012-08-29,0.07444566436786101
072_S_4206_m24_2013-08-29,0.05194714361783527
072_S_4206_m36_2014-08-29,0.07374617133269014
072_S_4226_m03_2011-12-13,0.05888201540005204
072_S_4226_m06_2012-03-13,0.04816367473400563
072_S_4226_m24_2013-09-12,0.04960027960132644
072_S_4226_m36_2014-09-12,0.05668852874185346
072_S_4383_m03_2012-02-27,0.08611181224458586
072_S_4383_m06_2012-05-28,0.10192926662431245
072_S_4383_m12_2012-11-27,0.09966880601513989
072_S_4383_m24_2013-11-27,0.11997242015604878
072_S_4383_m36_2014-11-27,0.10770055275849796
072_S_4390_m03_2012-02-28,5.373822644311564e-05
072_S_4390_m06_2012-05-29,0.00013115496879043437
072_S_4390_m12_2012-11-28,0.025454837410120734
072_S_4390_m24_2013-11-28,5.187260089220873e-05
072_S_4390_m36_2014-11-28,5.516475302756759e-05
072_S_4394_m03_2012-03-22,0.047377345153289396
072_S_4394_m06_2012-06-21,0.05377447654799715
072_S_4394_m12_2012-12-21,0.042645034294836806
072_S_4394_m24_2013-12-21,0.030262940675220555
072_S_4394_m36_2014-12-21,0.03765143751213881
072_S_4445_m03_2012-03-22,0.03533347994576227
072_S_4445_m06_2012-06-21,0.0015259474869225333
072_S_4445_m12_2012-12-21,0.00032642127115439486
072_S_4445_m24_2013-12-21,0.0003670580891760542
072_S_4462_m03_2012-04-24,0.06494021689355443
072_S_4462_m06_2012-07-24,0.07539096137711662
072_S_4462_m12_2013-01-23,0.056093329352716076
072_S_4462_m24_2014-01-23,0.051894798020519106
072_S_4465_m03_2012-04-30,0.09766305151471032
072_S_4465_m06_2012-07-30,0.08970134807526882
072_S_4465_m12_2013-01-29,0.09794575221419775
072_S_4465_m24_2014-01-29,0.09002920514279726
072_S_4522_m03_2012-05-10,0.07047686245898599
072_S_4522_m06_2012-08-09,0.07435288714860397
072_S_4522_m12_2013-02-08,0.06402719356875086
072_S_4522_m24_2014-02-08,0.08501021369704903
072_S_4522_m36_2015-02-08,0.07396110243910284
072_S_4539_m03_2012-05-25,0.049645450546850885
072_S_4539_m06_2012-08-24,0.04591650285883751
072_S_4539_m12_2013-02-23,0.05933725190752767
072_S_4539_m24_2014-02-23,0.06900352138125575
072_S_4539_m36_2015-02-23,0.051856086948647656
072_S_4613_m03_2012-06-21,0.10965613505923882
072_S_4613_m06_2012-09-20,0.0757151788856267
072_S_4613_m12_2013-03-22,0.07790072942356027
072_S_4613_m24_2014-03-22,0.08397841735140435
072_S_4769_m03_2012-09-27,0.00015528213863220597
072_S_4769_m06_2012-12-27,0.04575363651380562
072_S_4769_m12_2013-06-28,0.05895131431429068
072_S_4769_m24_2014-06-28,0.05014878445719337
072_S_4871_m03_2012-10-30,7.264494977613772e-05
072_S_4871_m06_2013-01-29,0.0003482906858355445
072_S_4871_m12_2013-07-31,0.0002461306279887685
072_S_4871_m24_2014-07-31,0.00023468819401805232
072_S_4941_m03_2012-12-24,0.09542859386645369
072_S_4941_m06_2013-03-25,0.0808742726786868
072_S_4941_m12_2013-09-24,0.08471096727542254
072_S_4941_m24_2014-09-24,0.10423684583114552
073_S_0746_sc_2007-03-07,0.09846595681809611
073_S_0746_m06_2007-09-05,0.09909123627682048
073_S_0746_m12_2008-03-06,0.10195121421172737
073_S_0746_m24_2009-03-06,0.09928985920817432
073_S_0746_m36_2010-03-06,0.10967220456661303
073_S_0746_m60_2012-03-06,0.07625134066401416
073_S_0746_m72_2013-03-06,0.08420799797480549
073_S_0746_m84_2014-03-06,0.09591775310329344
073_S_0746_m108_2016-03-06,0.02836965617476403
073_S_0909_sc_2006-11-27,0.0827666339109655
073_S_0909_m06_2007-05-28,0.07461144543182173
073_S_0909_m12_2007-11-27,0.06923773355042234
073_S_0909_m24_2008-11-26,0.06447596879299619
073_S_2153_m03_2011-07-01,0.047572465487963705
073_S_2153_m06_2011-09-30,0.05497921024164647
073_S_2153_m12_2012-03-31,0.06537560954558029
073_S_2153_m24_2013-03-31,0.005507710961995045
073_S_2153_m36_2014-03-31,0.005597942581730853
073_S_2190_m03_2011-07-01,0.06936567216195025
073_S_2190_m06_2011-09-30,0.042629495132980484
073_S_2190_m12_2012-03-31,0.04915400056775862
073_S_2190_m24_2013-03-31,0.06187158284922388
073_S_2191_m03_2011-07-01,0.05557454998545673
073_S_2191_m06_2011-09-30,0.044478272933037674
073_S_2191_m12_2012-03-31,0.042488258221325015
073_S_2191_m24_2013-03-31,0.048908625978585626
073_S_2191_m36_2014-03-31,0.04994351783113707
073_S_2191_m48_2015-04-01,0.05454089035174886
073_S_2191_m108_2020-03-31,0.083703577305482
073_S_2225_m03_2011-07-01,0.05251291576140896
073_S_2225_m06_2011-09-30,0.09848725603023806
073_S_2225_m12_2012-03-31,0.05836154287361094
073_S_2225_m24_2013-03-31,0.019677749017375776
073_S_2225_m36_2014-03-31,0.051193363424037325
073_S_2225_m48_2015-04-01,0.038801750465935016
073_S_2264_m03_2011-07-01,0.0006577881031099416
073_S_2264_m06_2011-09-30,0.0006224772082635168
073_S_2264_m12_2012-03-31,0.00044143291629721043
073_S_2264_m24_2013-03-31,0.00033593296096876175
073_S_2264_m36_2014-03-31,0.00038227266073083605
073_S_2264_m48_2015-04-01,0.012716961756842405
073_S_4216_m03_2011-11-28,0.03691089425047987
073_S_4216_m06_2012-02-27,0.04976119334326394
073_S_4216_m12_2012-08-28,0.0225628203102786
073_S_4216_m24_2013-08-28,0.00031567642195019704
073_S_4216_m48_2015-08-29,0.05205093024078708
073_S_4216_m102_2020-02-27,0.0008403063827559297
073_S_4259_m03_2012-01-06,0.07164559795587284
073_S_4259_m06_2012-04-06,0.0645451238735889
073_S_4259_m12_2012-10-06,0.0697692986247029
073_S_4259_m24_2013-10-06,0.08542622489410673
073_S_4300_m03_2012-01-12,0.0044269780229565375
073_S_4300_m06_2012-04-12,0.04316764756141292
073_S_4300_m12_2012-10-12,0.013101697036442622
073_S_4300_m24_2013-10-12,0.0006566173145346528
073_S_4311_m03_2012-01-19,0.07194363921494515
073_S_4311_m06_2012-04-19,0.08382178713943986
073_S_4311_m12_2012-10-19,0.07759368020173107
073_S_4311_m24_2013-10-19,0.08237328663154364
073_S_4311_m48_2015-10-20,0.06276256709498598
073_S_4312_m03_2012-01-19,0.04830307144991794
073_S_4312_m06_2012-04-19,0.0768027525558771
073_S_4312_m12_2012-10-19,0.05250333211168721
073_S_4312_m24_2013-10-19,0.02895686063220411
073_S_4312_m48_2015-10-20,0.03249042656713952
073_S_4360_m03_2012-02-06,0.0001460718560604788
073_S_4360_m06_2012-05-07,9.530968550474737e-05
073_S_4360_m12_2012-11-06,0.00010579861022945603
073_S_4360_m24_2013-11-06,4.5780390251268243e-05
073_S_4360_m48_2015-11-07,0.00013527781954722208
073_S_4443_m03_2012-04-03,0.038248936420424415
073_S_4443_m06_2012-07-03,9.435527052895242e-05
073_S_4443_m12_2013-01-02,0.00018547245427924904
073_S_4443_m24_2014-01-02,0.00018027896805132706
073_S_4443_m48_2016-01-03,0.0002271484655789739
073_S_4614_m03_2012-06-21,0.00010611259350762192
073_S_4614_m06_2012-09-20,0.00015398998762505302
073_S_4614_m12_2013-03-22,5.804050090964555e-05
073_S_4614_m24_2014-03-22,0.00024186735270322664
073_S_4614_m48_2016-03-22,0.0
073_S_4777_m03_2012-09-05,1.4686174762106972e-05
073_S_4777_m06_2012-12-05,0.00026570764389175107
073_S_4777_m12_2013-06-06,0.00015083773848913637
073_S_4777_m24_2014-06-06,0.0003805224491123779
082_S_0928_bl_2006-11-02,0.028590663753512657
082_S_0928_sc_2006-11-02,0.06785426316725368
082_S_0928_m06_2007-05-03,0.07903275599954887
082_S_0928_m12_2007-11-02,0.0672975559577983
082_S_0928_m18_2008-05-02,0.07836062872013863
082_S_2099_m03_2011-01-20,0.07225561779599968
082_S_2099_m06_2011-04-21,0.076994785622271
082_S_2099_m12_2011-10-21,0.0770715890765624
082_S_2099_m24_2012-10-20,0.13428826881592726
082_S_2121_m03_2011-02-02,0.08679546431183252
082_S_2121_m06_2011-05-04,0.10194369408017448
082_S_2121_m12_2011-11-03,0.08845671931887075
082_S_2121_m24_2012-11-02,0.11056989702296034
082_S_2121_m36_2013-11-02,0.09314166724809869
082_S_2121_m48_2014-11-03,0.08726609529053521
082_S_2121_m90_2018-05-04,0.12804413241303442
082_S_2121_m102_2019-05-04,0.14131939826779139
082_S_2121_m138_2022-05-04,0.19177681217631842
082_S_2307_m03_2011-06-09,0.018587922231323856
082_S_2307_m06_2011-09-08,0.031091513092152086
082_S_2307_m12_2012-03-09,0.00014180639031757678
082_S_2307_m24_2013-03-09,6.993060568946384e-05
094_S_0921_sc_2006-10-24,0.009203671195226318
094_S_0921_m06_2007-04-24,0.006616561355622353
094_S_0921_m18_2008-04-23,0.005716234209789509
094_S_0921_m24_2008-10-23,0.008312226778771399
094_S_0921_m36_2009-10-23,0.0034250948174878552
094_S_1188_sc_2007-01-18,0.13955068789970823
094_S_1188_m06_2007-07-19,0.1349086288748268
094_S_1188_m18_2008-07-18,0.13586889999620144
094_S_1188_m24_2009-01-17,0.13491778735155768
094_S_1293_bl_2007-03-29,0.0016663895540220733
094_S_1293_sc_2007-03-29,0.005159346289274999
094_S_1293_m12_2008-03-28,0.009977341999088864
094_S_1293_m18_2008-09-26,0.010680942643100048
094_S_1293_m24_2009-03-28,0.11370082913000748
094_S_1417_sc_2007-08-03,0.1317558649246303
094_S_1417_m12_2008-08-02,0.07623098175997157
094_S_1417_m18_2009-01-31,0.12565176871653475
094_S_1417_m36_2010-08-02,0.13447739923366203
094_S_2238_m03_2011-04-28,1.1981686013017806e-05
094_S_2238_m06_2011-07-28,0.0001807614050847833
094_S_2238_m12_2012-01-27,0.03972257830124908
094_S_2238_m24_2013-01-26,0.00023310431886674985
094_S_2238_m36_2014-01-26,0.017840550631799526
094_S_2238_m48_2015-01-27,0.00047164225539428713
094_S_2238_m84_2018-01-26,0.004453152066641467
094_S_2238_m96_2019-01-27,0.007720973619501247
094_S_2238_m138_2022-07-28,0.05322105282528016
094_S_2367_m03_2011-08-25,0.001114285684962526
094_S_2367_m06_2011-11-24,4.088226673743505e-05
094_S_2367_m12_2012-05-25,6.182210340295795e-05
094_S_2367_m24_2013-05-25,0.0008675563786792699
094_S_4434_m03_2012-04-04,0.04161228247668155
094_S_4434_m06_2012-07-04,0.00012169011380217498
094_S_4434_m12_2013-01-03,0.0035717854834878262
094_S_4434_m24_2014-01-03,0.00010048223708034746
094_S_4630_m03_2012-07-18,0.0
094_S_4630_m06_2012-10-17,4.774181227919412e-06
094_S_4630_m12_2013-04-18,0.0
094_S_4630_m24_2014-04-18,0.0
094_S_4630_m48_2016-04-18,0.0
094_S_4858_m03_2012-10-29,0.00024237357529364854
094_S_4858_m06_2013-01-28,0.0015224932422922641
094_S_4858_m12_2013-07-30,0.0009457712561751837
094_S_4858_m24_2014-07-30,7.073610196603549e-05
094_S_4858_m48_2016-07-30,0.0006305303722792441
098_S_0160_sc_2006-02-14,0.10174045797301978
098_S_0160_m06_2006-08-15,0.1280808554209488
098_S_0160_m12_2007-02-14,0.009856289334261083
098_S_0160_m18_2007-08-15,0.129639062014495
098_S_0160_m24_2008-02-14,0.11401872136892621
098_S_0160_m36_2009-02-13,0.004662826573621235
098_S_0160_m48_2010-02-14,0.04557846532139673
098_S_2052_m03_2010-12-30,0.006258542443037451
098_S_2052_m06_2011-03-31,0.0006023082639763548
098_S_2052_m12_2011-09-30,0.0030594179322001687
098_S_2052_m36_2013-09-29,0.0012037396426904656
098_S_2052_m48_2014-09-30,0.002922284016859802
098_S_2079_m03_2011-01-12,0.0003966548198691167
098_S_2079_m06_2011-04-13,0.0005689606454448573
098_S_2079_m12_2011-10-13,0.101537581396779
098_S_2079_m24_2012-10-12,0.09953124757138991
098_S_2079_m36_2013-10-12,0.12412807318918426
098_S_2079_m48_2014-10-13,0.11703191835054677
098_S_2079_m72_2016-10-12,0.11484349970225677
099_S_0051_sc_2005-12-29,0.09274353409493863
099_S_0051_m12_2006-12-29,0.11186595789781403
099_S_0051_m18_2007-06-29,0.09888523442165778
099_S_0051_m36_2008-12-28,0.09192918607563236
099_S_1034_sc_2006-12-15,0.09671879815964965
099_S_1034_m06_2007-06-15,0.0859211936887628
099_S_1034_m12_2007-12-15,0.09428949092820221
099_S_1034_m18_2008-06-14,0.0782792848723089
099_S_1034_m24_2008-12-14,0.07907910803983578
099_S_1034_m36_2009-12-14,0.08445985722220198
099_S_2063_m03_2011-01-31,0.06680861910425194
099_S_2063_m06_2011-05-02,0.032390880048191885
099_S_2063_m12_2011-11-01,0.08689808933839524
099_S_2063_m24_2012-10-31,0.05295367626460013
099_S_2063_m36_2013-10-31,0.00023118266980408906
099_S_2063_m48_2014-11-01,0.00017516120591274368
099_S_2146_m03_2011-02-17,0.09543396650793484
099_S_2146_m06_2011-05-19,0.09197479717161108
099_S_2146_m12_2011-11-18,0.1060715197302107
099_S_2146_m24_2012-11-17,0.01722950368848351
099_S_2146_m36_2013-11-17,0.01010581539650377
099_S_2146_m48_2014-11-18,0.006439075825518994
099_S_2146_m72_2016-11-17,0.0018490459178661755
099_S_2146_m84_2017-11-17,0.0010912363855975229
099_S_4157_m03_2011-11-03,0.0807219090523404
099_S_4157_m06_2012-02-02,0.07517018123280875
099_S_4157_m12_2012-08-03,0.06402202907419298
099_S_4157_m24_2013-08-03,0.059337046749479386
099_S_4205_m03_2011-11-22,0.06693733646642486
099_S_4205_m06_2012-02-21,0.052035212979527776
099_S_4205_m12_2012-08-22,0.053584707012454706
099_S_4205_m24_2013-08-22,0.0001546395855200506
099_S_4463_m03_2012-04-13,0.07702747431162763
099_S_4463_m06_2012-07-13,0.04883601539857352
099_S_4463_m12_2013-01-12,0.0505056064953365
099_S_4463_m24_2014-01-12,8.527330092947898e-06
099_S_4498_m03_2012-05-28,0.05659448288285142
099_S_4498_m06_2012-08-27,0.05934274366598284
099_S_4498_m12_2013-02-26,0.001971347796142748
099_S_4498_m24_2014-02-26,7.633354706726512e-05
099_S_4498_m48_2016-02-27,0.0008539867650581279
100_S_0296_sc_2006-04-28,0.08757051955828675
100_S_0296_m06_2006-10-27,0.10993511885376689
100_S_0296_m12_2007-04-28,0.09985690108073134
100_S_0296_m24_2008-04-27,0.13801791628643634
100_S_0296_m36_2009-04-27,0.08563191644761256
100_S_0296_m96_2014-04-28,0.13195169256810607
100_S_0296_m120_2016-04-27,0.14668957145515585
100_S_4556_m03_2012-07-20,0.1767185459600368
100_S_4556_m06_2012-10-19,0.18816835209145383
100_S_4556_m12_2013-04-20,0.19485124547562271
100_S_4556_m24_2014-04-20,0.1672501242514124
100_S_4556_m48_2016-04-20,0.15106230649921493
100_S_4556_m66_2017-10-20,0.2237396328478831
100_S_4556_m90_2019-10-20,0.22133278270763
100_S_4556_m114_2021-10-20,0.12871380178154343
109_S_0950_sc_2006-12-12,0.0749118437464939
109_S_0950_m12_2007-12-12,0.07485146496579027
109_S_0950_m18_2008-06-11,0.0733044835110152
109_S_0950_m24_2008-12-11,0.0862074626482533
109_S_1114_sc_2007-01-10,0.12011049879008434
109_S_1114_m06_2007-07-11,0.12116372673419552
109_S_1114_m18_2008-07-10,0.07851413569881256
109_S_1114_m24_2009-01-09,0.10347610524455522
109_S_1183_sc_2007-01-23,0.1344309569546289
109_S_1183_m06_2007-07-24,0.1261564568172519
109_S_1183_m12_2008-01-23,0.14529087939574414
109_S_1183_m18_2008-07-23,0.1175368527545384
109_S_1183_m24_2009-01-22,0.11649729369538492
109_S_2200_m03_2011-03-16,0.00023504626929338128
109_S_2200_m12_2011-12-15,8.86037816093991e-06
109_S_2200_m24_2012-12-14,0.00023974021113389485
109_S_2200_m36_2013-12-14,0.0007271222682092856
109_S_2200_m48_2014-12-15,0.0
109_S_4380_m03_2012-02-27,0.00039611009054878594
109_S_4380_m06_2012-05-28,2.0473008385744236e-05
109_S_4380_m12_2012-11-27,0.003418401948786429
109_S_4380_m24_2013-11-27,1.2190166598943518e-05
109_S_4380_m36_2014-11-27,8.339256996224083e-05
109_S_4380_m48_2015-11-28,0.00012800819252432156
109_S_4380_m72_2017-11-27,0.1507013322819786
109_S_4380_m156_2024-11-27,0.17869298241849452
109_S_4455_m03_2012-04-12,0.0011609110516369418
109_S_4455_m06_2012-07-12,0.00039882690261032645
109_S_4455_m12_2013-01-11,0.003934264864930322
109_S_4455_m24_2014-01-11,0.0021650244441467044
109_S_4455_m36_2015-01-11,0.0007524694741220251
114_S_0378_sc_2006-04-30,0.05953700391729612
114_S_0378_m06_2006-10-29,0.060952930344330636
114_S_0378_m12_2007-04-30,0.060159799351727335
114_S_0378_m24_2008-04-29,0.10911450103040486
114_S_0378_m36_2009-04-29,0.09793809857375618
114_S_0410_sc_2006-05-11,0.14356488894231162
114_S_0410_m06_2006-11-09,0.1443524051949845
114_S_0410_m12_2007-05-11,0.08257664959210903
114_S_0410_m18_2007-11-09,0.14460093065985857
114_S_1103_sc_2006-12-08,0.09063418734084752
114_S_1103_m06_2007-06-08,0.07868095027756916
114_S_1103_m12_2007-12-08,0.09482746079817223
114_S_1103_m18_2008-06-07,0.0899203614549194
114_S_1106_sc_2006-12-12,0.06269092783552818
114_S_1106_m06_2007-06-12,0.07853724527488401
114_S_1106_m18_2008-06-11,0.06946177637729915
114_S_1106_m24_2008-12-11,0.08624580727197545
114_S_1106_m36_2009-12-11,0.09722598505671015
114_S_1118_sc_2007-01-03,0.08753798627025354
114_S_1118_m06_2007-07-04,0.08840974410977517
114_S_1118_m12_2008-01-03,0.10666119440198965
114_S_1118_m18_2008-07-03,0.08089768089412927
114_S_1118_m24_2009-01-02,0.0921148522351658
114_S_1118_m36_2010-01-02,0.14212615087280306
114_S_2392_m03_2011-10-10,0.09268928321701644
114_S_2392_m06_2012-01-09,0.09871424891688807
114_S_2392_m12_2012-07-10,0.11181174568964201
114_S_2392_m24_2013-07-10,0.0883733002442051
114_S_2392_m48_2015-07-11,0.12664901930704736
114_S_2392_m72_2017-07-10,0.1596897788728646
114_S_2392_m84_2018-07-10,0.1692877659829667
114_S_2392_m96_2019-07-11,0.18644814909775853
114_S_2392_m108_2020-07-10,0.11875275700970209
114_S_2392_m120_2021-07-10,0.14203127501964402
114_S_2392_m132_2022-07-11,0.13327042461704178
114_S_4404_m03_2012-03-02,0.0661170911563314
114_S_4404_m06_2012-06-01,0.04901557207805185
114_S_4404_m12_2012-12-01,0.05148826448760989
114_S_4404_m24_2013-12-01,0.061226546021106595
114_S_4404_m48_2015-12-02,0.012712863785388447
114_S_5047_m03_2013-02-28,0.07510942088436953
114_S_5047_m06_2013-05-30,0.05927209614301383
114_S_5047_m12_2013-11-29,0.08764027767519623
114_S_5047_m24_2014-11-29,0.08621293403762109
114_S_5047_m36_2015-11-29,0.0903377130559315
114_S_5047_m54_2017-05-30,0.1467245991342707
116_S_0361_m06_2006-11-16,0.1268522898537316
116_S_0361_m12_2007-05-18,0.13742747338851008
116_S_0361_m24_2008-05-17,0.0901765956586425
116_S_0361_m36_2009-05-17,0.10773455159193682
116_S_0361_m48_2010-05-18,0.16626589131211383
116_S_0649_bl_2006-08-16,0.11687774341670107
116_S_0649_sc_2006-08-16,0.12390852275584838
116_S_0649_m06_2007-02-14,0.14157183596548134
116_S_0649_m12_2007-08-16,0.1484153124484348
116_S_0649_m18_2008-02-14,0.10225430823781936
116_S_4175_m03_2011-11-09,0.018912142837475394
116_S_4175_m06_2012-02-08,0.0025115453077680255
116_S_4175_m12_2012-08-09,0.008887545607699783
116_S_4175_m24_2013-08-09,0.02053409995928329
116_S_4175_m48_2015-08-10,0.012563886100961263
116_S_4199_m03_2011-11-21,0.07078285474861054
116_S_4199_m06_2012-02-20,0.049035816262786386
116_S_4199_m12_2012-08-21,0.05446935688928936
116_S_4199_m24_2013-08-21,0.05482081260902494
116_S_4199_m48_2015-08-22,0.05671530537770202
116_S_4199_m78_2018-02-20,0.10007477740906887
116_S_4199_m90_2019-02-20,0.08202218711549698
116_S_4199_m102_2020-02-20,0.11341075950682568
116_S_4635_m03_2012-06-25,0.06899822332157907
116_S_4635_m06_2012-09-24,0.08526212281426215
116_S_4635_m12_2013-03-26,0.0671825383431991
116_S_4635_m24_2014-03-26,0.07933609336307638
116_S_4635_m48_2016-03-26,0.06532473990741072
116_S_4898_m03_2012-11-02,0.12151976649195134
116_S_4898_m06_2013-02-01,0.1292866996495005
116_S_4898_m12_2013-08-03,0.11860139552010468
116_S_4898_m24_2014-08-03,0.11668998006824848
116_S_6550_sc_2018-08-07,0.08755145585846748
116_S_6550_m12_2019-08-07,0.0952922079009491
116_S_6550_m24_2020-08-06,0.10977469767656349
116_S_6550_m36_2021-08-06,0.11560339101464205
123_S_2055_m03_2010-12-08,0.003482096156140866
123_S_2055_m06_2011-03-09,0.04824212975771433
123_S_2055_m12_2011-09-08,0.035335992312260506
123_S_2055_m24_2012-09-07,0.0029603136195047097
123_S_2055_m36_2013-09-07,0.0026802809768045055
123_S_2055_m48_2014-09-08,0.0002806076709030101
123_S_2363_m03_2011-08-01,0.07109281652077956
123_S_2363_m06_2011-10-31,0.0576933676712844
123_S_2363_m12_2012-05-01,0.07362598488926315
123_S_2363_m24_2013-05-01,0.058946182621790015
123_S_2363_m36_2014-05-01,0.05429451055199771
123_S_4127_m03_2011-10-20,0.00022549646353982637
123_S_4127_m06_2012-01-19,0.05109171878918076
123_S_4127_m12_2012-07-20,0.0007195398926683635
123_S_4127_m24_2013-07-20,0.042154260599007363
123_S_4127_m48_2015-07-21,0.03302046775239238
123_S_4127_m84_2018-07-20,0.1901933461130724
123_S_4127_m96_2019-07-21,0.21002960571609366
123_S_4127_m108_2020-07-20,0.17697971673518595
123_S_4127_m120_2021-07-20,0.17098658464001854
123_S_4127_m144_2023-07-21,0.17352353569671566
123_S_4127_m156_2024-07-20,0.1662116388408264
123_S_4780_m03_2012-08-31,3.247536511589066e-05
123_S_4780_m06_2012-11-30,9.463386019986189e-05
123_S_4780_m12_2013-06-01,0.00027424278337966583
123_S_4780_m24_2014-06-01,0.0001240021720903887
123_S_4806_m03_2012-09-11,0.07222878660695417
123_S_4806_m06_2012-12-11,0.07682027659270574
123_S_4806_m12_2013-06-12,0.06629409180872613
123_S_4806_m24_2014-06-12,0.04485366948202334
126_S_0709_sc_2006-08-10,0.10298638585424341
126_S_0709_m06_2007-02-08,0.005237411072653177
126_S_0709_m12_2007-08-10,0.008235808776952066
126_S_0709_m18_2008-02-08,0.008459265581289593
126_S_0709_m36_2009-08-09,0.0016268852229491088
126_S_0865_sc_2006-11-21,0.0030155960191290293
126_S_0865_m06_2007-05-22,0.0011720778312110242
126_S_0865_m18_2008-05-21,0.0006971374884869052
126_S_0865_m24_2008-11-20,0.001825243294391391
126_S_1187_sc_2007-02-08,0.13013240671658122
126_S_1187_m06_2007-08-09,0.13841430860050452
126_S_1187_m18_2008-08-08,0.14731525304153276
126_S_1187_m24_2009-02-07,0.14594341898881702
126_S_1187_m60_2012-02-08,0.0797309484003069
126_S_2360_m03_2011-08-24,0.051173889066891215
126_S_2360_m06_2011-11-23,0.04535382875887868
126_S_2360_m12_2012-05-24,0.0003494197504221287
126_S_2360_m24_2013-05-24,0.0018519936319935488
126_S_2360_m48_2015-05-25,0.0005922040995228901
126_S_2405_m03_2012-01-10,6.254579245519041e-05
126_S_2405_m06_2012-04-10,0.0022797947386180217
126_S_2405_m12_2012-10-10,0.0005016521005437354
126_S_2405_m24_2013-10-10,6.352293088915088e-05
126_S_2405_m48_2015-10-11,0.00033055970205941876
126_S_2407_m03_2012-03-06,0.003207875447378959
126_S_2407_m06_2012-06-05,0.0011747857810890771
126_S_2407_m12_2012-12-05,0.0021613213405545185
126_S_2407_m24_2013-12-05,0.000422474769508211
126_S_2407_m48_2015-12-06,0.00038537581066044126
126_S_4514_m03_2012-04-30,0.023284940157930877
126_S_4514_m06_2012-07-30,0.029666900420261308
126_S_4514_m12_2013-01-29,4.260286461661682e-06
126_S_4514_m24_2014-01-29,0.0
126_S_4514_m48_2016-01-30,0.0
126_S_4514_m78_2018-07-31,4.482576226208727e-06
126_S_4514_m90_2019-07-31,7.05349271519248e-05
126_S_4514_m114_2021-07-31,0.00010757488887418052
126_S_4514_m126_2022-07-31,0.00027446541437713774
126_S_4514_m138_2023-07-31,0.0007606269351665197
126_S_4891_m03_2012-10-25,3.9306940033332285e-06
126_S_4891_m06_2013-01-24,0.00020815423245231152
126_S_4891_m12_2013-07-26,0.000781152299125729
126_S_4891_m24_2014-07-26,0.0027856189685556408
126_S_4891_m48_2016-07-26,0.0038201765441497355
126_S_4891_m72_2018-07-26,0.03340401983925749
126_S_4896_m03_2012-10-29,0.0
126_S_4896_m06_2013-01-28,0.016343201522920146
126_S_4896_m12_2013-07-30,0.00012587942660193132
126_S_4896_m24_2014-07-30,7.339503409199333e-05
126_S_4896_m48_2016-07-30,6.142128861863522e-05
126_S_4896_m72_2018-07-30,0.0020254126806238657
126_S_4896_m84_2019-07-30,0.0008198690115741819
126_S_4896_m96_2020-07-30,0.0010364103802143116
127_S_0112_sc_2006-02-01,0.1404045875097836
127_S_0112_m06_2006-08-02,0.14425546010118823
127_S_0112_m12_2007-02-01,0.14452420255681386
127_S_0112_m18_2007-08-02,0.1351847627227248
127_S_0112_m36_2009-01-31,0.13960114126119127
127_S_0112_m48_2010-02-01,0.1363096009407816
127_S_0925_sc_2006-11-28,0.10540744012317087
127_S_0925_m06_2007-05-29,0.09330751542327806
127_S_0925_m12_2007-11-28,0.07825800647246432
127_S_0925_m18_2008-05-28,0.11038598862945352
127_S_0925_m24_2008-11-27,0.09652918529642324
127_S_0925_m36_2009-11-27,0.08432225447815253
127_S_1032_sc_2006-12-19,0.024568762890811262
127_S_1032_m18_2008-06-18,0.0012495871224017484
127_S_1032_m24_2008-12-18,0.002201877301830548
127_S_1032_m36_2009-12-18,0.00781922150157244
127_S_1140_sc_2007-01-16,0.1084259368330874
127_S_1140_m06_2007-07-17,0.07621039208419567
127_S_1140_m18_2008-07-16,0.006021230952344576
127_S_1140_m24_2009-01-15,0.0603743912471599
127_S_1140_m36_2010-01-15,0.032941475247379504
127_S_1419_sc_2007-08-28,3.124366518555551e-05
127_S_1419_m12_2008-08-27,0.0004402567992009809
127_S_1419_m18_2009-02-25,2.8274082023160014e-05
127_S_1419_m24_2009-08-27,1.7478728387552348e-05
127_S_1419_m36_2010-08-27,0.0
127_S_2213_m03_2011-03-21,0.00015384433320315735
127_S_2213_m06_2011-06-20,0.0001060341690687595
127_S_2213_m12_2011-12-20,0.0
127_S_2213_m24_2012-12-19,0.004478707933308581
127_S_2213_m36_2013-12-19,5.093874129168375e-05
127_S_2213_m48_2014-12-20,0.0
127_S_2234_m03_2011-03-21,0.00020978527974212536
127_S_2234_m06_2011-06-20,4.768035092738283e-06
127_S_2234_m12_2011-12-20,0.00019701843081920028
127_S_2234_m24_2012-12-19,0.0003337575240833236
127_S_2234_m36_2013-12-19,8.038049221126403e-05
127_S_2234_m48_2014-12-20,0.00014197198172192957
127_S_2234_m60_2015-12-20,0.0002484061494961949
127_S_2234_m72_2016-12-19,3.864024961601252e-05
127_S_2234_m84_2017-12-19,0.0
127_S_2234_m96_2018-12-20,0.0
127_S_2234_m108_2019-12-20,8.124749285219129e-05
127_S_2234_m132_2021-12-20,4.879476920074168e-06
127_S_2234_m168_2024-12-19,0.2475593169802497
127_S_4197_m03_2011-11-16,0.005053293861339723
127_S_4197_m06_2012-02-15,0.007490465676385078
127_S_4197_m12_2012-08-16,0.003193406765888449
127_S_4197_m24_2013-08-16,0.02368845162734511
127_S_4197_m60_2016-08-16,4.941539768748086e-05
127_S_4301_m03_2012-01-17,0.09167066707204435
127_S_4301_m06_2012-04-17,0.03520840189989729
127_S_4301_m12_2012-10-17,0.11405046432933402
127_S_4301_m24_2013-10-17,0.0015937718329748335
127_S_4301_m48_2015-10-18,0.046337623977803416
127_S_4301_m60_2016-10-17,0.0003289905914417914
127_S_4301_m72_2017-10-17,0.05084573019488
127_S_4624_m03_2012-08-22,0.003675586481359067
127_S_4624_m06_2012-11-21,0.03408416430241722
127_S_4624_m12_2013-05-23,0.0084407410189057
127_S_4624_m24_2014-05-23,0.0019623589242219984
127_S_4624_m48_2016-05-23,0.0012136097882118088
127_S_4765_m03_2012-08-31,0.011364807290713229
127_S_4765_m06_2012-11-30,0.0040230449306418595
127_S_4765_m12_2013-06-01,0.01222556837926841
127_S_4765_m24_2014-06-01,0.0007558587300516085
128_S_0135_sc_2006-02-17,0.15575493165242932
128_S_0135_m06_2006-08-18,0.08115968290889689
128_S_0135_m12_2007-02-17,0.1272834276481094
128_S_0135_m18_2007-08-18,0.04114620708327756
128_S_0188_sc_2006-02-22,0.16838863496984385
128_S_0188_m06_2006-08-23,0.12112382904043785
128_S_0188_m12_2007-02-22,0.12736682218955975
128_S_0188_m18_2007-08-23,0.09662994760794935
128_S_0188_m36_2009-02-21,0.07444082669142259
128_S_0225_sc_2006-03-08,0.14305446448466486
128_S_0225_m06_2006-09-06,0.0779390579020322
128_S_0225_m12_2007-03-08,0.10950768595247412
128_S_0225_m18_2007-09-06,0.11452237391721404
128_S_0225_m24_2008-03-07,0.09604256307799025
128_S_0227_sc_2006-04-13,0.12496567426056926
128_S_0227_m06_2006-10-12,0.11483974289781979
128_S_0227_m12_2007-04-13,0.09181187145798064
128_S_0227_m18_2007-10-12,0.09636702527409836
128_S_0227_m24_2008-04-12,0.11645957768270467
128_S_0608_sc_2006-06-15,0.10293145991103812
128_S_0608_m06_2006-12-14,0.025117431631302513
128_S_0608_m24_2008-06-14,0.10442290175565473
128_S_0608_m36_2009-06-14,0.08387869559896971
128_S_0611_sc_2006-06-21,0.13084140112864007
128_S_0611_m06_2006-12-20,0.08886454026972435
128_S_0611_m12_2007-06-21,0.11445331537137643
128_S_0611_m18_2007-12-20,0.10377802662591437
128_S_1088_bl_2007-01-05,0.021070835713956897
128_S_1088_sc_2007-01-05,0.08409733344747364
128_S_1088_m06_2007-07-06,0.09195658378877129
128_S_1088_m12_2008-01-05,0.07483848875390399
128_S_1088_m36_2010-01-04,0.0004503245248209226
128_S_2002_m03_2010-09-15,0.0488054645808273
128_S_2002_m06_2010-12-15,0.00041195435013203103
128_S_2002_m12_2011-06-16,0.039644613092457315
128_S_2002_m24_2012-06-15,0.02860910779904683
128_S_2002_m36_2013-06-15,0.029822008367256007
128_S_2002_m48_2014-06-16,0.029717082910634
128_S_2002_m72_2016-06-15,0.061302950348460325
128_S_2002_m96_2018-06-16,0.0005462536708373991
128_S_2002_m108_2019-06-16,0.0013638361608752842
128_S_2002_m132_2021-06-16,0.0009008504424106931
128_S_2045_m03_2011-01-14,0.07297942477260128
128_S_2045_m06_2011-04-15,0.039251325355080635
128_S_2045_m12_2011-10-15,0.0313186484701755
128_S_2045_m24_2012-10-14,0.05281094212001753
128_S_2045_m36_2013-10-14,0.058928172351031885
128_S_2045_m48_2014-10-15,0.04249047796454554
128_S_2123_m06_2011-05-10,0.0003826812794051334
128_S_2123_m12_2011-11-09,0.00012523520834625061
128_S_2123_m24_2012-11-08,0.05625060444055953
128_S_2123_m36_2013-11-08,0.00011524722639916194
128_S_2123_m48_2014-11-09,0.00017024576128721482
128_S_2123_m90_2018-05-10,0.0006226288612628487
128_S_2123_m108_2019-11-09,0.00021619087497783896
128_S_2123_m132_2021-11-09,0.0
128_S_2220_m03_2011-04-27,0.10182365582207314
128_S_2220_m12_2012-01-26,0.06279361079067905
128_S_2220_m24_2013-01-25,0.07217195349588346
128_S_2220_m36_2014-01-25,0.09986508053590562
128_S_2220_m48_2015-01-26,0.12043150227319027
128_S_2220_m90_2018-07-27,0.003634301975011825
128_S_2220_m102_2019-07-27,0.0017028343051646749
128_S_4553_m03_2012-05-17,0.08594668809913977
128_S_4553_m06_2012-08-16,0.08726342666173058
128_S_4553_m12_2013-02-15,0.09379381553798474
128_S_4553_m24_2014-02-15,0.09870519434490901
128_S_4571_m03_2012-05-24,0.07450979950807822
128_S_4571_m06_2012-08-23,0.0634046508297706
128_S_4571_m12_2013-02-22,0.052926375354363724
128_S_4571_m24_2014-02-22,0.06181884686682845
128_S_4653_m03_2012-06-28,0.020238713691377475
128_S_4653_m06_2012-09-27,0.0033629208935133884
128_S_4653_m12_2013-03-29,0.009609345934907702
128_S_4653_m24_2014-03-29,0.02808555758947839
128_S_4842_m03_2012-09-28,0.019878027079930825
128_S_4842_m06_2012-12-28,0.016629147130058676
128_S_4842_m12_2013-06-29,0.00029960787366736796
128_S_4842_m24_2014-06-29,0.020187561087058062
128_S_4842_m48_2016-06-29,0.000327375982187802
128_S_4842_m66_2017-12-29,0.0006856815763843648
128_S_5066_m03_2013-03-13,0.0064234916607301285
128_S_5066_m06_2013-06-12,0.03344758125639062
128_S_5066_m12_2013-12-12,0.031983811414236674
128_S_5066_m24_2014-12-12,0.0070383645266681154
129_S_1246_sc_2007-03-12,0.15230311549485215
129_S_1246_m12_2008-03-11,0.22163306450747666
129_S_1246_m18_2008-09-09,0.12782929405200208
129_S_1246_m24_2009-03-11,0.10961682429988913
129_S_1246_m36_2010-03-11,0.21358100624155818
129_S_2332_m03_2011-06-29,0.00016235688304667626
129_S_2332_m06_2011-09-28,0.0431078012107636
129_S_2332_m12_2012-03-29,0.038911644900881476
129_S_2332_m24_2013-03-29,0.05851421529510045
129_S_2332_m36_2014-03-29,0.05956353108480432
129_S_2332_m48_2015-03-30,0.05350598165728138
129_S_2332_m72_2017-03-29,0.00027418340896018007
129_S_2332_m84_2018-03-29,0.0006345157818392357
129_S_2332_m96_2019-03-30,0.0009396602737246835
129_S_2332_m120_2021-03-29,0.0010587915407735894
129_S_2347_m03_2011-08-15,0.0
129_S_2347_m06_2011-11-14,0.0
129_S_2347_m12_2012-05-15,0.0
129_S_2347_m24_2013-05-15,2.8805636028443508e-05
129_S_2347_m36_2014-05-15,0.00023947299106623238
129_S_4220_m03_2011-12-02,1.7129300525013063e-05
129_S_4220_m06_2012-03-02,8.625336886332635e-06
129_S_4220_m12_2012-09-01,0.10498890628055865
129_S_4220_m24_2013-09-01,3.812190213075153e-05
129_S_4287_m03_2012-01-04,2.3698479505554924e-05
129_S_4287_m06_2012-04-04,0.0
129_S_4287_m12_2012-10-04,0.1297346932836042
129_S_4287_m24_2013-10-04,0.00014664534052505167
129_S_4287_m48_2015-10-05,8.820431703297145e-05
129_S_6830_sc_2019-11-04,0.0009441223160355488
129_S_6830_m12_2020-11-03,0.000533569002573399
129_S_6830_m24_2021-11-03,0.0004156738482537085
129_S_6830_m36_2022-11-03,0.00039559416309151814
130_S_0102_sc_2006-01-13,0.0005689735995046976
130_S_0102_m06_2006-07-14,0.00040549587468059273
130_S_0102_m12_2007-01-13,0.0002321027960341875
130_S_0102_m18_2007-07-14,0.0007099639832881105
130_S_0285_sc_2006-04-03,0.02819763738033551
130_S_0285_m12_2007-04-03,0.03618507529665858
130_S_0285_m24_2008-04-02,0.02371238185162243
130_S_0285_m48_2010-04-03,0.013268639151101286
130_S_0449_bl_2006-06-28,0.09738213335580151
130_S_0449_sc_2006-06-28,0.0070488333454416605
130_S_0449_m06_2006-12-27,0.011135702716552542
130_S_0449_m24_2008-06-27,0.1352524330108505
130_S_0505_bl_2006-10-11,0.14593530083297396
130_S_0505_m06_2007-04-11,0.11754453272418061
130_S_0505_m18_2008-04-10,0.11711380596603568
130_S_0505_m24_2008-10-10,0.13559020293805113
130_S_0505_m36_2009-10-10,0.1325304182576066
130_S_0783_sc_2006-08-29,0.008443220156560408
130_S_0783_m06_2007-02-27,0.011249647545936142
130_S_0783_m12_2007-08-29,0.007762056118815797
130_S_0783_m18_2008-02-27,0.0069595407749041965
130_S_0783_m24_2008-08-28,0.009395682809544859
130_S_2373_m03_2011-09-05,0.11718110387407321
130_S_2373_m06_2011-12-05,0.14169245746173859
130_S_2373_m12_2012-06-05,0.1320181099221663
130_S_2373_m24_2013-06-05,0.13545424308114778
130_S_2373_m36_2014-06-05,0.10994171744156431
130_S_2373_m48_2015-06-06,0.14719830009639906
130_S_2391_m03_2011-09-23,0.16356897807925513
130_S_2391_m12_2012-06-23,0.15498266848833048
130_S_2391_m24_2013-06-23,0.1537570125733398
130_S_2391_m60_2016-06-23,0.20919765920497818
130_S_4294_m03_2012-01-06,0.09597850346914855
130_S_4294_m06_2012-04-06,0.13446280240358122
130_S_4294_m12_2012-10-06,0.10766367159301204
130_S_4294_m24_2013-10-06,0.12865195102761948
130_S_4294_m48_2015-10-07,0.1737698115155648
130_S_4417_m03_2012-03-06,0.17611016883693206
130_S_4417_m06_2012-06-05,0.18015159982201062
130_S_4417_m12_2012-12-05,0.1860943694201151
130_S_4417_m24_2013-12-05,0.17090633155334634
130_S_4417_m48_2015-12-06,0.1744607163909651
130_S_4417_m66_2017-06-06,0.20444233418840058
130_S_4417_m78_2018-06-06,0.19925303266450456
130_S_4417_m90_2019-06-06,0.2067431397918993
130_S_4417_m102_2020-06-05,0.19139832569026263
130_S_4817_m03_2012-09-20,0.15878017963335875
130_S_4817_m06_2012-12-20,0.18313001556074518
130_S_4817_m12_2013-06-21,0.1561420638867423
130_S_4817_m24_2014-06-21,0.11464299201589762
130_S_4817_m48_2016-06-21,0.18334237081820837
130_S_4817_m60_2017-06-21,0.20177311347108845
130_S_4817_m72_2018-06-21,0.19489279064315815
130_S_4817_m84_2019-06-21,0.21489224860187317
130_S_4817_m108_2021-06-21,0.1817850132835907
130_S_4883_m03_2012-10-23,0.18937366860745491
130_S_4883_m06_2013-01-22,0.17028404040256861
130_S_4883_m12_2013-07-24,0.1753529203244649
130_S_4883_m24_2014-07-24,0.19436038201076597
130_S_4925_m03_2012-11-27,0.14042130057780317
130_S_4925_m06_2013-02-26,0.18374406904014615
130_S_4925_m12_2013-08-28,0.1826580704532096
130_S_4925_m24_2014-08-28,0.20877287112908285
130_S_6604_sc_2018-10-08,0.23056554460932688
130_S_6604_m12_2019-10-08,0.20164813559083206
130_S_6604_m24_2020-10-07,0.22295532960358905
130_S_6604_m36_2021-10-07,0.2398000659924846
130_S_6688_sc_2019-02-07,0.1371116526201807
130_S_6688_m12_2020-02-07,0.14367982750061084
130_S_6688_m24_2021-02-06,0.13584704601771733
130_S_6688_m42_2022-08-08,0.14388539034712017
131_S_0384_m06_2006-10-24,0.04490601125615217
131_S_0384_m12_2007-04-25,0.22105946145270078
131_S_0384_m24_2008-04-24,0.012714666878809025
131_S_0384_m36_2009-04-24,0.017500634933794824
131_S_0384_m48_2010-04-25,0.0008825681006871555
131_S_0384_m138_2017-10-24,0.19576129105156215
133_S_0727_bl_2006-09-20,0.0651330227967249
133_S_0727_sc_2006-09-20,0.1206085112881608
133_S_0727_m06_2007-03-21,0.1029261549484651
133_S_0727_m12_2007-09-20,0.09307050803591141
133_S_0771_bl_2006-10-04,0.08930864820449025
133_S_0771_sc_2006-10-04,0.1294731416273666
133_S_0771_m06_2007-04-04,0.12687505557221643
133_S_0771_m18_2008-04-03,0.11804001773158451
133_S_0771_m24_2008-10-03,0.11381138656190395
133_S_0792_bl_2006-09-25,0.10985866729050424
133_S_0792_sc_2006-09-25,0.14875930799246623
133_S_0792_m06_2007-03-26,0.1529097214936676
133_S_0792_m24_2008-09-24,0.15076712473457698
133_S_0912_bl_2006-10-24,0.05604823716154811
133_S_0912_sc_2006-10-24,0.0
133_S_0912_m06_2007-04-24,0.0004122754727938744
133_S_0912_m18_2008-04-23,4.50934253785798e-05
133_S_0912_m24_2008-10-23,0.0005514380297395824
135_S_4722_m03_2012-08-08,0.07140510836691755
135_S_4722_m06_2012-11-07,0.0790941016617958
135_S_4722_m12_2013-05-09,0.08260353568290618
135_S_4722_m24_2014-05-09,0.07515579831425842
135_S_4722_m48_2016-05-09,0.038819481224971766
135_S_4722_m60_2017-05-09,0.0010459193257824138
135_S_4722_m72_2018-05-09,0.0001669226147839571
135_S_4722_m84_2019-05-09,0.00029026711624458956
135_S_4722_m96_2020-05-09,0.00035022320472630935
135_S_4722_m108_2021-05-09,5.367176161650753e-05
135_S_4722_m120_2022-05-09,0.00024270625439046787
135_S_6446_sc_2018-06-21,0.0007991502392050769
135_S_6446_m12_2019-06-21,0.00016933493234699606
135_S_6446_m24_2020-06-20,0.000404782965925974
135_S_6446_m36_2021-06-20,0.0007264666922450155
135_S_6446_m48_2022-06-21,0.000452944807126553
135_S_6446_m60_2023-06-21,0.00011160025773548427
135_S_6586_sc_2018-09-19,8.563910125655918e-05
135_S_6586_m12_2019-09-19,1.9963442543440707e-05
135_S_6586_m24_2020-09-18,0.0
135_S_6586_m36_2021-09-18,1.1820703568276383e-05
135_S_6586_m48_2022-09-19,0.0
135_S_6586_m66_2024-03-20,0.012922010763073814
135_S_6703_sc_2019-03-22,0.0
135_S_6703_m12_2020-03-21,0.0
135_S_6703_m24_2021-03-21,4.355890873222375e-05
135_S_6703_m36_2022-03-21,5.434603799261529e-05
135_S_6703_m48_2023-03-22,0.0
136_S_0107_sc_2006-02-27,0.10401977175631344
136_S_0107_m06_2006-08-28,0.10167552846403795
136_S_0107_m12_2007-02-27,0.06552902420880408
136_S_0107_m18_2007-08-28,0.1181724857631435
136_S_0107_m24_2008-02-27,0.10536326023088935
136_S_0107_m36_2009-02-26,0.11089685923026307
136_S_0107_m48_2010-02-27,0.10805407065493894
136_S_0107_m72_2012-02-27,0.10232356988301844
136_S_0874_sc_2006-11-27,0.0028990159216112626
136_S_0874_m06_2007-05-28,0.003161848400827727
136_S_0874_m12_2007-11-27,0.002809432339437105
136_S_0874_m18_2008-05-27,0.0009407996304250762
137_S_0158_sc_2006-03-20,0.06816001571104224
137_S_0158_m06_2006-09-18,0.10990963612768961
137_S_0158_m12_2007-03-20,0.11857180413553724
137_S_0158_m18_2007-09-18,0.0826342214719617
137_S_0158_m24_2008-03-19,0.11622821281101164
137_S_0158_m36_2009-03-19,0.12800932494676176
137_S_0443_m06_2007-05-04,0.13825398771502873
137_S_0443_m12_2007-11-03,0.14997404296051137
137_S_0443_m18_2008-05-03,0.1877137047509626
137_S_0443_m24_2008-11-02,0.14449731118240122
137_S_0481_m06_2006-12-11,0.14130341484768222
137_S_0481_m12_2007-06-12,0.17263903514608253
137_S_0481_m18_2007-12-11,0.1069301855038457
137_S_0481_m24_2008-06-11,0.11749032901673986
137_S_0669_sc_2006-08-23,0.12197809748934038
137_S_0669_m06_2007-02-21,0.12194163217580291
137_S_0669_m12_2007-08-23,0.13786983943286474
137_S_0669_m18_2008-02-21,0.07918868297421389
137_S_0669_m24_2008-08-22,0.09153631270973567
137_S_0722_m06_2007-03-13,0.07227387225091175
137_S_0722_m18_2008-03-12,0.07573078787579943
137_S_0722_m24_2008-09-11,0.06729515374526432
137_S_0722_m36_2009-09-11,0.09424389952655984
137_S_0722_m72_2012-09-11,0.06068867026429542
137_S_0722_m84_2013-09-11,0.0001546351731831637
137_S_0722_m96_2014-09-12,0.00018509130836479097
137_S_0800_sc_2006-09-01,0.19228147090227274
137_S_0800_m06_2007-03-02,0.1927714872508818
137_S_0800_m24_2008-08-31,0.19044039765842863
137_S_0800_m48_2010-09-01,0.11525178008588827
137_S_0800_m72_2012-08-31,0.0009366981791447935
137_S_0800_m84_2013-08-31,0.06214915338574384
137_S_0800_m96_2014-09-01,0.039482019553317205
137_S_0800_m120_2016-08-31,0.05022348482778599
137_S_0973_sc_2006-12-12,0.1293313781000902
137_S_0973_m06_2007-06-12,0.1456391259949124
137_S_0973_m12_2007-12-12,0.13787394417155935
137_S_0973_m18_2008-06-11,0.1679010280410004
137_S_0973_m24_2008-12-11,0.2078645264063909
137_S_0994_sc_2006-12-20,0.16929237027622884
137_S_0994_m06_2007-06-20,0.1895331161147126
137_S_0994_m18_2008-06-19,0.19050758874890714
137_S_0994_m24_2008-12-19,0.17586524530384984
137_S_0994_m36_2009-12-19,0.17647742430377425
137_S_4299_m03_2012-01-11,0.0176451798327163
137_S_4299_m06_2012-04-11,0.03321793200407626
137_S_4299_m12_2012-10-11,0.027685452938614092
137_S_4299_m24_2013-10-11,0.007259549540083827
137_S_4299_m72_2017-10-11,0.004067769784432628
137_S_4299_m84_2018-10-11,0.19427312212296582
137_S_4331_m03_2012-01-24,0.0004718979623639345
137_S_4331_m06_2012-04-24,7.958666072452881e-05
137_S_4331_m12_2012-10-24,0.0001418130817532265
137_S_4331_m24_2013-10-24,0.0001590665749580455
137_S_4351_m03_2012-01-31,0.08561357458312263
137_S_4351_m06_2012-05-01,0.06397196523442478
137_S_4351_m12_2012-10-31,0.07346144750353382
137_S_4351_m24_2013-10-31,0.0002924433159647473
137_S_4351_m48_2015-11-01,0.06386766860709461
137_S_4351_m72_2017-10-31,0.0672303491653045
137_S_4351_m96_2019-11-01,0.23367873434428021
137_S_4536_m03_2012-05-09,0.10997637754270548
137_S_4536_m06_2012-08-08,0.10891410181596738
137_S_4536_m12_2013-02-07,0.09164600716742624
137_S_4536_m24_2014-02-07,0.12034001666351057
137_S_4536_m48_2016-02-08,0.09860723167489138
137_S_4536_m66_2017-08-09,0.11242302096322263
137_S_4536_m78_2018-08-09,0.2724159434143708
137_S_4536_m90_2019-08-09,0.27030528464522785
137_S_4536_m102_2020-08-08,0.27664532484760884
137_S_4623_m03_2012-06-19,7.742833167661447e-05
137_S_4623_m06_2012-09-18,2.907411407020983e-05
137_S_4623_m12_2013-03-20,2.8625690517414354e-05
137_S_4623_m24_2014-03-20,2.0495910090016467e-05
137_S_4631_m03_2012-06-20,0.0005803482420952311
137_S_4631_m06_2012-09-19,0.07831933587079909
137_S_4631_m12_2013-03-21,8.285825092884744e-05
137_S_4631_m24_2014-03-21,0.05572791467329265
137_S_4678_m03_2012-07-11,0.0
137_S_4678_m06_2012-10-10,0.0
137_S_4678_m12_2013-04-11,0.00011466096836399646
137_S_4678_m24_2014-04-11,0.0
141_S_1052_sc_2006-11-30,0.11332635527201801
141_S_1052_m06_2007-05-31,0.11787865740507045
141_S_1052_m12_2007-11-30,0.11346645602141589
141_S_1052_m84_2013-11-29,0.009529320692193904
141_S_1052_m96_2014-11-30,0.0010411051807805694
141_S_1052_m126_2017-05-31,0.0919536204423943
141_S_1052_m138_2018-05-31,0.07856055206828769
141_S_1052_m150_2019-06-01,0.10057928880360326
141_S_1052_m174_2021-05-31,0.07700578686266452
141_S_1378_sc_2007-04-09,0.12440139562041988
141_S_1378_m12_2008-04-08,0.06597408148353201
141_S_1378_m120_2017-04-08,0.1398800079491257
141_S_1378_m144_2019-04-09,0.1551390625105331
141_S_4160_m03_2011-10-31,0.04705904781037208
141_S_4160_m06_2012-01-30,0.059285390040216684
141_S_4160_m12_2012-07-31,0.06200785435650284
141_S_4160_m24_2013-07-31,0.05516245683718384
141_S_4160_m66_2017-01-30,0.12226682353299154
141_S_4160_m84_2018-07-31,0.15218272739421518
141_S_4232_m03_2011-12-09,0.04295504614331418
141_S_4232_m06_2012-03-09,0.06309006240545278
141_S_4232_m12_2012-09-08,0.06688127509749052
141_S_4232_m24_2013-09-08,0.05371077820011254
153_S_2148_m03_2011-02-16,0.040125635499915636
153_S_2148_m06_2011-05-18,0.05329028966917219
153_S_2148_m12_2011-11-17,0.061341958132367626
153_S_2148_m24_2012-11-16,0.05101165629813889
153_S_2148_m36_2013-11-16,0.03751060969585307
153_S_4077_m03_2011-09-07,0.08258333827368983
153_S_4077_m06_2011-12-07,0.0940818295279122
153_S_4077_m12_2012-06-07,0.11372541424499878
153_S_4077_m24_2013-06-07,0.08625234511357407
153_S_4077_m48_2015-06-08,0.06512562629578586
153_S_4838_m03_2012-10-01,0.05771409665977982
153_S_4838_m06_2012-12-31,0.06605888290172003
153_S_4838_m12_2013-07-02,0.0739306029123377
153_S_4838_m24_2014-07-02,0.06035867563011835
168_S_6180_sc_2018-02-23,0.060243469106892794
168_S_6180_m12_2019-02-23,0.07928837050932835
168_S_6180_m30_2020-08-24,0.09898247549201489
168_S_6180_m54_2022-08-24,0.11160306726632488
168_S_6541_sc_2018-08-17,0.1925846720457083
168_S_6541_m12_2019-08-17,0.17176661926002326
168_S_6541_m24_2020-08-16,0.1445215867803247
168_S_6541_m42_2022-02-15,0.18545791959767616
301_S_6056_sc_2017-07-24,0.17861712550886438
301_S_6056_m12_2018-07-24,0.20259748310060766
301_S_6056_m24_2019-07-24,0.17612883046669875
301_S_6056_m48_2021-07-24,0.17044124640845035
301_S_6056_m96_2025-07-24,0.1761819247137942
301_S_6297_sc_2018-04-04,0.19396140008436075
301_S_6297_m12_2019-04-04,0.21627343857085082
301_S_6297_m24_2020-04-03,0.22080599750864632
301_S_6297_m36_2021-04-03,0.19469515633245266
301_S_6297_m48_2022-04-04,0.18235729447986487
305_S_6378_sc_2018-05-18,0.2618726873706
305_S_6378_m12_2019-05-18,0.2530583847946925
305_S_6378_m24_2020-05-17,0.20206471855475217
305_S_6378_m36_2021-05-17,0.22545797248074886
941_S_4036_m03_2011-08-05,0.05652183885468934
941_S_4036_m06_2011-11-04,0.03410510515364132
941_S_4036_m12_2012-05-05,0.047815479248827675
941_S_4036_m24_2013-05-05,0.03606835136485561
941_S_4036_m48_2015-05-06,0.00043195445273319454
941_S_4036_m78_2017-11-04,0.03861670457904888
941_S_4036_m90_2018-11-04,0.16252547871653147
941_S_4036_m102_2019-11-04,0.17037868524678645
941_S_4036_m114_2020-11-04,0.17147460691139832
941_S_4187_m03_2011-11-14,0.04292416192843224
941_S_4187_m06_2012-02-13,0.05632505939186784
941_S_4187_m12_2012-08-14,0.05035434599386222
941_S_4187_m24_2013-08-14,0.0465902904433982
941_S_4187_m48_2015-08-15,0.000769047302699679
941_S_4187_m72_2017-08-14,0.0006786681481673377
941_S_4187_m96_2019-08-15,0.16364690678672128
941_S_4187_m108_2020-08-14,0.15733870541443537
941_S_4187_m120_2021-08-14,0.17718856476449069
941_S_4187_m132_2022-08-15,0.15212931918249
