subject,image_id,zero_frac,global_mean
002_S_0782,002_S_0782_sc_2006-08-23,0.0,0.09249427103080034
002_S_0782,002_S_0782_m06_2007-02-21,0.0,0.09640779086943047
002_S_0782,002_S_0782_m12_2007-08-23,0.0,0.09615274129394877
002_S_0782,002_S_0782_m18_2008-02-21,0.0,0.11263788688870191
002_S_0782,002_S_0782_m24_2008-08-22,0.0,0.08194882647920491
002_S_1070,002_S_1070_sc_2006-12-27,0.0,0.13664719268247455
002_S_1070,002_S_1070_bl_2006-12-27,0.0,0.08957911690703638
002_S_1070,002_S_1070_m06_2007-06-27,0.0,0.11650796002947492
002_S_1070,002_S_1070_m18_2008-06-26,0.0,0.14081236284702303
002_S_1155,002_S_1155_sc_2007-01-10,0.0,0.1462516227040942
002_S_1155,002_S_1155_m18_2008-07-10,0.0,0.14258586836578224
002_S_1155,002_S_1155_m24_2009-01-09,0.0,0.1331130749865152
002_S_1155,002_S_1155_m36_2010-01-09,0.0,0.16177857427957276
002_S_1155,002_S_1155_m60_2012-01-10,0.0,0.11766750281439307
002_S_1155,002_S_1155_m72_2013-01-09,0.0,0.1235721436367677
002_S_1155,002_S_1155_m84_2014-01-09,0.0,0.11018069185814612
002_S_1155,002_S_1155_m96_2015-01-10,0.0,0.10773243086110351
002_S_1155,002_S_1155_m126_2017-07-11,0.0,0.08955130198518595
002_S_1155,002_S_1155_m138_2018-07-11,0.0,0.07243876487718319
002_S_1155,002_S_1155_m150_2019-07-12,0.0,0.06890827038646222
002_S_1268,002_S_1268_bl_2007-03-28,0.0,0.0870086191614474
002_S_1268,002_S_1268_sc_2007-03-28,0.0,0.12245745651912475
002_S_1268,002_S_1268_m12_2008-03-27,0.0,0.11574897211944177
002_S_1268,002_S_1268_m18_2008-09-25,0.0,0.1132330171982231
002_S_1268,002_S_1268_m24_2009-03-27,0.0,0.11058759053231099
002_S_1268,002_S_1268_m36_2010-03-27,0.0,0.11374482655690207
002_S_1268,002_S_1268_m48_2011-03-28,0.0,0.11574233063336678
002_S_1268,002_S_1268_m60_2012-03-27,0.0,0.10373069636693297
002_S_4229,002_S_4229_m03_2011-12-06,0.0,0.0974350778629824
002_S_4229,002_S_4229_m06_2012-03-06,0.0,0.08962569507017504
002_S_4229,002_S_4229_m12_2012-09-05,0.0,0.08643301070171824
002_S_4229,002_S_4229_m24_2013-09-05,0.0,0.10645867912474247
002_S_4229,002_S_4229_m48_2015-09-06,0.0,0.08579465986549574
002_S_4229,002_S_4229_m72_2017-09-05,0.0,0.06871254017552084
002_S_4229,002_S_4229_m84_2018-09-05,0.0,0.05847603659488991
002_S_4229,002_S_4229_m96_2019-09-06,0.0,0.05174775160853295
002_S_4237,002_S_4237_m03_2011-12-08,0.0,0.11723980849241822
002_S_4237,002_S_4237_m06_2012-03-08,0.0,0.11608677095179196
002_S_4237,002_S_4237_m12_2012-09-07,0.0,0.09925234370118816
002_S_4237,002_S_4237_m24_2013-09-07,0.0,0.12195760348834281
002_S_4521,002_S_4521_m03_2012-05-01,0.0,0.11334008402586426
002_S_4521,002_S_4521_m06_2012-07-31,0.0,0.1059869860542918
002_S_4521,002_S_4521_m12_2013-01-30,0.0,0.11377287660204233
002_S_4521,002_S_4521_m24_2014-01-30,0.0,0.11831292720051373
002_S_4799,002_S_4799_m03_2012-09-06,0.0,0.09618323858803177
002_S_4799,002_S_4799_m06_2012-12-06,0.0,0.09064378874210186
002_S_4799,002_S_4799_m12_2013-06-07,0.0,0.09596030621764998
002_S_4799,002_S_4799_m24_2014-06-07,0.0,0.09281518181916945
002_S_4799,002_S_4799_m48_2016-06-07,0.0,0.11222293560210464
002_S_4799,002_S_4799_m60_2017-06-07,0.0,0.07725650196971891
002_S_4799,002_S_4799_m72_2018-06-07,0.0,0.06620875460716241
002_S_4799,002_S_4799_m84_2019-06-07,0.0,0.05869509087785792
003_S_0908,003_S_0908_sc_2006-10-12,0.0,0.07211783650394193
003_S_0908,003_S_0908_m06_2007-04-12,0.0,0.06413645115618669
003_S_0908,003_S_0908_m12_2007-10-12,0.0,0.07350771692312698
003_S_0908,003_S_0908_m18_2008-04-11,0.0,0.09952400469081532
003_S_0908,003_S_0908_m24_2008-10-11,0.0,0.06814933663721334
003_S_0908,003_S_0908_m36_2009-10-11,0.0,0.07778491558420583
003_S_0908,003_S_0908_m84_2013-10-11,0.0,0.0926542517148918
003_S_0908,003_S_0908_m132_2017-10-12,0.0,0.06965512605445191
003_S_0908,003_S_0908_m144_2018-10-12,0.0,0.07373422123490836
003_S_0908,003_S_0908_m156_2019-10-12,0.0,0.0677874159728471
003_S_1074,003_S_1074_sc_2007-02-07,0.0,0.06441041099353392
003_S_1074,003_S_1074_m12_2008-02-07,0.0,0.053525677413750056
003_S_1074,003_S_1074_m18_2008-08-07,0.0,0.05704807374794337
003_S_1074,003_S_1074_m24_2009-02-06,0.0,0.05634397801817616
003_S_1074,003_S_1074_m36_2010-02-06,0.0,0.06820049305560189
003_S_1074,003_S_1074_m60_2012-02-07,0.0,0.0806072372640087
003_S_1074,003_S_1074_m96_2015-02-07,0.0,0.13419565686272636
003_S_1122,003_S_1122_sc_2007-01-12,0.0,0.06569928473390747
003_S_1122,003_S_1122_m06_2007-07-13,0.0,0.04679431455433683
003_S_1122,003_S_1122_m12_2008-01-12,0.0,0.04901326295743851
003_S_1122,003_S_1122_m18_2008-07-12,0.0,0.05164497915923521
003_S_1122,003_S_1122_m24_2009-01-11,0.0,0.059131966941348715
003_S_1122,003_S_1122_m126_2017-07-13,0.0,0.08874679984929035
003_S_1122,003_S_1122_m138_2018-07-13,0.0,0.08226572665099174
003_S_1122,003_S_1122_m150_2019-07-14,0.0,0.08945786473463616
003_S_4354,003_S_4354_m03_2012-01-31,0.0,0.06672067500181655
003_S_4354,003_S_4354_m06_2012-05-01,0.0,0.08301640454202802
003_S_4354,003_S_4354_m12_2012-10-31,0.0,0.06842553829049469
003_S_4354,003_S_4354_m24_2013-10-31,0.0,0.09324195307267293
003_S_4354,003_S_4354_m48_2015-11-01,0.0,0.0746599212576203
003_S_4354,003_S_4354_m66_2017-05-02,0.0,0.05852830937805881
003_S_4354,003_S_4354_m84_2018-10-31,0.0,0.05688497623797425
003_S_4354,003_S_4354_m90_2019-05-02,0.0,0.04968885732050132
003_S_6258,003_S_6258_sc_2018-03-08,0.0,0.08873716364993764
003_S_6258,003_S_6258_m12_2019-03-08,0.0,0.07917833194329227
003_S_6258,003_S_6258_m36_2021-03-07,0.0,0.06730141533294298
003_S_6258,003_S_6258_m48_2022-03-08,0.0,0.0787214101479021
003_S_6268,003_S_6268_sc_2018-06-08,0.0,0.07966686632684339
003_S_6268,003_S_6268_m12_2019-06-08,0.0,0.0703540651144153
003_S_6268,003_S_6268_m36_2021-06-07,0.0,0.09281068972439303
003_S_6268,003_S_6268_m48_2022-06-08,0.0,0.0838833338795559
005_S_0324,005_S_0324_m06_2006-10-20,0.0,0.1524633165921128
005_S_0324,005_S_0324_m12_2007-04-21,0.0,0.12163068818812357
005_S_0324,005_S_0324_m24_2008-04-20,0.0,0.1537951061759178
005_S_0324,005_S_0324_m36_2009-04-20,0.0,0.1353600825882838
005_S_0448,005_S_0448_m06_2006-11-13,0.0,0.14119534009410895
005_S_0448,005_S_0448_m12_2007-05-15,0.0,0.1418888964701377
005_S_0448,005_S_0448_m18_2007-11-13,0.0,0.15827069443799582
005_S_0448,005_S_0448_m24_2008-05-14,0.0,0.12623381929618888
005_S_0546,005_S_0546_m06_2007-01-11,0.0,0.14362664490251914
005_S_0546,005_S_0546_m12_2007-07-13,0.0,0.1308199074435634
005_S_0546,005_S_0546_m18_2008-01-11,0.0,0.1331517367044885
005_S_0546,005_S_0546_m24_2008-07-12,0.0,0.138449510227234
005_S_1224,005_S_1224_sc_2007-02-13,0.0,0.16103794184471015
005_S_1224,005_S_1224_m06_2007-08-14,0.0,0.10171409394345282
005_S_1224,005_S_1224_m12_2008-02-13,0.0,0.15056452334178755
005_S_1224,005_S_1224_m18_2008-08-13,0.0,0.12392208812091413
005_S_1224,005_S_1224_m24_2009-02-12,0.0,0.12072921647657536
005_S_2390,005_S_2390_m03_2011-10-31,0.0,0.11496813073255173
005_S_2390,005_S_2390_m06_2012-01-30,0.0,0.09676590007226962
005_S_2390,005_S_2390_m12_2012-07-31,0.0,0.10075522362255068
005_S_2390,005_S_2390_m24_2013-07-31,0.0,0.1233257410807382
005_S_2390,005_S_2390_m48_2015-08-01,0.0,0.13761708775053555
005_S_4168,005_S_4168_m03_2011-11-15,0.0,0.09892462024623389
005_S_4168,005_S_4168_m06_2012-02-14,0.0,0.09664390310285588
005_S_4168,005_S_4168_m12_2012-08-15,0.0,0.09434583748139123
005_S_4168,005_S_4168_m24_2013-08-15,0.0,0.09508704767774463
005_S_4168,005_S_4168_m48_2015-08-16,0.0,0.06589659695757985
005_S_4185,005_S_4185_m03_2011-11-15,0.0,0.12538704358982822
005_S_4185,005_S_4185_m06_2012-02-14,0.0,0.1089270729105282
005_S_4185,005_S_4185_m12_2012-08-15,0.0,0.11497666508466525
005_S_4185,005_S_4185_m24_2013-08-15,0.0,0.12980804215251196
005_S_4185,005_S_4185_m48_2015-08-16,0.0,0.10160505479997872
005_S_4185,005_S_4185_m72_2017-08-15,0.0,0.06787515575451769
005_S_4185,005_S_4185_m84_2018-08-15,0.0,0.060370933866266
006_S_4363,006_S_4363_m03_2012-02-09,0.0,0.1074677739622445
006_S_4363,006_S_4363_m06_2012-05-10,0.0,0.1109656599743892
006_S_4363,006_S_4363_m12_2012-11-09,0.0,0.10780288002090965
006_S_4363,006_S_4363_m24_2013-11-09,0.0,0.11729430197330762
006_S_4679,006_S_4679_m03_2012-08-20,0.0,0.11189854369291752
006_S_4679,006_S_4679_m06_2012-11-19,0.0,0.1261771710486248
006_S_4679,006_S_4679_m12_2013-05-21,0.0,0.14408375978363297
006_S_4679,006_S_4679_m24_2014-05-21,0.0,0.13325045854477516
006_S_4713,006_S_4713_m03_2012-08-02,0.0,0.1100387625018458
006_S_4713,006_S_4713_m06_2012-11-01,0.0,0.10583831462108162
006_S_4713,006_S_4713_m12_2013-05-03,0.0,0.11706831073052627
006_S_4713,006_S_4713_m24_2014-05-03,0.0,0.10067852476618458
006_S_4713,006_S_4713_m48_2016-05-03,0.0,0.09663955766837154
006_S_4713,006_S_4713_m90_2019-11-02,0.0,0.07923308718095913
006_S_4713,006_S_4713_m108_2021-05-03,0.0,0.07911958465341132
006_S_4960,006_S_4960_m03_2012-12-24,0.0,0.09213140078597265
006_S_4960,006_S_4960_m06_2013-03-25,0.0,0.116586330556745
006_S_4960,006_S_4960_m12_2013-09-24,0.0,0.10789095913604356
006_S_4960,006_S_4960_m24_2014-09-24,0.0,0.11279031729201018
006_S_4960,006_S_4960_m36_2015-09-24,0.0,0.11007377711593588
006_S_4960,006_S_4960_m66_2018-03-26,0.0,0.08845878383038625
006_S_6243,006_S_6243_sc_2018-02-26,0.0,0.08402039594230636
006_S_6243,006_S_6243_m12_2019-02-26,0.0,0.0760822994292465
006_S_6243,006_S_6243_m42_2021-08-27,0.0,0.06805361075888575
006_S_6243,006_S_6243_m54_2022-08-27,0.0,0.07405177602812063
006_S_6243,006_S_6243_m66_2023-08-28,0.0,0.09290408918852491
007_S_0101,007_S_0101_sc_2006-01-05,0.0,0.1301060788237757
007_S_0101,007_S_0101_m06_2006-07-06,0.0,0.11619479964809812
007_S_0101,007_S_0101_m12_2007-01-05,0.0,0.1385734789353794
007_S_0101,007_S_0101_m18_2007-07-06,0.0,0.11725958494678197
007_S_0698,007_S_0698_sc_2006-08-23,0.0,0.12202830118702555
007_S_0698,007_S_0698_m06_2007-02-21,0.0,0.12184566272792144
007_S_0698,007_S_0698_m12_2007-08-23,0.0,0.14444841979432327
007_S_0698,007_S_0698_m24_2008-08-22,0.0,0.13480718608973197
007_S_0698,007_S_0698_m48_2010-08-23,0.0,0.16042975028741052
007_S_2394,007_S_2394_m03_2011-12-16,0.0,0.09920549146883376
007_S_2394,007_S_2394_m06_2012-03-16,0.0,0.092440177431352
007_S_2394,007_S_2394_m12_2012-09-15,0.0,0.0924186001142833
007_S_2394,007_S_2394_m24_2013-09-15,0.0,0.09424261581994173
007_S_2394,007_S_2394_m48_2015-09-16,0.0,0.102097441972753
007_S_2394,007_S_2394_m72_2017-09-15,0.0,0.06486846734171266
007_S_2394,007_S_2394_m84_2018-09-15,0.0,0.06065669538297408
007_S_2394,007_S_2394_m96_2019-09-16,0.0,0.07129985770528839
007_S_2394,007_S_2394_m132_2022-09-16,0.0,0.07056983262741959
007_S_2394,007_S_2394_m150_2024-03-17,0.0,0.07946514240000196
007_S_2394,007_S_2394_m162_2025-03-17,0.0,0.07198424039001103
007_S_2394,007_S_2394_m168_2025-09-15,0.0,0.08320706772782231
007_S_4272,007_S_4272_m03_2012-01-05,0.0,0.07419059486180346
007_S_4272,007_S_4272_m06_2012-04-05,0.0,0.06906700461160126
007_S_4272,007_S_4272_m12_2012-10-05,0.0,0.06953034964079946
007_S_4272,007_S_4272_m24_2013-10-05,0.0,0.057077321153097195
007_S_4272,007_S_4272_m48_2015-10-06,0.0,0.06347971301690745
007_S_4272,007_S_4272_m72_2017-10-05,0.0,0.04507337970475227
007_S_4272,007_S_4272_m84_2018-10-05,0.0,0.03624749407189802
007_S_4272,007_S_4272_m96_2019-10-06,0.0,0.035545370389198874
007_S_4272,007_S_4272_m114_2021-04-06,0.0,0.03702757391719648
007_S_4272,007_S_4272_m120_2021-10-05,0.0,0.04544288983765778
007_S_4467,007_S_4467_m03_2012-04-11,0.0,0.10351882428193442
007_S_4467,007_S_4467_m06_2012-07-11,0.0,0.11511282467398244
007_S_4467,007_S_4467_m12_2013-01-10,0.0,0.1062103545654312
007_S_4467,007_S_4467_m24_2014-01-10,0.0,0.10009239985245139
009_S_1030,009_S_1030_sc_2006-11-13,0.0,0.07665215146511455
009_S_1030,009_S_1030_m06_2007-05-14,0.0,0.07270119874328786
009_S_1030,009_S_1030_m18_2008-05-13,0.0,0.06816462822742539
009_S_1030,009_S_1030_m36_2009-11-12,0.0,0.08369165774377844
009_S_2208,009_S_2208_m03_2011-05-24,0.0,0.060320157742673075
009_S_2208,009_S_2208_m06_2011-08-23,0.0,0.060342652813258256
009_S_2208,009_S_2208_m12_2012-02-22,0.0,0.06109773927145201
009_S_2208,009_S_2208_m24_2013-02-21,0.0,0.059338110352487344
009_S_2208,009_S_2208_m36_2014-02-21,0.0,0.06516407628551192
009_S_2208,009_S_2208_m48_2015-02-22,0.0,0.05471625117841698
009_S_4359,009_S_4359_m03_2012-02-17,0.0,0.06087955080372082
009_S_4359,009_S_4359_m06_2012-05-18,0.0,0.06397499363288967
009_S_4359,009_S_4359_m12_2012-11-17,0.0,0.06200011993279017
009_S_4359,009_S_4359_m24_2013-11-17,0.0,0.055190267940092505
009_S_4359,009_S_4359_m48_2015-11-18,0.0,0.056264453347995166
009_S_5000,009_S_5000_m03_2013-01-18,0.0,0.05339582675240012
009_S_5000,009_S_5000_m06_2013-04-19,0.0,0.04851973253039593
009_S_5000,009_S_5000_m12_2013-10-19,0.0,0.04367496455389157
009_S_5000,009_S_5000_m24_2014-10-19,0.0,0.04032997101970716
011_S_0362,011_S_0362_m06_2006-11-17,0.0,0.07246889885373944
011_S_0362,011_S_0362_m12_2007-05-19,0.0,0.06867845826409369
011_S_0362,011_S_0362_m18_2007-11-17,0.0,0.08035311198558359
011_S_0362,011_S_0362_m24_2008-05-18,0.0,0.07760071003218835
011_S_1080,011_S_1080_sc_2006-12-08,0.0,0.07249259518384397
011_S_1080,011_S_1080_m06_2007-06-08,0.0,0.07291162788681471
011_S_1080,011_S_1080_m12_2007-12-08,0.0,0.07851951464239575
011_S_1080,011_S_1080_m18_2008-06-07,0.0,0.06979614539399627
011_S_1080,011_S_1080_m24_2008-12-07,0.0,0.06818588181462948
011_S_1080,011_S_1080_m36_2009-12-07,0.0,0.06979986503156982
011_S_4235,011_S_4235_m03_2011-12-07,0.0,0.05537421007718511
011_S_4235,011_S_4235_m06_2012-03-07,0.0,0.059609728864545145
011_S_4235,011_S_4235_m12_2012-09-06,0.0,0.06358729655493392
011_S_4235,011_S_4235_m24_2013-09-06,0.0,0.0610963398167429
011_S_4235,011_S_4235_m48_2015-09-07,0.0,0.06709686056481312
011_S_4547,011_S_4547_m03_2012-05-14,0.0,0.07479522466387212
011_S_4547,011_S_4547_m06_2012-08-13,0.0,0.0742958229635151
011_S_4547,011_S_4547_m12_2013-02-12,0.0,0.0768578280442603
011_S_4547,011_S_4547_m24_2014-02-12,0.0,0.07587122346687725
011_S_4547,011_S_4547_m48_2016-02-13,0.0,0.06808623533248805
011_S_4893,011_S_4893_m03_2012-10-30,0.0,0.07063210057045552
011_S_4893,011_S_4893_m06_2013-01-29,0.0,0.05906737927707364
011_S_4893,011_S_4893_m12_2013-07-31,0.0,0.09096542336114088
011_S_4893,011_S_4893_m24_2014-07-31,0.0,0.08363628288065549
012_S_0634,012_S_0634_sc_2006-07-24,0.0,0.05938614354450025
012_S_0634,012_S_0634_m06_2007-01-22,0.0,0.06468716793576462
012_S_0634,012_S_0634_m12_2007-07-24,0.0,0.053941494308055796
012_S_0634,012_S_0634_m24_2008-07-23,0.0,0.053463848609943264
012_S_1165,012_S_1165_sc_2007-01-18,0.0,0.05033716697526993
012_S_1165,012_S_1165_m06_2007-07-19,0.0,0.054206551875490755
012_S_1165,012_S_1165_m12_2008-01-18,0.0,0.06285340519041115
012_S_1165,012_S_1165_m18_2008-07-18,0.0,0.06769724591734694
012_S_1165,012_S_1165_m24_2009-01-17,0.0,0.06278785754199628
012_S_1175,012_S_1175_sc_2007-01-19,0.0,0.0673875453583957
012_S_1175,012_S_1175_m06_2007-07-20,0.0,0.06270005247489398
012_S_1175,012_S_1175_m18_2008-07-19,0.0,0.06910454665849777
012_S_1175,012_S_1175_m24_2009-01-18,0.0,0.06478587259106203
012_S_1321,012_S_1321_bl_2007-03-15,0.0,0.09492141567144825
012_S_1321,012_S_1321_sc_2007-03-15,0.0,0.06127843539094048
012_S_1321,012_S_1321_m12_2008-03-14,0.0,0.061647098804869946
012_S_1321,012_S_1321_m18_2008-09-12,0.0,0.07367412420529236
012_S_1321,012_S_1321_m24_2009-03-14,0.0,0.05651400766050745
012_S_4012,012_S_4012_m03_2011-06-21,0.0,0.10480960611023843
012_S_4012,012_S_4012_m06_2011-09-20,0.0,0.10027512904340244
012_S_4012,012_S_4012_m12_2012-03-21,0.0,0.10350344783423318
012_S_4012,012_S_4012_m24_2013-03-21,0.0,0.10148089263732829
012_S_4012,012_S_4012_m48_2015-03-22,0.0,0.10227512262829129
012_S_4128,012_S_4128_m03_2011-10-19,0.0,0.10750953543690002
012_S_4128,012_S_4128_m06_2012-01-18,0.0,0.09635750296052947
012_S_4128,012_S_4128_m12_2012-07-19,0.0,0.10875108237486884
012_S_4128,012_S_4128_m24_2013-07-19,0.0,0.11739409615048643
012_S_4128,012_S_4128_m48_2015-07-20,0.0,0.10135937035203074
012_S_4188,012_S_4188_m03_2011-11-22,0.0,0.08008821320687165
012_S_4188,012_S_4188_m06_2012-02-21,0.0,0.08372007397028942
012_S_4188,012_S_4188_m12_2012-08-22,0.0,0.0942248446290293
012_S_4188,012_S_4188_m24_2013-08-22,0.0,0.08867536286792901
013_S_1120,013_S_1120_sc_2007-01-04,0.0,0.10251717166908808
013_S_1120,013_S_1120_m06_2007-07-05,0.0,0.08745186736926569
013_S_1120,013_S_1120_m12_2008-01-04,0.0,0.24723169623779184
013_S_1120,013_S_1120_m18_2008-07-04,0.0,0.07022619143994985
013_S_1186,013_S_1186_sc_2007-03-01,0.0,0.13405156234468718
013_S_1186,013_S_1186_m06_2007-08-30,0.0,0.14667203217185398
013_S_1186,013_S_1186_m12_2008-02-29,0.0,0.11733907275427183
013_S_1186,013_S_1186_m18_2008-08-29,0.0,0.1368053650766737
013_S_1186,013_S_1186_m24_2009-02-28,0.0,0.22916541767430648
013_S_1186,013_S_1186_m48_2011-03-01,0.0,0.08696733937633438
013_S_1186,013_S_1186_m60_2012-02-29,0.0,0.08815370452520187
013_S_1186,013_S_1186_m72_2013-02-28,0.0,0.10401885628860816
013_S_1186,013_S_1186_m84_2014-02-28,0.0,0.055885070263399075
013_S_1275,013_S_1275_sc_2007-03-26,0.0,0.09412996510584787
013_S_1275,013_S_1275_m06_2007-09-24,0.0,0.11564304120091003
013_S_1275,013_S_1275_m12_2008-03-25,0.0,0.08856997963799289
013_S_1275,013_S_1275_m18_2008-09-23,0.0,0.17221032877189238
013_S_2389,013_S_2389_m03_2011-10-26,0.0,0.09840275483919557
013_S_2389,013_S_2389_m06_2012-01-25,0.0,0.11087900511466484
013_S_2389,013_S_2389_m12_2012-07-26,0.0,0.10341532054834623
013_S_2389,013_S_2389_m78_2018-01-25,0.0,0.0807053486679596
013_S_4395,013_S_4395_m03_2012-02-29,0.0,0.1022124729025394
013_S_4395,013_S_4395_m06_2012-05-30,0.0,0.08836210064000213
013_S_4395,013_S_4395_m12_2012-11-29,0.0,0.13020044178818446
013_S_4395,013_S_4395_m24_2013-11-29,0.0,0.06406590796811945
013_S_4395,013_S_4395_m48_2015-11-30,0.0,0.0872966449667209
014_S_0169,014_S_0169_sc_2006-02-16,0.0,0.13241525102574409
014_S_0169,014_S_0169_m06_2006-08-17,0.0,0.14594194776797836
014_S_0169,014_S_0169_m12_2007-02-16,0.0,0.12575756402974705
014_S_0169,014_S_0169_m18_2007-08-17,0.0,0.1598940436595529
014_S_0169,014_S_0169_m24_2008-02-16,0.0,0.1340555258016316
014_S_0169,014_S_0169_m36_2009-02-15,0.0,0.13444608077228465
014_S_0169,014_S_0169_m48_2010-02-16,0.0,0.1463571320133253
014_S_0557,014_S_0557_m06_2006-12-07,0.0,0.1232593791024682
014_S_0557,014_S_0557_m18_2007-12-07,0.0,0.12265803716759024
014_S_0557,014_S_0557_m24_2008-06-07,0.0,0.13654808055961415
014_S_0557,014_S_0557_m36_2009-06-07,0.0,0.08845673202473857
014_S_0563,014_S_0563_m06_2007-01-18,0.0,0.1013877541468961
014_S_0563,014_S_0563_m12_2007-07-20,0.0,0.10920823950433248
014_S_0563,014_S_0563_m18_2008-01-18,0.0,0.13177015186078228
014_S_0563,014_S_0563_m24_2008-07-19,0.0,0.09509757907720962
014_S_2185,014_S_2185_m03_2011-04-13,0.0,0.05924436241477396
014_S_2185,014_S_2185_m06_2011-07-13,0.0,0.05649085391159045
014_S_2185,014_S_2185_m12_2012-01-12,0.0,0.057647697079246676
014_S_2185,014_S_2185_m24_2013-01-11,0.0,0.06533705332043621
014_S_4328,014_S_4328_m03_2012-01-19,0.0,0.06852523785107792
014_S_4328,014_S_4328_m06_2012-04-19,0.0,0.06736410566391066
014_S_4328,014_S_4328_m12_2012-10-19,0.0,0.06310864792452536
014_S_4328,014_S_4328_m24_2013-10-19,0.0,0.05053522102763637
016_S_0702,016_S_0702_sc_2006-08-23,0.0,0.16525373269175775
016_S_0702,016_S_0702_m06_2007-02-21,0.0,0.2624495639433171
016_S_0702,016_S_0702_m12_2007-08-23,0.0,0.17366562327437768
016_S_0702,016_S_0702_m18_2008-02-21,0.0,0.12838563217042093
016_S_0769,016_S_0769_bl_2006-08-31,0.0,0.09212776233770115
016_S_0769,016_S_0769_sc_2006-08-31,0.0,0.08776789866806795
016_S_0769,016_S_0769_m06_2007-03-01,0.0,0.153969365728255
016_S_0769,016_S_0769_m18_2008-02-29,0.0,0.17747415760092972
016_S_1117,016_S_1117_sc_2006-12-11,0.0,0.06458993054656631
016_S_1117,016_S_1117_m06_2007-06-11,0.0,0.09963359335837188
016_S_1117,016_S_1117_m12_2007-12-11,0.0,0.2730327702275977
016_S_1117,016_S_1117_m18_2008-06-10,0.0,0.08930075728605469
016_S_1117,016_S_1117_m24_2008-12-10,0.0,0.08136393208815126
016_S_2007,016_S_2007_m03_2010-10-05,0.0,0.08083972375881965
016_S_2007,016_S_2007_m06_2011-01-04,0.0,0.0694431100550341
016_S_2007,016_S_2007_m12_2011-07-06,0.0,0.08488128792643329
016_S_2007,016_S_2007_m24_2012-07-05,0.0,0.08718483255103468
016_S_2031,016_S_2031_m03_2010-12-01,0.0,0.05404657653474337
016_S_2031,016_S_2031_m06_2011-03-02,0.0,0.05316470098421794
016_S_2031,016_S_2031_m12_2011-09-01,0.0,0.06349890836764654
016_S_2031,016_S_2031_m24_2012-08-31,0.0,0.06432052321137978
016_S_2031,016_S_2031_m36_2013-08-31,0.0,0.11309857346502457
016_S_4646,016_S_4646_m03_2012-06-26,0.0,0.1036877212084657
016_S_4646,016_S_4646_m06_2012-09-25,0.0,0.10920528448372638
016_S_4646,016_S_4646_m12_2013-03-27,0.0,0.11392137299964858
016_S_4646,016_S_4646_m24_2014-03-27,0.0,0.1025700441050629
016_S_5007,016_S_5007_m03_2013-01-28,0.0,0.08958099028500305
016_S_5007,016_S_5007_m06_2013-04-29,0.0,0.07220180162654424
016_S_5007,016_S_5007_m12_2013-10-29,0.0,0.08407921988338085
016_S_5007,016_S_5007_m24_2014-10-29,0.0,0.07079572601940706
018_S_0142,018_S_0142_sc_2006-02-20,0.0,0.08335375190875238
018_S_0142,018_S_0142_m06_2006-08-21,0.0,0.08307274846933854
018_S_0142,018_S_0142_m12_2007-02-20,0.0,0.07904637384106336
018_S_0142,018_S_0142_m18_2007-08-21,0.0,0.08738631621149033
018_S_0142,018_S_0142_m36_2009-02-19,0.0,0.06014213322344228
018_S_0142,018_S_0142_m48_2010-02-20,0.0,0.0607703115263198
018_S_0155,018_S_0155_sc_2006-03-24,0.0,0.07665311707783495
018_S_0155,018_S_0155_m06_2006-09-22,0.0,0.07989985687337037
018_S_0155,018_S_0155_m12_2007-03-24,0.0,0.08961826915091498
018_S_0155,018_S_0155_m18_2007-09-22,0.0,0.07872293305762564
018_S_2133,018_S_2133_m03_2011-08-05,0.0,0.12299350041906283
018_S_2133,018_S_2133_m06_2011-11-04,0.0,0.12166917351816361
018_S_2133,018_S_2133_m12_2012-05-05,0.0,0.11543444450798654
018_S_2133,018_S_2133_m24_2013-05-05,0.0,0.13136075527175367
018_S_2133,018_S_2133_m36_2014-05-05,0.0,0.11810699482740564
018_S_2133,018_S_2133_m48_2015-05-06,0.0,0.12794035222807748
018_S_2155,018_S_2155_m03_2011-08-05,0.0,0.1315390939581505
018_S_2155,018_S_2155_m06_2011-11-04,0.0,0.13658991091713124
018_S_2155,018_S_2155_m12_2012-05-05,0.0,0.14119020967625162
018_S_2155,018_S_2155_m24_2013-05-05,0.0,0.14828248478140466
018_S_2155,018_S_2155_m36_2014-05-05,0.0,0.14737366306817012
018_S_2155,018_S_2155_m48_2015-05-06,0.0,0.13141231425963856
018_S_2155,018_S_2155_m84_2018-05-05,0.0,0.15752366772791956
018_S_2155,018_S_2155_m90_2018-11-04,0.0,0.1369970466632056
018_S_2155,018_S_2155_m108_2020-05-05,0.0,0.1314121177548377
018_S_2155,018_S_2155_m120_2021-05-05,0.0,0.12015552477754989
018_S_2155,018_S_2155_m132_2022-05-06,0.0,0.13348674236186975
018_S_2180,018_S_2180_m03_2011-04-28,0.0,0.13108714319734124
018_S_2180,018_S_2180_m06_2011-07-28,0.0,0.12956054423571797
018_S_2180,018_S_2180_m12_2012-01-27,0.0,0.12363005861175629
018_S_2180,018_S_2180_m24_2013-01-26,0.0,0.12376963909115662
018_S_2180,018_S_2180_m36_2014-01-26,0.0,0.11427603853849663
018_S_2180,018_S_2180_m48_2015-01-27,0.0,0.1359435749506513
018_S_2180,018_S_2180_m60_2016-01-27,0.0,0.15652290474567476
018_S_2180,018_S_2180_m84_2018-01-26,0.0,0.15038417944116725
018_S_2180,018_S_2180_m90_2018-07-28,0.0,0.09474968538719211
018_S_2180,018_S_2180_m102_2019-07-28,0.0,0.12185920054791266
018_S_2180,018_S_2180_m114_2020-07-28,0.0,0.12268765223264297
018_S_4809,018_S_4809_m03_2012-09-17,0.0,0.07585905431988138
018_S_4809,018_S_4809_m06_2012-12-17,0.0,0.08691695478436669
018_S_4809,018_S_4809_m12_2013-06-18,0.0,0.08844416871220456
018_S_4809,018_S_4809_m24_2014-06-18,0.0,0.09557555594450223
018_S_4809,018_S_4809_m48_2016-06-18,0.0,0.10965746813466581
018_S_4868,018_S_4868_m03_2012-10-18,0.0,0.08980168503731642
018_S_4868,018_S_4868_m06_2013-01-17,0.0,0.09423528263950212
018_S_4868,018_S_4868_m12_2013-07-19,0.0,0.10084658543855331
018_S_4868,018_S_4868_m24_2014-07-19,0.0,0.09809686328199164
018_S_4868,018_S_4868_m48_2016-07-19,0.0,0.12341964920652372
018_S_4868,018_S_4868_m60_2017-07-19,0.0,0.0993460650087869
018_S_4868,018_S_4868_m72_2018-07-19,0.0,0.09769666457197437
018_S_4889,018_S_4889_m03_2012-11-05,0.0,0.10801919448955354
018_S_4889,018_S_4889_m06_2013-02-04,0.0,0.11455954093842659
018_S_4889,018_S_4889_m12_2013-08-06,0.0,0.10846537856823034
018_S_4889,018_S_4889_m24_2014-08-06,0.0,0.11258267400900446
018_S_6414,018_S_6414_sc_2018-06-04,0.0,0.10884101079242309
018_S_6414,018_S_6414_m12_2019-06-04,0.0,0.1136472114009848
018_S_6414,018_S_6414_m24_2020-06-03,0.0,0.11139716732426967
018_S_6414,018_S_6414_m48_2022-06-04,0.0,0.12145355007248552
019_S_4285,019_S_4285_m03_2012-01-04,0.0,0.07864539637471721
019_S_4285,019_S_4285_m06_2012-04-04,0.0,0.09754243138256329
019_S_4285,019_S_4285_m12_2012-10-04,0.0,0.1026996382972572
019_S_4285,019_S_4285_m24_2013-10-04,0.0,0.09154482622701288
019_S_6483,019_S_6483_sc_2018-06-29,0.0,0.09747514468185442
019_S_6483,019_S_6483_m12_2019-06-29,0.0,0.10839553012848209
019_S_6483,019_S_6483_m24_2020-06-28,0.0,0.10753139601810273
019_S_6483,019_S_6483_m36_2021-06-28,0.0,0.09085240321680366
019_S_6635,019_S_6635_sc_2018-11-28,0.0,0.07700758637963412
019_S_6635,019_S_6635_m12_2019-11-28,0.0,0.09670224503367245
019_S_6635,019_S_6635_m24_2020-11-27,0.0,0.0910293109250427
019_S_6635,019_S_6635_m36_2021-11-27,0.0,0.0859437540910483
019_S_6635,019_S_6635_m48_2022-11-28,0.0,0.07969844407168887
021_S_0178,021_S_0178_sc_2006-03-09,0.0,0.050099675241381716
021_S_0178,021_S_0178_m132_2017-03-09,0.0,0.0869529686837876
021_S_0178,021_S_0178_m156_2019-03-09,0.0,0.08069906202704767
021_S_0178,021_S_0178_m180_2021-03-09,0.0,0.059943608413532495
021_S_0231,021_S_0231_sc_2006-03-23,0.0,0.06402572388193001
021_S_0231,021_S_0231_m06_2006-09-21,0.0,0.05389158186103741
021_S_0231,021_S_0231_m12_2007-03-23,0.0,0.051710644671186384
021_S_0231,021_S_0231_m18_2007-09-21,0.0,0.05341051492620241
021_S_0273,021_S_0273_m06_2006-10-10,0.0,0.07651352564856251
021_S_0273,021_S_0273_m12_2007-04-11,0.0,0.0662246027328958
021_S_0273,021_S_0273_m24_2008-04-10,0.0,0.06454951027853284
021_S_0273,021_S_0273_m36_2009-04-10,0.0,0.06427637323707344
021_S_0276,021_S_0276_m06_2006-09-29,0.0,0.06346497736708553
021_S_0276,021_S_0276_m12_2007-03-31,0.0,0.0750693920728843
021_S_0276,021_S_0276_m36_2009-03-30,0.0,0.07131267757202402
021_S_0276,021_S_0276_m48_2010-03-31,0.0,0.1507825122982573
021_S_0424,021_S_0424_m06_2006-11-13,0.0,0.05354269901951407
021_S_0424,021_S_0424_m12_2007-05-15,0.0,0.06772295664663108
021_S_0424,021_S_0424_m24_2008-05-14,0.0,0.05291696440581421
021_S_0424,021_S_0424_m36_2009-05-14,0.0,0.05926538367904721
021_S_0626,021_S_0626_sc_2006-08-11,0.0,0.050593230066569975
021_S_0626,021_S_0626_m06_2007-02-09,0.0,0.04829983414456139
021_S_0626,021_S_0626_m12_2007-08-11,0.0,0.053112944724072166
021_S_0626,021_S_0626_m18_2008-02-09,0.0,0.06449341492877216
021_S_0626,021_S_0626_m24_2008-08-10,0.0,0.046403767648302785
021_S_0626,021_S_0626_m36_2009-08-10,0.0,0.05168043078208255
021_S_0626,021_S_0626_m48_2010-08-11,0.0,0.05169721023210172
021_S_2077,021_S_2077_m03_2011-01-27,0.0,0.09062509668432904
021_S_2077,021_S_2077_m06_2011-04-28,0.0,0.09663008121745731
021_S_2077,021_S_2077_m12_2011-10-28,0.0,0.08877464973675307
021_S_2077,021_S_2077_m24_2012-10-27,0.0,0.07375653198746845
021_S_2077,021_S_2077_m48_2014-10-28,0.0,0.07274247643681916
021_S_2100,021_S_2100_m03_2011-01-25,0.0,0.11226893899675447
021_S_2100,021_S_2100_m06_2011-04-26,0.0,0.10870834453956349
021_S_2100,021_S_2100_m12_2011-10-26,0.0,0.10062809684194755
021_S_2100,021_S_2100_m24_2012-10-25,0.0,0.11096732902118872
021_S_2100,021_S_2100_m36_2013-10-25,0.0,0.08182686635171492
021_S_2100,021_S_2100_m48_2014-10-26,0.0,0.10387596203910143
021_S_4245,021_S_4245_m03_2011-12-14,0.0,0.1318987570541858
021_S_4245,021_S_4245_m06_2012-03-14,0.0,0.13069553424292513
021_S_4245,021_S_4245_m12_2012-09-13,0.0,0.10949925166138008
021_S_4245,021_S_4245_m24_2013-09-13,0.0,0.12902681569321067
021_S_4419,021_S_4419_m03_2012-03-06,0.0,0.07950426520030685
021_S_4419,021_S_4419_m06_2012-06-05,0.0,0.07882192627056424
021_S_4419,021_S_4419_m12_2012-12-05,0.0,0.06815493172767645
021_S_4419,021_S_4419_m24_2013-12-05,0.0,0.07599758858233244
021_S_4419,021_S_4419_m114_2021-06-06,0.9725957946419042,5.396326782873178e-08
021_S_4659,021_S_4659_m03_2012-07-03,0.0,0.09358198822565433
021_S_4659,021_S_4659_m06_2012-10-02,0.0,0.08278548782679175
021_S_4659,021_S_4659_m12_2013-04-03,0.0,0.08958479435755878
021_S_4659,021_S_4659_m24_2014-04-03,0.0,0.05560403421881746
022_S_1097,022_S_1097_sc_2007-01-12,0.0,0.06526185567848575
022_S_1097,022_S_1097_m18_2008-07-12,0.0,0.08528579578984437
022_S_1097,022_S_1097_m24_2009-01-11,0.0,0.061761172210744064
022_S_1097,022_S_1097_m36_2010-01-11,0.0,0.06307698900530505
022_S_1351,022_S_1351_sc_2007-03-16,0.0,0.04894468200177837
022_S_1351,022_S_1351_m12_2008-03-15,0.0,0.050261173492273825
022_S_1351,022_S_1351_m18_2008-09-13,0.0,0.04459513488894723
022_S_1351,022_S_1351_m24_2009-03-15,0.0,0.052675065859152784
022_S_2087,022_S_2087_m03_2011-03-22,0.0,0.06070257414855676
022_S_2087,022_S_2087_m06_2011-06-21,0.0,0.06253310369555062
022_S_2087,022_S_2087_m12_2011-12-21,0.0,0.058094382297452174
022_S_2087,022_S_2087_m24_2012-12-20,0.0,0.050154678094696176
022_S_2167,022_S_2167_m03_2011-04-20,0.0,0.06381771472253436
022_S_2167,022_S_2167_m06_2011-07-20,0.0,0.06748750883951493
022_S_2167,022_S_2167_m12_2012-01-19,0.0,0.0669331654133756
022_S_2167,022_S_2167_m24_2013-01-18,0.0,0.06434281054826885
022_S_2167,022_S_2167_m36_2014-01-18,0.0,0.05872254094384084
022_S_2167,022_S_2167_m60_2016-01-19,0.0,0.06728990531141352
022_S_2263,022_S_2263_m03_2011-05-18,0.0,0.06573108832148059
022_S_2263,022_S_2263_m06_2011-08-17,0.0,0.06202165013891228
022_S_2263,022_S_2263_m12_2012-02-16,0.0,0.054805557813779014
022_S_2263,022_S_2263_m24_2013-02-15,0.0,0.05662862453422347
022_S_2263,022_S_2263_m36_2014-02-15,0.0,0.06108013244032736
022_S_2263,022_S_2263_m48_2015-02-16,0.0,0.05692900033874111
022_S_2263,022_S_2263_m72_2017-02-15,0.0,0.06375590107568446
022_S_2263,022_S_2263_m96_2019-02-16,0.0,0.08134046875484963
022_S_2263,022_S_2263_m120_2021-02-15,0.0,0.06785531790236146
022_S_4444,022_S_4444_m03_2012-04-04,0.0,0.04641396187672715
022_S_4444,022_S_4444_m06_2012-07-04,0.0,0.05484887272343343
022_S_4444,022_S_4444_m12_2013-01-03,0.0,0.04961054251401972
022_S_4444,022_S_4444_m24_2014-01-03,0.0,0.06480289844178916
022_S_4444,022_S_4444_m48_2016-01-04,0.0,0.05800576090086931
022_S_4805,022_S_4805_m03_2012-09-19,0.0,0.11555178866301413
022_S_4805,022_S_4805_m06_2012-12-19,0.0,0.11389735314701396
022_S_4805,022_S_4805_m12_2013-06-20,0.0,0.10878578697961895
022_S_4805,022_S_4805_m24_2014-06-20,0.0,0.09248540886821419
022_S_5004,022_S_5004_m03_2013-01-22,0.0,0.06606925752201656
022_S_5004,022_S_5004_m06_2013-04-23,0.0,0.06438271163896259
022_S_5004,022_S_5004_m12_2013-10-23,0.0,0.0624422357659666
022_S_5004,022_S_5004_m24_2014-10-23,0.0,0.06684761110850143
022_S_5004,022_S_5004_m54_2017-04-23,0.0,0.06891449174088668
022_S_5004,022_S_5004_m66_2018-04-24,0.0,0.06491929674467192
022_S_5004,022_S_5004_m78_2019-04-24,0.0,0.061486732747672024
022_S_5004,022_S_5004_m90_2020-04-23,0.0,0.05976153860609868
022_S_5004,022_S_5004_m102_2021-04-23,0.0,0.05928541720226345
022_S_5004,022_S_5004_m114_2022-04-24,0.0,0.05979634514876479
022_S_6716,022_S_6716_sc_2019-04-05,0.0,0.06261720035534345
022_S_6716,022_S_6716_m12_2020-04-04,0.0,0.05504316910512594
022_S_6716,022_S_6716_m24_2021-04-04,0.0,0.0683714295920555
022_S_6716,022_S_6716_m36_2022-04-04,0.0,0.04805133847700356
023_S_0126,023_S_0126_sc_2006-02-16,0.0,0.07406162205196198
023_S_0126,023_S_0126_m06_2006-08-17,0.0,0.05254086974993261
023_S_0126,023_S_0126_m12_2007-02-16,0.0,0.07327372868312737
023_S_0126,023_S_0126_m18_2007-08-17,0.0,0.09770198130667371
023_S_0126,023_S_0126_m24_2008-02-16,0.0,0.08168979304674209
023_S_0331,023_S_0331_bl_2006-04-06,0.0,0.08955668199553818
023_S_0331,023_S_0331_sc_2006-04-06,0.0,0.046004960508556604
023_S_0331,023_S_0331_m06_2006-10-05,0.0,0.05581362110212687
023_S_0331,023_S_0331_m12_2007-04-06,0.0,0.04429168043722146
023_S_0331,023_S_0331_m18_2007-10-05,0.0,0.08179250552862938
023_S_0331,023_S_0331_m24_2008-04-05,0.0,0.08754205563294559
023_S_0376,023_S_0376_m06_2006-10-19,0.0,0.09683436697473605
023_S_0376,023_S_0376_m12_2007-04-20,0.0,0.08952267936367797
023_S_0376,023_S_0376_m24_2008-04-19,0.0,0.10092254508714799
023_S_0376,023_S_0376_m36_2009-04-19,0.0,0.08495011788342835
023_S_1046,023_S_1046_bl_2006-11-16,0.0,0.05767580398660744
023_S_1046,023_S_1046_sc_2006-11-16,0.0,0.07257201751703957
023_S_1046,023_S_1046_m06_2007-05-17,0.0,0.08028001718791411
023_S_1046,023_S_1046_m12_2007-11-16,0.0,0.07484243870959904
023_S_1046,023_S_1046_m18_2008-05-16,0.0,0.1010631402629763
023_S_1046,023_S_1046_m24_2008-11-15,0.0,0.0913518713349897
023_S_1046,023_S_1046_m36_2009-11-15,0.0,0.09122226060170734
023_S_4115,023_S_4115_m03_2011-10-12,0.0,0.06046754685916164
023_S_4115,023_S_4115_m06_2012-01-11,0.0,0.056627016444385114
023_S_4115,023_S_4115_m12_2012-07-12,0.0,0.05797487403294166
023_S_4115,023_S_4115_m24_2013-07-12,0.0,0.056674174202135934
023_S_4115,023_S_4115_m48_2015-07-13,0.0,0.06628618948181844
023_S_4115,023_S_4115_m78_2018-01-11,0.0,0.061952540525134756
023_S_4122,023_S_4122_m03_2011-11-07,0.0,0.06535544193617734
023_S_4122,023_S_4122_m06_2012-02-06,0.0,0.06050890404918832
023_S_4122,023_S_4122_m12_2012-08-07,0.0,0.05731568255034403
023_S_4122,023_S_4122_m36_2014-08-07,0.0,0.05522173602743788
023_S_6334,023_S_6334_sc_2018-04-25,0.0,0.05145204999043271
023_S_6334,023_S_6334_m12_2019-04-25,0.0,0.04931040497115598
023_S_6334,023_S_6334_m36_2021-04-24,0.0,0.056606952800231716
023_S_6334,023_S_6334_m48_2022-04-25,0.0,0.05500471666939911
023_S_6334,023_S_6334_m72_2024-04-24,0.0,0.055717075074665334
024_S_2239,024_S_2239_m03_2011-05-19,0.0,0.05490230017588145
024_S_2239,024_S_2239_m06_2011-08-18,0.0,0.06739331076184749
024_S_2239,024_S_2239_m12_2012-02-17,0.0,0.0701514369971486
024_S_2239,024_S_2239_m24_2013-02-16,0.0,0.06696330470511935
024_S_2239,024_S_2239_m36_2014-02-16,0.0,0.06903952302019366
024_S_2239,024_S_2239_m48_2015-02-17,0.0,0.060489397985741586
024_S_2239,024_S_2239_m90_2018-08-18,0.0,0.06588926857275255
024_S_2239,024_S_2239_m102_2019-08-18,0.0,0.07998018509094386
024_S_2239,024_S_2239_m120_2021-02-16,0.0,0.07239074147384886
024_S_2239,024_S_2239_m132_2022-02-17,0.0,0.08685585953814112
024_S_4169,024_S_4169_m03_2011-11-07,0.0,0.0484383960441119
024_S_4169,024_S_4169_m06_2012-02-06,0.0,0.04941022912235403
024_S_4169,024_S_4169_m12_2012-08-07,0.0,0.049646650366554634
024_S_4169,024_S_4169_m24_2013-08-07,0.0,0.05205474365919627
024_S_4169,024_S_4169_m48_2015-08-08,0.0,0.05313857476156589
024_S_4169,024_S_4169_m72_2017-08-07,0.0,0.052559404254544084
024_S_4392,024_S_4392_m03_2012-03-01,0.0,0.0612347986281529
024_S_4392,024_S_4392_m06_2012-05-31,0.0,0.06772897901363464
024_S_4392,024_S_4392_m12_2012-11-30,0.0,0.05781572931475833
024_S_4392,024_S_4392_m24_2013-11-30,0.0,0.05891802391373932
024_S_4674,024_S_4674_m03_2012-07-13,0.0,0.05833973980010494
024_S_4674,024_S_4674_m06_2012-10-12,0.0,0.05258949153390763
024_S_4674,024_S_4674_m12_2013-04-13,0.0,0.053393802525151024
024_S_4674,024_S_4674_m24_2014-04-13,0.0,0.047727410326040276
024_S_4674,024_S_4674_m48_2016-04-13,0.0,0.051949455198468455
024_S_4674,024_S_4674_m60_2017-04-13,0.0,0.05413466460927396
024_S_4674,024_S_4674_m72_2018-04-13,0.0,0.057579024850218465
024_S_4674,024_S_4674_m84_2019-04-13,0.0,0.04268896656188312
024_S_4674,024_S_4674_m108_2021-04-13,0.0,0.05007826586292461
024_S_4674,024_S_4674_m120_2022-04-13,0.0,0.05276443711967556
024_S_6033,024_S_6033_sc_2017-06-19,0.0,0.075574589871096
024_S_6033,024_S_6033_m12_2018-06-19,0.0,0.0722929694149802
024_S_6033,024_S_6033_m24_2019-06-19,0.0,0.08544511201146597
024_S_6033,024_S_6033_m42_2020-12-18,0.0,0.07856569655250263
027_S_0116,027_S_0116_sc_2006-02-15,0.0,0.10781337792904591
027_S_0116,027_S_0116_m06_2006-08-16,0.0,0.13368084659412527
027_S_0116,027_S_0116_m12_2007-02-15,0.0,0.12356232114890671
027_S_0116,027_S_0116_m18_2007-08-16,0.0,0.1384114595726055
027_S_0116,027_S_0116_m24_2008-02-15,0.0,0.11249186603760589
027_S_0116,027_S_0116_m36_2009-02-14,0.0,0.11011841999501701
027_S_0116,027_S_0116_m48_2010-02-15,0.0,0.11082347264024375
027_S_0307,027_S_0307_m06_2006-10-27,0.0,0.1309979569284106
027_S_0307,027_S_0307_m12_2007-04-28,0.0,0.10174475117030152
027_S_0307,027_S_0307_m24_2008-04-27,0.0,0.12932057292994104
027_S_0307,027_S_0307_m36_2009-04-27,0.0,0.12399817193224637
027_S_0307,027_S_0307_m48_2010-04-28,0.0,0.15107429873070793
027_S_0408,027_S_0408_m06_2006-11-17,0.0,0.13385980688518745
027_S_0408,027_S_0408_m12_2007-05-19,0.0,0.08638243718659172
027_S_0408,027_S_0408_m24_2008-05-18,0.0,0.13758879456173378
027_S_0408,027_S_0408_m36_2009-05-18,0.0,0.1446387441895794
027_S_0644,027_S_0644_sc_2006-07-05,0.0,0.13037841345330414
027_S_0644,027_S_0644_m06_2007-01-03,0.0,0.11289621152459982
027_S_0644,027_S_0644_m24_2008-07-04,0.0,0.09023651737978888
027_S_0644,027_S_0644_m36_2009-07-04,0.0,0.10931827852750031
027_S_0644,027_S_0644_m48_2010-07-05,0.0,0.1314247739544097
027_S_0835,027_S_0835_bl_2006-09-15,0.0,0.06911241241456875
027_S_0835,027_S_0835_sc_2006-09-15,0.0,0.14560129324889087
027_S_0835,027_S_0835_m06_2007-03-16,0.0,0.14183582143546275
027_S_0835,027_S_0835_m18_2008-03-15,0.0,0.1490661731110099
027_S_1045,027_S_1045_sc_2006-11-17,0.0,0.13031006438853426
027_S_1045,027_S_1045_m06_2007-05-18,0.0,0.12820382527075985
027_S_1045,027_S_1045_m18_2008-05-17,0.0,0.1307721189833032
027_S_1045,027_S_1045_m24_2008-11-16,0.0,0.1461187400129152
027_S_1045,027_S_1045_m36_2009-11-16,0.0,0.14383734976482507
027_S_1277,027_S_1277_bl_2007-02-21,0.0,0.06084848489467343
027_S_1277,027_S_1277_sc_2007-02-21,0.0,0.11716909746400375
027_S_1277,027_S_1277_m06_2007-08-22,0.0,0.06477762362974257
027_S_1277,027_S_1277_m12_2008-02-21,0.0,0.14303876865378357
027_S_1387,027_S_1387_bl_2007-03-12,0.0,0.04608806772124395
027_S_1387,027_S_1387_sc_2007-03-12,0.0,0.10221490192229674
027_S_1387,027_S_1387_m06_2007-09-10,0.0,0.05428255114803701
027_S_1387,027_S_1387_m12_2008-03-11,0.0,0.05556907396206216
027_S_2183,027_S_2183_m03_2011-03-04,0.0,0.05812990725361927
027_S_2183,027_S_2183_m06_2011-06-03,0.0,0.042205126515314634
027_S_2183,027_S_2183_m12_2011-12-03,0.0,0.046613330842109925
027_S_2183,027_S_2183_m24_2012-12-02,0.0,0.0790959574032877
027_S_2183,027_S_2183_m36_2013-12-02,0.0,0.06641508105582525
027_S_2183,027_S_2183_m48_2014-12-03,0.0,0.08937356303922024
027_S_2183,027_S_2183_m60_2015-12-03,0.0,0.07855310478312981
027_S_2219,027_S_2219_m03_2011-03-21,0.0,0.09139837861110146
027_S_2219,027_S_2219_m06_2011-06-20,0.0,0.07737731979995438
027_S_2219,027_S_2219_m12_2011-12-20,0.0,0.0855811346935525
027_S_2219,027_S_2219_m24_2012-12-19,0.0,0.08183101632793072
027_S_2219,027_S_2219_m36_2013-12-19,0.0,0.07686199463365023
027_S_2219,027_S_2219_m48_2014-12-20,0.0,0.07889563259085619
027_S_2219,027_S_2219_m72_2016-12-19,0.0,0.042244478446988254
027_S_2219,027_S_2219_m84_2017-12-19,0.0,0.05041569110359903
027_S_2219,027_S_2219_m96_2018-12-20,0.0,0.05810829044996996
027_S_2219,027_S_2219_m108_2019-12-20,0.0,0.054201250028494366
027_S_4873,027_S_4873_m03_2012-10-18,0.0,0.07288428219175745
027_S_4873,027_S_4873_m06_2013-01-17,0.0,0.07039216288366161
027_S_4873,027_S_4873_m12_2013-07-19,0.0,0.0704879815703481
027_S_4873,027_S_4873_m24_2014-07-19,0.0,0.055802887387119235
027_S_4919,027_S_4919_m03_2012-11-22,0.0,0.08639859903650024
027_S_4919,027_S_4919_m06_2013-02-21,0.0,0.07776526492127175
027_S_4919,027_S_4919_m12_2013-08-23,0.0,0.07544952937847431
027_S_4919,027_S_4919_m24_2014-08-23,0.0,0.08353724585456418
027_S_4919,027_S_4919_m36_2015-08-23,0.0,0.08608582681851948
027_S_4919,027_S_4919_m48_2016-08-23,0.9714217098943324,3.5435216921008854e-06
027_S_4919,027_S_4919_m60_2017-08-23,0.9800378959728857,2.2653755493620472e-07
027_S_4919,027_S_4919_m78_2019-02-22,0.9795308371807531,2.14473091941745e-07
027_S_4919,027_S_4919_m90_2020-02-22,0.9801980198019802,5.447527821369576e-06
027_S_4919,027_S_4919_m102_2021-02-21,0.979797710229244,8.272087402577555e-07
027_S_4919,027_S_4919_m114_2022-02-22,0.0,0.02745468825520596
027_S_4926,027_S_4926_m03_2012-11-27,0.0,0.09807478135725811
027_S_4926,027_S_4926_m06_2013-02-26,0.0,0.08666066082020646
027_S_4926,027_S_4926_m12_2013-08-28,0.0,0.09943768172783948
027_S_4926,027_S_4926_m24_2014-08-28,0.0,0.08891939645388937
027_S_4926,027_S_4926_m36_2015-08-28,0.0,0.05722639503428816
029_S_0914,029_S_0914_sc_2007-01-03,0.0,0.11728195449996054
029_S_0914,029_S_0914_m06_2007-07-04,0.0,0.13239773969147103
029_S_0914,029_S_0914_m18_2008-07-03,0.0,0.11172073165248303
029_S_0914,029_S_0914_m24_2009-01-02,0.0,0.10024792130632423
029_S_0914,029_S_0914_m36_2010-01-02,0.0,0.10619711019387135
029_S_1073,029_S_1073_sc_2006-12-07,0.0,0.1587438959523068
029_S_1073,029_S_1073_m12_2007-12-07,0.0,0.16026282021377664
029_S_1073,029_S_1073_m18_2008-06-06,0.0,0.1584894244747469
029_S_1073,029_S_1073_m24_2008-12-06,0.0,0.1509033655580299
029_S_1218,029_S_1218_sc_2007-02-08,0.0,0.14749471883362603
029_S_1218,029_S_1218_m18_2008-08-08,0.0,0.1393386696684688
029_S_1218,029_S_1218_m24_2009-02-07,0.0,0.13755203693758306
029_S_1218,029_S_1218_m36_2010-02-07,0.0,0.14081307319939929
029_S_1318,029_S_1318_sc_2007-04-05,0.0,0.10318997298112174
029_S_1318,029_S_1318_m12_2008-04-04,0.0,0.10790154004923072
029_S_1318,029_S_1318_m18_2008-10-03,0.0,0.11660028563554428
029_S_1318,029_S_1318_m24_2009-04-04,0.0,0.11127935900138247
029_S_1318,029_S_1318_m36_2010-04-04,0.0,0.10797966560622087
029_S_2376,029_S_2376_m03_2011-10-18,0.0,0.08921039116312535
029_S_2376,029_S_2376_m06_2012-01-17,0.0,0.08522569142247774
029_S_2376,029_S_2376_m12_2012-07-18,0.0,0.07697480219218558
029_S_2376,029_S_2376_m24_2013-07-18,0.0,0.07374205623936825
029_S_2395,029_S_2395_m03_2011-12-01,0.0,0.07799655265697089
029_S_2395,029_S_2395_m06_2012-03-01,0.0,0.08943162704052182
029_S_2395,029_S_2395_m12_2012-08-31,0.0,0.08517331686080142
029_S_2395,029_S_2395_m24_2013-08-31,0.0,0.09120799477614701
029_S_2395,029_S_2395_m60_2016-08-31,0.0,0.13031755724734334
029_S_2395,029_S_2395_m78_2018-03-02,0.0,0.05708097579938981
029_S_2395,029_S_2395_m90_2019-03-02,0.0,0.053854423732053014
029_S_2395,029_S_2395_m102_2020-03-01,0.0,0.043521251538685655
031_S_0351,031_S_0351_m06_2006-11-08,0.0,0.07479099603838421
031_S_0351,031_S_0351_m12_2007-05-10,0.0,0.06226000786973909
031_S_0351,031_S_0351_m24_2008-05-09,0.0,0.06175647904006761
031_S_0351,031_S_0351_m36_2009-05-09,0.0,0.06706945239161197
031_S_0830,031_S_0830_bl_2006-09-21,0.0,0.07565400594072533
031_S_0830,031_S_0830_sc_2006-09-21,0.0,0.051186001006780314
031_S_0830,031_S_0830_m06_2007-03-22,0.0,0.04608539768664719
031_S_0830,031_S_0830_m18_2008-03-21,0.0,0.04714703271095215
031_S_0830,031_S_0830_m24_2008-09-20,0.0,0.06308308112840658
031_S_0830,031_S_0830_m36_2009-09-20,0.0,0.06326211375086357
031_S_0867,031_S_0867_sc_2006-10-03,0.0,0.04716350536244153
031_S_0867,031_S_0867_m06_2007-04-03,0.0,0.0517641212522009
031_S_0867,031_S_0867_m18_2008-04-02,0.0,0.05491921863863124
031_S_0867,031_S_0867_m24_2008-10-02,0.0,0.08585251713198083
031_S_0867,031_S_0867_m36_2009-10-02,0.0,0.07020856646810383
031_S_2022,031_S_2022_m03_2010-11-29,0.0,0.09479789812813028
031_S_2022,031_S_2022_m06_2011-02-28,0.0,0.0888737460315288
031_S_2022,031_S_2022_m12_2011-08-30,0.0,0.09611975974672768
031_S_2022,031_S_2022_m24_2012-08-29,0.0,0.09769248755244914
031_S_2022,031_S_2022_m36_2013-08-29,0.0,0.09279566974226877
031_S_4029,031_S_4029_m03_2011-07-18,0.0,0.07726432220021151
031_S_4029,031_S_4029_m06_2011-10-17,0.0,0.08584967403151997
031_S_4029,031_S_4029_m12_2012-04-17,0.0,0.08716915743662937
031_S_4029,031_S_4029_m24_2013-04-17,0.0,0.08714600585621748
031_S_4149,031_S_4149_m03_2011-10-28,0.0,0.10523614714592555
031_S_4149,031_S_4149_m06_2012-01-27,0.0,0.09949643561724288
031_S_4149,031_S_4149_m12_2012-07-28,0.0,0.08433096523646637
031_S_4149,031_S_4149_m24_2013-07-28,0.0,0.08805245722413421
031_S_4194,031_S_4194_m03_2011-11-16,0.0,0.08282916466782453
031_S_4194,031_S_4194_m06_2012-02-15,0.0,0.08586049679476716
031_S_4194,031_S_4194_m12_2012-08-16,0.0,0.08839895496712011
031_S_4194,031_S_4194_m24_2013-08-16,0.0,0.08693656393643409
031_S_4476,031_S_4476_m03_2012-04-19,0.0,0.10148758466257007
031_S_4476,031_S_4476_m06_2012-07-19,0.0,0.08701381724433113
031_S_4476,031_S_4476_m12_2013-01-18,0.0,0.10538764869044742
031_S_4476,031_S_4476_m24_2014-01-18,0.0,0.09586504712107612
032_S_0187,032_S_0187_bl_2006-03-02,0.0,0.1044921512116566
032_S_0187,032_S_0187_sc_2006-03-02,0.0,0.11579945002189475
032_S_0187,032_S_0187_m06_2006-08-31,0.0,0.060155829430338426
032_S_0187,032_S_0187_m12_2007-03-02,0.0,0.07000854618080724
032_S_0187,032_S_0187_m18_2007-08-31,0.0,0.0589243786730175
032_S_0718,032_S_0718_sc_2006-08-31,0.0,0.05044568671678132
032_S_0718,032_S_0718_m06_2007-03-01,0.0,0.049978303171764236
032_S_0718,032_S_0718_m12_2007-08-31,0.0,0.05833957412553528
032_S_0718,032_S_0718_m24_2008-08-30,0.0,0.07575952466131869
032_S_0718,032_S_0718_m36_2009-08-30,0.0,0.07623408729654442
032_S_2119,032_S_2119_m03_2011-01-27,0.0,0.0601531387744538
032_S_2119,032_S_2119_m06_2011-04-28,0.0,0.059500871263237956
032_S_2119,032_S_2119_m12_2011-10-28,0.0,0.06290100782028202
032_S_2119,032_S_2119_m24_2012-10-27,0.0,0.049959810513135916
032_S_2119,032_S_2119_m36_2013-10-27,0.0,0.0590018081547223
032_S_2119,032_S_2119_m60_2015-10-28,0.0,0.05691682699944467
032_S_2119,032_S_2119_m78_2017-04-28,0.0,0.058737262929035416
032_S_2247,032_S_2247_m03_2011-06-15,0.0,0.06364575046208851
032_S_2247,032_S_2247_m06_2011-09-14,0.0,0.0713639450738211
032_S_2247,032_S_2247_m12_2012-03-15,0.0,0.06494814640305348
032_S_2247,032_S_2247_m24_2013-03-15,0.0,0.05671775293580478
032_S_2247,032_S_2247_m60_2016-03-15,0.0,0.06750898688032983
033_S_0513,033_S_0513_m06_2006-12-04,0.0,0.10909814812764387
033_S_0513,033_S_0513_m12_2007-06-05,0.0,0.1250521113209181
033_S_0513,033_S_0513_m18_2007-12-04,0.0,0.08341036286949785
033_S_0513,033_S_0513_m24_2008-06-04,0.0,0.08480060929937906
033_S_0514,033_S_0514_m06_2006-12-08,0.0,0.12125568459437405
033_S_0514,033_S_0514_m12_2007-06-09,0.0,0.11567906594108383
033_S_0514,033_S_0514_m18_2007-12-08,0.0,0.12085183962620552
033_S_0514,033_S_0514_m24_2008-06-08,0.0,0.12283065943448732
033_S_1116,033_S_1116_bl_2006-12-04,0.0,0.1498800617391124
033_S_1116,033_S_1116_sc_2006-12-04,0.0,0.121214780275225
033_S_1116,033_S_1116_m06_2007-06-04,0.0,0.1443065357048946
033_S_1116,033_S_1116_m12_2007-12-04,0.0,0.1262468316668521
033_S_1116,033_S_1116_m18_2008-06-03,0.0,0.14693487566241625
033_S_1309,033_S_1309_bl_2007-02-28,0.0,0.1394933862562626
033_S_1309,033_S_1309_sc_2007-02-28,0.0,0.16546747874627638
033_S_1309,033_S_1309_m12_2008-02-28,0.0,0.14947178259612098
033_S_1309,033_S_1309_m18_2008-08-28,0.0,0.1709369463175321
033_S_1309,033_S_1309_m24_2009-02-27,0.0,0.1730232335885455
035_S_0033,035_S_0033_sc_2005-12-09,0.0,0.09148514496974165
035_S_0033,035_S_0033_m12_2006-12-09,0.0,0.09635880413080988
035_S_0033,035_S_0033_m24_2007-12-09,0.0,0.128570743520659
035_S_0033,035_S_0033_m36_2008-12-08,0.0,0.09752855836262181
035_S_0292,035_S_0292_sc_2006-04-12,0.0,0.0718772342144828
035_S_0292,035_S_0292_m06_2006-10-11,0.0,0.08103786711524555
035_S_0292,035_S_0292_m12_2007-04-12,0.0,0.07851743150641988
035_S_0292,035_S_0292_m24_2008-04-11,0.0,0.08336372594697955
035_S_0292,035_S_0292_m36_2009-04-11,0.0,0.08594008940346162
035_S_2061,035_S_2061_m03_2011-01-27,0.0,0.06360033620764624
035_S_2061,035_S_2061_m06_2011-04-28,0.0,0.06528972135887112
035_S_2061,035_S_2061_m12_2011-10-28,0.0,0.06277559789145921
035_S_2061,035_S_2061_m24_2012-10-27,0.0,0.05963719199175187
035_S_2061,035_S_2061_m36_2013-10-27,0.0,0.06758033260186098
035_S_2061,035_S_2061_m48_2014-10-28,0.0,0.06475521092452652
035_S_2061,035_S_2061_m60_2015-10-28,0.0,0.08422318192434944
035_S_2061,035_S_2061_m72_2016-10-27,0.0,0.07154479678964903
035_S_4582,035_S_4582_m06_2012-09-07,0.0,0.07305744280834797
035_S_4582,035_S_4582_m12_2013-03-09,0.0,0.07382790355987791
035_S_4582,035_S_4582_m24_2014-03-09,0.0,0.07836132367932347
035_S_4582,035_S_4582_m36_2015-03-09,0.0,0.0890456398613317
035_S_6480,035_S_6480_sc_2018-06-27,0.0,0.06984058464048452
035_S_6480,035_S_6480_m12_2019-06-27,0.0,0.06786619229837323
035_S_6480,035_S_6480_m24_2020-06-26,0.0,0.07969887283478302
035_S_6480,035_S_6480_m36_2021-06-26,0.0,0.08246318624977315
035_S_6480,035_S_6480_m60_2023-06-27,0.0,0.08002659855884664
036_S_0656,036_S_0656_sc_2006-07-27,0.0,0.056753494961425704
036_S_0656,036_S_0656_m06_2007-01-25,0.0,0.0655265247602362
036_S_0656,036_S_0656_m12_2007-07-27,0.0,0.06144627229196052
036_S_0656,036_S_0656_m24_2008-07-26,0.0,0.0725714178126019
036_S_0673,036_S_0673_sc_2006-08-01,0.0,0.06127962400274969
036_S_0673,036_S_0673_m06_2007-01-30,0.0,0.06013509990032481
036_S_0673,036_S_0673_m12_2007-08-01,0.0,0.06403312290202237
036_S_0673,036_S_0673_m18_2008-01-30,0.0,0.07762440987372442
036_S_0673,036_S_0673_m24_2008-07-31,0.0,0.06419512635686525
036_S_0673,036_S_0673_m36_2009-07-31,0.0,0.06282729585872607
036_S_0869,036_S_0869_sc_2006-11-13,0.0,0.05041017809676308
036_S_0869,036_S_0869_m06_2007-05-14,0.0,0.053865790124064616
036_S_0869,036_S_0869_m12_2007-11-13,0.0,0.05771477581544755
036_S_0869,036_S_0869_m18_2008-05-13,0.0,0.06600138367888794
036_S_0945,036_S_0945_sc_2006-11-08,0.0,0.06881378472311266
036_S_0945,036_S_0945_m18_2008-05-08,0.0,0.07793642952230251
036_S_0945,036_S_0945_m24_2008-11-07,0.0,0.06256595003679288
036_S_0945,036_S_0945_m36_2009-11-07,0.0,0.06422902617874361
036_S_0976,036_S_0976_sc_2007-01-09,0.0,0.054249661267796595
036_S_0976,036_S_0976_m06_2007-07-10,0.0,0.061327455467395216
036_S_0976,036_S_0976_m18_2008-07-09,0.0,0.06802560954221037
036_S_0976,036_S_0976_m24_2009-01-08,0.0,0.06490244946052295
036_S_1135,036_S_1135_sc_2007-01-15,0.0,0.08335053468895053
036_S_1135,036_S_1135_m06_2007-07-16,0.0,0.07353797722904806
036_S_1135,036_S_1135_m12_2008-01-15,0.0,0.06298216785167055
036_S_1135,036_S_1135_m18_2008-07-15,0.0,0.06753944874742149
036_S_1240,036_S_1240_sc_2007-02-26,0.0,0.04985854223966033
036_S_1240,036_S_1240_m06_2007-08-27,0.0,0.04937709265434018
036_S_1240,036_S_1240_m12_2008-02-26,0.0,0.0643897714486967
036_S_1240,036_S_1240_m18_2008-08-26,0.0,0.05327342651853623
036_S_2380,036_S_2380_m03_2011-11-10,0.0,0.055022606331189536
036_S_2380,036_S_2380_m06_2012-02-09,0.0,0.05308297384203878
036_S_2380,036_S_2380_m12_2012-08-10,0.0,0.05125097086073177
036_S_2380,036_S_2380_m24_2013-08-10,0.0,0.05850924865621378
036_S_2380,036_S_2380_m48_2015-08-11,0.0,0.055059075654237
036_S_2380,036_S_2380_m72_2017-08-10,0.0,0.05135156185468852
036_S_2380,036_S_2380_m84_2018-08-10,0.0,0.058140482251680725
036_S_2380,036_S_2380_m96_2019-08-11,0.0,0.04057812427638334
036_S_4538,036_S_4538_m06_2012-08-08,0.0,0.07902601067614176
036_S_4538,036_S_4538_m12_2013-02-07,0.0,0.08392404462062598
036_S_4538,036_S_4538_m24_2014-02-07,0.0,0.0752074440891047
036_S_4538,036_S_4538_m48_2016-02-08,0.0,0.08472887798813947
036_S_4538,036_S_4538_m66_2017-08-09,0.0,0.06529945437270103
036_S_4714,036_S_4714_m03_2012-07-30,0.0,0.08044287393830715
036_S_4714,036_S_4714_m06_2012-10-29,0.0,0.06675510699167259
036_S_4714,036_S_4714_m12_2013-04-30,0.0,0.07573705338523494
036_S_4714,036_S_4714_m24_2014-04-30,0.0,0.06010951757485377
036_S_4736,036_S_4736_m03_2012-08-13,0.0,0.09188602226242851
036_S_4736,036_S_4736_m06_2012-11-12,0.0,0.10258590449367552
036_S_4736,036_S_4736_m12_2013-05-14,0.0,0.07711537135996677
036_S_4736,036_S_4736_m24_2014-05-14,0.0,0.08487639047386636
037_S_0150,037_S_0150_sc_2006-03-10,0.0,0.05067346860201384
037_S_0150,037_S_0150_m06_2006-09-08,0.0,0.05968790777914759
037_S_0150,037_S_0150_m12_2007-03-10,0.0,0.05326999647883705
037_S_0150,037_S_0150_m18_2007-09-08,0.0,0.052397371995215616
037_S_0150,037_S_0150_m24_2008-03-09,0.0,0.055820440705061244
037_S_0150,037_S_0150_m36_2009-03-09,0.0,0.05022674786129229
037_S_0150,037_S_0150_m96_2014-03-10,0.0,0.0717214588184703
037_S_0150,037_S_0150_m120_2016-03-09,0.0,0.0628997652084429
037_S_0377,037_S_0377_m18_2007-12-17,0.0,0.05734412310224704
037_S_0377,037_S_0377_m24_2008-06-17,0.0,0.05256703404882235
037_S_0377,037_S_0377_m36_2009-06-17,0.0,0.05374634931762348
037_S_0377,037_S_0377_m96_2014-06-18,0.0,0.09375496329796398
037_S_0377,037_S_0377_m120_2016-06-17,0.0,0.08398922169751155
037_S_0377,037_S_0377_m132_2017-06-18,0.0,0.07450482971455455
037_S_0377,037_S_0377_m144_2018-06-18,0.0,0.0759605198303779
037_S_0377,037_S_0377_m156_2019-06-18,0.0,0.0944598073531216
037_S_0501,037_S_0501_m06_2006-12-22,0.0,0.06586683989858268
037_S_0501,037_S_0501_m12_2007-06-23,0.0,0.06868802261767842
037_S_0501,037_S_0501_m24_2008-06-22,0.0,0.11529478058905741
037_S_0501,037_S_0501_m36_2009-06-22,0.0,0.053453127599526626
037_S_0501,037_S_0501_m84_2013-06-22,0.0,0.04911243435732759
037_S_0566,037_S_0566_m06_2007-02-12,0.0,0.04833715932518577
037_S_0566,037_S_0566_m12_2007-08-14,0.0,0.07895103041888873
037_S_0566,037_S_0566_m18_2008-02-12,0.0,0.05247222972984361
037_S_0566,037_S_0566_m24_2008-08-13,0.0,0.06702357127767544
037_S_0588,037_S_0588_sc_2007-01-23,0.0,0.06200401345932045
037_S_0588,037_S_0588_m06_2007-07-24,0.0,0.057320376498632405
037_S_0588,037_S_0588_m18_2008-07-23,0.0,0.05073788041619857
037_S_0588,037_S_0588_m24_2009-01-22,0.0,0.061623132762010244
037_S_1078,037_S_1078_sc_2007-01-08,0.0,0.06759177018638599
037_S_1078,037_S_1078_m18_2008-07-08,0.0,0.051743436850513594
037_S_1078,037_S_1078_m24_2009-01-07,0.0,0.047452985341547474
037_S_1078,037_S_1078_m36_2010-01-07,0.0,0.051757104534553525
037_S_1225,037_S_1225_bl_2007-02-12,0.0,0.065139155862076
037_S_1225,037_S_1225_sc_2007-02-12,0.0,0.06997040197759827
037_S_1225,037_S_1225_m06_2007-08-13,0.0,0.0544043049606113
037_S_1225,037_S_1225_m12_2008-02-12,0.0,0.04738931034268501
037_S_1421,037_S_1421_m06_2008-03-14,0.0,0.044183438881442716
037_S_1421,037_S_1421_m12_2008-09-13,0.0,0.0452687189242494
037_S_1421,037_S_1421_m18_2009-03-14,0.0,0.048505910463212176
037_S_1421,037_S_1421_m36_2010-09-13,0.0,0.04575368659896185
037_S_4030,037_S_4030_m03_2011-07-25,0.0,0.07207404889269681
037_S_4030,037_S_4030_m06_2011-10-24,0.0,0.0777900181226186
037_S_4030,037_S_4030_m12_2012-04-24,0.0,0.07792842121085994
037_S_4030,037_S_4030_m24_2013-04-24,0.0,0.08555047435335783
037_S_4146,037_S_4146_m03_2011-11-30,0.0,0.055939070772274134
037_S_4146,037_S_4146_m06_2012-02-29,0.0,0.05935898121984537
037_S_4146,037_S_4146_m12_2012-08-30,0.0,0.0683749191239565
037_S_4146,037_S_4146_m24_2013-08-30,0.0,0.06503450484607912
037_S_4146,037_S_4146_m48_2015-08-31,0.0,0.0697593798487807
037_S_4214,037_S_4214_m03_2011-11-23,0.0,0.060171111585881204
037_S_4214,037_S_4214_m06_2012-02-22,0.0,0.06794937595181516
037_S_4214,037_S_4214_m12_2012-08-23,0.0,0.07085214016650918
037_S_4214,037_S_4214_m24_2013-08-23,0.0,0.06961219831589202
037_S_4214,037_S_4214_m48_2015-08-24,0.0,0.06503887425245672
037_S_4214,037_S_4214_m66_2017-02-22,0.0,0.0799823183930341
037_S_4214,037_S_4214_m84_2018-08-23,0.0,0.06708825843772948
037_S_4214,037_S_4214_m90_2019-02-22,0.0,0.06542058917936301
037_S_4214,037_S_4214_m114_2021-02-22,0.0,0.06578374040210117
037_S_4302,037_S_4302_m03_2012-01-13,0.0,0.06234690981454378
037_S_4302,037_S_4302_m06_2012-04-13,0.0,0.06975051385353374
037_S_4302,037_S_4302_m12_2012-10-13,0.0,0.06811206122948107
037_S_4302,037_S_4302_m24_2013-10-13,0.0,0.08243140445356864
037_S_4302,037_S_4302_m48_2015-10-14,0.0,0.09559444324724242
037_S_4302,037_S_4302_m60_2016-10-13,0.0,0.10098701069889943
037_S_4381,037_S_4381_m03_2012-04-09,0.0,0.06735550408891704
037_S_4381,037_S_4381_m06_2012-07-09,0.0,0.05494899889325114
037_S_4381,037_S_4381_m12_2013-01-08,0.0,0.060280083499288734
037_S_4381,037_S_4381_m24_2014-01-08,0.0,0.05977376833209035
037_S_4381,037_S_4381_m48_2016-01-09,0.0,0.07205528020775853
037_S_4750,037_S_4750_m03_2012-09-03,0.0,0.08016571889065977
037_S_4750,037_S_4750_m06_2012-12-03,0.0,0.07722687660804174
037_S_4750,037_S_4750_m12_2013-06-04,0.0,0.07864216407275301
037_S_4750,037_S_4750_m24_2014-06-04,0.0,0.08714126403943577
041_S_0314,041_S_0314_sc_2006-05-08,0.0,0.06505424502310775
041_S_0314,041_S_0314_m06_2006-11-06,0.0,0.09196019332570633
041_S_0314,041_S_0314_m12_2007-05-08,0.0,0.07978080490391345
041_S_0314,041_S_0314_m18_2007-11-06,0.0,0.11646331291994834
041_S_0314,041_S_0314_m24_2008-05-07,0.0,0.08549870250437619
041_S_0679,041_S_0679_sc_2006-08-04,0.0,0.07669027618680228
041_S_0679,041_S_0679_m06_2007-02-02,0.0,0.083283756728908
041_S_0679,041_S_0679_m12_2007-08-04,0.0,0.07498307046269287
041_S_0679,041_S_0679_m24_2008-08-03,0.0,0.0825717326651268
041_S_0679,041_S_0679_m48_2010-08-04,0.0,0.0696380668813619
041_S_0679,041_S_0679_m132_2017-08-04,0.0,0.08032206093323375
041_S_0679,041_S_0679_m144_2018-08-04,0.0,0.08162049263174415
041_S_0679,041_S_0679_m150_2019-02-03,0.0,0.0618920752554184
041_S_0679,041_S_0679_m186_2022-02-02,0.0,0.08440295798915617
041_S_1010,041_S_1010_sc_2007-02-07,0.0,0.06672322738177486
041_S_1010,041_S_1010_m06_2007-08-08,0.0,0.059411216641748255
041_S_1010,041_S_1010_m12_2008-02-07,0.0,0.06935388369185116
041_S_1010,041_S_1010_m18_2008-08-07,0.0,0.06561693714421729
041_S_1260,041_S_1260_sc_2007-03-01,0.0,0.07625680301087678
041_S_1260,041_S_1260_m12_2008-02-29,0.0,0.06964970364371645
041_S_1260,041_S_1260_m18_2008-08-29,0.0,0.07430780179275581
041_S_1260,041_S_1260_m24_2009-02-28,0.0,0.06771095961798457
041_S_1260,041_S_1260_m36_2010-02-28,0.0,0.06843541701004828
041_S_1418,041_S_1418_sc_2007-08-14,0.0,0.06675887612509157
041_S_1418,041_S_1418_m06_2008-02-12,0.0,0.06640526807193593
041_S_1418,041_S_1418_m12_2008-08-13,0.0,0.06636353360578534
041_S_1418,041_S_1418_m18_2009-02-11,0.0,0.07769757677908885
041_S_1418,041_S_1418_m24_2009-08-13,0.0,0.06348987043028459
041_S_1418,041_S_1418_m36_2010-08-13,0.0,0.07227770577563677
041_S_1418,041_S_1418_m96_2015-08-14,0.0,0.09294491920978645
041_S_1418,041_S_1418_m120_2017-08-13,0.0,0.10677282094835662
041_S_1418,041_S_1418_m132_2018-08-14,0.0,0.09809464474940562
041_S_1418,041_S_1418_m144_2019-08-14,0.0,0.10792845800040793
041_S_1425,041_S_1425_sc_2007-08-17,0.0,0.07685220644374938
041_S_1425,041_S_1425_m06_2008-02-15,0.0,0.08229796075487085
041_S_1425,041_S_1425_m12_2008-08-16,0.0,0.07008408819542494
041_S_1425,041_S_1425_m18_2009-02-14,0.0,0.08312286586987827
041_S_1425,041_S_1425_m24_2009-08-16,0.0,0.06836779097541024
041_S_4004,041_S_4004_m03_2011-06-28,0.0,0.07233178277176197
041_S_4004,041_S_4004_m06_2011-09-27,0.0,0.07581411878699097
041_S_4004,041_S_4004_m12_2012-03-28,0.0,0.06933619539425809
041_S_4004,041_S_4004_m24_2013-03-28,0.0,0.07538710239545003
041_S_4004,041_S_4004_m36_2014-03-28,0.0,0.07458989835848318
041_S_4004,041_S_4004_m48_2015-03-29,0.0,0.08330096287895397
041_S_4051,041_S_4051_m03_2011-08-22,0.0,0.055837590143776095
041_S_4051,041_S_4051_m06_2011-11-21,0.0,0.055984043157365646
041_S_4051,041_S_4051_m12_2012-05-22,0.0,0.05720211270202637
041_S_4051,041_S_4051_m24_2013-05-22,0.0,0.06415518318864546
041_S_4051,041_S_4051_m48_2015-05-23,0.0,0.054322666331392114
041_S_4051,041_S_4051_m72_2017-05-22,0.0,0.06032647455342106
041_S_4051,041_S_4051_m96_2019-05-23,0.0,0.06105269400010852
041_S_4138,041_S_4138_m03_2011-10-19,0.0,0.04477610596124278
041_S_4138,041_S_4138_m06_2012-01-18,0.0,0.044279342708669664
041_S_4138,041_S_4138_m12_2012-07-19,0.0,0.038935867116311536
041_S_4138,041_S_4138_m24_2013-07-19,0.0,0.04953742025163424
041_S_4138,041_S_4138_m48_2015-07-20,0.0,0.04925589155131202
041_S_4143,041_S_4143_m03_2011-10-25,0.0,0.08271613566544207
041_S_4143,041_S_4143_m06_2012-01-24,0.0,0.09219748064808442
041_S_4143,041_S_4143_m12_2012-07-25,0.0,0.088167376930812
041_S_4143,041_S_4143_m24_2013-07-25,0.0,0.07587984215219319
041_S_4143,041_S_4143_m48_2015-07-26,0.0,0.06416424045702794
041_S_4271,041_S_4271_m03_2011-12-28,0.0,0.07355019448880454
041_S_4271,041_S_4271_m06_2012-03-28,0.0,0.07171777880162214
041_S_4271,041_S_4271_m12_2012-09-27,0.0,0.07071637980464425
041_S_4271,041_S_4271_m24_2013-09-27,0.0,0.07158931392005197
041_S_4271,041_S_4271_m48_2015-09-28,0.0,0.07507545551681583
041_S_4271,041_S_4271_m72_2017-09-27,0.0,0.09100713381718717
041_S_4271,041_S_4271_m84_2018-09-27,0.0,0.08048941671182783
041_S_4510,041_S_4510_m03_2012-05-07,0.0,0.061508780019518955
041_S_4510,041_S_4510_m06_2012-08-06,0.0,0.06944539737445958
041_S_4510,041_S_4510_m12_2013-02-05,0.0,0.06160195552263249
041_S_4510,041_S_4510_m24_2014-02-05,0.0,0.06609163147270941
041_S_4510,041_S_4510_m48_2016-02-06,0.0,0.07140327043663905
041_S_4510,041_S_4510_m66_2017-08-07,0.0,0.07444258236011175
041_S_4720,041_S_4720_m03_2012-08-02,0.0,0.05823965270714018
041_S_4720,041_S_4720_m06_2012-11-01,0.0,0.06114439470243792
041_S_4720,041_S_4720_m12_2013-05-03,0.0,0.06506708964040424
041_S_4720,041_S_4720_m24_2014-05-03,0.0,0.05592443653635598
041_S_4874,041_S_4874_m03_2012-10-29,0.0,0.07788454479180934
041_S_4874,041_S_4874_m06_2013-01-28,0.0,0.08411875486460613
041_S_4874,041_S_4874_m12_2013-07-30,0.0,0.07555230995141829
041_S_4874,041_S_4874_m24_2014-07-30,0.0,0.07182877956045511
041_S_4874,041_S_4874_m60_2017-07-30,0.0,0.11512955705962871
041_S_4874,041_S_4874_m72_2018-07-30,0.0,0.10254603258204183
041_S_4874,041_S_4874_m84_2019-07-30,0.0,0.11517487677116034
041_S_4874,041_S_4874_m114_2022-01-29,0.0,0.10666929847929711
041_S_4877,041_S_4877_m03_2012-11-22,0.0,0.06525220043920783
041_S_4877,041_S_4877_m06_2013-02-21,0.0,0.0695616477657559
041_S_4877,041_S_4877_m12_2013-08-23,0.0,0.07154225006053044
041_S_4877,041_S_4877_m24_2014-08-23,0.0,0.07344024949184896
041_S_4974,041_S_4974_m03_2013-01-10,0.0,0.06335879445041045
041_S_4974,041_S_4974_m06_2013-04-11,0.0,0.06523747080424439
041_S_4974,041_S_4974_m12_2013-10-11,0.0,0.07118506366161767
041_S_4974,041_S_4974_m24_2014-10-11,0.0,0.06651151408306903
041_S_4989,041_S_4989_m03_2013-01-14,0.0,0.07673283611712096
041_S_4989,041_S_4989_m06_2013-04-15,0.0,0.07151821122115963
041_S_4989,041_S_4989_m12_2013-10-15,0.0,0.08484025436463663
041_S_4989,041_S_4989_m24_2014-10-15,0.0,0.06629981841154003
051_S_1072,051_S_1072_bl_2006-12-20,0.0,0.07310837523533839
051_S_1072,051_S_1072_sc_2006-12-20,0.0,0.08088363301502885
051_S_1072,051_S_1072_m06_2007-06-20,0.0,0.07601844331935248
051_S_1072,051_S_1072_m12_2007-12-20,0.0,0.1211386295753336
051_S_1072,051_S_1072_m18_2008-06-19,0.0,0.07806151603555941
051_S_1072,051_S_1072_m36_2009-12-19,0.0,0.07572737161937126
051_S_1131,051_S_1131_bl_2007-01-18,0.0,0.05595053073938605
051_S_1131,051_S_1131_sc_2007-01-18,0.0,0.06368159606583085
051_S_1131,051_S_1131_m06_2007-07-19,0.0,0.06319453791788776
051_S_1131,051_S_1131_m18_2008-07-18,0.0,0.06343643556012854
051_S_1131,051_S_1131_m24_2009-01-17,0.0,0.05826682363602197
051_S_1131,051_S_1131_m36_2010-01-17,0.0,0.05468395566789813
052_S_0671,052_S_0671_sc_2006-07-05,0.0,0.1737558064718166
052_S_0671,052_S_0671_m06_2007-01-03,0.0,0.1638560103960245
052_S_0671,052_S_0671_m12_2007-07-05,0.0,0.15870802505053588
052_S_0671,052_S_0671_m18_2008-01-03,0.0,0.1717055303121771
052_S_0671,052_S_0671_m24_2008-07-04,0.0,0.18970426985523825
052_S_0671,052_S_0671_m36_2009-07-04,0.0,0.19100677400703395
052_S_0989,052_S_0989_sc_2006-12-01,0.0,0.16034243370910425
052_S_0989,052_S_0989_m06_2007-06-01,0.0,0.16476610908889466
052_S_0989,052_S_0989_m18_2008-05-31,0.0,0.16852731117591108
052_S_0989,052_S_0989_m24_2008-11-30,0.0,0.14377738309378402
052_S_0989,052_S_0989_m36_2009-11-30,0.0,0.1681059576005261
052_S_1346,052_S_1346_sc_2007-03-23,0.0,0.11163828068558032
052_S_1346,052_S_1346_m12_2008-03-22,0.0,0.14464355917144028
052_S_1346,052_S_1346_m18_2008-09-20,0.0,0.13888435269054766
052_S_1346,052_S_1346_m24_2009-03-22,0.0,0.13733966926122587
052_S_1346,052_S_1346_m36_2010-03-22,0.0,0.1274037816051387
052_S_1352,052_S_1352_sc_2007-03-19,0.0,0.12808245611939367
052_S_1352,052_S_1352_m12_2008-03-18,0.0,0.14249582630612548
052_S_1352,052_S_1352_m18_2008-09-16,0.0,0.12564328002776343
052_S_1352,052_S_1352_m24_2009-03-18,0.0,0.12319682855702235
052_S_1352,052_S_1352_m36_2010-03-18,0.0,0.14189934736796905
052_S_1352,052_S_1352_m96_2015-03-19,0.9704838408369139,2.734879160513698e-07
052_S_1352,052_S_1352_m138_2018-09-17,0.0,0.047209272317777565
052_S_2249,052_S_2249_m03_2011-04-06,0.0,0.0784129650529864
052_S_2249,052_S_2249_m06_2011-07-06,0.0,0.06162580305707549
052_S_2249,052_S_2249_m12_2012-01-05,0.0,0.05730715966638394
052_S_2249,052_S_2249_m24_2013-01-04,0.0,0.06236283434562606
052_S_2249,052_S_2249_m48_2015-01-05,0.0,0.07436455245112203
052_S_2249,052_S_2249_m90_2018-07-06,0.0,0.043789990216705696
052_S_4626,052_S_4626_m03_2012-06-19,0.0,0.10116161706455581
052_S_4626,052_S_4626_m06_2012-09-18,0.0,0.09249435975931847
052_S_4626,052_S_4626_m12_2013-03-20,0.0,0.10370256813282847
052_S_4626,052_S_4626_m24_2014-03-20,0.0,0.06811708752999175
052_S_4626,052_S_4626_m36_2015-03-20,0.0,0.08740724842101494
052_S_4807,052_S_4807_m03_2012-09-28,0.0,0.10635354204068684
052_S_4807,052_S_4807_m06_2012-12-28,0.0,0.10693485737936285
052_S_4807,052_S_4807_m12_2013-06-29,0.0,0.08695963763487764
052_S_4807,052_S_4807_m24_2014-06-29,0.0,0.11199082623153359
052_S_4885,052_S_4885_m03_2012-10-24,0.0,0.09822841413273782
052_S_4885,052_S_4885_m06_2013-01-23,0.0,0.10239586175987028
052_S_4885,052_S_4885_m12_2013-07-25,0.0,0.09605414838722906
052_S_4885,052_S_4885_m24_2014-07-25,0.0,0.09715462231326027
052_S_4944,052_S_4944_m03_2013-01-15,0.0,0.08730086801795511
052_S_4944,052_S_4944_m06_2013-04-16,0.0,0.07071465662935462
052_S_4944,052_S_4944_m12_2013-10-16,0.0,0.07303001061993786
052_S_4944,052_S_4944_m24_2014-10-16,0.0,0.08467018604650432
052_S_4944,052_S_4944_m36_2015-10-16,0.0,0.07283031028860384
052_S_4944,052_S_4944_m60_2017-10-16,0.0,0.05300687552388718
052_S_4944,052_S_4944_m78_2019-04-17,0.0,0.039509585928315424
053_S_0389,053_S_0389_m06_2006-11-03,0.0,0.14424455940241782
053_S_0389,053_S_0389_m12_2007-05-05,0.0,0.14587422131480426
053_S_0389,053_S_0389_m24_2008-05-04,0.0,0.144149773255643
053_S_0389,053_S_0389_m36_2009-05-04,0.0,0.14511879735200353
053_S_0621,053_S_0621_sc_2006-06-26,0.0,0.1538945539722607
053_S_0621,053_S_0621_m06_2006-12-25,0.0,0.1371401520138496
053_S_0621,053_S_0621_m12_2007-06-26,0.0,0.13193349840500848
053_S_0621,053_S_0621_m18_2007-12-25,0.0,0.13458691817827934
053_S_0621,053_S_0621_m24_2008-06-25,0.0,0.147759136074426
053_S_0919,053_S_0919_sc_2007-02-15,0.0,0.15413974720515977
053_S_0919,053_S_0919_m06_2007-08-16,0.0,0.14228164155578954
053_S_0919,053_S_0919_m18_2008-08-15,0.0,0.13285424079665775
053_S_0919,053_S_0919_m24_2009-02-14,0.0,0.13194456127443932
053_S_0919,053_S_0919_m36_2010-02-14,0.0,0.15529801764448803
053_S_0919,053_S_0919_m72_2013-02-14,0.0,0.1330945322272014
053_S_0919,053_S_0919_m84_2014-02-14,0.0,0.12301650160300245
053_S_0919,053_S_0919_m108_2016-02-15,0.0,0.11408435218163317
053_S_2357,053_S_2357_m03_2011-08-09,0.0,0.09574721817038717
053_S_2357,053_S_2357_m06_2011-11-08,0.0,0.10562929756261447
053_S_2357,053_S_2357_m12_2012-05-09,0.0,0.10159145433396266
053_S_2357,053_S_2357_m24_2013-05-09,0.0,0.10612648867275604
053_S_2357,053_S_2357_m48_2015-05-10,0.0,0.11413022197803263
053_S_4557,053_S_4557_m03_2012-05-22,0.0,0.10341333871666059
053_S_4557,053_S_4557_m06_2012-08-21,0.0,0.06811026299880957
053_S_4557,053_S_4557_m12_2013-02-20,0.0,0.08248379243163839
053_S_4557,053_S_4557_m24_2014-02-20,0.0,0.11225698133627118
053_S_4813,053_S_4813_m03_2012-09-14,0.0,0.11152305972792584
053_S_4813,053_S_4813_m06_2012-12-14,0.0,0.09460579981843735
053_S_4813,053_S_4813_m12_2013-06-15,0.0,0.09885149295438644
053_S_4813,053_S_4813_m24_2014-06-15,0.0,0.10928820064363723
053_S_4813,053_S_4813_m48_2016-06-15,0.0,0.10443514880378736
053_S_4813,053_S_4813_m72_2018-06-15,0.0,0.09116072403274095
053_S_4813,053_S_4813_m90_2019-12-15,0.0,0.09928751724028723
053_S_4813,053_S_4813_m102_2020-12-14,0.0,0.10114633359356857
053_S_4813,053_S_4813_m114_2021-12-15,0.0,0.10383913564089765
053_S_4813,053_S_4813_m156_2025-06-15,0.0,0.09694349149126033
057_S_1265,057_S_1265_sc_2007-02-13,0.0,0.06878043490861385
057_S_1265,057_S_1265_m12_2008-02-13,0.0,0.06654332026636378
057_S_1265,057_S_1265_m18_2008-08-13,0.0,0.0687180507716969
057_S_1265,057_S_1265_m24_2009-02-12,0.0,0.06927455716547756
057_S_1269,057_S_1269_sc_2007-02-15,0.0,0.08662482784077394
057_S_1269,057_S_1269_m12_2008-02-15,0.0,0.08674189604841864
057_S_1269,057_S_1269_m18_2008-08-15,0.0,0.09049812428428929
057_S_1269,057_S_1269_m24_2009-02-14,0.0,0.07931317145784819
062_S_1182,062_S_1182_sc_2007-02-13,0.0,0.05722195681962381
062_S_1182,062_S_1182_m12_2008-02-13,0.0,0.05823754297466505
062_S_1182,062_S_1182_m18_2008-08-13,0.0,0.05656736597022831
062_S_1182,062_S_1182_m24_2009-02-12,0.0,0.05308522133954461
067_S_0607,067_S_0607_bl_2006-12-05,0.0,0.04738383540293534
067_S_0607,067_S_0607_sc_2006-12-05,0.0,0.04727695619656911
067_S_0607,067_S_0607_m06_2007-06-05,0.0,0.05820041652307904
067_S_0607,067_S_0607_m12_2007-12-05,0.0,0.060333996504590676
067_S_0607,067_S_0607_m18_2008-06-04,0.0,0.05479660426825435
067_S_0607,067_S_0607_m24_2008-12-04,0.0,0.05157063628116509
067_S_2195,067_S_2195_m03_2011-03-17,0.0,0.06444740923918914
067_S_2195,067_S_2195_m06_2011-06-16,0.0,0.06557344897202887
067_S_2195,067_S_2195_m12_2011-12-16,0.0,0.05803014931308212
067_S_2195,067_S_2195_m24_2012-12-15,0.0,0.07171271616286302
067_S_2195,067_S_2195_m36_2013-12-15,0.0,0.06997071755065223
067_S_2196,067_S_2196_m03_2011-03-04,0.0,0.10014240386333235
067_S_2196,067_S_2196_m06_2011-06-03,0.0,0.08357550960084646
067_S_2196,067_S_2196_m12_2011-12-03,0.0,0.07186266370995265
067_S_2196,067_S_2196_m24_2012-12-02,0.0,0.10567912681534386
067_S_2301,067_S_2301_m03_2011-06-01,0.0,0.06275646991624739
067_S_2301,067_S_2301_m06_2011-08-31,0.0,0.06573638176728093
067_S_2301,067_S_2301_m12_2012-03-01,0.0,0.055615461041071665
067_S_2301,067_S_2301_m24_2013-03-01,0.0,0.05753657289350978
067_S_2301,067_S_2301_m36_2014-03-01,0.0,0.060130512688431476
067_S_2301,067_S_2301_m48_2015-03-02,0.0,0.05851008910759744
067_S_2301,067_S_2301_m78_2017-08-31,0.0,0.05311752535055101
067_S_2301,067_S_2301_m102_2019-08-31,0.0,0.07207905128084573
067_S_2304,067_S_2304_m03_2011-06-09,0.0,0.07088330251657116
067_S_2304,067_S_2304_m06_2011-09-08,0.0,0.07697604019934641
067_S_2304,067_S_2304_m12_2012-03-09,0.0,0.07331006590201597
067_S_2304,067_S_2304_m24_2013-03-09,0.0,0.0687061641210959
067_S_2304,067_S_2304_m36_2014-03-09,0.0,0.07264759212482912
067_S_2304,067_S_2304_m48_2015-03-10,0.0,0.08164237966295847
067_S_2304,067_S_2304_m78_2017-09-08,0.0,0.08940162914396499
067_S_2304,067_S_2304_m90_2018-09-08,0.0,0.10335777743121446
067_S_2304,067_S_2304_m102_2019-09-08,0.0,0.09823304323616175
067_S_2304,067_S_2304_m126_2021-09-08,0.0,0.0835280960909667
067_S_4054,067_S_4054_m03_2011-08-18,0.0,0.06317269374951942
067_S_4054,067_S_4054_m06_2011-11-17,0.0,0.05556279319344182
067_S_4054,067_S_4054_m12_2012-05-18,0.0,0.06521902478569508
067_S_4054,067_S_4054_m24_2013-05-18,0.0,0.05730511761796955
067_S_4072,067_S_4072_m03_2011-09-09,0.0,0.08145195493877169
067_S_4072,067_S_4072_m06_2011-12-09,0.0,0.0801957613152602
067_S_4072,067_S_4072_m12_2012-06-09,0.0,0.08306266143203997
067_S_4072,067_S_4072_m24_2013-06-09,0.0,0.08507341653393569
067_S_4072,067_S_4072_m48_2015-06-10,0.0,0.07946510203518557
067_S_4072,067_S_4072_m72_2017-06-09,0.0,0.10446194570987459
067_S_4184,067_S_4184_m03_2011-11-28,0.0,0.07869346476384884
067_S_4184,067_S_4184_m06_2012-02-27,0.0,0.07929015944339164
067_S_4184,067_S_4184_m12_2012-08-28,0.0,0.09171063268320129
067_S_4184,067_S_4184_m24_2013-08-28,0.0,0.08081057743904561
067_S_4184,067_S_4184_m48_2015-08-29,0.0,0.0901282294210474
067_S_4184,067_S_4184_m72_2017-08-28,0.0,0.07753814216583725
067_S_4212,067_S_4212_m03_2011-11-28,0.0,0.054229040964473604
067_S_4212,067_S_4212_m06_2012-02-27,0.0,0.061118729966679226
067_S_4212,067_S_4212_m12_2012-08-28,0.0,0.05449966961716462
067_S_4212,067_S_4212_m24_2013-08-28,0.0,0.06435261418734052
067_S_4212,067_S_4212_m48_2015-08-29,0.0,0.06143030911072876
067_S_4212,067_S_4212_m72_2017-08-28,0.0,0.05955688013742108
067_S_4212,067_S_4212_m120_2021-08-28,0.0,0.05472709789710563
067_S_4767,067_S_4767_m03_2012-08-31,0.0,0.07569636953508412
067_S_4767,067_S_4767_m06_2012-11-30,0.0,0.08004543766685604
067_S_4767,067_S_4767_m12_2013-06-01,0.0,0.06979059350594441
067_S_4767,067_S_4767_m24_2014-06-01,0.0,0.06908765120591295
067_S_4767,067_S_4767_m48_2016-06-01,0.0,0.06168142794266568
067_S_4767,067_S_4767_m60_2017-06-01,0.0,0.0697845777198987
067_S_4767,067_S_4767_m72_2018-06-01,0.0,0.09574527500485273
067_S_4767,067_S_4767_m84_2019-06-01,0.0,0.08641947495200454
067_S_4782,067_S_4782_m03_2012-10-05,0.0,0.05828899564948429
067_S_4782,067_S_4782_m06_2013-01-04,0.0,0.05543470710230018
067_S_4782,067_S_4782_m12_2013-07-06,0.0,0.0611107270216825
067_S_4782,067_S_4782_m24_2014-07-06,0.0,0.06680459526270704
067_S_4782,067_S_4782_m48_2016-07-06,0.0,0.05885307551224046
067_S_4782,067_S_4782_m60_2017-07-06,0.0,0.059701251179602136
067_S_4782,067_S_4782_m72_2018-07-06,0.0,0.06215567303972848
067_S_4782,067_S_4782_m84_2019-07-06,0.0,0.11077788668171845
068_S_0872,068_S_0872_sc_2007-03-16,0.0,0.059494911487310065
068_S_0872,068_S_0872_m12_2008-03-15,0.0,0.06815508838147265
068_S_0872,068_S_0872_m18_2008-09-13,0.0,0.05843617527789288
068_S_0872,068_S_0872_m24_2009-03-15,0.0,0.060999234103400794
068_S_1075,068_S_1075_bl_2007-04-27,0.0,0.08378319113730173
068_S_1075,068_S_1075_sc_2007-04-27,0.0,0.059340259376143636
068_S_1075,068_S_1075_m12_2008-04-26,0.0,0.07120209116410467
068_S_1075,068_S_1075_m18_2008-10-25,0.0,0.06561348828007069
068_S_2168,068_S_2168_m03_2011-07-15,0.0,0.06764285736414771
068_S_2168,068_S_2168_m06_2011-10-14,0.0,0.07317005513693248
068_S_2168,068_S_2168_m12_2012-04-14,0.0,0.06205458329765145
068_S_2168,068_S_2168_m36_2014-04-14,0.0,0.06264551272048699
068_S_2315,068_S_2315_m03_2011-10-14,0.0,0.06596465137775076
068_S_2315,068_S_2315_m06_2012-01-13,0.0,0.058616671665285516
068_S_2315,068_S_2315_m12_2012-07-14,0.0,0.06470339060552595
068_S_2315,068_S_2315_m78_2018-01-13,0.0,0.04582688227732945
068_S_2315,068_S_2315_m114_2021-01-13,0.0,0.06996435628888464
068_S_2315,068_S_2315_m132_2022-07-15,0.0,0.06135811163843034
068_S_4061,068_S_4061_m03_2011-08-26,0.0,0.05898795414014929
068_S_4061,068_S_4061_m06_2011-11-25,0.0,0.0640658355133884
068_S_4061,068_S_4061_m12_2012-05-26,0.0,0.062224413423508915
068_S_4061,068_S_4061_m24_2013-05-26,0.0,0.06803162523781098
068_S_4061,068_S_4061_m60_2016-05-26,0.0,0.06604319518788712
068_S_4061,068_S_4061_m78_2017-11-25,0.0,0.05331167798536831
068_S_4061,068_S_4061_m102_2019-11-25,0.0,0.06333558711493233
068_S_4067,068_S_4067_m03_2011-08-26,0.0,0.05359480492602958
068_S_4067,068_S_4067_m12_2012-05-26,0.0,0.0632044171577705
068_S_4067,068_S_4067_m36_2014-05-26,0.0,0.08824982456760251
068_S_4067,068_S_4067_m72_2017-05-26,0.0,0.05244724133949574
068_S_4217,068_S_4217_m03_2011-12-01,0.0,0.06038759261344704
068_S_4217,068_S_4217_m06_2012-03-01,0.0,0.05738411041833282
068_S_4217,068_S_4217_m12_2012-08-31,0.0,0.05712819301293412
068_S_4217,068_S_4217_m24_2013-08-31,0.0,0.055553207546096176
068_S_4332,068_S_4332_m03_2012-01-30,0.0,0.04736037792183721
068_S_4332,068_S_4332_m36_2014-10-30,0.0,0.05103748389879068
068_S_4332,068_S_4332_m66_2017-05-01,0.0,0.045775069728910975
068_S_4332,068_S_4332_m78_2018-05-01,0.0,0.048221732682770066
068_S_4332,068_S_4332_m96_2019-10-31,0.0,0.04785166258642898
070_S_6236,070_S_6236_sc_2018-02-15,0.0,0.06398241827551839
070_S_6236,070_S_6236_m12_2019-02-15,0.0,0.054381959341301384
070_S_6236,070_S_6236_m24_2020-02-15,0.0,0.05297535518111787
070_S_6236,070_S_6236_m36_2021-02-14,0.0,0.05749407419574138
070_S_6236,070_S_6236_m48_2022-02-15,0.0,0.05725800588852514
072_S_1380,072_S_1380_sc_2007-07-05,0.0,0.06630062536530154
072_S_1380,072_S_1380_m18_2009-01-02,0.0,0.06166515878568156
072_S_1380,072_S_1380_m24_2009-07-04,0.0,0.05333884175525619
072_S_1380,072_S_1380_m36_2010-07-04,0.0,0.061526872501975596
072_S_2027,072_S_2027_m03_2010-12-03,0.0,0.07292287540238854
072_S_2027,072_S_2027_m06_2011-03-04,0.0,0.07774196874182493
072_S_2027,072_S_2027_m12_2011-09-03,0.0,0.07516762951640457
072_S_2027,072_S_2027_m24_2012-09-02,0.0,0.07287459190065365
072_S_2037,072_S_2037_m03_2010-11-23,0.0,0.06358776628581045
072_S_2037,072_S_2037_m06_2011-02-22,0.0,0.0613423077833954
072_S_2037,072_S_2037_m12_2011-08-24,0.0,0.06467478013784961
072_S_2037,072_S_2037_m24_2012-08-23,0.0,0.05966297862951003
072_S_2037,072_S_2037_m36_2013-08-23,0.0,0.046504473057828816
072_S_2037,072_S_2037_m48_2014-08-24,0.0,0.05292683539769752
072_S_2072,072_S_2072_m03_2010-12-21,0.0,0.07188821005044096
072_S_2072,072_S_2072_m06_2011-03-22,0.0,0.06825688801930918
072_S_2072,072_S_2072_m12_2011-09-21,0.0,0.05975010451971582
072_S_2072,072_S_2072_m24_2012-09-20,0.0,0.0677925711709896
072_S_2072,072_S_2072_m36_2013-09-20,0.0,0.06229934327321815
072_S_2072,072_S_2072_m48_2014-09-21,0.0,0.06451179916350598
072_S_2083,072_S_2083_m03_2010-12-27,0.0,0.09039071407813279
072_S_2083,072_S_2083_m06_2011-03-28,0.0,0.08399231571721588
072_S_2083,072_S_2083_m12_2011-09-27,0.0,0.07665487701827853
072_S_2083,072_S_2083_m24_2012-09-26,0.0,0.08424054681290064
072_S_2083,072_S_2083_m36_2013-09-26,0.0,0.09187374662486772
072_S_2083,072_S_2083_m48_2014-09-27,0.0,0.08896228833113348
072_S_2093,072_S_2093_m03_2011-01-21,0.0,0.07180761067339192
072_S_2093,072_S_2093_m06_2011-04-22,0.0,0.06359697380232007
072_S_2093,072_S_2093_m12_2011-10-22,0.0,0.06974859734185102
072_S_2093,072_S_2093_m24_2012-10-21,0.0,0.06732928236899194
072_S_2093,072_S_2093_m36_2013-10-21,0.0,0.06833991479327058
072_S_2093,072_S_2093_m48_2014-10-22,0.0,0.06998600033770797
072_S_2116,072_S_2116_m03_2011-01-28,0.0,0.0679782499514094
072_S_2116,072_S_2116_m06_2011-04-29,0.0,0.06664845533275902
072_S_2116,072_S_2116_m12_2011-10-29,0.0,0.06550648331054396
072_S_2116,072_S_2116_m24_2012-10-28,0.0,0.06430289535533129
072_S_2116,072_S_2116_m36_2013-10-28,0.0,0.05524045168184795
072_S_2116,072_S_2116_m48_2014-10-29,0.0,0.06624106353871351
072_S_2164,072_S_2164_m03_2011-03-03,0.0,0.060583206684974376
072_S_2164,072_S_2164_m06_2011-06-02,0.0,0.062136779428079665
072_S_2164,072_S_2164_m12_2011-12-02,0.0,0.06090999176335041
072_S_2164,072_S_2164_m24_2012-12-01,0.0,0.0650423906909148
072_S_2164,072_S_2164_m36_2013-12-01,0.0,0.061827494105182845
072_S_2164,072_S_2164_m48_2014-12-02,0.0,0.054649764731675626
072_S_4063,072_S_4063_m03_2011-08-19,0.0,0.06743457485534458
072_S_4063,072_S_4063_m06_2011-11-18,0.0,0.06302163278976787
072_S_4063,072_S_4063_m12_2012-05-19,0.0,0.06587456880876628
072_S_4063,072_S_4063_m24_2013-05-19,0.0,0.07774996427987389
072_S_4063,072_S_4063_m36_2014-05-19,0.0,0.06180983834256766
072_S_4206,072_S_4206_m03_2011-11-29,0.0,0.07312756357753716
072_S_4206,072_S_4206_m06_2012-02-28,0.0,0.07841317119065695
072_S_4206,072_S_4206_m12_2012-08-29,0.0,0.08511821172608239
072_S_4206,072_S_4206_m24_2013-08-29,0.0,0.07593152478891513
072_S_4206,072_S_4206_m36_2014-08-29,0.0,0.079259526050941
072_S_4226,072_S_4226_m03_2011-12-13,0.0,0.06413606682473605
072_S_4226,072_S_4226_m06_2012-03-13,0.0,0.06952925922593645
072_S_4226,072_S_4226_m24_2013-09-12,0.0,0.08278550185137454
072_S_4226,072_S_4226_m36_2014-09-12,0.0,0.07720984029705816
072_S_4383,072_S_4383_m03_2012-02-27,0.0,0.06977534082006498
072_S_4383,072_S_4383_m06_2012-05-28,0.0,0.06207361325785299
072_S_4383,072_S_4383_m12_2012-11-27,0.0,0.07186713715420126
072_S_4383,072_S_4383_m24_2013-11-27,0.0,0.08093887351024781
072_S_4383,072_S_4383_m36_2014-11-27,0.0,0.061460601833703
072_S_4390,072_S_4390_m03_2012-02-28,0.0,0.05652308941246567
072_S_4390,072_S_4390_m06_2012-05-29,0.0,0.057313727178777085
072_S_4390,072_S_4390_m12_2012-11-28,0.0,0.06605158766793882
072_S_4390,072_S_4390_m24_2013-11-28,0.0,0.05366685591300026
072_S_4390,072_S_4390_m36_2014-11-28,0.0,0.05444056350450176
072_S_4394,072_S_4394_m03_2012-03-22,0.0,0.060129396217417544
072_S_4394,072_S_4394_m06_2012-06-21,0.0,0.06733869682560237
072_S_4394,072_S_4394_m12_2012-12-21,0.0,0.06513336293175503
072_S_4394,072_S_4394_m24_2013-12-21,0.0,0.07086582886808003
072_S_4394,072_S_4394_m36_2014-12-21,0.0,0.06555508741962628
072_S_4445,072_S_4445_m03_2012-03-22,0.0,0.04820622629138478
072_S_4445,072_S_4445_m06_2012-06-21,0.0,0.04810191299161678
072_S_4445,072_S_4445_m12_2012-12-21,0.0,0.04678431479540425
072_S_4445,072_S_4445_m24_2013-12-21,0.0,0.05604586737114091
072_S_4462,072_S_4462_m03_2012-04-24,0.0,0.06132759656676884
072_S_4462,072_S_4462_m06_2012-07-24,0.0,0.0716937437888792
072_S_4462,072_S_4462_m12_2013-01-23,0.0,0.06209922105803918
072_S_4462,072_S_4462_m24_2014-01-23,0.0,0.06791032180241802
072_S_4465,072_S_4465_m03_2012-04-30,0.0,0.07615054445206032
072_S_4465,072_S_4465_m06_2012-07-30,0.0,0.06858091050170656
072_S_4465,072_S_4465_m12_2013-01-29,0.0,0.06557772211786841
072_S_4465,072_S_4465_m24_2014-01-29,0.0,0.07214877611274675
072_S_4522,072_S_4522_m03_2012-05-10,0.0,0.07385343017444376
072_S_4522,072_S_4522_m06_2012-08-09,0.0,0.08581676766344498
072_S_4522,072_S_4522_m12_2013-02-08,0.0,0.0948616020204679
072_S_4522,072_S_4522_m24_2014-02-08,0.0,0.0845445992736171
072_S_4522,072_S_4522_m36_2015-02-08,0.0,0.08223249086657752
072_S_4539,072_S_4539_m03_2012-05-25,0.0,0.0868687518004144
072_S_4539,072_S_4539_m06_2012-08-24,0.0,0.08631947087530317
072_S_4539,072_S_4539_m12_2013-02-23,0.0,0.09627414219612465
072_S_4539,072_S_4539_m24_2014-02-23,0.0,0.11137688875689554
072_S_4539,072_S_4539_m36_2015-02-23,0.0,0.0859923034440262
072_S_4613,072_S_4613_m03_2012-06-21,0.0,0.07693772004225476
072_S_4613,072_S_4613_m06_2012-09-20,0.0,0.07073013916366898
072_S_4613,072_S_4613_m12_2013-03-22,0.0,0.06578764885653897
072_S_4613,072_S_4613_m24_2014-03-22,0.0,0.07351878715907384
072_S_4769,072_S_4769_m03_2012-09-27,0.0,0.07345466564938483
072_S_4769,072_S_4769_m06_2012-12-27,0.0,0.07018947439651271
072_S_4769,072_S_4769_m12_2013-06-28,0.0,0.08144770719162289
072_S_4769,072_S_4769_m24_2014-06-28,0.0,0.08893942123337403
072_S_4871,072_S_4871_m03_2012-10-30,0.0,0.06043408364538894
072_S_4871,072_S_4871_m06_2013-01-29,0.0,0.06318210186460893
072_S_4871,072_S_4871_m12_2013-07-31,0.0,0.05868271991349029
072_S_4871,072_S_4871_m24_2014-07-31,0.0,0.062192941979975803
072_S_4941,072_S_4941_m03_2012-12-24,0.0,0.0687353239991495
072_S_4941,072_S_4941_m06_2013-03-25,0.0,0.05805940046709805
072_S_4941,072_S_4941_m12_2013-09-24,0.0,0.07330401592832875
072_S_4941,072_S_4941_m24_2014-09-24,0.0,0.06936517612400923
073_S_0746,073_S_0746_sc_2007-03-07,0.0,0.08745170441973227
073_S_0746,073_S_0746_m06_2007-09-05,0.0,0.08087198318899456
073_S_0746,073_S_0746_m12_2008-03-06,0.0,0.0837610066620949
073_S_0746,073_S_0746_m24_2009-03-06,0.0,0.08689122887579523
073_S_0746,073_S_0746_m36_2010-03-06,0.0,0.08161712805777023
073_S_0746,073_S_0746_m60_2012-03-06,0.0,0.08378569089526727
073_S_0746,073_S_0746_m72_2013-03-06,0.0,0.07722381411876561
073_S_0746,073_S_0746_m84_2014-03-06,0.0,0.0847323588956648
073_S_0746,073_S_0746_m108_2016-03-06,0.0,0.09405127977935829
073_S_0909,073_S_0909_sc_2006-11-27,0.0,0.07571015862747935
073_S_0909,073_S_0909_m06_2007-05-28,0.0,0.0632850364537173
073_S_0909,073_S_0909_m12_2007-11-27,0.0,0.06865874747444636
073_S_0909,073_S_0909_m24_2008-11-26,0.0,0.07431506088532909
073_S_2153,073_S_2153_m03_2011-07-01,0.0,0.060298645150840116
073_S_2153,073_S_2153_m06_2011-09-30,0.0,0.07068705924346634
073_S_2153,073_S_2153_m12_2012-03-31,0.0,0.06773746226675378
073_S_2153,073_S_2153_m24_2013-03-31,0.0,0.054915997544714566
073_S_2153,073_S_2153_m36_2014-03-31,0.0,0.05002299290523633
073_S_2190,073_S_2190_m03_2011-07-01,0.0,0.06759442574810062
073_S_2190,073_S_2190_m06_2011-09-30,0.0,0.06053840849828028
073_S_2190,073_S_2190_m12_2012-03-31,0.0,0.07380489223690309
073_S_2190,073_S_2190_m24_2013-03-31,0.0,0.07422936491352464
073_S_2191,073_S_2191_m03_2011-07-01,0.0,0.06545740103279303
073_S_2191,073_S_2191_m06_2011-09-30,0.0,0.0634199503571323
073_S_2191,073_S_2191_m12_2012-03-31,0.0,0.054392543434004265
073_S_2191,073_S_2191_m24_2013-03-31,0.0,0.06480897794923288
073_S_2191,073_S_2191_m36_2014-03-31,0.0,0.07080347501583528
073_S_2191,073_S_2191_m48_2015-04-01,0.0,0.06216490844077431
073_S_2191,073_S_2191_m108_2020-03-31,0.0,0.05190175587093336
073_S_2225,073_S_2225_m03_2011-07-01,0.0,0.055890621176369004
073_S_2225,073_S_2225_m06_2011-09-30,0.0,0.07593360866019755
073_S_2225,073_S_2225_m12_2012-03-31,0.0,0.053965731062174394
073_S_2225,073_S_2225_m24_2013-03-31,0.0,0.04730908639076556
073_S_2225,073_S_2225_m36_2014-03-31,0.0,0.06442202024110401
073_S_2225,073_S_2225_m48_2015-04-01,0.0,0.04962117176754406
073_S_2264,073_S_2264_m03_2011-07-01,0.0,0.05802211608128575
073_S_2264,073_S_2264_m06_2011-09-30,0.0,0.05271109344327568
073_S_2264,073_S_2264_m12_2012-03-31,0.0,0.057176752889838374
073_S_2264,073_S_2264_m24_2013-03-31,0.0,0.05871993202255579
073_S_2264,073_S_2264_m36_2014-03-31,0.0,0.06754194796894894
073_S_2264,073_S_2264_m48_2015-04-01,0.0,0.06222552386421454
073_S_4216,073_S_4216_m03_2011-11-28,0.0,0.06336737390640948
073_S_4216,073_S_4216_m06_2012-02-27,0.0,0.0700634999456646
073_S_4216,073_S_4216_m12_2012-08-28,0.0,0.06537115498737865
073_S_4216,073_S_4216_m24_2013-08-28,0.0,0.05267056528342867
073_S_4216,073_S_4216_m48_2015-08-29,0.0,0.07167842550191483
073_S_4216,073_S_4216_m102_2020-02-27,0.0,0.057364388393324174
073_S_4259,073_S_4259_m03_2012-01-06,0.0,0.07828340196134101
073_S_4259,073_S_4259_m06_2012-04-06,0.0,0.08848117971308692
073_S_4259,073_S_4259_m12_2012-10-06,0.0,0.07450088177475815
073_S_4259,073_S_4259_m24_2013-10-06,0.0,0.07544471625452813
073_S_4300,073_S_4300_m03_2012-01-12,0.0,0.05925552792828949
073_S_4300,073_S_4300_m06_2012-04-12,0.0,0.07373387263929077
073_S_4300,073_S_4300_m12_2012-10-12,0.0,0.05789709359188165
073_S_4300,073_S_4300_m24_2013-10-12,0.0,0.04081111176576147
073_S_4311,073_S_4311_m03_2012-01-19,0.0,0.08050467678195064
073_S_4311,073_S_4311_m06_2012-04-19,0.0,0.07121782920648835
073_S_4311,073_S_4311_m12_2012-10-19,0.0,0.06808051874520363
073_S_4311,073_S_4311_m24_2013-10-19,0.0,0.07726183637944457
073_S_4311,073_S_4311_m48_2015-10-20,0.0,0.07270340121072752
073_S_4312,073_S_4312_m03_2012-01-19,0.0,0.060754928228311744
073_S_4312,073_S_4312_m06_2012-04-19,0.0,0.0566036510063109
073_S_4312,073_S_4312_m12_2012-10-19,0.0,0.06499575177207614
073_S_4312,073_S_4312_m24_2013-10-19,0.0,0.06133312558328295
073_S_4312,073_S_4312_m48_2015-10-20,0.0,0.0635798595937479
073_S_4360,073_S_4360_m03_2012-02-06,0.0,0.06568628152072074
073_S_4360,073_S_4360_m06_2012-05-07,0.0,0.06433641657213182
073_S_4360,073_S_4360_m12_2012-11-06,0.0,0.052304499698643814
073_S_4360,073_S_4360_m24_2013-11-06,0.0,0.05678561975796678
073_S_4360,073_S_4360_m48_2015-11-07,0.0,0.06416166472260185
073_S_4443,073_S_4443_m03_2012-04-03,0.0,0.06676063458871748
073_S_4443,073_S_4443_m06_2012-07-03,0.0,0.05905571082033881
073_S_4443,073_S_4443_m12_2013-01-02,0.0,0.05716752537096241
073_S_4443,073_S_4443_m24_2014-01-02,0.0,0.05502638481733411
073_S_4443,073_S_4443_m48_2016-01-03,0.0,0.07004007701561499
073_S_4614,073_S_4614_m03_2012-06-21,0.0,0.06476415767812688
073_S_4614,073_S_4614_m06_2012-09-20,0.0,0.06901300546325292
073_S_4614,073_S_4614_m12_2013-03-22,0.0,0.06407535272269006
073_S_4614,073_S_4614_m24_2014-03-22,0.0,0.06848320870492527
073_S_4614,073_S_4614_m48_2016-03-22,0.0,0.07169190801520736
073_S_4777,073_S_4777_m03_2012-09-05,0.0,0.0556176971483643
073_S_4777,073_S_4777_m06_2012-12-05,0.0,0.05121452989275539
073_S_4777,073_S_4777_m12_2013-06-06,0.0,0.045445155792337044
073_S_4777,073_S_4777_m24_2014-06-06,0.0,0.0648036484515912
082_S_0928,082_S_0928_bl_2006-11-02,0.0,0.05958141857769084
082_S_0928,082_S_0928_sc_2006-11-02,0.0,0.05588600855576429
082_S_0928,082_S_0928_m06_2007-05-03,0.0,0.0674675666034732
082_S_0928,082_S_0928_m12_2007-11-02,0.0,0.07220664327595425
082_S_0928,082_S_0928_m18_2008-05-02,0.0,0.0600518747074888
082_S_2099,082_S_2099_m03_2011-01-20,0.0,0.08396958063888899
082_S_2099,082_S_2099_m06_2011-04-21,0.0,0.08371431218526998
082_S_2099,082_S_2099_m12_2011-10-21,0.0,0.08564797601682059
082_S_2099,082_S_2099_m24_2012-10-20,0.0,0.13906822617000558
082_S_2121,082_S_2121_m03_2011-02-02,0.0,0.06719354370245895
082_S_2121,082_S_2121_m06_2011-05-04,0.0,0.07681642025239643
082_S_2121,082_S_2121_m12_2011-11-03,0.0,0.0733119236174142
082_S_2121,082_S_2121_m24_2012-11-02,0.0,0.08254511870034932
082_S_2121,082_S_2121_m36_2013-11-02,0.0,0.07380203267471352
082_S_2121,082_S_2121_m48_2014-11-03,0.0,0.07968431846767496
082_S_2121,082_S_2121_m90_2018-05-04,0.0,0.07372484603733592
082_S_2121,082_S_2121_m102_2019-05-04,0.0,0.07494645957064155
082_S_2121,082_S_2121_m138_2022-05-04,0.0,0.07334751813676554
082_S_2307,082_S_2307_m03_2011-06-09,0.0,0.08472573142728289
082_S_2307,082_S_2307_m06_2011-09-08,0.0,0.09024436786877735
082_S_2307,082_S_2307_m12_2012-03-09,0.0,0.07655123974982403
082_S_2307,082_S_2307_m24_2013-03-09,0.0,0.06752717308513714
094_S_0921,094_S_0921_sc_2006-10-24,0.0,0.13072988201435626
094_S_0921,094_S_0921_m06_2007-04-24,0.0,0.1331830981095107
094_S_0921,094_S_0921_m18_2008-04-23,0.0,0.12952878686353828
094_S_0921,094_S_0921_m24_2008-10-23,0.0,0.1269558774724499
094_S_0921,094_S_0921_m36_2009-10-23,0.0,0.11148783095515782
094_S_1188,094_S_1188_sc_2007-01-18,0.0,0.14836511869815092
094_S_1188,094_S_1188_m06_2007-07-19,0.0,0.15856283354343065
094_S_1188,094_S_1188_m18_2008-07-18,0.0,0.1534036742700238
094_S_1188,094_S_1188_m24_2009-01-17,0.0,0.14162297964876774
094_S_1293,094_S_1293_bl_2007-03-29,0.0,0.09437732495324463
094_S_1293,094_S_1293_sc_2007-03-29,0.0,0.11556311115238374
094_S_1293,094_S_1293_m12_2008-03-28,0.0,0.1443091777733072
094_S_1293,094_S_1293_m18_2008-09-26,0.0,0.12576138516064547
094_S_1293,094_S_1293_m24_2009-03-28,0.0,0.20452238113086874
094_S_1417,094_S_1417_sc_2007-08-03,0.0,0.11555931207321882
094_S_1417,094_S_1417_m12_2008-08-02,0.0,0.1265408242884573
094_S_1417,094_S_1417_m18_2009-01-31,0.0,0.14587065695994522
094_S_1417,094_S_1417_m36_2010-08-02,0.0,0.15287404122350085
094_S_2238,094_S_2238_m03_2011-04-28,0.0,0.08248459253111293
094_S_2238,094_S_2238_m06_2011-07-28,0.0,0.08244345114655555
094_S_2238,094_S_2238_m12_2012-01-27,0.0,0.0830790949796494
094_S_2238,094_S_2238_m24_2013-01-26,0.0,0.0861315418511403
094_S_2238,094_S_2238_m36_2014-01-26,0.0,0.07228405603623284
094_S_2238,094_S_2238_m48_2015-01-27,0.0,0.07246321137963438
094_S_2238,094_S_2238_m84_2018-01-26,0.0,0.07373802716033798
094_S_2238,094_S_2238_m96_2019-01-27,0.0,0.07108788833481938
094_S_2238,094_S_2238_m138_2022-07-28,0.0,0.06880451691560041
094_S_2367,094_S_2367_m03_2011-08-25,0.0,0.07494626025235385
094_S_2367,094_S_2367_m06_2011-11-24,0.0,0.06454033389013401
094_S_2367,094_S_2367_m12_2012-05-25,0.0,0.07808039294045069
094_S_2367,094_S_2367_m24_2013-05-25,0.0,0.07914562862030015
094_S_4434,094_S_4434_m03_2012-04-04,0.0,0.09218918243323868
094_S_4434,094_S_4434_m06_2012-07-04,0.0,0.10482095298478311
094_S_4434,094_S_4434_m12_2013-01-03,0.0,0.07267743684900871
094_S_4434,094_S_4434_m24_2014-01-03,0.0,0.06491827179188461
094_S_4630,094_S_4630_m03_2012-07-18,0.95866136478877,2.2906059606829967e-06
094_S_4630,094_S_4630_m06_2012-10-17,0.0,0.042211696452501404
094_S_4630,094_S_4630_m12_2013-04-18,0.0,0.041847273052482745
094_S_4630,094_S_4630_m24_2014-04-18,0.0,0.06959786112234861
094_S_4630,094_S_4630_m48_2016-04-18,0.0,0.06802278025551999
094_S_4858,094_S_4858_m03_2012-10-29,0.0,0.0715652451603063
094_S_4858,094_S_4858_m06_2013-01-28,0.0,0.10746237103767345
094_S_4858,094_S_4858_m12_2013-07-30,0.0,0.07110391027756625
094_S_4858,094_S_4858_m24_2014-07-30,0.0,0.07349075068825914
094_S_4858,094_S_4858_m48_2016-07-30,0.0,0.07923439806099418
098_S_0160,098_S_0160_sc_2006-02-14,0.0,0.11953083878859917
098_S_0160,098_S_0160_m06_2006-08-15,0.0,0.14880111131711676
098_S_0160,098_S_0160_m12_2007-02-14,0.0,0.13635734315838866
098_S_0160,098_S_0160_m18_2007-08-15,0.0,0.11661289800889829
098_S_0160,098_S_0160_m24_2008-02-14,0.0,0.14026738146497558
098_S_0160,098_S_0160_m36_2009-02-13,0.0,0.15573853799393694
098_S_0160,098_S_0160_m48_2010-02-14,0.0,0.13320021287780515
098_S_2052,098_S_2052_m03_2010-12-30,0.0,0.06551105903923511
098_S_2052,098_S_2052_m06_2011-03-31,0.0,0.09461714110080453
098_S_2052,098_S_2052_m12_2011-09-30,0.0,0.07294484490481745
098_S_2052,098_S_2052_m36_2013-09-29,0.0,0.07894878879561953
098_S_2052,098_S_2052_m48_2014-09-30,0.0,0.07963202222587218
098_S_2079,098_S_2079_m03_2011-01-12,0.0,0.08309584182915793
098_S_2079,098_S_2079_m06_2011-04-13,0.0,0.07564148162375195
098_S_2079,098_S_2079_m12_2011-10-13,0.0,0.05470786837416612
098_S_2079,098_S_2079_m24_2012-10-12,0.0,0.055835923808534964
098_S_2079,098_S_2079_m36_2013-10-12,0.0,0.06081969445165704
098_S_2079,098_S_2079_m48_2014-10-13,0.0,0.05665826999499916
098_S_2079,098_S_2079_m72_2016-10-12,0.0,0.06117153386451088
099_S_0051,099_S_0051_sc_2005-12-29,0.0,0.07486282901547368
099_S_0051,099_S_0051_m12_2006-12-29,0.0,0.0748449933723278
099_S_0051,099_S_0051_m18_2007-06-29,0.0,0.07231151304406036
099_S_0051,099_S_0051_m36_2008-12-28,0.0,0.07872018604736025
099_S_1034,099_S_1034_sc_2006-12-15,0.0,0.07892946346863022
099_S_1034,099_S_1034_m06_2007-06-15,0.0,0.08112758125996802
099_S_1034,099_S_1034_m12_2007-12-15,0.0,0.08761962207525044
099_S_1034,099_S_1034_m18_2008-06-14,0.0,0.08653665557600226
099_S_1034,099_S_1034_m24_2008-12-14,0.0,0.07735118618289312
099_S_1034,099_S_1034_m36_2009-12-14,0.0,0.08308280598758518
099_S_2063,099_S_2063_m03_2011-01-31,0.0,0.05028305737581438
099_S_2063,099_S_2063_m06_2011-05-02,0.0,0.04725270015886976
099_S_2063,099_S_2063_m12_2011-11-01,0.0,0.06799047366456198
099_S_2063,099_S_2063_m24_2012-10-31,0.0,0.0529378479461986
099_S_2063,099_S_2063_m36_2013-10-31,0.0,0.07459637815580047
099_S_2063,099_S_2063_m48_2014-11-01,0.0,0.07627853903126283
099_S_2146,099_S_2146_m03_2011-02-17,0.0,0.0594292441069133
099_S_2146,099_S_2146_m06_2011-05-19,0.0,0.06003697209299743
099_S_2146,099_S_2146_m12_2011-11-18,0.0,0.07994418971360698
099_S_2146,099_S_2146_m24_2012-11-17,0.0,0.0734608485808014
099_S_2146,099_S_2146_m36_2013-11-17,0.0,0.07846068438000103
099_S_2146,099_S_2146_m48_2014-11-18,0.0,0.07024550790490225
099_S_2146,099_S_2146_m72_2016-11-17,0.0,0.07539959171282531
099_S_2146,099_S_2146_m84_2017-11-17,0.0,0.09200795474242812
099_S_4157,099_S_4157_m03_2011-11-03,0.0,0.09296239016316979
099_S_4157,099_S_4157_m06_2012-02-02,0.0,0.09724454397762892
099_S_4157,099_S_4157_m12_2012-08-03,0.0,0.07682685439380592
099_S_4157,099_S_4157_m24_2013-08-03,0.0,0.14754386612977122
099_S_4205,099_S_4205_m03_2011-11-22,0.0,0.08300420915716743
099_S_4205,099_S_4205_m06_2012-02-21,0.0,0.06499685403478342
099_S_4205,099_S_4205_m12_2012-08-22,0.0,0.07358250323280272
099_S_4205,099_S_4205_m24_2013-08-22,0.0,0.1040941312201071
099_S_4463,099_S_4463_m03_2012-04-13,0.0,0.06212851792014887
099_S_4463,099_S_4463_m06_2012-07-13,0.0,0.053190457207439854
099_S_4463,099_S_4463_m12_2013-01-12,0.0,0.05459203762745572
099_S_4463,099_S_4463_m24_2014-01-12,0.0,0.07288937216214557
099_S_4498,099_S_4498_m03_2012-05-28,0.0,0.05236045353143707
099_S_4498,099_S_4498_m06_2012-08-27,0.0,0.05049805953339633
099_S_4498,099_S_4498_m12_2013-02-26,0.0,0.05233036464833063
099_S_4498,099_S_4498_m24_2014-02-26,0.0,0.0735604505998865
099_S_4498,099_S_4498_m48_2016-02-27,0.0,0.09366863530185966
100_S_0296,100_S_0296_sc_2006-04-28,0.0,0.05715853590265611
100_S_0296,100_S_0296_m06_2006-10-27,0.0,0.05068298083767124
100_S_0296,100_S_0296_m12_2007-04-28,0.0,0.048203203207384124
100_S_0296,100_S_0296_m24_2008-04-27,0.0,0.05456920580238027
100_S_0296,100_S_0296_m36_2009-04-27,0.0,0.050154768822179424
100_S_0296,100_S_0296_m96_2014-04-28,0.0,0.0915293446849276
100_S_0296,100_S_0296_m120_2016-04-27,0.0,0.10513440824577797
100_S_4556,100_S_4556_m03_2012-07-20,0.0,0.11605009562531979
100_S_4556,100_S_4556_m06_2012-10-19,0.0,0.11035675734310922
100_S_4556,100_S_4556_m12_2013-04-20,0.0,0.09791362889830643
100_S_4556,100_S_4556_m24_2014-04-20,0.0,0.10292974968642254
100_S_4556,100_S_4556_m48_2016-04-20,0.0,0.10315472139482951
100_S_4556,100_S_4556_m66_2017-10-20,0.0,0.10663453703326939
100_S_4556,100_S_4556_m90_2019-10-20,0.0,0.09669470654237775
100_S_4556,100_S_4556_m114_2021-10-20,0.0,0.08030022783420371
109_S_0950,109_S_0950_sc_2006-12-12,0.0,0.04391209064699006
109_S_0950,109_S_0950_m12_2007-12-12,0.0,0.061586546427585195
109_S_0950,109_S_0950_m18_2008-06-11,0.0,0.03932694745944632
109_S_0950,109_S_0950_m24_2008-12-11,0.0,0.06862200257090181
109_S_1114,109_S_1114_sc_2007-01-10,0.0,0.059639755164399066
109_S_1114,109_S_1114_m06_2007-07-11,0.0,0.053160655074188684
109_S_1114,109_S_1114_m18_2008-07-10,0.0,0.059301142755808944
109_S_1114,109_S_1114_m24_2009-01-09,0.0,0.08107548531977887
109_S_1183,109_S_1183_sc_2007-01-23,0.0,0.09136027949781203
109_S_1183,109_S_1183_m06_2007-07-24,0.0,0.06542348962114553
109_S_1183,109_S_1183_m12_2008-01-23,0.0,0.12986354571326647
109_S_1183,109_S_1183_m18_2008-07-23,0.0,0.08452485298371876
109_S_1183,109_S_1183_m24_2009-01-22,0.0,0.12483754089857804
109_S_2200,109_S_2200_m03_2011-03-16,0.0,0.08027069508179271
109_S_2200,109_S_2200_m12_2011-12-15,0.0,0.07505110409410357
109_S_2200,109_S_2200_m24_2012-12-14,0.0,0.06920635773255289
109_S_2200,109_S_2200_m36_2013-12-14,0.0,0.09320001586762358
109_S_2200,109_S_2200_m48_2014-12-15,0.0,0.06533020733240388
109_S_4380,109_S_4380_m03_2012-02-27,0.0,0.07114756320645854
109_S_4380,109_S_4380_m06_2012-05-28,0.0,0.06983561484455685
109_S_4380,109_S_4380_m12_2012-11-27,0.0,0.11880197350811687
109_S_4380,109_S_4380_m24_2013-11-27,0.0,0.07538778669748888
109_S_4380,109_S_4380_m36_2014-11-27,0.0,0.0781110277068712
109_S_4380,109_S_4380_m48_2015-11-28,0.0,0.06889492210558747
109_S_4380,109_S_4380_m72_2017-11-27,0.0,0.06477840024316217
109_S_4380,109_S_4380_m156_2024-11-27,0.0,0.0674598317683936
109_S_4455,109_S_4455_m03_2012-04-12,0.0,0.09593366924603369
109_S_4455,109_S_4455_m06_2012-07-12,0.0,0.07917396056379886
109_S_4455,109_S_4455_m12_2013-01-11,0.0,0.10407822611450884
109_S_4455,109_S_4455_m24_2014-01-11,0.0,0.10116553356744189
109_S_4455,109_S_4455_m36_2015-01-11,0.0,0.08023481413937307
114_S_0378,114_S_0378_sc_2006-04-30,0.0,0.06438670310423564
114_S_0378,114_S_0378_m06_2006-10-29,0.0,0.05038311367833603
114_S_0378,114_S_0378_m12_2007-04-30,0.0,0.05191140200068771
114_S_0378,114_S_0378_m24_2008-04-29,0.0,0.0540249753755533
114_S_0378,114_S_0378_m36_2009-04-29,0.0,0.0541180734560974
114_S_0410,114_S_0410_sc_2006-05-11,0.0,0.04438259541199593
114_S_0410,114_S_0410_m06_2006-11-09,0.0,0.0513253849055178
114_S_0410,114_S_0410_m12_2007-05-11,0.0,0.07881407909276078
114_S_0410,114_S_0410_m18_2007-11-09,0.0,0.052341529680680426
114_S_1103,114_S_1103_sc_2006-12-08,0.0,0.07981717511149984
114_S_1103,114_S_1103_m06_2007-06-08,0.0,0.06968339817872538
114_S_1103,114_S_1103_m12_2007-12-08,0.0,0.08640961175799076
114_S_1103,114_S_1103_m18_2008-06-07,0.0,0.0826900777994565
114_S_1106,114_S_1106_sc_2006-12-12,0.0,0.05226851615596935
114_S_1106,114_S_1106_m06_2007-06-12,0.0,0.05206658276630791
114_S_1106,114_S_1106_m18_2008-06-11,0.0,0.057484884169358666
114_S_1106,114_S_1106_m24_2008-12-11,0.0,0.04813475424350937
114_S_1106,114_S_1106_m36_2009-12-11,0.0,0.05220686822966977
114_S_1118,114_S_1118_sc_2007-01-03,0.0,0.07094597024183513
114_S_1118,114_S_1118_m06_2007-07-04,0.0,0.0754527347443378
114_S_1118,114_S_1118_m12_2008-01-03,0.0,0.08013000841311357
114_S_1118,114_S_1118_m18_2008-07-03,0.0,0.07815355607786481
114_S_1118,114_S_1118_m24_2009-01-02,0.0,0.07561159928982839
114_S_1118,114_S_1118_m36_2010-01-02,0.0,0.09523517312844786
114_S_2392,114_S_2392_m03_2011-10-10,0.0,0.056804667383469315
114_S_2392,114_S_2392_m06_2012-01-09,0.0,0.06388145011551741
114_S_2392,114_S_2392_m12_2012-07-10,0.0,0.06246551715659236
114_S_2392,114_S_2392_m24_2013-07-10,0.0,0.07331210348024703
114_S_2392,114_S_2392_m48_2015-07-11,0.0,0.06546862641519688
114_S_2392,114_S_2392_m72_2017-07-10,0.0,0.06893467590766356
114_S_2392,114_S_2392_m84_2018-07-10,0.0,0.0658655209269215
114_S_2392,114_S_2392_m96_2019-07-11,0.0,0.06814337182143551
114_S_2392,114_S_2392_m108_2020-07-10,0.0,0.05516547858037025
114_S_2392,114_S_2392_m120_2021-07-10,0.0,0.059922238526821305
114_S_2392,114_S_2392_m132_2022-07-11,0.0,0.05636653410570451
114_S_4404,114_S_4404_m03_2012-03-02,0.0,0.061606034915510866
114_S_4404,114_S_4404_m06_2012-06-01,0.0,0.0621900042555215
114_S_4404,114_S_4404_m12_2012-12-01,0.0,0.06539952128772242
114_S_4404,114_S_4404_m24_2013-12-01,0.0,0.050133908222167095
114_S_4404,114_S_4404_m48_2015-12-02,0.0,0.0474633849044173
114_S_5047,114_S_5047_m03_2013-02-28,0.0,0.06727996856409432
114_S_5047,114_S_5047_m06_2013-05-30,0.0,0.0722151691620097
114_S_5047,114_S_5047_m12_2013-11-29,0.0,0.06985162974360809
114_S_5047,114_S_5047_m24_2014-11-29,0.0,0.06067719233453665
114_S_5047,114_S_5047_m36_2015-11-29,0.0,0.060117437689754596
114_S_5047,114_S_5047_m54_2017-05-30,0.0,0.06613030434254441
116_S_0361,116_S_0361_m06_2006-11-16,0.0,0.05832274014974999
116_S_0361,116_S_0361_m12_2007-05-18,0.0,0.05685994015089046
116_S_0361,116_S_0361_m24_2008-05-17,0.0,0.05521991381709572
116_S_0361,116_S_0361_m36_2009-05-17,0.0,0.05353075484034772
116_S_0361,116_S_0361_m48_2010-05-18,0.0,0.0565370724881927
116_S_0649,116_S_0649_bl_2006-08-16,0.0,0.07494944413770877
116_S_0649,116_S_0649_sc_2006-08-16,0.0,0.054774821948711194
116_S_0649,116_S_0649_m06_2007-02-14,0.0,0.05373264640368773
116_S_0649,116_S_0649_m12_2007-08-16,0.0,0.06281199498149334
116_S_0649,116_S_0649_m18_2008-02-14,0.0,0.05504103862856989
116_S_4175,116_S_4175_m03_2011-11-09,0.0,0.05743228640632103
116_S_4175,116_S_4175_m06_2012-02-08,0.0,0.05462317394923963
116_S_4175,116_S_4175_m12_2012-08-09,0.0,0.04740735621080097
116_S_4175,116_S_4175_m24_2013-08-09,0.0,0.04989299338996715
116_S_4175,116_S_4175_m48_2015-08-10,0.0,0.05622762515159832
116_S_4199,116_S_4199_m03_2011-11-21,0.0,0.07271422862846331
116_S_4199,116_S_4199_m06_2012-02-20,0.0,0.06297429711735794
116_S_4199,116_S_4199_m12_2012-08-21,0.0,0.0601323882466131
116_S_4199,116_S_4199_m24_2013-08-21,0.0,0.07064559933645512
116_S_4199,116_S_4199_m48_2015-08-22,0.0,0.06883150312911637
116_S_4199,116_S_4199_m78_2018-02-20,0.0,0.0661291448208157
116_S_4199,116_S_4199_m90_2019-02-20,0.0,0.06291293121360178
116_S_4199,116_S_4199_m102_2020-02-20,0.0,0.06842179512753419
116_S_4635,116_S_4635_m03_2012-06-25,0.0,0.06071731245347234
116_S_4635,116_S_4635_m06_2012-09-24,0.0,0.061143572412751535
116_S_4635,116_S_4635_m12_2013-03-26,0.0,0.05684592564326474
116_S_4635,116_S_4635_m24_2014-03-26,0.0,0.066406207560499
116_S_4635,116_S_4635_m48_2016-03-26,0.0,0.06461901800536951
116_S_4898,116_S_4898_m03_2012-11-02,0.0,0.08336364104795535
116_S_4898,116_S_4898_m06_2013-02-01,0.0,0.08043208769795493
116_S_4898,116_S_4898_m12_2013-08-03,0.0,0.07750367703689533
116_S_4898,116_S_4898_m24_2014-08-03,0.0,0.07894343102233628
116_S_6550,116_S_6550_sc_2018-08-07,0.0,0.06331291002695807
116_S_6550,116_S_6550_m12_2019-08-07,0.0,0.06952614066526638
116_S_6550,116_S_6550_m24_2020-08-06,0.0,0.06531883944683246
116_S_6550,116_S_6550_m36_2021-08-06,0.0,0.06803424172971823
123_S_2055,123_S_2055_m03_2010-12-08,0.0,0.05724625936674568
123_S_2055,123_S_2055_m06_2011-03-09,0.0,0.06005920213212971
123_S_2055,123_S_2055_m12_2011-09-08,0.0,0.05257516387639037
123_S_2055,123_S_2055_m24_2012-09-07,0.0,0.058558760985321846
123_S_2055,123_S_2055_m36_2013-09-07,0.0,0.0627619187116949
123_S_2055,123_S_2055_m48_2014-09-08,0.0,0.04309084545891664
123_S_2363,123_S_2363_m03_2011-08-01,0.0,0.05645462520208801
123_S_2363,123_S_2363_m06_2011-10-31,0.0,0.05522230219028114
123_S_2363,123_S_2363_m12_2012-05-01,0.0,0.05781739624754466
123_S_2363,123_S_2363_m24_2013-05-01,0.0,0.06268204991241522
123_S_2363,123_S_2363_m36_2014-05-01,0.0,0.06554989318882398
123_S_4127,123_S_4127_m03_2011-10-20,0.0,0.05767093243971112
123_S_4127,123_S_4127_m06_2012-01-19,0.0,0.06863274718469059
123_S_4127,123_S_4127_m12_2012-07-20,0.0,0.0611407811470304
123_S_4127,123_S_4127_m24_2013-07-20,0.0,0.05598128185170345
123_S_4127,123_S_4127_m48_2015-07-21,0.0,0.05533066217925588
123_S_4127,123_S_4127_m84_2018-07-20,0.0,0.09251362506207364
123_S_4127,123_S_4127_m96_2019-07-21,0.0,0.11839010233342721
123_S_4127,123_S_4127_m108_2020-07-20,0.0,0.10753508546558788
123_S_4127,123_S_4127_m120_2021-07-20,0.0,0.1061100837102435
123_S_4127,123_S_4127_m144_2023-07-21,0.0,0.12426986385712493
123_S_4127,123_S_4127_m156_2024-07-20,0.0,0.09938474822800272
123_S_4780,123_S_4780_m03_2012-08-31,0.0,0.0482579327690162
123_S_4780,123_S_4780_m06_2012-11-30,0.0,0.0604000123925387
123_S_4780,123_S_4780_m12_2013-06-01,0.0,0.0537846910183586
123_S_4780,123_S_4780_m24_2014-06-01,0.0,0.05876141098507947
123_S_4806,123_S_4806_m03_2012-09-11,0.0,0.05993226965124739
123_S_4806,123_S_4806_m06_2012-12-11,0.0,0.06451878704803582
123_S_4806,123_S_4806_m12_2013-06-12,0.0,0.05990845408500285
123_S_4806,123_S_4806_m24_2014-06-12,0.0,0.05045002933096901
126_S_0709,126_S_0709_sc_2006-08-10,0.0,0.13844317269662781
126_S_0709,126_S_0709_m06_2007-02-08,0.0,0.1398404149977316
126_S_0709,126_S_0709_m12_2007-08-10,0.0,0.12496179951671843
126_S_0709,126_S_0709_m18_2008-02-08,0.0,0.11763080983767171
126_S_0709,126_S_0709_m36_2009-08-09,0.0,0.1359009824569824
126_S_0865,126_S_0865_sc_2006-11-21,0.0,0.0916404257561761
126_S_0865,126_S_0865_m06_2007-05-22,0.0,0.09665826160128313
126_S_0865,126_S_0865_m18_2008-05-21,0.0,0.0805490931401624
126_S_0865,126_S_0865_m24_2008-11-20,0.0,0.10348849634104898
126_S_1187,126_S_1187_sc_2007-02-08,0.0,0.16538890915499674
126_S_1187,126_S_1187_m06_2007-08-09,0.0,0.159939074974902
126_S_1187,126_S_1187_m18_2008-08-08,0.0,0.14537637141714344
126_S_1187,126_S_1187_m24_2009-02-07,0.0,0.13994948511068317
126_S_1187,126_S_1187_m60_2012-02-08,0.0,0.13825425486268797
126_S_2360,126_S_2360_m03_2011-08-24,0.0,0.08248246830417072
126_S_2360,126_S_2360_m06_2011-11-23,0.0,0.094497474950961
126_S_2360,126_S_2360_m12_2012-05-24,0.0,0.08520379859106805
126_S_2360,126_S_2360_m24_2013-05-24,0.0,0.08988630467955784
126_S_2360,126_S_2360_m48_2015-05-25,0.0,0.10832296230251597
126_S_2405,126_S_2405_m03_2012-01-10,0.0,0.08529639831714045
126_S_2405,126_S_2405_m06_2012-04-10,0.0,0.09246206270053917
126_S_2405,126_S_2405_m12_2012-10-10,0.0,0.08749488881956066
126_S_2405,126_S_2405_m24_2013-10-10,0.0,0.08627420731420986
126_S_2405,126_S_2405_m48_2015-10-11,0.0,0.09516669337659703
126_S_2407,126_S_2407_m03_2012-03-06,0.0,0.07945998620351331
126_S_2407,126_S_2407_m06_2012-06-05,0.0,0.08749427134331751
126_S_2407,126_S_2407_m12_2012-12-05,0.0,0.0966247435926394
126_S_2407,126_S_2407_m24_2013-12-05,0.0,0.09820088458411338
126_S_2407,126_S_2407_m48_2015-12-06,0.0,0.12444712870869112
126_S_4514,126_S_4514_m03_2012-04-30,0.0,0.058230605128392926
126_S_4514,126_S_4514_m06_2012-07-30,0.0,0.07025032204807681
126_S_4514,126_S_4514_m12_2013-01-29,0.0,0.07962740206892016
126_S_4514,126_S_4514_m24_2014-01-29,0.0,0.0713995224717025
126_S_4514,126_S_4514_m48_2016-01-30,0.0,0.0919161872328538
126_S_4514,126_S_4514_m78_2018-07-31,0.0,0.03635540154918831
126_S_4514,126_S_4514_m90_2019-07-31,0.0,0.041931345565456454
126_S_4514,126_S_4514_m114_2021-07-31,0.0,0.04748079950144181
126_S_4514,126_S_4514_m126_2022-07-31,0.0,0.049663351813379164
126_S_4514,126_S_4514_m138_2023-07-31,0.0,0.054277338967250996
126_S_4891,126_S_4891_m03_2012-10-25,0.0,0.08819403855064929
126_S_4891,126_S_4891_m06_2013-01-24,0.0,0.09034670749719896
126_S_4891,126_S_4891_m12_2013-07-26,0.0,0.08100085822996966
126_S_4891,126_S_4891_m24_2014-07-26,0.0,0.08810663081237136
126_S_4891,126_S_4891_m48_2016-07-26,0.0,0.09772706381766755
126_S_4891,126_S_4891_m72_2018-07-26,0.0,0.06734415568468438
126_S_4896,126_S_4896_m03_2012-10-29,0.0,0.0790393212936436
126_S_4896,126_S_4896_m06_2013-01-28,0.0,0.05554028433574999
126_S_4896,126_S_4896_m12_2013-07-30,0.0,0.06444569658542162
126_S_4896,126_S_4896_m24_2014-07-30,0.0,0.07682974480303144
126_S_4896,126_S_4896_m48_2016-07-30,0.0,0.08733776083206443
126_S_4896,126_S_4896_m72_2018-07-30,0.0,0.05307350077426992
126_S_4896,126_S_4896_m84_2019-07-30,0.0,0.05474075724866144
126_S_4896,126_S_4896_m96_2020-07-30,0.0,0.05086235347180375
127_S_0112,127_S_0112_sc_2006-02-01,0.0,0.12795268105869204
127_S_0112,127_S_0112_m06_2006-08-02,0.0,0.12069843146924453
127_S_0112,127_S_0112_m12_2007-02-01,0.0,0.1024732629684375
127_S_0112,127_S_0112_m18_2007-08-02,0.0,0.12264688956714337
127_S_0112,127_S_0112_m36_2009-01-31,0.0,0.14791262781926323
127_S_0112,127_S_0112_m48_2010-02-01,0.0,0.14090324590536474
127_S_0925,127_S_0925_sc_2006-11-28,0.0,0.08214970087103159
127_S_0925,127_S_0925_m06_2007-05-29,0.0,0.0796140945772004
127_S_0925,127_S_0925_m12_2007-11-28,0.0,0.07703057044621126
127_S_0925,127_S_0925_m18_2008-05-28,0.0,0.0842342551631315
127_S_0925,127_S_0925_m24_2008-11-27,0.0,0.09283232520305987
127_S_0925,127_S_0925_m36_2009-11-27,0.0,0.099709754907288
127_S_1032,127_S_1032_sc_2006-12-19,0.0,0.14241246637200747
127_S_1032,127_S_1032_m18_2008-06-18,0.0,0.14883909959740005
127_S_1032,127_S_1032_m24_2008-12-18,0.0,0.14532781448808058
127_S_1032,127_S_1032_m36_2009-12-18,0.0,0.11403797102409367
127_S_1140,127_S_1140_sc_2007-01-16,0.0,0.11126776104544958
127_S_1140,127_S_1140_m06_2007-07-17,0.0,0.12198480066497973
127_S_1140,127_S_1140_m18_2008-07-16,0.0,0.12698732308745714
127_S_1140,127_S_1140_m24_2009-01-15,0.0,0.13095334259052605
127_S_1140,127_S_1140_m36_2010-01-15,0.0,0.13280733756723764
127_S_1419,127_S_1419_sc_2007-08-28,0.0,0.10639534467203593
127_S_1419,127_S_1419_m12_2008-08-27,0.0,0.08265422518724208
127_S_1419,127_S_1419_m18_2009-02-25,0.0,0.10858885993676509
127_S_1419,127_S_1419_m24_2009-08-27,0.0,0.10915177461142367
127_S_1419,127_S_1419_m36_2010-08-27,0.0,0.1153351407639506
127_S_2213,127_S_2213_m03_2011-03-21,0.0,0.07686676388254335
127_S_2213,127_S_2213_m06_2011-06-20,0.0,0.09682485401909774
127_S_2213,127_S_2213_m12_2011-12-20,0.0,0.05841506008475265
127_S_2213,127_S_2213_m24_2012-12-19,0.0,0.06543185503920555
127_S_2213,127_S_2213_m36_2013-12-19,0.0,0.0685063968480108
127_S_2213,127_S_2213_m48_2014-12-20,0.0,0.053660655060875063
127_S_2234,127_S_2234_m03_2011-03-21,0.0,0.10274311884580599
127_S_2234,127_S_2234_m06_2011-06-20,0.0,0.09274390417883394
127_S_2234,127_S_2234_m12_2011-12-20,0.0,0.1006822777708368
127_S_2234,127_S_2234_m24_2012-12-19,0.0,0.09358028808682649
127_S_2234,127_S_2234_m36_2013-12-19,0.0,0.10401395064355524
127_S_2234,127_S_2234_m48_2014-12-20,0.0,0.09219613307889193
127_S_2234,127_S_2234_m60_2015-12-20,0.0,0.09956970612726294
127_S_2234,127_S_2234_m72_2016-12-19,0.0,0.1131520280363971
127_S_2234,127_S_2234_m84_2017-12-19,0.0,0.08990606869398521
127_S_2234,127_S_2234_m96_2018-12-20,0.0,0.08992684831877654
127_S_2234,127_S_2234_m108_2019-12-20,0.0,0.07455121248540043
127_S_2234,127_S_2234_m132_2021-12-20,0.0,0.07298031703164574
127_S_2234,127_S_2234_m168_2024-12-19,0.0,0.11487129482718243
127_S_4197,127_S_4197_m03_2011-11-16,0.0,0.08005793279507403
127_S_4197,127_S_4197_m06_2012-02-15,0.0,0.07997640316473491
127_S_4197,127_S_4197_m12_2012-08-16,0.0,0.07318344005070061
127_S_4197,127_S_4197_m24_2013-08-16,0.0,0.05115750891353323
127_S_4197,127_S_4197_m60_2016-08-16,0.0,0.08512603784858472
127_S_4301,127_S_4301_m03_2012-01-17,0.0,0.11609772597110066
127_S_4301,127_S_4301_m06_2012-04-17,0.0,0.10037225610666756
127_S_4301,127_S_4301_m12_2012-10-17,0.0,0.09673895635739287
127_S_4301,127_S_4301_m24_2013-10-17,0.0,0.12171610435933063
127_S_4301,127_S_4301_m48_2015-10-18,0.0,0.13634364919999034
127_S_4301,127_S_4301_m60_2016-10-17,0.0,0.10310667474294874
127_S_4301,127_S_4301_m72_2017-10-17,0.0,0.13987257413721302
127_S_4624,127_S_4624_m03_2012-08-22,0.0,0.10434435132429595
127_S_4624,127_S_4624_m06_2012-11-21,0.0,0.10225171628327077
127_S_4624,127_S_4624_m12_2013-05-23,0.0,0.11561076672795906
127_S_4624,127_S_4624_m24_2014-05-23,0.0,0.10649087151684919
127_S_4624,127_S_4624_m48_2016-05-23,0.0,0.11000257590542173
127_S_4765,127_S_4765_m03_2012-08-31,0.0,0.0711966921221901
127_S_4765,127_S_4765_m06_2012-11-30,0.0,0.07775219297533656
127_S_4765,127_S_4765_m12_2013-06-01,0.0,0.07493420330893968
127_S_4765,127_S_4765_m24_2014-06-01,0.0,0.07168634768183745
128_S_0135,128_S_0135_sc_2006-02-17,0.0,0.06866481340300969
128_S_0135,128_S_0135_m06_2006-08-18,0.0,0.06818383748592245
128_S_0135,128_S_0135_m12_2007-02-17,0.0,0.13651806367052713
128_S_0135,128_S_0135_m18_2007-08-18,0.0,0.0651212246328752
128_S_0188,128_S_0188_sc_2006-02-22,0.0,0.06509410019221148
128_S_0188,128_S_0188_m06_2006-08-23,0.0,0.15511256158261358
128_S_0188,128_S_0188_m12_2007-02-22,0.0,0.09833340746630734
128_S_0188,128_S_0188_m18_2007-08-23,0.0,0.08489949093350642
128_S_0188,128_S_0188_m36_2009-02-21,0.0,0.08537690853173244
128_S_0225,128_S_0225_sc_2006-03-08,0.0,0.04716821677175047
128_S_0225,128_S_0225_m06_2006-09-06,0.0,0.06993417386418223
128_S_0225,128_S_0225_m12_2007-03-08,0.0,0.12063936641864535
128_S_0225,128_S_0225_m18_2007-09-06,0.0,0.07271786961858917
128_S_0225,128_S_0225_m24_2008-03-07,0.0,0.0687477658480553
128_S_0227,128_S_0227_sc_2006-04-13,0.0,0.0571816570351021
128_S_0227,128_S_0227_m06_2006-10-12,0.0,0.07275743440615456
128_S_0227,128_S_0227_m12_2007-04-13,0.0,0.0895396301959428
128_S_0227,128_S_0227_m18_2007-10-12,0.0,0.08328349371063164
128_S_0227,128_S_0227_m24_2008-04-12,0.0,0.10378524784403216
128_S_0608,128_S_0608_sc_2006-06-15,0.0,0.053329710682159956
128_S_0608,128_S_0608_m06_2006-12-14,0.0,0.07766323641609137
128_S_0608,128_S_0608_m24_2008-06-14,0.0,0.08847039014108321
128_S_0608,128_S_0608_m36_2009-06-14,0.0,0.06871677920453602
128_S_0611,128_S_0611_sc_2006-06-21,0.0,0.054346763933799995
128_S_0611,128_S_0611_m06_2006-12-20,0.0,0.07953830008483229
128_S_0611,128_S_0611_m12_2007-06-21,0.0,0.077788988004274
128_S_0611,128_S_0611_m18_2007-12-20,0.0,0.08283681268008129
128_S_1088,128_S_1088_bl_2007-01-05,0.0,0.05553423922291108
128_S_1088,128_S_1088_sc_2007-01-05,0.0,0.08033956880304478
128_S_1088,128_S_1088_m06_2007-07-06,0.0,0.07769208473138739
128_S_1088,128_S_1088_m12_2008-01-05,0.0,0.11291436664317436
128_S_1088,128_S_1088_m36_2010-01-04,0.0,0.06775953148658274
128_S_2002,128_S_2002_m03_2010-09-15,0.0,0.06354584276901915
128_S_2002,128_S_2002_m06_2010-12-15,0.0,0.06077134571464077
128_S_2002,128_S_2002_m12_2011-06-16,0.0,0.055661023351539204
128_S_2002,128_S_2002_m24_2012-06-15,0.0,0.05890478513602013
128_S_2002,128_S_2002_m36_2013-06-15,0.0,0.060458827283114476
128_S_2002,128_S_2002_m48_2014-06-16,0.0,0.052701865927764914
128_S_2002,128_S_2002_m72_2016-06-15,0.0,0.05828903992077328
128_S_2002,128_S_2002_m96_2018-06-16,0.0,0.03332712530455431
128_S_2002,128_S_2002_m108_2019-06-16,0.0,0.03485593870770365
128_S_2002,128_S_2002_m132_2021-06-16,0.0,0.03290096957674092
128_S_2045,128_S_2045_m03_2011-01-14,0.0,0.06438080143569622
128_S_2045,128_S_2045_m06_2011-04-15,0.0,0.05566352817912385
128_S_2045,128_S_2045_m12_2011-10-15,0.0,0.0631176120548308
128_S_2045,128_S_2045_m24_2012-10-14,0.0,0.06174675759830005
128_S_2045,128_S_2045_m36_2013-10-14,0.0,0.0557235732083579
128_S_2045,128_S_2045_m48_2014-10-15,0.0,0.05605191021291296
128_S_2123,128_S_2123_m06_2011-05-10,0.0,0.05525175979887777
128_S_2123,128_S_2123_m12_2011-11-09,0.0,0.057050231354414414
128_S_2123,128_S_2123_m24_2012-11-08,0.0,0.061847294305878014
128_S_2123,128_S_2123_m36_2013-11-08,0.0,0.0561279806375769
128_S_2123,128_S_2123_m48_2014-11-09,0.0,0.05707156873695
128_S_2123,128_S_2123_m90_2018-05-10,0.0,0.04948985208436162
128_S_2123,128_S_2123_m108_2019-11-09,0.0,0.0323353582989203
128_S_2123,128_S_2123_m132_2021-11-09,0.9614101571882255,6.349541015065415e-06
128_S_2220,128_S_2220_m03_2011-04-27,0.0,0.06809400911452151
128_S_2220,128_S_2220_m12_2012-01-26,0.0,0.050371614490457295
128_S_2220,128_S_2220_m24_2013-01-25,0.0,0.0652462759905485
128_S_2220,128_S_2220_m36_2014-01-25,0.0,0.061741823865914834
128_S_2220,128_S_2220_m48_2015-01-26,0.0,0.07004726222102954
128_S_2220,128_S_2220_m90_2018-07-27,0.0,0.04437116268446262
128_S_2220,128_S_2220_m102_2019-07-27,0.0,0.04806288827499411
128_S_4553,128_S_4553_m03_2012-05-17,0.0,0.07749069049520549
128_S_4553,128_S_4553_m06_2012-08-16,0.0,0.08000270241211888
128_S_4553,128_S_4553_m12_2013-02-15,0.0,0.06815985081853437
128_S_4553,128_S_4553_m24_2014-02-15,0.0,0.07397727310330635
128_S_4571,128_S_4571_m03_2012-05-24,0.0,0.062239762124832815
128_S_4571,128_S_4571_m06_2012-08-23,0.0,0.06296898101811828
128_S_4571,128_S_4571_m12_2013-02-22,0.0,0.060395013992948186
128_S_4571,128_S_4571_m24_2014-02-22,0.0,0.0661564017640463
128_S_4653,128_S_4653_m03_2012-06-28,0.0,0.04848879407026828
128_S_4653,128_S_4653_m06_2012-09-27,0.0,0.0465122890990097
128_S_4653,128_S_4653_m12_2013-03-29,0.0,0.04806575913738145
128_S_4653,128_S_4653_m24_2014-03-29,0.0,0.04729143855795545
128_S_4842,128_S_4842_m03_2012-09-28,0.0,0.06498015373090446
128_S_4842,128_S_4842_m06_2012-12-28,0.0,0.07100302135784237
128_S_4842,128_S_4842_m12_2013-06-29,0.0,0.05708660936266473
128_S_4842,128_S_4842_m24_2014-06-29,0.0,0.07180485014230528
128_S_4842,128_S_4842_m48_2016-06-29,0.0,0.06337734315071103
128_S_4842,128_S_4842_m66_2017-12-29,0.0,0.05114756704948737
128_S_5066,128_S_5066_m03_2013-03-13,0.0,0.048037542283828914
128_S_5066,128_S_5066_m06_2013-06-12,0.0,0.04722887905827021
128_S_5066,128_S_5066_m12_2013-12-12,0.0,0.06046676122853055
128_S_5066,128_S_5066_m24_2014-12-12,0.0,0.05032930847175553
129_S_1246,129_S_1246_sc_2007-03-12,0.0,0.07125725376324543
129_S_1246,129_S_1246_m12_2008-03-11,0.0,0.04840248891170014
129_S_1246,129_S_1246_m18_2008-09-09,0.0,0.062426388021743676
129_S_1246,129_S_1246_m24_2009-03-11,0.0,0.07030378383331835
129_S_1246,129_S_1246_m36_2010-03-11,0.0,0.051693773496920586
129_S_2332,129_S_2332_m03_2011-06-29,0.0,0.15999081772852572
129_S_2332,129_S_2332_m06_2011-09-28,0.0,0.05306248412025444
129_S_2332,129_S_2332_m12_2012-03-29,0.0,0.08189737083724061
129_S_2332,129_S_2332_m24_2013-03-29,0.0,0.15129178441612834
129_S_2332,129_S_2332_m36_2014-03-29,0.0,0.11819886942581428
129_S_2332,129_S_2332_m48_2015-03-30,0.0,0.10981286785921943
129_S_2332,129_S_2332_m72_2017-03-29,0.0,0.12407357804336658
129_S_2332,129_S_2332_m84_2018-03-29,0.0,0.0672683846552864
129_S_2332,129_S_2332_m96_2019-03-30,0.0,0.05906576318362049
129_S_2332,129_S_2332_m120_2021-03-29,0.0,0.07142520806190518
129_S_2347,129_S_2347_m03_2011-08-15,0.755416800085388,4.9845159972853194e-06
129_S_2347,129_S_2347_m06_2011-11-14,0.0,0.033360386841267325
129_S_2347,129_S_2347_m12_2012-05-15,0.0,0.0702199393181973
129_S_2347,129_S_2347_m24_2013-05-15,0.0,0.08025427044812591
129_S_2347,129_S_2347_m36_2014-05-15,0.0,0.07779975283581178
129_S_4220,129_S_4220_m03_2011-12-02,0.0,0.08940499174796673
129_S_4220,129_S_4220_m06_2012-03-02,0.0,0.05111693008512812
129_S_4220,129_S_4220_m12_2012-09-01,0.0,0.1157396181051421
129_S_4220,129_S_4220_m24_2013-09-01,0.0,0.09467367514656376
129_S_4287,129_S_4287_m03_2012-01-04,0.0,0.061933228561125486
129_S_4287,129_S_4287_m06_2012-04-04,0.0,0.04821233798044248
129_S_4287,129_S_4287_m12_2012-10-04,0.0,0.10840136804473938
129_S_4287,129_S_4287_m24_2013-10-04,0.0,0.08789490197699687
129_S_4287,129_S_4287_m48_2015-10-05,0.0,0.1059884132650356
129_S_6830,129_S_6830_sc_2019-11-04,0.0,0.058841233749140874
129_S_6830,129_S_6830_m12_2020-11-03,0.0,0.05250322635844591
129_S_6830,129_S_6830_m24_2021-11-03,0.0,0.051760958515620986
129_S_6830,129_S_6830_m36_2022-11-03,0.0,0.06109466721709504
130_S_0102,130_S_0102_sc_2006-01-13,0.0,0.14917422651645862
130_S_0102,130_S_0102_m06_2006-07-14,0.0,0.13048257769351615
130_S_0102,130_S_0102_m12_2007-01-13,0.0,0.13640841002672688
130_S_0102,130_S_0102_m18_2007-07-14,0.0,0.11013690644176283
130_S_0285,130_S_0285_sc_2006-04-03,0.0,0.11329112683912361
130_S_0285,130_S_0285_m12_2007-04-03,0.0,0.11193706563131428
130_S_0285,130_S_0285_m24_2008-04-02,0.0,0.11809322580385904
130_S_0285,130_S_0285_m48_2010-04-03,0.0,0.10782920320795984
130_S_0449,130_S_0449_bl_2006-06-28,0.0,0.11963302948022642
130_S_0449,130_S_0449_sc_2006-06-28,0.0,0.13133698866037713
130_S_0449,130_S_0449_m06_2006-12-27,0.0,0.12618070845884344
130_S_0449,130_S_0449_m24_2008-06-27,0.0,0.13643903192638435
130_S_0505,130_S_0505_bl_2006-10-11,0.0,0.12121701427726311
130_S_0505,130_S_0505_m06_2007-04-11,0.0,0.12315675913065605
130_S_0505,130_S_0505_m18_2008-04-10,0.0,0.11932154995076713
130_S_0505,130_S_0505_m24_2008-10-10,0.0,0.10415525798209571
130_S_0505,130_S_0505_m36_2009-10-10,0.0,0.09741678205599792
130_S_0783,130_S_0783_sc_2006-08-29,0.0,0.14898514615855668
130_S_0783,130_S_0783_m06_2007-02-27,0.0,0.14882096860965552
130_S_0783,130_S_0783_m12_2007-08-29,0.0,0.15756681318569554
130_S_0783,130_S_0783_m18_2008-02-27,0.0,0.14316484546029987
130_S_0783,130_S_0783_m24_2008-08-28,0.0,0.17180102322477467
130_S_2373,130_S_2373_m03_2011-09-05,0.0,0.13728625207386996
130_S_2373,130_S_2373_m06_2011-12-05,0.0,0.13912462392445407
130_S_2373,130_S_2373_m12_2012-06-05,0.0,0.1563683938654548
130_S_2373,130_S_2373_m24_2013-06-05,0.0,0.14284903679518007
130_S_2373,130_S_2373_m36_2014-06-05,0.0,0.14748518614127945
130_S_2373,130_S_2373_m48_2015-06-06,0.0,0.1301975026980429
130_S_2391,130_S_2391_m03_2011-09-23,0.0,0.09111493089073111
130_S_2391,130_S_2391_m12_2012-06-23,0.0,0.09893537956687554
130_S_2391,130_S_2391_m24_2013-06-23,0.0,0.08508328886157662
130_S_2391,130_S_2391_m60_2016-06-23,0.0,0.09445344309553104
130_S_4294,130_S_4294_m03_2012-01-06,0.0,0.09383537654228147
130_S_4294,130_S_4294_m06_2012-04-06,0.0,0.09369559829067986
130_S_4294,130_S_4294_m12_2012-10-06,0.0,0.09869304787611445
130_S_4294,130_S_4294_m24_2013-10-06,0.0,0.0976916030370849
130_S_4294,130_S_4294_m48_2015-10-07,0.0,0.11498725981982658
130_S_4417,130_S_4417_m03_2012-03-06,0.0,0.08979898314973042
130_S_4417,130_S_4417_m06_2012-06-05,0.0,0.09050018763886071
130_S_4417,130_S_4417_m12_2012-12-05,0.0,0.08479023007066525
130_S_4417,130_S_4417_m24_2013-12-05,0.0,0.0864692775818954
130_S_4417,130_S_4417_m48_2015-12-06,0.0,0.09780594199929171
130_S_4417,130_S_4417_m66_2017-06-06,0.0,0.09549247102720798
130_S_4417,130_S_4417_m78_2018-06-06,0.0,0.09457207797421639
130_S_4417,130_S_4417_m90_2019-06-06,0.0,0.07739766636803855
130_S_4417,130_S_4417_m102_2020-06-05,0.0,0.09277779943623773
130_S_4817,130_S_4817_m03_2012-09-20,0.0,0.10472178872240703
130_S_4817,130_S_4817_m06_2012-12-20,0.0,0.09550997446591467
130_S_4817,130_S_4817_m12_2013-06-21,0.0,0.09589269411874696
130_S_4817,130_S_4817_m24_2014-06-21,0.0,0.1008205809452056
130_S_4817,130_S_4817_m48_2016-06-21,0.0,0.10473262081854956
130_S_4817,130_S_4817_m60_2017-06-21,0.0,0.07972766458978447
130_S_4817,130_S_4817_m72_2018-06-21,0.0,0.0822710990572175
130_S_4817,130_S_4817_m84_2019-06-21,0.0,0.10155594419596028
130_S_4817,130_S_4817_m108_2021-06-21,0.0,0.09711471686596757
130_S_4883,130_S_4883_m03_2012-10-23,0.0,0.10166110507478165
130_S_4883,130_S_4883_m06_2013-01-22,0.0,0.10164876952086058
130_S_4883,130_S_4883_m12_2013-07-24,0.0,0.09550452259035885
130_S_4883,130_S_4883_m24_2014-07-24,0.0,0.10939906157090848
130_S_4925,130_S_4925_m03_2012-11-27,0.0,0.0904929808098959
130_S_4925,130_S_4925_m06_2013-02-26,0.0,0.07509770395970122
130_S_4925,130_S_4925_m12_2013-08-28,0.0,0.09516634934404569
130_S_4925,130_S_4925_m24_2014-08-28,0.0,0.0959793601012714
130_S_6604,130_S_6604_sc_2018-10-08,0.0,0.09767189532669625
130_S_6604,130_S_6604_m12_2019-10-08,0.0,0.09615528489185407
130_S_6604,130_S_6604_m24_2020-10-07,0.0,0.1040471058117286
130_S_6604,130_S_6604_m36_2021-10-07,0.0,0.10434031190072073
130_S_6688,130_S_6688_sc_2019-02-07,0.0,0.09580375766390894
130_S_6688,130_S_6688_m12_2020-02-07,0.0,0.09547003755786511
130_S_6688,130_S_6688_m24_2021-02-06,0.0,0.09489207992181325
130_S_6688,130_S_6688_m42_2022-08-08,0.0,0.08512966680363374
131_S_0384,131_S_0384_m06_2006-10-24,0.0,0.13580644105577383
131_S_0384,131_S_0384_m12_2007-04-25,0.0,0.11749877407989562
131_S_0384,131_S_0384_m24_2008-04-24,0.0,0.11250627822620157
131_S_0384,131_S_0384_m36_2009-04-24,0.0,0.12455795550085222
131_S_0384,131_S_0384_m48_2010-04-25,0.0,0.11230391655612477
131_S_0384,131_S_0384_m138_2017-10-24,0.0,0.09386484841108281
133_S_0727,133_S_0727_bl_2006-09-20,0.0,0.14610232951140567
133_S_0727,133_S_0727_sc_2006-09-20,0.0,0.11433408006348544
133_S_0727,133_S_0727_m06_2007-03-21,0.0,0.14870814004152577
133_S_0727,133_S_0727_m12_2007-09-20,0.0,0.13244275419914786
133_S_0771,133_S_0771_bl_2006-10-04,0.0,0.12879188173397657
133_S_0771,133_S_0771_sc_2006-10-04,0.0,0.1427245829875614
133_S_0771,133_S_0771_m06_2007-04-04,0.0,0.13412966620841765
133_S_0771,133_S_0771_m18_2008-04-03,0.0,0.15175757624234384
133_S_0771,133_S_0771_m24_2008-10-03,0.0,0.13217643810540045
133_S_0792,133_S_0792_bl_2006-09-25,0.0,0.18125750067929663
133_S_0792,133_S_0792_sc_2006-09-25,0.0,0.15769948749847448
133_S_0792,133_S_0792_m06_2007-03-26,0.0,0.14298972483774688
133_S_0792,133_S_0792_m24_2008-09-24,0.0,0.13418177467887094
133_S_0912,133_S_0912_bl_2006-10-24,0.0,0.07581849949739045
133_S_0912,133_S_0912_sc_2006-10-24,0.0,0.10832614429892988
133_S_0912,133_S_0912_m06_2007-04-24,0.0,0.10036360503490556
133_S_0912,133_S_0912_m18_2008-04-23,0.0,0.10508006265455183
133_S_0912,133_S_0912_m24_2008-10-23,0.0,0.09818493275490477
135_S_4722,135_S_4722_m03_2012-08-08,0.0,0.07038856237290216
135_S_4722,135_S_4722_m06_2012-11-07,0.0,0.08846254998956724
135_S_4722,135_S_4722_m12_2013-05-09,0.0,0.08243401731705371
135_S_4722,135_S_4722_m24_2014-05-09,0.0,0.08149512452414659
135_S_4722,135_S_4722_m48_2016-05-09,0.0,0.06644415865370915
135_S_4722,135_S_4722_m60_2017-05-09,0.0,0.06127247267028504
135_S_4722,135_S_4722_m72_2018-05-09,0.0,0.06341985529598085
135_S_4722,135_S_4722_m84_2019-05-09,0.0,0.0661909812281048
135_S_4722,135_S_4722_m96_2020-05-09,0.0,0.0651760097015622
135_S_4722,135_S_4722_m108_2021-05-09,0.0,0.055487393210233354
135_S_4722,135_S_4722_m120_2022-05-09,0.0,0.052029102692946624
135_S_6446,135_S_6446_sc_2018-06-21,0.0,0.06544565920143038
135_S_6446,135_S_6446_m12_2019-06-21,0.0,0.062371597783062976
135_S_6446,135_S_6446_m24_2020-06-20,0.0,0.060843353263772125
135_S_6446,135_S_6446_m36_2021-06-20,0.0,0.05258675654838971
135_S_6446,135_S_6446_m48_2022-06-21,0.0,0.05905563167702124
135_S_6446,135_S_6446_m60_2023-06-21,0.0,0.045844202851440405
135_S_6586,135_S_6586_sc_2018-09-19,0.0,0.05149667933907784
135_S_6586,135_S_6586_m12_2019-09-19,0.0,0.046910849365172785
135_S_6586,135_S_6586_m24_2020-09-18,0.0,0.03635490427138709
135_S_6586,135_S_6586_m36_2021-09-18,0.0,0.026938187292083752
135_S_6586,135_S_6586_m48_2022-09-19,1.0,0.0
135_S_6586,135_S_6586_m66_2024-03-20,0.0,0.06185680020195855
135_S_6703,135_S_6703_sc_2019-03-22,0.0,0.055466109559568016
135_S_6703,135_S_6703_m12_2020-03-21,1.0,0.0
135_S_6703,135_S_6703_m24_2021-03-21,0.0,0.04787403971857093
135_S_6703,135_S_6703_m36_2022-03-21,0.0,0.05046366787727811
135_S_6703,135_S_6703_m48_2023-03-22,1.0,0.0
136_S_0107,136_S_0107_sc_2006-02-27,0.0,0.13591866107216652
136_S_0107,136_S_0107_m06_2006-08-28,0.0,0.13152187415832695
136_S_0107,136_S_0107_m12_2007-02-27,0.0,0.13008637809827323
136_S_0107,136_S_0107_m18_2007-08-28,0.0,0.12153589792430147
136_S_0107,136_S_0107_m24_2008-02-27,0.0,0.1228855892206627
136_S_0107,136_S_0107_m36_2009-02-26,0.0,0.12657880937648627
136_S_0107,136_S_0107_m48_2010-02-27,0.0,0.1165438645610859
136_S_0107,136_S_0107_m72_2012-02-27,0.0,0.10960306426205493
136_S_0874,136_S_0874_sc_2006-11-27,0.0,0.13230084166839187
136_S_0874,136_S_0874_m06_2007-05-28,0.0,0.14240740686842818
136_S_0874,136_S_0874_m12_2007-11-27,0.0,0.1562980801505907
136_S_0874,136_S_0874_m18_2008-05-27,0.0,0.13288080382627174
137_S_0158,137_S_0158_sc_2006-03-20,0.0,0.045817072643864455
137_S_0158,137_S_0158_m06_2006-09-18,0.0,0.05680801812411932
137_S_0158,137_S_0158_m12_2007-03-20,0.0,0.04710816358576883
137_S_0158,137_S_0158_m18_2007-09-18,0.0,0.04942218932657831
137_S_0158,137_S_0158_m24_2008-03-19,0.0,0.053635739275053884
137_S_0158,137_S_0158_m36_2009-03-19,0.0,0.050261406530460837
137_S_0443,137_S_0443_m06_2007-05-04,0.0,0.055736536929477776
137_S_0443,137_S_0443_m12_2007-11-03,0.0,0.04614971786127866
137_S_0443,137_S_0443_m18_2008-05-03,0.0,0.051132703100834155
137_S_0443,137_S_0443_m24_2008-11-02,0.0,0.0549891396042891
137_S_0481,137_S_0481_m06_2006-12-11,0.0,0.08275862273434732
137_S_0481,137_S_0481_m12_2007-06-12,0.0,0.07019857489772863
137_S_0481,137_S_0481_m18_2007-12-11,0.0,0.0676430633840911
137_S_0481,137_S_0481_m24_2008-06-11,0.0,0.0830379816946195
137_S_0669,137_S_0669_sc_2006-08-23,0.0,0.06291527171240777
137_S_0669,137_S_0669_m06_2007-02-21,0.0,0.05395088959201948
137_S_0669,137_S_0669_m12_2007-08-23,0.0,0.061080176706122535
137_S_0669,137_S_0669_m18_2008-02-21,0.0,0.0642167502509044
137_S_0669,137_S_0669_m24_2008-08-22,0.0,0.05549199327942383
137_S_0722,137_S_0722_m06_2007-03-13,0.0,0.05933042228957516
137_S_0722,137_S_0722_m18_2008-03-12,0.0,0.06409221169840297
137_S_0722,137_S_0722_m24_2008-09-11,0.0,0.06067805133134591
137_S_0722,137_S_0722_m36_2009-09-11,0.0,0.06643980231019861
137_S_0722,137_S_0722_m72_2012-09-11,0.0,0.055310243928933696
137_S_0722,137_S_0722_m84_2013-09-11,0.0,0.05261026872239657
137_S_0722,137_S_0722_m96_2014-09-12,0.0,0.05877685919435974
137_S_0800,137_S_0800_sc_2006-09-01,0.0,0.05665171252012392
137_S_0800,137_S_0800_m06_2007-03-02,0.0,0.053054310429793486
137_S_0800,137_S_0800_m24_2008-08-31,0.0,0.061775985254115706
137_S_0800,137_S_0800_m48_2010-09-01,0.0,0.05776185479411865
137_S_0800,137_S_0800_m72_2012-08-31,0.0,0.05714397065167377
137_S_0800,137_S_0800_m84_2013-08-31,0.0,0.08623691906772693
137_S_0800,137_S_0800_m96_2014-09-01,0.0,0.07290338595226067
137_S_0800,137_S_0800_m120_2016-08-31,0.0,0.07957455633921572
137_S_0973,137_S_0973_sc_2006-12-12,0.0,0.06912809599553968
137_S_0973,137_S_0973_m06_2007-06-12,0.0,0.07776239384158348
137_S_0973,137_S_0973_m12_2007-12-12,0.0,0.08636251238782597
137_S_0973,137_S_0973_m18_2008-06-11,0.0,0.06077166983449284
137_S_0973,137_S_0973_m24_2008-12-11,0.0,0.0699708019450683
137_S_0994,137_S_0994_sc_2006-12-20,0.0,0.05144418211504821
137_S_0994,137_S_0994_m06_2007-06-20,0.0,0.05240230498758522
137_S_0994,137_S_0994_m18_2008-06-19,0.0,0.059880100704837236
137_S_0994,137_S_0994_m24_2008-12-19,0.0,0.0557566656077538
137_S_0994,137_S_0994_m36_2009-12-19,0.0,0.06213156185621504
137_S_4299,137_S_4299_m03_2012-01-11,0.0,0.06325367469750773
137_S_4299,137_S_4299_m06_2012-04-11,0.0,0.08034236613563005
137_S_4299,137_S_4299_m12_2012-10-11,0.0,0.0720158215433598
137_S_4299,137_S_4299_m24_2013-10-11,0.0,0.07600606811122877
137_S_4299,137_S_4299_m72_2017-10-11,0.0,0.07444083325378187
137_S_4299,137_S_4299_m84_2018-10-11,0.0,0.06784978103103198
137_S_4331,137_S_4331_m03_2012-01-24,0.0,0.06292833067522124
137_S_4331,137_S_4331_m06_2012-04-24,0.0,0.061708380874390914
137_S_4331,137_S_4331_m12_2012-10-24,0.0,0.05472228292225348
137_S_4331,137_S_4331_m24_2013-10-24,0.0,0.059540101102400864
137_S_4351,137_S_4351_m03_2012-01-31,0.0,0.08412730534323697
137_S_4351,137_S_4351_m06_2012-05-01,0.0,0.10001379136259517
137_S_4351,137_S_4351_m12_2012-10-31,0.0,0.09911695431398221
137_S_4351,137_S_4351_m24_2013-10-31,0.0,0.08738333166828446
137_S_4351,137_S_4351_m48_2015-11-01,0.0,0.10631341829082004
137_S_4351,137_S_4351_m72_2017-10-31,0.0,0.09972299374175879
137_S_4351,137_S_4351_m96_2019-11-01,0.0,0.09779616651539111
137_S_4536,137_S_4536_m03_2012-05-09,0.0,0.09167980460304165
137_S_4536,137_S_4536_m06_2012-08-08,0.0,0.08803774196187616
137_S_4536,137_S_4536_m12_2013-02-07,0.0,0.08707050613763578
137_S_4536,137_S_4536_m24_2014-02-07,0.0,0.0962920599750817
137_S_4536,137_S_4536_m48_2016-02-08,0.0,0.10365095826197959
137_S_4536,137_S_4536_m66_2017-08-09,0.0,0.08489048375295458
137_S_4536,137_S_4536_m78_2018-08-09,0.0,0.0931959717804274
137_S_4536,137_S_4536_m90_2019-08-09,0.0,0.0869183462692088
137_S_4536,137_S_4536_m102_2020-08-08,0.0,0.08142809758713696
137_S_4623,137_S_4623_m03_2012-06-19,0.0,0.06157493339259564
137_S_4623,137_S_4623_m06_2012-09-18,0.0,0.058088385955117144
137_S_4623,137_S_4623_m12_2013-03-20,0.0,0.0553074412087146
137_S_4623,137_S_4623_m24_2014-03-20,0.0,0.05569132632322857
137_S_4631,137_S_4631_m03_2012-06-20,0.0,0.05802492020075701
137_S_4631,137_S_4631_m06_2012-09-19,0.0,0.06790437474036493
137_S_4631,137_S_4631_m12_2013-03-21,0.0,0.06178510003550998
137_S_4631,137_S_4631_m24_2014-03-21,0.0,0.07141330120309551
137_S_4678,137_S_4678_m03_2012-07-11,0.0,0.061179440721220835
137_S_4678,137_S_4678_m06_2012-10-10,0.0,0.053993010328577895
137_S_4678,137_S_4678_m12_2013-04-11,0.0,0.061693419757691687
137_S_4678,137_S_4678_m24_2014-04-11,0.0,0.050038317302249925
141_S_1052,141_S_1052_sc_2006-11-30,0.0,0.05592502966811087
141_S_1052,141_S_1052_m06_2007-05-31,0.0,0.06584837509341387
141_S_1052,141_S_1052_m12_2007-11-30,0.0,0.05958574764030257
141_S_1052,141_S_1052_m84_2013-11-29,0.0,0.04499960205143888
141_S_1052,141_S_1052_m96_2014-11-30,0.0,0.053977643205147044
141_S_1052,141_S_1052_m126_2017-05-31,0.0,0.05101171894171889
141_S_1052,141_S_1052_m138_2018-05-31,0.0,0.05803343339924947
141_S_1052,141_S_1052_m150_2019-06-01,0.0,0.055114174727905196
141_S_1052,141_S_1052_m174_2021-05-31,0.0,0.05789181879984619
141_S_1378,141_S_1378_sc_2007-04-09,0.0,0.06419060458916465
141_S_1378,141_S_1378_m12_2008-04-08,0.0,0.07027313189218076
141_S_1378,141_S_1378_m120_2017-04-08,0.0,0.06291248403432502
141_S_1378,141_S_1378_m144_2019-04-09,0.0,0.06518276902887882
141_S_4160,141_S_4160_m03_2011-10-31,0.0,0.062018039735897756
141_S_4160,141_S_4160_m06_2012-01-30,0.0,0.06388981975870527
141_S_4160,141_S_4160_m12_2012-07-31,0.0,0.07824653416547653
141_S_4160,141_S_4160_m24_2013-07-31,0.0,0.06201765299113288
141_S_4160,141_S_4160_m66_2017-01-30,0.0,0.0712458878977832
141_S_4160,141_S_4160_m84_2018-07-31,0.0,0.06802994241176191
141_S_4232,141_S_4232_m03_2011-12-09,0.0,0.062217470122752735
141_S_4232,141_S_4232_m06_2012-03-09,0.0,0.06879162837551481
141_S_4232,141_S_4232_m12_2012-09-08,0.0,0.07187477768782442
141_S_4232,141_S_4232_m24_2013-09-08,0.0,0.07000874210123485
153_S_2148,153_S_2148_m03_2011-02-16,0.0,0.06524839367410673
153_S_2148,153_S_2148_m06_2011-05-18,0.0,0.05811430478936125
153_S_2148,153_S_2148_m12_2011-11-17,0.0,0.0680116981589397
153_S_2148,153_S_2148_m24_2012-11-16,0.0,0.062437687483362966
153_S_2148,153_S_2148_m36_2013-11-16,0.0,0.06914086767142733
153_S_4077,153_S_4077_m03_2011-09-07,0.0,0.05764569344725068
153_S_4077,153_S_4077_m06_2011-12-07,0.0,0.070347109122775
153_S_4077,153_S_4077_m12_2012-06-07,0.0,0.06530178322430091
153_S_4077,153_S_4077_m24_2013-06-07,0.0,0.06699584820836767
153_S_4077,153_S_4077_m48_2015-06-08,0.0,0.061741889728137885
153_S_4838,153_S_4838_m03_2012-10-01,0.0,0.05599356270708079
153_S_4838,153_S_4838_m06_2012-12-31,0.0,0.06274991531432375
153_S_4838,153_S_4838_m12_2013-07-02,0.0,0.07098565236063176
153_S_4838,153_S_4838_m24_2014-07-02,0.0,0.061710148321422686
168_S_6180,168_S_6180_sc_2018-02-23,0.0,0.051817047151413984
168_S_6180,168_S_6180_m12_2019-02-23,0.0,0.057881231017800405
168_S_6180,168_S_6180_m30_2020-08-24,0.0,0.052594286749943236
168_S_6180,168_S_6180_m54_2022-08-24,0.0,0.05520928171679483
168_S_6541,168_S_6541_sc_2018-08-17,0.0,0.09052980331295998
168_S_6541,168_S_6541_m12_2019-08-17,0.0,0.07991816679540349
168_S_6541,168_S_6541_m24_2020-08-16,0.0,0.0624976976091397
168_S_6541,168_S_6541_m42_2022-02-15,0.0,0.08556862500185265
301_S_6056,301_S_6056_sc_2017-07-24,0.0,0.10234433486859544
301_S_6056,301_S_6056_m12_2018-07-24,0.0,0.10068522467627543
301_S_6056,301_S_6056_m24_2019-07-24,0.0,0.09803200273983526
301_S_6056,301_S_6056_m48_2021-07-24,0.0,0.09935375561909085
301_S_6056,301_S_6056_m96_2025-07-24,0.0,0.10469739385905477
301_S_6297,301_S_6297_sc_2018-04-04,0.0,0.09193117030790307
301_S_6297,301_S_6297_m12_2019-04-04,0.0,0.09704946247810603
301_S_6297,301_S_6297_m24_2020-04-03,0.0,0.0926271306397162
301_S_6297,301_S_6297_m36_2021-04-03,0.0,0.09656989457603285
301_S_6297,301_S_6297_m48_2022-04-04,0.0,0.09822562308868969
305_S_6378,305_S_6378_sc_2018-05-18,0.0,0.09903449992785121
305_S_6378,305_S_6378_m12_2019-05-18,0.0,0.09713792343835058
305_S_6378,305_S_6378_m24_2020-05-17,0.0,0.09026999625959256
305_S_6378,305_S_6378_m36_2021-05-17,0.0,0.09528173839736631
941_S_4036,941_S_4036_m03_2011-08-05,0.0,0.053257975763017176
941_S_4036,941_S_4036_m06_2011-11-04,0.0,0.04828507630664097
941_S_4036,941_S_4036_m12_2012-05-05,0.0,0.06288573965720529
941_S_4036,941_S_4036_m24_2013-05-05,0.0,0.05529514262115379
941_S_4036,941_S_4036_m48_2015-05-06,0.0,0.050787839653749535
941_S_4036,941_S_4036_m78_2017-11-04,0.0,0.06484954829110531
941_S_4036,941_S_4036_m90_2018-11-04,0.0,0.05732126687766654
941_S_4036,941_S_4036_m102_2019-11-04,0.0,0.06754594616316223
941_S_4036,941_S_4036_m114_2020-11-04,0.0,0.06138703307702363
941_S_4187,941_S_4187_m03_2011-11-14,0.0,0.052039082033810205
941_S_4187,941_S_4187_m06_2012-02-13,0.0,0.05406556008908195
941_S_4187,941_S_4187_m12_2012-08-14,0.0,0.05478439812517518
941_S_4187,941_S_4187_m24_2013-08-14,0.0,0.05457727813663662
941_S_4187,941_S_4187_m48_2015-08-15,0.0,0.05665179693713231
941_S_4187,941_S_4187_m72_2017-08-14,0.0,0.060930315664529514
941_S_4187,941_S_4187_m96_2019-08-15,0.0,0.052445293748323664
941_S_4187,941_S_4187_m108_2020-08-14,0.0,0.05512037964423852
941_S_4187,941_S_4187_m120_2021-08-14,0.0,0.05279190076182837
941_S_4187,941_S_4187_m132_2022-08-15,0.0,0.045631368169422114
