{
  "BSC_dir": 0.2450745403766632,
  "BSC_mag": 0.28160786628723145,
  "Nboundary": 54002,
  "engine": "atropos",
  "units": "SD/mm",
  "spacing": [
    1.0,
    1.0,
    1.0
  ],
  "mu_wm": 631.4365234375,
  "sd_wm": 140.26971435546875,
  "t1": "data/raw/adni/adni_3yr_3t/027_S_1385/MPR__GradWarp__B1_Correction__N3__Scaled/2007-09-26_13_19_31.0/I79577/ADNI_027_S_1385_MR_MPR__GradWarp__B1_Correction__N3__Scaled_Br_20071029184029245_S40030_I79577.nii"
}