{
  "BSC_dir": 0.3559070825576782,
  "BSC_mag": 0.4190489947795868,
  "Nboundary": 48091,
  "engine": "atropos",
  "units": "SD/mm",
  "spacing": [
    1.0,
    1.0,
    1.0
  ],
  "mu_wm": 338.2803955078125,
  "sd_wm": 54.1323127746582,
  "t1": "data/raw/adni/adni_3yr_3t/023_S_0031/MPR__GradWarp__B1_Correction__N3__Scaled/2006-04-17_12_33_25.0/I81856/ADNI_023_S_0031_MR_MPR__GradWarp__B1_Correction__N3__Scaled_Br_20071113171515548_S13261_I81856.nii"
}