{
  "BSC_dir": 0.09528099000453949,
  "BSC_mag": 0.10238555073738098,
  "Nboundary": 59998,
  "engine": "atropos",
  "units": "SD/mm",
  "spacing": [
    1.0,
    1.0,
    1.0
  ],
  "mu_wm": 181.39527893066406,
  "sd_wm": 121.64594268798828,
  "t1": "data/raw/oasis3/t1_mprage_sag/t1_mprage_sag_images/OASIS_OAS31345_20250501122614367.nii"
}