{
  "BSC_dir": 0.24982339143753052,
  "BSC_mag": 0.2771165072917938,
  "Nboundary": 94921,
  "engine": "atropos",
  "units": "SD/mm",
  "spacing": [
    0.9999999704773447,
    1.000000000938796,
    0.9999999969369114
  ],
  "mu_wm": 202.09812927246094,
  "sd_wm": 52.75859069824219,
  "t1": "data/raw/oasis3/t1_mprage_sag/t1_mprage_sag_images/OASIS_OAS31286_20250501091959143.nii"
}