{
  "BSC_dir": 0.3791208863258362,
  "BSC_mag": 0.46463218331336975,
  "Nboundary": 41931,
  "engine": "atropos",
  "units": "SD/mm",
  "spacing": [
    1.0,
    1.0,
    1.0
  ],
  "mu_wm": 290.8758850097656,
  "sd_wm": 52.45402145385742,
  "t1": "data/raw/adni/adni_3yr_3t/136_S_0195/MPR____N3__Scaled_2/2006-04-04_10_54_57.0/I119721/ADNI_136_S_0195_MR_MPR____N3__Scaled_2_Br_20081008133516751_S12748_I119721.nii"
}