{
  "BSC_dir": 0.6172078847885132,
  "BSC_mag": 0.9125350713729858,
  "Nboundary": 29114,
  "engine": "atropos",
  "units": "SD/mm",
  "spacing": [
    1.0,
    1.0,
    1.0
  ],
  "mu_wm": 305.9189147949219,
  "sd_wm": 37.24020004272461,
  "t1": "data/raw/adni/adni_3yr_3t/136_S_0184/MPR____N3__Scaled/2006-09-06_15_57_40.0/I88159/ADNI_136_S_0184_MR_MPR____N3__Scaled_Br_20080123103107781_S18601_I88159.nii"
}