{
  "BSC_dir": 0.38015317916870117,
  "BSC_mag": 0.4705660045146942,
  "Nboundary": 55807,
  "engine": "atropos",
  "units": "SD/mm",
  "spacing": [
    1.0,
    1.0,
    1.0
  ],
  "mu_wm": 699.0010375976562,
  "sd_wm": 111.6732177734375,
  "t1": "data/raw/adni/adni_3yr_3t/027_S_0307/MPR__GradWarp__B1_Correction__N3__Scaled/2008-04-16_15_37_20.0/I103681/ADNI_027_S_0307_MR_MPR__GradWarp__B1_Correction__N3__Scaled_Br_20080423173553799_S48827_I103681.nii"
}