{
  "BSC_dir": 0.294941782951355,
  "BSC_mag": 0.351803719997406,
  "Nboundary": 38185,
  "engine": "atropos",
  "units": "SD/mm",
  "spacing": [
    1.0,
    1.0,
    1.0
  ],
  "mu_wm": 320.1165771484375,
  "sd_wm": 67.13764190673828,
  "t1": "data/raw/adni/adni_3yr_3t/136_S_0086/MPR____N3__Scaled_2/2006-05-08_10_55_23.0/I119685/ADNI_136_S_0086_MR_MPR____N3__Scaled_2_Br_20081008132340839_S14069_I119685.nii"
}