{
  "BSC_dir": 0.3521251380443573,
  "BSC_mag": 0.40612050890922546,
  "Nboundary": 53687,
  "engine": "atropos",
  "units": "SD/mm",
  "spacing": [
    1.0,
    1.0,
    1.0
  ],
  "mu_wm": 372.3883056640625,
  "sd_wm": 60.36764907836914,
  "t1": "data/raw/adni/adni_3yr_3t/023_S_0031/MPR-R__GradWarp__B1_Correction__N3__Scaled/2008-12-02_12_05_10.0/I132325/ADNI_023_S_0031_MR_MPR-R__GradWarp__B1_Correction__N3__Scaled_Br_20081229135949270_S60420_I132325.nii"
}