{
  "BSC_dir": 0.47073066234588623,
  "BSC_mag": 0.5771028399467468,
  "Nboundary": 31324,
  "engine": "atropos",
  "units": "SD/mm",
  "spacing": [
    1.0,
    1.0,
    1.0
  ],
  "mu_wm": 331.937255859375,
  "sd_wm": 49.527915954589844,
  "t1": "data/raw/adni/adni_3yr_3t/130_S_0956/MPR____N3__Scaled/2007-11-01_09_21_36.0/I82700/ADNI_130_S_0956_MR_MPR____N3__Scaled_Br_20071119103328096_S42138_I82700.nii"
}