{
  "BSC_dir": 0.3199675679206848,
  "BSC_mag": 0.36688706278800964,
  "Nboundary": 56245,
  "engine": "atropos",
  "units": "SD/mm",
  "spacing": [
    1.0,
    1.0,
    1.0
  ],
  "mu_wm": 529.6251831054688,
  "sd_wm": 95.09224700927734,
  "t1": "data/raw/adni/adni_3yr_3t/023_S_0031/MPR-R__GradWarp__B1_Correction__N3__Scaled_2/2006-10-30_12_38_28.0/I118846/ADNI_023_S_0031_MR_MPR-R__GradWarp__B1_Correction__N3__Scaled_2_Br_20081001151855574_S21475_I118846.nii"
}