{
  "BSC_dir": 0.25528430938720703,
  "BSC_mag": 0.30766698718070984,
  "Nboundary": 44236,
  "engine": "atropos",
  "units": "SD/mm",
  "spacing": [
    1.0000000375837497,
    1.0000000136752678,
    1.000000036288285
  ],
  "mu_wm": 344.33056640625,
  "sd_wm": 72.1460189819336,
  "t1": "data/raw/adni/adni_3yr_3t/136_S_0086/MPR____N3__Scaled/2009-05-05_09_11_33.0/I151355/ADNI_136_S_0086_MR_MPR____N3__Scaled_Br_20090731120802463_S67044_I151355.nii"
}