{
  "BSC_dir": 0.17328673601150513,
  "BSC_mag": 0.18680012226104736,
  "Nboundary": 75998,
  "engine": "atropos",
  "units": "SD/mm",
  "spacing": [
    1.0000000047470508,
    0.999999979941572,
    1.0000000085674583
  ],
  "mu_wm": 265.45526123046875,
  "sd_wm": 92.34178924560547,
  "t1": "data/raw/oasis3/t1_mprage_sag/t1_mprage_sag_images/OASIS_OAS31261_20250501065604660.nii"
}