image_id,subject,t1_path,bsc_dir,date,years,field_strength_ida
002_S_0782_sc_2006-08-23,002_S_0782,/project/rrg-mchakrav-ab/moncia/ADNI/bids_adni1/sub-002S0782/ses-sc/anat/sub-002S0782_ses-sc_acq-15T_T1w.nii.gz,/scratch/ishaan/adni_trillium/derivatives/bsc/002_S_0782_sc_2006-08-23,2006-08-14,0.0,1.5
002_S_0782_m06_2007-02-21,002_S_0782,/project/rrg-mchakrav-ab/moncia/ADNI/bids_adni1/sub-002S0782/ses-m06/anat/sub-002S0782_ses-m06_acq-15T_T1w.nii.gz,/scratch/ishaan/adni_trillium/derivatives/bsc/002_S_0782_m06_2007-02-21,2007-04-11,0.6570841889117043,1.5
002_S_0782_m12_2007-08-23,002_S_0782,/project/rrg-mchakrav-ab/moncia/ADNI/bids_adni1/sub-002S0782/ses-m12/anat/sub-002S0782_ses-m12_acq-15T_T1w.nii.gz,/scratch/ishaan/adni_trillium/derivatives/bsc/002_S_0782_m12_2007-08-23,2007-09-19,1.0978781656399725,1.5
002_S_0782_m18_2008-02-21,002_S_0782,/project/rrg-mchakrav-ab/moncia/ADNI/bids_adni1/sub-002S0782/ses-m18/anat/sub-002S0782_ses-m18_acq-15T_T1w.nii.gz,/scratch/ishaan/adni_trillium/derivatives/bsc/002_S_0782_m18_2008-02-21,2008-06-18,1.8453114305270362,1.5
002_S_0782_m24_2008-08-22,002_S_0782,/project/rrg-mchakrav-ab/moncia/ADNI/bids_adni1/sub-002S0782/ses-m24/anat/sub-002S0782_ses-m24_acq-15T_T1w.nii.gz,/scratch/ishaan/adni_trillium/derivatives/bsc/002_S_0782_m24_2008-08-22,2008-10-17,2.1765913757700206,1.5
002_S_1070_sc_2006-12-27,002_S_1070,/project/rrg-mchakrav-ab/moncia/ADNI/bids_adni1/sub-002S1070/ses-sc/anat/sub-002S1070_ses-sc_acq-15T_T1w.nii.gz,/scratch/ishaan/adni_trillium/derivatives/bsc/002_S_1070_sc_2006-12-27,2006-11-28,0.0,1.5
002_S_1070_bl_2006-12-27,002_S_1070,/project/rrg-mchakrav-ab/moncia/ADNI/bids_adni1/sub-002S1070/ses-bl/anat/sub-002S1070_ses-bl_acq-3T_T1w.nii.gz,/scratch/ishaan/adni_trillium/derivatives/bsc/002_S_1070_bl_2006-12-27,2006-12-27,0.07939767282683094,
002_S_1070_m06_2007-06-27,002_S_1070,/project/rrg-mchakrav-ab/moncia/ADNI/bids_adni1/sub-002S1070/ses-m06/anat/sub-002S1070_ses-m06_acq-15T_T1w.nii.gz,/scratch/ishaan/adni_trillium/derivatives/bsc/002_S_1070_m06_2007-06-27,2007-06-07,0.5229295003422314,1.5
002_S_1070_m18_2008-06-26,002_S_1070,/project/rrg-mchakrav-ab/moncia/ADNI/bids_adni1/sub-002S1070/ses-m18/anat/sub-002S1070_ses-m18_acq-15T_T1w.nii.gz,/scratch/ishaan/adni_trillium/derivatives/bsc/002_S_1070_m18_2008-06-26,2008-08-13,1.7084188911704312,1.5
002_S_1155_sc_2007-01-10,002_S_1155,/project/rrg-mchakrav-ab/moncia/ADNI/bids_adni1/sub-002S1155/ses-sc/anat/sub-002S1155_ses-sc_acq-15T_T1w.nii.gz,/scratch/ishaan/adni_trillium/derivatives/bsc/002_S_1155_sc_2007-01-10,2006-12-14,0.0,1.5
002_S_1155_m18_2008-07-10,002_S_1155,/project/rrg-mchakrav-ab/moncia/ADNI/bids_adni1/sub-002S1155/ses-m18/anat/sub-002S1155_ses-m18_acq-15T_T1w.nii.gz,/scratch/ishaan/adni_trillium/derivatives/bsc/002_S_1155_m18_2008-07-10,2008-08-21,1.6865160848733745,1.5
002_S_1155_m24_2009-01-09,002_S_1155,/project/rrg-mchakrav-ab/moncia/ADNI/bids_adni1/sub-002S1155/ses-m24/anat/sub-002S1155_ses-m24_acq-15T_T1w.nii.gz,/scratch/ishaan/adni_trillium/derivatives/bsc/002_S_1155_m24_2009-01-09,2009-03-13,2.245037645448323,1.5
002_S_1155_m36_2010-01-09,002_S_1155,/project/rrg-mchakrav-ab/moncia/ADNI/bids_adni1/sub-002S1155/ses-m36/anat/sub-002S1155_ses-m36_acq-15T_T1w.nii.gz,/scratch/ishaan/adni_trillium/derivatives/bsc/002_S_1155_m36_2010-01-09,2010-01-07,3.0663928815879533,1.5
002_S_1155_m60_2012-01-10,002_S_1155,/project/rrg-mchakrav-ab/moncia/ADNI/bids_adni_go2/sub-002S1155/ses-m60/anat/sub-002S1155_ses-m60_acq-3Taccel_T1w.nii.gz,/scratch/ishaan/adni_trillium/derivatives/bsc/002_S_1155_m60_2012-01-10,2011-12-22,5.021218343600274,3.0
002_S_1155_m72_2013-01-09,002_S_1155,/project/rrg-mchakrav-ab/moncia/ADNI/bids_adni_go2/sub-002S1155/ses-m72/anat/sub-002S1155_ses-m72_acq-3Taccel_T1w.nii.gz,/scratch/ishaan/adni_trillium/derivatives/bsc/002_S_1155_m72_2013-01-09,2012-12-20,6.017796030116359,3.0
002_S_1155_m84_2014-01-09,002_S_1155,/project/rrg-mchakrav-ab/moncia/ADNI/bids_adni_go2/sub-002S1155/ses-m84/anat/sub-002S1155_ses-m84_acq-3Taccel_T1w.nii.gz,/scratch/ishaan/adni_trillium/derivatives/bsc/002_S_1155_m84_2014-01-09,2014-01-09,7.0718685831622174,3.0
002_S_1155_m96_2015-01-10,002_S_1155,/project/rrg-mchakrav-ab/moncia/ADNI/bids_adni_go2/sub-002S1155/ses-m96/anat/sub-002S1155_ses-m96_acq-3Taccel_T1w.nii.gz,/scratch/ishaan/adni_trillium/derivatives/bsc/002_S_1155_m96_2015-01-10,2015-01-05,8.060232717316905,3.0
002_S_1155_m126_2017-07-11,002_S_1155,/project/rrg-mchakrav-ab/moncia/ADNI/bids_adni3/sub-002S1155/ses-m126/anat/sub-002S1155_ses-m126_acq-3T_T1w.nii.gz,/scratch/ishaan/adni_trillium/derivatives/bsc/002_S_1155_m126_2017-07-11,2017-04-24,10.360027378507871,3.0
002_S_1155_m138_2018-07-11,002_S_1155,/project/rrg-mchakrav-ab/moncia/ADNI/bids_adni3/sub-002S1155/ses-m138/anat/sub-002S1155_ses-m138_acq-3T_T1w.nii.gz,/scratch/ishaan/adni_trillium/derivatives/bsc/002_S_1155_m138_2018-07-11,2018-05-08,11.397672826830938,3.0
002_S_1155_m150_2019-07-12,002_S_1155,/project/rrg-mchakrav-ab/moncia/ADNI/bids_adni3/sub-002S1155/ses-m150/anat/sub-002S1155_ses-m150_acq-3T_T1w.nii.gz,/scratch/ishaan/adni_trillium/derivatives/bsc/002_S_1155_m150_2019-07-12,2019-05-16,12.41889117043121,3.0
002_S_1268_bl_2007-03-28,002_S_1268,/project/rrg-mchakrav-ab/moncia/ADNI/bids_adni1/sub-002S1268/ses-bl/anat/sub-002S1268_ses-bl_acq-3T_T1w.nii.gz,/scratch/ishaan/adni_trillium/derivatives/bsc/002_S_1268_bl_2007-03-28,2007-02-14,0.0,1.5
002_S_1268_sc_2007-03-28,002_S_1268,/project/rrg-mchakrav-ab/moncia/ADNI/bids_adni1/sub-002S1268/ses-sc/anat/sub-002S1268_ses-sc_acq-15T_T1w.nii.gz,/scratch/ishaan/adni_trillium/derivatives/bsc/002_S_1268_sc_2007-03-28,2007-09-21,0.5995893223819302,1.5
002_S_1268_m12_2008-03-27,002_S_1268,/project/rrg-mchakrav-ab/moncia/ADNI/bids_adni1/sub-002S1268/ses-m12/anat/sub-002S1268_ses-m12_acq-15T_T1w.nii.gz,/scratch/ishaan/adni_trillium/derivatives/bsc/002_S_1268_m12_2008-03-27,2008-06-02,1.297741273100616,1.5
002_S_1268_m18_2008-09-25,002_S_1268,/project/rrg-mchakrav-ab/moncia/ADNI/bids_adni1/sub-002S1268/ses-m18/anat/sub-002S1268_ses-m18_acq-15T_T1w.nii.gz,/scratch/ishaan/adni_trillium/derivatives/bsc/002_S_1268_m18_2008-09-25,2008-09-10,1.571526351813826,1.5
002_S_1268_m24_2009-03-27,002_S_1268,/project/rrg-mchakrav-ab/moncia/ADNI/bids_adni1/sub-002S1268/ses-m24/anat/sub-002S1268_ses-m24_acq-15T_T1w.nii.gz,/scratch/ishaan/adni_trillium/derivatives/bsc/002_S_1268_m24_2009-03-27,2009-03-04,2.0506502395619437,1.5
002_S_1268_m36_2010-03-27,002_S_1268,/project/rrg-mchakrav-ab/moncia/ADNI/bids_adni1/sub-002S1268/ses-m36/anat/sub-002S1268_ses-m36_acq-15T_T1w.nii.gz,/scratch/ishaan/adni_trillium/derivatives/bsc/002_S_1268_m36_2010-03-27,2010-03-04,3.049965776865161,1.5
002_S_1268_m48_2011-03-28,002_S_1268,/project/rrg-mchakrav-ab/moncia/ADNI/bids_adni_go2/sub-002S1268/ses-m48/anat/sub-002S1268_ses-m48_acq-3Taccel_T1w.nii.gz,/scratch/ishaan/adni_trillium/derivatives/bsc/002_S_1268_m48_2011-03-28,2011-04-13,4.158795345653662,3.0
002_S_1268_m60_2012-03-27,002_S_1268,/project/rrg-mchakrav-ab/moncia/ADNI/bids_adni_go2/sub-002S1268/ses-m60/anat/sub-002S1268_ses-m60_acq-3Taccel_T1w.nii.gz,/scratch/ishaan/adni_trillium/derivatives/bsc/002_S_1268_m60_2012-03-27,2012-03-22,5.100616016427105,3.0
002_S_4229_m03_2011-12-06,002_S_4229,/project/rrg-mchakrav-ab/moncia/ADNI/bids_adni_go2/sub-002S4229/ses-m03/anat/sub-002S4229_ses-m03_acq-3Taccel_T1w.nii.gz,/scratch/ishaan/adni_trillium/derivatives/bsc/002_S_4229_m03_2011-12-06,2011-12-21,0.0,3.0
002_S_4229_m06_2012-03-06,002_S_4229,/project/rrg-mchakrav-ab/moncia/ADNI/bids_adni_go2/sub-002S4229/ses-m06/anat/sub-002S4229_ses-m06_acq-3Taccel_T1w.nii.gz,/scratch/ishaan/adni_trillium/derivatives/bsc/002_S_4229_m06_2012-03-06,2012-04-10,0.30390143737166325,3.0
002_S_4229_m12_2012-09-05,002_S_4229,/project/rrg-mchakrav-ab/moncia/ADNI/bids_adni_go2/sub-002S4229/ses-m12/anat/sub-002S4229_ses-m12_acq-3Taccel_T1w.nii.gz,/scratch/ishaan/adni_trillium/derivatives/bsc/002_S_4229_m12_2012-09-05,2012-09-18,0.7446954140999316,3.0
002_S_4229_m24_2013-09-05,002_S_4229,/project/rrg-mchakrav-ab/moncia/ADNI/bids_adni_go2/sub-002S4229/ses-m24/anat/sub-002S4229_ses-m24_acq-3Taccel_T1w.nii.gz,/scratch/ishaan/adni_trillium/derivatives/bsc/002_S_4229_m24_2013-09-05,2013-10-16,1.8206707734428473,3.0
002_S_4229_m48_2015-09-06,002_S_4229,/project/rrg-mchakrav-ab/moncia/ADNI/bids_adni_go2/sub-002S4229/ses-m48/anat/sub-002S4229_ses-m48_acq-3Taccel_T1w.nii.gz,/scratch/ishaan/adni_trillium/derivatives/bsc/002_S_4229_m48_2015-09-06,2015-10-06,3.79192334017796,3.0
002_S_4229_m72_2017-09-05,002_S_4229,/project/rrg-mchakrav-ab/moncia/ADNI/bids_adni3/sub-002S4229/ses-m72/anat/sub-002S4229_ses-m72_acq-3T_T1w.nii.gz,/scratch/ishaan/adni_trillium/derivatives/bsc/002_S_4229_m72_2017-09-05,2017-09-20,5.749486652977413,3.0
002_S_4229_m84_2018-09-05,002_S_4229,/project/rrg-mchakrav-ab/moncia/ADNI/bids_adni3/sub-002S4229/ses-m84/anat/sub-002S4229_ses-m84_acq-3T_T1w.nii.gz,/scratch/ishaan/adni_trillium/derivatives/bsc/002_S_4229_m84_2018-09-05,2018-09-19,6.746064339493498,3.0
002_S_4229_m96_2019-09-06,002_S_4229,/project/rrg-mchakrav-ab/moncia/ADNI/bids_adni3/sub-002S4229/ses-m96/anat/sub-002S4229_ses-m96_acq-3T_T1w.nii.gz,/scratch/ishaan/adni_trillium/derivatives/bsc/002_S_4229_m96_2019-09-06,2019-11-13,7.8959616700889805,3.0
002_S_4237_m03_2011-12-08,002_S_4237,/project/rrg-mchakrav-ab/moncia/ADNI/bids_adni_go2/sub-002S4237/ses-m03/anat/sub-002S4237_ses-m03_acq-3Taccel_T1w.nii.gz,/scratch/ishaan/adni_trillium/derivatives/bsc/002_S_4237_m03_2011-12-08,2012-01-18,0.0,3.0
002_S_4237_m06_2012-03-08,002_S_4237,/project/rrg-mchakrav-ab/moncia/ADNI/bids_adni_go2/sub-002S4237/ses-m06/anat/sub-002S4237_ses-m06_acq-3Taccel_T1w.nii.gz,/scratch/ishaan/adni_trillium/derivatives/bsc/002_S_4237_m06_2012-03-08,2012-05-03,0.29021218343600275,3.0
002_S_4237_m12_2012-09-07,002_S_4237,/project/rrg-mchakrav-ab/moncia/ADNI/bids_adni_go2/sub-002S4237/ses-m12/anat/sub-002S4237_ses-m12_acq-3Taccel_T1w.nii.gz,/scratch/ishaan/adni_trillium/derivatives/bsc/002_S_4237_m12_2012-09-07,2012-11-01,0.7885010266940452,3.0
002_S_4237_m24_2013-09-07,002_S_4237,/project/rrg-mchakrav-ab/moncia/ADNI/bids_adni_go2/sub-002S4237/ses-m24/anat/sub-002S4237_ses-m24_acq-3Taccel_T1w.nii.gz,/scratch/ishaan/adni_trillium/derivatives/bsc/002_S_4237_m24_2013-09-07,2013-10-21,1.757700205338809,3.0
002_S_4521_m03_2012-05-01,002_S_4521,/project/rrg-mchakrav-ab/moncia/ADNI/bids_adni_go2/sub-002S4521/ses-m03/anat/sub-002S4521_ses-m03_acq-3Taccel_T1w.nii.gz,/scratch/ishaan/adni_trillium/derivatives/bsc/002_S_4521_m03_2012-05-01,2012-05-24,0.0,3.0
002_S_4521_m06_2012-07-31,002_S_4521,/project/rrg-mchakrav-ab/moncia/ADNI/bids_adni_go2/sub-002S4521/ses-m06/anat/sub-002S4521_ses-m06_acq-3Taccel_T1w.nii.gz,/scratch/ishaan/adni_trillium/derivatives/bsc/002_S_4521_m06_2012-07-31,2012-09-04,0.28199863107460643,3.0
002_S_4521_m12_2013-01-30,002_S_4521,/project/rrg-mchakrav-ab/moncia/ADNI/bids_adni_go2/sub-002S4521/ses-m12/anat/sub-002S4521_ses-m12_acq-3Taccel_T1w.nii.gz,/scratch/ishaan/adni_trillium/derivatives/bsc/002_S_4521_m12_2013-01-30,2013-03-15,0.8076659822039699,3.0
002_S_4521_m24_2014-01-30,002_S_4521,/project/rrg-mchakrav-ab/moncia/ADNI/bids_adni_go2/sub-002S4521/ses-m24/anat/sub-002S4521_ses-m24_acq-3Taccel_T1w.nii.gz,/scratch/ishaan/adni_trillium/derivatives/bsc/002_S_4521_m24_2014-01-30,2014-03-14,1.8042436687200547,3.0
002_S_4799_m03_2012-09-06,002_S_4799,/project/rrg-mchakrav-ab/moncia/ADNI/bids_adni_go2/sub-002S4799/ses-m03/anat/sub-002S4799_ses-m03_acq-3Taccel_T1w.nii.gz,/scratch/ishaan/adni_trillium/derivatives/bsc/002_S_4799_m03_2012-09-06,2012-09-10,0.0,3.0
002_S_4799_m06_2012-12-06,002_S_4799,/project/rrg-mchakrav-ab/moncia/ADNI/bids_adni_go2/sub-002S4799/ses-m06/anat/sub-002S4799_ses-m06_acq-3Taccel_T1w.nii.gz,/scratch/ishaan/adni_trillium/derivatives/bsc/002_S_4799_m06_2012-12-06,2013-01-10,0.33401779603011633,3.0
002_S_4799_m12_2013-06-07,002_S_4799,/project/rrg-mchakrav-ab/moncia/ADNI/bids_adni_go2/sub-002S4799/ses-m12/anat/sub-002S4799_ses-m12_acq-3Taccel_T1w.nii.gz,/scratch/ishaan/adni_trillium/derivatives/bsc/002_S_4799_m12_2013-06-07,2013-07-02,0.8076659822039699,3.0
002_S_4799_m24_2014-06-07,002_S_4799,/project/rrg-mchakrav-ab/moncia/ADNI/bids_adni_go2/sub-002S4799/ses-m24/anat/sub-002S4799_ses-m24_acq-3Taccel_T1w.nii.gz,/scratch/ishaan/adni_trillium/derivatives/bsc/002_S_4799_m24_2014-06-07,2014-07-03,1.809719370294319,3.0
002_S_4799_m48_2016-06-07,002_S_4799,/project/rrg-mchakrav-ab/moncia/ADNI/bids_adni_go2/sub-002S4799/ses-m48/anat/sub-002S4799_ses-m48_acq-3Taccel_T1w.nii.gz,/scratch/ishaan/adni_trillium/derivatives/bsc/002_S_4799_m48_2016-06-07,2016-07-26,3.8740588637919235,3.0
002_S_4799_m60_2017-06-07,002_S_4799,/project/rrg-mchakrav-ab/moncia/ADNI/bids_adni3/sub-002S4799/ses-m60/anat/sub-002S4799_ses-m60_acq-3T_T1w.nii.gz,/scratch/ishaan/adni_trillium/derivatives/bsc/002_S_4799_m60_2017-06-07,2017-05-22,4.695414099931554,3.0
002_S_4799_m72_2018-06-07,002_S_4799,/project/rrg-mchakrav-ab/moncia/ADNI/bids_adni3/sub-002S4799/ses-m72/anat/sub-002S4799_ses-m72_acq-3T_T1w.nii.gz,/scratch/ishaan/adni_trillium/derivatives/bsc/002_S_4799_m72_2018-06-07,2018-06-14,5.757700205338809,3.0
002_S_4799_m84_2019-06-07,002_S_4799,/project/rrg-mchakrav-ab/moncia/ADNI/bids_adni3/sub-002S4799/ses-m84/anat/sub-002S4799_ses-m84_acq-3T_T1w.nii.gz,/scratch/ishaan/adni_trillium/derivatives/bsc/002_S_4799_m84_2019-06-07,2019-06-18,6.767967145790554,3.0
003_S_0908_sc_2006-10-12,003_S_0908,/project/rrg-mchakrav-ab/moncia/ADNI/bids_adni1/sub-003S0908/ses-sc/anat/sub-003S0908_ses-sc_acq-15T_T1w.nii.gz,/scratch/ishaan/adni_trillium/derivatives/bsc/003_S_0908_sc_2006-10-12,2006-09-12,0.0,1.5
003_S_0908_m06_2007-04-12,003_S_0908,/project/rrg-mchakrav-ab/moncia/ADNI/bids_adni1/sub-003S0908/ses-m06/anat/sub-003S0908_ses-m06_acq-15T_T1w.nii.gz,/scratch/ishaan/adni_trillium/derivatives/bsc/003_S_0908_m06_2007-04-12,2007-04-23,0.6105407255304586,1.5
003_S_0908_m12_2007-10-12,003_S_0908,/project/rrg-mchakrav-ab/moncia/ADNI/bids_adni1/sub-003S0908/ses-m12/anat/sub-003S0908_ses-m12_acq-15T_T1w.nii.gz,/scratch/ishaan/adni_trillium/derivatives/bsc/003_S_0908_m12_2007-10-12,2007-10-25,1.1170431211498972,1.5
003_S_0908_m18_2008-04-11,003_S_0908,/project/rrg-mchakrav-ab/moncia/ADNI/bids_adni1/sub-003S0908/ses-m18/anat/sub-003S0908_ses-m18_acq-15T_T1w.nii.gz,/scratch/ishaan/adni_trillium/derivatives/bsc/003_S_0908_m18_2008-04-11,2008-05-06,1.648186173853525,1.5
003_S_0908_m24_2008-10-11,003_S_0908,/project/rrg-mchakrav-ab/moncia/ADNI/bids_adni1/sub-003S0908/ses-m24/anat/sub-003S0908_ses-m24_acq-15T_T1w.nii.gz,/scratch/ishaan/adni_trillium/derivatives/bsc/003_S_0908_m24_2008-10-11,2008-10-23,2.113620807665982,1.5
003_S_0908_m36_2009-10-11,003_S_0908,/project/rrg-mchakrav-ab/moncia/ADNI/bids_adni1/sub-003S0908/ses-m36/anat/sub-003S0908_ses-m36_acq-15T_T1w.nii.gz,/scratch/ishaan/adni_trillium/derivatives/bsc/003_S_0908_m36_2009-10-11,2009-10-20,3.1047227926078027,1.5
003_S_0908_m84_2013-10-11,003_S_0908,/project/rrg-mchakrav-ab/moncia/ADNI/bids_adni_go2/sub-003S0908/ses-m84/anat/sub-003S0908_ses-m84_acq-3Taccel_T1w.nii.gz,/scratch/ishaan/adni_trillium/derivatives/bsc/003_S_0908_m84_2013-10-11,2014-01-06,7.318275154004107,3.0
003_S_0908_m132_2017-10-12,003_S_0908,/project/rrg-mchakrav-ab/moncia/ADNI/bids_adni3/sub-003S0908/ses-m132/anat/sub-003S0908_ses-m132_acq-3T_T1w.nii.gz,/scratch/ishaan/adni_trillium/derivatives/bsc/003_S_0908_m132_2017-10-12,2017-10-20,11.104722792607802,3.0
003_S_0908_m144_2018-10-12,003_S_0908,/project/rrg-mchakrav-ab/moncia/ADNI/bids_adni3/sub-003S0908/ses-m144/anat/sub-003S0908_ses-m144_acq-3T_T1w.nii.gz,/scratch/ishaan/adni_trillium/derivatives/bsc/003_S_0908_m144_2018-10-12,2018-12-05,12.229979466119097,3.0
003_S_0908_m156_2019-10-12,003_S_0908,/project/rrg-mchakrav-ab/moncia/ADNI/bids_adni3/sub-003S0908/ses-m156/anat/sub-003S0908_ses-m156_acq-3T_T1w.nii.gz,/scratch/ishaan/adni_trillium/derivatives/bsc/003_S_0908_m156_2019-10-12,2019-10-29,13.127994524298426,3.0
003_S_1074_sc_2007-02-07,003_S_1074,/project/rrg-mchakrav-ab/moncia/ADNI/bids_adni1/sub-003S1074/ses-sc/anat/sub-003S1074_ses-sc_acq-15T_T1w.nii.gz,/scratch/ishaan/adni_trillium/derivatives/bsc/003_S_1074_sc_2007-02-07,2006-12-04,0.0,1.5
003_S_1074_m12_2008-02-07,003_S_1074,/project/rrg-mchakrav-ab/moncia/ADNI/bids_adni1/sub-003S1074/ses-m12/anat/sub-003S1074_ses-m12_acq-15T_T1w.nii.gz,/scratch/ishaan/adni_trillium/derivatives/bsc/003_S_1074_m12_2008-02-07,2008-02-07,1.1772758384668036,1.5
003_S_1074_m18_2008-08-07,003_S_1074,/project/rrg-mchakrav-ab/moncia/ADNI/bids_adni1/sub-003S1074/ses-m18/anat/sub-003S1074_ses-m18_acq-15T_T1w.nii.gz,/scratch/ishaan/adni_trillium/derivatives/bsc/003_S_1074_m18_2008-08-07,2008-08-19,1.7084188911704312,1.5
003_S_1074_m24_2009-02-06,003_S_1074,/project/rrg-mchakrav-ab/moncia/ADNI/bids_adni1/sub-003S1074/ses-m24/anat/sub-003S1074_ses-m24_acq-15T_T1w.nii.gz,/scratch/ishaan/adni_trillium/derivatives/bsc/003_S_1074_m24_2009-02-06,2009-02-26,2.2313483915126624,1.5
003_S_1074_m36_2010-02-06,003_S_1074,/project/rrg-mchakrav-ab/moncia/ADNI/bids_adni1/sub-003S1074/ses-m36/anat/sub-003S1074_ses-m36_acq-15T_T1w.nii.gz,/scratch/ishaan/adni_trillium/derivatives/bsc/003_S_1074_m36_2010-02-06,2010-04-15,3.36208076659822,1.5
003_S_1074_m60_2012-02-07,003_S_1074,/project/rrg-mchakrav-ab/moncia/ADNI/bids_adni_go2/sub-003S1074/ses-m60/anat/sub-003S1074_ses-m60_acq-15Tunaccel_T1w.nii.gz,/scratch/ishaan/adni_trillium/derivatives/bsc/003_S_1074_m60_2012-02-07,2012-06-15,5.530458590006845,1.5
003_S_1074_m96_2015-02-07,003_S_1074,/project/rrg-mchakrav-ab/moncia/ADNI/bids_adni_go2/sub-003S1074/ses-m96/anat/sub-003S1074_ses-m96_acq-3Taccel_T1w.nii.gz,/scratch/ishaan/adni_trillium/derivatives/bsc/003_S_1074_m96_2015-02-07,2015-04-22,8.380561259411362,3.0
003_S_1122_sc_2007-01-12,003_S_1122,/project/rrg-mchakrav-ab/moncia/ADNI/bids_adni1/sub-003S1122/ses-sc/anat/sub-003S1122_ses-sc_acq-15T_T1w.nii.gz,/scratch/ishaan/adni_trillium/derivatives/bsc/003_S_1122_sc_2007-01-12,2006-12-06,0.0,1.5
003_S_1122_m06_2007-07-13,003_S_1122,/project/rrg-mchakrav-ab/moncia/ADNI/bids_adni1/sub-003S1122/ses-m06/anat/sub-003S1122_ses-m06_acq-15T_T1w.nii.gz,/scratch/ishaan/adni_trillium/derivatives/bsc/003_S_1122_m06_2007-07-13,2007-07-20,0.6187542778918549,1.5
003_S_1122_m12_2008-01-12,003_S_1122,/project/rrg-mchakrav-ab/moncia/ADNI/bids_adni1/sub-003S1122/ses-m12/anat/sub-003S1122_ses-m12_acq-15T_T1w.nii.gz,/scratch/ishaan/adni_trillium/derivatives/bsc/003_S_1122_m12_2008-01-12,2008-01-30,1.1498973305954825,1.5
003_S_1122_m18_2008-07-12,003_S_1122,/project/rrg-mchakrav-ab/moncia/ADNI/bids_adni1/sub-003S1122/ses-m18/anat/sub-003S1122_ses-m18_acq-15T_T1w.nii.gz,/scratch/ishaan/adni_trillium/derivatives/bsc/003_S_1122_m18_2008-07-12,2008-07-03,1.5742642026009583,1.5
003_S_1122_m24_2009-01-11,003_S_1122,/project/rrg-mchakrav-ab/moncia/ADNI/bids_adni1/sub-003S1122/ses-m24/anat/sub-003S1122_ses-m24_acq-15T_T1w.nii.gz,/scratch/ishaan/adni_trillium/derivatives/bsc/003_S_1122_m24_2009-01-11,2009-01-09,2.0944558521560577,1.5
003_S_1122_m126_2017-07-13,003_S_1122,/project/rrg-mchakrav-ab/moncia/ADNI/bids_adni3/sub-003S1122/ses-m126/anat/sub-003S1122_ses-m126_acq-3T_T1w.nii.gz,/scratch/ishaan/adni_trillium/derivatives/bsc/003_S_1122_m126_2017-07-13,2017-05-18,10.447638603696099,3.0
003_S_1122_m138_2018-07-13,003_S_1122,/project/rrg-mchakrav-ab/moncia/ADNI/bids_adni3/sub-003S1122/ses-m138/anat/sub-003S1122_ses-m138_acq-3T_T1w.nii.gz,/scratch/ishaan/adni_trillium/derivatives/bsc/003_S_1122_m138_2018-07-13,2018-07-12,11.597535934291582,3.0
003_S_1122_m150_2019-07-14,003_S_1122,/project/rrg-mchakrav-ab/moncia/ADNI/bids_adni3/sub-003S1122/ses-m150/anat/sub-003S1122_ses-m150_acq-3T_T1w.nii.gz,/scratch/ishaan/adni_trillium/derivatives/bsc/003_S_1122_m150_2019-07-14,2019-05-07,12.41615331964408,3.0
003_S_4354_m03_2012-01-31,003_S_4354,/project/rrg-mchakrav-ab/moncia/ADNI/bids_adni_go2/sub-003S4354/ses-m03/anat/sub-003S4354_ses-m03_acq-3Taccel_T1w.nii.gz,/scratch/ishaan/adni_trillium/derivatives/bsc/003_S_4354_m03_2012-01-31,2011-12-19,0.0,3.0
003_S_4354_m06_2012-05-01,003_S_4354,/project/rrg-mchakrav-ab/moncia/ADNI/bids_adni_go2/sub-003S4354/ses-m06/anat/sub-003S4354_ses-m06_acq-3Taccel_T1w.nii.gz,/scratch/ishaan/adni_trillium/derivatives/bsc/003_S_4354_m06_2012-05-01,2012-05-15,0.405201916495551,3.0
003_S_4354_m12_2012-10-31,003_S_4354,/project/rrg-mchakrav-ab/moncia/ADNI/bids_adni_go2/sub-003S4354/ses-m12/anat/sub-003S4354_ses-m12_acq-3Taccel_T1w.nii.gz,/scratch/ishaan/adni_trillium/derivatives/bsc/003_S_4354_m12_2012-10-31,2013-02-04,1.1307323750855578,3.0
003_S_4354_m24_2013-10-31,003_S_4354,/project/rrg-mchakrav-ab/moncia/ADNI/bids_adni_go2/sub-003S4354/ses-m24/anat/sub-003S4354_ses-m24_acq-3Taccel_T1w.nii.gz,/scratch/ishaan/adni_trillium/derivatives/bsc/003_S_4354_m24_2013-10-31,2014-01-14,2.0725530458590007,3.0
003_S_4354_m48_2015-11-01,003_S_4354,/project/rrg-mchakrav-ab/moncia/ADNI/bids_adni_go2/sub-003S4354/ses-m48/anat/sub-003S4354_ses-m48_acq-3Taccel_T1w.nii.gz,/scratch/ishaan/adni_trillium/derivatives/bsc/003_S_4354_m48_2015-11-01,2016-02-04,4.128678986995209,3.0
003_S_4354_m66_2017-05-02,003_S_4354,/project/rrg-mchakrav-ab/moncia/ADNI/bids_adni3/sub-003S4354/ses-m66/anat/sub-003S4354_ses-m66_acq-3T_T1w.nii.gz,/scratch/ishaan/adni_trillium/derivatives/bsc/003_S_4354_m66_2017-05-02,2017-06-13,5.4839151266255985,3.0
003_S_4354_m84_2018-10-31,003_S_4354,/project/rrg-mchakrav-ab/moncia/ADNI/bids_adni3/sub-003S4354/ses-m84/anat/sub-003S4354_ses-m84_acq-3T_T1w.nii.gz,/scratch/ishaan/adni_trillium/derivatives/bsc/003_S_4354_m84_2018-10-31,2018-12-19,7.000684462696783,3.0
003_S_4354_m90_2019-05-02,003_S_4354,/project/rrg-mchakrav-ab/moncia/ADNI/bids_adni3/sub-003S4354/ses-m90/anat/sub-003S4354_ses-m90_acq-3T_T1w.nii.gz,/scratch/ishaan/adni_trillium/derivatives/bsc/003_S_4354_m90_2019-05-02,2019-06-25,7.515400410677618,3.0
003_S_6258_sc_2018-03-08,003_S_6258,/project/rrg-mchakrav-ab/moncia/ADNI/bids_adni3/sub-003S6258/ses-sc/anat/sub-003S6258_ses-sc_acq-3T_T1w.nii.gz,/scratch/ishaan/adni_trillium/derivatives/bsc/003_S_6258_sc_2018-03-08,2018-03-13,0.0,3.0
003_S_6258_m12_2019-03-08,003_S_6258,/project/rrg-mchakrav-ab/moncia/ADNI/bids_adni3/sub-003S6258/ses-m12/anat/sub-003S6258_ses-m12_acq-3T_T1w.nii.gz,/scratch/ishaan/adni_trillium/derivatives/bsc/003_S_6258_m12_2019-03-08,2019-05-02,1.136208076659822,3.0
003_S_6258_m36_2021-03-07,003_S_6258,/project/rrg-mchakrav-ab/moncia/ADNI/bids_adni3/sub-003S6258/ses-m36/anat/sub-003S6258_ses-m36_acq-3T_T1w.nii.gz,/scratch/ishaan/adni_trillium/derivatives/bsc/003_S_6258_m36_2021-03-07,2021-04-06,3.0663928815879533,3.0
003_S_6258_m48_2022-03-08,003_S_6258,/project/rrg-mchakrav-ab/moncia/ADNI/bids_adni3/sub-003S6258/ses-m48/anat/sub-003S6258_ses-m48_acq-3T_T1w.nii.gz,/scratch/ishaan/adni_trillium/derivatives/bsc/003_S_6258_m48_2022-03-08,2022-04-28,4.125941136208077,3.0
003_S_6268_sc_2018-06-08,003_S_6268,/project/rrg-mchakrav-ab/moncia/ADNI/bids_adni3/sub-003S6268/ses-sc/anat/sub-003S6268_ses-sc_acq-3T_T1w.nii.gz,/scratch/ishaan/adni_trillium/derivatives/bsc/003_S_6268_sc_2018-06-08,2018-06-05,0.0,3.0
003_S_6268_m12_2019-06-08,003_S_6268,/project/rrg-mchakrav-ab/moncia/ADNI/bids_adni3/sub-003S6268/ses-m12/anat/sub-003S6268_ses-m12_acq-3T_T1w.nii.gz,/scratch/ishaan/adni_trillium/derivatives/bsc/003_S_6268_m12_2019-06-08,2019-08-06,1.1690622861054072,3.0
003_S_6268_m36_2021-06-07,003_S_6268,/project/rrg-mchakrav-ab/moncia/ADNI/bids_adni3/sub-003S6268/ses-m36/anat/sub-003S6268_ses-m36_acq-3T_T1w.nii.gz,/scratch/ishaan/adni_trillium/derivatives/bsc/003_S_6268_m36_2021-06-07,2021-08-24,3.2197125256673513,3.0
003_S_6268_m48_2022-06-08,003_S_6268,/project/rrg-mchakrav-ab/moncia/ADNI/bids_adni3/sub-003S6268/ses-m48/anat/sub-003S6268_ses-m48_acq-3T_T1w.nii.gz,/scratch/ishaan/adni_trillium/derivatives/bsc/003_S_6268_m48_2022-06-08,2022-08-24,4.219028062970568,3.0
005_S_0324_m06_2006-10-20,005_S_0324,/project/rrg-mchakrav-ab/moncia/ADNI/bids_adni1/sub-005S0324/ses-m06/anat/sub-005S0324_ses-m06_acq-15T_T1w.nii.gz,/scratch/ishaan/adni_trillium/derivatives/bsc/005_S_0324_m06_2006-10-20,2006-10-31,0.0,3.0
005_S_0324_m12_2007-04-21,005_S_0324,/project/rrg-mchakrav-ab/moncia/ADNI/bids_adni1/sub-005S0324/ses-m12/anat/sub-005S0324_ses-m12_acq-15T_T1w.nii.gz,/scratch/ishaan/adni_trillium/derivatives/bsc/005_S_0324_m12_2007-04-21,2007-05-04,0.5065023956194388,1.5
005_S_0324_m24_2008-04-20,005_S_0324,/project/rrg-mchakrav-ab/moncia/ADNI/bids_adni1/sub-005S0324/ses-m24/anat/sub-005S0324_ses-m24_acq-15T_T1w.nii.gz,/scratch/ishaan/adni_trillium/derivatives/bsc/005_S_0324_m24_2008-04-20,2008-04-22,1.4757015742642026,1.5
005_S_0324_m36_2009-04-20,005_S_0324,/project/rrg-mchakrav-ab/moncia/ADNI/bids_adni1/sub-005S0324/ses-m36/anat/sub-005S0324_ses-m36_acq-15T_T1w.nii.gz,/scratch/ishaan/adni_trillium/derivatives/bsc/005_S_0324_m36_2009-04-20,2009-06-01,2.5845311430527036,3.0
005_S_0448_m06_2006-11-13,005_S_0448,/project/rrg-mchakrav-ab/moncia/ADNI/bids_adni1/sub-005S0448/ses-m06/anat/sub-005S0448_ses-m06_acq-15T_T1w.nii.gz,/scratch/ishaan/adni_trillium/derivatives/bsc/005_S_0448_m06_2006-11-13,2006-11-15,0.0,1.5
005_S_0448_m12_2007-05-15,005_S_0448,/project/rrg-mchakrav-ab/moncia/ADNI/bids_adni1/sub-005S0448/ses-m12/anat/sub-005S0448_ses-m12_acq-15T_T1w.nii.gz,/scratch/ishaan/adni_trillium/derivatives/bsc/005_S_0448_m12_2007-05-15,2007-05-30,0.5366187542778919,3.0
005_S_0448_m18_2007-11-13,005_S_0448,/project/rrg-mchakrav-ab/moncia/ADNI/bids_adni1/sub-005S0448/ses-m18/anat/sub-005S0448_ses-m18_acq-3T_T1w.nii.gz,/scratch/ishaan/adni_trillium/derivatives/bsc/005_S_0448_m18_2007-11-13,2007-11-27,1.0321697467488022,3.0
005_S_0448_m24_2008-05-14,005_S_0448,/project/rrg-mchakrav-ab/moncia/ADNI/bids_adni1/sub-005S0448/ses-m24/anat/sub-005S0448_ses-m24_acq-15T_T1w.nii.gz,/scratch/ishaan/adni_trillium/derivatives/bsc/005_S_0448_m24_2008-05-14,2008-06-02,1.5468856947296372,1.5
005_S_0546_m06_2007-01-11,005_S_0546,/project/rrg-mchakrav-ab/moncia/ADNI/bids_adni1/sub-005S0546/ses-m06/anat/sub-005S0546_ses-m06_acq-15T_T1w.nii.gz,/scratch/ishaan/adni_trillium/derivatives/bsc/005_S_0546_m06_2007-01-11,2007-02-02,0.0,1.5
005_S_0546_m12_2007-07-13,005_S_0546,/project/rrg-mchakrav-ab/moncia/ADNI/bids_adni1/sub-005S0546/ses-m12/anat/sub-005S0546_ses-m12_acq-15T_T1w.nii.gz,/scratch/ishaan/adni_trillium/derivatives/bsc/005_S_0546_m12_2007-07-13,2007-07-23,0.4681724845995893,1.5
005_S_0546_m18_2008-01-11,005_S_0546,/project/rrg-mchakrav-ab/moncia/ADNI/bids_adni1/sub-005S0546/ses-m18/anat/sub-005S0546_ses-m18_acq-15T_T1w.nii.gz,/scratch/ishaan/adni_trillium/derivatives/bsc/005_S_0546_m18_2008-01-11,2008-02-28,1.0704996577686516,1.5
005_S_0546_m24_2008-07-12,005_S_0546,/project/rrg-mchakrav-ab/moncia/ADNI/bids_adni1/sub-005S0546/ses-m24/anat/sub-005S0546_ses-m24_acq-15T_T1w.nii.gz,/scratch/ishaan/adni_trillium/derivatives/bsc/005_S_0546_m24_2008-07-12,2008-09-08,1.5989048596851472,1.5
005_S_1224_sc_2007-02-13,005_S_1224,/project/rrg-mchakrav-ab/moncia/ADNI/bids_adni1/sub-005S1224/ses-sc/anat/sub-005S1224_ses-sc_acq-15T_T1w.nii.gz,/scratch/ishaan/adni_trillium/derivatives/bsc/005_S_1224_sc_2007-02-13,2007-01-23,0.0,1.5
005_S_1224_m06_2007-08-14,005_S_1224,/project/rrg-mchakrav-ab/moncia/ADNI/bids_adni1/sub-005S1224/ses-m06/anat/sub-005S1224_ses-m06_acq-15T_T1w.nii.gz,/scratch/ishaan/adni_trillium/derivatives/bsc/005_S_1224_m06_2007-08-14,2007-08-15,0.5585215605749486,1.5
005_S_1224_m12_2008-02-13,005_S_1224,/project/rrg-mchakrav-ab/moncia/ADNI/bids_adni1/sub-005S1224/ses-m12/anat/sub-005S1224_ses-m12_acq-15T_T1w.nii.gz,/scratch/ishaan/adni_trillium/derivatives/bsc/005_S_1224_m12_2008-02-13,2008-04-23,1.2484599589322383,1.5
005_S_1224_m18_2008-08-13,005_S_1224,/project/rrg-mchakrav-ab/moncia/ADNI/bids_adni1/sub-005S1224/ses-m18/anat/sub-005S1224_ses-m18_acq-15T_T1w.nii.gz,/scratch/ishaan/adni_trillium/derivatives/bsc/005_S_1224_m18_2008-08-13,2008-10-06,1.702943189596167,1.5
005_S_1224_m24_2009-02-12,005_S_1224,/project/rrg-mchakrav-ab/moncia/ADNI/bids_adni1/sub-005S1224/ses-m24/anat/sub-005S1224_ses-m24_acq-15T_T1w.nii.gz,/scratch/ishaan/adni_trillium/derivatives/bsc/005_S_1224_m24_2009-02-12,2009-03-05,2.113620807665982,1.5
005_S_2390_m03_2011-10-31,005_S_2390,/project/rrg-mchakrav-ab/moncia/ADNI/bids_adni_go2/sub-005S2390/ses-m03/anat/sub-005S2390_ses-m03_acq-3Taccel_T1w.nii.gz,/scratch/ishaan/adni_trillium/derivatives/bsc/005_S_2390_m03_2011-10-31,2011-09-28,0.0,3.0
005_S_2390_m06_2012-01-30,005_S_2390,/project/rrg-mchakrav-ab/moncia/ADNI/bids_adni_go2/sub-005S2390/ses-m06/anat/sub-005S2390_ses-m06_acq-3Taccel_T1w.nii.gz,/scratch/ishaan/adni_trillium/derivatives/bsc/005_S_2390_m06_2012-01-30,2012-02-02,0.34770704996577684,3.0
005_S_2390_m12_2012-07-31,005_S_2390,/project/rrg-mchakrav-ab/moncia/ADNI/bids_adni_go2/sub-005S2390/ses-m12/anat/sub-005S2390_ses-m12_acq-3Taccel_T1w.nii.gz,/scratch/ishaan/adni_trillium/derivatives/bsc/005_S_2390_m12_2012-07-31,2012-07-17,0.8021902806297057,3.0
005_S_2390_m24_2013-07-31,005_S_2390,/project/rrg-mchakrav-ab/moncia/ADNI/bids_adni_go2/sub-005S2390/ses-m24/anat/sub-005S2390_ses-m24_acq-3Taccel_T1w.nii.gz,/scratch/ishaan/adni_trillium/derivatives/bsc/005_S_2390_m24_2013-07-31,2013-07-10,1.782340862422998,3.0
005_S_2390_m48_2015-08-01,005_S_2390,/project/rrg-mchakrav-ab/moncia/ADNI/bids_adni_go2/sub-005S2390/ses-m48/anat/sub-005S2390_ses-m48_acq-3Taccel_T1w.nii.gz,/scratch/ishaan/adni_trillium/derivatives/bsc/005_S_2390_m48_2015-08-01,2015-07-20,3.808350444900753,3.0
005_S_4168_m03_2011-11-15,005_S_4168,/project/rrg-mchakrav-ab/moncia/ADNI/bids_adni_go2/sub-005S4168/ses-m03/anat/sub-005S4168_ses-m03_acq-3Taccel_T1w.nii.gz,/scratch/ishaan/adni_trillium/derivatives/bsc/005_S_4168_m03_2011-11-15,2011-11-30,0.0,3.0
005_S_4168_m06_2012-02-14,005_S_4168,/project/rrg-mchakrav-ab/moncia/ADNI/bids_adni_go2/sub-005S4168/ses-m06/anat/sub-005S4168_ses-m06_acq-3Taccel_T1w.nii.gz,/scratch/ishaan/adni_trillium/derivatives/bsc/005_S_4168_m06_2012-02-14,2012-03-28,0.3258042436687201,3.0
005_S_4168_m12_2012-08-15,005_S_4168,/project/rrg-mchakrav-ab/moncia/ADNI/bids_adni_go2/sub-005S4168/ses-m12/anat/sub-005S4168_ses-m12_acq-3Taccel_T1w.nii.gz,/scratch/ishaan/adni_trillium/derivatives/bsc/005_S_4168_m12_2012-08-15,2012-09-06,0.7693360711841205,3.0
005_S_4168_m24_2013-08-15,005_S_4168,/project/rrg-mchakrav-ab/moncia/ADNI/bids_adni_go2/sub-005S4168/ses-m24/anat/sub-005S4168_ses-m24_acq-3Taccel_T1w.nii.gz,/scratch/ishaan/adni_trillium/derivatives/bsc/005_S_4168_m24_2013-08-15,2013-09-12,1.78507871321013,3.0
005_S_4168_m48_2015-08-16,005_S_4168,/project/rrg-mchakrav-ab/moncia/ADNI/bids_adni_go2/sub-005S4168/ses-m48/anat/sub-005S4168_ses-m48_acq-3Taccel_T1w.nii.gz,/scratch/ishaan/adni_trillium/derivatives/bsc/005_S_4168_m48_2015-08-16,2015-09-14,3.789185489390828,3.0
005_S_4185_m03_2011-11-15,005_S_4185,/project/rrg-mchakrav-ab/moncia/ADNI/bids_adni_go2/sub-005S4185/ses-m03/anat/sub-005S4185_ses-m03_acq-3Taccel_T1w.nii.gz,/scratch/ishaan/adni_trillium/derivatives/bsc/005_S_4185_m03_2011-11-15,2012-01-05,0.0,3.0
005_S_4185_m06_2012-02-14,005_S_4185,/project/rrg-mchakrav-ab/moncia/ADNI/bids_adni_go2/sub-005S4185/ses-m06/anat/sub-005S4185_ses-m06_acq-3Taccel_T1w.nii.gz,/scratch/ishaan/adni_trillium/derivatives/bsc/005_S_4185_m06_2012-02-14,2012-04-02,0.24093086926762491,3.0
005_S_4185_m12_2012-08-15,005_S_4185,/project/rrg-mchakrav-ab/moncia/ADNI/bids_adni_go2/sub-005S4185/ses-m12/anat/sub-005S4185_ses-m12_acq-3Taccel_T1w.nii.gz,/scratch/ishaan/adni_trillium/derivatives/bsc/005_S_4185_m12_2012-08-15,2012-09-27,0.7282683093771389,3.0
005_S_4185_m24_2013-08-15,005_S_4185,/project/rrg-mchakrav-ab/moncia/ADNI/bids_adni_go2/sub-005S4185/ses-m24/anat/sub-005S4185_ses-m24_acq-3Taccel_T1w.nii.gz,/scratch/ishaan/adni_trillium/derivatives/bsc/005_S_4185_m24_2013-08-15,2013-09-26,1.7248459958932238,3.0
005_S_4185_m48_2015-08-16,005_S_4185,/project/rrg-mchakrav-ab/moncia/ADNI/bids_adni_go2/sub-005S4185/ses-m48/anat/sub-005S4185_ses-m48_acq-3Taccel_T1w.nii.gz,/scratch/ishaan/adni_trillium/derivatives/bsc/005_S_4185_m48_2015-08-16,2015-09-24,3.7180013689253935,3.0
005_S_4185_m72_2017-08-15,005_S_4185,/project/rrg-mchakrav-ab/moncia/ADNI/bids_adni3/sub-005S4185/ses-m72/anat/sub-005S4185_ses-m72_acq-3T_T1w.nii.gz,/scratch/ishaan/adni_trillium/derivatives/bsc/005_S_4185_m72_2017-08-15,2017-09-21,5.711156741957564,3.0
005_S_4185_m84_2018-08-15,005_S_4185,/project/rrg-mchakrav-ab/moncia/ADNI/bids_adni3/sub-005S4185/ses-m84/anat/sub-005S4185_ses-m84_acq-3T_T1w.nii.gz,/scratch/ishaan/adni_trillium/derivatives/bsc/005_S_4185_m84_2018-08-15,2018-09-27,6.7268993839835725,3.0
006_S_4363_m03_2012-02-09,006_S_4363,/project/rrg-mchakrav-ab/moncia/ADNI/bids_adni_go2/sub-006S4363/ses-m03/anat/sub-006S4363_ses-m03_acq-3Taccel_T1w.nii.gz,/scratch/ishaan/adni_trillium/derivatives/bsc/006_S_4363_m03_2012-02-09,2012-02-23,0.0,3.0
006_S_4363_m06_2012-05-10,006_S_4363,/project/rrg-mchakrav-ab/moncia/ADNI/bids_adni_go2/sub-006S4363/ses-m06/anat/sub-006S4363_ses-m06_acq-3Taccel_T1w.nii.gz,/scratch/ishaan/adni_trillium/derivatives/bsc/006_S_4363_m06_2012-05-10,2012-06-19,0.3203285420944558,3.0
006_S_4363_m12_2012-11-09,006_S_4363,/project/rrg-mchakrav-ab/moncia/ADNI/bids_adni_go2/sub-006S4363/ses-m12/anat/sub-006S4363_ses-m12_acq-3Taccel_T1w.nii.gz,/scratch/ishaan/adni_trillium/derivatives/bsc/006_S_4363_m12_2012-11-09,2012-12-14,0.8076659822039699,3.0
006_S_4363_m24_2013-11-09,006_S_4363,/project/rrg-mchakrav-ab/moncia/ADNI/bids_adni_go2/sub-006S4363/ses-m24/anat/sub-006S4363_ses-m24_acq-3Taccel_T1w.nii.gz,/scratch/ishaan/adni_trillium/derivatives/bsc/006_S_4363_m24_2013-11-09,2014-01-10,1.8809034907597535,3.0
006_S_4679_m03_2012-08-20,006_S_4679,/project/rrg-mchakrav-ab/moncia/ADNI/bids_adni_go2/sub-006S4679/ses-m03/anat/sub-006S4679_ses-m03_acq-3Taccel_T1w.nii.gz,/scratch/ishaan/adni_trillium/derivatives/bsc/006_S_4679_m03_2012-08-20,2012-09-14,0.0,3.0
006_S_4679_m06_2012-11-19,006_S_4679,/project/rrg-mchakrav-ab/moncia/ADNI/bids_adni_go2/sub-006S4679/ses-m06/anat/sub-006S4679_ses-m06_acq-3Taccel_T1w.nii.gz,/scratch/ishaan/adni_trillium/derivatives/bsc/006_S_4679_m06_2012-11-19,2012-12-07,0.2299794661190965,3.0
006_S_4679_m12_2013-05-21,006_S_4679,/project/rrg-mchakrav-ab/moncia/ADNI/bids_adni_go2/sub-006S4679/ses-m12/anat/sub-006S4679_ses-m12_acq-3Taccel_T1w.nii.gz,/scratch/ishaan/adni_trillium/derivatives/bsc/006_S_4679_m12_2013-05-21,2013-07-18,0.840520191649555,3.0
006_S_4679_m24_2014-05-21,006_S_4679,/project/rrg-mchakrav-ab/moncia/ADNI/bids_adni_go2/sub-006S4679/ses-m24/anat/sub-006S4679_ses-m24_acq-3Taccel_T1w.nii.gz,/scratch/ishaan/adni_trillium/derivatives/bsc/006_S_4679_m24_2014-05-21,2014-06-26,1.7796030116358659,3.0
006_S_4713_m03_2012-08-02,006_S_4713,/project/rrg-mchakrav-ab/moncia/ADNI/bids_adni_go2/sub-006S4713/ses-m03/anat/sub-006S4713_ses-m03_acq-3Taccel_T1w.nii.gz,/scratch/ishaan/adni_trillium/derivatives/bsc/006_S_4713_m03_2012-08-02,2012-08-13,0.0,3.0
006_S_4713_m06_2012-11-01,006_S_4713,/project/rrg-mchakrav-ab/moncia/ADNI/bids_adni_go2/sub-006S4713/ses-m06/anat/sub-006S4713_ses-m06_acq-3Taccel_T1w.nii.gz,/scratch/ishaan/adni_trillium/derivatives/bsc/006_S_4713_m06_2012-11-01,2012-11-28,0.2929500342231348,3.0
006_S_4713_m12_2013-05-03,006_S_4713,/project/rrg-mchakrav-ab/moncia/ADNI/bids_adni_go2/sub-006S4713/ses-m12/anat/sub-006S4713_ses-m12_acq-3Taccel_T1w.nii.gz,/scratch/ishaan/adni_trillium/derivatives/bsc/006_S_4713_m12_2013-05-03,2013-06-12,0.8295687885010267,3.0
006_S_4713_m24_2014-05-03,006_S_4713,/project/rrg-mchakrav-ab/moncia/ADNI/bids_adni_go2/sub-006S4713/ses-m24/anat/sub-006S4713_ses-m24_acq-3Taccel_T1w.nii.gz,/scratch/ishaan/adni_trillium/derivatives/bsc/006_S_4713_m24_2014-05-03,2014-06-06,1.8124572210814511,3.0
006_S_4713_m48_2016-05-03,006_S_4713,/project/rrg-mchakrav-ab/moncia/ADNI/bids_adni_go2/sub-006S4713/ses-m48/anat/sub-006S4713_ses-m48_acq-3Taccel_T1w.nii.gz,/scratch/ishaan/adni_trillium/derivatives/bsc/006_S_4713_m48_2016-05-03,2016-06-02,3.802874743326489,3.0
006_S_4713_m90_2019-11-02,006_S_4713,/project/rrg-mchakrav-ab/moncia/ADNI/bids_adni3/sub-006S4713/ses-m90/anat/sub-006S4713_ses-m90_acq-3T_T1w.nii.gz,/scratch/ishaan/adni_trillium/derivatives/bsc/006_S_4713_m90_2019-11-02,2019-11-18,7.263518138261465,3.0
006_S_4713_m108_2021-05-03,006_S_4713,/project/rrg-mchakrav-ab/moncia/ADNI/bids_adni3/sub-006S4713/ses-m108/anat/sub-006S4713_ses-m108_acq-3T_T1w.nii.gz,/scratch/ishaan/adni_trillium/derivatives/bsc/006_S_4713_m108_2021-05-03,2021-08-19,9.015742642026009,3.0
006_S_4960_m03_2012-12-24,006_S_4960,/project/rrg-mchakrav-ab/moncia/ADNI/bids_adni_go2/sub-006S4960/ses-m03/anat/sub-006S4960_ses-m03_acq-3Taccel_T1w.nii.gz,/scratch/ishaan/adni_trillium/derivatives/bsc/006_S_4960_m03_2012-12-24,2013-01-10,0.0,3.0
006_S_4960_m06_2013-03-25,006_S_4960,/project/rrg-mchakrav-ab/moncia/ADNI/bids_adni_go2/sub-006S4960/ses-m06/anat/sub-006S4960_ses-m06_acq-3Taccel_T1w.nii.gz,/scratch/ishaan/adni_trillium/derivatives/bsc/006_S_4960_m06_2013-03-25,2013-05-07,0.3203285420944558,3.0
006_S_4960_m12_2013-09-24,006_S_4960,/project/rrg-mchakrav-ab/moncia/ADNI/bids_adni_go2/sub-006S4960/ses-m12/anat/sub-006S4960_ses-m12_acq-3Taccel_T1w.nii.gz,/scratch/ishaan/adni_trillium/derivatives/bsc/006_S_4960_m12_2013-09-24,2013-11-06,0.8213552361396304,3.0
006_S_4960_m24_2014-09-24,006_S_4960,/project/rrg-mchakrav-ab/moncia/ADNI/bids_adni_go2/sub-006S4960/ses-m24/anat/sub-006S4960_ses-m24_acq-3Taccel_T1w.nii.gz,/scratch/ishaan/adni_trillium/derivatives/bsc/006_S_4960_m24_2014-09-24,2014-10-14,1.757700205338809,3.0
006_S_4960_m36_2015-09-24,006_S_4960,/project/rrg-mchakrav-ab/moncia/ADNI/bids_adni_go2/sub-006S4960/ses-m36/anat/sub-006S4960_ses-m36_acq-3Taccel_T1w.nii.gz,/scratch/ishaan/adni_trillium/derivatives/bsc/006_S_4960_m36_2015-09-24,2015-11-16,2.847364818617385,3.0
006_S_4960_m66_2018-03-26,006_S_4960,/project/rrg-mchakrav-ab/moncia/ADNI/bids_adni3/sub-006S4960/ses-m66/anat/sub-006S4960_ses-m66_acq-3T_T1w.nii.gz,/scratch/ishaan/adni_trillium/derivatives/bsc/006_S_4960_m66_2018-03-26,2018-05-29,5.379876796714579,3.0
006_S_6243_sc_2018-02-26,006_S_6243,/project/rrg-mchakrav-ab/moncia/ADNI/bids_adni3/sub-006S6243/ses-sc/anat/sub-006S6243_ses-sc_acq-3T_T1w.nii.gz,/scratch/ishaan/adni_trillium/derivatives/bsc/006_S_6243_sc_2018-02-26,2018-03-01,0.0,3.0
006_S_6243_m12_2019-02-26,006_S_6243,/project/rrg-mchakrav-ab/moncia/ADNI/bids_adni3/sub-006S6243/ses-m12/anat/sub-006S6243_ses-m12_acq-3T_T1w.nii.gz,/scratch/ishaan/adni_trillium/derivatives/bsc/006_S_6243_m12_2019-02-26,2019-04-01,1.0841889117043122,3.0
006_S_6243_m42_2021-08-27,006_S_6243,/project/rrg-mchakrav-ab/moncia/ADNI/bids_adni3/sub-006S6243/ses-m42/anat/sub-006S6243_ses-m42_acq-3T_T1w.nii.gz,/scratch/ishaan/adni_trillium/derivatives/bsc/006_S_6243_m42_2021-08-27,2021-08-19,3.468856947296372,3.0
006_S_6243_m54_2022-08-27,006_S_6243,/project/rrg-mchakrav-ab/moncia/ADNI/bids_adni3/sub-006S6243/ses-m54/anat/sub-006S6243_ses-m54_acq-3T_T1w.nii.gz,/scratch/ishaan/adni_trillium/derivatives/bsc/006_S_6243_m54_2022-08-27,2022-10-19,4.635181382614648,3.0
006_S_6243_m66_2023-08-28,006_S_6243,/project/rrg-mchakrav-ab/moncia/ADNI/bids_adni4_qc/sub-006S6243/ses-m66/anat/sub-006S6243_ses-m66_acq-3Tultrafast_T1w.nii.gz,/scratch/ishaan/adni_trillium/derivatives/bsc/006_S_6243_m66_2023-08-28,2023-12-12,5.782340862422998,3.0
007_S_0101_sc_2006-01-05,007_S_0101,/project/rrg-mchakrav-ab/moncia/ADNI/bids_adni1/sub-007S0101/ses-sc/anat/sub-007S0101_ses-sc_acq-15T_T1w.nii.gz,/scratch/ishaan/adni_trillium/derivatives/bsc/007_S_0101_sc_2006-01-05,2005-12-20,0.0,1.5
007_S_0101_m06_2006-07-06,007_S_0101,/project/rrg-mchakrav-ab/moncia/ADNI/bids_adni1/sub-007S0101/ses-m06/anat/sub-007S0101_ses-m06_acq-15T_T1w.nii.gz,/scratch/ishaan/adni_trillium/derivatives/bsc/007_S_0101_m06_2006-07-06,2006-07-07,0.5448323066392882,1.5
007_S_0101_m12_2007-01-05,007_S_0101,/project/rrg-mchakrav-ab/moncia/ADNI/bids_adni1/sub-007S0101/ses-m12/anat/sub-007S0101_ses-m12_acq-15T_T1w.nii.gz,/scratch/ishaan/adni_trillium/derivatives/bsc/007_S_0101_m12_2007-01-05,2007-01-29,1.108829568788501,1.5
007_S_0101_m18_2007-07-06,007_S_0101,/project/rrg-mchakrav-ab/moncia/ADNI/bids_adni1/sub-007S0101/ses-m18/anat/sub-007S0101_ses-m18_acq-15T_T1w.nii.gz,/scratch/ishaan/adni_trillium/derivatives/bsc/007_S_0101_m18_2007-07-06,2007-07-11,1.5550992470910336,1.5
007_S_0698_sc_2006-08-23,007_S_0698,/project/rrg-mchakrav-ab/moncia/ADNI/bids_adni1/sub-007S0698/ses-sc/anat/sub-007S0698_ses-sc_acq-15T_T1w.nii.gz,/scratch/ishaan/adni_trillium/derivatives/bsc/007_S_0698_sc_2006-08-23,2006-07-07,0.0,1.5
007_S_0698_m06_2007-02-21,007_S_0698,/project/rrg-mchakrav-ab/moncia/ADNI/bids_adni1/sub-007S0698/ses-m06/anat/sub-007S0698_ses-m06_acq-15T_T1w.nii.gz,/scratch/ishaan/adni_trillium/derivatives/bsc/007_S_0698_m06_2007-02-21,2007-03-23,0.7091033538672142,1.5
007_S_0698_m12_2007-08-23,007_S_0698,/project/rrg-mchakrav-ab/moncia/ADNI/bids_adni1/sub-007S0698/ses-m12/anat/sub-007S0698_ses-m12_acq-15T_T1w.nii.gz,/scratch/ishaan/adni_trillium/derivatives/bsc/007_S_0698_m12_2007-08-23,2007-08-14,1.103353867214237,1.5
007_S_0698_m24_2008-08-22,007_S_0698,/project/rrg-mchakrav-ab/moncia/ADNI/bids_adni1/sub-007S0698/ses-m24/anat/sub-007S0698_ses-m24_acq-15T_T1w.nii.gz,/scratch/ishaan/adni_trillium/derivatives/bsc/007_S_0698_m24_2008-08-22,2008-08-29,2.1464750171115674,1.5
007_S_0698_m48_2010-08-23,007_S_0698,/project/rrg-mchakrav-ab/moncia/ADNI/bids_adni1/sub-007S0698/ses-m48/anat/sub-007S0698_ses-m48_acq-15T_T1w.nii.gz,/scratch/ishaan/adni_trillium/derivatives/bsc/007_S_0698_m48_2010-08-23,2010-08-25,4.134154688569473,1.5
007_S_2394_m03_2011-12-16,007_S_2394,/project/rrg-mchakrav-ab/moncia/ADNI/bids_adni_go2/sub-007S2394/ses-m03/anat/sub-007S2394_ses-m03_acq-3Taccel_T1w.nii.gz,/scratch/ishaan/adni_trillium/derivatives/bsc/007_S_2394_m03_2011-12-16,2011-10-06,0.0,3.0
007_S_2394_m06_2012-03-16,007_S_2394,/project/rrg-mchakrav-ab/moncia/ADNI/bids_adni_go2/sub-007S2394/ses-m06/anat/sub-007S2394_ses-m06_acq-3Taccel_T1w.nii.gz,/scratch/ishaan/adni_trillium/derivatives/bsc/007_S_2394_m06_2012-03-16,2012-02-09,0.34496919917864477,3.0
007_S_2394_m12_2012-09-15,007_S_2394,/project/rrg-mchakrav-ab/moncia/ADNI/bids_adni_go2/sub-007S2394/ses-m12/anat/sub-007S2394_ses-m12_acq-3Taccel_T1w.nii.gz,/scratch/ishaan/adni_trillium/derivatives/bsc/007_S_2394_m12_2012-09-15,2012-07-12,0.7665982203969883,3.0
007_S_2394_m24_2013-09-15,007_S_2394,/project/rrg-mchakrav-ab/moncia/ADNI/bids_adni_go2/sub-007S2394/ses-m24/anat/sub-007S2394_ses-m24_acq-3Taccel_T1w.nii.gz,/scratch/ishaan/adni_trillium/derivatives/bsc/007_S_2394_m24_2013-09-15,2013-07-15,1.7741273100616017,3.0
007_S_2394_m48_2015-09-16,007_S_2394,/project/rrg-mchakrav-ab/moncia/ADNI/bids_adni_go2/sub-007S2394/ses-m48/anat/sub-007S2394_ses-m48_acq-3Taccel_T1w.nii.gz,/scratch/ishaan/adni_trillium/derivatives/bsc/007_S_2394_m48_2015-09-16,2015-07-13,3.7672826830937716,3.0
007_S_2394_m72_2017-09-15,007_S_2394,/project/rrg-mchakrav-ab/moncia/ADNI/bids_adni3/sub-007S2394/ses-m72/anat/sub-007S2394_ses-m72_acq-3T_T1w.nii.gz,/scratch/ishaan/adni_trillium/derivatives/bsc/007_S_2394_m72_2017-09-15,2017-08-14,5.856262833675565,3.0
007_S_2394_m84_2018-09-15,007_S_2394,/project/rrg-mchakrav-ab/moncia/ADNI/bids_adni3/sub-007S2394/ses-m84/anat/sub-007S2394_ses-m84_acq-3T_T1w.nii.gz,/scratch/ishaan/adni_trillium/derivatives/bsc/007_S_2394_m84_2018-09-15,2018-08-07,6.836413415468857,3.0
007_S_2394_m96_2019-09-16,007_S_2394,/project/rrg-mchakrav-ab/moncia/ADNI/bids_adni3/sub-007S2394/ses-m96/anat/sub-007S2394_ses-m96_acq-3T_T1w.nii.gz,/scratch/ishaan/adni_trillium/derivatives/bsc/007_S_2394_m96_2019-09-16,2019-08-01,7.819301848049282,3.0
007_S_2394_m132_2022-09-16,007_S_2394,/project/rrg-mchakrav-ab/moncia/ADNI/bids_adni3/sub-007S2394/ses-m132/anat/sub-007S2394_ses-m132_acq-3T_T1w.nii.gz,/scratch/ishaan/adni_trillium/derivatives/bsc/007_S_2394_m132_2022-09-16,2022-08-23,10.880219028062971,3.0
007_S_2394_m150_2024-03-17,007_S_2394,/project/rrg-mchakrav-ab/moncia/ADNI/bids_adni4_qc/sub-007S2394/ses-m150/anat/sub-007S2394_ses-m150_acq-3Taccel_T1w.nii.gz,/scratch/ishaan/adni_trillium/derivatives/bsc/007_S_2394_m150_2024-03-17,2023-10-26,12.054757015742641,3.0
007_S_2394_m162_2025-03-17,007_S_2394,/project/rrg-mchakrav-ab/moncia/ADNI/bids_adni4_qc/sub-007S2394/ses-m162/anat/sub-007S2394_ses-m162_acq-3Taccel_T1w.nii.gz,/scratch/ishaan/adni_trillium/derivatives/bsc/007_S_2394_m162_2025-03-17,2024-11-06,13.086926762491444,3.0
007_S_2394_m168_2025-09-15,007_S_2394,/project/rrg-mchakrav-ab/moncia/ADNI/bids_adni4_qc/sub-007S2394/ses-m168/anat/sub-007S2394_ses-m168_acq-3Taccel_T1w.nii.gz,/scratch/ishaan/adni_trillium/derivatives/bsc/007_S_2394_m168_2025-09-15,2025-10-22,14.04517453798768,3.0
007_S_4272_m03_2012-01-05,007_S_4272,/project/rrg-mchakrav-ab/moncia/ADNI/bids_adni_go2/sub-007S4272/ses-m03/anat/sub-007S4272_ses-m03_acq-3Taccel_T1w.nii.gz,/scratch/ishaan/adni_trillium/derivatives/bsc/007_S_4272_m03_2012-01-05,2012-01-11,0.0,3.0
007_S_4272_m06_2012-04-05,007_S_4272,/project/rrg-mchakrav-ab/moncia/ADNI/bids_adni_go2/sub-007S4272/ses-m06/anat/sub-007S4272_ses-m06_acq-3Taccel_T1w.nii.gz,/scratch/ishaan/adni_trillium/derivatives/bsc/007_S_4272_m06_2012-04-05,2012-04-30,0.30116358658453113,3.0
007_S_4272_m12_2012-10-05,007_S_4272,/project/rrg-mchakrav-ab/moncia/ADNI/bids_adni_go2/sub-007S4272/ses-m12/anat/sub-007S4272_ses-m12_acq-3Taccel_T1w.nii.gz,/scratch/ishaan/adni_trillium/derivatives/bsc/007_S_4272_m12_2012-10-05,2012-10-22,0.7802874743326489,3.0
007_S_4272_m24_2013-10-05,007_S_4272,/project/rrg-mchakrav-ab/moncia/ADNI/bids_adni_go2/sub-007S4272/ses-m24/anat/sub-007S4272_ses-m24_acq-3Taccel_T1w.nii.gz,/scratch/ishaan/adni_trillium/derivatives/bsc/007_S_4272_m24_2013-10-05,2013-10-28,1.7960301163586585,3.0
007_S_4272_m48_2015-10-06,007_S_4272,/project/rrg-mchakrav-ab/moncia/ADNI/bids_adni_go2/sub-007S4272/ses-m48/anat/sub-007S4272_ses-m48_acq-3Taccel_T1w.nii.gz,/scratch/ishaan/adni_trillium/derivatives/bsc/007_S_4272_m48_2015-10-06,2015-10-19,3.7700205338809036,3.0
007_S_4272_m72_2017-10-05,007_S_4272,/project/rrg-mchakrav-ab/moncia/ADNI/bids_adni3/sub-007S4272/ses-m72/anat/sub-007S4272_ses-m72_acq-3T_T1w.nii.gz,/scratch/ishaan/adni_trillium/derivatives/bsc/007_S_4272_m72_2017-10-05,2018-01-16,6.015058179329227,3.0
007_S_4272_m84_2018-10-05,007_S_4272,/project/rrg-mchakrav-ab/moncia/ADNI/bids_adni3/sub-007S4272/ses-m84/anat/sub-007S4272_ses-m84_acq-3T_T1w.nii.gz,/scratch/ishaan/adni_trillium/derivatives/bsc/007_S_4272_m84_2018-10-05,2019-01-08,6.992470910335387,3.0
007_S_4272_m96_2019-10-06,007_S_4272,/project/rrg-mchakrav-ab/moncia/ADNI/bids_adni3/sub-007S4272/ses-m96/anat/sub-007S4272_ses-m96_acq-3T_T1w.nii.gz,/scratch/ishaan/adni_trillium/derivatives/bsc/007_S_4272_m96_2019-10-06,2020-01-31,8.054757015742641,3.0
007_S_4272_m114_2021-04-06,007_S_4272,/project/rrg-mchakrav-ab/moncia/ADNI/bids_adni3/sub-007S4272/ses-m114/anat/sub-007S4272_ses-m114_acq-3T_T1w.nii.gz,/scratch/ishaan/adni_trillium/derivatives/bsc/007_S_4272_m114_2021-04-06,2021-02-23,9.119780971937029,3.0
007_S_4272_m120_2021-10-05,007_S_4272,/project/rrg-mchakrav-ab/moncia/ADNI/bids_adni3/sub-007S4272/ses-m120/anat/sub-007S4272_ses-m120_acq-3T_T1w.nii.gz,/scratch/ishaan/adni_trillium/derivatives/bsc/007_S_4272_m120_2021-10-05,2022-01-24,10.036960985626283,3.0
007_S_4467_m03_2012-04-11,007_S_4467,/project/rrg-mchakrav-ab/moncia/ADNI/bids_adni_go2/sub-007S4467/ses-m03/anat/sub-007S4467_ses-m03_acq-3Taccel_T1w.nii.gz,/scratch/ishaan/adni_trillium/derivatives/bsc/007_S_4467_m03_2012-04-11,2012-04-27,0.0,3.0
007_S_4467_m06_2012-07-11,007_S_4467,/project/rrg-mchakrav-ab/moncia/ADNI/bids_adni_go2/sub-007S4467/ses-m06/anat/sub-007S4467_ses-m06_acq-3Taccel_T1w.nii.gz,/scratch/ishaan/adni_trillium/derivatives/bsc/007_S_4467_m06_2012-07-11,2012-07-30,0.25735797399041754,3.0
007_S_4467_m12_2013-01-10,007_S_4467,/project/rrg-mchakrav-ab/moncia/ADNI/bids_adni_go2/sub-007S4467/ses-m12/anat/sub-007S4467_ses-m12_acq-3Taccel_T1w.nii.gz,/scratch/ishaan/adni_trillium/derivatives/bsc/007_S_4467_m12_2013-01-10,2013-02-18,0.813141683778234,3.0
007_S_4467_m24_2014-01-10,007_S_4467,/project/rrg-mchakrav-ab/moncia/ADNI/bids_adni_go2/sub-007S4467/ses-m24/anat/sub-007S4467_ses-m24_acq-3Taccel_T1w.nii.gz,/scratch/ishaan/adni_trillium/derivatives/bsc/007_S_4467_m24_2014-01-10,2014-02-04,1.7741273100616017,3.0
009_S_1030_sc_2006-11-13,009_S_1030,/project/rrg-mchakrav-ab/moncia/ADNI/bids_adni1/sub-009S1030/ses-sc/anat/sub-009S1030_ses-sc_acq-15T_T1w.nii.gz,/scratch/ishaan/adni_trillium/derivatives/bsc/009_S_1030_sc_2006-11-13,2006-11-01,0.0,1.5
009_S_1030_m06_2007-05-14,009_S_1030,/project/rrg-mchakrav-ab/moncia/ADNI/bids_adni1/sub-009S1030/ses-m06/anat/sub-009S1030_ses-m06_acq-15T_T1w.nii.gz,/scratch/ishaan/adni_trillium/derivatives/bsc/009_S_1030_m06_2007-05-14,2007-05-16,0.5366187542778919,1.5
009_S_1030_m18_2008-05-13,009_S_1030,/project/rrg-mchakrav-ab/moncia/ADNI/bids_adni1/sub-009S1030/ses-m18/anat/sub-009S1030_ses-m18_acq-15T_T1w.nii.gz,/scratch/ishaan/adni_trillium/derivatives/bsc/009_S_1030_m18_2008-05-13,2008-05-14,1.5331964407939767,1.5
009_S_1030_m36_2009-11-12,009_S_1030,/project/rrg-mchakrav-ab/moncia/ADNI/bids_adni1/sub-009S1030/ses-m36/anat/sub-009S1030_ses-m36_acq-15T_T1w.nii.gz,/scratch/ishaan/adni_trillium/derivatives/bsc/009_S_1030_m36_2009-11-12,2009-11-09,3.02258726899384,1.5
009_S_2208_m03_2011-05-24,009_S_2208,/project/rrg-mchakrav-ab/moncia/ADNI/bids_adni_go2/sub-009S2208/ses-m03/anat/sub-009S2208_ses-m03_acq-3Taccel_T1w.nii.gz,/scratch/ishaan/adni_trillium/derivatives/bsc/009_S_2208_m03_2011-05-24,2011-03-02,0.0,3.0
009_S_2208_m06_2011-08-23,009_S_2208,/project/rrg-mchakrav-ab/moncia/ADNI/bids_adni_go2/sub-009S2208/ses-m06/anat/sub-009S2208_ses-m06_acq-3Taccel_T1w.nii.gz,/scratch/ishaan/adni_trillium/derivatives/bsc/009_S_2208_m06_2011-08-23,2011-06-29,0.3258042436687201,3.0
009_S_2208_m12_2012-02-22,009_S_2208,/project/rrg-mchakrav-ab/moncia/ADNI/bids_adni_go2/sub-009S2208/ses-m12/anat/sub-009S2208_ses-m12_acq-3Taccel_T1w.nii.gz,/scratch/ishaan/adni_trillium/derivatives/bsc/009_S_2208_m12_2012-02-22,2012-01-06,0.8487337440109514,3.0
009_S_2208_m24_2013-02-21,009_S_2208,/project/rrg-mchakrav-ab/moncia/ADNI/bids_adni_go2/sub-009S2208/ses-m24/anat/sub-009S2208_ses-m24_acq-3Taccel_T1w.nii.gz,/scratch/ishaan/adni_trillium/derivatives/bsc/009_S_2208_m24_2013-02-21,2013-01-10,1.8617385352498288,3.0
009_S_2208_m36_2014-02-21,009_S_2208,/project/rrg-mchakrav-ab/moncia/ADNI/bids_adni_go2/sub-009S2208/ses-m36/anat/sub-009S2208_ses-m36_acq-3Taccel_T1w.nii.gz,/scratch/ishaan/adni_trillium/derivatives/bsc/009_S_2208_m36_2014-02-21,2013-12-19,2.8008213552361396,3.0
009_S_2208_m48_2015-02-22,009_S_2208,/project/rrg-mchakrav-ab/moncia/ADNI/bids_adni_go2/sub-009S2208/ses-m48/anat/sub-009S2208_ses-m48_acq-3Taccel_T1w.nii.gz,/scratch/ishaan/adni_trillium/derivatives/bsc/009_S_2208_m48_2015-02-22,2014-12-01,3.7508555783709787,3.0
009_S_4359_m03_2012-02-17,009_S_4359,/project/rrg-mchakrav-ab/moncia/ADNI/bids_adni_go2/sub-009S4359/ses-m03/anat/sub-009S4359_ses-m03_acq-3Taccel_T1w.nii.gz,/scratch/ishaan/adni_trillium/derivatives/bsc/009_S_4359_m03_2012-02-17,2012-03-07,0.0,3.0
009_S_4359_m06_2012-05-18,009_S_4359,/project/rrg-mchakrav-ab/moncia/ADNI/bids_adni_go2/sub-009S4359/ses-m06/anat/sub-009S4359_ses-m06_acq-3Taccel_T1w.nii.gz,/scratch/ishaan/adni_trillium/derivatives/bsc/009_S_4359_m06_2012-05-18,2012-07-23,0.37782340862423,3.0
009_S_4359_m12_2012-11-17,009_S_4359,/project/rrg-mchakrav-ab/moncia/ADNI/bids_adni_go2/sub-009S4359/ses-m12/anat/sub-009S4359_ses-m12_acq-3Taccel_T1w.nii.gz,/scratch/ishaan/adni_trillium/derivatives/bsc/009_S_4359_m12_2012-11-17,2013-02-13,0.9390828199863107,3.0
009_S_4359_m24_2013-11-17,009_S_4359,/project/rrg-mchakrav-ab/moncia/ADNI/bids_adni_go2/sub-009S4359/ses-m24/anat/sub-009S4359_ses-m24_acq-3Taccel_T1w.nii.gz,/scratch/ishaan/adni_trillium/derivatives/bsc/009_S_4359_m24_2013-11-17,2014-01-16,1.8617385352498288,3.0
009_S_4359_m48_2015-11-18,009_S_4359,/project/rrg-mchakrav-ab/moncia/ADNI/bids_adni_go2/sub-009S4359/ses-m48/anat/sub-009S4359_ses-m48_acq-3Taccel_T1w.nii.gz,/scratch/ishaan/adni_trillium/derivatives/bsc/009_S_4359_m48_2015-11-18,2016-02-15,3.9425051334702257,3.0
009_S_5000_m03_2013-01-18,009_S_5000,/project/rrg-mchakrav-ab/moncia/ADNI/bids_adni_go2/sub-009S5000/ses-m03/anat/sub-009S5000_ses-m03_acq-3Taccel_T1w.nii.gz,/scratch/ishaan/adni_trillium/derivatives/bsc/009_S_5000_m03_2013-01-18,2013-02-11,0.0,3.0
009_S_5000_m06_2013-04-19,009_S_5000,/project/rrg-mchakrav-ab/moncia/ADNI/bids_adni_go2/sub-009S5000/ses-m06/anat/sub-009S5000_ses-m06_acq-3Taccel_T1w.nii.gz,/scratch/ishaan/adni_trillium/derivatives/bsc/009_S_5000_m06_2013-04-19,2013-06-24,0.36413415468856947,3.0
009_S_5000_m12_2013-10-19,009_S_5000,/project/rrg-mchakrav-ab/moncia/ADNI/bids_adni_go2/sub-009S5000/ses-m12/anat/sub-009S5000_ses-m12_acq-3Taccel_T1w.nii.gz,/scratch/ishaan/adni_trillium/derivatives/bsc/009_S_5000_m12_2013-10-19,2013-11-22,0.7775496235455168,3.0
009_S_5000_m24_2014-10-19,009_S_5000,/project/rrg-mchakrav-ab/moncia/ADNI/bids_adni_go2/sub-009S5000/ses-m24/anat/sub-009S5000_ses-m24_acq-3Taccel_T1w.nii.gz,/scratch/ishaan/adni_trillium/derivatives/bsc/009_S_5000_m24_2014-10-19,2014-12-03,1.8069815195071868,3.0
011_S_0362_m06_2006-11-17,011_S_0362,/project/rrg-mchakrav-ab/moncia/ADNI/bids_adni1/sub-011S0362/ses-m06/anat/sub-011S0362_ses-m06_acq-15T_T1w.nii.gz,/scratch/ishaan/adni_trillium/derivatives/bsc/011_S_0362_m06_2006-11-17,2006-10-18,0.0,1.5
011_S_0362_m12_2007-05-19,011_S_0362,/project/rrg-mchakrav-ab/moncia/ADNI/bids_adni1/sub-011S0362/ses-m12/anat/sub-011S0362_ses-m12_acq-15T_T1w.nii.gz,/scratch/ishaan/adni_trillium/derivatives/bsc/011_S_0362_m12_2007-05-19,2007-04-16,0.4928131416837782,1.5
011_S_0362_m18_2007-11-17,011_S_0362,/project/rrg-mchakrav-ab/moncia/ADNI/bids_adni1/sub-011S0362/ses-m18/anat/sub-011S0362_ses-m18_acq-15T_T1w.nii.gz,/scratch/ishaan/adni_trillium/derivatives/bsc/011_S_0362_m18_2007-11-17,2007-10-23,1.0130047912388775,1.5
011_S_0362_m24_2008-05-18,011_S_0362,/project/rrg-mchakrav-ab/moncia/ADNI/bids_adni1/sub-011S0362/ses-m24/anat/sub-011S0362_ses-m24_acq-15T_T1w.nii.gz,/scratch/ishaan/adni_trillium/derivatives/bsc/011_S_0362_m24_2008-05-18,2008-04-22,1.51129363449692,1.5
011_S_1080_sc_2006-12-08,011_S_1080,/project/rrg-mchakrav-ab/moncia/ADNI/bids_adni1/sub-011S1080/ses-sc/anat/sub-011S1080_ses-sc_acq-15T_T1w.nii.gz,/scratch/ishaan/adni_trillium/derivatives/bsc/011_S_1080_sc_2006-12-08,2006-11-22,0.0,1.5
011_S_1080_m06_2007-06-08,011_S_1080,/project/rrg-mchakrav-ab/moncia/ADNI/bids_adni1/sub-011S1080/ses-m06/anat/sub-011S1080_ses-m06_acq-15T_T1w.nii.gz,/scratch/ishaan/adni_trillium/derivatives/bsc/011_S_1080_m06_2007-06-08,2007-05-23,0.49828884325804246,1.5
011_S_1080_m12_2007-12-08,011_S_1080,/project/rrg-mchakrav-ab/moncia/ADNI/bids_adni1/sub-011S1080/ses-m12/anat/sub-011S1080_ses-m12_acq-15T_T1w.nii.gz,/scratch/ishaan/adni_trillium/derivatives/bsc/011_S_1080_m12_2007-12-08,2007-12-05,1.0349075975359343,1.5
011_S_1080_m18_2008-06-07,011_S_1080,/project/rrg-mchakrav-ab/moncia/ADNI/bids_adni1/sub-011S1080/ses-m18/anat/sub-011S1080_ses-m18_acq-15T_T1w.nii.gz,/scratch/ishaan/adni_trillium/derivatives/bsc/011_S_1080_m18_2008-06-07,2008-06-13,1.5578370978781657,1.5
011_S_1080_m24_2008-12-07,011_S_1080,/project/rrg-mchakrav-ab/moncia/ADNI/bids_adni1/sub-011S1080/ses-m24/anat/sub-011S1080_ses-m24_acq-15T_T1w.nii.gz,/scratch/ishaan/adni_trillium/derivatives/bsc/011_S_1080_m24_2008-12-07,2008-12-05,2.0369609856262834,1.5
011_S_1080_m36_2009-12-07,011_S_1080,/project/rrg-mchakrav-ab/moncia/ADNI/bids_adni1/sub-011S1080/ses-m36/anat/sub-011S1080_ses-m36_acq-15T_T1w.nii.gz,/scratch/ishaan/adni_trillium/derivatives/bsc/011_S_1080_m36_2009-12-07,2009-12-11,3.052703627652293,1.5
011_S_4235_m03_2011-12-07,011_S_4235,/project/rrg-mchakrav-ab/moncia/ADNI/bids_adni_go2/sub-011S4235/ses-m03/anat/sub-011S4235_ses-m03_acq-3Taccel_T1w.nii.gz,/scratch/ishaan/adni_trillium/derivatives/bsc/011_S_4235_m03_2011-12-07,2011-12-19,0.0,3.0
011_S_4235_m06_2012-03-07,011_S_4235,/project/rrg-mchakrav-ab/moncia/ADNI/bids_adni_go2/sub-011S4235/ses-m06/anat/sub-011S4235_ses-m06_acq-3Taccel_T1w.nii.gz,/scratch/ishaan/adni_trillium/derivatives/bsc/011_S_4235_m06_2012-03-07,2012-04-12,0.31485284052019163,3.0
011_S_4235_m12_2012-09-06,011_S_4235,/project/rrg-mchakrav-ab/moncia/ADNI/bids_adni_go2/sub-011S4235/ses-m12/anat/sub-011S4235_ses-m12_acq-3Taccel_T1w.nii.gz,/scratch/ishaan/adni_trillium/derivatives/bsc/011_S_4235_m12_2012-09-06,2012-10-09,0.8076659822039699,3.0
011_S_4235_m24_2013-09-06,011_S_4235,/project/rrg-mchakrav-ab/moncia/ADNI/bids_adni_go2/sub-011S4235/ses-m24/anat/sub-011S4235_ses-m24_acq-3Taccel_T1w.nii.gz,/scratch/ishaan/adni_trillium/derivatives/bsc/011_S_4235_m24_2013-09-06,2013-10-03,1.7905544147843941,3.0
011_S_4235_m48_2015-09-07,011_S_4235,/project/rrg-mchakrav-ab/moncia/ADNI/bids_adni_go2/sub-011S4235/ses-m48/anat/sub-011S4235_ses-m48_acq-3Taccel_T1w.nii.gz,/scratch/ishaan/adni_trillium/derivatives/bsc/011_S_4235_m48_2015-09-07,2015-09-23,3.761806981519507,3.0
011_S_4547_m03_2012-05-14,011_S_4547,/project/rrg-mchakrav-ab/moncia/ADNI/bids_adni_go2/sub-011S4547/ses-m03/anat/sub-011S4547_ses-m03_acq-3Taccel_T1w.nii.gz,/scratch/ishaan/adni_trillium/derivatives/bsc/011_S_4547_m03_2012-05-14,2012-05-24,0.0,3.0
011_S_4547_m06_2012-08-13,011_S_4547,/project/rrg-mchakrav-ab/moncia/ADNI/bids_adni_go2/sub-011S4547/ses-m06/anat/sub-011S4547_ses-m06_acq-3Taccel_T1w.nii.gz,/scratch/ishaan/adni_trillium/derivatives/bsc/011_S_4547_m06_2012-08-13,2012-09-12,0.30390143737166325,3.0
011_S_4547_m12_2013-02-12,011_S_4547,/project/rrg-mchakrav-ab/moncia/ADNI/bids_adni_go2/sub-011S4547/ses-m12/anat/sub-011S4547_ses-m12_acq-3Taccel_T1w.nii.gz,/scratch/ishaan/adni_trillium/derivatives/bsc/011_S_4547_m12_2013-02-12,2013-03-18,0.8158795345653662,3.0
011_S_4547_m24_2014-02-12,011_S_4547,/project/rrg-mchakrav-ab/moncia/ADNI/bids_adni_go2/sub-011S4547/ses-m24/anat/sub-011S4547_ses-m24_acq-3Taccel_T1w.nii.gz,/scratch/ishaan/adni_trillium/derivatives/bsc/011_S_4547_m24_2014-02-12,2014-03-05,1.7796030116358659,3.0
011_S_4547_m48_2016-02-13,011_S_4547,/project/rrg-mchakrav-ab/moncia/ADNI/bids_adni_go2/sub-011S4547/ses-m48/anat/sub-011S4547_ses-m48_acq-3Taccel_T1w.nii.gz,/scratch/ishaan/adni_trillium/derivatives/bsc/011_S_4547_m48_2016-02-13,2016-03-08,3.789185489390828,3.0
011_S_4893_m03_2012-10-30,011_S_4893,/project/rrg-mchakrav-ab/moncia/ADNI/bids_adni_go2/sub-011S4893/ses-m03/anat/sub-011S4893_ses-m03_acq-3Taccel_T1w.nii.gz,/scratch/ishaan/adni_trillium/derivatives/bsc/011_S_4893_m03_2012-10-30,2012-09-10,0.0,3.0
011_S_4893_m06_2013-01-29,011_S_4893,/project/rrg-mchakrav-ab/moncia/ADNI/bids_adni_go2/sub-011S4893/ses-m06/anat/sub-011S4893_ses-m06_acq-3Taccel_T1w.nii.gz,/scratch/ishaan/adni_trillium/derivatives/bsc/011_S_4893_m06_2013-01-29,2012-12-10,0.24914442162902123,3.0
011_S_4893_m12_2013-07-31,011_S_4893,/project/rrg-mchakrav-ab/moncia/ADNI/bids_adni_go2/sub-011S4893/ses-m12/anat/sub-011S4893_ses-m12_acq-3Taccel_T1w.nii.gz,/scratch/ishaan/adni_trillium/derivatives/bsc/011_S_4893_m12_2013-07-31,2013-09-27,1.0458590006844628,3.0
011_S_4893_m24_2014-07-31,011_S_4893,/project/rrg-mchakrav-ab/moncia/ADNI/bids_adni_go2/sub-011S4893/ses-m24/anat/sub-011S4893_ses-m24_acq-3Taccel_T1w.nii.gz,/scratch/ishaan/adni_trillium/derivatives/bsc/011_S_4893_m24_2014-07-31,2014-09-17,2.0177960301163584,3.0
012_S_0634_sc_2006-07-24,012_S_0634,/project/rrg-mchakrav-ab/moncia/ADNI/bids_adni1/sub-012S0634/ses-sc/anat/sub-012S0634_ses-sc_acq-15T_T1w.nii.gz,/scratch/ishaan/adni_trillium/derivatives/bsc/012_S_0634_sc_2006-07-24,2006-07-24,0.0,
012_S_0634_m06_2007-01-22,012_S_0634,/project/rrg-mchakrav-ab/moncia/ADNI/bids_adni1/sub-012S0634/ses-m06/anat/sub-012S0634_ses-m06_acq-15T_T1w.nii.gz,/scratch/ishaan/adni_trillium/derivatives/bsc/012_S_0634_m06_2007-01-22,2007-01-22,0.49828884325804246,
012_S_0634_m12_2007-07-24,012_S_0634,/project/rrg-mchakrav-ab/moncia/ADNI/bids_adni1/sub-012S0634/ses-m12/anat/sub-012S0634_ses-m12_acq-15T_T1w.nii.gz,/scratch/ishaan/adni_trillium/derivatives/bsc/012_S_0634_m12_2007-07-24,2007-07-24,0.999315537303217,
012_S_0634_m24_2008-07-23,012_S_0634,/project/rrg-mchakrav-ab/moncia/ADNI/bids_adni1/sub-012S0634/ses-m24/anat/sub-012S0634_ses-m24_acq-15T_T1w.nii.gz,/scratch/ishaan/adni_trillium/derivatives/bsc/012_S_0634_m24_2008-07-23,2008-07-23,1.998631074606434,
012_S_1165_sc_2007-01-18,012_S_1165,/project/rrg-mchakrav-ab/moncia/ADNI/bids_adni1/sub-012S1165/ses-sc/anat/sub-012S1165_ses-sc_acq-15T_T1w.nii.gz,/scratch/ishaan/adni_trillium/derivatives/bsc/012_S_1165_sc_2007-01-18,2007-01-18,0.0,
012_S_1165_m06_2007-07-19,012_S_1165,/project/rrg-mchakrav-ab/moncia/ADNI/bids_adni1/sub-012S1165/ses-m06/anat/sub-012S1165_ses-m06_acq-15T_T1w.nii.gz,/scratch/ishaan/adni_trillium/derivatives/bsc/012_S_1165_m06_2007-07-19,2007-07-19,0.49828884325804246,
012_S_1165_m12_2008-01-18,012_S_1165,/project/rrg-mchakrav-ab/moncia/ADNI/bids_adni1/sub-012S1165/ses-m12/anat/sub-012S1165_ses-m12_acq-15T_T1w.nii.gz,/scratch/ishaan/adni_trillium/derivatives/bsc/012_S_1165_m12_2008-01-18,2008-01-18,0.999315537303217,
012_S_1165_m18_2008-07-18,012_S_1165,/project/rrg-mchakrav-ab/moncia/ADNI/bids_adni1/sub-012S1165/ses-m18/anat/sub-012S1165_ses-m18_acq-15T_T1w.nii.gz,/scratch/ishaan/adni_trillium/derivatives/bsc/012_S_1165_m18_2008-07-18,2008-07-18,1.4976043805612593,
012_S_1165_m24_2009-01-17,012_S_1165,/project/rrg-mchakrav-ab/moncia/ADNI/bids_adni1/sub-012S1165/ses-m24/anat/sub-012S1165_ses-m24_acq-15T_T1w.nii.gz,/scratch/ishaan/adni_trillium/derivatives/bsc/012_S_1165_m24_2009-01-17,2009-01-17,1.998631074606434,
012_S_1175_sc_2007-01-19,012_S_1175,/project/rrg-mchakrav-ab/moncia/ADNI/bids_adni1/sub-012S1175/ses-sc/anat/sub-012S1175_ses-sc_acq-15T_T1w.nii.gz,/scratch/ishaan/adni_trillium/derivatives/bsc/012_S_1175_sc_2007-01-19,2007-01-19,0.0,
012_S_1175_m06_2007-07-20,012_S_1175,/project/rrg-mchakrav-ab/moncia/ADNI/bids_adni1/sub-012S1175/ses-m06/anat/sub-012S1175_ses-m06_acq-15T_T1w.nii.gz,/scratch/ishaan/adni_trillium/derivatives/bsc/012_S_1175_m06_2007-07-20,2007-07-20,0.49828884325804246,
012_S_1175_m18_2008-07-19,012_S_1175,/project/rrg-mchakrav-ab/moncia/ADNI/bids_adni1/sub-012S1175/ses-m18/anat/sub-012S1175_ses-m18_acq-15T_T1w.nii.gz,/scratch/ishaan/adni_trillium/derivatives/bsc/012_S_1175_m18_2008-07-19,2008-07-19,1.4976043805612593,
012_S_1175_m24_2009-01-18,012_S_1175,/project/rrg-mchakrav-ab/moncia/ADNI/bids_adni1/sub-012S1175/ses-m24/anat/sub-012S1175_ses-m24_acq-15T_T1w.nii.gz,/scratch/ishaan/adni_trillium/derivatives/bsc/012_S_1175_m24_2009-01-18,2009-01-18,1.998631074606434,
012_S_1321_bl_2007-03-15,012_S_1321,/project/rrg-mchakrav-ab/moncia/ADNI/bids_adni1/sub-012S1321/ses-bl/anat/sub-012S1321_ses-bl_acq-3T_T1w.nii.gz,/scratch/ishaan/adni_trillium/derivatives/bsc/012_S_1321_bl_2007-03-15,2007-03-15,0.0,
012_S_1321_sc_2007-03-15,012_S_1321,/project/rrg-mchakrav-ab/moncia/ADNI/bids_adni1/sub-012S1321/ses-sc/anat/sub-012S1321_ses-sc_acq-15T_T1w.nii.gz,/scratch/ishaan/adni_trillium/derivatives/bsc/012_S_1321_sc_2007-03-15,2007-03-15,0.0,
012_S_1321_m12_2008-03-14,012_S_1321,/project/rrg-mchakrav-ab/moncia/ADNI/bids_adni1/sub-012S1321/ses-m12/anat/sub-012S1321_ses-m12_acq-15T_T1w.nii.gz,/scratch/ishaan/adni_trillium/derivatives/bsc/012_S_1321_m12_2008-03-14,2008-03-19,1.0130047912388775,3.0
012_S_1321_m18_2008-09-12,012_S_1321,/project/rrg-mchakrav-ab/moncia/ADNI/bids_adni1/sub-012S1321/ses-m18/anat/sub-012S1321_ses-m18_acq-15T_T1w.nii.gz,/scratch/ishaan/adni_trillium/derivatives/bsc/012_S_1321_m18_2008-09-12,2008-10-07,1.566050650239562,3.0
012_S_1321_m24_2009-03-14,012_S_1321,/project/rrg-mchakrav-ab/moncia/ADNI/bids_adni1/sub-012S1321/ses-m24/anat/sub-012S1321_ses-m24_acq-15T_T1w.nii.gz,/scratch/ishaan/adni_trillium/derivatives/bsc/012_S_1321_m24_2009-03-14,2009-03-14,1.998631074606434,
012_S_4012_m03_2011-06-21,012_S_4012,/project/rrg-mchakrav-ab/moncia/ADNI/bids_adni_go2/sub-012S4012/ses-m03/anat/sub-012S4012_ses-m03_acq-3Taccel_T1w.nii.gz,/scratch/ishaan/adni_trillium/derivatives/bsc/012_S_4012_m03_2011-06-21,2011-07-20,0.0,3.0
012_S_4012_m06_2011-09-20,012_S_4012,/project/rrg-mchakrav-ab/moncia/ADNI/bids_adni_go2/sub-012S4012/ses-m06/anat/sub-012S4012_ses-m06_acq-3Taccel_T1w.nii.gz,/scratch/ishaan/adni_trillium/derivatives/bsc/012_S_4012_m06_2011-09-20,2011-11-07,0.30116358658453113,3.0
012_S_4012_m12_2012-03-21,012_S_4012,/project/rrg-mchakrav-ab/moncia/ADNI/bids_adni_go2/sub-012S4012/ses-m12/anat/sub-012S4012_ses-m12_acq-3Taccel_T1w.nii.gz,/scratch/ishaan/adni_trillium/derivatives/bsc/012_S_4012_m12_2012-03-21,2012-05-21,0.837782340862423,3.0
012_S_4012_m24_2013-03-21,012_S_4012,/project/rrg-mchakrav-ab/moncia/ADNI/bids_adni_go2/sub-012S4012/ses-m24/anat/sub-012S4012_ses-m24_acq-3Taccel_T1w.nii.gz,/scratch/ishaan/adni_trillium/derivatives/bsc/012_S_4012_m24_2013-03-21,2013-05-16,1.8234086242299794,3.0
012_S_4012_m48_2015-03-22,012_S_4012,/project/rrg-mchakrav-ab/moncia/ADNI/bids_adni_go2/sub-012S4012/ses-m48/anat/sub-012S4012_ses-m48_acq-3Taccel_T1w.nii.gz,/scratch/ishaan/adni_trillium/derivatives/bsc/012_S_4012_m48_2015-03-22,2015-05-07,3.7973990417522243,3.0
012_S_4128_m03_2011-10-19,012_S_4128,/project/rrg-mchakrav-ab/moncia/ADNI/bids_adni_go2/sub-012S4128/ses-m03/anat/sub-012S4128_ses-m03_acq-3Taccel_T1w.nii.gz,/scratch/ishaan/adni_trillium/derivatives/bsc/012_S_4128_m03_2011-10-19,2011-11-01,0.0,3.0
012_S_4128_m06_2012-01-18,012_S_4128,/project/rrg-mchakrav-ab/moncia/ADNI/bids_adni_go2/sub-012S4128/ses-m06/anat/sub-012S4128_ses-m06_acq-3Taccel_T1w.nii.gz,/scratch/ishaan/adni_trillium/derivatives/bsc/012_S_4128_m06_2012-01-18,2012-03-06,0.34496919917864477,3.0
012_S_4128_m12_2012-07-19,012_S_4128,/project/rrg-mchakrav-ab/moncia/ADNI/bids_adni_go2/sub-012S4128/ses-m12/anat/sub-012S4128_ses-m12_acq-3Taccel_T1w.nii.gz,/scratch/ishaan/adni_trillium/derivatives/bsc/012_S_4128_m12_2012-07-19,2012-08-29,0.8268309377138946,3.0
012_S_4128_m24_2013-07-19,012_S_4128,/project/rrg-mchakrav-ab/moncia/ADNI/bids_adni_go2/sub-012S4128/ses-m24/anat/sub-012S4128_ses-m24_acq-3Taccel_T1w.nii.gz,/scratch/ishaan/adni_trillium/derivatives/bsc/012_S_4128_m24_2013-07-19,2013-08-05,1.7604380561259412,3.0
012_S_4128_m48_2015-07-20,012_S_4128,/project/rrg-mchakrav-ab/moncia/ADNI/bids_adni_go2/sub-012S4128/ses-m48/anat/sub-012S4128_ses-m48_acq-3Taccel_T1w.nii.gz,/scratch/ishaan/adni_trillium/derivatives/bsc/012_S_4128_m48_2015-07-20,2015-09-17,3.8767967145790556,3.0
012_S_4188_m03_2011-11-22,012_S_4188,/project/rrg-mchakrav-ab/moncia/ADNI/bids_adni_go2/sub-012S4188/ses-m03/anat/sub-012S4188_ses-m03_acq-3Taccel_T1w.nii.gz,/scratch/ishaan/adni_trillium/derivatives/bsc/012_S_4188_m03_2011-11-22,2011-12-13,0.0,3.0
012_S_4188_m06_2012-02-21,012_S_4188,/project/rrg-mchakrav-ab/moncia/ADNI/bids_adni_go2/sub-012S4188/ses-m06/anat/sub-012S4188_ses-m06_acq-3Taccel_T1w.nii.gz,/scratch/ishaan/adni_trillium/derivatives/bsc/012_S_4188_m06_2012-02-21,2012-05-02,0.3860369609856263,3.0
012_S_4188_m12_2012-08-22,012_S_4188,/project/rrg-mchakrav-ab/moncia/ADNI/bids_adni_go2/sub-012S4188/ses-m12/anat/sub-012S4188_ses-m12_acq-3Taccel_T1w.nii.gz,/scratch/ishaan/adni_trillium/derivatives/bsc/012_S_4188_m12_2012-08-22,2012-09-18,0.7665982203969883,3.0
012_S_4188_m24_2013-08-22,012_S_4188,/project/rrg-mchakrav-ab/moncia/ADNI/bids_adni_go2/sub-012S4188/ses-m24/anat/sub-012S4188_ses-m24_acq-3Taccel_T1w.nii.gz,/scratch/ishaan/adni_trillium/derivatives/bsc/012_S_4188_m24_2013-08-22,2013-10-08,1.8206707734428473,3.0
013_S_1120_sc_2007-01-04,013_S_1120,/project/rrg-mchakrav-ab/moncia/ADNI/bids_adni1/sub-013S1120/ses-sc/anat/sub-013S1120_ses-sc_acq-15T_T1w.nii.gz,/scratch/ishaan/adni_trillium/derivatives/bsc/013_S_1120_sc_2007-01-04,2006-11-22,0.0,1.5
013_S_1120_m06_2007-07-05,013_S_1120,/project/rrg-mchakrav-ab/moncia/ADNI/bids_adni1/sub-013S1120/ses-m06/anat/sub-013S1120_ses-m06_acq-15T_T1w.nii.gz,/scratch/ishaan/adni_trillium/derivatives/bsc/013_S_1120_m06_2007-07-05,2007-06-05,0.5338809034907598,1.5
013_S_1120_m12_2008-01-04,013_S_1120,/project/rrg-mchakrav-ab/moncia/ADNI/bids_adni1/sub-013S1120/ses-m12/anat/sub-013S1120_ses-m12_acq-15T_T1w.nii.gz,/scratch/ishaan/adni_trillium/derivatives/bsc/013_S_1120_m12_2008-01-04,2007-12-20,1.0759753593429158,1.5
013_S_1120_m18_2008-07-04,013_S_1120,/project/rrg-mchakrav-ab/moncia/ADNI/bids_adni1/sub-013S1120/ses-m18/anat/sub-013S1120_ses-m18_acq-15T_T1w.nii.gz,/scratch/ishaan/adni_trillium/derivatives/bsc/013_S_1120_m18_2008-07-04,2008-06-03,1.5304585900068446,1.5
013_S_1186_sc_2007-03-01,013_S_1186,/project/rrg-mchakrav-ab/moncia/ADNI/bids_adni1/sub-013S1186/ses-sc/anat/sub-013S1186_ses-sc_acq-15T_T1w.nii.gz,/scratch/ishaan/adni_trillium/derivatives/bsc/013_S_1186_sc_2007-03-01,2007-01-29,0.0,1.5
013_S_1186_m06_2007-08-30,013_S_1186,/project/rrg-mchakrav-ab/moncia/ADNI/bids_adni1/sub-013S1186/ses-m06/anat/sub-013S1186_ses-m06_acq-15T_T1w.nii.gz,/scratch/ishaan/adni_trillium/derivatives/bsc/013_S_1186_m06_2007-08-30,2007-08-06,0.5174537987679672,1.5
013_S_1186_m12_2008-02-29,013_S_1186,/project/rrg-mchakrav-ab/moncia/ADNI/bids_adni1/sub-013S1186/ses-m12/anat/sub-013S1186_ses-m12_acq-15T_T1w.nii.gz,/scratch/ishaan/adni_trillium/derivatives/bsc/013_S_1186_m12_2008-02-29,2008-02-07,1.0239561943874058,1.5
013_S_1186_m18_2008-08-29,013_S_1186,/project/rrg-mchakrav-ab/moncia/ADNI/bids_adni1/sub-013S1186/ses-m18/anat/sub-013S1186_ses-m18_acq-15T_T1w.nii.gz,/scratch/ishaan/adni_trillium/derivatives/bsc/013_S_1186_m18_2008-08-29,2008-08-04,1.514031485284052,1.5
013_S_1186_m24_2009-02-28,013_S_1186,/project/rrg-mchakrav-ab/moncia/ADNI/bids_adni1/sub-013S1186/ses-m24/anat/sub-013S1186_ses-m24_acq-15T_T1w.nii.gz,/scratch/ishaan/adni_trillium/derivatives/bsc/013_S_1186_m24_2009-02-28,2009-03-19,2.135523613963039,1.5
013_S_1186_m48_2011-03-01,013_S_1186,/project/rrg-mchakrav-ab/moncia/ADNI/bids_adni_go2/sub-013S1186/ses-m48/anat/sub-013S1186_ses-m48_acq-3Taccel_T1w.nii.gz,/scratch/ishaan/adni_trillium/derivatives/bsc/013_S_1186_m48_2011-03-01,2011-02-23,4.068446269678303,3.0
013_S_1186_m60_2012-02-29,013_S_1186,/project/rrg-mchakrav-ab/moncia/ADNI/bids_adni_go2/sub-013S1186/ses-m60/anat/sub-013S1186_ses-m60_acq-3Taccel_T1w.nii.gz,/scratch/ishaan/adni_trillium/derivatives/bsc/013_S_1186_m60_2012-02-29,2012-02-16,5.048596851471594,3.0
013_S_1186_m72_2013-02-28,013_S_1186,/project/rrg-mchakrav-ab/moncia/ADNI/bids_adni_go2/sub-013S1186/ses-m72/anat/sub-013S1186_ses-m72_acq-3Taccel_T1w.nii.gz,/scratch/ishaan/adni_trillium/derivatives/bsc/013_S_1186_m72_2013-02-28,2013-01-29,6.0013689253935665,3.0
013_S_1186_m84_2014-02-28,013_S_1186,/project/rrg-mchakrav-ab/moncia/ADNI/bids_adni_go2/sub-013S1186/ses-m84/anat/sub-013S1186_ses-m84_acq-3Taccel_T1w.nii.gz,/scratch/ishaan/adni_trillium/derivatives/bsc/013_S_1186_m84_2014-02-28,2014-02-18,7.055441478439425,3.0
013_S_1275_sc_2007-03-26,013_S_1275,/project/rrg-mchakrav-ab/moncia/ADNI/bids_adni1/sub-013S1275/ses-sc/anat/sub-013S1275_ses-sc_acq-15T_T1w.nii.gz,/scratch/ishaan/adni_trillium/derivatives/bsc/013_S_1275_sc_2007-03-26,2007-02-22,0.0,1.5
013_S_1275_m06_2007-09-24,013_S_1275,/project/rrg-mchakrav-ab/moncia/ADNI/bids_adni1/sub-013S1275/ses-m06/anat/sub-013S1275_ses-m06_acq-15T_T1w.nii.gz,/scratch/ishaan/adni_trillium/derivatives/bsc/013_S_1275_m06_2007-09-24,2007-09-11,0.5503080082135524,1.5
013_S_1275_m12_2008-03-25,013_S_1275,/project/rrg-mchakrav-ab/moncia/ADNI/bids_adni1/sub-013S1275/ses-m12/anat/sub-013S1275_ses-m12_acq-15T_T1w.nii.gz,/scratch/ishaan/adni_trillium/derivatives/bsc/013_S_1275_m12_2008-03-25,2008-03-25,1.0869267624914443,1.5
013_S_1275_m18_2008-09-23,013_S_1275,/project/rrg-mchakrav-ab/moncia/ADNI/bids_adni1/sub-013S1275/ses-m18/anat/sub-013S1275_ses-m18_acq-15T_T1w.nii.gz,/scratch/ishaan/adni_trillium/derivatives/bsc/013_S_1275_m18_2008-09-23,2008-12-02,1.7768651608487338,1.5
013_S_2389_m03_2011-10-26,013_S_2389,/project/rrg-mchakrav-ab/moncia/ADNI/bids_adni_go2/sub-013S2389/ses-m03/anat/sub-013S2389_ses-m03_acq-3Taccel_T1w.nii.gz,/scratch/ishaan/adni_trillium/derivatives/bsc/013_S_2389_m03_2011-10-26,2011-09-14,0.0,3.0
013_S_2389_m06_2012-01-25,013_S_2389,/project/rrg-mchakrav-ab/moncia/ADNI/bids_adni_go2/sub-013S2389/ses-m06/anat/sub-013S2389_ses-m06_acq-3Taccel_T1w.nii.gz,/scratch/ishaan/adni_trillium/derivatives/bsc/013_S_2389_m06_2012-01-25,2012-02-15,0.4216290212183436,3.0
013_S_2389_m12_2012-07-26,013_S_2389,/project/rrg-mchakrav-ab/moncia/ADNI/bids_adni_go2/sub-013S2389/ses-m12/anat/sub-013S2389_ses-m12_acq-3Taccel_T1w.nii.gz,/scratch/ishaan/adni_trillium/derivatives/bsc/013_S_2389_m12_2012-07-26,2012-10-10,1.0732375085557837,3.0
013_S_2389_m78_2018-01-25,013_S_2389,/project/rrg-mchakrav-ab/moncia/ADNI/bids_adni3/sub-013S2389/ses-m78/anat/sub-013S2389_ses-m78_acq-3T_T1w.nii.gz,/scratch/ishaan/adni_trillium/derivatives/bsc/013_S_2389_m78_2018-01-25,2017-11-30,6.2121834360027375,3.0
013_S_4395_m03_2012-02-29,013_S_4395,/project/rrg-mchakrav-ab/moncia/ADNI/bids_adni_go2/sub-013S4395/ses-m03/anat/sub-013S4395_ses-m03_acq-3Taccel_T1w.nii.gz,/scratch/ishaan/adni_trillium/derivatives/bsc/013_S_4395_m03_2012-02-29,2012-01-10,0.0,3.0
013_S_4395_m06_2012-05-30,013_S_4395,/project/rrg-mchakrav-ab/moncia/ADNI/bids_adni_go2/sub-013S4395/ses-m06/anat/sub-013S4395_ses-m06_acq-3Taccel_T1w.nii.gz,/scratch/ishaan/adni_trillium/derivatives/bsc/013_S_4395_m06_2012-05-30,2012-04-16,0.2655715263518138,3.0
013_S_4395_m12_2012-11-29,013_S_4395,/project/rrg-mchakrav-ab/moncia/ADNI/bids_adni_go2/sub-013S4395/ses-m12/anat/sub-013S4395_ses-m12_acq-3Taccel_T1w.nii.gz,/scratch/ishaan/adni_trillium/derivatives/bsc/013_S_4395_m12_2012-11-29,2013-01-16,1.0184804928131417,3.0
013_S_4395_m24_2013-11-29,013_S_4395,/project/rrg-mchakrav-ab/moncia/ADNI/bids_adni_go2/sub-013S4395/ses-m24/anat/sub-013S4395_ses-m24_acq-3Taccel_T1w.nii.gz,/scratch/ishaan/adni_trillium/derivatives/bsc/013_S_4395_m24_2013-11-29,2014-01-09,1.998631074606434,3.0
013_S_4395_m48_2015-11-30,013_S_4395,/project/rrg-mchakrav-ab/moncia/ADNI/bids_adni_go2/sub-013S4395/ses-m48/anat/sub-013S4395_ses-m48_acq-3Taccel_T1w.nii.gz,/scratch/ishaan/adni_trillium/derivatives/bsc/013_S_4395_m48_2015-11-30,2016-01-19,4.024640657084189,3.0
014_S_0169_sc_2006-02-16,014_S_0169,/project/rrg-mchakrav-ab/moncia/ADNI/bids_adni1/sub-014S0169/ses-sc/anat/sub-014S0169_ses-sc_acq-15T_T1w.nii.gz,/scratch/ishaan/adni_trillium/derivatives/bsc/014_S_0169_sc_2006-02-16,2006-02-07,0.0,1.5
014_S_0169_m06_2006-08-17,014_S_0169,/project/rrg-mchakrav-ab/moncia/ADNI/bids_adni1/sub-014S0169/ses-m06/anat/sub-014S0169_ses-m06_acq-15T_T1w.nii.gz,/scratch/ishaan/adni_trillium/derivatives/bsc/014_S_0169_m06_2006-08-17,2006-08-24,0.5420944558521561,1.5
014_S_0169_m12_2007-02-16,014_S_0169,/project/rrg-mchakrav-ab/moncia/ADNI/bids_adni1/sub-014S0169/ses-m12/anat/sub-014S0169_ses-m12_acq-15T_T1w.nii.gz,/scratch/ishaan/adni_trillium/derivatives/bsc/014_S_0169_m12_2007-02-16,2007-02-22,1.0403832991101984,1.5
014_S_0169_m18_2007-08-17,014_S_0169,/project/rrg-mchakrav-ab/moncia/ADNI/bids_adni1/sub-014S0169/ses-m18/anat/sub-014S0169_ses-m18_acq-15T_T1w.nii.gz,/scratch/ishaan/adni_trillium/derivatives/bsc/014_S_0169_m18_2007-08-17,2007-08-30,1.5578370978781657,1.5
014_S_0169_m24_2008-02-16,014_S_0169,/project/rrg-mchakrav-ab/moncia/ADNI/bids_adni1/sub-014S0169/ses-m24/anat/sub-014S0169_ses-m24_acq-15T_T1w.nii.gz,/scratch/ishaan/adni_trillium/derivatives/bsc/014_S_0169_m24_2008-02-16,2008-02-28,2.0561259411362083,1.5
014_S_0169_m36_2009-02-15,014_S_0169,/project/rrg-mchakrav-ab/moncia/ADNI/bids_adni1/sub-014S0169/ses-m36/anat/sub-014S0169_ses-m36_acq-15T_T1w.nii.gz,/scratch/ishaan/adni_trillium/derivatives/bsc/014_S_0169_m36_2009-02-15,2009-02-23,3.0444900752908968,1.5
014_S_0169_m48_2010-02-16,014_S_0169,/project/rrg-mchakrav-ab/moncia/ADNI/bids_adni1/sub-014S0169/ses-m48/anat/sub-014S0169_ses-m48_acq-15T_T1w.nii.gz,/scratch/ishaan/adni_trillium/derivatives/bsc/014_S_0169_m48_2010-02-16,2010-02-04,3.991786447638604,1.5
014_S_0557_m06_2006-12-07,014_S_0557,/project/rrg-mchakrav-ab/moncia/ADNI/bids_adni1/sub-014S0557/ses-m06/anat/sub-014S0557_ses-m06_acq-15T_T1w.nii.gz,/scratch/ishaan/adni_trillium/derivatives/bsc/014_S_0557_m06_2006-12-07,2006-12-19,0.0,1.5
014_S_0557_m18_2007-12-07,014_S_0557,/project/rrg-mchakrav-ab/moncia/ADNI/bids_adni1/sub-014S0557/ses-m18/anat/sub-014S0557_ses-m18_acq-15T_T1w.nii.gz,/scratch/ishaan/adni_trillium/derivatives/bsc/014_S_0557_m18_2007-12-07,2007-12-04,0.9582477754962354,1.5
014_S_0557_m24_2008-06-07,014_S_0557,/project/rrg-mchakrav-ab/moncia/ADNI/bids_adni1/sub-014S0557/ses-m24/anat/sub-014S0557_ses-m24_acq-15T_T1w.nii.gz,/scratch/ishaan/adni_trillium/derivatives/bsc/014_S_0557_m24_2008-06-07,2008-07-16,1.5742642026009583,1.5
014_S_0557_m36_2009-06-07,014_S_0557,/project/rrg-mchakrav-ab/moncia/ADNI/bids_adni1/sub-014S0557/ses-m36/anat/sub-014S0557_ses-m36_acq-15T_T1w.nii.gz,/scratch/ishaan/adni_trillium/derivatives/bsc/014_S_0557_m36_2009-06-07,2009-06-06,2.4640657084188913,1.5
014_S_0563_m06_2007-01-18,014_S_0563,/project/rrg-mchakrav-ab/moncia/ADNI/bids_adni1/sub-014S0563/ses-m06/anat/sub-014S0563_ses-m06_acq-15T_T1w.nii.gz,/scratch/ishaan/adni_trillium/derivatives/bsc/014_S_0563_m06_2007-01-18,2007-01-16,0.0,1.5
014_S_0563_m12_2007-07-20,014_S_0563,/project/rrg-mchakrav-ab/moncia/ADNI/bids_adni1/sub-014S0563/ses-m12/anat/sub-014S0563_ses-m12_acq-15T_T1w.nii.gz,/scratch/ishaan/adni_trillium/derivatives/bsc/014_S_0563_m12_2007-07-20,2007-07-17,0.49828884325804246,1.5
014_S_0563_m18_2008-01-18,014_S_0563,/project/rrg-mchakrav-ab/moncia/ADNI/bids_adni1/sub-014S0563/ses-m18/anat/sub-014S0563_ses-m18_acq-15T_T1w.nii.gz,/scratch/ishaan/adni_trillium/derivatives/bsc/014_S_0563_m18_2008-01-18,2008-02-23,1.103353867214237,1.5
014_S_0563_m24_2008-07-19,014_S_0563,/project/rrg-mchakrav-ab/moncia/ADNI/bids_adni1/sub-014S0563/ses-m24/anat/sub-014S0563_ses-m24_acq-15T_T1w.nii.gz,/scratch/ishaan/adni_trillium/derivatives/bsc/014_S_0563_m24_2008-07-19,2008-07-22,1.514031485284052,1.5
014_S_2185_m03_2011-04-13,014_S_2185,/project/rrg-mchakrav-ab/moncia/ADNI/bids_adni_go2/sub-014S2185/ses-m03/anat/sub-014S2185_ses-m03_acq-3Taccel_T1w.nii.gz,/scratch/ishaan/adni_trillium/derivatives/bsc/014_S_2185_m03_2011-04-13,2011-03-28,0.0,3.0
014_S_2185_m06_2011-07-13,014_S_2185,/project/rrg-mchakrav-ab/moncia/ADNI/bids_adni_go2/sub-014S2185/ses-m06/anat/sub-014S2185_ses-m06_acq-3Taccel_T1w.nii.gz,/scratch/ishaan/adni_trillium/derivatives/bsc/014_S_2185_m06_2011-07-13,2011-07-07,0.27652292950034224,3.0
014_S_2185_m12_2012-01-12,014_S_2185,/project/rrg-mchakrav-ab/moncia/ADNI/bids_adni_go2/sub-014S2185/ses-m12/anat/sub-014S2185_ses-m12_acq-3Taccel_T1w.nii.gz,/scratch/ishaan/adni_trillium/derivatives/bsc/014_S_2185_m12_2012-01-12,2012-01-13,0.7967145790554415,3.0
014_S_2185_m24_2013-01-11,014_S_2185,/project/rrg-mchakrav-ab/moncia/ADNI/bids_adni_go2/sub-014S2185/ses-m24/anat/sub-014S2185_ses-m24_acq-3Taccel_T1w.nii.gz,/scratch/ishaan/adni_trillium/derivatives/bsc/014_S_2185_m24_2013-01-11,2013-02-08,1.8699520876112252,3.0
014_S_4328_m03_2012-01-19,014_S_4328,/project/rrg-mchakrav-ab/moncia/ADNI/bids_adni_go2/sub-014S4328/ses-m03/anat/sub-014S4328_ses-m03_acq-3Taccel_T1w.nii.gz,/scratch/ishaan/adni_trillium/derivatives/bsc/014_S_4328_m03_2012-01-19,2012-02-09,0.0,3.0
014_S_4328_m06_2012-04-19,014_S_4328,/project/rrg-mchakrav-ab/moncia/ADNI/bids_adni_go2/sub-014S4328/ses-m06/anat/sub-014S4328_ses-m06_acq-3Taccel_T1w.nii.gz,/scratch/ishaan/adni_trillium/derivatives/bsc/014_S_4328_m06_2012-04-19,2012-04-19,0.19164955509924708,3.0
014_S_4328_m12_2012-10-19,014_S_4328,/project/rrg-mchakrav-ab/moncia/ADNI/bids_adni_go2/sub-014S4328/ses-m12/anat/sub-014S4328_ses-m12_acq-3Taccel_T1w.nii.gz,/scratch/ishaan/adni_trillium/derivatives/bsc/014_S_4328_m12_2012-10-19,2012-11-08,0.7474332648870636,3.0
014_S_4328_m24_2013-10-19,014_S_4328,/project/rrg-mchakrav-ab/moncia/ADNI/bids_adni_go2/sub-014S4328/ses-m24/anat/sub-014S4328_ses-m24_acq-3Taccel_T1w.nii.gz,/scratch/ishaan/adni_trillium/derivatives/bsc/014_S_4328_m24_2013-10-19,2013-11-21,1.782340862422998,3.0
016_S_0702_sc_2006-08-23,016_S_0702,/project/rrg-mchakrav-ab/moncia/ADNI/bids_adni1/sub-016S0702/ses-sc/anat/sub-016S0702_ses-sc_acq-15T_T1w.nii.gz,/scratch/ishaan/adni_trillium/derivatives/bsc/016_S_0702_sc_2006-08-23,2006-07-24,0.0,1.5
016_S_0702_m06_2007-02-21,016_S_0702,/project/rrg-mchakrav-ab/moncia/ADNI/bids_adni1/sub-016S0702/ses-m06/anat/sub-016S0702_ses-m06_acq-15T_T1w.nii.gz,/scratch/ishaan/adni_trillium/derivatives/bsc/016_S_0702_m06_2007-02-21,2007-02-21,0.5804243668720055,1.5
016_S_0702_m12_2007-08-23,016_S_0702,/project/rrg-mchakrav-ab/moncia/ADNI/bids_adni1/sub-016S0702/ses-m12/anat/sub-016S0702_ses-m12_acq-15T_T1w.nii.gz,/scratch/ishaan/adni_trillium/derivatives/bsc/016_S_0702_m12_2007-08-23,2007-11-06,1.2867898699520877,1.5
016_S_0702_m18_2008-02-21,016_S_0702,/project/rrg-mchakrav-ab/moncia/ADNI/bids_adni1/sub-016S0702/ses-m18/anat/sub-016S0702_ses-m18_acq-15T_T1w.nii.gz,/scratch/ishaan/adni_trillium/derivatives/bsc/016_S_0702_m18_2008-02-21,2008-02-27,1.596167008898015,1.5
016_S_0769_bl_2006-08-31,016_S_0769,/project/rrg-mchakrav-ab/moncia/ADNI/bids_adni1/sub-016S0769/ses-bl/anat/sub-016S0769_ses-bl_acq-3T_T1w.nii.gz,/scratch/ishaan/adni_trillium/derivatives/bsc/016_S_0769_bl_2006-08-31,2006-08-02,0.0,1.5
016_S_0769_sc_2006-08-31,016_S_0769,/project/rrg-mchakrav-ab/moncia/ADNI/bids_adni1/sub-016S0769/ses-sc/anat/sub-016S0769_ses-sc_acq-15T_T1w.nii.gz,/scratch/ishaan/adni_trillium/derivatives/bsc/016_S_0769_sc_2006-08-31,2006-08-24,0.06023271731690623,3.0
016_S_0769_m06_2007-03-01,016_S_0769,/project/rrg-mchakrav-ab/moncia/ADNI/bids_adni1/sub-016S0769/ses-m06/anat/sub-016S0769_ses-m06_acq-3T_T1w.nii.gz,/scratch/ishaan/adni_trillium/derivatives/bsc/016_S_0769_m06_2007-03-01,2007-03-19,0.6269678302532512,1.5
016_S_0769_m18_2008-02-29,016_S_0769,/project/rrg-mchakrav-ab/moncia/ADNI/bids_adni1/sub-016S0769/ses-m18/anat/sub-016S0769_ses-m18_acq-15T_T1w.nii.gz,/scratch/ishaan/adni_trillium/derivatives/bsc/016_S_0769_m18_2008-02-29,2008-03-03,1.5852156057494866,1.5
016_S_1117_sc_2006-12-11,016_S_1117,/project/rrg-mchakrav-ab/moncia/ADNI/bids_adni1/sub-016S1117/ses-sc/anat/sub-016S1117_ses-sc_acq-15T_T1w.nii.gz,/scratch/ishaan/adni_trillium/derivatives/bsc/016_S_1117_sc_2006-12-11,2006-12-01,0.0,1.5
016_S_1117_m06_2007-06-11,016_S_1117,/project/rrg-mchakrav-ab/moncia/ADNI/bids_adni1/sub-016S1117/ses-m06/anat/sub-016S1117_ses-m06_acq-3T_T1w.nii.gz,/scratch/ishaan/adni_trillium/derivatives/bsc/016_S_1117_m06_2007-06-11,2007-08-02,0.6680355920602327,3.0
016_S_1117_m12_2007-12-11,016_S_1117,/project/rrg-mchakrav-ab/moncia/ADNI/bids_adni1/sub-016S1117/ses-m12/anat/sub-016S1117_ses-m12_acq-15T_T1w.nii.gz,/scratch/ishaan/adni_trillium/derivatives/bsc/016_S_1117_m12_2007-12-11,2007-12-18,1.0458590006844628,1.5
016_S_1117_m18_2008-06-10,016_S_1117,/project/rrg-mchakrav-ab/moncia/ADNI/bids_adni1/sub-016S1117/ses-m18/anat/sub-016S1117_ses-m18_acq-15T_T1w.nii.gz,/scratch/ishaan/adni_trillium/derivatives/bsc/016_S_1117_m18_2008-06-10,2008-08-28,1.7412731006160165,1.5
016_S_1117_m24_2008-12-10,016_S_1117,/project/rrg-mchakrav-ab/moncia/ADNI/bids_adni1/sub-016S1117/ses-m24/anat/sub-016S1117_ses-m24_acq-15T_T1w.nii.gz,/scratch/ishaan/adni_trillium/derivatives/bsc/016_S_1117_m24_2008-12-10,2009-01-16,2.127310061601643,1.5
016_S_2007_m03_2010-10-05,016_S_2007,/project/rrg-mchakrav-ab/moncia/ADNI/bids_adni_go2/sub-016S2007/ses-m03/anat/sub-016S2007_ses-m03_acq-3Taccel_T1w.nii.gz,/scratch/ishaan/adni_trillium/derivatives/bsc/016_S_2007_m03_2010-10-05,2010-08-30,0.0,3.0
016_S_2007_m06_2011-01-04,016_S_2007,/project/rrg-mchakrav-ab/moncia/ADNI/bids_adni_go2/sub-016S2007/ses-m06/anat/sub-016S2007_ses-m06_acq-3Taccel_T1w.nii.gz,/scratch/ishaan/adni_trillium/derivatives/bsc/016_S_2007_m06_2011-01-04,2011-01-11,0.3668720054757016,3.0
016_S_2007_m12_2011-07-06,016_S_2007,/project/rrg-mchakrav-ab/moncia/ADNI/bids_adni_go2/sub-016S2007/ses-m12/anat/sub-016S2007_ses-m12_acq-3Taccel_T1w.nii.gz,/scratch/ishaan/adni_trillium/derivatives/bsc/016_S_2007_m12_2011-07-06,2011-03-24,0.5639972621492129,3.0
016_S_2007_m24_2012-07-05,016_S_2007,/project/rrg-mchakrav-ab/moncia/ADNI/bids_adni_go2/sub-016S2007/ses-m24/anat/sub-016S2007_ses-m24_acq-3Taccel_T1w.nii.gz,/scratch/ishaan/adni_trillium/derivatives/bsc/016_S_2007_m24_2012-07-05,2012-03-26,1.571526351813826,3.0
016_S_2031_m03_2010-12-01,016_S_2031,/project/rrg-mchakrav-ab/moncia/ADNI/bids_adni_go2/sub-016S2031/ses-m03/anat/sub-016S2031_ses-m03_acq-3Taccel_T1w.nii.gz,/scratch/ishaan/adni_trillium/derivatives/bsc/016_S_2031_m03_2010-12-01,2010-11-10,0.0,3.0
016_S_2031_m06_2011-03-02,016_S_2031,/project/rrg-mchakrav-ab/moncia/ADNI/bids_adni_go2/sub-016S2031/ses-m06/anat/sub-016S2031_ses-m06_acq-3Taccel_T1w.nii.gz,/scratch/ishaan/adni_trillium/derivatives/bsc/016_S_2031_m06_2011-03-02,2011-02-08,0.2464065708418891,3.0
016_S_2031_m12_2011-09-01,016_S_2031,/project/rrg-mchakrav-ab/moncia/ADNI/bids_adni_go2/sub-016S2031/ses-m12/anat/sub-016S2031_ses-m12_acq-3Taccel_T1w.nii.gz,/scratch/ishaan/adni_trillium/derivatives/bsc/016_S_2031_m12_2011-09-01,2011-07-19,0.6872005475701575,3.0
016_S_2031_m24_2012-08-31,016_S_2031,/project/rrg-mchakrav-ab/moncia/ADNI/bids_adni_go2/sub-016S2031/ses-m24/anat/sub-016S2031_ses-m24_acq-3Taccel_T1w.nii.gz,/scratch/ishaan/adni_trillium/derivatives/bsc/016_S_2031_m24_2012-08-31,2012-07-23,1.700205338809035,3.0
016_S_2031_m36_2013-08-31,016_S_2031,/project/rrg-mchakrav-ab/moncia/ADNI/bids_adni_go2/sub-016S2031/ses-m36/anat/sub-016S2031_ses-m36_acq-3Tunaccel_T1w.nii.gz,/scratch/ishaan/adni_trillium/derivatives/bsc/016_S_2031_m36_2013-08-31,2013-07-22,2.6967830253251197,3.0
016_S_4646_m03_2012-06-26,016_S_4646,/project/rrg-mchakrav-ab/moncia/ADNI/bids_adni_go2/sub-016S4646/ses-m03/anat/sub-016S4646_ses-m03_acq-3Taccel_T1w.nii.gz,/scratch/ishaan/adni_trillium/derivatives/bsc/016_S_4646_m03_2012-06-26,2012-05-10,0.0,3.0
016_S_4646_m06_2012-09-25,016_S_4646,/project/rrg-mchakrav-ab/moncia/ADNI/bids_adni_go2/sub-016S4646/ses-m06/anat/sub-016S4646_ses-m06_acq-3Taccel_T1w.nii.gz,/scratch/ishaan/adni_trillium/derivatives/bsc/016_S_4646_m06_2012-09-25,2012-08-14,0.26283367556468173,3.0
016_S_4646_m12_2013-03-27,016_S_4646,/project/rrg-mchakrav-ab/moncia/ADNI/bids_adni_go2/sub-016S4646/ses-m12/anat/sub-016S4646_ses-m12_acq-3Taccel_T1w.nii.gz,/scratch/ishaan/adni_trillium/derivatives/bsc/016_S_4646_m12_2013-03-27,2013-05-14,1.0102669404517455,3.0
016_S_4646_m24_2014-03-27,016_S_4646,/project/rrg-mchakrav-ab/moncia/ADNI/bids_adni_go2/sub-016S4646/ses-m24/anat/sub-016S4646_ses-m24_acq-3Taccel_T1w.nii.gz,/scratch/ishaan/adni_trillium/derivatives/bsc/016_S_4646_m24_2014-03-27,2014-06-10,2.083504449007529,3.0
016_S_5007_m03_2013-01-28,016_S_5007,/project/rrg-mchakrav-ab/moncia/ADNI/bids_adni_go2/sub-016S5007/ses-m03/anat/sub-016S5007_ses-m03_acq-3Taccel_T1w.nii.gz,/scratch/ishaan/adni_trillium/derivatives/bsc/016_S_5007_m03_2013-01-28,2012-12-03,0.0,3.0
016_S_5007_m06_2013-04-29,016_S_5007,/project/rrg-mchakrav-ab/moncia/ADNI/bids_adni_go2/sub-016S5007/ses-m06/anat/sub-016S5007_ses-m06_acq-3Taccel_T1w.nii.gz,/scratch/ishaan/adni_trillium/derivatives/bsc/016_S_5007_m06_2013-04-29,2013-03-11,0.2683093771389459,3.0
016_S_5007_m12_2013-10-29,016_S_5007,/project/rrg-mchakrav-ab/moncia/ADNI/bids_adni_go2/sub-016S5007/ses-m12/anat/sub-016S5007_ses-m12_acq-3Taccel_T1w.nii.gz,/scratch/ishaan/adni_trillium/derivatives/bsc/016_S_5007_m12_2013-10-29,2013-09-16,0.785763175906913,3.0
016_S_5007_m24_2014-10-29,016_S_5007,/project/rrg-mchakrav-ab/moncia/ADNI/bids_adni_go2/sub-016S5007/ses-m24/anat/sub-016S5007_ses-m24_acq-3Taccel_T1w.nii.gz,/scratch/ishaan/adni_trillium/derivatives/bsc/016_S_5007_m24_2014-10-29,2015-02-23,2.223134839151266,3.0
018_S_0142_sc_2006-02-20,018_S_0142,/project/rrg-mchakrav-ab/moncia/ADNI/bids_adni1/sub-018S0142/ses-sc/anat/sub-018S0142_ses-sc_acq-15T_T1w.nii.gz,/scratch/ishaan/adni_trillium/derivatives/bsc/018_S_0142_sc_2006-02-20,2006-02-20,0.0,
018_S_0142_m06_2006-08-21,018_S_0142,/project/rrg-mchakrav-ab/moncia/ADNI/bids_adni1/sub-018S0142/ses-m06/anat/sub-018S0142_ses-m06_acq-15T_T1w.nii.gz,/scratch/ishaan/adni_trillium/derivatives/bsc/018_S_0142_m06_2006-08-21,2006-08-21,0.49828884325804246,
018_S_0142_m12_2007-02-20,018_S_0142,/project/rrg-mchakrav-ab/moncia/ADNI/bids_adni1/sub-018S0142/ses-m12/anat/sub-018S0142_ses-m12_acq-15T_T1w.nii.gz,/scratch/ishaan/adni_trillium/derivatives/bsc/018_S_0142_m12_2007-02-20,2007-02-20,0.999315537303217,
018_S_0142_m18_2007-08-21,018_S_0142,/project/rrg-mchakrav-ab/moncia/ADNI/bids_adni1/sub-018S0142/ses-m18/anat/sub-018S0142_ses-m18_acq-15T_T1w.nii.gz,/scratch/ishaan/adni_trillium/derivatives/bsc/018_S_0142_m18_2007-08-21,2007-08-21,1.4976043805612593,
018_S_0142_m36_2009-02-19,018_S_0142,/project/rrg-mchakrav-ab/moncia/ADNI/bids_adni1/sub-018S0142/ses-m36/anat/sub-018S0142_ses-m36_acq-15T_T1w.nii.gz,/scratch/ishaan/adni_trillium/derivatives/bsc/018_S_0142_m36_2009-02-19,2009-02-11,2.976043805612594,1.5
018_S_0142_m48_2010-02-20,018_S_0142,/project/rrg-mchakrav-ab/moncia/ADNI/bids_adni1/sub-018S0142/ses-m48/anat/sub-018S0142_ses-m48_acq-15T_T1w.nii.gz,/scratch/ishaan/adni_trillium/derivatives/bsc/018_S_0142_m48_2010-02-20,2010-05-17,4.2354551676933605,1.5
018_S_0155_sc_2006-03-24,018_S_0155,/project/rrg-mchakrav-ab/moncia/ADNI/bids_adni1/sub-018S0155/ses-sc/anat/sub-018S0155_ses-sc_acq-15T_T1w.nii.gz,/scratch/ishaan/adni_trillium/derivatives/bsc/018_S_0155_sc_2006-03-24,2006-03-24,0.0,
018_S_0155_m06_2006-09-22,018_S_0155,/project/rrg-mchakrav-ab/moncia/ADNI/bids_adni1/sub-018S0155/ses-m06/anat/sub-018S0155_ses-m06_acq-15T_T1w.nii.gz,/scratch/ishaan/adni_trillium/derivatives/bsc/018_S_0155_m06_2006-09-22,2006-09-22,0.49828884325804246,
018_S_0155_m12_2007-03-24,018_S_0155,/project/rrg-mchakrav-ab/moncia/ADNI/bids_adni1/sub-018S0155/ses-m12/anat/sub-018S0155_ses-m12_acq-15T_T1w.nii.gz,/scratch/ishaan/adni_trillium/derivatives/bsc/018_S_0155_m12_2007-03-24,2007-03-24,0.999315537303217,
018_S_0155_m18_2007-09-22,018_S_0155,/project/rrg-mchakrav-ab/moncia/ADNI/bids_adni1/sub-018S0155/ses-m18/anat/sub-018S0155_ses-m18_acq-15T_T1w.nii.gz,/scratch/ishaan/adni_trillium/derivatives/bsc/018_S_0155_m18_2007-09-22,2007-09-22,1.4976043805612593,
018_S_2133_m03_2011-08-05,018_S_2133,/project/rrg-mchakrav-ab/moncia/ADNI/bids_adni_go2/sub-018S2133/ses-m03/anat/sub-018S2133_ses-m03_acq-3Taccel_T1w.nii.gz,/scratch/ishaan/adni_trillium/derivatives/bsc/018_S_2133_m03_2011-08-05,2011-08-02,0.0,3.0
018_S_2133_m06_2011-11-04,018_S_2133,/project/rrg-mchakrav-ab/moncia/ADNI/bids_adni_go2/sub-018S2133/ses-m06/anat/sub-018S2133_ses-m06_acq-3Taccel_T1w.nii.gz,/scratch/ishaan/adni_trillium/derivatives/bsc/018_S_2133_m06_2011-11-04,2012-01-24,0.4791238877481177,3.0
018_S_2133_m12_2012-05-05,018_S_2133,/project/rrg-mchakrav-ab/moncia/ADNI/bids_adni_go2/sub-018S2133/ses-m12/anat/sub-018S2133_ses-m12_acq-3Taccel_T1w.nii.gz,/scratch/ishaan/adni_trillium/derivatives/bsc/018_S_2133_m12_2012-05-05,2012-05-05,0.758384668035592,
018_S_2133_m24_2013-05-05,018_S_2133,/project/rrg-mchakrav-ab/moncia/ADNI/bids_adni_go2/sub-018S2133/ses-m24/anat/sub-018S2133_ses-m24_acq-3Taccel_T1w.nii.gz,/scratch/ishaan/adni_trillium/derivatives/bsc/018_S_2133_m24_2013-05-05,2012-12-18,1.379876796714579,3.0
018_S_2133_m36_2014-05-05,018_S_2133,/project/rrg-mchakrav-ab/moncia/ADNI/bids_adni_go2/sub-018S2133/ses-m36/anat/sub-018S2133_ses-m36_acq-3Taccel_T1w.nii.gz,/scratch/ishaan/adni_trillium/derivatives/bsc/018_S_2133_m36_2014-05-05,2013-12-18,2.379192334017796,3.0
018_S_2133_m48_2015-05-06,018_S_2133,/project/rrg-mchakrav-ab/moncia/ADNI/bids_adni_go2/sub-018S2133/ses-m48/anat/sub-018S2133_ses-m48_acq-3Taccel_T1w.nii.gz,/scratch/ishaan/adni_trillium/derivatives/bsc/018_S_2133_m48_2015-05-06,2014-12-09,3.353867214236824,3.0
018_S_2155_m03_2011-08-05,018_S_2155,/project/rrg-mchakrav-ab/moncia/ADNI/bids_adni_go2/sub-018S2155/ses-m03/anat/sub-018S2155_ses-m03_acq-3Taccel_T1w.nii.gz,/scratch/ishaan/adni_trillium/derivatives/bsc/018_S_2155_m03_2011-08-05,2011-07-01,0.0,3.0
018_S_2155_m06_2011-11-04,018_S_2155,/project/rrg-mchakrav-ab/moncia/ADNI/bids_adni_go2/sub-018S2155/ses-m06/anat/sub-018S2155_ses-m06_acq-3Taccel_T1w.nii.gz,/scratch/ishaan/adni_trillium/derivatives/bsc/018_S_2155_m06_2011-11-04,2011-12-22,0.47638603696098564,3.0
018_S_2155_m12_2012-05-05,018_S_2155,/project/rrg-mchakrav-ab/moncia/ADNI/bids_adni_go2/sub-018S2155/ses-m12/anat/sub-018S2155_ses-m12_acq-3Taccel_T1w.nii.gz,/scratch/ishaan/adni_trillium/derivatives/bsc/018_S_2155_m12_2012-05-05,2012-05-05,0.8459958932238193,
018_S_2155_m24_2013-05-05,018_S_2155,/project/rrg-mchakrav-ab/moncia/ADNI/bids_adni_go2/sub-018S2155/ses-m24/anat/sub-018S2155_ses-m24_acq-3Taccel_T1w.nii.gz,/scratch/ishaan/adni_trillium/derivatives/bsc/018_S_2155_m24_2013-05-05,2012-12-13,1.4537987679671458,3.0
018_S_2155_m36_2014-05-05,018_S_2155,/project/rrg-mchakrav-ab/moncia/ADNI/bids_adni_go2/sub-018S2155/ses-m36/anat/sub-018S2155_ses-m36_acq-3Taccel_T1w.nii.gz,/scratch/ishaan/adni_trillium/derivatives/bsc/018_S_2155_m36_2014-05-05,2013-12-03,2.425735797399042,3.0
018_S_2155_m48_2015-05-06,018_S_2155,/project/rrg-mchakrav-ab/moncia/ADNI/bids_adni_go2/sub-018S2155/ses-m48/anat/sub-018S2155_ses-m48_acq-3Taccel_T1w.nii.gz,/scratch/ishaan/adni_trillium/derivatives/bsc/018_S_2155_m48_2015-05-06,2014-12-18,3.46611909650924,3.0
018_S_2155_m84_2018-05-05,018_S_2155,/project/rrg-mchakrav-ab/moncia/ADNI/bids_adni3/sub-018S2155/ses-m84/anat/sub-018S2155_ses-m84_acq-3T_T1w.nii.gz,/scratch/ishaan/adni_trillium/derivatives/bsc/018_S_2155_m84_2018-05-05,2018-05-05,6.844626967830253,
018_S_2155_m90_2018-11-04,018_S_2155,/project/rrg-mchakrav-ab/moncia/ADNI/bids_adni3/sub-018S2155/ses-m90/anat/sub-018S2155_ses-m90_acq-3T_T1w.nii.gz,/scratch/ishaan/adni_trillium/derivatives/bsc/018_S_2155_m90_2018-11-04,2018-08-28,7.1594798083504445,3.0
018_S_2155_m108_2020-05-05,018_S_2155,/project/rrg-mchakrav-ab/moncia/ADNI/bids_adni3/sub-018S2155/ses-m108/anat/sub-018S2155_ses-m108_acq-3T_T1w.nii.gz,/scratch/ishaan/adni_trillium/derivatives/bsc/018_S_2155_m108_2020-05-05,2020-10-29,9.330595482546201,3.0
018_S_2155_m120_2021-05-05,018_S_2155,/project/rrg-mchakrav-ab/moncia/ADNI/bids_adni3/sub-018S2155/ses-m120/anat/sub-018S2155_ses-m120_acq-3T_T1w.nii.gz,/scratch/ishaan/adni_trillium/derivatives/bsc/018_S_2155_m120_2021-05-05,2021-05-05,9.845311430527037,
018_S_2155_m132_2022-05-06,018_S_2155,/project/rrg-mchakrav-ab/moncia/ADNI/bids_adni3/sub-018S2155/ses-m132/anat/sub-018S2155_ses-m132_acq-3T_T1w.nii.gz,/scratch/ishaan/adni_trillium/derivatives/bsc/018_S_2155_m132_2022-05-06,2021-11-30,10.417522245037645,3.0
018_S_2180_m03_2011-04-28,018_S_2180,/project/rrg-mchakrav-ab/moncia/ADNI/bids_adni_go2/sub-018S2180/ses-m03/anat/sub-018S2180_ses-m03_acq-3Taccel_T1w.nii.gz,/scratch/ishaan/adni_trillium/derivatives/bsc/018_S_2180_m03_2011-04-28,2011-03-10,0.0,3.0
018_S_2180_m06_2011-07-28,018_S_2180,/project/rrg-mchakrav-ab/moncia/ADNI/bids_adni_go2/sub-018S2180/ses-m06/anat/sub-018S2180_ses-m06_acq-3Taccel_T1w.nii.gz,/scratch/ishaan/adni_trillium/derivatives/bsc/018_S_2180_m06_2011-07-28,2011-07-26,0.37782340862423,3.0
018_S_2180_m12_2012-01-27,018_S_2180,/project/rrg-mchakrav-ab/moncia/ADNI/bids_adni_go2/sub-018S2180/ses-m12/anat/sub-018S2180_ses-m12_acq-3Taccel_T1w.nii.gz,/scratch/ishaan/adni_trillium/derivatives/bsc/018_S_2180_m12_2012-01-27,2012-01-27,0.8843258042436687,3.0
018_S_2180_m24_2013-01-26,018_S_2180,/project/rrg-mchakrav-ab/moncia/ADNI/bids_adni_go2/sub-018S2180/ses-m24/anat/sub-018S2180_ses-m24_acq-3Taccel_T1w.nii.gz,/scratch/ishaan/adni_trillium/derivatives/bsc/018_S_2180_m24_2013-01-26,2013-01-02,1.8179329226557153,3.0
018_S_2180_m36_2014-01-26,018_S_2180,/project/rrg-mchakrav-ab/moncia/ADNI/bids_adni_go2/sub-018S2180/ses-m36/anat/sub-018S2180_ses-m36_acq-3Taccel_T1w.nii.gz,/scratch/ishaan/adni_trillium/derivatives/bsc/018_S_2180_m36_2014-01-26,2014-01-07,2.830937713894593,3.0
018_S_2180_m48_2015-01-27,018_S_2180,/project/rrg-mchakrav-ab/moncia/ADNI/bids_adni_go2/sub-018S2180/ses-m48/anat/sub-018S2180_ses-m48_acq-3Taccel_T1w.nii.gz,/scratch/ishaan/adni_trillium/derivatives/bsc/018_S_2180_m48_2015-01-27,2015-01-08,3.8329911019849416,3.0
018_S_2180_m60_2016-01-27,018_S_2180,/project/rrg-mchakrav-ab/moncia/ADNI/bids_adni_go2/sub-018S2180/ses-m60/anat/sub-018S2180_ses-m60_acq-3Taccel_T1w.nii.gz,/scratch/ishaan/adni_trillium/derivatives/bsc/018_S_2180_m60_2016-01-27,2016-03-16,5.018480492813142,3.0
018_S_2180_m84_2018-01-26,018_S_2180,/project/rrg-mchakrav-ab/moncia/ADNI/bids_adni3/sub-018S2180/ses-m84/anat/sub-018S2180_ses-m84_acq-3T_T1w.nii.gz,/scratch/ishaan/adni_trillium/derivatives/bsc/018_S_2180_m84_2018-01-26,2017-09-27,6.551676933607118,3.0
018_S_2180_m90_2018-07-28,018_S_2180,/project/rrg-mchakrav-ab/moncia/ADNI/bids_adni3/sub-018S2180/ses-m90/anat/sub-018S2180_ses-m90_acq-3T_T1w.nii.gz,/scratch/ishaan/adni_trillium/derivatives/bsc/018_S_2180_m90_2018-07-28,2018-09-24,7.542778918548939,3.0
018_S_2180_m102_2019-07-28,018_S_2180,/project/rrg-mchakrav-ab/moncia/ADNI/bids_adni3/sub-018S2180/ses-m102/anat/sub-018S2180_ses-m102_acq-3T_T1w.nii.gz,/scratch/ishaan/adni_trillium/derivatives/bsc/018_S_2180_m102_2019-07-28,2019-09-26,8.54757015742642,3.0
018_S_2180_m114_2020-07-28,018_S_2180,/project/rrg-mchakrav-ab/moncia/ADNI/bids_adni3/sub-018S2180/ses-m114/anat/sub-018S2180_ses-m114_acq-3T_T1w.nii.gz,/scratch/ishaan/adni_trillium/derivatives/bsc/018_S_2180_m114_2020-07-28,2020-11-03,9.653661875427789,3.0
018_S_4809_m03_2012-09-17,018_S_4809,/project/rrg-mchakrav-ab/moncia/ADNI/bids_adni_go2/sub-018S4809/ses-m03/anat/sub-018S4809_ses-m03_acq-3Taccel_T1w.nii.gz,/scratch/ishaan/adni_trillium/derivatives/bsc/018_S_4809_m03_2012-09-17,2012-10-05,0.0,3.0
018_S_4809_m06_2012-12-17,018_S_4809,/project/rrg-mchakrav-ab/moncia/ADNI/bids_adni_go2/sub-018S4809/ses-m06/anat/sub-018S4809_ses-m06_acq-3Taccel_T1w.nii.gz,/scratch/ishaan/adni_trillium/derivatives/bsc/018_S_4809_m06_2012-12-17,2013-01-08,0.2600958247775496,3.0
018_S_4809_m12_2013-06-18,018_S_4809,/project/rrg-mchakrav-ab/moncia/ADNI/bids_adni_go2/sub-018S4809/ses-m12/anat/sub-018S4809_ses-m12_acq-3Taccel_T1w.nii.gz,/scratch/ishaan/adni_trillium/derivatives/bsc/018_S_4809_m12_2013-06-18,2013-06-25,0.7200547570157426,3.0
018_S_4809_m24_2014-06-18,018_S_4809,/project/rrg-mchakrav-ab/moncia/ADNI/bids_adni_go2/sub-018S4809/ses-m24/anat/sub-018S4809_ses-m24_acq-3Taccel_T1w.nii.gz,/scratch/ishaan/adni_trillium/derivatives/bsc/018_S_4809_m24_2014-06-18,2014-06-19,1.702943189596167,3.0
018_S_4809_m48_2016-06-18,018_S_4809,/project/rrg-mchakrav-ab/moncia/ADNI/bids_adni_go2/sub-018S4809/ses-m48/anat/sub-018S4809_ses-m48_acq-3Taccel_T1w.nii.gz,/scratch/ishaan/adni_trillium/derivatives/bsc/018_S_4809_m48_2016-06-18,2016-07-15,3.7754962354551678,3.0
018_S_4868_m03_2012-10-18,018_S_4868,/project/rrg-mchakrav-ab/moncia/ADNI/bids_adni_go2/sub-018S4868/ses-m03/anat/sub-018S4868_ses-m03_acq-3Taccel_T1w.nii.gz,/scratch/ishaan/adni_trillium/derivatives/bsc/018_S_4868_m03_2012-10-18,2012-11-14,0.0,3.0
018_S_4868_m06_2013-01-17,018_S_4868,/project/rrg-mchakrav-ab/moncia/ADNI/bids_adni_go2/sub-018S4868/ses-m06/anat/sub-018S4868_ses-m06_acq-3Taccel_T1w.nii.gz,/scratch/ishaan/adni_trillium/derivatives/bsc/018_S_4868_m06_2013-01-17,2013-02-11,0.243668720054757,3.0
018_S_4868_m12_2013-07-19,018_S_4868,/project/rrg-mchakrav-ab/moncia/ADNI/bids_adni_go2/sub-018S4868/ses-m12/anat/sub-018S4868_ses-m12_acq-3Taccel_T1w.nii.gz,/scratch/ishaan/adni_trillium/derivatives/bsc/018_S_4868_m12_2013-07-19,2013-08-22,0.7693360711841205,3.0
018_S_4868_m24_2014-07-19,018_S_4868,/project/rrg-mchakrav-ab/moncia/ADNI/bids_adni_go2/sub-018S4868/ses-m24/anat/sub-018S4868_ses-m24_acq-3Taccel_T1w.nii.gz,/scratch/ishaan/adni_trillium/derivatives/bsc/018_S_4868_m24_2014-07-19,2014-07-31,1.7084188911704312,3.0
018_S_4868_m48_2016-07-19,018_S_4868,/project/rrg-mchakrav-ab/moncia/ADNI/bids_adni_go2/sub-018S4868/ses-m48/anat/sub-018S4868_ses-m48_acq-3Taccel_T1w.nii.gz,/scratch/ishaan/adni_trillium/derivatives/bsc/018_S_4868_m48_2016-07-19,2016-08-18,3.759069130732375,3.0
018_S_4868_m60_2017-07-19,018_S_4868,/project/rrg-mchakrav-ab/moncia/ADNI/bids_adni3/sub-018S4868/ses-m60/anat/sub-018S4868_ses-m60_acq-3T_T1w.nii.gz,/scratch/ishaan/adni_trillium/derivatives/bsc/018_S_4868_m60_2017-07-19,2017-09-14,4.832306639288158,3.0
018_S_4868_m72_2018-07-19,018_S_4868,/project/rrg-mchakrav-ab/moncia/ADNI/bids_adni3/sub-018S4868/ses-m72/anat/sub-018S4868_ses-m72_acq-3T_T1w.nii.gz,/scratch/ishaan/adni_trillium/derivatives/bsc/018_S_4868_m72_2018-07-19,2018-07-26,5.69472963723477,3.0
018_S_4889_m03_2012-11-05,018_S_4889,/project/rrg-mchakrav-ab/moncia/ADNI/bids_adni_go2/sub-018S4889/ses-m03/anat/sub-018S4889_ses-m03_acq-3Taccel_T1w.nii.gz,/scratch/ishaan/adni_trillium/derivatives/bsc/018_S_4889_m03_2012-11-05,2012-11-14,0.0,3.0
018_S_4889_m06_2013-02-04,018_S_4889,/project/rrg-mchakrav-ab/moncia/ADNI/bids_adni_go2/sub-018S4889/ses-m06/anat/sub-018S4889_ses-m06_acq-3Taccel_T1w.nii.gz,/scratch/ishaan/adni_trillium/derivatives/bsc/018_S_4889_m06_2013-02-04,2013-02-28,0.29021218343600275,3.0
018_S_4889_m12_2013-08-06,018_S_4889,/project/rrg-mchakrav-ab/moncia/ADNI/bids_adni_go2/sub-018S4889/ses-m12/anat/sub-018S4889_ses-m12_acq-3Taccel_T1w.nii.gz,/scratch/ishaan/adni_trillium/derivatives/bsc/018_S_4889_m12_2013-08-06,2013-08-13,0.7446954140999316,3.0
018_S_4889_m24_2014-08-06,018_S_4889,/project/rrg-mchakrav-ab/moncia/ADNI/bids_adni_go2/sub-018S4889/ses-m24/anat/sub-018S4889_ses-m24_acq-3Taccel_T1w.nii.gz,/scratch/ishaan/adni_trillium/derivatives/bsc/018_S_4889_m24_2014-08-06,2014-08-13,1.7440109514031485,3.0
018_S_6414_sc_2018-06-04,018_S_6414,/project/rrg-mchakrav-ab/moncia/ADNI/bids_adni3/sub-018S6414/ses-sc/anat/sub-018S6414_ses-sc_acq-3T_T1w.nii.gz,/scratch/ishaan/adni_trillium/derivatives/bsc/018_S_6414_sc_2018-06-04,2018-06-08,0.0,3.0
018_S_6414_m12_2019-06-04,018_S_6414,/project/rrg-mchakrav-ab/moncia/ADNI/bids_adni3/sub-018S6414/ses-m12/anat/sub-018S6414_ses-m12_acq-3T_T1w.nii.gz,/scratch/ishaan/adni_trillium/derivatives/bsc/018_S_6414_m12_2019-06-04,2019-06-24,1.0431211498973305,3.0
018_S_6414_m24_2020-06-03,018_S_6414,/project/rrg-mchakrav-ab/moncia/ADNI/bids_adni3/sub-018S6414/ses-m24/anat/sub-018S6414_ses-m24_acq-3T_T1w.nii.gz,/scratch/ishaan/adni_trillium/derivatives/bsc/018_S_6414_m24_2020-06-03,2020-06-03,1.9876796714579055,
018_S_6414_m48_2022-06-04,018_S_6414,/project/rrg-mchakrav-ab/moncia/ADNI/bids_adni3/sub-018S6414/ses-m48/anat/sub-018S6414_ses-m48_acq-3T_T1w.nii.gz,/scratch/ishaan/adni_trillium/derivatives/bsc/018_S_6414_m48_2022-06-04,2022-03-31,3.811088295687885,3.0
019_S_4285_m03_2012-01-04,019_S_4285,/project/rrg-mchakrav-ab/moncia/ADNI/bids_adni_go2/sub-019S4285/ses-m03/anat/sub-019S4285_ses-m03_acq-3Taccel_T1w.nii.gz,/scratch/ishaan/adni_trillium/derivatives/bsc/019_S_4285_m03_2012-01-04,2012-01-10,0.0,3.0
019_S_4285_m06_2012-04-04,019_S_4285,/project/rrg-mchakrav-ab/moncia/ADNI/bids_adni_go2/sub-019S4285/ses-m06/anat/sub-019S4285_ses-m06_acq-3Taccel_T1w.nii.gz,/scratch/ishaan/adni_trillium/derivatives/bsc/019_S_4285_m06_2012-04-04,2012-04-30,0.30390143737166325,3.0
019_S_4285_m12_2012-10-04,019_S_4285,/project/rrg-mchakrav-ab/moncia/ADNI/bids_adni_go2/sub-019S4285/ses-m12/anat/sub-019S4285_ses-m12_acq-3Taccel_T1w.nii.gz,/scratch/ishaan/adni_trillium/derivatives/bsc/019_S_4285_m12_2012-10-04,2012-10-22,0.783025325119781,3.0
019_S_4285_m24_2013-10-04,019_S_4285,/project/rrg-mchakrav-ab/moncia/ADNI/bids_adni_go2/sub-019S4285/ses-m24/anat/sub-019S4285_ses-m24_acq-3Taccel_T1w.nii.gz,/scratch/ishaan/adni_trillium/derivatives/bsc/019_S_4285_m24_2013-10-04,2013-11-07,1.8261464750171115,3.0
019_S_6483_sc_2018-06-29,019_S_6483,/project/rrg-mchakrav-ab/moncia/ADNI/bids_adni3/sub-019S6483/ses-sc/anat/sub-019S6483_ses-sc_acq-3T_T1w.nii.gz,/scratch/ishaan/adni_trillium/derivatives/bsc/019_S_6483_sc_2018-06-29,2018-07-11,0.0,3.0
019_S_6483_m12_2019-06-29,019_S_6483,/project/rrg-mchakrav-ab/moncia/ADNI/bids_adni3/sub-019S6483/ses-m12/anat/sub-019S6483_ses-m12_acq-3T_T1w.nii.gz,/scratch/ishaan/adni_trillium/derivatives/bsc/019_S_6483_m12_2019-06-29,2019-08-05,1.0677618069815196,3.0
019_S_6483_m24_2020-06-28,019_S_6483,/project/rrg-mchakrav-ab/moncia/ADNI/bids_adni3/sub-019S6483/ses-m24/anat/sub-019S6483_ses-m24_acq-3T_T1w.nii.gz,/scratch/ishaan/adni_trillium/derivatives/bsc/019_S_6483_m24_2020-06-28,2020-08-04,2.0670773442847366,3.0
019_S_6483_m36_2021-06-28,019_S_6483,/project/rrg-mchakrav-ab/moncia/ADNI/bids_adni3/sub-019S6483/ses-m36/anat/sub-019S6483_ses-m36_acq-3T_T1w.nii.gz,/scratch/ishaan/adni_trillium/derivatives/bsc/019_S_6483_m36_2021-06-28,2021-08-07,3.07460643394935,3.0
019_S_6635_sc_2018-11-28,019_S_6635,/project/rrg-mchakrav-ab/moncia/ADNI/bids_adni3/sub-019S6635/ses-sc/anat/sub-019S6635_ses-sc_acq-3T_T1w.nii.gz,/scratch/ishaan/adni_trillium/derivatives/bsc/019_S_6635_sc_2018-11-28,2018-12-19,0.0,3.0
019_S_6635_m12_2019-11-28,019_S_6635,/project/rrg-mchakrav-ab/moncia/ADNI/bids_adni3/sub-019S6635/ses-m12/anat/sub-019S6635_ses-m12_acq-3T_T1w.nii.gz,/scratch/ishaan/adni_trillium/derivatives/bsc/019_S_6635_m12_2019-11-28,2020-01-28,1.108829568788501,3.0
019_S_6635_m24_2020-11-27,019_S_6635,/project/rrg-mchakrav-ab/moncia/ADNI/bids_adni3/sub-019S6635/ses-m24/anat/sub-019S6635_ses-m24_acq-3T_T1w.nii.gz,/scratch/ishaan/adni_trillium/derivatives/bsc/019_S_6635_m24_2020-11-27,2021-01-15,2.0752908966461328,3.0
019_S_6635_m36_2021-11-27,019_S_6635,/project/rrg-mchakrav-ab/moncia/ADNI/bids_adni3/sub-019S6635/ses-m36/anat/sub-019S6635_ses-m36_acq-3T_T1w.nii.gz,/scratch/ishaan/adni_trillium/derivatives/bsc/019_S_6635_m36_2021-11-27,2022-01-28,3.1101984941820673,3.0
019_S_6635_m48_2022-11-28,019_S_6635,/project/rrg-mchakrav-ab/moncia/ADNI/bids_adni3/sub-019S6635/ses-m48/anat/sub-019S6635_ses-m48_acq-3T_T1w.nii.gz,/scratch/ishaan/adni_trillium/derivatives/bsc/019_S_6635_m48_2022-11-28,2023-01-23,4.095824777549623,3.0
021_S_0178_sc_2006-03-09,021_S_0178,/project/rrg-mchakrav-ab/moncia/ADNI/bids_adni1/sub-021S0178/ses-sc/anat/sub-021S0178_ses-sc_acq-15T_T1w.nii.gz,/scratch/ishaan/adni_trillium/derivatives/bsc/021_S_0178_sc_2006-03-09,2006-02-10,0.0,1.5
021_S_0178_m132_2017-03-09,021_S_0178,/project/rrg-mchakrav-ab/moncia/ADNI/bids_adni3/sub-021S0178/ses-m132/anat/sub-021S0178_ses-m132_acq-3T_T1w.nii.gz,/scratch/ishaan/adni_trillium/derivatives/bsc/021_S_0178_m132_2017-03-09,2017-04-26,11.206023271731691,3.0
021_S_0178_m156_2019-03-09,021_S_0178,/project/rrg-mchakrav-ab/moncia/ADNI/bids_adni3/sub-021S0178/ses-m156/anat/sub-021S0178_ses-m156_acq-3T_T1w.nii.gz,/scratch/ishaan/adni_trillium/derivatives/bsc/021_S_0178_m156_2019-03-09,2019-06-06,13.316906228610542,3.0
021_S_0178_m180_2021-03-09,021_S_0178,/project/rrg-mchakrav-ab/moncia/ADNI/bids_adni3/sub-021S0178/ses-m180/anat/sub-021S0178_ses-m180_acq-3T_T1w.nii.gz,/scratch/ishaan/adni_trillium/derivatives/bsc/021_S_0178_m180_2021-03-09,2021-04-15,15.175906913073238,3.0
021_S_0231_sc_2006-03-23,021_S_0231,/project/rrg-mchakrav-ab/moncia/ADNI/bids_adni1/sub-021S0231/ses-sc/anat/sub-021S0231_ses-sc_acq-15T_T1w.nii.gz,/scratch/ishaan/adni_trillium/derivatives/bsc/021_S_0231_sc_2006-03-23,2006-02-28,0.0,1.5
021_S_0231_m06_2006-09-21,021_S_0231,/project/rrg-mchakrav-ab/moncia/ADNI/bids_adni1/sub-021S0231/ses-m06/anat/sub-021S0231_ses-m06_acq-15T_T1w.nii.gz,/scratch/ishaan/adni_trillium/derivatives/bsc/021_S_0231_m06_2006-09-21,2006-09-12,0.5366187542778919,1.5
021_S_0231_m12_2007-03-23,021_S_0231,/project/rrg-mchakrav-ab/moncia/ADNI/bids_adni1/sub-021S0231/ses-m12/anat/sub-021S0231_ses-m12_acq-15T_T1w.nii.gz,/scratch/ishaan/adni_trillium/derivatives/bsc/021_S_0231_m12_2007-03-23,2007-03-21,1.056810403832991,1.5
021_S_0231_m18_2007-09-21,021_S_0231,/project/rrg-mchakrav-ab/moncia/ADNI/bids_adni1/sub-021S0231/ses-m18/anat/sub-021S0231_ses-m18_acq-15T_T1w.nii.gz,/scratch/ishaan/adni_trillium/derivatives/bsc/021_S_0231_m18_2007-09-21,2007-09-19,1.5550992470910336,1.5
021_S_0273_m06_2006-10-10,021_S_0273,/project/rrg-mchakrav-ab/moncia/ADNI/bids_adni1/sub-021S0273/ses-m06/anat/sub-021S0273_ses-m06_acq-15T_T1w.nii.gz,/scratch/ishaan/adni_trillium/derivatives/bsc/021_S_0273_m06_2006-10-10,2006-10-06,0.0,1.5
021_S_0273_m12_2007-04-11,021_S_0273,/project/rrg-mchakrav-ab/moncia/ADNI/bids_adni1/sub-021S0273/ses-m12/anat/sub-021S0273_ses-m12_acq-15T_T1w.nii.gz,/scratch/ishaan/adni_trillium/derivatives/bsc/021_S_0273_m12_2007-04-11,2007-05-29,0.6433949349760438,1.5
021_S_0273_m24_2008-04-10,021_S_0273,/project/rrg-mchakrav-ab/moncia/ADNI/bids_adni1/sub-021S0273/ses-m24/anat/sub-021S0273_ses-m24_acq-15T_T1w.nii.gz,/scratch/ishaan/adni_trillium/derivatives/bsc/021_S_0273_m24_2008-04-10,2008-04-01,1.486652977412731,1.5
021_S_0273_m36_2009-04-10,021_S_0273,/project/rrg-mchakrav-ab/moncia/ADNI/bids_adni1/sub-021S0273/ses-m36/anat/sub-021S0273_ses-m36_acq-15T_T1w.nii.gz,/scratch/ishaan/adni_trillium/derivatives/bsc/021_S_0273_m36_2009-04-10,2009-04-07,2.5023956194387407,1.5
021_S_0276_m06_2006-09-29,021_S_0276,/project/rrg-mchakrav-ab/moncia/ADNI/bids_adni1/sub-021S0276/ses-m06/anat/sub-021S0276_ses-m06_acq-15T_T1w.nii.gz,/scratch/ishaan/adni_trillium/derivatives/bsc/021_S_0276_m06_2006-09-29,2006-09-29,0.0,1.5
021_S_0276_m12_2007-03-31,021_S_0276,/project/rrg-mchakrav-ab/moncia/ADNI/bids_adni1/sub-021S0276/ses-m12/anat/sub-021S0276_ses-m12_acq-15T_T1w.nii.gz,/scratch/ishaan/adni_trillium/derivatives/bsc/021_S_0276_m12_2007-03-31,2007-04-04,0.5119780971937029,1.5
021_S_0276_m36_2009-03-30,021_S_0276,/project/rrg-mchakrav-ab/moncia/ADNI/bids_adni1/sub-021S0276/ses-m36/anat/sub-021S0276_ses-m36_acq-15T_T1w.nii.gz,/scratch/ishaan/adni_trillium/derivatives/bsc/021_S_0276_m36_2009-03-30,2009-03-30,2.4996577686516086,1.5
021_S_0276_m48_2010-03-31,021_S_0276,/project/rrg-mchakrav-ab/moncia/ADNI/bids_adni1/sub-021S0276/ses-m48/anat/sub-021S0276_ses-m48_acq-15T_T1w.nii.gz,/scratch/ishaan/adni_trillium/derivatives/bsc/021_S_0276_m48_2010-03-31,2010-03-30,3.4989733059548254,1.5
021_S_0424_m06_2006-11-13,021_S_0424,/project/rrg-mchakrav-ab/moncia/ADNI/bids_adni1/sub-021S0424/ses-m06/anat/sub-021S0424_ses-m06_acq-15T_T1w.nii.gz,/scratch/ishaan/adni_trillium/derivatives/bsc/021_S_0424_m06_2006-11-13,2006-11-10,0.0,1.5
021_S_0424_m12_2007-05-15,021_S_0424,/project/rrg-mchakrav-ab/moncia/ADNI/bids_adni1/sub-021S0424/ses-m12/anat/sub-021S0424_ses-m12_acq-15T_T1w.nii.gz,/scratch/ishaan/adni_trillium/derivatives/bsc/021_S_0424_m12_2007-05-15,2007-05-10,0.49555099247091033,1.5
021_S_0424_m24_2008-05-14,021_S_0424,/project/rrg-mchakrav-ab/moncia/ADNI/bids_adni1/sub-021S0424/ses-m24/anat/sub-021S0424_ses-m24_acq-15T_T1w.nii.gz,/scratch/ishaan/adni_trillium/derivatives/bsc/021_S_0424_m24_2008-05-14,2008-05-13,1.5058179329226558,1.5
021_S_0424_m36_2009-05-14,021_S_0424,/project/rrg-mchakrav-ab/moncia/ADNI/bids_adni1/sub-021S0424/ses-m36/anat/sub-021S0424_ses-m36_acq-15T_T1w.nii.gz,/scratch/ishaan/adni_trillium/derivatives/bsc/021_S_0424_m36_2009-05-14,2009-05-12,2.5023956194387407,1.5
021_S_0626_sc_2006-08-11,021_S_0626,/project/rrg-mchakrav-ab/moncia/ADNI/bids_adni1/sub-021S0626/ses-sc/anat/sub-021S0626_ses-sc_acq-15T_T1w.nii.gz,/scratch/ishaan/adni_trillium/derivatives/bsc/021_S_0626_sc_2006-08-11,2006-06-29,0.0,1.5
021_S_0626_m06_2007-02-09,021_S_0626,/project/rrg-mchakrav-ab/moncia/ADNI/bids_adni1/sub-021S0626/ses-m06/anat/sub-021S0626_ses-m06_acq-15T_T1w.nii.gz,/scratch/ishaan/adni_trillium/derivatives/bsc/021_S_0626_m06_2007-02-09,2007-02-15,0.6324435318275154,1.5
021_S_0626_m12_2007-08-11,021_S_0626,/project/rrg-mchakrav-ab/moncia/ADNI/bids_adni1/sub-021S0626/ses-m12/anat/sub-021S0626_ses-m12_acq-15T_T1w.nii.gz,/scratch/ishaan/adni_trillium/derivatives/bsc/021_S_0626_m12_2007-08-11,2007-08-07,1.106091718001369,1.5
021_S_0626_m18_2008-02-09,021_S_0626,/project/rrg-mchakrav-ab/moncia/ADNI/bids_adni1/sub-021S0626/ses-m18/anat/sub-021S0626_ses-m18_acq-15T_T1w.nii.gz,/scratch/ishaan/adni_trillium/derivatives/bsc/021_S_0626_m18_2008-02-09,2008-02-12,1.623545516769336,1.5
021_S_0626_m24_2008-08-10,021_S_0626,/project/rrg-mchakrav-ab/moncia/ADNI/bids_adni1/sub-021S0626/ses-m24/anat/sub-021S0626_ses-m24_acq-15T_T1w.nii.gz,/scratch/ishaan/adni_trillium/derivatives/bsc/021_S_0626_m24_2008-08-10,2008-08-27,2.16290212183436,1.5
021_S_0626_m36_2009-08-10,021_S_0626,/project/rrg-mchakrav-ab/moncia/ADNI/bids_adni1/sub-021S0626/ses-m36/anat/sub-021S0626_ses-m36_acq-15T_T1w.nii.gz,/scratch/ishaan/adni_trillium/derivatives/bsc/021_S_0626_m36_2009-08-10,2009-08-10,3.1156741957563314,1.5
021_S_0626_m48_2010-08-11,021_S_0626,/project/rrg-mchakrav-ab/moncia/ADNI/bids_adni1/sub-021S0626/ses-m48/anat/sub-021S0626_ses-m48_acq-15T_T1w.nii.gz,/scratch/ishaan/adni_trillium/derivatives/bsc/021_S_0626_m48_2010-08-11,2010-08-17,4.134154688569473,1.5
021_S_2077_m03_2011-01-27,021_S_2077,/project/rrg-mchakrav-ab/moncia/ADNI/bids_adni_go2/sub-021S2077/ses-m03/anat/sub-021S2077_ses-m03_acq-3Taccel_T1w.nii.gz,/scratch/ishaan/adni_trillium/derivatives/bsc/021_S_2077_m03_2011-01-27,2010-12-08,0.0,3.0
021_S_2077_m06_2011-04-28,021_S_2077,/project/rrg-mchakrav-ab/moncia/ADNI/bids_adni_go2/sub-021S2077/ses-m06/anat/sub-021S2077_ses-m06_acq-3Taccel_T1w.nii.gz,/scratch/ishaan/adni_trillium/derivatives/bsc/021_S_2077_m06_2011-04-28,2011-03-10,0.2518822724161533,3.0
021_S_2077_m12_2011-10-28,021_S_2077,/project/rrg-mchakrav-ab/moncia/ADNI/bids_adni_go2/sub-021S2077/ses-m12/anat/sub-021S2077_ses-m12_acq-3Taccel_T1w.nii.gz,/scratch/ishaan/adni_trillium/derivatives/bsc/021_S_2077_m12_2011-10-28,2011-10-06,0.8268309377138946,3.0
021_S_2077_m24_2012-10-27,021_S_2077,/project/rrg-mchakrav-ab/moncia/ADNI/bids_adni_go2/sub-021S2077/ses-m24/anat/sub-021S2077_ses-m24_acq-3Taccel_T1w.nii.gz,/scratch/ishaan/adni_trillium/derivatives/bsc/021_S_2077_m24_2012-10-27,2012-10-17,1.8590006844626967,3.0
021_S_2077_m48_2014-10-28,021_S_2077,/project/rrg-mchakrav-ab/moncia/ADNI/bids_adni_go2/sub-021S2077/ses-m48/anat/sub-021S2077_ses-m48_acq-3Taccel_T1w.nii.gz,/scratch/ishaan/adni_trillium/derivatives/bsc/021_S_2077_m48_2014-10-28,2014-10-21,3.868583162217659,3.0
021_S_2100_m03_2011-01-25,021_S_2100,/project/rrg-mchakrav-ab/moncia/ADNI/bids_adni_go2/sub-021S2100/ses-m03/anat/sub-021S2100_ses-m03_acq-3Taccel_T1w.nii.gz,/scratch/ishaan/adni_trillium/derivatives/bsc/021_S_2100_m03_2011-01-25,2011-01-13,0.0,3.0
021_S_2100_m06_2011-04-26,021_S_2100,/project/rrg-mchakrav-ab/moncia/ADNI/bids_adni_go2/sub-021S2100/ses-m06/anat/sub-021S2100_ses-m06_acq-3Taccel_T1w.nii.gz,/scratch/ishaan/adni_trillium/derivatives/bsc/021_S_2100_m06_2011-04-26,2011-04-04,0.22176591375770022,3.0
021_S_2100_m12_2011-10-26,021_S_2100,/project/rrg-mchakrav-ab/moncia/ADNI/bids_adni_go2/sub-021S2100/ses-m12/anat/sub-021S2100_ses-m12_acq-3Taccel_T1w.nii.gz,/scratch/ishaan/adni_trillium/derivatives/bsc/021_S_2100_m12_2011-10-26,2011-10-10,0.7392197125256673,3.0
021_S_2100_m24_2012-10-25,021_S_2100,/project/rrg-mchakrav-ab/moncia/ADNI/bids_adni_go2/sub-021S2100/ses-m24/anat/sub-021S2100_ses-m24_acq-3Taccel_T1w.nii.gz,/scratch/ishaan/adni_trillium/derivatives/bsc/021_S_2100_m24_2012-10-25,2012-11-08,1.8206707734428473,3.0
021_S_2100_m36_2013-10-25,021_S_2100,/project/rrg-mchakrav-ab/moncia/ADNI/bids_adni_go2/sub-021S2100/ses-m36/anat/sub-021S2100_ses-m36_acq-3Taccel_T1w.nii.gz,/scratch/ishaan/adni_trillium/derivatives/bsc/021_S_2100_m36_2013-10-25,2013-10-15,2.754277891854894,3.0
021_S_2100_m48_2014-10-26,021_S_2100,/project/rrg-mchakrav-ab/moncia/ADNI/bids_adni_go2/sub-021S2100/ses-m48/anat/sub-021S2100_ses-m48_acq-3Taccel_T1w.nii.gz,/scratch/ishaan/adni_trillium/derivatives/bsc/021_S_2100_m48_2014-10-26,2014-10-20,3.7672826830937716,3.0
021_S_4245_m03_2011-12-14,021_S_4245,/project/rrg-mchakrav-ab/moncia/ADNI/bids_adni_go2/sub-021S4245/ses-m03/anat/sub-021S4245_ses-m03_acq-3Taccel_T1w.nii.gz,/scratch/ishaan/adni_trillium/derivatives/bsc/021_S_4245_m03_2011-12-14,2011-12-21,0.0,3.0
021_S_4245_m06_2012-03-14,021_S_4245,/project/rrg-mchakrav-ab/moncia/ADNI/bids_adni_go2/sub-021S4245/ses-m06/anat/sub-021S4245_ses-m06_acq-3Taccel_T1w.nii.gz,/scratch/ishaan/adni_trillium/derivatives/bsc/021_S_4245_m06_2012-03-14,2012-04-11,0.3066392881587953,3.0
021_S_4245_m12_2012-09-13,021_S_4245,/project/rrg-mchakrav-ab/moncia/ADNI/bids_adni_go2/sub-021S4245/ses-m12/anat/sub-021S4245_ses-m12_acq-3Taccel_T1w.nii.gz,/scratch/ishaan/adni_trillium/derivatives/bsc/021_S_4245_m12_2012-09-13,2012-10-08,0.7994524298425736,3.0
021_S_4245_m24_2013-09-13,021_S_4245,/project/rrg-mchakrav-ab/moncia/ADNI/bids_adni_go2/sub-021S4245/ses-m24/anat/sub-021S4245_ses-m24_acq-3Taccel_T1w.nii.gz,/scratch/ishaan/adni_trillium/derivatives/bsc/021_S_4245_m24_2013-09-13,2013-10-09,1.8015058179329226,3.0
021_S_4419_m03_2012-03-06,021_S_4419,/project/rrg-mchakrav-ab/moncia/ADNI/bids_adni_go2/sub-021S4419/ses-m03/anat/sub-021S4419_ses-m03_acq-3Taccel_T1w.nii.gz,/scratch/ishaan/adni_trillium/derivatives/bsc/021_S_4419_m03_2012-03-06,2012-03-19,0.0,3.0
021_S_4419_m06_2012-06-05,021_S_4419,/project/rrg-mchakrav-ab/moncia/ADNI/bids_adni_go2/sub-021S4419/ses-m06/anat/sub-021S4419_ses-m06_acq-3Taccel_T1w.nii.gz,/scratch/ishaan/adni_trillium/derivatives/bsc/021_S_4419_m06_2012-06-05,2012-06-19,0.2518822724161533,3.0
021_S_4419_m12_2012-12-05,021_S_4419,/project/rrg-mchakrav-ab/moncia/ADNI/bids_adni_go2/sub-021S4419/ses-m12/anat/sub-021S4419_ses-m12_acq-3Taccel_T1w.nii.gz,/scratch/ishaan/adni_trillium/derivatives/bsc/021_S_4419_m12_2012-12-05,2012-12-17,0.7474332648870636,3.0
021_S_4419_m24_2013-12-05,021_S_4419,/project/rrg-mchakrav-ab/moncia/ADNI/bids_adni_go2/sub-021S4419/ses-m24/anat/sub-021S4419_ses-m24_acq-3Taccel_T1w.nii.gz,/scratch/ishaan/adni_trillium/derivatives/bsc/021_S_4419_m24_2013-12-05,2013-12-17,1.7467488021902806,3.0
021_S_4419_m114_2021-06-06,021_S_4419,/project/rrg-mchakrav-ab/moncia/ADNI/bids_adni3/sub-021S4419/ses-m114/anat/sub-021S4419_ses-m114_acq-3T_T1w.nii.gz,/scratch/ishaan/adni_trillium/derivatives/bsc/021_S_4419_m114_2021-06-06,2021-04-20,9.086926762491444,3.0
021_S_4659_m03_2012-07-03,021_S_4659,/project/rrg-mchakrav-ab/moncia/ADNI/bids_adni_go2/sub-021S4659/ses-m03/anat/sub-021S4659_ses-m03_acq-3Taccel_T1w.nii.gz,/scratch/ishaan/adni_trillium/derivatives/bsc/021_S_4659_m03_2012-07-03,2012-07-16,0.0,3.0
021_S_4659_m06_2012-10-02,021_S_4659,/project/rrg-mchakrav-ab/moncia/ADNI/bids_adni_go2/sub-021S4659/ses-m06/anat/sub-021S4659_ses-m06_acq-3Taccel_T1w.nii.gz,/scratch/ishaan/adni_trillium/derivatives/bsc/021_S_4659_m06_2012-10-02,2012-10-29,0.2874743326488706,3.0
021_S_4659_m12_2013-04-03,021_S_4659,/project/rrg-mchakrav-ab/moncia/ADNI/bids_adni_go2/sub-021S4659/ses-m12/anat/sub-021S4659_ses-m12_acq-3Taccel_T1w.nii.gz,/scratch/ishaan/adni_trillium/derivatives/bsc/021_S_4659_m12_2013-04-03,2013-05-09,0.813141683778234,3.0
021_S_4659_m24_2014-04-03,021_S_4659,/project/rrg-mchakrav-ab/moncia/ADNI/bids_adni_go2/sub-021S4659/ses-m24/anat/sub-021S4659_ses-m24_acq-3Taccel_T1w.nii.gz,/scratch/ishaan/adni_trillium/derivatives/bsc/021_S_4659_m24_2014-04-03,2014-04-17,1.7522245037645447,3.0
022_S_1097_sc_2007-01-12,022_S_1097,/project/rrg-mchakrav-ab/moncia/ADNI/bids_adni1/sub-022S1097/ses-sc/anat/sub-022S1097_ses-sc_acq-15T_T1w.nii.gz,/scratch/ishaan/adni_trillium/derivatives/bsc/022_S_1097_sc_2007-01-12,2006-11-30,0.0,1.5
022_S_1097_m18_2008-07-12,022_S_1097,/project/rrg-mchakrav-ab/moncia/ADNI/bids_adni1/sub-022S1097/ses-m18/anat/sub-022S1097_ses-m18_acq-15T_T1w.nii.gz,/scratch/ishaan/adni_trillium/derivatives/bsc/022_S_1097_m18_2008-07-12,2008-06-13,1.5359342915811087,1.5
022_S_1097_m24_2009-01-11,022_S_1097,/project/rrg-mchakrav-ab/moncia/ADNI/bids_adni1/sub-022S1097/ses-m24/anat/sub-022S1097_ses-m24_acq-15T_T1w.nii.gz,/scratch/ishaan/adni_trillium/derivatives/bsc/022_S_1097_m24_2009-01-11,2008-12-09,2.026009582477755,1.5
022_S_1097_m36_2010-01-11,022_S_1097,/project/rrg-mchakrav-ab/moncia/ADNI/bids_adni1/sub-022S1097/ses-m36/anat/sub-022S1097_ses-m36_acq-15T_T1w.nii.gz,/scratch/ishaan/adni_trillium/derivatives/bsc/022_S_1097_m36_2010-01-11,2009-12-08,3.02258726899384,1.5
022_S_1351_sc_2007-03-16,022_S_1351,/project/rrg-mchakrav-ab/moncia/ADNI/bids_adni1/sub-022S1351/ses-sc/anat/sub-022S1351_ses-sc_acq-15T_T1w.nii.gz,/scratch/ishaan/adni_trillium/derivatives/bsc/022_S_1351_sc_2007-03-16,2007-03-16,0.0,1.5
022_S_1351_m12_2008-03-15,022_S_1351,/project/rrg-mchakrav-ab/moncia/ADNI/bids_adni1/sub-022S1351/ses-m12/anat/sub-022S1351_ses-m12_acq-15T_T1w.nii.gz,/scratch/ishaan/adni_trillium/derivatives/bsc/022_S_1351_m12_2008-03-15,2008-03-05,0.971937029431896,1.5
022_S_1351_m18_2008-09-13,022_S_1351,/project/rrg-mchakrav-ab/moncia/ADNI/bids_adni1/sub-022S1351/ses-m18/anat/sub-022S1351_ses-m18_acq-15T_T1w.nii.gz,/scratch/ishaan/adni_trillium/derivatives/bsc/022_S_1351_m18_2008-09-13,2008-09-19,1.514031485284052,1.5
022_S_1351_m24_2009-03-15,022_S_1351,/project/rrg-mchakrav-ab/moncia/ADNI/bids_adni1/sub-022S1351/ses-m24/anat/sub-022S1351_ses-m24_acq-15T_T1w.nii.gz,/scratch/ishaan/adni_trillium/derivatives/bsc/022_S_1351_m24_2009-03-15,2009-03-20,2.0123203285420943,1.5
022_S_2087_m03_2011-03-22,022_S_2087,/project/rrg-mchakrav-ab/moncia/ADNI/bids_adni_go2/sub-022S2087/ses-m03/anat/sub-022S2087_ses-m03_acq-3Taccel_T1w.nii.gz,/scratch/ishaan/adni_trillium/derivatives/bsc/022_S_2087_m03_2011-03-22,2011-02-08,0.0,3.0
022_S_2087_m06_2011-06-21,022_S_2087,/project/rrg-mchakrav-ab/moncia/ADNI/bids_adni_go2/sub-022S2087/ses-m06/anat/sub-022S2087_ses-m06_acq-3Taccel_T1w.nii.gz,/scratch/ishaan/adni_trillium/derivatives/bsc/022_S_2087_m06_2011-06-21,2011-06-01,0.30937713894592744,3.0
022_S_2087_m12_2011-12-21,022_S_2087,/project/rrg-mchakrav-ab/moncia/ADNI/bids_adni_go2/sub-022S2087/ses-m12/anat/sub-022S2087_ses-m12_acq-3Taccel_T1w.nii.gz,/scratch/ishaan/adni_trillium/derivatives/bsc/022_S_2087_m12_2011-12-21,2011-11-16,0.7693360711841205,3.0
022_S_2087_m24_2012-12-20,022_S_2087,/project/rrg-mchakrav-ab/moncia/ADNI/bids_adni_go2/sub-022S2087/ses-m24/anat/sub-022S2087_ses-m24_acq-3Taccel_T1w.nii.gz,/scratch/ishaan/adni_trillium/derivatives/bsc/022_S_2087_m24_2012-12-20,2012-11-02,1.73305954825462,3.0
022_S_2167_m03_2011-04-20,022_S_2167,/project/rrg-mchakrav-ab/moncia/ADNI/bids_adni_go2/sub-022S2167/ses-m03/anat/sub-022S2167_ses-m03_acq-3Taccel_T1w.nii.gz,/scratch/ishaan/adni_trillium/derivatives/bsc/022_S_2167_m03_2011-04-20,2011-02-25,0.0,3.0
022_S_2167_m06_2011-07-20,022_S_2167,/project/rrg-mchakrav-ab/moncia/ADNI/bids_adni_go2/sub-022S2167/ses-m06/anat/sub-022S2167_ses-m06_acq-3Taccel_T1w.nii.gz,/scratch/ishaan/adni_trillium/derivatives/bsc/022_S_2167_m06_2011-07-20,2011-06-28,0.33675564681724846,3.0
022_S_2167_m12_2012-01-19,022_S_2167,/project/rrg-mchakrav-ab/moncia/ADNI/bids_adni_go2/sub-022S2167/ses-m12/anat/sub-022S2167_ses-m12_acq-3Taccel_T1w.nii.gz,/scratch/ishaan/adni_trillium/derivatives/bsc/022_S_2167_m12_2012-01-19,2012-02-28,1.0075290896646132,3.0
022_S_2167_m24_2013-01-18,022_S_2167,/project/rrg-mchakrav-ab/moncia/ADNI/bids_adni_go2/sub-022S2167/ses-m24/anat/sub-022S2167_ses-m24_acq-3Taccel_T1w.nii.gz,/scratch/ishaan/adni_trillium/derivatives/bsc/022_S_2167_m24_2013-01-18,2013-03-15,2.0506502395619437,3.0
022_S_2167_m36_2014-01-18,022_S_2167,/project/rrg-mchakrav-ab/moncia/ADNI/bids_adni_go2/sub-022S2167/ses-m36/anat/sub-022S2167_ses-m36_acq-3Taccel_T1w.nii.gz,/scratch/ishaan/adni_trillium/derivatives/bsc/022_S_2167_m36_2014-01-18,2013-12-20,2.817248459958932,3.0
022_S_2167_m60_2016-01-19,022_S_2167,/project/rrg-mchakrav-ab/moncia/ADNI/bids_adni_go2/sub-022S2167/ses-m60/anat/sub-022S2167_ses-m60_acq-3Taccel_T1w.nii.gz,/scratch/ishaan/adni_trillium/derivatives/bsc/022_S_2167_m60_2016-01-19,2015-12-22,4.82135523613963,3.0
022_S_2263_m03_2011-05-18,022_S_2263,/project/rrg-mchakrav-ab/moncia/ADNI/bids_adni_go2/sub-022S2263/ses-m03/anat/sub-022S2263_ses-m03_acq-3Taccel_T1w.nii.gz,/scratch/ishaan/adni_trillium/derivatives/bsc/022_S_2263_m03_2011-05-18,2011-04-26,0.0,3.0
022_S_2263_m06_2011-08-17,022_S_2263,/project/rrg-mchakrav-ab/moncia/ADNI/bids_adni_go2/sub-022S2263/ses-m06/anat/sub-022S2263_ses-m06_acq-3Taccel_T1w.nii.gz,/scratch/ishaan/adni_trillium/derivatives/bsc/022_S_2263_m06_2011-08-17,2011-08-23,0.3258042436687201,3.0
022_S_2263_m12_2012-02-16,022_S_2263,/project/rrg-mchakrav-ab/moncia/ADNI/bids_adni_go2/sub-022S2263/ses-m12/anat/sub-022S2263_ses-m12_acq-3Taccel_T1w.nii.gz,/scratch/ishaan/adni_trillium/derivatives/bsc/022_S_2263_m12_2012-02-16,2012-02-24,0.8323066392881588,3.0
022_S_2263_m24_2013-02-15,022_S_2263,/project/rrg-mchakrav-ab/moncia/ADNI/bids_adni_go2/sub-022S2263/ses-m24/anat/sub-022S2263_ses-m24_acq-3Taccel_T1w.nii.gz,/scratch/ishaan/adni_trillium/derivatives/bsc/022_S_2263_m24_2013-02-15,2013-03-01,1.8480492813141685,3.0
022_S_2263_m36_2014-02-15,022_S_2263,/project/rrg-mchakrav-ab/moncia/ADNI/bids_adni_go2/sub-022S2263/ses-m36/anat/sub-022S2263_ses-m36_acq-3Taccel_T1w.nii.gz,/scratch/ishaan/adni_trillium/derivatives/bsc/022_S_2263_m36_2014-02-15,2014-02-07,2.7871321013004793,3.0
022_S_2263_m48_2015-02-16,022_S_2263,/project/rrg-mchakrav-ab/moncia/ADNI/bids_adni_go2/sub-022S2263/ses-m48/anat/sub-022S2263_ses-m48_acq-3Taccel_T1w.nii.gz,/scratch/ishaan/adni_trillium/derivatives/bsc/022_S_2263_m48_2015-02-16,2015-01-30,3.7645448323066395,3.0
022_S_2263_m72_2017-02-15,022_S_2263,/project/rrg-mchakrav-ab/moncia/ADNI/bids_adni3/sub-022S2263/ses-m72/anat/sub-022S2263_ses-m72_acq-3T_T1w.nii.gz,/scratch/ishaan/adni_trillium/derivatives/bsc/022_S_2263_m72_2017-02-15,2017-04-04,5.94113620807666,3.0
022_S_2263_m96_2019-02-16,022_S_2263,/project/rrg-mchakrav-ab/moncia/ADNI/bids_adni3/sub-022S2263/ses-m96/anat/sub-022S2263_ses-m96_acq-3T_T1w.nii.gz,/scratch/ishaan/adni_trillium/derivatives/bsc/022_S_2263_m96_2019-02-16,2019-04-16,7.972621492128679,3.0
022_S_2263_m120_2021-02-15,022_S_2263,/project/rrg-mchakrav-ab/moncia/ADNI/bids_adni3/sub-022S2263/ses-m120/anat/sub-022S2263_ses-m120_acq-3T_T1w.nii.gz,/scratch/ishaan/adni_trillium/derivatives/bsc/022_S_2263_m120_2021-02-15,2021-04-09,9.95482546201232,3.0
022_S_4444_m03_2012-04-04,022_S_4444,/project/rrg-mchakrav-ab/moncia/ADNI/bids_adni_go2/sub-022S4444/ses-m03/anat/sub-022S4444_ses-m03_acq-3Taccel_T1w.nii.gz,/scratch/ishaan/adni_trillium/derivatives/bsc/022_S_4444_m03_2012-04-04,2012-05-15,0.0,3.0
022_S_4444_m06_2012-07-04,022_S_4444,/project/rrg-mchakrav-ab/moncia/ADNI/bids_adni_go2/sub-022S4444/ses-m06/anat/sub-022S4444_ses-m06_acq-3Taccel_T1w.nii.gz,/scratch/ishaan/adni_trillium/derivatives/bsc/022_S_4444_m06_2012-07-04,2012-08-22,0.27104722792607805,3.0
022_S_4444_m12_2013-01-03,022_S_4444,/project/rrg-mchakrav-ab/moncia/ADNI/bids_adni_go2/sub-022S4444/ses-m12/anat/sub-022S4444_ses-m12_acq-3Taccel_T1w.nii.gz,/scratch/ishaan/adni_trillium/derivatives/bsc/022_S_4444_m12_2013-01-03,2013-02-22,0.7748117727583846,3.0
022_S_4444_m24_2014-01-03,022_S_4444,/project/rrg-mchakrav-ab/moncia/ADNI/bids_adni_go2/sub-022S4444/ses-m24/anat/sub-022S4444_ses-m24_acq-3Taccel_T1w.nii.gz,/scratch/ishaan/adni_trillium/derivatives/bsc/022_S_4444_m24_2014-01-03,2014-04-01,1.8781656399726214,3.0
022_S_4444_m48_2016-01-04,022_S_4444,/project/rrg-mchakrav-ab/moncia/ADNI/bids_adni_go2/sub-022S4444/ses-m48/anat/sub-022S4444_ses-m48_acq-3Taccel_T1w.nii.gz,/scratch/ishaan/adni_trillium/derivatives/bsc/022_S_4444_m48_2016-01-04,2016-02-23,3.7754962354551678,3.0
022_S_4805_m03_2012-09-19,022_S_4805,/project/rrg-mchakrav-ab/moncia/ADNI/bids_adni_go2/sub-022S4805/ses-m03/anat/sub-022S4805_ses-m03_acq-3Taccel_T1w.nii.gz,/scratch/ishaan/adni_trillium/derivatives/bsc/022_S_4805_m03_2012-09-19,2012-10-16,0.0,3.0
022_S_4805_m06_2012-12-19,022_S_4805,/project/rrg-mchakrav-ab/moncia/ADNI/bids_adni_go2/sub-022S4805/ses-m06/anat/sub-022S4805_ses-m06_acq-3Taccel_T1w.nii.gz,/scratch/ishaan/adni_trillium/derivatives/bsc/022_S_4805_m06_2012-12-19,2013-04-02,0.459958932238193,3.0
022_S_4805_m12_2013-06-20,022_S_4805,/project/rrg-mchakrav-ab/moncia/ADNI/bids_adni_go2/sub-022S4805/ses-m12/anat/sub-022S4805_ses-m12_acq-3Taccel_T1w.nii.gz,/scratch/ishaan/adni_trillium/derivatives/bsc/022_S_4805_m12_2013-06-20,2013-07-23,0.7665982203969883,3.0
022_S_4805_m24_2014-06-20,022_S_4805,/project/rrg-mchakrav-ab/moncia/ADNI/bids_adni_go2/sub-022S4805/ses-m24/anat/sub-022S4805_ses-m24_acq-3Taccel_T1w.nii.gz,/scratch/ishaan/adni_trillium/derivatives/bsc/022_S_4805_m24_2014-06-20,2014-07-11,1.73305954825462,3.0
022_S_5004_m03_2013-01-22,022_S_5004,/project/rrg-mchakrav-ab/moncia/ADNI/bids_adni_go2/sub-022S5004/ses-m03/anat/sub-022S5004_ses-m03_acq-3Taccel_T1w.nii.gz,/scratch/ishaan/adni_trillium/derivatives/bsc/022_S_5004_m03_2013-01-22,2012-11-06,0.0,3.0
022_S_5004_m06_2013-04-23,022_S_5004,/project/rrg-mchakrav-ab/moncia/ADNI/bids_adni_go2/sub-022S5004/ses-m06/anat/sub-022S5004_ses-m06_acq-3Taccel_T1w.nii.gz,/scratch/ishaan/adni_trillium/derivatives/bsc/022_S_5004_m06_2013-04-23,2013-04-26,0.4681724845995893,3.0
022_S_5004_m12_2013-10-23,022_S_5004,/project/rrg-mchakrav-ab/moncia/ADNI/bids_adni_go2/sub-022S5004/ses-m12/anat/sub-022S5004_ses-m12_acq-3Taccel_T1w.nii.gz,/scratch/ishaan/adni_trillium/derivatives/bsc/022_S_5004_m12_2013-10-23,2013-11-05,0.9965776865160849,3.0
022_S_5004_m24_2014-10-23,022_S_5004,/project/rrg-mchakrav-ab/moncia/ADNI/bids_adni_go2/sub-022S5004/ses-m24/anat/sub-022S5004_ses-m24_acq-3Taccel_T1w.nii.gz,/scratch/ishaan/adni_trillium/derivatives/bsc/022_S_5004_m24_2014-10-23,2015-02-27,2.308008213552361,3.0
022_S_5004_m54_2017-04-23,022_S_5004,/project/rrg-mchakrav-ab/moncia/ADNI/bids_adni3/sub-022S5004/ses-m54/anat/sub-022S5004_ses-m54_acq-3T_T1w.nii.gz,/scratch/ishaan/adni_trillium/derivatives/bsc/022_S_5004_m54_2017-04-23,2017-03-21,4.369609856262834,3.0
022_S_5004_m66_2018-04-24,022_S_5004,/project/rrg-mchakrav-ab/moncia/ADNI/bids_adni3/sub-022S5004/ses-m66/anat/sub-022S5004_ses-m66_acq-3T_T1w.nii.gz,/scratch/ishaan/adni_trillium/derivatives/bsc/022_S_5004_m66_2018-04-24,2018-03-14,5.349760438056126,3.0
022_S_5004_m78_2019-04-24,022_S_5004,/project/rrg-mchakrav-ab/moncia/ADNI/bids_adni3/sub-022S5004/ses-m78/anat/sub-022S5004_ses-m78_acq-3T_T1w.nii.gz,/scratch/ishaan/adni_trillium/derivatives/bsc/022_S_5004_m78_2019-04-24,2019-04-05,6.409308692676249,3.0
022_S_5004_m90_2020-04-23,022_S_5004,/project/rrg-mchakrav-ab/moncia/ADNI/bids_adni3/sub-022S5004/ses-m90/anat/sub-022S5004_ses-m90_acq-3T_T1w.nii.gz,/scratch/ishaan/adni_trillium/derivatives/bsc/022_S_5004_m90_2020-04-23,2020-03-11,7.342915811088296,3.0
022_S_5004_m102_2021-04-23,022_S_5004,/project/rrg-mchakrav-ab/moncia/ADNI/bids_adni3/sub-022S5004/ses-m102/anat/sub-022S5004_ses-m102_acq-3T_T1w.nii.gz,/scratch/ishaan/adni_trillium/derivatives/bsc/022_S_5004_m102_2021-04-23,2021-04-06,8.413415468856947,3.0
022_S_5004_m114_2022-04-24,022_S_5004,/project/rrg-mchakrav-ab/moncia/ADNI/bids_adni3/sub-022S5004/ses-m114/anat/sub-022S5004_ses-m114_acq-3T_T1w.nii.gz,/scratch/ishaan/adni_trillium/derivatives/bsc/022_S_5004_m114_2022-04-24,2022-05-24,9.544147843942506,3.0
022_S_6716_sc_2019-04-05,022_S_6716,/project/rrg-mchakrav-ab/moncia/ADNI/bids_adni3/sub-022S6716/ses-sc/anat/sub-022S6716_ses-sc_acq-3T_T1w.nii.gz,/scratch/ishaan/adni_trillium/derivatives/bsc/022_S_6716_sc_2019-04-05,2019-05-07,0.0,3.0
022_S_6716_m12_2020-04-04,022_S_6716,/project/rrg-mchakrav-ab/moncia/ADNI/bids_adni3/sub-022S6716/ses-m12/anat/sub-022S6716_ses-m12_acq-3T_T1w.nii.gz,/scratch/ishaan/adni_trillium/derivatives/bsc/022_S_6716_m12_2020-04-04,2020-08-18,1.2840520191649556,3.0
022_S_6716_m24_2021-04-04,022_S_6716,/project/rrg-mchakrav-ab/moncia/ADNI/bids_adni3/sub-022S6716/ses-m24/anat/sub-022S6716_ses-m24_acq-3T_T1w.nii.gz,/scratch/ishaan/adni_trillium/derivatives/bsc/022_S_6716_m24_2021-04-04,2021-06-02,2.0725530458590007,3.0
022_S_6716_m36_2022-04-04,022_S_6716,/project/rrg-mchakrav-ab/moncia/ADNI/bids_adni3/sub-022S6716/ses-m36/anat/sub-022S6716_ses-m36_acq-3T_T1w.nii.gz,/scratch/ishaan/adni_trillium/derivatives/bsc/022_S_6716_m36_2022-04-04,2022-08-18,3.2826830937713893,3.0
023_S_0126_sc_2006-02-16,023_S_0126,/project/rrg-mchakrav-ab/moncia/ADNI/bids_adni1/sub-023S0126/ses-sc/anat/sub-023S0126_ses-sc_acq-15T_T1w.nii.gz,/scratch/ishaan/adni_trillium/derivatives/bsc/023_S_0126_sc_2006-02-16,2006-02-08,0.0,1.5
023_S_0126_m06_2006-08-17,023_S_0126,/project/rrg-mchakrav-ab/moncia/ADNI/bids_adni1/sub-023S0126/ses-m06/anat/sub-023S0126_ses-m06_acq-15T_T1w.nii.gz,/scratch/ishaan/adni_trillium/derivatives/bsc/023_S_0126_m06_2006-08-17,2006-08-08,0.49555099247091033,1.5
023_S_0126_m12_2007-02-16,023_S_0126,/project/rrg-mchakrav-ab/moncia/ADNI/bids_adni1/sub-023S0126/ses-m12/anat/sub-023S0126_ses-m12_acq-15T_T1w.nii.gz,/scratch/ishaan/adni_trillium/derivatives/bsc/023_S_0126_m12_2007-02-16,2007-03-21,1.111567419575633,1.5
023_S_0126_m18_2007-08-17,023_S_0126,/project/rrg-mchakrav-ab/moncia/ADNI/bids_adni1/sub-023S0126/ses-m18/anat/sub-023S0126_ses-m18_acq-15T_T1w.nii.gz,/scratch/ishaan/adni_trillium/derivatives/bsc/023_S_0126_m18_2007-08-17,2007-08-14,1.51129363449692,1.5
023_S_0126_m24_2008-02-16,023_S_0126,/project/rrg-mchakrav-ab/moncia/ADNI/bids_adni1/sub-023S0126/ses-m24/anat/sub-023S0126_ses-m24_acq-15T_T1w.nii.gz,/scratch/ishaan/adni_trillium/derivatives/bsc/023_S_0126_m24_2008-02-16,2008-02-29,2.0561259411362083,1.5
023_S_0331_bl_2006-04-06,023_S_0331,/project/rrg-mchakrav-ab/moncia/ADNI/bids_adni1/sub-023S0331/ses-bl/anat/sub-023S0331_ses-bl_acq-3T_T1w.nii.gz,/scratch/ishaan/adni_trillium/derivatives/bsc/023_S_0331_bl_2006-04-06,2006-03-23,0.0,1.5
023_S_0331_sc_2006-04-06,023_S_0331,/project/rrg-mchakrav-ab/moncia/ADNI/bids_adni1/sub-023S0331/ses-sc/anat/sub-023S0331_ses-sc_acq-15T_T1w.nii.gz,/scratch/ishaan/adni_trillium/derivatives/bsc/023_S_0331_sc_2006-04-06,2006-04-12,0.05475701574264202,2.9
023_S_0331_m06_2006-10-05,023_S_0331,/project/rrg-mchakrav-ab/moncia/ADNI/bids_adni1/sub-023S0331/ses-m06/anat/sub-023S0331_ses-m06_acq-15T_T1w.nii.gz,/scratch/ishaan/adni_trillium/derivatives/bsc/023_S_0331_m06_2006-10-05,2006-10-03,0.5311430527036276,3.0
023_S_0331_m12_2007-04-06,023_S_0331,/project/rrg-mchakrav-ab/moncia/ADNI/bids_adni1/sub-023S0331/ses-m12/anat/sub-023S0331_ses-m12_acq-15T_T1w.nii.gz,/scratch/ishaan/adni_trillium/derivatives/bsc/023_S_0331_m12_2007-04-06,2007-04-11,1.051334702258727,1.5
023_S_0331_m18_2007-10-05,023_S_0331,/project/rrg-mchakrav-ab/moncia/ADNI/bids_adni1/sub-023S0331/ses-m18/anat/sub-023S0331_ses-m18_acq-15T_T1w.nii.gz,/scratch/ishaan/adni_trillium/derivatives/bsc/023_S_0331_m18_2007-10-05,2007-10-09,1.5468856947296372,3.0
023_S_0331_m24_2008-04-05,023_S_0331,/project/rrg-mchakrav-ab/moncia/ADNI/bids_adni1/sub-023S0331/ses-m24/anat/sub-023S0331_ses-m24_acq-15T_T1w.nii.gz,/scratch/ishaan/adni_trillium/derivatives/bsc/023_S_0331_m24_2008-04-05,2008-03-28,2.0150581793292264,3.0
023_S_0376_m06_2006-10-19,023_S_0376,/project/rrg-mchakrav-ab/moncia/ADNI/bids_adni1/sub-023S0376/ses-m06/anat/sub-023S0376_ses-m06_acq-15T_T1w.nii.gz,/scratch/ishaan/adni_trillium/derivatives/bsc/023_S_0376_m06_2006-10-19,2006-10-19,0.0,3.0
023_S_0376_m12_2007-04-20,023_S_0376,/project/rrg-mchakrav-ab/moncia/ADNI/bids_adni1/sub-023S0376/ses-m12/anat/sub-023S0376_ses-m12_acq-15T_T1w.nii.gz,/scratch/ishaan/adni_trillium/derivatives/bsc/023_S_0376_m12_2007-04-20,2007-03-20,0.4161533196440794,3.0
023_S_0376_m24_2008-04-19,023_S_0376,/project/rrg-mchakrav-ab/moncia/ADNI/bids_adni1/sub-023S0376/ses-m24/anat/sub-023S0376_ses-m24_acq-15T_T1w.nii.gz,/scratch/ishaan/adni_trillium/derivatives/bsc/023_S_0376_m24_2008-04-19,2008-04-15,1.4893908281998631,3.0
023_S_0376_m36_2009-04-19,023_S_0376,/project/rrg-mchakrav-ab/moncia/ADNI/bids_adni1/sub-023S0376/ses-m36/anat/sub-023S0376_ses-m36_acq-15T_T1w.nii.gz,/scratch/ishaan/adni_trillium/derivatives/bsc/023_S_0376_m36_2009-04-19,2009-05-01,2.532511978097194,3.0
023_S_1046_bl_2006-11-16,023_S_1046,/project/rrg-mchakrav-ab/moncia/ADNI/bids_adni1/sub-023S1046/ses-bl/anat/sub-023S1046_ses-bl_acq-3T_T1w.nii.gz,/scratch/ishaan/adni_trillium/derivatives/bsc/023_S_1046_bl_2006-11-16,2006-11-06,0.0,1.5
023_S_1046_sc_2006-11-16,023_S_1046,/project/rrg-mchakrav-ab/moncia/ADNI/bids_adni1/sub-023S1046/ses-sc/anat/sub-023S1046_ses-sc_acq-15T_T1w.nii.gz,/scratch/ishaan/adni_trillium/derivatives/bsc/023_S_1046_sc_2006-11-16,2006-11-15,0.024640657084188913,3.0
023_S_1046_m06_2007-05-17,023_S_1046,/project/rrg-mchakrav-ab/moncia/ADNI/bids_adni1/sub-023S1046/ses-m06/anat/sub-023S1046_ses-m06_acq-15T_T1w.nii.gz,/scratch/ishaan/adni_trillium/derivatives/bsc/023_S_1046_m06_2007-05-17,2007-05-29,0.5585215605749486,3.0
023_S_1046_m12_2007-11-16,023_S_1046,/project/rrg-mchakrav-ab/moncia/ADNI/bids_adni1/sub-023S1046/ses-m12/anat/sub-023S1046_ses-m12_acq-15T_T1w.nii.gz,/scratch/ishaan/adni_trillium/derivatives/bsc/023_S_1046_m12_2007-11-16,2007-11-06,0.999315537303217,3.0
023_S_1046_m18_2008-05-16,023_S_1046,/project/rrg-mchakrav-ab/moncia/ADNI/bids_adni1/sub-023S1046/ses-m18/anat/sub-023S1046_ses-m18_acq-15T_T1w.nii.gz,/scratch/ishaan/adni_trillium/derivatives/bsc/023_S_1046_m18_2008-05-16,2008-05-30,1.5633127994524298,3.0
023_S_1046_m24_2008-11-15,023_S_1046,/project/rrg-mchakrav-ab/moncia/ADNI/bids_adni1/sub-023S1046/ses-m24/anat/sub-023S1046_ses-m24_acq-15T_T1w.nii.gz,/scratch/ishaan/adni_trillium/derivatives/bsc/023_S_1046_m24_2008-11-15,2009-01-21,2.209445585215606,3.0
023_S_1046_m36_2009-11-15,023_S_1046,/project/rrg-mchakrav-ab/moncia/ADNI/bids_adni1/sub-023S1046/ses-m36/anat/sub-023S1046_ses-m36_acq-15T_T1w.nii.gz,/scratch/ishaan/adni_trillium/derivatives/bsc/023_S_1046_m36_2009-11-15,2009-11-05,2.9979466119096507,3.0
023_S_4115_m03_2011-10-12,023_S_4115,/project/rrg-mchakrav-ab/moncia/ADNI/bids_adni_go2/sub-023S4115/ses-m03/anat/sub-023S4115_ses-m03_acq-3Taccel_T1w.nii.gz,/scratch/ishaan/adni_trillium/derivatives/bsc/023_S_4115_m03_2011-10-12,2011-08-30,0.0,3.0
023_S_4115_m06_2012-01-11,023_S_4115,/project/rrg-mchakrav-ab/moncia/ADNI/bids_adni_go2/sub-023S4115/ses-m06/anat/sub-023S4115_ses-m06_acq-3Taccel_T1w.nii.gz,/scratch/ishaan/adni_trillium/derivatives/bsc/023_S_4115_m06_2012-01-11,2011-11-29,0.24914442162902123,3.0
023_S_4115_m12_2012-07-12,023_S_4115,/project/rrg-mchakrav-ab/moncia/ADNI/bids_adni_go2/sub-023S4115/ses-m12/anat/sub-023S4115_ses-m12_acq-3Taccel_T1w.nii.gz,/scratch/ishaan/adni_trillium/derivatives/bsc/023_S_4115_m12_2012-07-12,2012-10-02,1.0924024640657084,3.0
023_S_4115_m24_2013-07-12,023_S_4115,/project/rrg-mchakrav-ab/moncia/ADNI/bids_adni_go2/sub-023S4115/ses-m24/anat/sub-023S4115_ses-m24_acq-3Taccel_T1w.nii.gz,/scratch/ishaan/adni_trillium/derivatives/bsc/023_S_4115_m24_2013-07-12,2013-09-30,2.086242299794661,3.0
023_S_4115_m48_2015-07-13,023_S_4115,/project/rrg-mchakrav-ab/moncia/ADNI/bids_adni_go2/sub-023S4115/ses-m48/anat/sub-023S4115_ses-m48_acq-3Taccel_T1w.nii.gz,/scratch/ishaan/adni_trillium/derivatives/bsc/023_S_4115_m48_2015-07-13,2015-07-13,3.868583162217659,
023_S_4115_m78_2018-01-11,023_S_4115,/project/rrg-mchakrav-ab/moncia/ADNI/bids_adni3/sub-023S4115/ses-m78/anat/sub-023S4115_ses-m78_acq-3T_T1w.nii.gz,/scratch/ishaan/adni_trillium/derivatives/bsc/023_S_4115_m78_2018-01-11,2018-01-24,6.403832991101985,3.0
023_S_4122_m03_2011-11-07,023_S_4122,/project/rrg-mchakrav-ab/moncia/ADNI/bids_adni_go2/sub-023S4122/ses-m03/anat/sub-023S4122_ses-m03_acq-3Taccel_T1w.nii.gz,/scratch/ishaan/adni_trillium/derivatives/bsc/023_S_4122_m03_2011-11-07,2011-08-26,0.0,3.0
023_S_4122_m06_2012-02-06,023_S_4122,/project/rrg-mchakrav-ab/moncia/ADNI/bids_adni_go2/sub-023S4122/ses-m06/anat/sub-023S4122_ses-m06_acq-3Taccel_T1w.nii.gz,/scratch/ishaan/adni_trillium/derivatives/bsc/023_S_4122_m06_2012-02-06,2011-11-22,0.24093086926762491,3.0
023_S_4122_m12_2012-08-07,023_S_4122,/project/rrg-mchakrav-ab/moncia/ADNI/bids_adni_go2/sub-023S4122/ses-m12/anat/sub-023S4122_ses-m12_acq-3Taccel_T1w.nii.gz,/scratch/ishaan/adni_trillium/derivatives/bsc/023_S_4122_m12_2012-08-07,2012-06-05,0.7775496235455168,3.0
023_S_4122_m36_2014-08-07,023_S_4122,/project/rrg-mchakrav-ab/moncia/ADNI/bids_adni_go2/sub-023S4122/ses-m36/anat/sub-023S4122_ses-m36_acq-3Taccel_T1w.nii.gz,/scratch/ishaan/adni_trillium/derivatives/bsc/023_S_4122_m36_2014-08-07,2014-11-06,3.1978097193702943,3.0
023_S_6334_sc_2018-04-25,023_S_6334,/project/rrg-mchakrav-ab/moncia/ADNI/bids_adni3/sub-023S6334/ses-sc/anat/sub-023S6334_ses-sc_acq-3T_T1w.nii.gz,/scratch/ishaan/adni_trillium/derivatives/bsc/023_S_6334_sc_2018-04-25,2018-05-04,0.0,3.0
023_S_6334_m12_2019-04-25,023_S_6334,/project/rrg-mchakrav-ab/moncia/ADNI/bids_adni3/sub-023S6334/ses-m12/anat/sub-023S6334_ses-m12_acq-3T_T1w.nii.gz,/scratch/ishaan/adni_trillium/derivatives/bsc/023_S_6334_m12_2019-04-25,2019-05-23,1.051334702258727,3.0
023_S_6334_m36_2021-04-24,023_S_6334,/project/rrg-mchakrav-ab/moncia/ADNI/bids_adni3/sub-023S6334/ses-m36/anat/sub-023S6334_ses-m36_acq-3T_T1w.nii.gz,/scratch/ishaan/adni_trillium/derivatives/bsc/023_S_6334_m36_2021-04-24,2021-05-12,3.02258726899384,3.0
023_S_6334_m48_2022-04-25,023_S_6334,/project/rrg-mchakrav-ab/moncia/ADNI/bids_adni3/sub-023S6334/ses-m48/anat/sub-023S6334_ses-m48_acq-3T_T1w.nii.gz,/scratch/ishaan/adni_trillium/derivatives/bsc/023_S_6334_m48_2022-04-25,2022-05-19,4.041067761806982,3.0
023_S_6334_m72_2024-04-24,023_S_6334,/project/rrg-mchakrav-ab/moncia/ADNI/bids_adni4_qc/sub-023S6334/ses-m72/anat/sub-023S6334_ses-m72_acq-3Taccel_T1w.nii.gz,/scratch/ishaan/adni_trillium/derivatives/bsc/023_S_6334_m72_2024-04-24,2024-03-07,5.842573579739904,3.0
024_S_2239_m03_2011-05-19,024_S_2239,/project/rrg-mchakrav-ab/moncia/ADNI/bids_adni_go2/sub-024S2239/ses-m03/anat/sub-024S2239_ses-m03_acq-3Taccel_T1w.nii.gz,/scratch/ishaan/adni_trillium/derivatives/bsc/024_S_2239_m03_2011-05-19,2011-03-03,0.0,3.0
024_S_2239_m06_2011-08-18,024_S_2239,/project/rrg-mchakrav-ab/moncia/ADNI/bids_adni_go2/sub-024S2239/ses-m06/anat/sub-024S2239_ses-m06_acq-3Taccel_T1w.nii.gz,/scratch/ishaan/adni_trillium/derivatives/bsc/024_S_2239_m06_2011-08-18,2011-05-31,0.243668720054757,3.0
024_S_2239_m12_2012-02-17,024_S_2239,/project/rrg-mchakrav-ab/moncia/ADNI/bids_adni_go2/sub-024S2239/ses-m12/anat/sub-024S2239_ses-m12_acq-3Taccel_T1w.nii.gz,/scratch/ishaan/adni_trillium/derivatives/bsc/024_S_2239_m12_2012-02-17,2011-12-06,0.7611225188227242,3.0
024_S_2239_m24_2013-02-16,024_S_2239,/project/rrg-mchakrav-ab/moncia/ADNI/bids_adni_go2/sub-024S2239/ses-m24/anat/sub-024S2239_ses-m24_acq-3Taccel_T1w.nii.gz,/scratch/ishaan/adni_trillium/derivatives/bsc/024_S_2239_m24_2013-02-16,2012-11-15,1.7056810403832992,3.0
024_S_2239_m36_2014-02-16,024_S_2239,/project/rrg-mchakrav-ab/moncia/ADNI/bids_adni_go2/sub-024S2239/ses-m36/anat/sub-024S2239_ses-m36_acq-3Taccel_T1w.nii.gz,/scratch/ishaan/adni_trillium/derivatives/bsc/024_S_2239_m36_2014-02-16,2013-11-25,2.732375085557837,3.0
024_S_2239_m48_2015-02-17,024_S_2239,/project/rrg-mchakrav-ab/moncia/ADNI/bids_adni_go2/sub-024S2239/ses-m48/anat/sub-024S2239_ses-m48_acq-3Taccel_T1w.nii.gz,/scratch/ishaan/adni_trillium/derivatives/bsc/024_S_2239_m48_2015-02-17,2014-11-18,3.7125256673511293,3.0
024_S_2239_m90_2018-08-18,024_S_2239,/project/rrg-mchakrav-ab/moncia/ADNI/bids_adni3/sub-024S2239/ses-m90/anat/sub-024S2239_ses-m90_acq-3T_T1w.nii.gz,/scratch/ishaan/adni_trillium/derivatives/bsc/024_S_2239_m90_2018-08-18,2018-03-20,7.047227926078029,3.0
024_S_2239_m102_2019-08-18,024_S_2239,/project/rrg-mchakrav-ab/moncia/ADNI/bids_adni3/sub-024S2239/ses-m102/anat/sub-024S2239_ses-m102_acq-3T_T1w.nii.gz,/scratch/ishaan/adni_trillium/derivatives/bsc/024_S_2239_m102_2019-08-18,2019-06-03,8.251882272416154,3.0
024_S_2239_m120_2021-02-16,024_S_2239,/project/rrg-mchakrav-ab/moncia/ADNI/bids_adni3/sub-024S2239/ses-m120/anat/sub-024S2239_ses-m120_acq-3T_T1w.nii.gz,/scratch/ishaan/adni_trillium/derivatives/bsc/024_S_2239_m120_2021-02-16,2020-10-29,9.659137577002053,3.0
024_S_2239_m132_2022-02-17,024_S_2239,/project/rrg-mchakrav-ab/moncia/ADNI/bids_adni3/sub-024S2239/ses-m132/anat/sub-024S2239_ses-m132_acq-3T_T1w.nii.gz,/scratch/ishaan/adni_trillium/derivatives/bsc/024_S_2239_m132_2022-02-17,2021-10-20,10.633812457221081,3.0
024_S_4169_m03_2011-11-07,024_S_4169,/project/rrg-mchakrav-ab/moncia/ADNI/bids_adni_go2/sub-024S4169/ses-m03/anat/sub-024S4169_ses-m03_acq-3Taccel_T1w.nii.gz,/scratch/ishaan/adni_trillium/derivatives/bsc/024_S_4169_m03_2011-11-07,2011-11-28,0.0,3.0
024_S_4169_m06_2012-02-06,024_S_4169,/project/rrg-mchakrav-ab/moncia/ADNI/bids_adni_go2/sub-024S4169/ses-m06/anat/sub-024S4169_ses-m06_acq-3Taccel_T1w.nii.gz,/scratch/ishaan/adni_trillium/derivatives/bsc/024_S_4169_m06_2012-02-06,2012-02-29,0.2546201232032854,3.0
024_S_4169_m12_2012-08-07,024_S_4169,/project/rrg-mchakrav-ab/moncia/ADNI/bids_adni_go2/sub-024S4169/ses-m12/anat/sub-024S4169_ses-m12_acq-3Taccel_T1w.nii.gz,/scratch/ishaan/adni_trillium/derivatives/bsc/024_S_4169_m12_2012-08-07,2012-10-24,0.9062286105407256,3.0
024_S_4169_m24_2013-08-07,024_S_4169,/project/rrg-mchakrav-ab/moncia/ADNI/bids_adni_go2/sub-024S4169/ses-m24/anat/sub-024S4169_ses-m24_acq-3Taccel_T1w.nii.gz,/scratch/ishaan/adni_trillium/derivatives/bsc/024_S_4169_m24_2013-08-07,2013-09-27,1.8316221765913758,3.0
024_S_4169_m48_2015-08-08,024_S_4169,/project/rrg-mchakrav-ab/moncia/ADNI/bids_adni_go2/sub-024S4169/ses-m48/anat/sub-024S4169_ses-m48_acq-3Taccel_T1w.nii.gz,/scratch/ishaan/adni_trillium/derivatives/bsc/024_S_4169_m48_2015-08-08,2015-08-24,3.7371663244353184,3.0
024_S_4169_m72_2017-08-07,024_S_4169,/project/rrg-mchakrav-ab/moncia/ADNI/bids_adni3/sub-024S4169/ses-m72/anat/sub-024S4169_ses-m72_acq-3T_T1w.nii.gz,/scratch/ishaan/adni_trillium/derivatives/bsc/024_S_4169_m72_2017-08-07,2017-08-31,5.757700205338809,3.0
024_S_4392_m03_2012-03-01,024_S_4392,/project/rrg-mchakrav-ab/moncia/ADNI/bids_adni_go2/sub-024S4392/ses-m03/anat/sub-024S4392_ses-m03_acq-3Taccel_T1w.nii.gz,/scratch/ishaan/adni_trillium/derivatives/bsc/024_S_4392_m03_2012-03-01,2012-04-13,0.0,3.0
024_S_4392_m06_2012-05-31,024_S_4392,/project/rrg-mchakrav-ab/moncia/ADNI/bids_adni_go2/sub-024S4392/ses-m06/anat/sub-024S4392_ses-m06_acq-3Taccel_T1w.nii.gz,/scratch/ishaan/adni_trillium/derivatives/bsc/024_S_4392_m06_2012-05-31,2012-07-09,0.23819301848049282,3.0
024_S_4392_m12_2012-11-30,024_S_4392,/project/rrg-mchakrav-ab/moncia/ADNI/bids_adni_go2/sub-024S4392/ses-m12/anat/sub-024S4392_ses-m12_acq-3Taccel_T1w.nii.gz,/scratch/ishaan/adni_trillium/derivatives/bsc/024_S_4392_m12_2012-11-30,2013-01-07,0.7364818617385352,3.0
024_S_4392_m24_2013-11-30,024_S_4392,/project/rrg-mchakrav-ab/moncia/ADNI/bids_adni_go2/sub-024S4392/ses-m24/anat/sub-024S4392_ses-m24_acq-3Taccel_T1w.nii.gz,/scratch/ishaan/adni_trillium/derivatives/bsc/024_S_4392_m24_2013-11-30,2014-01-10,1.7440109514031485,3.0
024_S_4674_m03_2012-07-13,024_S_4674,/project/rrg-mchakrav-ab/moncia/ADNI/bids_adni_go2/sub-024S4674/ses-m03/anat/sub-024S4674_ses-m03_acq-3Taccel_T1w.nii.gz,/scratch/ishaan/adni_trillium/derivatives/bsc/024_S_4674_m03_2012-07-13,2012-08-03,0.0,3.0
024_S_4674_m06_2012-10-12,024_S_4674,/project/rrg-mchakrav-ab/moncia/ADNI/bids_adni_go2/sub-024S4674/ses-m06/anat/sub-024S4674_ses-m06_acq-3Taccel_T1w.nii.gz,/scratch/ishaan/adni_trillium/derivatives/bsc/024_S_4674_m06_2012-10-12,2012-11-19,0.29568788501026694,3.0
024_S_4674_m12_2013-04-13,024_S_4674,/project/rrg-mchakrav-ab/moncia/ADNI/bids_adni_go2/sub-024S4674/ses-m12/anat/sub-024S4674_ses-m12_acq-3Taccel_T1w.nii.gz,/scratch/ishaan/adni_trillium/derivatives/bsc/024_S_4674_m12_2013-04-13,2013-05-17,0.785763175906913,3.0
024_S_4674_m24_2014-04-13,024_S_4674,/project/rrg-mchakrav-ab/moncia/ADNI/bids_adni_go2/sub-024S4674/ses-m24/anat/sub-024S4674_ses-m24_acq-3Taccel_T1w.nii.gz,/scratch/ishaan/adni_trillium/derivatives/bsc/024_S_4674_m24_2014-04-13,2014-05-23,1.8015058179329226,3.0
024_S_4674_m48_2016-04-13,024_S_4674,/project/rrg-mchakrav-ab/moncia/ADNI/bids_adni_go2/sub-024S4674/ses-m48/anat/sub-024S4674_ses-m48_acq-3Taccel_T1w.nii.gz,/scratch/ishaan/adni_trillium/derivatives/bsc/024_S_4674_m48_2016-04-13,2016-06-02,3.8302532511978096,3.0
024_S_4674_m60_2017-04-13,024_S_4674,/project/rrg-mchakrav-ab/moncia/ADNI/bids_adni3/sub-024S4674/ses-m60/anat/sub-024S4674_ses-m60_acq-3T_T1w.nii.gz,/scratch/ishaan/adni_trillium/derivatives/bsc/024_S_4674_m60_2017-04-13,2017-07-28,4.982888432580425,3.0
024_S_4674_m72_2018-04-13,024_S_4674,/project/rrg-mchakrav-ab/moncia/ADNI/bids_adni3/sub-024S4674/ses-m72/anat/sub-024S4674_ses-m72_acq-3T_T1w.nii.gz,/scratch/ishaan/adni_trillium/derivatives/bsc/024_S_4674_m72_2018-04-13,2018-06-19,5.87542778918549,3.0
024_S_4674_m84_2019-04-13,024_S_4674,/project/rrg-mchakrav-ab/moncia/ADNI/bids_adni3/sub-024S4674/ses-m84/anat/sub-024S4674_ses-m84_acq-3T_T1w.nii.gz,/scratch/ishaan/adni_trillium/derivatives/bsc/024_S_4674_m84_2019-04-13,2019-06-24,6.888432580424367,3.0
024_S_4674_m108_2021-04-13,024_S_4674,/project/rrg-mchakrav-ab/moncia/ADNI/bids_adni3/sub-024S4674/ses-m108/anat/sub-024S4674_ses-m108_acq-3T_T1w.nii.gz,/scratch/ishaan/adni_trillium/derivatives/bsc/024_S_4674_m108_2021-04-13,2021-05-28,8.815879534565367,3.0
024_S_4674_m120_2022-04-13,024_S_4674,/project/rrg-mchakrav-ab/moncia/ADNI/bids_adni3/sub-024S4674/ses-m120/anat/sub-024S4674_ses-m120_acq-3T_T1w.nii.gz,/scratch/ishaan/adni_trillium/derivatives/bsc/024_S_4674_m120_2022-04-13,2022-06-01,9.826146475017111,3.0
024_S_6033_sc_2017-06-19,024_S_6033,/project/rrg-mchakrav-ab/moncia/ADNI/bids_adni3/sub-024S6033/ses-sc/anat/sub-024S6033_ses-sc_acq-3T_T1w.nii.gz,/scratch/ishaan/adni_trillium/derivatives/bsc/024_S_6033_sc_2017-06-19,2017-12-14,0.0,3.0
024_S_6033_m12_2018-06-19,024_S_6033,/project/rrg-mchakrav-ab/moncia/ADNI/bids_adni3/sub-024S6033/ses-m12/anat/sub-024S6033_ses-m12_acq-3T_T1w.nii.gz,/scratch/ishaan/adni_trillium/derivatives/bsc/024_S_6033_m12_2018-06-19,2018-07-05,0.5557837097878165,3.0
024_S_6033_m24_2019-06-19,024_S_6033,/project/rrg-mchakrav-ab/moncia/ADNI/bids_adni3/sub-024S6033/ses-m24/anat/sub-024S6033_ses-m24_acq-3T_T1w.nii.gz,/scratch/ishaan/adni_trillium/derivatives/bsc/024_S_6033_m24_2019-06-19,2019-07-10,1.568788501026694,3.0
024_S_6033_m42_2020-12-18,024_S_6033,/project/rrg-mchakrav-ab/moncia/ADNI/bids_adni3/sub-024S6033/ses-m42/anat/sub-024S6033_ses-m42_acq-3T_T1w.nii.gz,/scratch/ishaan/adni_trillium/derivatives/bsc/024_S_6033_m42_2020-12-18,2021-04-16,3.3374401095140316,3.0
027_S_0116_sc_2006-02-15,027_S_0116,/project/rrg-mchakrav-ab/moncia/ADNI/bids_adni1/sub-027S0116/ses-sc/anat/sub-027S0116_ses-sc_acq-15T_T1w.nii.gz,/scratch/ishaan/adni_trillium/derivatives/bsc/027_S_0116_sc_2006-02-15,2006-01-27,0.0,1.5
027_S_0116_m06_2006-08-16,027_S_0116,/project/rrg-mchakrav-ab/moncia/ADNI/bids_adni1/sub-027S0116/ses-m06/anat/sub-027S0116_ses-m06_acq-15T_T1w.nii.gz,/scratch/ishaan/adni_trillium/derivatives/bsc/027_S_0116_m06_2006-08-16,2006-09-06,0.6078028747433265,1.5
027_S_0116_m12_2007-02-15,027_S_0116,/project/rrg-mchakrav-ab/moncia/ADNI/bids_adni1/sub-027S0116/ses-m12/anat/sub-027S0116_ses-m12_acq-15T_T1w.nii.gz,/scratch/ishaan/adni_trillium/derivatives/bsc/027_S_0116_m12_2007-02-15,2007-02-07,1.0294318959616702,1.5
027_S_0116_m18_2007-08-16,027_S_0116,/project/rrg-mchakrav-ab/moncia/ADNI/bids_adni1/sub-027S0116/ses-m18/anat/sub-027S0116_ses-m18_acq-15T_T1w.nii.gz,/scratch/ishaan/adni_trillium/derivatives/bsc/027_S_0116_m18_2007-08-16,2007-08-01,1.5085557837097878,1.5
027_S_0116_m24_2008-02-15,027_S_0116,/project/rrg-mchakrav-ab/moncia/ADNI/bids_adni1/sub-027S0116/ses-m24/anat/sub-027S0116_ses-m24_acq-15T_T1w.nii.gz,/scratch/ishaan/adni_trillium/derivatives/bsc/027_S_0116_m24_2008-02-15,2008-02-18,2.0588637919233403,1.5
027_S_0116_m36_2009-02-14,027_S_0116,/project/rrg-mchakrav-ab/moncia/ADNI/bids_adni1/sub-027S0116/ses-m36/anat/sub-027S0116_ses-m36_acq-15T_T1w.nii.gz,/scratch/ishaan/adni_trillium/derivatives/bsc/027_S_0116_m36_2009-02-14,2009-02-23,3.07460643394935,1.5
027_S_0116_m48_2010-02-15,027_S_0116,/project/rrg-mchakrav-ab/moncia/ADNI/bids_adni1/sub-027S0116/ses-m48/anat/sub-027S0116_ses-m48_acq-15T_T1w.nii.gz,/scratch/ishaan/adni_trillium/derivatives/bsc/027_S_0116_m48_2010-02-15,2010-02-18,4.060232717316906,1.5
027_S_0307_m06_2006-10-27,027_S_0307,/project/rrg-mchakrav-ab/moncia/ADNI/bids_adni1/sub-027S0307/ses-m06/anat/sub-027S0307_ses-m06_acq-15T_T1w.nii.gz,/scratch/ishaan/adni_trillium/derivatives/bsc/027_S_0307_m06_2006-10-27,2006-10-20,0.0,2.9
027_S_0307_m12_2007-04-28,027_S_0307,/project/rrg-mchakrav-ab/moncia/ADNI/bids_adni1/sub-027S0307/ses-m12/anat/sub-027S0307_ses-m12_acq-15T_T1w.nii.gz,/scratch/ishaan/adni_trillium/derivatives/bsc/027_S_0307_m12_2007-04-28,2007-05-01,0.5284052019164955,2.9
027_S_0307_m24_2008-04-27,027_S_0307,/project/rrg-mchakrav-ab/moncia/ADNI/bids_adni1/sub-027S0307/ses-m24/anat/sub-027S0307_ses-m24_acq-15T_T1w.nii.gz,/scratch/ishaan/adni_trillium/derivatives/bsc/027_S_0307_m24_2008-04-27,2008-04-16,1.4893908281998631,3.0
027_S_0307_m36_2009-04-27,027_S_0307,/project/rrg-mchakrav-ab/moncia/ADNI/bids_adni1/sub-027S0307/ses-m36/anat/sub-027S0307_ses-m36_acq-15T_T1w.nii.gz,/scratch/ishaan/adni_trillium/derivatives/bsc/027_S_0307_m36_2009-04-27,2009-04-06,2.461327857631759,3.0
027_S_0307_m48_2010-04-28,027_S_0307,/project/rrg-mchakrav-ab/moncia/ADNI/bids_adni1/sub-027S0307/ses-m48/anat/sub-027S0307_ses-m48_acq-15T_T1w.nii.gz,/scratch/ishaan/adni_trillium/derivatives/bsc/027_S_0307_m48_2010-04-28,2010-05-10,3.5537303216974676,1.5
027_S_0408_m06_2006-11-17,027_S_0408,/project/rrg-mchakrav-ab/moncia/ADNI/bids_adni1/sub-027S0408/ses-m06/anat/sub-027S0408_ses-m06_acq-15T_T1w.nii.gz,/scratch/ishaan/adni_trillium/derivatives/bsc/027_S_0408_m06_2006-11-17,2006-11-22,0.0,1.5
027_S_0408_m12_2007-05-19,027_S_0408,/project/rrg-mchakrav-ab/moncia/ADNI/bids_adni1/sub-027S0408/ses-m12/anat/sub-027S0408_ses-m12_acq-15T_T1w.nii.gz,/scratch/ishaan/adni_trillium/derivatives/bsc/027_S_0408_m12_2007-05-19,2007-05-30,0.5174537987679672,1.5
027_S_0408_m24_2008-05-18,027_S_0408,/project/rrg-mchakrav-ab/moncia/ADNI/bids_adni1/sub-027S0408/ses-m24/anat/sub-027S0408_ses-m24_acq-15T_T1w.nii.gz,/scratch/ishaan/adni_trillium/derivatives/bsc/027_S_0408_m24_2008-05-18,2008-05-20,1.4921286789869952,1.5
027_S_0408_m36_2009-05-18,027_S_0408,/project/rrg-mchakrav-ab/moncia/ADNI/bids_adni1/sub-027S0408/ses-m36/anat/sub-027S0408_ses-m36_acq-15T_T1w.nii.gz,/scratch/ishaan/adni_trillium/derivatives/bsc/027_S_0408_m36_2009-05-18,2009-06-08,2.543463381245722,1.5
027_S_0644_sc_2006-07-05,027_S_0644,/project/rrg-mchakrav-ab/moncia/ADNI/bids_adni1/sub-027S0644/ses-sc/anat/sub-027S0644_ses-sc_acq-15T_T1w.nii.gz,/scratch/ishaan/adni_trillium/derivatives/bsc/027_S_0644_sc_2006-07-05,2006-06-16,0.0,1.5
027_S_0644_m06_2007-01-03,027_S_0644,/project/rrg-mchakrav-ab/moncia/ADNI/bids_adni1/sub-027S0644/ses-m06/anat/sub-027S0644_ses-m06_acq-15T_T1w.nii.gz,/scratch/ishaan/adni_trillium/derivatives/bsc/027_S_0644_m06_2007-01-03,2006-12-20,0.5119780971937029,1.5
027_S_0644_m24_2008-07-04,027_S_0644,/project/rrg-mchakrav-ab/moncia/ADNI/bids_adni1/sub-027S0644/ses-m24/anat/sub-027S0644_ses-m24_acq-15T_T1w.nii.gz,/scratch/ishaan/adni_trillium/derivatives/bsc/027_S_0644_m24_2008-07-04,2008-06-25,2.026009582477755,1.5
027_S_0644_m36_2009-07-04,027_S_0644,/project/rrg-mchakrav-ab/moncia/ADNI/bids_adni1/sub-027S0644/ses-m36/anat/sub-027S0644_ses-m36_acq-15T_T1w.nii.gz,/scratch/ishaan/adni_trillium/derivatives/bsc/027_S_0644_m36_2009-07-04,2009-07-07,3.058179329226557,1.5
027_S_0644_m48_2010-07-05,027_S_0644,/project/rrg-mchakrav-ab/moncia/ADNI/bids_adni1/sub-027S0644/ses-m48/anat/sub-027S0644_ses-m48_acq-15T_T1w.nii.gz,/scratch/ishaan/adni_trillium/derivatives/bsc/027_S_0644_m48_2010-07-05,2010-06-24,4.0219028062970565,1.5
027_S_0835_bl_2006-09-15,027_S_0835,/project/rrg-mchakrav-ab/moncia/ADNI/bids_adni1/sub-027S0835/ses-bl/anat/sub-027S0835_ses-bl_acq-3T_T1w.nii.gz,/scratch/ishaan/adni_trillium/derivatives/bsc/027_S_0835_bl_2006-09-15,2006-09-11,0.0,1.5
027_S_0835_sc_2006-09-15,027_S_0835,/project/rrg-mchakrav-ab/moncia/ADNI/bids_adni1/sub-027S0835/ses-sc/anat/sub-027S0835_ses-sc_acq-15T_T1w.nii.gz,/scratch/ishaan/adni_trillium/derivatives/bsc/027_S_0835_sc_2006-09-15,2006-09-28,0.04654346338124572,2.9
027_S_0835_m06_2007-03-16,027_S_0835,/project/rrg-mchakrav-ab/moncia/ADNI/bids_adni1/sub-027S0835/ses-m06/anat/sub-027S0835_ses-m06_acq-15T_T1w.nii.gz,/scratch/ishaan/adni_trillium/derivatives/bsc/027_S_0835_m06_2007-03-16,2007-03-21,0.5229295003422314,1.5
027_S_0835_m18_2008-03-15,027_S_0835,/project/rrg-mchakrav-ab/moncia/ADNI/bids_adni1/sub-027S0835/ses-m18/anat/sub-027S0835_ses-m18_acq-15T_T1w.nii.gz,/scratch/ishaan/adni_trillium/derivatives/bsc/027_S_0835_m18_2008-03-15,2008-04-02,1.5578370978781657,1.5
027_S_1045_sc_2006-11-17,027_S_1045,/project/rrg-mchakrav-ab/moncia/ADNI/bids_adni1/sub-027S1045/ses-sc/anat/sub-027S1045_ses-sc_acq-15T_T1w.nii.gz,/scratch/ishaan/adni_trillium/derivatives/bsc/027_S_1045_sc_2006-11-17,2006-11-03,0.0,1.5
027_S_1045_m06_2007-05-18,027_S_1045,/project/rrg-mchakrav-ab/moncia/ADNI/bids_adni1/sub-027S1045/ses-m06/anat/sub-027S1045_ses-m06_acq-15T_T1w.nii.gz,/scratch/ishaan/adni_trillium/derivatives/bsc/027_S_1045_m06_2007-05-18,2007-05-25,0.5557837097878165,1.5
027_S_1045_m18_2008-05-17,027_S_1045,/project/rrg-mchakrav-ab/moncia/ADNI/bids_adni1/sub-027S1045/ses-m18/anat/sub-027S1045_ses-m18_acq-15T_T1w.nii.gz,/scratch/ishaan/adni_trillium/derivatives/bsc/027_S_1045_m18_2008-05-17,2008-05-21,1.5468856947296372,1.5
027_S_1045_m24_2008-11-16,027_S_1045,/project/rrg-mchakrav-ab/moncia/ADNI/bids_adni1/sub-027S1045/ses-m24/anat/sub-027S1045_ses-m24_acq-15T_T1w.nii.gz,/scratch/ishaan/adni_trillium/derivatives/bsc/027_S_1045_m24_2008-11-16,2008-11-19,2.0451745379876796,1.5
027_S_1045_m36_2009-11-16,027_S_1045,/project/rrg-mchakrav-ab/moncia/ADNI/bids_adni1/sub-027S1045/ses-m36/anat/sub-027S1045_ses-m36_acq-15T_T1w.nii.gz,/scratch/ishaan/adni_trillium/derivatives/bsc/027_S_1045_m36_2009-11-16,2009-11-12,3.025325119780972,1.5
027_S_1277_bl_2007-02-21,027_S_1277,/project/rrg-mchakrav-ab/moncia/ADNI/bids_adni1/sub-027S1277/ses-bl/anat/sub-027S1277_ses-bl_acq-3T_T1w.nii.gz,/scratch/ishaan/adni_trillium/derivatives/bsc/027_S_1277_bl_2007-02-21,2007-02-09,0.0,1.5
027_S_1277_sc_2007-02-21,027_S_1277,/project/rrg-mchakrav-ab/moncia/ADNI/bids_adni1/sub-027S1277/ses-sc/anat/sub-027S1277_ses-sc_acq-15T_T1w.nii.gz,/scratch/ishaan/adni_trillium/derivatives/bsc/027_S_1277_sc_2007-02-21,2007-03-01,0.05475701574264202,2.9
027_S_1277_m06_2007-08-22,027_S_1277,/project/rrg-mchakrav-ab/moncia/ADNI/bids_adni1/sub-027S1277/ses-m06/anat/sub-027S1277_ses-m06_acq-3T_T1w.nii.gz,/scratch/ishaan/adni_trillium/derivatives/bsc/027_S_1277_m06_2007-08-22,2007-08-21,0.5284052019164955,2.9
027_S_1277_m12_2008-02-21,027_S_1277,/project/rrg-mchakrav-ab/moncia/ADNI/bids_adni1/sub-027S1277/ses-m12/anat/sub-027S1277_ses-m12_acq-15T_T1w.nii.gz,/scratch/ishaan/adni_trillium/derivatives/bsc/027_S_1277_m12_2008-02-21,2008-02-19,1.0266940451745379,1.5
027_S_1387_bl_2007-03-12,027_S_1387,/project/rrg-mchakrav-ab/moncia/ADNI/bids_adni1/sub-027S1387/ses-bl/anat/sub-027S1387_ses-bl_acq-3T_T1w.nii.gz,/scratch/ishaan/adni_trillium/derivatives/bsc/027_S_1387_bl_2007-03-12,2007-02-26,0.0,1.5
027_S_1387_sc_2007-03-12,027_S_1387,/project/rrg-mchakrav-ab/moncia/ADNI/bids_adni1/sub-027S1387/ses-sc/anat/sub-027S1387_ses-sc_acq-15T_T1w.nii.gz,/scratch/ishaan/adni_trillium/derivatives/bsc/027_S_1387_sc_2007-03-12,2007-03-19,0.057494866529774126,2.9
027_S_1387_m06_2007-09-10,027_S_1387,/project/rrg-mchakrav-ab/moncia/ADNI/bids_adni1/sub-027S1387/ses-m06/anat/sub-027S1387_ses-m06_acq-3T_T1w.nii.gz,/scratch/ishaan/adni_trillium/derivatives/bsc/027_S_1387_m06_2007-09-10,2007-09-24,0.5749486652977412,1.5
027_S_1387_m12_2008-03-11,027_S_1387,/project/rrg-mchakrav-ab/moncia/ADNI/bids_adni1/sub-027S1387/ses-m12/anat/sub-027S1387_ses-m12_acq-3T_T1w.nii.gz,/scratch/ishaan/adni_trillium/derivatives/bsc/027_S_1387_m12_2008-03-11,2008-03-11,1.0376454483230664,1.5
027_S_2183_m03_2011-03-04,027_S_2183,/project/rrg-mchakrav-ab/moncia/ADNI/bids_adni_go2/sub-027S2183/ses-m03/anat/sub-027S2183_ses-m03_acq-3Taccel_T1w.nii.gz,/scratch/ishaan/adni_trillium/derivatives/bsc/027_S_2183_m03_2011-03-04,2011-02-10,0.0,3.0
027_S_2183_m06_2011-06-03,027_S_2183,/project/rrg-mchakrav-ab/moncia/ADNI/bids_adni_go2/sub-027S2183/ses-m06/anat/sub-027S2183_ses-m06_acq-3Taccel_T1w.nii.gz,/scratch/ishaan/adni_trillium/derivatives/bsc/027_S_2183_m06_2011-06-03,2011-06-18,0.35044490075290896,3.0
027_S_2183_m12_2011-12-03,027_S_2183,/project/rrg-mchakrav-ab/moncia/ADNI/bids_adni_go2/sub-027S2183/ses-m12/anat/sub-027S2183_ses-m12_acq-3Taccel_T1w.nii.gz,/scratch/ishaan/adni_trillium/derivatives/bsc/027_S_2183_m12_2011-12-03,2011-11-22,0.7802874743326489,3.0
027_S_2183_m24_2012-12-02,027_S_2183,/project/rrg-mchakrav-ab/moncia/ADNI/bids_adni_go2/sub-027S2183/ses-m24/anat/sub-027S2183_ses-m24_acq-3Taccel_T1w.nii.gz,/scratch/ishaan/adni_trillium/derivatives/bsc/027_S_2183_m24_2012-12-02,2012-12-23,1.8672142368240932,3.0
027_S_2183_m36_2013-12-02,027_S_2183,/project/rrg-mchakrav-ab/moncia/ADNI/bids_adni_go2/sub-027S2183/ses-m36/anat/sub-027S2183_ses-m36_acq-3Taccel_T1w.nii.gz,/scratch/ishaan/adni_trillium/derivatives/bsc/027_S_2183_m36_2013-12-02,2013-12-18,2.8528405201916494,3.0
027_S_2183_m48_2014-12-03,027_S_2183,/project/rrg-mchakrav-ab/moncia/ADNI/bids_adni_go2/sub-027S2183/ses-m48/anat/sub-027S2183_ses-m48_acq-3Taccel_T1w.nii.gz,/scratch/ishaan/adni_trillium/derivatives/bsc/027_S_2183_m48_2014-12-03,2015-01-21,3.9452429842573578,3.0
027_S_2183_m60_2015-12-03,027_S_2183,/project/rrg-mchakrav-ab/moncia/ADNI/bids_adni_go2/sub-027S2183/ses-m60/anat/sub-027S2183_ses-m60_acq-3Taccel_T1w.nii.gz,/scratch/ishaan/adni_trillium/derivatives/bsc/027_S_2183_m60_2015-12-03,2016-01-19,4.939082819986311,3.0
027_S_2219_m03_2011-03-21,027_S_2219,/project/rrg-mchakrav-ab/moncia/ADNI/bids_adni_go2/sub-027S2219/ses-m03/anat/sub-027S2219_ses-m03_acq-3Taccel_T1w.nii.gz,/scratch/ishaan/adni_trillium/derivatives/bsc/027_S_2219_m03_2011-03-21,2011-03-03,0.0,3.0
027_S_2219_m06_2011-06-20,027_S_2219,/project/rrg-mchakrav-ab/moncia/ADNI/bids_adni_go2/sub-027S2219/ses-m06/anat/sub-027S2219_ses-m06_acq-3Taccel_T1w.nii.gz,/scratch/ishaan/adni_trillium/derivatives/bsc/027_S_2219_m06_2011-06-20,2011-05-09,0.1834360027378508,3.0
027_S_2219_m12_2011-12-20,027_S_2219,/project/rrg-mchakrav-ab/moncia/ADNI/bids_adni_go2/sub-027S2219/ses-m12/anat/sub-027S2219_ses-m12_acq-3Taccel_T1w.nii.gz,/scratch/ishaan/adni_trillium/derivatives/bsc/027_S_2219_m12_2011-12-20,2011-12-06,0.7611225188227242,3.0
027_S_2219_m24_2012-12-19,027_S_2219,/project/rrg-mchakrav-ab/moncia/ADNI/bids_adni_go2/sub-027S2219/ses-m24/anat/sub-027S2219_ses-m24_acq-3Taccel_T1w.nii.gz,/scratch/ishaan/adni_trillium/derivatives/bsc/027_S_2219_m24_2012-12-19,2012-12-28,1.8234086242299794,3.0
027_S_2219_m36_2013-12-19,027_S_2219,/project/rrg-mchakrav-ab/moncia/ADNI/bids_adni_go2/sub-027S2219/ses-m36/anat/sub-027S2219_ses-m36_acq-3Taccel_T1w.nii.gz,/scratch/ishaan/adni_trillium/derivatives/bsc/027_S_2219_m36_2013-12-19,2013-12-27,2.8199863107460645,3.0
027_S_2219_m48_2014-12-20,027_S_2219,/project/rrg-mchakrav-ab/moncia/ADNI/bids_adni_go2/sub-027S2219/ses-m48/anat/sub-027S2219_ses-m48_acq-3Taccel_T1w.nii.gz,/scratch/ishaan/adni_trillium/derivatives/bsc/027_S_2219_m48_2014-12-20,2015-01-07,3.8494182067077345,3.0
027_S_2219_m72_2016-12-19,027_S_2219,/project/rrg-mchakrav-ab/moncia/ADNI/bids_adni3/sub-027S2219/ses-m72/anat/sub-027S2219_ses-m72_acq-3T_T1w.nii.gz,/scratch/ishaan/adni_trillium/derivatives/bsc/027_S_2219_m72_2016-12-19,2017-04-19,6.1300479123887746,3.0
027_S_2219_m84_2017-12-19,027_S_2219,/project/rrg-mchakrav-ab/moncia/ADNI/bids_adni3/sub-027S2219/ses-m84/anat/sub-027S2219_ses-m84_acq-3T_T1w.nii.gz,/scratch/ishaan/adni_trillium/derivatives/bsc/027_S_2219_m84_2017-12-19,2018-02-06,6.93223819301848,3.0
027_S_2219_m96_2018-12-20,027_S_2219,/project/rrg-mchakrav-ab/moncia/ADNI/bids_adni3/sub-027S2219/ses-m96/anat/sub-027S2219_ses-m96_acq-3T_T1w.nii.gz,/scratch/ishaan/adni_trillium/derivatives/bsc/027_S_2219_m96_2018-12-20,2019-02-07,7.9342915811088295,3.0
027_S_2219_m108_2019-12-20,027_S_2219,/project/rrg-mchakrav-ab/moncia/ADNI/bids_adni3/sub-027S2219/ses-m108/anat/sub-027S2219_ses-m108_acq-3T_T1w.nii.gz,/scratch/ishaan/adni_trillium/derivatives/bsc/027_S_2219_m108_2019-12-20,2020-01-27,8.903490759753593,3.0
027_S_4873_m03_2012-10-18,027_S_4873,/project/rrg-mchakrav-ab/moncia/ADNI/bids_adni_go2/sub-027S4873/ses-m03/anat/sub-027S4873_ses-m03_acq-3Taccel_T1w.nii.gz,/scratch/ishaan/adni_trillium/derivatives/bsc/027_S_4873_m03_2012-10-18,2012-11-13,0.0,3.0
027_S_4873_m06_2013-01-17,027_S_4873,/project/rrg-mchakrav-ab/moncia/ADNI/bids_adni_go2/sub-027S4873/ses-m06/anat/sub-027S4873_ses-m06_acq-3Taccel_T1w.nii.gz,/scratch/ishaan/adni_trillium/derivatives/bsc/027_S_4873_m06_2013-01-17,2013-02-25,0.28473648186173856,3.0
027_S_4873_m12_2013-07-19,027_S_4873,/project/rrg-mchakrav-ab/moncia/ADNI/bids_adni_go2/sub-027S4873/ses-m12/anat/sub-027S4873_ses-m12_acq-3Taccel_T1w.nii.gz,/scratch/ishaan/adni_trillium/derivatives/bsc/027_S_4873_m12_2013-07-19,2013-12-30,1.1279945242984257,3.0
027_S_4873_m24_2014-07-19,027_S_4873,/project/rrg-mchakrav-ab/moncia/ADNI/bids_adni_go2/sub-027S4873/ses-m24/anat/sub-027S4873_ses-m24_acq-3Taccel_T1w.nii.gz,/scratch/ishaan/adni_trillium/derivatives/bsc/027_S_4873_m24_2014-07-19,2014-08-14,1.7494866529774127,3.0
027_S_4919_m03_2012-11-22,027_S_4919,/project/rrg-mchakrav-ab/moncia/ADNI/bids_adni_go2/sub-027S4919/ses-m03/anat/sub-027S4919_ses-m03_acq-3Taccel_T1w.nii.gz,/scratch/ishaan/adni_trillium/derivatives/bsc/027_S_4919_m03_2012-11-22,2012-12-04,0.0,3.0
027_S_4919_m06_2013-02-21,027_S_4919,/project/rrg-mchakrav-ab/moncia/ADNI/bids_adni_go2/sub-027S4919/ses-m06/anat/sub-027S4919_ses-m06_acq-3Taccel_T1w.nii.gz,/scratch/ishaan/adni_trillium/derivatives/bsc/027_S_4919_m06_2013-02-21,2013-03-21,0.2929500342231348,3.0
027_S_4919_m12_2013-08-23,027_S_4919,/project/rrg-mchakrav-ab/moncia/ADNI/bids_adni_go2/sub-027S4919/ses-m12/anat/sub-027S4919_ses-m12_acq-3Taccel_T1w.nii.gz,/scratch/ishaan/adni_trillium/derivatives/bsc/027_S_4919_m12_2013-08-23,2013-09-26,0.810403832991102,3.0
027_S_4919_m24_2014-08-23,027_S_4919,/project/rrg-mchakrav-ab/moncia/ADNI/bids_adni_go2/sub-027S4919/ses-m24/anat/sub-027S4919_ses-m24_acq-3Taccel_T1w.nii.gz,/scratch/ishaan/adni_trillium/derivatives/bsc/027_S_4919_m24_2014-08-23,2014-09-09,1.7631759069130732,3.0
027_S_4919_m36_2015-08-23,027_S_4919,/project/rrg-mchakrav-ab/moncia/ADNI/bids_adni_go2/sub-027S4919/ses-m36/anat/sub-027S4919_ses-m36_acq-3Taccel_T1w.nii.gz,/scratch/ishaan/adni_trillium/derivatives/bsc/027_S_4919_m36_2015-08-23,2015-12-17,3.033538672142368,3.0
027_S_4919_m48_2016-08-23,027_S_4919,/project/rrg-mchakrav-ab/moncia/ADNI/bids_adni3/sub-027S4919/ses-m48/anat/sub-027S4919_ses-m48_acq-3T_T1w.nii.gz,/scratch/ishaan/adni_trillium/derivatives/bsc/027_S_4919_m48_2016-08-23,2017-01-31,4.158795345653662,3.0
027_S_4919_m60_2017-08-23,027_S_4919,/project/rrg-mchakrav-ab/moncia/ADNI/bids_adni3/sub-027S4919/ses-m60/anat/sub-027S4919_ses-m60_acq-3T_T1w.nii.gz,/scratch/ishaan/adni_trillium/derivatives/bsc/027_S_4919_m60_2017-08-23,2017-12-14,5.026694045174538,3.0
027_S_4919_m78_2019-02-22,027_S_4919,/project/rrg-mchakrav-ab/moncia/ADNI/bids_adni3/sub-027S4919/ses-m78/anat/sub-027S4919_ses-m78_acq-3T_T1w.nii.gz,/scratch/ishaan/adni_trillium/derivatives/bsc/027_S_4919_m78_2019-02-22,2019-01-09,6.09719370294319,3.0
027_S_4919_m90_2020-02-22,027_S_4919,/project/rrg-mchakrav-ab/moncia/ADNI/bids_adni3/sub-027S4919/ses-m90/anat/sub-027S4919_ses-m90_acq-3T_T1w.nii.gz,/scratch/ishaan/adni_trillium/derivatives/bsc/027_S_4919_m90_2020-02-22,2020-01-28,7.148528405201916,3.0
027_S_4919_m102_2021-02-21,027_S_4919,/project/rrg-mchakrav-ab/moncia/ADNI/bids_adni3/sub-027S4919/ses-m102/anat/sub-027S4919_ses-m102_acq-3T_T1w.nii.gz,/scratch/ishaan/adni_trillium/derivatives/bsc/027_S_4919_m102_2021-02-21,2021-01-12,8.106776180698152,3.0
027_S_4919_m114_2022-02-22,027_S_4919,/project/rrg-mchakrav-ab/moncia/ADNI/bids_adni3/sub-027S4919/ses-m114/anat/sub-027S4919_ses-m114_acq-3T_T1w.nii.gz,/scratch/ishaan/adni_trillium/derivatives/bsc/027_S_4919_m114_2022-02-22,2022-01-31,9.158110882956878,3.0
027_S_4926_m03_2012-11-27,027_S_4926,/project/rrg-mchakrav-ab/moncia/ADNI/bids_adni_go2/sub-027S4926/ses-m03/anat/sub-027S4926_ses-m03_acq-3Taccel_T1w.nii.gz,/scratch/ishaan/adni_trillium/derivatives/bsc/027_S_4926_m03_2012-11-27,2012-12-18,0.0,3.0
027_S_4926_m06_2013-02-26,027_S_4926,/project/rrg-mchakrav-ab/moncia/ADNI/bids_adni_go2/sub-027S4926/ses-m06/anat/sub-027S4926_ses-m06_acq-3Taccel_T1w.nii.gz,/scratch/ishaan/adni_trillium/derivatives/bsc/027_S_4926_m06_2013-02-26,2013-03-14,0.23545516769336072,3.0
027_S_4926_m12_2013-08-28,027_S_4926,/project/rrg-mchakrav-ab/moncia/ADNI/bids_adni_go2/sub-027S4926/ses-m12/anat/sub-027S4926_ses-m12_acq-3Taccel_T1w.nii.gz,/scratch/ishaan/adni_trillium/derivatives/bsc/027_S_4926_m12_2013-08-28,2013-10-09,0.8076659822039699,3.0
027_S_4926_m24_2014-08-28,027_S_4926,/project/rrg-mchakrav-ab/moncia/ADNI/bids_adni_go2/sub-027S4926/ses-m24/anat/sub-027S4926_ses-m24_acq-3Taccel_T1w.nii.gz,/scratch/ishaan/adni_trillium/derivatives/bsc/027_S_4926_m24_2014-08-28,2014-10-24,1.8480492813141685,3.0
027_S_4926_m36_2015-08-28,027_S_4926,/project/rrg-mchakrav-ab/moncia/ADNI/bids_adni_go2/sub-027S4926/ses-m36/anat/sub-027S4926_ses-m36_acq-3Taccel_T1w.nii.gz,/scratch/ishaan/adni_trillium/derivatives/bsc/027_S_4926_m36_2015-08-28,2015-11-19,2.91854893908282,3.0
029_S_0914_sc_2007-01-03,029_S_0914,/project/rrg-mchakrav-ab/moncia/ADNI/bids_adni1/sub-029S0914/ses-sc/anat/sub-029S0914_ses-sc_acq-15T_T1w.nii.gz,/scratch/ishaan/adni_trillium/derivatives/bsc/029_S_0914_sc_2007-01-03,2006-12-18,0.0,1.5
029_S_0914_m06_2007-07-04,029_S_0914,/project/rrg-mchakrav-ab/moncia/ADNI/bids_adni1/sub-029S0914/ses-m06/anat/sub-029S0914_ses-m06_acq-15T_T1w.nii.gz,/scratch/ishaan/adni_trillium/derivatives/bsc/029_S_0914_m06_2007-07-04,2007-07-11,0.5612594113620808,1.5
029_S_0914_m18_2008-07-03,029_S_0914,/project/rrg-mchakrav-ab/moncia/ADNI/bids_adni1/sub-029S0914/ses-m18/anat/sub-029S0914_ses-m18_acq-15T_T1w.nii.gz,/scratch/ishaan/adni_trillium/derivatives/bsc/029_S_0914_m18_2008-07-03,2008-07-03,1.541409993155373,1.5
029_S_0914_m24_2009-01-02,029_S_0914,/project/rrg-mchakrav-ab/moncia/ADNI/bids_adni1/sub-029S0914/ses-m24/anat/sub-029S0914_ses-m24_acq-15T_T1w.nii.gz,/scratch/ishaan/adni_trillium/derivatives/bsc/029_S_0914_m24_2009-01-02,2009-01-13,2.0725530458590007,1.5
029_S_0914_m36_2010-01-02,029_S_0914,/project/rrg-mchakrav-ab/moncia/ADNI/bids_adni1/sub-029S0914/ses-m36/anat/sub-029S0914_ses-m36_acq-15T_T1w.nii.gz,/scratch/ishaan/adni_trillium/derivatives/bsc/029_S_0914_m36_2010-01-02,2010-02-04,3.132101300479124,1.5
029_S_1073_sc_2006-12-07,029_S_1073,/project/rrg-mchakrav-ab/moncia/ADNI/bids_adni1/sub-029S1073/ses-sc/anat/sub-029S1073_ses-sc_acq-15T_T1w.nii.gz,/scratch/ishaan/adni_trillium/derivatives/bsc/029_S_1073_sc_2006-12-07,2006-11-21,0.0,1.5
029_S_1073_m12_2007-12-07,029_S_1073,/project/rrg-mchakrav-ab/moncia/ADNI/bids_adni1/sub-029S1073/ses-m12/anat/sub-029S1073_ses-m12_acq-15T_T1w.nii.gz,/scratch/ishaan/adni_trillium/derivatives/bsc/029_S_1073_m12_2007-12-07,2007-12-10,1.051334702258727,1.5
029_S_1073_m18_2008-06-06,029_S_1073,/project/rrg-mchakrav-ab/moncia/ADNI/bids_adni1/sub-029S1073/ses-m18/anat/sub-029S1073_ses-m18_acq-15T_T1w.nii.gz,/scratch/ishaan/adni_trillium/derivatives/bsc/029_S_1073_m18_2008-06-06,2008-05-02,1.4455852156057496,1.5
029_S_1073_m24_2008-12-06,029_S_1073,/project/rrg-mchakrav-ab/moncia/ADNI/bids_adni1/sub-029S1073/ses-m24/anat/sub-029S1073_ses-m24_acq-15T_T1w.nii.gz,/scratch/ishaan/adni_trillium/derivatives/bsc/029_S_1073_m24_2008-12-06,2008-12-08,2.0479123887748116,1.5
029_S_1218_sc_2007-02-08,029_S_1218,/project/rrg-mchakrav-ab/moncia/ADNI/bids_adni1/sub-029S1218/ses-sc/anat/sub-029S1218_ses-sc_acq-15T_T1w.nii.gz,/scratch/ishaan/adni_trillium/derivatives/bsc/029_S_1218_sc_2007-02-08,2007-01-23,0.0,1.5
029_S_1218_m18_2008-08-08,029_S_1218,/project/rrg-mchakrav-ab/moncia/ADNI/bids_adni1/sub-029S1218/ses-m18/anat/sub-029S1218_ses-m18_acq-15T_T1w.nii.gz,/scratch/ishaan/adni_trillium/derivatives/bsc/029_S_1218_m18_2008-08-08,2008-08-15,1.5605749486652978,1.5
029_S_1218_m24_2009-02-07,029_S_1218,/project/rrg-mchakrav-ab/moncia/ADNI/bids_adni1/sub-029S1218/ses-m24/anat/sub-029S1218_ses-m24_acq-15T_T1w.nii.gz,/scratch/ishaan/adni_trillium/derivatives/bsc/029_S_1218_m24_2009-02-07,2009-03-13,2.135523613963039,1.5
029_S_1218_m36_2010-02-07,029_S_1218,/project/rrg-mchakrav-ab/moncia/ADNI/bids_adni1/sub-029S1218/ses-m36/anat/sub-029S1218_ses-m36_acq-15T_T1w.nii.gz,/scratch/ishaan/adni_trillium/derivatives/bsc/029_S_1218_m36_2010-02-07,2010-02-02,3.028062970568104,1.5
029_S_1318_sc_2007-04-05,029_S_1318,/project/rrg-mchakrav-ab/moncia/ADNI/bids_adni1/sub-029S1318/ses-sc/anat/sub-029S1318_ses-sc_acq-15T_T1w.nii.gz,/scratch/ishaan/adni_trillium/derivatives/bsc/029_S_1318_sc_2007-04-05,2007-02-17,0.0,1.5
029_S_1318_m12_2008-04-04,029_S_1318,/project/rrg-mchakrav-ab/moncia/ADNI/bids_adni1/sub-029S1318/ses-m12/anat/sub-029S1318_ses-m12_acq-15T_T1w.nii.gz,/scratch/ishaan/adni_trillium/derivatives/bsc/029_S_1318_m12_2008-04-04,2008-05-05,1.212867898699521,1.5
029_S_1318_m18_2008-10-03,029_S_1318,/project/rrg-mchakrav-ab/moncia/ADNI/bids_adni1/sub-029S1318/ses-m18/anat/sub-029S1318_ses-m18_acq-15T_T1w.nii.gz,/scratch/ishaan/adni_trillium/derivatives/bsc/029_S_1318_m18_2008-10-03,2009-01-16,1.9137577002053388,1.5
029_S_1318_m24_2009-04-04,029_S_1318,/project/rrg-mchakrav-ab/moncia/ADNI/bids_adni1/sub-029S1318/ses-m24/anat/sub-029S1318_ses-m24_acq-15T_T1w.nii.gz,/scratch/ishaan/adni_trillium/derivatives/bsc/029_S_1318_m24_2009-04-04,2009-05-04,2.209445585215606,1.5
029_S_1318_m36_2010-04-04,029_S_1318,/project/rrg-mchakrav-ab/moncia/ADNI/bids_adni1/sub-029S1318/ses-m36/anat/sub-029S1318_ses-m36_acq-15T_T1w.nii.gz,/scratch/ishaan/adni_trillium/derivatives/bsc/029_S_1318_m36_2010-04-04,2010-05-11,3.2279260780287475,1.5
029_S_2376_m03_2011-10-18,029_S_2376,/project/rrg-mchakrav-ab/moncia/ADNI/bids_adni_go2/sub-029S2376/ses-m03/anat/sub-029S2376_ses-m03_acq-3Taccel_T1w.nii.gz,/scratch/ishaan/adni_trillium/derivatives/bsc/029_S_2376_m03_2011-10-18,2011-10-10,0.0,3.0
029_S_2376_m06_2012-01-17,029_S_2376,/project/rrg-mchakrav-ab/moncia/ADNI/bids_adni_go2/sub-029S2376/ses-m06/anat/sub-029S2376_ses-m06_acq-3Taccel_T1w.nii.gz,/scratch/ishaan/adni_trillium/derivatives/bsc/029_S_2376_m06_2012-01-17,2011-12-05,0.15331964407939766,3.0
029_S_2376_m12_2012-07-18,029_S_2376,/project/rrg-mchakrav-ab/moncia/ADNI/bids_adni_go2/sub-029S2376/ses-m12/anat/sub-029S2376_ses-m12_acq-3Taccel_T1w.nii.gz,/scratch/ishaan/adni_trillium/derivatives/bsc/029_S_2376_m12_2012-07-18,2012-07-31,0.8076659822039699,3.0
029_S_2376_m24_2013-07-18,029_S_2376,/project/rrg-mchakrav-ab/moncia/ADNI/bids_adni_go2/sub-029S2376/ses-m24/anat/sub-029S2376_ses-m24_acq-3Taccel_T1w.nii.gz,/scratch/ishaan/adni_trillium/derivatives/bsc/029_S_2376_m24_2013-07-18,2013-07-15,1.7631759069130732,3.0
029_S_2395_m03_2011-12-01,029_S_2395,/project/rrg-mchakrav-ab/moncia/ADNI/bids_adni_go2/sub-029S2395/ses-m03/anat/sub-029S2395_ses-m03_acq-3Taccel_T1w.nii.gz,/scratch/ishaan/adni_trillium/derivatives/bsc/029_S_2395_m03_2011-12-01,2011-11-23,0.0,3.0
029_S_2395_m06_2012-03-01,029_S_2395,/project/rrg-mchakrav-ab/moncia/ADNI/bids_adni_go2/sub-029S2395/ses-m06/anat/sub-029S2395_ses-m06_acq-3Taccel_T1w.nii.gz,/scratch/ishaan/adni_trillium/derivatives/bsc/029_S_2395_m06_2012-03-01,2012-02-20,0.243668720054757,3.0
029_S_2395_m12_2012-08-31,029_S_2395,/project/rrg-mchakrav-ab/moncia/ADNI/bids_adni_go2/sub-029S2395/ses-m12/anat/sub-029S2395_ses-m12_acq-3Taccel_T1w.nii.gz,/scratch/ishaan/adni_trillium/derivatives/bsc/029_S_2395_m12_2012-08-31,2012-08-22,0.7474332648870636,3.0
029_S_2395_m24_2013-08-31,029_S_2395,/project/rrg-mchakrav-ab/moncia/ADNI/bids_adni_go2/sub-029S2395/ses-m24/anat/sub-029S2395_ses-m24_acq-3Taccel_T1w.nii.gz,/scratch/ishaan/adni_trillium/derivatives/bsc/029_S_2395_m24_2013-08-31,2013-08-13,1.7221081451060918,3.0
029_S_2395_m60_2016-08-31,029_S_2395,/project/rrg-mchakrav-ab/moncia/ADNI/bids_adni_go2/sub-029S2395/ses-m60/anat/sub-029S2395_ses-m60_acq-3Tunaccel_T1w.nii.gz,/scratch/ishaan/adni_trillium/derivatives/bsc/029_S_2395_m60_2016-08-31,2016-04-14,4.39151266255989,3.0
029_S_2395_m78_2018-03-02,029_S_2395,/project/rrg-mchakrav-ab/moncia/ADNI/bids_adni3/sub-029S2395/ses-m78/anat/sub-029S2395_ses-m78_acq-3T_T1w.nii.gz,/scratch/ishaan/adni_trillium/derivatives/bsc/029_S_2395_m78_2018-03-02,2018-03-20,6.321697467488022,3.0
029_S_2395_m90_2019-03-02,029_S_2395,/project/rrg-mchakrav-ab/moncia/ADNI/bids_adni3/sub-029S2395/ses-m90/anat/sub-029S2395_ses-m90_acq-3T_T1w.nii.gz,/scratch/ishaan/adni_trillium/derivatives/bsc/029_S_2395_m90_2019-03-02,2019-03-21,7.323750855578371,3.0
029_S_2395_m102_2020-03-01,029_S_2395,/project/rrg-mchakrav-ab/moncia/ADNI/bids_adni3/sub-029S2395/ses-m102/anat/sub-029S2395_ses-m102_acq-3T_T1w.nii.gz,/scratch/ishaan/adni_trillium/derivatives/bsc/029_S_2395_m102_2020-03-01,2020-03-01,8.271047227926077,
031_S_0351_m06_2006-11-08,031_S_0351,/project/rrg-mchakrav-ab/moncia/ADNI/bids_adni1/sub-031S0351/ses-m06/anat/sub-031S0351_ses-m06_acq-15T_T1w.nii.gz,/scratch/ishaan/adni_trillium/derivatives/bsc/031_S_0351_m06_2006-11-08,2006-11-02,0.0,1.5
031_S_0351_m12_2007-05-10,031_S_0351,/project/rrg-mchakrav-ab/moncia/ADNI/bids_adni1/sub-031S0351/ses-m12/anat/sub-031S0351_ses-m12_acq-15T_T1w.nii.gz,/scratch/ishaan/adni_trillium/derivatives/bsc/031_S_0351_m12_2007-05-10,2007-05-14,0.5284052019164955,1.5
031_S_0351_m24_2008-05-09,031_S_0351,/project/rrg-mchakrav-ab/moncia/ADNI/bids_adni1/sub-031S0351/ses-m24/anat/sub-031S0351_ses-m24_acq-15T_T1w.nii.gz,/scratch/ishaan/adni_trillium/derivatives/bsc/031_S_0351_m24_2008-05-09,2008-04-21,1.4674880219028064,1.5
031_S_0351_m36_2009-05-09,031_S_0351,/project/rrg-mchakrav-ab/moncia/ADNI/bids_adni1/sub-031S0351/ses-m36/anat/sub-031S0351_ses-m36_acq-15T_T1w.nii.gz,/scratch/ishaan/adni_trillium/derivatives/bsc/031_S_0351_m36_2009-05-09,2009-04-27,2.4832306639288158,1.5
031_S_0830_bl_2006-09-21,031_S_0830,/project/rrg-mchakrav-ab/moncia/ADNI/bids_adni1/sub-031S0830/ses-bl/anat/sub-031S0830_ses-bl_acq-3T_T1w.nii.gz,/scratch/ishaan/adni_trillium/derivatives/bsc/031_S_0830_bl_2006-09-21,2006-09-13,0.0,1.5
031_S_0830_sc_2006-09-21,031_S_0830,/project/rrg-mchakrav-ab/moncia/ADNI/bids_adni1/sub-031S0830/ses-sc/anat/sub-031S0830_ses-sc_acq-15T_T1w.nii.gz,/scratch/ishaan/adni_trillium/derivatives/bsc/031_S_0830_sc_2006-09-21,2006-09-21,0.02190280629705681,3.0
031_S_0830_m06_2007-03-22,031_S_0830,/project/rrg-mchakrav-ab/moncia/ADNI/bids_adni1/sub-031S0830/ses-m06/anat/sub-031S0830_ses-m06_acq-15T_T1w.nii.gz,/scratch/ishaan/adni_trillium/derivatives/bsc/031_S_0830_m06_2007-03-22,2007-04-03,0.5530458590006845,1.5
031_S_0830_m18_2008-03-21,031_S_0830,/project/rrg-mchakrav-ab/moncia/ADNI/bids_adni1/sub-031S0830/ses-m18/anat/sub-031S0830_ses-m18_acq-15T_T1w.nii.gz,/scratch/ishaan/adni_trillium/derivatives/bsc/031_S_0830_m18_2008-03-21,2008-03-24,1.5277207392197125,3.0
031_S_0830_m24_2008-09-20,031_S_0830,/project/rrg-mchakrav-ab/moncia/ADNI/bids_adni1/sub-031S0830/ses-m24/anat/sub-031S0830_ses-m24_acq-15T_T1w.nii.gz,/scratch/ishaan/adni_trillium/derivatives/bsc/031_S_0830_m24_2008-09-20,2008-09-25,2.0342231348391513,3.0
031_S_0830_m36_2009-09-20,031_S_0830,/project/rrg-mchakrav-ab/moncia/ADNI/bids_adni1/sub-031S0830/ses-m36/anat/sub-031S0830_ses-m36_acq-15T_T1w.nii.gz,/scratch/ishaan/adni_trillium/derivatives/bsc/031_S_0830_m36_2009-09-20,2009-09-21,3.02258726899384,3.0
031_S_0867_sc_2006-10-03,031_S_0867,/project/rrg-mchakrav-ab/moncia/ADNI/bids_adni1/sub-031S0867/ses-sc/anat/sub-031S0867_ses-sc_acq-15T_T1w.nii.gz,/scratch/ishaan/adni_trillium/derivatives/bsc/031_S_0867_sc_2006-10-03,2006-09-20,0.0,1.5
031_S_0867_m06_2007-04-03,031_S_0867,/project/rrg-mchakrav-ab/moncia/ADNI/bids_adni1/sub-031S0867/ses-m06/anat/sub-031S0867_ses-m06_acq-15T_T1w.nii.gz,/scratch/ishaan/adni_trillium/derivatives/bsc/031_S_0867_m06_2007-04-03,2007-04-09,0.5503080082135524,1.5
031_S_0867_m18_2008-04-02,031_S_0867,/project/rrg-mchakrav-ab/moncia/ADNI/bids_adni1/sub-031S0867/ses-m18/anat/sub-031S0867_ses-m18_acq-15T_T1w.nii.gz,/scratch/ishaan/adni_trillium/derivatives/bsc/031_S_0867_m18_2008-04-02,2008-04-07,1.5468856947296372,1.5
031_S_0867_m24_2008-10-02,031_S_0867,/project/rrg-mchakrav-ab/moncia/ADNI/bids_adni1/sub-031S0867/ses-m24/anat/sub-031S0867_ses-m24_acq-15T_T1w.nii.gz,/scratch/ishaan/adni_trillium/derivatives/bsc/031_S_0867_m24_2008-10-02,2008-09-22,2.00684462696783,1.5
031_S_0867_m36_2009-10-02,031_S_0867,/project/rrg-mchakrav-ab/moncia/ADNI/bids_adni1/sub-031S0867/ses-m36/anat/sub-031S0867_ses-m36_acq-15T_T1w.nii.gz,/scratch/ishaan/adni_trillium/derivatives/bsc/031_S_0867_m36_2009-10-02,2009-09-21,3.0034223134839153,1.5
031_S_2022_m03_2010-11-29,031_S_2022,/project/rrg-mchakrav-ab/moncia/ADNI/bids_adni_go2/sub-031S2022/ses-m03/anat/sub-031S2022_ses-m03_acq-3Taccel_T1w.nii.gz,/scratch/ishaan/adni_trillium/derivatives/bsc/031_S_2022_m03_2010-11-29,2010-10-12,0.0,3.0
031_S_2022_m06_2011-02-28,031_S_2022,/project/rrg-mchakrav-ab/moncia/ADNI/bids_adni_go2/sub-031S2022/ses-m06/anat/sub-031S2022_ses-m06_acq-3Taccel_T1w.nii.gz,/scratch/ishaan/adni_trillium/derivatives/bsc/031_S_2022_m06_2011-02-28,2011-02-15,0.34496919917864477,3.0
031_S_2022_m12_2011-08-30,031_S_2022,/project/rrg-mchakrav-ab/moncia/ADNI/bids_adni_go2/sub-031S2022/ses-m12/anat/sub-031S2022_ses-m12_acq-3Taccel_T1w.nii.gz,/scratch/ishaan/adni_trillium/derivatives/bsc/031_S_2022_m12_2011-08-30,2011-07-14,0.7529089664613279,3.0
031_S_2022_m24_2012-08-29,031_S_2022,/project/rrg-mchakrav-ab/moncia/ADNI/bids_adni_go2/sub-031S2022/ses-m24/anat/sub-031S2022_ses-m24_acq-3Taccel_T1w.nii.gz,/scratch/ishaan/adni_trillium/derivatives/bsc/031_S_2022_m24_2012-08-29,2012-07-19,1.7686516084873374,3.0
031_S_2022_m36_2013-08-29,031_S_2022,/project/rrg-mchakrav-ab/moncia/ADNI/bids_adni_go2/sub-031S2022/ses-m36/anat/sub-031S2022_ses-m36_acq-3Taccel_T1w.nii.gz,/scratch/ishaan/adni_trillium/derivatives/bsc/031_S_2022_m36_2013-08-29,2013-07-25,2.784394250513347,3.0
031_S_4029_m03_2011-07-18,031_S_4029,/project/rrg-mchakrav-ab/moncia/ADNI/bids_adni_go2/sub-031S4029/ses-m03/anat/sub-031S4029_ses-m03_acq-3Taccel_T1w.nii.gz,/scratch/ishaan/adni_trillium/derivatives/bsc/031_S_4029_m03_2011-07-18,2011-08-08,0.0,3.0
031_S_4029_m06_2011-10-17,031_S_4029,/project/rrg-mchakrav-ab/moncia/ADNI/bids_adni_go2/sub-031S4029/ses-m06/anat/sub-031S4029_ses-m06_acq-3Taccel_T1w.nii.gz,/scratch/ishaan/adni_trillium/derivatives/bsc/031_S_4029_m06_2011-10-17,2011-11-10,0.25735797399041754,3.0
031_S_4029_m12_2012-04-17,031_S_4029,/project/rrg-mchakrav-ab/moncia/ADNI/bids_adni_go2/sub-031S4029/ses-m12/anat/sub-031S4029_ses-m12_acq-3Taccel_T1w.nii.gz,/scratch/ishaan/adni_trillium/derivatives/bsc/031_S_4029_m12_2012-04-17,2012-05-17,0.7748117727583846,3.0
031_S_4029_m24_2013-04-17,031_S_4029,/project/rrg-mchakrav-ab/moncia/ADNI/bids_adni_go2/sub-031S4029/ses-m24/anat/sub-031S4029_ses-m24_acq-3Taccel_T1w.nii.gz,/scratch/ishaan/adni_trillium/derivatives/bsc/031_S_4029_m24_2013-04-17,2013-04-26,1.7166324435318274,3.0
031_S_4149_m03_2011-10-28,031_S_4149,/project/rrg-mchakrav-ab/moncia/ADNI/bids_adni_go2/sub-031S4149/ses-m03/anat/sub-031S4149_ses-m03_acq-3Taccel_T1w.nii.gz,/scratch/ishaan/adni_trillium/derivatives/bsc/031_S_4149_m03_2011-10-28,2011-11-03,0.0,3.0
031_S_4149_m06_2012-01-27,031_S_4149,/project/rrg-mchakrav-ab/moncia/ADNI/bids_adni_go2/sub-031S4149/ses-m06/anat/sub-031S4149_ses-m06_acq-3Taccel_T1w.nii.gz,/scratch/ishaan/adni_trillium/derivatives/bsc/031_S_4149_m06_2012-01-27,2012-02-09,0.2683093771389459,3.0
031_S_4149_m12_2012-07-28,031_S_4149,/project/rrg-mchakrav-ab/moncia/ADNI/bids_adni_go2/sub-031S4149/ses-m12/anat/sub-031S4149_ses-m12_acq-3Taccel_T1w.nii.gz,/scratch/ishaan/adni_trillium/derivatives/bsc/031_S_4149_m12_2012-07-28,2012-08-31,0.8268309377138946,3.0
031_S_4149_m24_2013-07-28,031_S_4149,/project/rrg-mchakrav-ab/moncia/ADNI/bids_adni_go2/sub-031S4149/ses-m24/anat/sub-031S4149_ses-m24_acq-3Taccel_T1w.nii.gz,/scratch/ishaan/adni_trillium/derivatives/bsc/031_S_4149_m24_2013-07-28,2013-08-23,1.8042436687200547,3.0
031_S_4194_m03_2011-11-16,031_S_4194,/project/rrg-mchakrav-ab/moncia/ADNI/bids_adni_go2/sub-031S4194/ses-m03/anat/sub-031S4194_ses-m03_acq-3Taccel_T1w.nii.gz,/scratch/ishaan/adni_trillium/derivatives/bsc/031_S_4194_m03_2011-11-16,2011-12-01,0.0,3.0
031_S_4194_m06_2012-02-15,031_S_4194,/project/rrg-mchakrav-ab/moncia/ADNI/bids_adni_go2/sub-031S4194/ses-m06/anat/sub-031S4194_ses-m06_acq-3Taccel_T1w.nii.gz,/scratch/ishaan/adni_trillium/derivatives/bsc/031_S_4194_m06_2012-02-15,2012-02-28,0.243668720054757,3.0
031_S_4194_m12_2012-08-16,031_S_4194,/project/rrg-mchakrav-ab/moncia/ADNI/bids_adni_go2/sub-031S4194/ses-m12/anat/sub-031S4194_ses-m12_acq-3Taccel_T1w.nii.gz,/scratch/ishaan/adni_trillium/derivatives/bsc/031_S_4194_m12_2012-08-16,2012-09-24,0.8158795345653662,3.0
031_S_4194_m24_2013-08-16,031_S_4194,/project/rrg-mchakrav-ab/moncia/ADNI/bids_adni_go2/sub-031S4194/ses-m24/anat/sub-031S4194_ses-m24_acq-3Taccel_T1w.nii.gz,/scratch/ishaan/adni_trillium/derivatives/bsc/031_S_4194_m24_2013-08-16,2013-09-05,1.7631759069130732,3.0
031_S_4476_m03_2012-04-19,031_S_4476,/project/rrg-mchakrav-ab/moncia/ADNI/bids_adni_go2/sub-031S4476/ses-m03/anat/sub-031S4476_ses-m03_acq-3Taccel_T1w.nii.gz,/scratch/ishaan/adni_trillium/derivatives/bsc/031_S_4476_m03_2012-04-19,2012-04-20,0.0,3.0
031_S_4476_m06_2012-07-19,031_S_4476,/project/rrg-mchakrav-ab/moncia/ADNI/bids_adni_go2/sub-031S4476/ses-m06/anat/sub-031S4476_ses-m06_acq-3Taccel_T1w.nii.gz,/scratch/ishaan/adni_trillium/derivatives/bsc/031_S_4476_m06_2012-07-19,2012-08-17,0.3258042436687201,3.0
031_S_4476_m12_2013-01-18,031_S_4476,/project/rrg-mchakrav-ab/moncia/ADNI/bids_adni_go2/sub-031S4476/ses-m12/anat/sub-031S4476_ses-m12_acq-3Taccel_T1w.nii.gz,/scratch/ishaan/adni_trillium/derivatives/bsc/031_S_4476_m12_2013-01-18,2013-02-01,0.785763175906913,3.0
031_S_4476_m24_2014-01-18,031_S_4476,/project/rrg-mchakrav-ab/moncia/ADNI/bids_adni_go2/sub-031S4476/ses-m24/anat/sub-031S4476_ses-m24_acq-3Taccel_T1w.nii.gz,/scratch/ishaan/adni_trillium/derivatives/bsc/031_S_4476_m24_2014-01-18,2014-03-05,1.8726899383983573,3.0
032_S_0187_bl_2006-03-02,032_S_0187,/project/rrg-mchakrav-ab/moncia/ADNI/bids_adni1/sub-032S0187/ses-bl/anat/sub-032S0187_ses-bl_acq-3T_T1w.nii.gz,/scratch/ishaan/adni_trillium/derivatives/bsc/032_S_0187_bl_2006-03-02,2006-03-02,0.0,
032_S_0187_sc_2006-03-02,032_S_0187,/project/rrg-mchakrav-ab/moncia/ADNI/bids_adni1/sub-032S0187/ses-sc/anat/sub-032S0187_ses-sc_acq-15T_T1w.nii.gz,/scratch/ishaan/adni_trillium/derivatives/bsc/032_S_0187_sc_2006-03-02,2006-03-02,0.0,
032_S_0187_m06_2006-08-31,032_S_0187,/project/rrg-mchakrav-ab/moncia/ADNI/bids_adni1/sub-032S0187/ses-m06/anat/sub-032S0187_ses-m06_acq-15T_T1w.nii.gz,/scratch/ishaan/adni_trillium/derivatives/bsc/032_S_0187_m06_2006-08-31,2006-10-16,0.6242299794661191,3.0
032_S_0187_m12_2007-03-02,032_S_0187,/project/rrg-mchakrav-ab/moncia/ADNI/bids_adni1/sub-032S0187/ses-m12/anat/sub-032S0187_ses-m12_acq-15T_T1w.nii.gz,/scratch/ishaan/adni_trillium/derivatives/bsc/032_S_0187_m12_2007-03-02,2007-03-08,1.0157426420260096,3.0
032_S_0187_m18_2007-08-31,032_S_0187,/project/rrg-mchakrav-ab/moncia/ADNI/bids_adni1/sub-032S0187/ses-m18/anat/sub-032S0187_ses-m18_acq-15T_T1w.nii.gz,/scratch/ishaan/adni_trillium/derivatives/bsc/032_S_0187_m18_2007-08-31,2007-08-23,1.4757015742642026,3.0
032_S_0718_sc_2006-08-31,032_S_0718,/project/rrg-mchakrav-ab/moncia/ADNI/bids_adni1/sub-032S0718/ses-sc/anat/sub-032S0718_ses-sc_acq-15T_T1w.nii.gz,/scratch/ishaan/adni_trillium/derivatives/bsc/032_S_0718_sc_2006-08-31,2006-08-31,0.0,
032_S_0718_m06_2007-03-01,032_S_0718,/project/rrg-mchakrav-ab/moncia/ADNI/bids_adni1/sub-032S0718/ses-m06/anat/sub-032S0718_ses-m06_acq-15T_T1w.nii.gz,/scratch/ishaan/adni_trillium/derivatives/bsc/032_S_0718_m06_2007-03-01,2007-03-01,0.49828884325804246,
032_S_0718_m12_2007-08-31,032_S_0718,/project/rrg-mchakrav-ab/moncia/ADNI/bids_adni1/sub-032S0718/ses-m12/anat/sub-032S0718_ses-m12_acq-15T_T1w.nii.gz,/scratch/ishaan/adni_trillium/derivatives/bsc/032_S_0718_m12_2007-08-31,2007-08-31,0.999315537303217,
032_S_0718_m24_2008-08-30,032_S_0718,/project/rrg-mchakrav-ab/moncia/ADNI/bids_adni1/sub-032S0718/ses-m24/anat/sub-032S0718_ses-m24_acq-15T_T1w.nii.gz,/scratch/ishaan/adni_trillium/derivatives/bsc/032_S_0718_m24_2008-08-30,2008-09-22,2.0616016427104724,1.5
032_S_0718_m36_2009-08-30,032_S_0718,/project/rrg-mchakrav-ab/moncia/ADNI/bids_adni1/sub-032S0718/ses-m36/anat/sub-032S0718_ses-m36_acq-15T_T1w.nii.gz,/scratch/ishaan/adni_trillium/derivatives/bsc/032_S_0718_m36_2009-08-30,2009-09-09,3.025325119780972,1.5
032_S_2119_m03_2011-01-27,032_S_2119,/project/rrg-mchakrav-ab/moncia/ADNI/bids_adni_go2/sub-032S2119/ses-m03/anat/sub-032S2119_ses-m03_acq-3Taccel_T1w.nii.gz,/scratch/ishaan/adni_trillium/derivatives/bsc/032_S_2119_m03_2011-01-27,2010-12-15,0.0,3.0
032_S_2119_m06_2011-04-28,032_S_2119,/project/rrg-mchakrav-ab/moncia/ADNI/bids_adni_go2/sub-032S2119/ses-m06/anat/sub-032S2119_ses-m06_acq-3Taccel_T1w.nii.gz,/scratch/ishaan/adni_trillium/derivatives/bsc/032_S_2119_m06_2011-04-28,2011-04-28,0.3668720054757016,3.0
032_S_2119_m12_2011-10-28,032_S_2119,/project/rrg-mchakrav-ab/moncia/ADNI/bids_adni_go2/sub-032S2119/ses-m12/anat/sub-032S2119_ses-m12_acq-3Taccel_T1w.nii.gz,/scratch/ishaan/adni_trillium/derivatives/bsc/032_S_2119_m12_2011-10-28,2011-10-26,0.8624229979466119,3.0
032_S_2119_m24_2012-10-27,032_S_2119,/project/rrg-mchakrav-ab/moncia/ADNI/bids_adni_go2/sub-032S2119/ses-m24/anat/sub-032S2119_ses-m24_acq-3Taccel_T1w.nii.gz,/scratch/ishaan/adni_trillium/derivatives/bsc/032_S_2119_m24_2012-10-27,2012-10-22,1.8535249828884326,3.0
032_S_2119_m36_2013-10-27,032_S_2119,/project/rrg-mchakrav-ab/moncia/ADNI/bids_adni_go2/sub-032S2119/ses-m36/anat/sub-032S2119_ses-m36_acq-3Taccel_T1w.nii.gz,/scratch/ishaan/adni_trillium/derivatives/bsc/032_S_2119_m36_2013-10-27,2013-10-24,2.858316221765914,3.0
032_S_2119_m60_2015-10-28,032_S_2119,/project/rrg-mchakrav-ab/moncia/ADNI/bids_adni_go2/sub-032S2119/ses-m60/anat/sub-032S2119_ses-m60_acq-3Taccel_T1w.nii.gz,/scratch/ishaan/adni_trillium/derivatives/bsc/032_S_2119_m60_2015-10-28,2015-11-03,4.884325804243669,3.0
032_S_2119_m78_2017-04-28,032_S_2119,/project/rrg-mchakrav-ab/moncia/ADNI/bids_adni3/sub-032S2119/ses-m78/anat/sub-032S2119_ses-m78_acq-3T_T1w.nii.gz,/scratch/ishaan/adni_trillium/derivatives/bsc/032_S_2119_m78_2017-04-28,2017-06-16,6.50239561943874,3.0
032_S_2247_m03_2011-06-15,032_S_2247,/project/rrg-mchakrav-ab/moncia/ADNI/bids_adni_go2/sub-032S2247/ses-m03/anat/sub-032S2247_ses-m03_acq-3Taccel_T1w.nii.gz,/scratch/ishaan/adni_trillium/derivatives/bsc/032_S_2247_m03_2011-06-15,2011-03-08,0.0,3.0
032_S_2247_m06_2011-09-14,032_S_2247,/project/rrg-mchakrav-ab/moncia/ADNI/bids_adni_go2/sub-032S2247/ses-m06/anat/sub-032S2247_ses-m06_acq-3Taccel_T1w.nii.gz,/scratch/ishaan/adni_trillium/derivatives/bsc/032_S_2247_m06_2011-09-14,2011-08-16,0.4407939767282683,3.0
032_S_2247_m12_2012-03-15,032_S_2247,/project/rrg-mchakrav-ab/moncia/ADNI/bids_adni_go2/sub-032S2247/ses-m12/anat/sub-032S2247_ses-m12_acq-3Taccel_T1w.nii.gz,/scratch/ishaan/adni_trillium/derivatives/bsc/032_S_2247_m12_2012-03-15,2012-04-26,1.136208076659822,3.0
032_S_2247_m24_2013-03-15,032_S_2247,/project/rrg-mchakrav-ab/moncia/ADNI/bids_adni_go2/sub-032S2247/ses-m24/anat/sub-032S2247_ses-m24_acq-3Taccel_T1w.nii.gz,/scratch/ishaan/adni_trillium/derivatives/bsc/032_S_2247_m24_2013-03-15,2013-03-15,2.020533880903491,
032_S_2247_m60_2016-03-15,032_S_2247,/project/rrg-mchakrav-ab/moncia/ADNI/bids_adni_go2/sub-032S2247/ses-m60/anat/sub-032S2247_ses-m60_acq-3Taccel_T1w.nii.gz,/scratch/ishaan/adni_trillium/derivatives/bsc/032_S_2247_m60_2016-03-15,2016-03-09,5.004791238877481,3.0
033_S_0513_m06_2006-12-04,033_S_0513,/project/rrg-mchakrav-ab/moncia/ADNI/bids_adni1/sub-033S0513/ses-m06/anat/sub-033S0513_ses-m06_acq-15T_T1w.nii.gz,/scratch/ishaan/adni_trillium/derivatives/bsc/033_S_0513_m06_2006-12-04,2006-12-07,0.0,1.5
033_S_0513_m12_2007-06-05,033_S_0513,/project/rrg-mchakrav-ab/moncia/ADNI/bids_adni1/sub-033S0513/ses-m12/anat/sub-033S0513_ses-m12_acq-15T_T1w.nii.gz,/scratch/ishaan/adni_trillium/derivatives/bsc/033_S_0513_m12_2007-06-05,2007-05-31,0.4791238877481177,1.5
033_S_0513_m18_2007-12-04,033_S_0513,/project/rrg-mchakrav-ab/moncia/ADNI/bids_adni1/sub-033S0513/ses-m18/anat/sub-033S0513_ses-m18_acq-15T_T1w.nii.gz,/scratch/ishaan/adni_trillium/derivatives/bsc/033_S_0513_m18_2007-12-04,2007-11-28,0.974674880219028,1.5
033_S_0513_m24_2008-06-04,033_S_0513,/project/rrg-mchakrav-ab/moncia/ADNI/bids_adni1/sub-033S0513/ses-m24/anat/sub-033S0513_ses-m24_acq-15T_T1w.nii.gz,/scratch/ishaan/adni_trillium/derivatives/bsc/033_S_0513_m24_2008-06-04,2008-05-28,1.4729637234770705,1.5
033_S_0514_m06_2006-12-08,033_S_0514,/project/rrg-mchakrav-ab/moncia/ADNI/bids_adni1/sub-033S0514/ses-m06/anat/sub-033S0514_ses-m06_acq-15T_T1w.nii.gz,/scratch/ishaan/adni_trillium/derivatives/bsc/033_S_0514_m06_2006-12-08,2006-12-07,0.0,2.9
033_S_0514_m12_2007-06-09,033_S_0514,/project/rrg-mchakrav-ab/moncia/ADNI/bids_adni1/sub-033S0514/ses-m12/anat/sub-033S0514_ses-m12_acq-15T_T1w.nii.gz,/scratch/ishaan/adni_trillium/derivatives/bsc/033_S_0514_m12_2007-06-09,2007-06-07,0.49828884325804246,1.5
033_S_0514_m18_2007-12-08,033_S_0514,/project/rrg-mchakrav-ab/moncia/ADNI/bids_adni1/sub-033S0514/ses-m18/anat/sub-033S0514_ses-m18_acq-15T_T1w.nii.gz,/scratch/ishaan/adni_trillium/derivatives/bsc/033_S_0514_m18_2007-12-08,2007-11-28,0.974674880219028,1.5
033_S_0514_m24_2008-06-08,033_S_0514,/project/rrg-mchakrav-ab/moncia/ADNI/bids_adni1/sub-033S0514/ses-m24/anat/sub-033S0514_ses-m24_acq-15T_T1w.nii.gz,/scratch/ishaan/adni_trillium/derivatives/bsc/033_S_0514_m24_2008-06-08,2008-06-19,1.5331964407939767,1.5
033_S_1116_bl_2006-12-04,033_S_1116,/project/rrg-mchakrav-ab/moncia/ADNI/bids_adni1/sub-033S1116/ses-bl/anat/sub-033S1116_ses-bl_acq-3T_T1w.nii.gz,/scratch/ishaan/adni_trillium/derivatives/bsc/033_S_1116_bl_2006-12-04,2006-11-21,0.0,1.5
033_S_1116_sc_2006-12-04,033_S_1116,/project/rrg-mchakrav-ab/moncia/ADNI/bids_adni1/sub-033S1116/ses-sc/anat/sub-033S1116_ses-sc_acq-15T_T1w.nii.gz,/scratch/ishaan/adni_trillium/derivatives/bsc/033_S_1116_sc_2006-12-04,2006-12-18,0.07392197125256673,2.9
033_S_1116_m06_2007-06-04,033_S_1116,/project/rrg-mchakrav-ab/moncia/ADNI/bids_adni1/sub-033S1116/ses-m06/anat/sub-033S1116_ses-m06_acq-15T_T1w.nii.gz,/scratch/ishaan/adni_trillium/derivatives/bsc/033_S_1116_m06_2007-06-04,2007-06-05,0.5366187542778919,1.5
033_S_1116_m12_2007-12-04,033_S_1116,/project/rrg-mchakrav-ab/moncia/ADNI/bids_adni1/sub-033S1116/ses-m12/anat/sub-033S1116_ses-m12_acq-15T_T1w.nii.gz,/scratch/ishaan/adni_trillium/derivatives/bsc/033_S_1116_m12_2007-12-04,2007-11-30,1.0239561943874058,1.5
033_S_1116_m18_2008-06-03,033_S_1116,/project/rrg-mchakrav-ab/moncia/ADNI/bids_adni1/sub-033S1116/ses-m18/anat/sub-033S1116_ses-m18_acq-15T_T1w.nii.gz,/scratch/ishaan/adni_trillium/derivatives/bsc/033_S_1116_m18_2008-06-03,2008-06-20,1.5797399041752225,1.5
033_S_1309_bl_2007-02-28,033_S_1309,/project/rrg-mchakrav-ab/moncia/ADNI/bids_adni1/sub-033S1309/ses-bl/anat/sub-033S1309_ses-bl_acq-3T_T1w.nii.gz,/scratch/ishaan/adni_trillium/derivatives/bsc/033_S_1309_bl_2007-02-28,2007-02-08,0.0,1.5
033_S_1309_sc_2007-02-28,033_S_1309,/project/rrg-mchakrav-ab/moncia/ADNI/bids_adni1/sub-033S1309/ses-sc/anat/sub-033S1309_ses-sc_acq-15T_T1w.nii.gz,/scratch/ishaan/adni_trillium/derivatives/bsc/033_S_1309_sc_2007-02-28,2007-03-13,0.09034907597535935,2.9
033_S_1309_m12_2008-02-28,033_S_1309,/project/rrg-mchakrav-ab/moncia/ADNI/bids_adni1/sub-033S1309/ses-m12/anat/sub-033S1309_ses-m12_acq-15T_T1w.nii.gz,/scratch/ishaan/adni_trillium/derivatives/bsc/033_S_1309_m12_2008-02-28,2008-02-27,1.051334702258727,1.5
033_S_1309_m18_2008-08-28,033_S_1309,/project/rrg-mchakrav-ab/moncia/ADNI/bids_adni1/sub-033S1309/ses-m18/anat/sub-033S1309_ses-m18_acq-15T_T1w.nii.gz,/scratch/ishaan/adni_trillium/derivatives/bsc/033_S_1309_m18_2008-08-28,2008-08-27,1.5496235455167693,1.5
033_S_1309_m24_2009-02-27,033_S_1309,/project/rrg-mchakrav-ab/moncia/ADNI/bids_adni1/sub-033S1309/ses-m24/anat/sub-033S1309_ses-m24_acq-15T_T1w.nii.gz,/scratch/ishaan/adni_trillium/derivatives/bsc/033_S_1309_m24_2009-02-27,2009-02-27,2.0533880903490758,3.0
035_S_0033_sc_2005-12-09,035_S_0033,/project/rrg-mchakrav-ab/moncia/ADNI/bids_adni1/sub-035S0033/ses-sc/anat/sub-035S0033_ses-sc_acq-15T_T1w.nii.gz,/scratch/ishaan/adni_trillium/derivatives/bsc/035_S_0033_sc_2005-12-09,2005-11-22,0.0,1.5
035_S_0033_m12_2006-12-09,035_S_0033,/project/rrg-mchakrav-ab/moncia/ADNI/bids_adni1/sub-035S0033/ses-m12/anat/sub-035S0033_ses-m12_acq-15T_T1w.nii.gz,/scratch/ishaan/adni_trillium/derivatives/bsc/035_S_0033_m12_2006-12-09,2006-12-14,1.0595482546201231,1.5
035_S_0033_m24_2007-12-09,035_S_0033,/project/rrg-mchakrav-ab/moncia/ADNI/bids_adni1/sub-035S0033/ses-m24/anat/sub-035S0033_ses-m24_acq-15T_T1w.nii.gz,/scratch/ishaan/adni_trillium/derivatives/bsc/035_S_0033_m24_2007-12-09,2007-12-05,2.0342231348391513,1.5
035_S_0033_m36_2008-12-08,035_S_0033,/project/rrg-mchakrav-ab/moncia/ADNI/bids_adni1/sub-035S0033/ses-m36/anat/sub-035S0033_ses-m36_acq-15T_T1w.nii.gz,/scratch/ishaan/adni_trillium/derivatives/bsc/035_S_0033_m36_2008-12-08,2009-01-09,3.132101300479124,1.5
035_S_0292_sc_2006-04-12,035_S_0292,/project/rrg-mchakrav-ab/moncia/ADNI/bids_adni1/sub-035S0292/ses-sc/anat/sub-035S0292_ses-sc_acq-15T_T1w.nii.gz,/scratch/ishaan/adni_trillium/derivatives/bsc/035_S_0292_sc_2006-04-12,2006-03-22,0.0,1.5
035_S_0292_m06_2006-10-11,035_S_0292,/project/rrg-mchakrav-ab/moncia/ADNI/bids_adni1/sub-035S0292/ses-m06/anat/sub-035S0292_ses-m06_acq-15T_T1w.nii.gz,/scratch/ishaan/adni_trillium/derivatives/bsc/035_S_0292_m06_2006-10-11,2006-10-05,0.5393566050650239,1.5
035_S_0292_m12_2007-04-12,035_S_0292,/project/rrg-mchakrav-ab/moncia/ADNI/bids_adni1/sub-035S0292/ses-m12/anat/sub-035S0292_ses-m12_acq-15T_T1w.nii.gz,/scratch/ishaan/adni_trillium/derivatives/bsc/035_S_0292_m12_2007-04-12,2007-05-10,1.1334702258726899,1.5
035_S_0292_m24_2008-04-11,035_S_0292,/project/rrg-mchakrav-ab/moncia/ADNI/bids_adni1/sub-035S0292/ses-m24/anat/sub-035S0292_ses-m24_acq-15T_T1w.nii.gz,/scratch/ishaan/adni_trillium/derivatives/bsc/035_S_0292_m24_2008-04-11,2008-04-03,2.0342231348391513,1.5
035_S_0292_m36_2009-04-11,035_S_0292,/project/rrg-mchakrav-ab/moncia/ADNI/bids_adni1/sub-035S0292/ses-m36/anat/sub-035S0292_ses-m36_acq-15T_T1w.nii.gz,/scratch/ishaan/adni_trillium/derivatives/bsc/035_S_0292_m36_2009-04-11,2009-04-09,3.049965776865161,1.5
035_S_2061_m03_2011-01-27,035_S_2061,/project/rrg-mchakrav-ab/moncia/ADNI/bids_adni_go2/sub-035S2061/ses-m03/anat/sub-035S2061_ses-m03_acq-3Taccel_T1w.nii.gz,/scratch/ishaan/adni_trillium/derivatives/bsc/035_S_2061_m03_2011-01-27,2011-02-04,0.0,3.0
035_S_2061_m06_2011-04-28,035_S_2061,/project/rrg-mchakrav-ab/moncia/ADNI/bids_adni_go2/sub-035S2061/ses-m06/anat/sub-035S2061_ses-m06_acq-3Taccel_T1w.nii.gz,/scratch/ishaan/adni_trillium/derivatives/bsc/035_S_2061_m06_2011-04-28,2011-04-04,0.16153319644079397,3.0
035_S_2061_m12_2011-10-28,035_S_2061,/project/rrg-mchakrav-ab/moncia/ADNI/bids_adni_go2/sub-035S2061/ses-m12/anat/sub-035S2061_ses-m12_acq-3Taccel_T1w.nii.gz,/scratch/ishaan/adni_trillium/derivatives/bsc/035_S_2061_m12_2011-10-28,2011-10-25,0.7200547570157426,3.0
035_S_2061_m24_2012-10-27,035_S_2061,/project/rrg-mchakrav-ab/moncia/ADNI/bids_adni_go2/sub-035S2061/ses-m24/anat/sub-035S2061_ses-m24_acq-3Taccel_T1w.nii.gz,/scratch/ishaan/adni_trillium/derivatives/bsc/035_S_2061_m24_2012-10-27,2012-10-22,1.7138945927446954,3.0
035_S_2061_m36_2013-10-27,035_S_2061,/project/rrg-mchakrav-ab/moncia/ADNI/bids_adni_go2/sub-035S2061/ses-m36/anat/sub-035S2061_ses-m36_acq-3Taccel_T1w.nii.gz,/scratch/ishaan/adni_trillium/derivatives/bsc/035_S_2061_m36_2013-10-27,2013-09-19,2.622861054072553,3.0
035_S_2061_m48_2014-10-28,035_S_2061,/project/rrg-mchakrav-ab/moncia/ADNI/bids_adni_go2/sub-035S2061/ses-m48/anat/sub-035S2061_ses-m48_acq-3Taccel_T1w.nii.gz,/scratch/ishaan/adni_trillium/derivatives/bsc/035_S_2061_m48_2014-10-28,2014-10-01,3.6550308008213555,3.0
035_S_2061_m60_2015-10-28,035_S_2061,/project/rrg-mchakrav-ab/moncia/ADNI/bids_adni_go2/sub-035S2061/ses-m60/anat/sub-035S2061_ses-m60_acq-3Taccel_T1w.nii.gz,/scratch/ishaan/adni_trillium/derivatives/bsc/035_S_2061_m60_2015-10-28,2016-03-14,5.106091718001369,3.0
035_S_2061_m72_2016-10-27,035_S_2061,/project/rrg-mchakrav-ab/moncia/ADNI/bids_adni_go2/sub-035S2061/ses-m72/anat/sub-035S2061_ses-m72_acq-3Taccel_T1w.nii.gz,/scratch/ishaan/adni_trillium/derivatives/bsc/035_S_2061_m72_2016-10-27,2016-09-14,5.6098562628336754,3.0
035_S_4582_m06_2012-09-07,035_S_4582,/project/rrg-mchakrav-ab/moncia/ADNI/bids_adni_go2/sub-035S4582/ses-m06/anat/sub-035S4582_ses-m06_acq-3Taccel_T1w.nii.gz,/scratch/ishaan/adni_trillium/derivatives/bsc/035_S_4582_m06_2012-09-07,2012-09-24,0.0,3.0
035_S_4582_m12_2013-03-09,035_S_4582,/project/rrg-mchakrav-ab/moncia/ADNI/bids_adni_go2/sub-035S4582/ses-m12/anat/sub-035S4582_ses-m12_acq-3Taccel_T1w.nii.gz,/scratch/ishaan/adni_trillium/derivatives/bsc/035_S_4582_m12_2013-03-09,2013-03-25,0.49828884325804246,3.0
035_S_4582_m24_2014-03-09,035_S_4582,/project/rrg-mchakrav-ab/moncia/ADNI/bids_adni_go2/sub-035S4582/ses-m24/anat/sub-035S4582_ses-m24_acq-3Taccel_T1w.nii.gz,/scratch/ishaan/adni_trillium/derivatives/bsc/035_S_4582_m24_2014-03-09,2014-03-26,1.5003422313483916,3.0
035_S_4582_m36_2015-03-09,035_S_4582,/project/rrg-mchakrav-ab/moncia/ADNI/bids_adni_go2/sub-035S4582/ses-m36/anat/sub-035S4582_ses-m36_acq-3Taccel_T1w.nii.gz,/scratch/ishaan/adni_trillium/derivatives/bsc/035_S_4582_m36_2015-03-09,2015-03-25,2.4969199178644765,3.0
035_S_6480_sc_2018-06-27,035_S_6480,/project/rrg-mchakrav-ab/moncia/ADNI/bids_adni3/sub-035S6480/ses-sc/anat/sub-035S6480_ses-sc_acq-3T_T1w.nii.gz,/scratch/ishaan/adni_trillium/derivatives/bsc/035_S_6480_sc_2018-06-27,2018-07-05,0.0,3.0
035_S_6480_m12_2019-06-27,035_S_6480,/project/rrg-mchakrav-ab/moncia/ADNI/bids_adni3/sub-035S6480/ses-m12/anat/sub-035S6480_ses-m12_acq-3T_T1w.nii.gz,/scratch/ishaan/adni_trillium/derivatives/bsc/035_S_6480_m12_2019-06-27,2019-07-31,1.0704996577686516,3.0
035_S_6480_m24_2020-06-26,035_S_6480,/project/rrg-mchakrav-ab/moncia/ADNI/bids_adni3/sub-035S6480/ses-m24/anat/sub-035S6480_ses-m24_acq-3T_T1w.nii.gz,/scratch/ishaan/adni_trillium/derivatives/bsc/035_S_6480_m24_2020-06-26,2020-07-16,2.0314852840520192,3.0
035_S_6480_m36_2021-06-26,035_S_6480,/project/rrg-mchakrav-ab/moncia/ADNI/bids_adni3/sub-035S6480/ses-m36/anat/sub-035S6480_ses-m36_acq-3T_T1w.nii.gz,/scratch/ishaan/adni_trillium/derivatives/bsc/035_S_6480_m36_2021-06-26,2021-09-02,3.162217659137577,3.0
035_S_6480_m60_2023-06-27,035_S_6480,/project/rrg-mchakrav-ab/moncia/ADNI/bids_adni3/sub-035S6480/ses-m60/anat/sub-035S6480_ses-m60_acq-3T_T1w.nii.gz,/scratch/ishaan/adni_trillium/derivatives/bsc/035_S_6480_m60_2023-06-27,2023-07-27,5.059548254620124,3.0
036_S_0656_sc_2006-07-27,036_S_0656,/project/rrg-mchakrav-ab/moncia/ADNI/bids_adni1/sub-036S0656/ses-sc/anat/sub-036S0656_ses-sc_acq-15T_T1w.nii.gz,/scratch/ishaan/adni_trillium/derivatives/bsc/036_S_0656_sc_2006-07-27,2006-07-07,0.0,1.5
036_S_0656_m06_2007-01-25,036_S_0656,/project/rrg-mchakrav-ab/moncia/ADNI/bids_adni1/sub-036S0656/ses-m06/anat/sub-036S0656_ses-m06_acq-15T_T1w.nii.gz,/scratch/ishaan/adni_trillium/derivatives/bsc/036_S_0656_m06_2007-01-25,2007-01-22,0.5448323066392882,1.5
036_S_0656_m12_2007-07-27,036_S_0656,/project/rrg-mchakrav-ab/moncia/ADNI/bids_adni1/sub-036S0656/ses-m12/anat/sub-036S0656_ses-m12_acq-15T_T1w.nii.gz,/scratch/ishaan/adni_trillium/derivatives/bsc/036_S_0656_m12_2007-07-27,2007-07-16,1.0239561943874058,1.5
036_S_0656_m24_2008-07-26,036_S_0656,/project/rrg-mchakrav-ab/moncia/ADNI/bids_adni1/sub-036S0656/ses-m24/anat/sub-036S0656_ses-m24_acq-15T_T1w.nii.gz,/scratch/ishaan/adni_trillium/derivatives/bsc/036_S_0656_m24_2008-07-26,2008-07-29,2.0616016427104724,1.5
036_S_0673_sc_2006-08-01,036_S_0673,/project/rrg-mchakrav-ab/moncia/ADNI/bids_adni1/sub-036S0673/ses-sc/anat/sub-036S0673_ses-sc_acq-15T_T1w.nii.gz,/scratch/ishaan/adni_trillium/derivatives/bsc/036_S_0673_sc_2006-08-01,2006-07-21,0.0,1.5
036_S_0673_m06_2007-01-30,036_S_0673,/project/rrg-mchakrav-ab/moncia/ADNI/bids_adni1/sub-036S0673/ses-m06/anat/sub-036S0673_ses-m06_acq-15T_T1w.nii.gz,/scratch/ishaan/adni_trillium/derivatives/bsc/036_S_0673_m06_2007-01-30,2007-02-12,0.5639972621492129,1.5
036_S_0673_m12_2007-08-01,036_S_0673,/project/rrg-mchakrav-ab/moncia/ADNI/bids_adni1/sub-036S0673/ses-m12/anat/sub-036S0673_ses-m12_acq-15T_T1w.nii.gz,/scratch/ishaan/adni_trillium/derivatives/bsc/036_S_0673_m12_2007-08-01,2007-07-18,0.9911019849418207,1.5
036_S_0673_m18_2008-01-30,036_S_0673,/project/rrg-mchakrav-ab/moncia/ADNI/bids_adni1/sub-036S0673/ses-m18/anat/sub-036S0673_ses-m18_acq-15T_T1w.nii.gz,/scratch/ishaan/adni_trillium/derivatives/bsc/036_S_0673_m18_2008-01-30,2008-02-07,1.5496235455167693,1.5
036_S_0673_m24_2008-07-31,036_S_0673,/project/rrg-mchakrav-ab/moncia/ADNI/bids_adni1/sub-036S0673/ses-m24/anat/sub-036S0673_ses-m24_acq-15T_T1w.nii.gz,/scratch/ishaan/adni_trillium/derivatives/bsc/036_S_0673_m24_2008-07-31,2008-07-22,2.004106776180698,1.5
036_S_0673_m36_2009-07-31,036_S_0673,/project/rrg-mchakrav-ab/moncia/ADNI/bids_adni1/sub-036S0673/ses-m36/anat/sub-036S0673_ses-m36_acq-15T_T1w.nii.gz,/scratch/ishaan/adni_trillium/derivatives/bsc/036_S_0673_m36_2009-07-31,2009-08-19,3.080082135523614,1.5
036_S_0869_sc_2006-11-13,036_S_0869,/project/rrg-mchakrav-ab/moncia/ADNI/bids_adni1/sub-036S0869/ses-sc/anat/sub-036S0869_ses-sc_acq-15T_T1w.nii.gz,/scratch/ishaan/adni_trillium/derivatives/bsc/036_S_0869_sc_2006-11-13,2006-10-30,0.0,1.5
036_S_0869_m06_2007-05-14,036_S_0869,/project/rrg-mchakrav-ab/moncia/ADNI/bids_adni1/sub-036S0869/ses-m06/anat/sub-036S0869_ses-m06_acq-15T_T1w.nii.gz,/scratch/ishaan/adni_trillium/derivatives/bsc/036_S_0869_m06_2007-05-14,2007-05-08,0.5201916495550992,1.5
036_S_0869_m12_2007-11-13,036_S_0869,/project/rrg-mchakrav-ab/moncia/ADNI/bids_adni1/sub-036S0869/ses-m12/anat/sub-036S0869_ses-m12_acq-15T_T1w.nii.gz,/scratch/ishaan/adni_trillium/derivatives/bsc/036_S_0869_m12_2007-11-13,2007-11-20,1.056810403832991,1.5
036_S_0869_m18_2008-05-13,036_S_0869,/project/rrg-mchakrav-ab/moncia/ADNI/bids_adni1/sub-036S0869/ses-m18/anat/sub-036S0869_ses-m18_acq-15T_T1w.nii.gz,/scratch/ishaan/adni_trillium/derivatives/bsc/036_S_0869_m18_2008-05-13,2008-05-08,1.5222450376454484,1.5
036_S_0945_sc_2006-11-08,036_S_0945,/project/rrg-mchakrav-ab/moncia/ADNI/bids_adni1/sub-036S0945/ses-sc/anat/sub-036S0945_ses-sc_acq-15T_T1w.nii.gz,/scratch/ishaan/adni_trillium/derivatives/bsc/036_S_0945_sc_2006-11-08,2006-10-25,0.0,1.5
036_S_0945_m18_2008-05-08,036_S_0945,/project/rrg-mchakrav-ab/moncia/ADNI/bids_adni1/sub-036S0945/ses-m18/anat/sub-036S0945_ses-m18_acq-15T_T1w.nii.gz,/scratch/ishaan/adni_trillium/derivatives/bsc/036_S_0945_m18_2008-05-08,2008-05-27,1.5879534565366187,1.5
036_S_0945_m24_2008-11-07,036_S_0945,/project/rrg-mchakrav-ab/moncia/ADNI/bids_adni1/sub-036S0945/ses-m24/anat/sub-036S0945_ses-m24_acq-15T_T1w.nii.gz,/scratch/ishaan/adni_trillium/derivatives/bsc/036_S_0945_m24_2008-11-07,2008-11-24,2.083504449007529,1.5
036_S_0945_m36_2009-11-07,036_S_0945,/project/rrg-mchakrav-ab/moncia/ADNI/bids_adni1/sub-036S0945/ses-m36/anat/sub-036S0945_ses-m36_acq-15T_T1w.nii.gz,/scratch/ishaan/adni_trillium/derivatives/bsc/036_S_0945_m36_2009-11-07,2009-11-11,3.047227926078029,1.5
036_S_0976_sc_2007-01-09,036_S_0976,/project/rrg-mchakrav-ab/moncia/ADNI/bids_adni1/sub-036S0976/ses-sc/anat/sub-036S0976_ses-sc_acq-15T_T1w.nii.gz,/scratch/ishaan/adni_trillium/derivatives/bsc/036_S_0976_sc_2007-01-09,2006-12-12,0.0,1.5
036_S_0976_m06_2007-07-10,036_S_0976,/project/rrg-mchakrav-ab/moncia/ADNI/bids_adni1/sub-036S0976/ses-m06/anat/sub-036S0976_ses-m06_acq-15T_T1w.nii.gz,/scratch/ishaan/adni_trillium/derivatives/bsc/036_S_0976_m06_2007-07-10,2007-07-12,0.5804243668720055,1.5
036_S_0976_m18_2008-07-09,036_S_0976,/project/rrg-mchakrav-ab/moncia/ADNI/bids_adni1/sub-036S0976/ses-m18/anat/sub-036S0976_ses-m18_acq-15T_T1w.nii.gz,/scratch/ishaan/adni_trillium/derivatives/bsc/036_S_0976_m18_2008-07-09,2008-07-17,1.596167008898015,1.5
036_S_0976_m24_2009-01-08,036_S_0976,/project/rrg-mchakrav-ab/moncia/ADNI/bids_adni1/sub-036S0976/ses-m24/anat/sub-036S0976_ses-m24_acq-15T_T1w.nii.gz,/scratch/ishaan/adni_trillium/derivatives/bsc/036_S_0976_m24_2009-01-08,2009-01-28,2.130047912388775,1.5
036_S_1135_sc_2007-01-15,036_S_1135,/project/rrg-mchakrav-ab/moncia/ADNI/bids_adni1/sub-036S1135/ses-sc/anat/sub-036S1135_ses-sc_acq-15T_T1w.nii.gz,/scratch/ishaan/adni_trillium/derivatives/bsc/036_S_1135_sc_2007-01-15,2006-12-27,0.0,1.5
036_S_1135_m06_2007-07-16,036_S_1135,/project/rrg-mchakrav-ab/moncia/ADNI/bids_adni1/sub-036S1135/ses-m06/anat/sub-036S1135_ses-m06_acq-15T_T1w.nii.gz,/scratch/ishaan/adni_trillium/derivatives/bsc/036_S_1135_m06_2007-07-16,2007-07-09,0.5311430527036276,1.5
036_S_1135_m12_2008-01-15,036_S_1135,/project/rrg-mchakrav-ab/moncia/ADNI/bids_adni1/sub-036S1135/ses-m12/anat/sub-036S1135_ses-m12_acq-15T_T1w.nii.gz,/scratch/ishaan/adni_trillium/derivatives/bsc/036_S_1135_m12_2008-01-15,2008-01-07,1.0294318959616702,1.5
036_S_1135_m18_2008-07-15,036_S_1135,/project/rrg-mchakrav-ab/moncia/ADNI/bids_adni1/sub-036S1135/ses-m18/anat/sub-036S1135_ses-m18_acq-15T_T1w.nii.gz,/scratch/ishaan/adni_trillium/derivatives/bsc/036_S_1135_m18_2008-07-15,2008-07-23,1.571526351813826,1.5
036_S_1240_sc_2007-02-26,036_S_1240,/project/rrg-mchakrav-ab/moncia/ADNI/bids_adni1/sub-036S1240/ses-sc/anat/sub-036S1240_ses-sc_acq-15T_T1w.nii.gz,/scratch/ishaan/adni_trillium/derivatives/bsc/036_S_1240_sc_2007-02-26,2007-02-13,0.0,1.5
036_S_1240_m06_2007-08-27,036_S_1240,/project/rrg-mchakrav-ab/moncia/ADNI/bids_adni1/sub-036S1240/ses-m06/anat/sub-036S1240_ses-m06_acq-15T_T1w.nii.gz,/scratch/ishaan/adni_trillium/derivatives/bsc/036_S_1240_m06_2007-08-27,2007-08-17,0.5065023956194388,1.5
036_S_1240_m12_2008-02-26,036_S_1240,/project/rrg-mchakrav-ab/moncia/ADNI/bids_adni1/sub-036S1240/ses-m12/anat/sub-036S1240_ses-m12_acq-15T_T1w.nii.gz,/scratch/ishaan/adni_trillium/derivatives/bsc/036_S_1240_m12_2008-02-26,2008-03-04,1.054072553045859,1.5
036_S_1240_m18_2008-08-26,036_S_1240,/project/rrg-mchakrav-ab/moncia/ADNI/bids_adni1/sub-036S1240/ses-m18/anat/sub-036S1240_ses-m18_acq-15T_T1w.nii.gz,/scratch/ishaan/adni_trillium/derivatives/bsc/036_S_1240_m18_2008-08-26,2008-08-29,1.541409993155373,1.5
036_S_2380_m03_2011-11-10,036_S_2380,/project/rrg-mchakrav-ab/moncia/ADNI/bids_adni_go2/sub-036S2380/ses-m03/anat/sub-036S2380_ses-m03_acq-3Taccel_T1w.nii.gz,/scratch/ishaan/adni_trillium/derivatives/bsc/036_S_2380_m03_2011-11-10,2011-09-08,0.0,3.0
036_S_2380_m06_2012-02-09,036_S_2380,/project/rrg-mchakrav-ab/moncia/ADNI/bids_adni_go2/sub-036S2380/ses-m06/anat/sub-036S2380_ses-m06_acq-3Taccel_T1w.nii.gz,/scratch/ishaan/adni_trillium/derivatives/bsc/036_S_2380_m06_2012-02-09,2012-02-13,0.432580424366872,3.0
036_S_2380_m12_2012-08-10,036_S_2380,/project/rrg-mchakrav-ab/moncia/ADNI/bids_adni_go2/sub-036S2380/ses-m12/anat/sub-036S2380_ses-m12_acq-3Taccel_T1w.nii.gz,/scratch/ishaan/adni_trillium/derivatives/bsc/036_S_2380_m12_2012-08-10,2012-07-31,0.8952772073921971,3.0
036_S_2380_m24_2013-08-10,036_S_2380,/project/rrg-mchakrav-ab/moncia/ADNI/bids_adni_go2/sub-036S2380/ses-m24/anat/sub-036S2380_ses-m24_acq-3Taccel_T1w.nii.gz,/scratch/ishaan/adni_trillium/derivatives/bsc/036_S_2380_m24_2013-08-10,2013-08-12,1.9274469541409993,3.0
036_S_2380_m48_2015-08-11,036_S_2380,/project/rrg-mchakrav-ab/moncia/ADNI/bids_adni_go2/sub-036S2380/ses-m48/anat/sub-036S2380_ses-m48_acq-3Taccel_T1w.nii.gz,/scratch/ishaan/adni_trillium/derivatives/bsc/036_S_2380_m48_2015-08-11,2015-08-19,3.9452429842573578,3.0
036_S_2380_m72_2017-08-10,036_S_2380,/project/rrg-mchakrav-ab/moncia/ADNI/bids_adni_go2/sub-036S2380/ses-m72/anat/sub-036S2380_ses-m72_acq-3Taccel_T1w.nii.gz,/scratch/ishaan/adni_trillium/derivatives/bsc/036_S_2380_m72_2017-08-10,2017-05-05,5.6563997262149215,3.0
036_S_2380_m84_2018-08-10,036_S_2380,/project/rrg-mchakrav-ab/moncia/ADNI/bids_adni3/sub-036S2380/ses-m84/anat/sub-036S2380_ses-m84_acq-3T_T1w.nii.gz,/scratch/ishaan/adni_trillium/derivatives/bsc/036_S_2380_m84_2018-08-10,2018-06-18,6.776180698151951,3.0
036_S_2380_m96_2019-08-11,036_S_2380,/project/rrg-mchakrav-ab/moncia/ADNI/bids_adni3/sub-036S2380/ses-m96/anat/sub-036S2380_ses-m96_acq-3T_T1w.nii.gz,/scratch/ishaan/adni_trillium/derivatives/bsc/036_S_2380_m96_2019-08-11,2019-06-05,7.73990417522245,3.0
036_S_4538_m06_2012-08-08,036_S_4538,/project/rrg-mchakrav-ab/moncia/ADNI/bids_adni_go2/sub-036S4538/ses-m06/anat/sub-036S4538_ses-m06_acq-3Taccel_T1w.nii.gz,/scratch/ishaan/adni_trillium/derivatives/bsc/036_S_4538_m06_2012-08-08,2012-11-01,0.0,3.0
036_S_4538_m12_2013-02-07,036_S_4538,/project/rrg-mchakrav-ab/moncia/ADNI/bids_adni_go2/sub-036S4538/ses-m12/anat/sub-036S4538_ses-m12_acq-3Taccel_T1w.nii.gz,/scratch/ishaan/adni_trillium/derivatives/bsc/036_S_4538_m12_2013-02-07,2013-05-30,0.5749486652977412,3.0
036_S_4538_m24_2014-02-07,036_S_4538,/project/rrg-mchakrav-ab/moncia/ADNI/bids_adni_go2/sub-036S4538/ses-m24/anat/sub-036S4538_ses-m24_acq-3Taccel_T1w.nii.gz,/scratch/ishaan/adni_trillium/derivatives/bsc/036_S_4538_m24_2014-02-07,2014-06-20,1.6317590691307324,3.0
036_S_4538_m48_2016-02-08,036_S_4538,/project/rrg-mchakrav-ab/moncia/ADNI/bids_adni_go2/sub-036S4538/ses-m48/anat/sub-036S4538_ses-m48_acq-3Taccel_T1w.nii.gz,/scratch/ishaan/adni_trillium/derivatives/bsc/036_S_4538_m48_2016-02-08,2016-06-01,3.5811088295687883,3.0
036_S_4538_m66_2017-08-09,036_S_4538,/project/rrg-mchakrav-ab/moncia/ADNI/bids_adni3/sub-036S4538/ses-m66/anat/sub-036S4538_ses-m66_acq-3T_T1w.nii.gz,/scratch/ishaan/adni_trillium/derivatives/bsc/036_S_4538_m66_2017-08-09,2017-10-31,4.996577686516085,3.0
036_S_4714_m03_2012-07-30,036_S_4714,/project/rrg-mchakrav-ab/moncia/ADNI/bids_adni_go2/sub-036S4714/ses-m03/anat/sub-036S4714_ses-m03_acq-3Taccel_T1w.nii.gz,/scratch/ishaan/adni_trillium/derivatives/bsc/036_S_4714_m03_2012-07-30,2012-07-30,0.0,3.0
036_S_4714_m06_2012-10-29,036_S_4714,/project/rrg-mchakrav-ab/moncia/ADNI/bids_adni_go2/sub-036S4714/ses-m06/anat/sub-036S4714_ses-m06_acq-3Taccel_T1w.nii.gz,/scratch/ishaan/adni_trillium/derivatives/bsc/036_S_4714_m06_2012-10-29,2012-12-04,0.34770704996577684,3.0
036_S_4714_m12_2013-04-30,036_S_4714,/project/rrg-mchakrav-ab/moncia/ADNI/bids_adni_go2/sub-036S4714/ses-m12/anat/sub-036S4714_ses-m12_acq-3Taccel_T1w.nii.gz,/scratch/ishaan/adni_trillium/derivatives/bsc/036_S_4714_m12_2013-04-30,2013-05-29,0.8295687885010267,3.0
036_S_4714_m24_2014-04-30,036_S_4714,/project/rrg-mchakrav-ab/moncia/ADNI/bids_adni_go2/sub-036S4714/ses-m24/anat/sub-036S4714_ses-m24_acq-3Taccel_T1w.nii.gz,/scratch/ishaan/adni_trillium/derivatives/bsc/036_S_4714_m24_2014-04-30,2014-06-10,1.8617385352498288,3.0
036_S_4736_m03_2012-08-13,036_S_4736,/project/rrg-mchakrav-ab/moncia/ADNI/bids_adni_go2/sub-036S4736/ses-m03/anat/sub-036S4736_ses-m03_acq-3Taccel_T1w.nii.gz,/scratch/ishaan/adni_trillium/derivatives/bsc/036_S_4736_m03_2012-08-13,2012-09-10,0.0,3.0
036_S_4736_m06_2012-11-12,036_S_4736,/project/rrg-mchakrav-ab/moncia/ADNI/bids_adni_go2/sub-036S4736/ses-m06/anat/sub-036S4736_ses-m06_acq-3Taccel_T1w.nii.gz,/scratch/ishaan/adni_trillium/derivatives/bsc/036_S_4736_m06_2012-11-12,2012-12-06,0.23819301848049282,3.0
036_S_4736_m12_2013-05-14,036_S_4736,/project/rrg-mchakrav-ab/moncia/ADNI/bids_adni_go2/sub-036S4736/ses-m12/anat/sub-036S4736_ses-m12_acq-3Taccel_T1w.nii.gz,/scratch/ishaan/adni_trillium/derivatives/bsc/036_S_4736_m12_2013-05-14,2013-06-12,0.7529089664613279,3.0
036_S_4736_m24_2014-05-14,036_S_4736,/project/rrg-mchakrav-ab/moncia/ADNI/bids_adni_go2/sub-036S4736/ses-m24/anat/sub-036S4736_ses-m24_acq-3Taccel_T1w.nii.gz,/scratch/ishaan/adni_trillium/derivatives/bsc/036_S_4736_m24_2014-05-14,2014-06-30,1.8015058179329226,3.0
037_S_0150_sc_2006-03-10,037_S_0150,/project/rrg-mchakrav-ab/moncia/ADNI/bids_adni1/sub-037S0150/ses-sc/anat/sub-037S0150_ses-sc_acq-15T_T1w.nii.gz,/scratch/ishaan/adni_trillium/derivatives/bsc/037_S_0150_sc_2006-03-10,2006-02-01,0.0,1.5
037_S_0150_m06_2006-09-08,037_S_0150,/project/rrg-mchakrav-ab/moncia/ADNI/bids_adni1/sub-037S0150/ses-m06/anat/sub-037S0150_ses-m06_acq-15T_T1w.nii.gz,/scratch/ishaan/adni_trillium/derivatives/bsc/037_S_0150_m06_2006-09-08,2006-09-20,0.6324435318275154,1.5
037_S_0150_m12_2007-03-10,037_S_0150,/project/rrg-mchakrav-ab/moncia/ADNI/bids_adni1/sub-037S0150/ses-m12/anat/sub-037S0150_ses-m12_acq-15T_T1w.nii.gz,/scratch/ishaan/adni_trillium/derivatives/bsc/037_S_0150_m12_2007-03-10,2007-03-21,1.1307323750855578,1.5
037_S_0150_m18_2007-09-08,037_S_0150,/project/rrg-mchakrav-ab/moncia/ADNI/bids_adni1/sub-037S0150/ses-m18/anat/sub-037S0150_ses-m18_acq-15T_T1w.nii.gz,/scratch/ishaan/adni_trillium/derivatives/bsc/037_S_0150_m18_2007-09-08,2007-09-12,1.6098562628336757,1.5
037_S_0150_m24_2008-03-09,037_S_0150,/project/rrg-mchakrav-ab/moncia/ADNI/bids_adni1/sub-037S0150/ses-m24/anat/sub-037S0150_ses-m24_acq-15T_T1w.nii.gz,/scratch/ishaan/adni_trillium/derivatives/bsc/037_S_0150_m24_2008-03-09,2008-02-27,2.0698151950718686,1.5
037_S_0150_m36_2009-03-09,037_S_0150,/project/rrg-mchakrav-ab/moncia/ADNI/bids_adni1/sub-037S0150/ses-m36/anat/sub-037S0150_ses-m36_acq-15T_T1w.nii.gz,/scratch/ishaan/adni_trillium/derivatives/bsc/037_S_0150_m36_2009-03-09,2009-04-22,3.2197125256673513,1.5
037_S_0150_m96_2014-03-10,037_S_0150,/project/rrg-mchakrav-ab/moncia/ADNI/bids_adni_go2/sub-037S0150/ses-m96/anat/sub-037S0150_ses-m96_acq-3Taccel_T1w.nii.gz,/scratch/ishaan/adni_trillium/derivatives/bsc/037_S_0150_m96_2014-03-10,2014-05-07,8.260095824777549,3.0
037_S_0150_m120_2016-03-09,037_S_0150,/project/rrg-mchakrav-ab/moncia/ADNI/bids_adni_go2/sub-037S0150/ses-m120/anat/sub-037S0150_ses-m120_acq-3Taccel_T1w.nii.gz,/scratch/ishaan/adni_trillium/derivatives/bsc/037_S_0150_m120_2016-03-09,2016-03-16,10.119096509240247,3.0
037_S_0377_m18_2007-12-17,037_S_0377,/project/rrg-mchakrav-ab/moncia/ADNI/bids_adni1/sub-037S0377/ses-m18/anat/sub-037S0377_ses-m18_acq-15T_T1w.nii.gz,/scratch/ishaan/adni_trillium/derivatives/bsc/037_S_0377_m18_2007-12-17,2007-11-28,0.0,1.5
037_S_0377_m24_2008-06-17,037_S_0377,/project/rrg-mchakrav-ab/moncia/ADNI/bids_adni1/sub-037S0377/ses-m24/anat/sub-037S0377_ses-m24_acq-15T_T1w.nii.gz,/scratch/ishaan/adni_trillium/derivatives/bsc/037_S_0377_m24_2008-06-17,2008-06-16,0.5503080082135524,1.5
037_S_0377_m36_2009-06-17,037_S_0377,/project/rrg-mchakrav-ab/moncia/ADNI/bids_adni1/sub-037S0377/ses-m36/anat/sub-037S0377_ses-m36_acq-15T_T1w.nii.gz,/scratch/ishaan/adni_trillium/derivatives/bsc/037_S_0377_m36_2009-06-17,2009-08-17,1.7193702943189597,1.5
037_S_0377_m96_2014-06-18,037_S_0377,/project/rrg-mchakrav-ab/moncia/ADNI/bids_adni_go2/sub-037S0377/ses-m96/anat/sub-037S0377_ses-m96_acq-3Taccel_T1w.nii.gz,/scratch/ishaan/adni_trillium/derivatives/bsc/037_S_0377_m96_2014-06-18,2014-02-14,6.2149212867898695,3.0
037_S_0377_m120_2016-06-17,037_S_0377,/project/rrg-mchakrav-ab/moncia/ADNI/bids_adni_go2/sub-037S0377/ses-m120/anat/sub-037S0377_ses-m120_acq-3Taccel_T1w.nii.gz,/scratch/ishaan/adni_trillium/derivatives/bsc/037_S_0377_m120_2016-06-17,2016-06-08,8.528405201916495,3.0
037_S_0377_m132_2017-06-18,037_S_0377,/project/rrg-mchakrav-ab/moncia/ADNI/bids_adni3/sub-037S0377/ses-m132/anat/sub-037S0377_ses-m132_acq-3T_T1w.nii.gz,/scratch/ishaan/adni_trillium/derivatives/bsc/037_S_0377_m132_2017-06-18,2017-04-07,9.357973990417522,3.0
037_S_0377_m144_2018-06-18,037_S_0377,/project/rrg-mchakrav-ab/moncia/ADNI/bids_adni3/sub-037S0377/ses-m144/anat/sub-037S0377_ses-m144_acq-3T_T1w.nii.gz,/scratch/ishaan/adni_trillium/derivatives/bsc/037_S_0377_m144_2018-06-18,2018-03-14,10.291581108829568,3.0
037_S_0377_m156_2019-06-18,037_S_0377,/project/rrg-mchakrav-ab/moncia/ADNI/bids_adni3/sub-037S0377/ses-m156/anat/sub-037S0377_ses-m156_acq-3T_T1w.nii.gz,/scratch/ishaan/adni_trillium/derivatives/bsc/037_S_0377_m156_2019-06-18,2019-06-05,11.51813826146475,3.0
037_S_0501_m06_2006-12-22,037_S_0501,/project/rrg-mchakrav-ab/moncia/ADNI/bids_adni1/sub-037S0501/ses-m06/anat/sub-037S0501_ses-m06_acq-15T_T1w.nii.gz,/scratch/ishaan/adni_trillium/derivatives/bsc/037_S_0501_m06_2006-12-22,2007-01-05,0.0,2.9
037_S_0501_m12_2007-06-23,037_S_0501,/project/rrg-mchakrav-ab/moncia/ADNI/bids_adni1/sub-037S0501/ses-m12/anat/sub-037S0501_ses-m12_acq-15T_T1w.nii.gz,/scratch/ishaan/adni_trillium/derivatives/bsc/037_S_0501_m12_2007-06-23,2007-07-11,0.5119780971937029,3.0
037_S_0501_m24_2008-06-22,037_S_0501,/project/rrg-mchakrav-ab/moncia/ADNI/bids_adni1/sub-037S0501/ses-m24/anat/sub-037S0501_ses-m24_acq-3T_T1w.nii.gz,/scratch/ishaan/adni_trillium/derivatives/bsc/037_S_0501_m24_2008-06-22,2008-06-25,1.4702258726899384,3.0
037_S_0501_m36_2009-06-22,037_S_0501,/project/rrg-mchakrav-ab/moncia/ADNI/bids_adni1/sub-037S0501/ses-m36/anat/sub-037S0501_ses-m36_acq-15T_T1w.nii.gz,/scratch/ishaan/adni_trillium/derivatives/bsc/037_S_0501_m36_2009-06-22,2009-09-23,2.7159479808350446,3.0
037_S_0501_m84_2013-06-22,037_S_0501,/project/rrg-mchakrav-ab/moncia/ADNI/bids_adni_go2/sub-037S0501/ses-m84/anat/sub-037S0501_ses-m84_acq-3Taccel_T1w.nii.gz,/scratch/ishaan/adni_trillium/derivatives/bsc/037_S_0501_m84_2013-06-22,2013-04-22,6.294318959616701,3.0
037_S_0566_m06_2007-02-12,037_S_0566,/project/rrg-mchakrav-ab/moncia/ADNI/bids_adni1/sub-037S0566/ses-m06/anat/sub-037S0566_ses-m06_acq-15T_T1w.nii.gz,/scratch/ishaan/adni_trillium/derivatives/bsc/037_S_0566_m06_2007-02-12,2007-02-16,0.0,1.5
037_S_0566_m12_2007-08-14,037_S_0566,/project/rrg-mchakrav-ab/moncia/ADNI/bids_adni1/sub-037S0566/ses-m12/anat/sub-037S0566_ses-m12_acq-15T_T1w.nii.gz,/scratch/ishaan/adni_trillium/derivatives/bsc/037_S_0566_m12_2007-08-14,2007-08-07,0.47091033538672145,1.5
037_S_0566_m18_2008-02-12,037_S_0566,/project/rrg-mchakrav-ab/moncia/ADNI/bids_adni1/sub-037S0566/ses-m18/anat/sub-037S0566_ses-m18_acq-15T_T1w.nii.gz,/scratch/ishaan/adni_trillium/derivatives/bsc/037_S_0566_m18_2008-02-12,2008-02-12,0.9883641341546886,1.5
037_S_0566_m24_2008-08-13,037_S_0566,/project/rrg-mchakrav-ab/moncia/ADNI/bids_adni1/sub-037S0566/ses-m24/anat/sub-037S0566_ses-m24_acq-15T_T1w.nii.gz,/scratch/ishaan/adni_trillium/derivatives/bsc/037_S_0566_m24_2008-08-13,2008-08-04,1.4647501711156743,1.5
037_S_0588_sc_2007-01-23,037_S_0588,/project/rrg-mchakrav-ab/moncia/ADNI/bids_adni1/sub-037S0588/ses-sc/anat/sub-037S0588_ses-sc_acq-15T_T1w.nii.gz,/scratch/ishaan/adni_trillium/derivatives/bsc/037_S_0588_sc_2007-01-23,2006-11-28,0.0,1.5
037_S_0588_m06_2007-07-24,037_S_0588,/project/rrg-mchakrav-ab/moncia/ADNI/bids_adni1/sub-037S0588/ses-m06/anat/sub-037S0588_ses-m06_acq-15T_T1w.nii.gz,/scratch/ishaan/adni_trillium/derivatives/bsc/037_S_0588_m06_2007-07-24,2007-07-03,0.5941136208076659,3.0
037_S_0588_m18_2008-07-23,037_S_0588,/project/rrg-mchakrav-ab/moncia/ADNI/bids_adni1/sub-037S0588/ses-m18/anat/sub-037S0588_ses-m18_acq-15T_T1w.nii.gz,/scratch/ishaan/adni_trillium/derivatives/bsc/037_S_0588_m18_2008-07-23,2008-06-17,1.5523613963039014,3.0
037_S_0588_m24_2009-01-22,037_S_0588,/project/rrg-mchakrav-ab/moncia/ADNI/bids_adni1/sub-037S0588/ses-m24/anat/sub-037S0588_ses-m24_acq-15T_T1w.nii.gz,/scratch/ishaan/adni_trillium/derivatives/bsc/037_S_0588_m24_2009-01-22,2009-03-06,2.269678302532512,3.0
037_S_1078_sc_2007-01-08,037_S_1078,/project/rrg-mchakrav-ab/moncia/ADNI/bids_adni1/sub-037S1078/ses-sc/anat/sub-037S1078_ses-sc_acq-15T_T1w.nii.gz,/scratch/ishaan/adni_trillium/derivatives/bsc/037_S_1078_sc_2007-01-08,2006-11-29,0.0,1.5
037_S_1078_m18_2008-07-08,037_S_1078,/project/rrg-mchakrav-ab/moncia/ADNI/bids_adni1/sub-037S1078/ses-m18/anat/sub-037S1078_ses-m18_acq-15T_T1w.nii.gz,/scratch/ishaan/adni_trillium/derivatives/bsc/037_S_1078_m18_2008-07-08,2008-08-18,1.7193702943189597,1.5
037_S_1078_m24_2009-01-07,037_S_1078,/project/rrg-mchakrav-ab/moncia/ADNI/bids_adni1/sub-037S1078/ses-m24/anat/sub-037S1078_ses-m24_acq-15T_T1w.nii.gz,/scratch/ishaan/adni_trillium/derivatives/bsc/037_S_1078_m24_2009-01-07,2009-03-18,2.299794661190965,1.5
037_S_1078_m36_2010-01-07,037_S_1078,/project/rrg-mchakrav-ab/moncia/ADNI/bids_adni1/sub-037S1078/ses-m36/anat/sub-037S1078_ses-m36_acq-15T_T1w.nii.gz,/scratch/ishaan/adni_trillium/derivatives/bsc/037_S_1078_m36_2010-01-07,2010-03-01,3.252566735112936,1.5
037_S_1225_bl_2007-02-12,037_S_1225,/project/rrg-mchakrav-ab/moncia/ADNI/bids_adni1/sub-037S1225/ses-bl/anat/sub-037S1225_ses-bl_acq-3T_T1w.nii.gz,/scratch/ishaan/adni_trillium/derivatives/bsc/037_S_1225_bl_2007-02-12,2007-01-24,0.0,1.5
037_S_1225_sc_2007-02-12,037_S_1225,/project/rrg-mchakrav-ab/moncia/ADNI/bids_adni1/sub-037S1225/ses-sc/anat/sub-037S1225_ses-sc_acq-15T_T1w.nii.gz,/scratch/ishaan/adni_trillium/derivatives/bsc/037_S_1225_sc_2007-02-12,2007-02-09,0.04380561259411362,2.9
037_S_1225_m06_2007-08-13,037_S_1225,/project/rrg-mchakrav-ab/moncia/ADNI/bids_adni1/sub-037S1225/ses-m06/anat/sub-037S1225_ses-m06_acq-15T_T1w.nii.gz,/scratch/ishaan/adni_trillium/derivatives/bsc/037_S_1225_m06_2007-08-13,2007-08-20,0.5694729637234771,3.0
037_S_1225_m12_2008-02-12,037_S_1225,/project/rrg-mchakrav-ab/moncia/ADNI/bids_adni1/sub-037S1225/ses-m12/anat/sub-037S1225_ses-m12_acq-15T_T1w.nii.gz,/scratch/ishaan/adni_trillium/derivatives/bsc/037_S_1225_m12_2008-02-12,2008-02-11,1.0485968514715949,3.0
037_S_1421_m06_2008-03-14,037_S_1421,/project/rrg-mchakrav-ab/moncia/ADNI/bids_adni1/sub-037S1421/ses-m06/anat/sub-037S1421_ses-m06_acq-15T_T1w.nii.gz,/scratch/ishaan/adni_trillium/derivatives/bsc/037_S_1421_m06_2008-03-14,2008-02-20,0.0,1.5
037_S_1421_m12_2008-09-13,037_S_1421,/project/rrg-mchakrav-ab/moncia/ADNI/bids_adni1/sub-037S1421/ses-m12/anat/sub-037S1421_ses-m12_acq-15T_T1w.nii.gz,/scratch/ishaan/adni_trillium/derivatives/bsc/037_S_1421_m12_2008-09-13,2008-09-17,0.5749486652977412,1.5
037_S_1421_m18_2009-03-14,037_S_1421,/project/rrg-mchakrav-ab/moncia/ADNI/bids_adni1/sub-037S1421/ses-m18/anat/sub-037S1421_ses-m18_acq-15T_T1w.nii.gz,/scratch/ishaan/adni_trillium/derivatives/bsc/037_S_1421_m18_2009-03-14,2009-05-13,1.2265571526351813,1.5
037_S_1421_m36_2010-09-13,037_S_1421,/project/rrg-mchakrav-ab/moncia/ADNI/bids_adni1/sub-037S1421/ses-m36/anat/sub-037S1421_ses-m36_acq-15T_T1w.nii.gz,/scratch/ishaan/adni_trillium/derivatives/bsc/037_S_1421_m36_2010-09-13,2010-09-24,2.5927446954141,1.5
037_S_4030_m03_2011-07-25,037_S_4030,/project/rrg-mchakrav-ab/moncia/ADNI/bids_adni_go2/sub-037S4030/ses-m03/anat/sub-037S4030_ses-m03_acq-3Taccel_T1w.nii.gz,/scratch/ishaan/adni_trillium/derivatives/bsc/037_S_4030_m03_2011-07-25,2011-08-01,0.0,3.0
037_S_4030_m06_2011-10-24,037_S_4030,/project/rrg-mchakrav-ab/moncia/ADNI/bids_adni_go2/sub-037S4030/ses-m06/anat/sub-037S4030_ses-m06_acq-3Taccel_T1w.nii.gz,/scratch/ishaan/adni_trillium/derivatives/bsc/037_S_4030_m06_2011-10-24,2011-11-28,0.3258042436687201,3.0
037_S_4030_m12_2012-04-24,037_S_4030,/project/rrg-mchakrav-ab/moncia/ADNI/bids_adni_go2/sub-037S4030/ses-m12/anat/sub-037S4030_ses-m12_acq-3Taccel_T1w.nii.gz,/scratch/ishaan/adni_trillium/derivatives/bsc/037_S_4030_m12_2012-04-24,2012-05-14,0.785763175906913,3.0
037_S_4030_m24_2013-04-24,037_S_4030,/project/rrg-mchakrav-ab/moncia/ADNI/bids_adni_go2/sub-037S4030/ses-m24/anat/sub-037S4030_ses-m24_acq-3Taccel_T1w.nii.gz,/scratch/ishaan/adni_trillium/derivatives/bsc/037_S_4030_m24_2013-04-24,2013-05-29,1.8261464750171115,3.0
037_S_4146_m03_2011-11-30,037_S_4146,/project/rrg-mchakrav-ab/moncia/ADNI/bids_adni_go2/sub-037S4146/ses-m03/anat/sub-037S4146_ses-m03_acq-3Taccel_T1w.nii.gz,/scratch/ishaan/adni_trillium/derivatives/bsc/037_S_4146_m03_2011-11-30,2011-12-07,0.0,3.0
037_S_4146_m06_2012-02-29,037_S_4146,/project/rrg-mchakrav-ab/moncia/ADNI/bids_adni_go2/sub-037S4146/ses-m06/anat/sub-037S4146_ses-m06_acq-3Taccel_T1w.nii.gz,/scratch/ishaan/adni_trillium/derivatives/bsc/037_S_4146_m06_2012-02-29,2012-03-21,0.2874743326488706,3.0
037_S_4146_m12_2012-08-30,037_S_4146,/project/rrg-mchakrav-ab/moncia/ADNI/bids_adni_go2/sub-037S4146/ses-m12/anat/sub-037S4146_ses-m12_acq-3Taccel_T1w.nii.gz,/scratch/ishaan/adni_trillium/derivatives/bsc/037_S_4146_m12_2012-08-30,2012-09-19,0.785763175906913,3.0
037_S_4146_m24_2013-08-30,037_S_4146,/project/rrg-mchakrav-ab/moncia/ADNI/bids_adni_go2/sub-037S4146/ses-m24/anat/sub-037S4146_ses-m24_acq-3Taccel_T1w.nii.gz,/scratch/ishaan/adni_trillium/derivatives/bsc/037_S_4146_m24_2013-08-30,2013-09-23,1.7960301163586585,3.0
037_S_4146_m48_2015-08-31,037_S_4146,/project/rrg-mchakrav-ab/moncia/ADNI/bids_adni_go2/sub-037S4146/ses-m48/anat/sub-037S4146_ses-m48_acq-3Taccel_T1w.nii.gz,/scratch/ishaan/adni_trillium/derivatives/bsc/037_S_4146_m48_2015-08-31,2015-09-02,3.7371663244353184,3.0
037_S_4214_m03_2011-11-23,037_S_4214,/project/rrg-mchakrav-ab/moncia/ADNI/bids_adni_go2/sub-037S4214/ses-m03/anat/sub-037S4214_ses-m03_acq-3Taccel_T1w.nii.gz,/scratch/ishaan/adni_trillium/derivatives/bsc/037_S_4214_m03_2011-11-23,2011-12-13,0.0,3.0
037_S_4214_m06_2012-02-22,037_S_4214,/project/rrg-mchakrav-ab/moncia/ADNI/bids_adni_go2/sub-037S4214/ses-m06/anat/sub-037S4214_ses-m06_acq-3Taccel_T1w.nii.gz,/scratch/ishaan/adni_trillium/derivatives/bsc/037_S_4214_m06_2012-02-22,2012-04-02,0.30390143737166325,3.0
037_S_4214_m12_2012-08-23,037_S_4214,/project/rrg-mchakrav-ab/moncia/ADNI/bids_adni_go2/sub-037S4214/ses-m12/anat/sub-037S4214_ses-m12_acq-3Taccel_T1w.nii.gz,/scratch/ishaan/adni_trillium/derivatives/bsc/037_S_4214_m12_2012-08-23,2012-10-01,0.8021902806297057,3.0
037_S_4214_m24_2013-08-23,037_S_4214,/project/rrg-mchakrav-ab/moncia/ADNI/bids_adni_go2/sub-037S4214/ses-m24/anat/sub-037S4214_ses-m24_acq-3Taccel_T1w.nii.gz,/scratch/ishaan/adni_trillium/derivatives/bsc/037_S_4214_m24_2013-08-23,2013-10-16,1.842573579739904,3.0
037_S_4214_m48_2015-08-24,037_S_4214,/project/rrg-mchakrav-ab/moncia/ADNI/bids_adni_go2/sub-037S4214/ses-m48/anat/sub-037S4214_ses-m48_acq-3Taccel_T1w.nii.gz,/scratch/ishaan/adni_trillium/derivatives/bsc/037_S_4214_m48_2015-08-24,2015-10-16,3.8412046543463383,3.0
037_S_4214_m66_2017-02-22,037_S_4214,/project/rrg-mchakrav-ab/moncia/ADNI/bids_adni_go2/sub-037S4214/ses-m66/anat/sub-037S4214_ses-m66_acq-3Taccel_T1w.nii.gz,/scratch/ishaan/adni_trillium/derivatives/bsc/037_S_4214_m66_2017-02-22,2017-02-13,5.171800136892539,3.0
037_S_4214_m84_2018-08-23,037_S_4214,/project/rrg-mchakrav-ab/moncia/ADNI/bids_adni3/sub-037S4214/ses-m84/anat/sub-037S4214_ses-m84_acq-3T_T1w.nii.gz,/scratch/ishaan/adni_trillium/derivatives/bsc/037_S_4214_m84_2018-08-23,2018-09-26,6.787132101300479,3.0
037_S_4214_m90_2019-02-22,037_S_4214,/project/rrg-mchakrav-ab/moncia/ADNI/bids_adni3/sub-037S4214/ses-m90/anat/sub-037S4214_ses-m90_acq-3T_T1w.nii.gz,/scratch/ishaan/adni_trillium/derivatives/bsc/037_S_4214_m90_2019-02-22,2019-01-30,7.132101300479124,3.0
037_S_4214_m114_2021-02-22,037_S_4214,/project/rrg-mchakrav-ab/moncia/ADNI/bids_adni3/sub-037S4214/ses-m114/anat/sub-037S4214_ses-m114_acq-3T_T1w.nii.gz,/scratch/ishaan/adni_trillium/derivatives/bsc/037_S_4214_m114_2021-02-22,2021-03-18,9.262149212867898,3.0
037_S_4302_m03_2012-01-13,037_S_4302,/project/rrg-mchakrav-ab/moncia/ADNI/bids_adni_go2/sub-037S4302/ses-m03/anat/sub-037S4302_ses-m03_acq-3Taccel_T1w.nii.gz,/scratch/ishaan/adni_trillium/derivatives/bsc/037_S_4302_m03_2012-01-13,2012-01-27,0.0,3.0
037_S_4302_m06_2012-04-13,037_S_4302,/project/rrg-mchakrav-ab/moncia/ADNI/bids_adni_go2/sub-037S4302/ses-m06/anat/sub-037S4302_ses-m06_acq-3Taccel_T1w.nii.gz,/scratch/ishaan/adni_trillium/derivatives/bsc/037_S_4302_m06_2012-04-13,2012-05-30,0.3394934976043806,3.0
037_S_4302_m12_2012-10-13,037_S_4302,/project/rrg-mchakrav-ab/moncia/ADNI/bids_adni_go2/sub-037S4302/ses-m12/anat/sub-037S4302_ses-m12_acq-3Taccel_T1w.nii.gz,/scratch/ishaan/adni_trillium/derivatives/bsc/037_S_4302_m12_2012-10-13,2012-11-07,0.7802874743326489,3.0
037_S_4302_m24_2013-10-13,037_S_4302,/project/rrg-mchakrav-ab/moncia/ADNI/bids_adni_go2/sub-037S4302/ses-m24/anat/sub-037S4302_ses-m24_acq-3Taccel_T1w.nii.gz,/scratch/ishaan/adni_trillium/derivatives/bsc/037_S_4302_m24_2013-10-13,2013-12-11,1.8726899383983573,3.0
037_S_4302_m48_2015-10-14,037_S_4302,/project/rrg-mchakrav-ab/moncia/ADNI/bids_adni_go2/sub-037S4302/ses-m48/anat/sub-037S4302_ses-m48_acq-3Taccel_T1w.nii.gz,/scratch/ishaan/adni_trillium/derivatives/bsc/037_S_4302_m48_2015-10-14,2015-12-02,3.8466803559206024,3.0
037_S_4302_m60_2016-10-13,037_S_4302,/project/rrg-mchakrav-ab/moncia/ADNI/bids_adni_go2/sub-037S4302/ses-m60/anat/sub-037S4302_ses-m60_acq-3Taccel_T1w.nii.gz,/scratch/ishaan/adni_trillium/derivatives/bsc/037_S_4302_m60_2016-10-13,2017-01-25,4.996577686516085,3.0
037_S_4381_m03_2012-04-09,037_S_4381,/project/rrg-mchakrav-ab/moncia/ADNI/bids_adni_go2/sub-037S4381/ses-m03/anat/sub-037S4381_ses-m03_acq-3Taccel_T1w.nii.gz,/scratch/ishaan/adni_trillium/derivatives/bsc/037_S_4381_m03_2012-04-09,2012-04-20,0.0,3.0
037_S_4381_m06_2012-07-09,037_S_4381,/project/rrg-mchakrav-ab/moncia/ADNI/bids_adni_go2/sub-037S4381/ses-m06/anat/sub-037S4381_ses-m06_acq-3Taccel_T1w.nii.gz,/scratch/ishaan/adni_trillium/derivatives/bsc/037_S_4381_m06_2012-07-09,2012-08-10,0.3066392881587953,3.0
037_S_4381_m12_2013-01-08,037_S_4381,/project/rrg-mchakrav-ab/moncia/ADNI/bids_adni_go2/sub-037S4381/ses-m12/anat/sub-037S4381_ses-m12_acq-3Taccel_T1w.nii.gz,/scratch/ishaan/adni_trillium/derivatives/bsc/037_S_4381_m12_2013-01-08,2013-01-25,0.7665982203969883,3.0
037_S_4381_m24_2014-01-08,037_S_4381,/project/rrg-mchakrav-ab/moncia/ADNI/bids_adni_go2/sub-037S4381/ses-m24/anat/sub-037S4381_ses-m24_acq-3Taccel_T1w.nii.gz,/scratch/ishaan/adni_trillium/derivatives/bsc/037_S_4381_m24_2014-01-08,2014-03-21,1.9164955509924708,3.0
037_S_4381_m48_2016-01-09,037_S_4381,/project/rrg-mchakrav-ab/moncia/ADNI/bids_adni_go2/sub-037S4381/ses-m48/anat/sub-037S4381_ses-m48_acq-3Taccel_T1w.nii.gz,/scratch/ishaan/adni_trillium/derivatives/bsc/037_S_4381_m48_2016-01-09,2016-02-03,3.789185489390828,3.0
037_S_4750_m03_2012-09-03,037_S_4750,/project/rrg-mchakrav-ab/moncia/ADNI/bids_adni_go2/sub-037S4750/ses-m03/anat/sub-037S4750_ses-m03_acq-3Taccel_T1w.nii.gz,/scratch/ishaan/adni_trillium/derivatives/bsc/037_S_4750_m03_2012-09-03,2012-07-02,0.0,3.0
037_S_4750_m06_2012-12-03,037_S_4750,/project/rrg-mchakrav-ab/moncia/ADNI/bids_adni_go2/sub-037S4750/ses-m06/anat/sub-037S4750_ses-m06_acq-3Taccel_T1w.nii.gz,/scratch/ishaan/adni_trillium/derivatives/bsc/037_S_4750_m06_2012-12-03,2012-10-15,0.2874743326488706,3.0
037_S_4750_m12_2013-06-04,037_S_4750,/project/rrg-mchakrav-ab/moncia/ADNI/bids_adni_go2/sub-037S4750/ses-m12/anat/sub-037S4750_ses-m12_acq-3Taccel_T1w.nii.gz,/scratch/ishaan/adni_trillium/derivatives/bsc/037_S_4750_m12_2013-06-04,2013-08-12,1.111567419575633,3.0
037_S_4750_m24_2014-06-04,037_S_4750,/project/rrg-mchakrav-ab/moncia/ADNI/bids_adni_go2/sub-037S4750/ses-m24/anat/sub-037S4750_ses-m24_acq-3Taccel_T1w.nii.gz,/scratch/ishaan/adni_trillium/derivatives/bsc/037_S_4750_m24_2014-06-04,2014-08-11,2.108145106091718,3.0
041_S_0314_sc_2006-05-08,041_S_0314,/project/rrg-mchakrav-ab/moncia/ADNI/bids_adni1/sub-041S0314/ses-sc/anat/sub-041S0314_ses-sc_acq-15T_T1w.nii.gz,/scratch/ishaan/adni_trillium/derivatives/bsc/041_S_0314_sc_2006-05-08,2006-03-28,0.0,1.5
041_S_0314_m06_2006-11-06,041_S_0314,/project/rrg-mchakrav-ab/moncia/ADNI/bids_adni1/sub-041S0314/ses-m06/anat/sub-041S0314_ses-m06_acq-15T_T1w.nii.gz,/scratch/ishaan/adni_trillium/derivatives/bsc/041_S_0314_m06_2006-11-06,2007-02-26,0.917180013689254,1.5
041_S_0314_m12_2007-05-08,041_S_0314,/project/rrg-mchakrav-ab/moncia/ADNI/bids_adni1/sub-041S0314/ses-m12/anat/sub-041S0314_ses-m12_acq-15T_T1w.nii.gz,/scratch/ishaan/adni_trillium/derivatives/bsc/041_S_0314_m12_2007-05-08,2007-05-02,1.0951403148528405,1.5
041_S_0314_m18_2007-11-06,041_S_0314,/project/rrg-mchakrav-ab/moncia/ADNI/bids_adni1/sub-041S0314/ses-m18/anat/sub-041S0314_ses-m18_acq-15T_T1w.nii.gz,/scratch/ishaan/adni_trillium/derivatives/bsc/041_S_0314_m18_2007-11-06,2007-11-29,1.672826830937714,1.5
041_S_0314_m24_2008-05-07,041_S_0314,/project/rrg-mchakrav-ab/moncia/ADNI/bids_adni1/sub-041S0314/ses-m24/anat/sub-041S0314_ses-m24_acq-15T_T1w.nii.gz,/scratch/ishaan/adni_trillium/derivatives/bsc/041_S_0314_m24_2008-05-07,2008-04-14,2.0479123887748116,1.5
041_S_0679_sc_2006-08-04,041_S_0679,/project/rrg-mchakrav-ab/moncia/ADNI/bids_adni1/sub-041S0679/ses-sc/anat/sub-041S0679_ses-sc_acq-15T_T1w.nii.gz,/scratch/ishaan/adni_trillium/derivatives/bsc/041_S_0679_sc_2006-08-04,2006-07-20,0.0,1.5
041_S_0679_m06_2007-02-02,041_S_0679,/project/rrg-mchakrav-ab/moncia/ADNI/bids_adni1/sub-041S0679/ses-m06/anat/sub-041S0679_ses-m06_acq-15T_T1w.nii.gz,/scratch/ishaan/adni_trillium/derivatives/bsc/041_S_0679_m06_2007-02-02,2007-02-09,0.5585215605749486,1.5
041_S_0679_m12_2007-08-04,041_S_0679,/project/rrg-mchakrav-ab/moncia/ADNI/bids_adni1/sub-041S0679/ses-m12/anat/sub-041S0679_ses-m12_acq-15T_T1w.nii.gz,/scratch/ishaan/adni_trillium/derivatives/bsc/041_S_0679_m12_2007-08-04,2007-08-13,1.0650239561943875,1.5
041_S_0679_m24_2008-08-03,041_S_0679,/project/rrg-mchakrav-ab/moncia/ADNI/bids_adni1/sub-041S0679/ses-m24/anat/sub-041S0679_ses-m24_acq-15T_T1w.nii.gz,/scratch/ishaan/adni_trillium/derivatives/bsc/041_S_0679_m24_2008-08-03,2008-08-07,2.0506502395619437,1.5
041_S_0679_m48_2010-08-04,041_S_0679,/project/rrg-mchakrav-ab/moncia/ADNI/bids_adni1/sub-041S0679/ses-m48/anat/sub-041S0679_ses-m48_acq-15T_T1w.nii.gz,/scratch/ishaan/adni_trillium/derivatives/bsc/041_S_0679_m48_2010-08-04,2010-08-10,4.057494866529774,1.5
041_S_0679_m132_2017-08-04,041_S_0679,/project/rrg-mchakrav-ab/moncia/ADNI/bids_adni3/sub-041S0679/ses-m132/anat/sub-041S0679_ses-m132_acq-3T_T1w.nii.gz,/scratch/ishaan/adni_trillium/derivatives/bsc/041_S_0679_m132_2017-08-04,2017-07-05,10.959616700889802,3.0
041_S_0679_m144_2018-08-04,041_S_0679,/project/rrg-mchakrav-ab/moncia/ADNI/bids_adni3/sub-041S0679/ses-m144/anat/sub-041S0679_ses-m144_acq-3T_T1w.nii.gz,/scratch/ishaan/adni_trillium/derivatives/bsc/041_S_0679_m144_2018-08-04,2018-06-21,11.92060232717317,3.0
041_S_0679_m150_2019-02-03,041_S_0679,/project/rrg-mchakrav-ab/moncia/ADNI/bids_adni3/sub-041S0679/ses-m150/anat/sub-041S0679_ses-m150_acq-3T_T1w.nii.gz,/scratch/ishaan/adni_trillium/derivatives/bsc/041_S_0679_m150_2019-02-03,2019-05-01,12.780287474332649,3.0
041_S_0679_m186_2022-02-02,041_S_0679,/project/rrg-mchakrav-ab/moncia/ADNI/bids_adni3/sub-041S0679/ses-m186/anat/sub-041S0679_ses-m186_acq-3T_T1w.nii.gz,/scratch/ishaan/adni_trillium/derivatives/bsc/041_S_0679_m186_2022-02-02,2022-02-18,15.58384668035592,3.0
041_S_1010_sc_2007-02-07,041_S_1010,/project/rrg-mchakrav-ab/moncia/ADNI/bids_adni1/sub-041S1010/ses-sc/anat/sub-041S1010_ses-sc_acq-15T_T1w.nii.gz,/scratch/ishaan/adni_trillium/derivatives/bsc/041_S_1010_sc_2007-02-07,2006-12-12,0.0,1.5
041_S_1010_m06_2007-08-08,041_S_1010,/project/rrg-mchakrav-ab/moncia/ADNI/bids_adni1/sub-041S1010/ses-m06/anat/sub-041S1010_ses-m06_acq-15T_T1w.nii.gz,/scratch/ishaan/adni_trillium/derivatives/bsc/041_S_1010_m06_2007-08-08,2007-06-04,0.47638603696098564,1.5
041_S_1010_m12_2008-02-07,041_S_1010,/project/rrg-mchakrav-ab/moncia/ADNI/bids_adni1/sub-041S1010/ses-m12/anat/sub-041S1010_ses-m12_acq-15T_T1w.nii.gz,/scratch/ishaan/adni_trillium/derivatives/bsc/041_S_1010_m12_2008-02-07,2007-12-04,0.9774127310061602,1.5
041_S_1010_m18_2008-08-07,041_S_1010,/project/rrg-mchakrav-ab/moncia/ADNI/bids_adni1/sub-041S1010/ses-m18/anat/sub-041S1010_ses-m18_acq-15T_T1w.nii.gz,/scratch/ishaan/adni_trillium/derivatives/bsc/041_S_1010_m18_2008-08-07,2008-06-25,1.5359342915811087,1.5
041_S_1260_sc_2007-03-01,041_S_1260,/project/rrg-mchakrav-ab/moncia/ADNI/bids_adni1/sub-041S1260/ses-sc/anat/sub-041S1260_ses-sc_acq-15T_T1w.nii.gz,/scratch/ishaan/adni_trillium/derivatives/bsc/041_S_1260_sc_2007-03-01,2007-02-01,0.0,1.5
041_S_1260_m12_2008-02-29,041_S_1260,/project/rrg-mchakrav-ab/moncia/ADNI/bids_adni1/sub-041S1260/ses-m12/anat/sub-041S1260_ses-m12_acq-15T_T1w.nii.gz,/scratch/ishaan/adni_trillium/derivatives/bsc/041_S_1260_m12_2008-02-29,2008-03-03,1.0841889117043122,1.5
041_S_1260_m18_2008-08-29,041_S_1260,/project/rrg-mchakrav-ab/moncia/ADNI/bids_adni1/sub-041S1260/ses-m18/anat/sub-041S1260_ses-m18_acq-15T_T1w.nii.gz,/scratch/ishaan/adni_trillium/derivatives/bsc/041_S_1260_m18_2008-08-29,2008-09-24,1.6454483230663928,1.5
041_S_1260_m24_2009-02-28,041_S_1260,/project/rrg-mchakrav-ab/moncia/ADNI/bids_adni1/sub-041S1260/ses-m24/anat/sub-041S1260_ses-m24_acq-15T_T1w.nii.gz,/scratch/ishaan/adni_trillium/derivatives/bsc/041_S_1260_m24_2009-02-28,2009-03-04,2.086242299794661,1.5
041_S_1260_m36_2010-02-28,041_S_1260,/project/rrg-mchakrav-ab/moncia/ADNI/bids_adni1/sub-041S1260/ses-m36/anat/sub-041S1260_ses-m36_acq-15T_T1w.nii.gz,/scratch/ishaan/adni_trillium/derivatives/bsc/041_S_1260_m36_2010-02-28,2010-07-27,3.482546201232033,1.5
041_S_1418_sc_2007-08-14,041_S_1418,/project/rrg-mchakrav-ab/moncia/ADNI/bids_adni1/sub-041S1418/ses-sc/anat/sub-041S1418_ses-sc_acq-15T_T1w.nii.gz,/scratch/ishaan/adni_trillium/derivatives/bsc/041_S_1418_sc_2007-08-14,2007-07-27,0.0,1.5
041_S_1418_m06_2008-02-12,041_S_1418,/project/rrg-mchakrav-ab/moncia/ADNI/bids_adni1/sub-041S1418/ses-m06/anat/sub-041S1418_ses-m06_acq-15T_T1w.nii.gz,/scratch/ishaan/adni_trillium/derivatives/bsc/041_S_1418_m06_2008-02-12,2008-02-18,0.5639972621492129,1.5
041_S_1418_m12_2008-08-13,041_S_1418,/project/rrg-mchakrav-ab/moncia/ADNI/bids_adni1/sub-041S1418/ses-m12/anat/sub-041S1418_ses-m12_acq-15T_T1w.nii.gz,/scratch/ishaan/adni_trillium/derivatives/bsc/041_S_1418_m12_2008-08-13,2008-07-28,1.0047912388774811,1.5
041_S_1418_m18_2009-02-11,041_S_1418,/project/rrg-mchakrav-ab/moncia/ADNI/bids_adni1/sub-041S1418/ses-m18/anat/sub-041S1418_ses-m18_acq-15T_T1w.nii.gz,/scratch/ishaan/adni_trillium/derivatives/bsc/041_S_1418_m18_2009-02-11,2009-02-23,1.5797399041752225,1.5
041_S_1418_m24_2009-08-13,041_S_1418,/project/rrg-mchakrav-ab/moncia/ADNI/bids_adni1/sub-041S1418/ses-m24/anat/sub-041S1418_ses-m24_acq-15T_T1w.nii.gz,/scratch/ishaan/adni_trillium/derivatives/bsc/041_S_1418_m24_2009-08-13,2009-08-18,2.0616016427104724,1.5
041_S_1418_m36_2010-08-13,041_S_1418,/project/rrg-mchakrav-ab/moncia/ADNI/bids_adni1/sub-041S1418/ses-m36/anat/sub-041S1418_ses-m36_acq-15T_T1w.nii.gz,/scratch/ishaan/adni_trillium/derivatives/bsc/041_S_1418_m36_2010-08-13,2010-08-17,3.058179329226557,1.5
041_S_1418_m96_2015-08-14,041_S_1418,/project/rrg-mchakrav-ab/moncia/ADNI/bids_adni_go2/sub-041S1418/ses-m96/anat/sub-041S1418_ses-m96_acq-3Taccel_T1w.nii.gz,/scratch/ishaan/adni_trillium/derivatives/bsc/041_S_1418_m96_2015-08-14,2015-08-11,8.041067761806982,3.0
041_S_1418_m120_2017-08-13,041_S_1418,/project/rrg-mchakrav-ab/moncia/ADNI/bids_adni3/sub-041S1418/ses-m120/anat/sub-041S1418_ses-m120_acq-3T_T1w.nii.gz,/scratch/ishaan/adni_trillium/derivatives/bsc/041_S_1418_m120_2017-08-13,2017-08-04,10.023271731690622,3.0
041_S_1418_m132_2018-08-14,041_S_1418,/project/rrg-mchakrav-ab/moncia/ADNI/bids_adni3/sub-041S1418/ses-m132/anat/sub-041S1418_ses-m132_acq-3T_T1w.nii.gz,/scratch/ishaan/adni_trillium/derivatives/bsc/041_S_1418_m132_2018-08-14,2018-08-23,11.07460643394935,3.0
041_S_1418_m144_2019-08-14,041_S_1418,/project/rrg-mchakrav-ab/moncia/ADNI/bids_adni3/sub-041S1418/ses-m144/anat/sub-041S1418_ses-m144_acq-3T_T1w.nii.gz,/scratch/ishaan/adni_trillium/derivatives/bsc/041_S_1418_m144_2019-08-14,2019-07-24,11.991786447638603,3.0
041_S_1425_sc_2007-08-17,041_S_1425,/project/rrg-mchakrav-ab/moncia/ADNI/bids_adni1/sub-041S1425/ses-sc/anat/sub-041S1425_ses-sc_acq-15T_T1w.nii.gz,/scratch/ishaan/adni_trillium/derivatives/bsc/041_S_1425_sc_2007-08-17,2007-08-06,0.0,1.5
041_S_1425_m06_2008-02-15,041_S_1425,/project/rrg-mchakrav-ab/moncia/ADNI/bids_adni1/sub-041S1425/ses-m06/anat/sub-041S1425_ses-m06_acq-15T_T1w.nii.gz,/scratch/ishaan/adni_trillium/derivatives/bsc/041_S_1425_m06_2008-02-15,2008-02-06,0.5037645448323066,1.5
041_S_1425_m12_2008-08-16,041_S_1425,/project/rrg-mchakrav-ab/moncia/ADNI/bids_adni1/sub-041S1425/ses-m12/anat/sub-041S1425_ses-m12_acq-15T_T1w.nii.gz,/scratch/ishaan/adni_trillium/derivatives/bsc/041_S_1425_m12_2008-08-16,2008-08-07,1.0047912388774811,1.5
041_S_1425_m18_2009-02-14,041_S_1425,/project/rrg-mchakrav-ab/moncia/ADNI/bids_adni1/sub-041S1425/ses-m18/anat/sub-041S1425_ses-m18_acq-15T_T1w.nii.gz,/scratch/ishaan/adni_trillium/derivatives/bsc/041_S_1425_m18_2009-02-14,2009-02-23,1.5523613963039014,1.5
041_S_1425_m24_2009-08-16,041_S_1425,/project/rrg-mchakrav-ab/moncia/ADNI/bids_adni1/sub-041S1425/ses-m24/anat/sub-041S1425_ses-m24_acq-15T_T1w.nii.gz,/scratch/ishaan/adni_trillium/derivatives/bsc/041_S_1425_m24_2009-08-16,2009-08-19,2.0369609856262834,1.5
041_S_4004_m03_2011-06-28,041_S_4004,/project/rrg-mchakrav-ab/moncia/ADNI/bids_adni_go2/sub-041S4004/ses-m03/anat/sub-041S4004_ses-m03_acq-3Taccel_T1w.nii.gz,/scratch/ishaan/adni_trillium/derivatives/bsc/041_S_4004_m03_2011-06-28,2011-08-01,0.0,3.0
041_S_4004_m06_2011-09-27,041_S_4004,/project/rrg-mchakrav-ab/moncia/ADNI/bids_adni_go2/sub-041S4004/ses-m06/anat/sub-041S4004_ses-m06_acq-3Taccel_T1w.nii.gz,/scratch/ishaan/adni_trillium/derivatives/bsc/041_S_4004_m06_2011-09-27,2011-10-28,0.24093086926762491,3.0
041_S_4004_m12_2012-03-28,041_S_4004,/project/rrg-mchakrav-ab/moncia/ADNI/bids_adni_go2/sub-041S4004/ses-m12/anat/sub-041S4004_ses-m12_acq-3Taccel_T1w.nii.gz,/scratch/ishaan/adni_trillium/derivatives/bsc/041_S_4004_m12_2012-03-28,2012-04-30,0.7474332648870636,3.0
041_S_4004_m24_2013-03-28,041_S_4004,/project/rrg-mchakrav-ab/moncia/ADNI/bids_adni_go2/sub-041S4004/ses-m24/anat/sub-041S4004_ses-m24_acq-3Taccel_T1w.nii.gz,/scratch/ishaan/adni_trillium/derivatives/bsc/041_S_4004_m24_2013-03-28,2013-05-22,1.8069815195071868,3.0
041_S_4004_m36_2014-03-28,041_S_4004,/project/rrg-mchakrav-ab/moncia/ADNI/bids_adni_go2/sub-041S4004/ses-m36/anat/sub-041S4004_ses-m36_acq-3Taccel_T1w.nii.gz,/scratch/ishaan/adni_trillium/derivatives/bsc/041_S_4004_m36_2014-03-28,2014-04-28,2.7405886379192332,3.0
041_S_4004_m48_2015-03-29,041_S_4004,/project/rrg-mchakrav-ab/moncia/ADNI/bids_adni_go2/sub-041S4004/ses-m48/anat/sub-041S4004_ses-m48_acq-3Taccel_T1w.nii.gz,/scratch/ishaan/adni_trillium/derivatives/bsc/041_S_4004_m48_2015-03-29,2015-04-30,3.7453798767967146,3.0
041_S_4051_m03_2011-08-22,041_S_4051,/project/rrg-mchakrav-ab/moncia/ADNI/bids_adni_go2/sub-041S4051/ses-m03/anat/sub-041S4051_ses-m03_acq-3Taccel_T1w.nii.gz,/scratch/ishaan/adni_trillium/derivatives/bsc/041_S_4051_m03_2011-08-22,2011-09-23,0.0,3.0
041_S_4051_m06_2011-11-21,041_S_4051,/project/rrg-mchakrav-ab/moncia/ADNI/bids_adni_go2/sub-041S4051/ses-m06/anat/sub-041S4051_ses-m06_acq-3Taccel_T1w.nii.gz,/scratch/ishaan/adni_trillium/derivatives/bsc/041_S_4051_m06_2011-11-21,2012-01-10,0.29842573579739906,3.0
041_S_4051_m12_2012-05-22,041_S_4051,/project/rrg-mchakrav-ab/moncia/ADNI/bids_adni_go2/sub-041S4051/ses-m12/anat/sub-041S4051_ses-m12_acq-3Taccel_T1w.nii.gz,/scratch/ishaan/adni_trillium/derivatives/bsc/041_S_4051_m12_2012-05-22,2012-07-12,0.8021902806297057,3.0
041_S_4051_m24_2013-05-22,041_S_4051,/project/rrg-mchakrav-ab/moncia/ADNI/bids_adni_go2/sub-041S4051/ses-m24/anat/sub-041S4051_ses-m24_acq-3Taccel_T1w.nii.gz,/scratch/ishaan/adni_trillium/derivatives/bsc/041_S_4051_m24_2013-05-22,2013-07-15,1.809719370294319,3.0
041_S_4051_m48_2015-05-23,041_S_4051,/project/rrg-mchakrav-ab/moncia/ADNI/bids_adni_go2/sub-041S4051/ses-m48/anat/sub-041S4051_ses-m48_acq-3Taccel_T1w.nii.gz,/scratch/ishaan/adni_trillium/derivatives/bsc/041_S_4051_m48_2015-05-23,2015-07-09,3.79192334017796,3.0
041_S_4051_m72_2017-05-22,041_S_4051,/project/rrg-mchakrav-ab/moncia/ADNI/bids_adni3/sub-041S4051/ses-m72/anat/sub-041S4051_ses-m72_acq-3T_T1w.nii.gz,/scratch/ishaan/adni_trillium/derivatives/bsc/041_S_4051_m72_2017-05-22,2017-07-05,5.782340862422998,3.0
041_S_4051_m96_2019-05-23,041_S_4051,/project/rrg-mchakrav-ab/moncia/ADNI/bids_adni3/sub-041S4051/ses-m96/anat/sub-041S4051_ses-m96_acq-3T_T1w.nii.gz,/scratch/ishaan/adni_trillium/derivatives/bsc/041_S_4051_m96_2019-05-23,2019-08-27,7.926078028747433,3.0
041_S_4138_m03_2011-10-19,041_S_4138,/project/rrg-mchakrav-ab/moncia/ADNI/bids_adni_go2/sub-041S4138/ses-m03/anat/sub-041S4138_ses-m03_acq-3Taccel_T1w.nii.gz,/scratch/ishaan/adni_trillium/derivatives/bsc/041_S_4138_m03_2011-10-19,2011-10-21,0.0,3.0
041_S_4138_m06_2012-01-18,041_S_4138,/project/rrg-mchakrav-ab/moncia/ADNI/bids_adni_go2/sub-041S4138/ses-m06/anat/sub-041S4138_ses-m06_acq-3Taccel_T1w.nii.gz,/scratch/ishaan/adni_trillium/derivatives/bsc/041_S_4138_m06_2012-01-18,2012-03-28,0.4353182751540041,3.0
041_S_4138_m12_2012-07-19,041_S_4138,/project/rrg-mchakrav-ab/moncia/ADNI/bids_adni_go2/sub-041S4138/ses-m12/anat/sub-041S4138_ses-m12_acq-3Taccel_T1w.nii.gz,/scratch/ishaan/adni_trillium/derivatives/bsc/041_S_4138_m12_2012-07-19,2012-10-10,0.971937029431896,3.0
041_S_4138_m24_2013-07-19,041_S_4138,/project/rrg-mchakrav-ab/moncia/ADNI/bids_adni_go2/sub-041S4138/ses-m24/anat/sub-041S4138_ses-m24_acq-3Taccel_T1w.nii.gz,/scratch/ishaan/adni_trillium/derivatives/bsc/041_S_4138_m24_2013-07-19,2013-09-11,1.891854893908282,3.0
041_S_4138_m48_2015-07-20,041_S_4138,/project/rrg-mchakrav-ab/moncia/ADNI/bids_adni_go2/sub-041S4138/ses-m48/anat/sub-041S4138_ses-m48_acq-3Taccel_T1w.nii.gz,/scratch/ishaan/adni_trillium/derivatives/bsc/041_S_4138_m48_2015-07-20,2015-08-20,3.8302532511978096,3.0
041_S_4143_m03_2011-10-25,041_S_4143,/project/rrg-mchakrav-ab/moncia/ADNI/bids_adni_go2/sub-041S4143/ses-m03/anat/sub-041S4143_ses-m03_acq-3Taccel_T1w.nii.gz,/scratch/ishaan/adni_trillium/derivatives/bsc/041_S_4143_m03_2011-10-25,2011-11-22,0.0,3.0
041_S_4143_m06_2012-01-24,041_S_4143,/project/rrg-mchakrav-ab/moncia/ADNI/bids_adni_go2/sub-041S4143/ses-m06/anat/sub-041S4143_ses-m06_acq-3Taccel_T1w.nii.gz,/scratch/ishaan/adni_trillium/derivatives/bsc/041_S_4143_m06_2012-01-24,2012-02-23,0.2546201232032854,3.0
041_S_4143_m12_2012-07-25,041_S_4143,/project/rrg-mchakrav-ab/moncia/ADNI/bids_adni_go2/sub-041S4143/ses-m12/anat/sub-041S4143_ses-m12_acq-3Taccel_T1w.nii.gz,/scratch/ishaan/adni_trillium/derivatives/bsc/041_S_4143_m12_2012-07-25,2012-09-04,0.785763175906913,3.0
041_S_4143_m24_2013-07-25,041_S_4143,/project/rrg-mchakrav-ab/moncia/ADNI/bids_adni_go2/sub-041S4143/ses-m24/anat/sub-041S4143_ses-m24_acq-3Taccel_T1w.nii.gz,/scratch/ishaan/adni_trillium/derivatives/bsc/041_S_4143_m24_2013-07-25,2013-08-28,1.7659137577002053,3.0
041_S_4143_m48_2015-07-26,041_S_4143,/project/rrg-mchakrav-ab/moncia/ADNI/bids_adni_go2/sub-041S4143/ses-m48/anat/sub-041S4143_ses-m48_acq-3Taccel_T1w.nii.gz,/scratch/ishaan/adni_trillium/derivatives/bsc/041_S_4143_m48_2015-07-26,2015-08-25,3.756331279945243,3.0
041_S_4271_m03_2011-12-28,041_S_4271,/project/rrg-mchakrav-ab/moncia/ADNI/bids_adni_go2/sub-041S4271/ses-m03/anat/sub-041S4271_ses-m03_acq-3Taccel_T1w.nii.gz,/scratch/ishaan/adni_trillium/derivatives/bsc/041_S_4271_m03_2011-12-28,2012-01-23,0.0,3.0
041_S_4271_m06_2012-03-28,041_S_4271,/project/rrg-mchakrav-ab/moncia/ADNI/bids_adni_go2/sub-041S4271/ses-m06/anat/sub-041S4271_ses-m06_acq-3Taccel_T1w.nii.gz,/scratch/ishaan/adni_trillium/derivatives/bsc/041_S_4271_m06_2012-03-28,2012-04-25,0.2546201232032854,3.0
041_S_4271_m12_2012-09-27,041_S_4271,/project/rrg-mchakrav-ab/moncia/ADNI/bids_adni_go2/sub-041S4271/ses-m12/anat/sub-041S4271_ses-m12_acq-3Taccel_T1w.nii.gz,/scratch/ishaan/adni_trillium/derivatives/bsc/041_S_4271_m12_2012-09-27,2012-10-22,0.7474332648870636,3.0
041_S_4271_m24_2013-09-27,041_S_4271,/project/rrg-mchakrav-ab/moncia/ADNI/bids_adni_go2/sub-041S4271/ses-m24/anat/sub-041S4271_ses-m24_acq-3Taccel_T1w.nii.gz,/scratch/ishaan/adni_trillium/derivatives/bsc/041_S_4271_m24_2013-09-27,2013-10-16,1.730321697467488,3.0
041_S_4271_m48_2015-09-28,041_S_4271,/project/rrg-mchakrav-ab/moncia/ADNI/bids_adni_go2/sub-041S4271/ses-m48/anat/sub-041S4271_ses-m48_acq-3Taccel_T1w.nii.gz,/scratch/ishaan/adni_trillium/derivatives/bsc/041_S_4271_m48_2015-09-28,2015-10-13,3.7207392197125255,3.0
041_S_4271_m72_2017-09-27,041_S_4271,/project/rrg-mchakrav-ab/moncia/ADNI/bids_adni3/sub-041S4271/ses-m72/anat/sub-041S4271_ses-m72_acq-3T_T1w.nii.gz,/scratch/ishaan/adni_trillium/derivatives/bsc/041_S_4271_m72_2017-09-27,2017-09-29,5.683778234086242,3.0
041_S_4271_m84_2018-09-27,041_S_4271,/project/rrg-mchakrav-ab/moncia/ADNI/bids_adni3/sub-041S4271/ses-m84/anat/sub-041S4271_ses-m84_acq-3T_T1w.nii.gz,/scratch/ishaan/adni_trillium/derivatives/bsc/041_S_4271_m84_2018-09-27,2018-11-09,6.795345653661875,3.0
041_S_4510_m03_2012-05-07,041_S_4510,/project/rrg-mchakrav-ab/moncia/ADNI/bids_adni_go2/sub-041S4510/ses-m03/anat/sub-041S4510_ses-m03_acq-3Taccel_T1w.nii.gz,/scratch/ishaan/adni_trillium/derivatives/bsc/041_S_4510_m03_2012-05-07,2012-05-11,0.0,3.0
041_S_4510_m06_2012-08-06,041_S_4510,/project/rrg-mchakrav-ab/moncia/ADNI/bids_adni_go2/sub-041S4510/ses-m06/anat/sub-041S4510_ses-m06_acq-3Taccel_T1w.nii.gz,/scratch/ishaan/adni_trillium/derivatives/bsc/041_S_4510_m06_2012-08-06,2012-09-10,0.33401779603011633,3.0
041_S_4510_m12_2013-02-05,041_S_4510,/project/rrg-mchakrav-ab/moncia/ADNI/bids_adni_go2/sub-041S4510/ses-m12/anat/sub-041S4510_ses-m12_acq-3Taccel_T1w.nii.gz,/scratch/ishaan/adni_trillium/derivatives/bsc/041_S_4510_m12_2013-02-05,2013-03-11,0.8323066392881588,3.0
041_S_4510_m24_2014-02-05,041_S_4510,/project/rrg-mchakrav-ab/moncia/ADNI/bids_adni_go2/sub-041S4510/ses-m24/anat/sub-041S4510_ses-m24_acq-3Taccel_T1w.nii.gz,/scratch/ishaan/adni_trillium/derivatives/bsc/041_S_4510_m24_2014-02-05,2014-03-04,1.8124572210814511,3.0
041_S_4510_m48_2016-02-06,041_S_4510,/project/rrg-mchakrav-ab/moncia/ADNI/bids_adni_go2/sub-041S4510/ses-m48/anat/sub-041S4510_ses-m48_acq-3Taccel_T1w.nii.gz,/scratch/ishaan/adni_trillium/derivatives/bsc/041_S_4510_m48_2016-02-06,2016-03-10,3.8302532511978096,3.0
041_S_4510_m66_2017-08-07,041_S_4510,/project/rrg-mchakrav-ab/moncia/ADNI/bids_adni3/sub-041S4510/ses-m66/anat/sub-041S4510_ses-m66_acq-3T_T1w.nii.gz,/scratch/ishaan/adni_trillium/derivatives/bsc/041_S_4510_m66_2017-08-07,2017-10-03,5.3963039014373715,3.0
041_S_4720_m03_2012-08-02,041_S_4720,/project/rrg-mchakrav-ab/moncia/ADNI/bids_adni_go2/sub-041S4720/ses-m03/anat/sub-041S4720_ses-m03_acq-3Taccel_T1w.nii.gz,/scratch/ishaan/adni_trillium/derivatives/bsc/041_S_4720_m03_2012-08-02,2012-07-23,0.0,3.0
041_S_4720_m06_2012-11-01,041_S_4720,/project/rrg-mchakrav-ab/moncia/ADNI/bids_adni_go2/sub-041S4720/ses-m06/anat/sub-041S4720_ses-m06_acq-3Taccel_T1w.nii.gz,/scratch/ishaan/adni_trillium/derivatives/bsc/041_S_4720_m06_2012-11-01,2012-11-09,0.29842573579739906,3.0
041_S_4720_m12_2013-05-03,041_S_4720,/project/rrg-mchakrav-ab/moncia/ADNI/bids_adni_go2/sub-041S4720/ses-m12/anat/sub-041S4720_ses-m12_acq-3Taccel_T1w.nii.gz,/scratch/ishaan/adni_trillium/derivatives/bsc/041_S_4720_m12_2013-05-03,2013-05-17,0.8158795345653662,3.0
041_S_4720_m24_2014-05-03,041_S_4720,/project/rrg-mchakrav-ab/moncia/ADNI/bids_adni_go2/sub-041S4720/ses-m24/anat/sub-041S4720_ses-m24_acq-3Taccel_T1w.nii.gz,/scratch/ishaan/adni_trillium/derivatives/bsc/041_S_4720_m24_2014-05-03,2014-05-12,1.8015058179329226,3.0
041_S_4874_m03_2012-10-29,041_S_4874,/project/rrg-mchakrav-ab/moncia/ADNI/bids_adni_go2/sub-041S4874/ses-m03/anat/sub-041S4874_ses-m03_acq-3Taccel_T1w.nii.gz,/scratch/ishaan/adni_trillium/derivatives/bsc/041_S_4874_m03_2012-10-29,2012-11-05,0.0,3.0
041_S_4874_m06_2013-01-28,041_S_4874,/project/rrg-mchakrav-ab/moncia/ADNI/bids_adni_go2/sub-041S4874/ses-m06/anat/sub-041S4874_ses-m06_acq-3Taccel_T1w.nii.gz,/scratch/ishaan/adni_trillium/derivatives/bsc/041_S_4874_m06_2013-01-28,2013-03-06,0.33127994524298426,3.0
041_S_4874_m12_2013-07-30,041_S_4874,/project/rrg-mchakrav-ab/moncia/ADNI/bids_adni_go2/sub-041S4874/ses-m12/anat/sub-041S4874_ses-m12_acq-3Taccel_T1w.nii.gz,/scratch/ishaan/adni_trillium/derivatives/bsc/041_S_4874_m12_2013-07-30,2013-08-19,0.785763175906913,3.0
041_S_4874_m24_2014-07-30,041_S_4874,/project/rrg-mchakrav-ab/moncia/ADNI/bids_adni_go2/sub-041S4874/ses-m24/anat/sub-041S4874_ses-m24_acq-3Taccel_T1w.nii.gz,/scratch/ishaan/adni_trillium/derivatives/bsc/041_S_4874_m24_2014-07-30,2014-08-28,1.809719370294319,3.0
041_S_4874_m60_2017-07-30,041_S_4874,/project/rrg-mchakrav-ab/moncia/ADNI/bids_adni3/sub-041S4874/ses-m60/anat/sub-041S4874_ses-m60_acq-3T_T1w.nii.gz,/scratch/ishaan/adni_trillium/derivatives/bsc/041_S_4874_m60_2017-07-30,2017-08-04,4.744695414099931,3.0
041_S_4874_m72_2018-07-30,041_S_4874,/project/rrg-mchakrav-ab/moncia/ADNI/bids_adni3/sub-041S4874/ses-m72/anat/sub-041S4874_ses-m72_acq-3T_T1w.nii.gz,/scratch/ishaan/adni_trillium/derivatives/bsc/041_S_4874_m72_2018-07-30,2018-09-06,5.834360027378508,3.0
041_S_4874_m84_2019-07-30,041_S_4874,/project/rrg-mchakrav-ab/moncia/ADNI/bids_adni3/sub-041S4874/ses-m84/anat/sub-041S4874_ses-m84_acq-3T_T1w.nii.gz,/scratch/ishaan/adni_trillium/derivatives/bsc/041_S_4874_m84_2019-07-30,2019-08-15,6.7734428473648185,3.0
041_S_4874_m114_2022-01-29,041_S_4874,/project/rrg-mchakrav-ab/moncia/ADNI/bids_adni3/sub-041S4874/ses-m114/anat/sub-041S4874_ses-m114_acq-3T_T1w.nii.gz,/scratch/ishaan/adni_trillium/derivatives/bsc/041_S_4874_m114_2022-01-29,2022-03-29,9.39356605065024,3.0
041_S_4877_m03_2012-11-22,041_S_4877,/project/rrg-mchakrav-ab/moncia/ADNI/bids_adni_go2/sub-041S4877/ses-m03/anat/sub-041S4877_ses-m03_acq-3Taccel_T1w.nii.gz,/scratch/ishaan/adni_trillium/derivatives/bsc/041_S_4877_m03_2012-11-22,2012-12-12,0.0,3.0
041_S_4877_m06_2013-02-21,041_S_4877,/project/rrg-mchakrav-ab/moncia/ADNI/bids_adni_go2/sub-041S4877/ses-m06/anat/sub-041S4877_ses-m06_acq-3Taccel_T1w.nii.gz,/scratch/ishaan/adni_trillium/derivatives/bsc/041_S_4877_m06_2013-02-21,2013-03-27,0.2874743326488706,3.0
041_S_4877_m12_2013-08-23,041_S_4877,/project/rrg-mchakrav-ab/moncia/ADNI/bids_adni_go2/sub-041S4877/ses-m12/anat/sub-041S4877_ses-m12_acq-3Taccel_T1w.nii.gz,/scratch/ishaan/adni_trillium/derivatives/bsc/041_S_4877_m12_2013-08-23,2013-09-09,0.7419575633127995,3.0
041_S_4877_m24_2014-08-23,041_S_4877,/project/rrg-mchakrav-ab/moncia/ADNI/bids_adni_go2/sub-041S4877/ses-m24/anat/sub-041S4877_ses-m24_acq-3Taccel_T1w.nii.gz,/scratch/ishaan/adni_trillium/derivatives/bsc/041_S_4877_m24_2014-08-23,2014-10-07,1.8179329226557153,3.0
041_S_4974_m03_2013-01-10,041_S_4974,/project/rrg-mchakrav-ab/moncia/ADNI/bids_adni_go2/sub-041S4974/ses-m03/anat/sub-041S4974_ses-m03_acq-3Taccel_T1w.nii.gz,/scratch/ishaan/adni_trillium/derivatives/bsc/041_S_4974_m03_2013-01-10,2013-01-11,0.0,3.0
041_S_4974_m06_2013-04-11,041_S_4974,/project/rrg-mchakrav-ab/moncia/ADNI/bids_adni_go2/sub-041S4974/ses-m06/anat/sub-041S4974_ses-m06_acq-3Taccel_T1w.nii.gz,/scratch/ishaan/adni_trillium/derivatives/bsc/041_S_4974_m06_2013-04-11,2013-04-23,0.2792607802874743,3.0
041_S_4974_m12_2013-10-11,041_S_4974,/project/rrg-mchakrav-ab/moncia/ADNI/bids_adni_go2/sub-041S4974/ses-m12/anat/sub-041S4974_ses-m12_acq-3Taccel_T1w.nii.gz,/scratch/ishaan/adni_trillium/derivatives/bsc/041_S_4974_m12_2013-10-11,2013-10-30,0.7994524298425736,3.0
041_S_4974_m24_2014-10-11,041_S_4974,/project/rrg-mchakrav-ab/moncia/ADNI/bids_adni_go2/sub-041S4974/ses-m24/anat/sub-041S4974_ses-m24_acq-3Taccel_T1w.nii.gz,/scratch/ishaan/adni_trillium/derivatives/bsc/041_S_4974_m24_2014-10-11,2014-11-11,1.8316221765913758,3.0
041_S_4989_m03_2013-01-14,041_S_4989,/project/rrg-mchakrav-ab/moncia/ADNI/bids_adni_go2/sub-041S4989/ses-m03/anat/sub-041S4989_ses-m03_acq-3Taccel_T1w.nii.gz,/scratch/ishaan/adni_trillium/derivatives/bsc/041_S_4989_m03_2013-01-14,2013-01-14,0.0,3.0
041_S_4989_m06_2013-04-15,041_S_4989,/project/rrg-mchakrav-ab/moncia/ADNI/bids_adni_go2/sub-041S4989/ses-m06/anat/sub-041S4989_ses-m06_acq-3Taccel_T1w.nii.gz,/scratch/ishaan/adni_trillium/derivatives/bsc/041_S_4989_m06_2013-04-15,2013-04-26,0.2792607802874743,3.0
041_S_4989_m12_2013-10-15,041_S_4989,/project/rrg-mchakrav-ab/moncia/ADNI/bids_adni_go2/sub-041S4989/ses-m12/anat/sub-041S4989_ses-m12_acq-3Taccel_T1w.nii.gz,/scratch/ishaan/adni_trillium/derivatives/bsc/041_S_4989_m12_2013-10-15,2013-10-25,0.7775496235455168,3.0
041_S_4989_m24_2014-10-15,041_S_4989,/project/rrg-mchakrav-ab/moncia/ADNI/bids_adni_go2/sub-041S4989/ses-m24/anat/sub-041S4989_ses-m24_acq-3Taccel_T1w.nii.gz,/scratch/ishaan/adni_trillium/derivatives/bsc/041_S_4989_m24_2014-10-15,2014-11-11,1.8234086242299794,3.0
051_S_1072_bl_2006-12-20,051_S_1072,/project/rrg-mchakrav-ab/moncia/ADNI/bids_adni1/sub-051S1072/ses-bl/anat/sub-051S1072_ses-bl_acq-3T_T1w.nii.gz,/scratch/ishaan/adni_trillium/derivatives/bsc/051_S_1072_bl_2006-12-20,2006-11-24,0.0,1.5
051_S_1072_sc_2006-12-20,051_S_1072,/project/rrg-mchakrav-ab/moncia/ADNI/bids_adni1/sub-051S1072/ses-sc/anat/sub-051S1072_ses-sc_acq-15T_T1w.nii.gz,/scratch/ishaan/adni_trillium/derivatives/bsc/051_S_1072_sc_2006-12-20,2007-01-29,0.1806981519507187,3.0
051_S_1072_m06_2007-06-20,051_S_1072,/project/rrg-mchakrav-ab/moncia/ADNI/bids_adni1/sub-051S1072/ses-m06/anat/sub-051S1072_ses-m06_acq-15T_T1w.nii.gz,/scratch/ishaan/adni_trillium/derivatives/bsc/051_S_1072_m06_2007-06-20,2007-07-03,0.6050650239561944,1.5
051_S_1072_m12_2007-12-20,051_S_1072,/project/rrg-mchakrav-ab/moncia/ADNI/bids_adni1/sub-051S1072/ses-m12/anat/sub-051S1072_ses-m12_acq-3T_T1w.nii.gz,/scratch/ishaan/adni_trillium/derivatives/bsc/051_S_1072_m12_2007-12-20,2007-12-12,1.0485968514715949,1.5
051_S_1072_m18_2008-06-19,051_S_1072,/project/rrg-mchakrav-ab/moncia/ADNI/bids_adni1/sub-051S1072/ses-m18/anat/sub-051S1072_ses-m18_acq-15T_T1w.nii.gz,/scratch/ishaan/adni_trillium/derivatives/bsc/051_S_1072_m18_2008-06-19,2008-07-10,1.626283367556468,1.5
051_S_1072_m36_2009-12-19,051_S_1072,/project/rrg-mchakrav-ab/moncia/ADNI/bids_adni1/sub-051S1072/ses-m36/anat/sub-051S1072_ses-m36_acq-15T_T1w.nii.gz,/scratch/ishaan/adni_trillium/derivatives/bsc/051_S_1072_m36_2009-12-19,2010-02-05,3.2005475701574264,1.5
051_S_1131_bl_2007-01-18,051_S_1131,/project/rrg-mchakrav-ab/moncia/ADNI/bids_adni1/sub-051S1131/ses-bl/anat/sub-051S1131_ses-bl_acq-3T_T1w.nii.gz,/scratch/ishaan/adni_trillium/derivatives/bsc/051_S_1131_bl_2007-01-18,2006-12-15,0.0,1.5
051_S_1131_sc_2007-01-18,051_S_1131,/project/rrg-mchakrav-ab/moncia/ADNI/bids_adni1/sub-051S1131/ses-sc/anat/sub-051S1131_ses-sc_acq-15T_T1w.nii.gz,/scratch/ishaan/adni_trillium/derivatives/bsc/051_S_1131_sc_2007-01-18,2007-01-18,0.09308692676249145,3.0
051_S_1131_m06_2007-07-19,051_S_1131,/project/rrg-mchakrav-ab/moncia/ADNI/bids_adni1/sub-051S1131/ses-m06/anat/sub-051S1131_ses-m06_acq-15T_T1w.nii.gz,/scratch/ishaan/adni_trillium/derivatives/bsc/051_S_1131_m06_2007-07-19,2007-07-16,0.5831622176591376,3.0
051_S_1131_m18_2008-07-18,051_S_1131,/project/rrg-mchakrav-ab/moncia/ADNI/bids_adni1/sub-051S1131/ses-m18/anat/sub-051S1131_ses-m18_acq-15T_T1w.nii.gz,/scratch/ishaan/adni_trillium/derivatives/bsc/051_S_1131_m18_2008-07-18,2008-07-24,1.6071184120465434,3.0
051_S_1131_m24_2009-01-17,051_S_1131,/project/rrg-mchakrav-ab/moncia/ADNI/bids_adni1/sub-051S1131/ses-m24/anat/sub-051S1131_ses-m24_acq-15T_T1w.nii.gz,/scratch/ishaan/adni_trillium/derivatives/bsc/051_S_1131_m24_2009-01-17,2009-02-11,2.1601642710472277,1.5
051_S_1131_m36_2010-01-17,051_S_1131,/project/rrg-mchakrav-ab/moncia/ADNI/bids_adni1/sub-051S1131/ses-m36/anat/sub-051S1131_ses-m36_acq-15T_T1w.nii.gz,/scratch/ishaan/adni_trillium/derivatives/bsc/051_S_1131_m36_2010-01-17,2010-03-03,3.2142368240930868,1.5
052_S_0671_sc_2006-07-05,052_S_0671,/project/rrg-mchakrav-ab/moncia/ADNI/bids_adni1/sub-052S0671/ses-sc/anat/sub-052S0671_ses-sc_acq-15T_T1w.nii.gz,/scratch/ishaan/adni_trillium/derivatives/bsc/052_S_0671_sc_2006-07-05,2006-07-05,0.0,1.5
052_S_0671_m06_2007-01-03,052_S_0671,/project/rrg-mchakrav-ab/moncia/ADNI/bids_adni1/sub-052S0671/ses-m06/anat/sub-052S0671_ses-m06_acq-15T_T1w.nii.gz,/scratch/ishaan/adni_trillium/derivatives/bsc/052_S_0671_m06_2007-01-03,2007-01-19,0.5420944558521561,1.5
052_S_0671_m12_2007-07-05,052_S_0671,/project/rrg-mchakrav-ab/moncia/ADNI/bids_adni1/sub-052S0671/ses-m12/anat/sub-052S0671_ses-m12_acq-15T_T1w.nii.gz,/scratch/ishaan/adni_trillium/derivatives/bsc/052_S_0671_m12_2007-07-05,2007-07-04,0.9965776865160849,1.5
052_S_0671_m18_2008-01-03,052_S_0671,/project/rrg-mchakrav-ab/moncia/ADNI/bids_adni1/sub-052S0671/ses-m18/anat/sub-052S0671_ses-m18_acq-15T_T1w.nii.gz,/scratch/ishaan/adni_trillium/derivatives/bsc/052_S_0671_m18_2008-01-03,2008-01-15,1.5304585900068446,1.5
052_S_0671_m24_2008-07-04,052_S_0671,/project/rrg-mchakrav-ab/moncia/ADNI/bids_adni1/sub-052S0671/ses-m24/anat/sub-052S0671_ses-m24_acq-15T_T1w.nii.gz,/scratch/ishaan/adni_trillium/derivatives/bsc/052_S_0671_m24_2008-07-04,2008-09-04,2.1683778234086244,1.5
052_S_0671_m36_2009-07-04,052_S_0671,/project/rrg-mchakrav-ab/moncia/ADNI/bids_adni1/sub-052S0671/ses-m36/anat/sub-052S0671_ses-m36_acq-15T_T1w.nii.gz,/scratch/ishaan/adni_trillium/derivatives/bsc/052_S_0671_m36_2009-07-04,2009-12-21,3.463381245722108,1.5
052_S_0989_sc_2006-12-01,052_S_0989,/project/rrg-mchakrav-ab/moncia/ADNI/bids_adni1/sub-052S0989/ses-sc/anat/sub-052S0989_ses-sc_acq-15T_T1w.nii.gz,/scratch/ishaan/adni_trillium/derivatives/bsc/052_S_0989_sc_2006-12-01,2006-11-14,0.0,1.5
052_S_0989_m06_2007-06-01,052_S_0989,/project/rrg-mchakrav-ab/moncia/ADNI/bids_adni1/sub-052S0989/ses-m06/anat/sub-052S0989_ses-m06_acq-15T_T1w.nii.gz,/scratch/ishaan/adni_trillium/derivatives/bsc/052_S_0989_m06_2007-06-01,2007-06-08,0.5639972621492129,1.5
052_S_0989_m18_2008-05-31,052_S_0989,/project/rrg-mchakrav-ab/moncia/ADNI/bids_adni1/sub-052S0989/ses-m18/anat/sub-052S0989_ses-m18_acq-15T_T1w.nii.gz,/scratch/ishaan/adni_trillium/derivatives/bsc/052_S_0989_m18_2008-05-31,2008-06-17,1.5906913073237507,1.5
052_S_0989_m24_2008-11-30,052_S_0989,/project/rrg-mchakrav-ab/moncia/ADNI/bids_adni1/sub-052S0989/ses-m24/anat/sub-052S0989_ses-m24_acq-15T_T1w.nii.gz,/scratch/ishaan/adni_trillium/derivatives/bsc/052_S_0989_m24_2008-11-30,2008-12-22,2.105407255304586,1.5
052_S_0989_m36_2009-11-30,052_S_0989,/project/rrg-mchakrav-ab/moncia/ADNI/bids_adni1/sub-052S0989/ses-m36/anat/sub-052S0989_ses-m36_acq-15T_T1w.nii.gz,/scratch/ishaan/adni_trillium/derivatives/bsc/052_S_0989_m36_2009-11-30,2010-02-16,3.2580424366872007,1.5
052_S_1346_sc_2007-03-23,052_S_1346,/project/rrg-mchakrav-ab/moncia/ADNI/bids_adni1/sub-052S1346/ses-sc/anat/sub-052S1346_ses-sc_acq-15T_T1w.nii.gz,/scratch/ishaan/adni_trillium/derivatives/bsc/052_S_1346_sc_2007-03-23,2007-03-13,0.0,1.5
052_S_1346_m12_2008-03-22,052_S_1346,/project/rrg-mchakrav-ab/moncia/ADNI/bids_adni1/sub-052S1346/ses-m12/anat/sub-052S1346_ses-m12_acq-15T_T1w.nii.gz,/scratch/ishaan/adni_trillium/derivatives/bsc/052_S_1346_m12_2008-03-22,2008-04-30,1.1334702258726899,1.5
052_S_1346_m18_2008-09-20,052_S_1346,/project/rrg-mchakrav-ab/moncia/ADNI/bids_adni1/sub-052S1346/ses-m18/anat/sub-052S1346_ses-m18_acq-15T_T1w.nii.gz,/scratch/ishaan/adni_trillium/derivatives/bsc/052_S_1346_m18_2008-09-20,2008-10-28,1.6290212183436004,1.5
052_S_1346_m24_2009-03-22,052_S_1346,/project/rrg-mchakrav-ab/moncia/ADNI/bids_adni1/sub-052S1346/ses-m24/anat/sub-052S1346_ses-m24_acq-15T_T1w.nii.gz,/scratch/ishaan/adni_trillium/derivatives/bsc/052_S_1346_m24_2009-03-22,2009-04-03,2.0588637919233403,1.5
052_S_1346_m36_2010-03-22,052_S_1346,/project/rrg-mchakrav-ab/moncia/ADNI/bids_adni1/sub-052S1346/ses-m36/anat/sub-052S1346_ses-m36_acq-15T_T1w.nii.gz,/scratch/ishaan/adni_trillium/derivatives/bsc/052_S_1346_m36_2010-03-22,2010-06-11,3.247091033538672,1.5
052_S_1352_sc_2007-03-19,052_S_1352,/project/rrg-mchakrav-ab/moncia/ADNI/bids_adni1/sub-052S1352/ses-sc/anat/sub-052S1352_ses-sc_acq-15T_T1w.nii.gz,/scratch/ishaan/adni_trillium/derivatives/bsc/052_S_1352_sc_2007-03-19,2007-03-06,0.0,1.5
052_S_1352_m12_2008-03-18,052_S_1352,/project/rrg-mchakrav-ab/moncia/ADNI/bids_adni1/sub-052S1352/ses-m12/anat/sub-052S1352_ses-m12_acq-15T_T1w.nii.gz,/scratch/ishaan/adni_trillium/derivatives/bsc/052_S_1352_m12_2008-03-18,2008-04-21,1.1279945242984257,1.5
052_S_1352_m18_2008-09-16,052_S_1352,/project/rrg-mchakrav-ab/moncia/ADNI/bids_adni1/sub-052S1352/ses-m18/anat/sub-052S1352_ses-m18_acq-15T_T1w.nii.gz,/scratch/ishaan/adni_trillium/derivatives/bsc/052_S_1352_m18_2008-09-16,2008-10-27,1.6454483230663928,1.5
052_S_1352_m24_2009-03-18,052_S_1352,/project/rrg-mchakrav-ab/moncia/ADNI/bids_adni1/sub-052S1352/ses-m24/anat/sub-052S1352_ses-m24_acq-15T_T1w.nii.gz,/scratch/ishaan/adni_trillium/derivatives/bsc/052_S_1352_m24_2009-03-18,2009-05-28,2.2286105407255303,1.5
052_S_1352_m36_2010-03-18,052_S_1352,/project/rrg-mchakrav-ab/moncia/ADNI/bids_adni1/sub-052S1352/ses-m36/anat/sub-052S1352_ses-m36_acq-15T_T1w.nii.gz,/scratch/ishaan/adni_trillium/derivatives/bsc/052_S_1352_m36_2010-03-18,2010-06-04,3.247091033538672,1.5
052_S_1352_m96_2015-03-19,052_S_1352,/project/rrg-mchakrav-ab/moncia/ADNI/bids_adni_go2/sub-052S1352/ses-m96/anat/sub-052S1352_ses-m96_acq-3Taccel_T1w.nii.gz,/scratch/ishaan/adni_trillium/derivatives/bsc/052_S_1352_m96_2015-03-19,2015-04-10,8.095824777549623,3.0
052_S_1352_m138_2018-09-17,052_S_1352,/project/rrg-mchakrav-ab/moncia/ADNI/bids_adni3/sub-052S1352/ses-m138/anat/sub-052S1352_ses-m138_acq-3T_T1w.nii.gz,/scratch/ishaan/adni_trillium/derivatives/bsc/052_S_1352_m138_2018-09-17,2018-09-13,11.523613963039015,3.0
052_S_2249_m03_2011-04-06,052_S_2249,/project/rrg-mchakrav-ab/moncia/ADNI/bids_adni_go2/sub-052S2249/ses-m03/anat/sub-052S2249_ses-m03_acq-3Taccel_T1w.nii.gz,/scratch/ishaan/adni_trillium/derivatives/bsc/052_S_2249_m03_2011-04-06,2011-05-10,0.0,3.0
052_S_2249_m06_2011-07-06,052_S_2249,/project/rrg-mchakrav-ab/moncia/ADNI/bids_adni_go2/sub-052S2249/ses-m06/anat/sub-052S2249_ses-m06_acq-3Taccel_T1w.nii.gz,/scratch/ishaan/adni_trillium/derivatives/bsc/052_S_2249_m06_2011-07-06,2011-07-11,0.1697467488021903,3.0
052_S_2249_m12_2012-01-05,052_S_2249,/project/rrg-mchakrav-ab/moncia/ADNI/bids_adni_go2/sub-052S2249/ses-m12/anat/sub-052S2249_ses-m12_acq-3Taccel_T1w.nii.gz,/scratch/ishaan/adni_trillium/derivatives/bsc/052_S_2249_m12_2012-01-05,2011-12-30,0.6406570841889117,3.0
052_S_2249_m24_2013-01-04,052_S_2249,/project/rrg-mchakrav-ab/moncia/ADNI/bids_adni_go2/sub-052S2249/ses-m24/anat/sub-052S2249_ses-m24_acq-3Taccel_T1w.nii.gz,/scratch/ishaan/adni_trillium/derivatives/bsc/052_S_2249_m24_2013-01-04,2013-01-07,1.6646132785763177,3.0
052_S_2249_m48_2015-01-05,052_S_2249,/project/rrg-mchakrav-ab/moncia/ADNI/bids_adni_go2/sub-052S2249/ses-m48/anat/sub-052S2249_ses-m48_acq-3Taccel_T1w.nii.gz,/scratch/ishaan/adni_trillium/derivatives/bsc/052_S_2249_m48_2015-01-05,2015-01-12,3.676933607118412,3.0
052_S_2249_m90_2018-07-06,052_S_2249,/project/rrg-mchakrav-ab/moncia/ADNI/bids_adni3/sub-052S2249/ses-m90/anat/sub-052S2249_ses-m90_acq-3T_T1w.nii.gz,/scratch/ishaan/adni_trillium/derivatives/bsc/052_S_2249_m90_2018-07-06,2018-07-06,7.156741957563312,
052_S_4626_m03_2012-06-19,052_S_4626,/project/rrg-mchakrav-ab/moncia/ADNI/bids_adni_go2/sub-052S4626/ses-m03/anat/sub-052S4626_ses-m03_acq-3Taccel_T1w.nii.gz,/scratch/ishaan/adni_trillium/derivatives/bsc/052_S_4626_m03_2012-06-19,2012-07-27,0.0,3.0
052_S_4626_m06_2012-09-18,052_S_4626,/project/rrg-mchakrav-ab/moncia/ADNI/bids_adni_go2/sub-052S4626/ses-m06/anat/sub-052S4626_ses-m06_acq-3Taccel_T1w.nii.gz,/scratch/ishaan/adni_trillium/derivatives/bsc/052_S_4626_m06_2012-09-18,2012-10-29,0.25735797399041754,3.0
052_S_4626_m12_2013-03-20,052_S_4626,/project/rrg-mchakrav-ab/moncia/ADNI/bids_adni_go2/sub-052S4626/ses-m12/anat/sub-052S4626_ses-m12_acq-3Taccel_T1w.nii.gz,/scratch/ishaan/adni_trillium/derivatives/bsc/052_S_4626_m12_2013-03-20,2013-04-29,0.75564681724846,3.0
052_S_4626_m24_2014-03-20,052_S_4626,/project/rrg-mchakrav-ab/moncia/ADNI/bids_adni_go2/sub-052S4626/ses-m24/anat/sub-052S4626_ses-m24_acq-3Taccel_T1w.nii.gz,/scratch/ishaan/adni_trillium/derivatives/bsc/052_S_4626_m24_2014-03-20,2014-05-16,1.8015058179329226,3.0
052_S_4626_m36_2015-03-20,052_S_4626,/project/rrg-mchakrav-ab/moncia/ADNI/bids_adni_go2/sub-052S4626/ses-m36/anat/sub-052S4626_ses-m36_acq-3Taccel_T1w.nii.gz,/scratch/ishaan/adni_trillium/derivatives/bsc/052_S_4626_m36_2015-03-20,2015-04-15,2.7159479808350446,3.0
052_S_4807_m03_2012-09-28,052_S_4807,/project/rrg-mchakrav-ab/moncia/ADNI/bids_adni_go2/sub-052S4807/ses-m03/anat/sub-052S4807_ses-m03_acq-3Taccel_T1w.nii.gz,/scratch/ishaan/adni_trillium/derivatives/bsc/052_S_4807_m03_2012-09-28,2012-10-19,0.0,3.0
052_S_4807_m06_2012-12-28,052_S_4807,/project/rrg-mchakrav-ab/moncia/ADNI/bids_adni_go2/sub-052S4807/ses-m06/anat/sub-052S4807_ses-m06_acq-3Taccel_T1w.nii.gz,/scratch/ishaan/adni_trillium/derivatives/bsc/052_S_4807_m06_2012-12-28,2013-02-15,0.3258042436687201,3.0
052_S_4807_m12_2013-06-29,052_S_4807,/project/rrg-mchakrav-ab/moncia/ADNI/bids_adni_go2/sub-052S4807/ses-m12/anat/sub-052S4807_ses-m12_acq-3Taccel_T1w.nii.gz,/scratch/ishaan/adni_trillium/derivatives/bsc/052_S_4807_m12_2013-06-29,2013-08-13,0.8158795345653662,3.0
052_S_4807_m24_2014-06-29,052_S_4807,/project/rrg-mchakrav-ab/moncia/ADNI/bids_adni_go2/sub-052S4807/ses-m24/anat/sub-052S4807_ses-m24_acq-3Taccel_T1w.nii.gz,/scratch/ishaan/adni_trillium/derivatives/bsc/052_S_4807_m24_2014-06-29,2014-08-07,1.7987679671457906,3.0
052_S_4885_m03_2012-10-24,052_S_4885,/project/rrg-mchakrav-ab/moncia/ADNI/bids_adni_go2/sub-052S4885/ses-m03/anat/sub-052S4885_ses-m03_acq-3Taccel_T1w.nii.gz,/scratch/ishaan/adni_trillium/derivatives/bsc/052_S_4885_m03_2012-10-24,2012-11-12,0.0,3.0
052_S_4885_m06_2013-01-23,052_S_4885,/project/rrg-mchakrav-ab/moncia/ADNI/bids_adni_go2/sub-052S4885/ses-m06/anat/sub-052S4885_ses-m06_acq-3Taccel_T1w.nii.gz,/scratch/ishaan/adni_trillium/derivatives/bsc/052_S_4885_m06_2013-01-23,2013-03-04,0.3066392881587953,3.0
052_S_4885_m12_2013-07-25,052_S_4885,/project/rrg-mchakrav-ab/moncia/ADNI/bids_adni_go2/sub-052S4885/ses-m12/anat/sub-052S4885_ses-m12_acq-3Taccel_T1w.nii.gz,/scratch/ishaan/adni_trillium/derivatives/bsc/052_S_4885_m12_2013-07-25,2013-09-11,0.8295687885010267,3.0
052_S_4885_m24_2014-07-25,052_S_4885,/project/rrg-mchakrav-ab/moncia/ADNI/bids_adni_go2/sub-052S4885/ses-m24/anat/sub-052S4885_ses-m24_acq-3Taccel_T1w.nii.gz,/scratch/ishaan/adni_trillium/derivatives/bsc/052_S_4885_m24_2014-07-25,2014-08-22,1.7741273100616017,3.0
052_S_4944_m03_2013-01-15,052_S_4944,/project/rrg-mchakrav-ab/moncia/ADNI/bids_adni_go2/sub-052S4944/ses-m03/anat/sub-052S4944_ses-m03_acq-3Taccel_T1w.nii.gz,/scratch/ishaan/adni_trillium/derivatives/bsc/052_S_4944_m03_2013-01-15,2012-10-19,0.0,3.0
052_S_4944_m06_2013-04-16,052_S_4944,/project/rrg-mchakrav-ab/moncia/ADNI/bids_adni_go2/sub-052S4944/ses-m06/anat/sub-052S4944_ses-m06_acq-3Taccel_T1w.nii.gz,/scratch/ishaan/adni_trillium/derivatives/bsc/052_S_4944_m06_2013-04-16,2013-04-19,0.49828884325804246,3.0
052_S_4944_m12_2013-10-16,052_S_4944,/project/rrg-mchakrav-ab/moncia/ADNI/bids_adni_go2/sub-052S4944/ses-m12/anat/sub-052S4944_ses-m12_acq-3Taccel_T1w.nii.gz,/scratch/ishaan/adni_trillium/derivatives/bsc/052_S_4944_m12_2013-10-16,2013-07-10,0.7227926078028748,3.0
052_S_4944_m24_2014-10-16,052_S_4944,/project/rrg-mchakrav-ab/moncia/ADNI/bids_adni_go2/sub-052S4944/ses-m24/anat/sub-052S4944_ses-m24_acq-3Taccel_T1w.nii.gz,/scratch/ishaan/adni_trillium/derivatives/bsc/052_S_4944_m24_2014-10-16,2015-01-14,2.236824093086927,3.0
052_S_4944_m36_2015-10-16,052_S_4944,/project/rrg-mchakrav-ab/moncia/ADNI/bids_adni_go2/sub-052S4944/ses-m36/anat/sub-052S4944_ses-m36_acq-3Taccel_T1w.nii.gz,/scratch/ishaan/adni_trillium/derivatives/bsc/052_S_4944_m36_2015-10-16,2016-02-05,3.29637234770705,3.0
052_S_4944_m60_2017-10-16,052_S_4944,/project/rrg-mchakrav-ab/moncia/ADNI/bids_adni3/sub-052S4944/ses-m60/anat/sub-052S4944_ses-m60_acq-3T_T1w.nii.gz,/scratch/ishaan/adni_trillium/derivatives/bsc/052_S_4944_m60_2017-10-16,2017-10-16,4.991101984941821,
052_S_4944_m78_2019-04-17,052_S_4944,/project/rrg-mchakrav-ab/moncia/ADNI/bids_adni3/sub-052S4944/ses-m78/anat/sub-052S4944_ses-m78_acq-3T_T1w.nii.gz,/scratch/ishaan/adni_trillium/derivatives/bsc/052_S_4944_m78_2019-04-17,2019-07-18,6.743326488706366,3.0
053_S_0389_m06_2006-11-03,053_S_0389,/project/rrg-mchakrav-ab/moncia/ADNI/bids_adni1/sub-053S0389/ses-m06/anat/sub-053S0389_ses-m06_acq-15T_T1w.nii.gz,/scratch/ishaan/adni_trillium/derivatives/bsc/053_S_0389_m06_2006-11-03,2006-11-06,0.0,1.5
053_S_0389_m12_2007-05-05,053_S_0389,/project/rrg-mchakrav-ab/moncia/ADNI/bids_adni1/sub-053S0389/ses-m12/anat/sub-053S0389_ses-m12_acq-15T_T1w.nii.gz,/scratch/ishaan/adni_trillium/derivatives/bsc/053_S_0389_m12_2007-05-05,2007-05-09,0.5037645448323066,1.5
053_S_0389_m24_2008-05-04,053_S_0389,/project/rrg-mchakrav-ab/moncia/ADNI/bids_adni1/sub-053S0389/ses-m24/anat/sub-053S0389_ses-m24_acq-15T_T1w.nii.gz,/scratch/ishaan/adni_trillium/derivatives/bsc/053_S_0389_m24_2008-05-04,2008-04-30,1.4811772758384667,1.5
053_S_0389_m36_2009-05-04,053_S_0389,/project/rrg-mchakrav-ab/moncia/ADNI/bids_adni1/sub-053S0389/ses-m36/anat/sub-053S0389_ses-m36_acq-15T_T1w.nii.gz,/scratch/ishaan/adni_trillium/derivatives/bsc/053_S_0389_m36_2009-05-04,2009-05-27,2.5544147843942504,1.5
053_S_0621_sc_2006-06-26,053_S_0621,/project/rrg-mchakrav-ab/moncia/ADNI/bids_adni1/sub-053S0621/ses-sc/anat/sub-053S0621_ses-sc_acq-15T_T1w.nii.gz,/scratch/ishaan/adni_trillium/derivatives/bsc/053_S_0621_sc_2006-06-26,2006-06-12,0.0,1.5
053_S_0621_m06_2006-12-25,053_S_0621,/project/rrg-mchakrav-ab/moncia/ADNI/bids_adni1/sub-053S0621/ses-m06/anat/sub-053S0621_ses-m06_acq-15T_T1w.nii.gz,/scratch/ishaan/adni_trillium/derivatives/bsc/053_S_0621_m06_2006-12-25,2007-01-09,0.5776865160848734,1.5
053_S_0621_m12_2007-06-26,053_S_0621,/project/rrg-mchakrav-ab/moncia/ADNI/bids_adni1/sub-053S0621/ses-m12/anat/sub-053S0621_ses-m12_acq-15T_T1w.nii.gz,/scratch/ishaan/adni_trillium/derivatives/bsc/053_S_0621_m12_2007-06-26,2007-07-04,1.0595482546201231,1.5
053_S_0621_m18_2007-12-25,053_S_0621,/project/rrg-mchakrav-ab/moncia/ADNI/bids_adni1/sub-053S0621/ses-m18/anat/sub-053S0621_ses-m18_acq-15T_T1w.nii.gz,/scratch/ishaan/adni_trillium/derivatives/bsc/053_S_0621_m18_2007-12-25,2008-01-09,1.5770020533880904,1.5
053_S_0621_m24_2008-06-25,053_S_0621,/project/rrg-mchakrav-ab/moncia/ADNI/bids_adni1/sub-053S0621/ses-m24/anat/sub-053S0621_ses-m24_acq-15T_T1w.nii.gz,/scratch/ishaan/adni_trillium/derivatives/bsc/053_S_0621_m24_2008-06-25,2008-06-18,2.0177960301163584,1.5
053_S_0919_sc_2007-02-15,053_S_0919,/project/rrg-mchakrav-ab/moncia/ADNI/bids_adni1/sub-053S0919/ses-sc/anat/sub-053S0919_ses-sc_acq-15T_T1w.nii.gz,/scratch/ishaan/adni_trillium/derivatives/bsc/053_S_0919_sc_2007-02-15,2007-05-08,0.0,1.5
053_S_0919_m06_2007-08-16,053_S_0919,/project/rrg-mchakrav-ab/moncia/ADNI/bids_adni1/sub-053S0919/ses-m06/anat/sub-053S0919_ses-m06_acq-15T_T1w.nii.gz,/scratch/ishaan/adni_trillium/derivatives/bsc/053_S_0919_m06_2007-08-16,2007-10-23,0.459958932238193,1.5
053_S_0919_m18_2008-08-15,053_S_0919,/project/rrg-mchakrav-ab/moncia/ADNI/bids_adni1/sub-053S0919/ses-m18/anat/sub-053S0919_ses-m18_acq-15T_T1w.nii.gz,/scratch/ishaan/adni_trillium/derivatives/bsc/053_S_0919_m18_2008-08-15,2008-05-28,1.056810403832991,1.5
053_S_0919_m24_2009-02-14,053_S_0919,/project/rrg-mchakrav-ab/moncia/ADNI/bids_adni1/sub-053S0919/ses-m24/anat/sub-053S0919_ses-m24_acq-15T_T1w.nii.gz,/scratch/ishaan/adni_trillium/derivatives/bsc/053_S_0919_m24_2009-02-14,2008-10-29,1.4784394250513346,1.5
053_S_0919_m36_2010-02-14,053_S_0919,/project/rrg-mchakrav-ab/moncia/ADNI/bids_adni1/sub-053S0919/ses-m36/anat/sub-053S0919_ses-m36_acq-15T_T1w.nii.gz,/scratch/ishaan/adni_trillium/derivatives/bsc/053_S_0919_m36_2010-02-14,2009-11-02,2.48870636550308,1.5
053_S_0919_m72_2013-02-14,053_S_0919,/project/rrg-mchakrav-ab/moncia/ADNI/bids_adni_go2/sub-053S0919/ses-m72/anat/sub-053S0919_ses-m72_acq-3Taccel_T1w.nii.gz,/scratch/ishaan/adni_trillium/derivatives/bsc/053_S_0919_m72_2013-02-14,2013-01-04,5.661875427789186,3.0
053_S_0919_m84_2014-02-14,053_S_0919,/project/rrg-mchakrav-ab/moncia/ADNI/bids_adni_go2/sub-053S0919/ses-m84/anat/sub-053S0919_ses-m84_acq-3Taccel_T1w.nii.gz,/scratch/ishaan/adni_trillium/derivatives/bsc/053_S_0919_m84_2014-02-14,2013-12-05,6.579055441478439,3.0
053_S_0919_m108_2016-02-15,053_S_0919,/project/rrg-mchakrav-ab/moncia/ADNI/bids_adni_go2/sub-053S0919/ses-m108/anat/sub-053S0919_ses-m108_acq-3Taccel_T1w.nii.gz,/scratch/ishaan/adni_trillium/derivatives/bsc/053_S_0919_m108_2016-02-15,2015-11-05,8.49555099247091,3.0
053_S_2357_m03_2011-08-09,053_S_2357,/project/rrg-mchakrav-ab/moncia/ADNI/bids_adni_go2/sub-053S2357/ses-m03/anat/sub-053S2357_ses-m03_acq-3Taccel_T1w.nii.gz,/scratch/ishaan/adni_trillium/derivatives/bsc/053_S_2357_m03_2011-08-09,2011-07-15,0.0,3.0
053_S_2357_m06_2011-11-08,053_S_2357,/project/rrg-mchakrav-ab/moncia/ADNI/bids_adni_go2/sub-053S2357/ses-m06/anat/sub-053S2357_ses-m06_acq-3Taccel_T1w.nii.gz,/scratch/ishaan/adni_trillium/derivatives/bsc/053_S_2357_m06_2011-11-08,2011-11-02,0.30116358658453113,3.0
053_S_2357_m12_2012-05-09,053_S_2357,/project/rrg-mchakrav-ab/moncia/ADNI/bids_adni_go2/sub-053S2357/ses-m12/anat/sub-053S2357_ses-m12_acq-3Taccel_T1w.nii.gz,/scratch/ishaan/adni_trillium/derivatives/bsc/053_S_2357_m12_2012-05-09,2012-05-17,0.840520191649555,3.0
053_S_2357_m24_2013-05-09,053_S_2357,/project/rrg-mchakrav-ab/moncia/ADNI/bids_adni_go2/sub-053S2357/ses-m24/anat/sub-053S2357_ses-m24_acq-3Taccel_T1w.nii.gz,/scratch/ishaan/adni_trillium/derivatives/bsc/053_S_2357_m24_2013-05-09,2013-05-29,1.8726899383983573,3.0
053_S_2357_m48_2015-05-10,053_S_2357,/project/rrg-mchakrav-ab/moncia/ADNI/bids_adni_go2/sub-053S2357/ses-m48/anat/sub-053S2357_ses-m48_acq-3Taccel_T1w.nii.gz,/scratch/ishaan/adni_trillium/derivatives/bsc/053_S_2357_m48_2015-05-10,2015-05-12,3.8247775496235454,3.0
053_S_4557_m03_2012-05-22,053_S_4557,/project/rrg-mchakrav-ab/moncia/ADNI/bids_adni_go2/sub-053S4557/ses-m03/anat/sub-053S4557_ses-m03_acq-3Taccel_T1w.nii.gz,/scratch/ishaan/adni_trillium/derivatives/bsc/053_S_4557_m03_2012-05-22,2012-06-04,0.0,3.0
053_S_4557_m06_2012-08-21,053_S_4557,/project/rrg-mchakrav-ab/moncia/ADNI/bids_adni_go2/sub-053S4557/ses-m06/anat/sub-053S4557_ses-m06_acq-3Taccel_T1w.nii.gz,/scratch/ishaan/adni_trillium/derivatives/bsc/053_S_4557_m06_2012-08-21,2012-09-27,0.31485284052019163,3.0
053_S_4557_m12_2013-02-20,053_S_4557,/project/rrg-mchakrav-ab/moncia/ADNI/bids_adni_go2/sub-053S4557/ses-m12/anat/sub-053S4557_ses-m12_acq-3Taccel_T1w.nii.gz,/scratch/ishaan/adni_trillium/derivatives/bsc/053_S_4557_m12_2013-02-20,2013-03-04,0.7474332648870636,3.0
053_S_4557_m24_2014-02-20,053_S_4557,/project/rrg-mchakrav-ab/moncia/ADNI/bids_adni_go2/sub-053S4557/ses-m24/anat/sub-053S4557_ses-m24_acq-3Taccel_T1w.nii.gz,/scratch/ishaan/adni_trillium/derivatives/bsc/053_S_4557_m24_2014-02-20,2014-03-07,1.754962354551677,3.0
053_S_4813_m03_2012-09-14,053_S_4813,/project/rrg-mchakrav-ab/moncia/ADNI/bids_adni_go2/sub-053S4813/ses-m03/anat/sub-053S4813_ses-m03_acq-3Taccel_T1w.nii.gz,/scratch/ishaan/adni_trillium/derivatives/bsc/053_S_4813_m03_2012-09-14,2012-09-28,0.0,3.0
053_S_4813_m06_2012-12-14,053_S_4813,/project/rrg-mchakrav-ab/moncia/ADNI/bids_adni_go2/sub-053S4813/ses-m06/anat/sub-053S4813_ses-m06_acq-3Taccel_T1w.nii.gz,/scratch/ishaan/adni_trillium/derivatives/bsc/053_S_4813_m06_2012-12-14,2013-01-10,0.28473648186173856,3.0
053_S_4813_m12_2013-06-15,053_S_4813,/project/rrg-mchakrav-ab/moncia/ADNI/bids_adni_go2/sub-053S4813/ses-m12/anat/sub-053S4813_ses-m12_acq-3Taccel_T1w.nii.gz,/scratch/ishaan/adni_trillium/derivatives/bsc/053_S_4813_m12_2013-06-15,2013-07-31,0.837782340862423,3.0
053_S_4813_m24_2014-06-15,053_S_4813,/project/rrg-mchakrav-ab/moncia/ADNI/bids_adni_go2/sub-053S4813/ses-m24/anat/sub-053S4813_ses-m24_acq-3Taccel_T1w.nii.gz,/scratch/ishaan/adni_trillium/derivatives/bsc/053_S_4813_m24_2014-06-15,2014-07-31,1.83709787816564,3.0
053_S_4813_m48_2016-06-15,053_S_4813,/project/rrg-mchakrav-ab/moncia/ADNI/bids_adni_go2/sub-053S4813/ses-m48/anat/sub-053S4813_ses-m48_acq-3Taccel_T1w.nii.gz,/scratch/ishaan/adni_trillium/derivatives/bsc/053_S_4813_m48_2016-06-15,2016-07-15,3.7946611909650922,3.0
053_S_4813_m72_2018-06-15,053_S_4813,/project/rrg-mchakrav-ab/moncia/ADNI/bids_adni3/sub-053S4813/ses-m72/anat/sub-053S4813_ses-m72_acq-3T_T1w.nii.gz,/scratch/ishaan/adni_trillium/derivatives/bsc/053_S_4813_m72_2018-06-15,2018-11-02,6.094455852156058,3.0
053_S_4813_m90_2019-12-15,053_S_4813,/project/rrg-mchakrav-ab/moncia/ADNI/bids_adni3/sub-053S4813/ses-m90/anat/sub-053S4813_ses-m90_acq-3T_T1w.nii.gz,/scratch/ishaan/adni_trillium/derivatives/bsc/053_S_4813_m90_2019-12-15,2019-10-31,7.08829568788501,3.0
053_S_4813_m102_2020-12-14,053_S_4813,/project/rrg-mchakrav-ab/moncia/ADNI/bids_adni3/sub-053S4813/ses-m102/anat/sub-053S4813_ses-m102_acq-3T_T1w.nii.gz,/scratch/ishaan/adni_trillium/derivatives/bsc/053_S_4813_m102_2020-12-14,2020-12-02,8.177960301163587,3.0
053_S_4813_m114_2021-12-15,053_S_4813,/project/rrg-mchakrav-ab/moncia/ADNI/bids_adni3/sub-053S4813/ses-m114/anat/sub-053S4813_ses-m114_acq-3T_T1w.nii.gz,/scratch/ishaan/adni_trillium/derivatives/bsc/053_S_4813_m114_2021-12-15,2021-10-28,9.08145106091718,3.0
053_S_4813_m156_2025-06-15,053_S_4813,/project/rrg-mchakrav-ab/moncia/ADNI/bids_adni4_qc/sub-053S4813/ses-m156/anat/sub-053S4813_ses-m156_acq-3Tultrafast_T1w.nii.gz,/scratch/ishaan/adni_trillium/derivatives/bsc/053_S_4813_m156_2025-06-15,2025-07-15,12.793976728268309,3.0
057_S_1265_sc_2007-02-13,057_S_1265,/project/rrg-mchakrav-ab/moncia/ADNI/bids_adni1/sub-057S1265/ses-sc/anat/sub-057S1265_ses-sc_acq-15T_T1w.nii.gz,/scratch/ishaan/adni_trillium/derivatives/bsc/057_S_1265_sc_2007-02-13,2007-01-31,0.0,1.5
057_S_1265_m12_2008-02-13,057_S_1265,/project/rrg-mchakrav-ab/moncia/ADNI/bids_adni1/sub-057S1265/ses-m12/anat/sub-057S1265_ses-m12_acq-15T_T1w.nii.gz,/scratch/ishaan/adni_trillium/derivatives/bsc/057_S_1265_m12_2008-02-13,2008-02-13,1.0349075975359343,1.5
057_S_1265_m18_2008-08-13,057_S_1265,/project/rrg-mchakrav-ab/moncia/ADNI/bids_adni1/sub-057S1265/ses-m18/anat/sub-057S1265_ses-m18_acq-15T_T1w.nii.gz,/scratch/ishaan/adni_trillium/derivatives/bsc/057_S_1265_m18_2008-08-13,2008-08-13,1.5331964407939767,1.5
057_S_1265_m24_2009-02-12,057_S_1265,/project/rrg-mchakrav-ab/moncia/ADNI/bids_adni1/sub-057S1265/ses-m24/anat/sub-057S1265_ses-m24_acq-15T_T1w.nii.gz,/scratch/ishaan/adni_trillium/derivatives/bsc/057_S_1265_m24_2009-02-12,2009-02-18,2.0506502395619437,1.5
057_S_1269_sc_2007-02-15,057_S_1269,/project/rrg-mchakrav-ab/moncia/ADNI/bids_adni1/sub-057S1269/ses-sc/anat/sub-057S1269_ses-sc_acq-15T_T1w.nii.gz,/scratch/ishaan/adni_trillium/derivatives/bsc/057_S_1269_sc_2007-02-15,2007-01-31,0.0,1.5
057_S_1269_m12_2008-02-15,057_S_1269,/project/rrg-mchakrav-ab/moncia/ADNI/bids_adni1/sub-057S1269/ses-m12/anat/sub-057S1269_ses-m12_acq-15T_T1w.nii.gz,/scratch/ishaan/adni_trillium/derivatives/bsc/057_S_1269_m12_2008-02-15,2008-02-13,1.0349075975359343,1.5
057_S_1269_m18_2008-08-15,057_S_1269,/project/rrg-mchakrav-ab/moncia/ADNI/bids_adni1/sub-057S1269/ses-m18/anat/sub-057S1269_ses-m18_acq-15T_T1w.nii.gz,/scratch/ishaan/adni_trillium/derivatives/bsc/057_S_1269_m18_2008-08-15,2008-08-06,1.514031485284052,1.5
057_S_1269_m24_2009-02-14,057_S_1269,/project/rrg-mchakrav-ab/moncia/ADNI/bids_adni1/sub-057S1269/ses-m24/anat/sub-057S1269_ses-m24_acq-15T_T1w.nii.gz,/scratch/ishaan/adni_trillium/derivatives/bsc/057_S_1269_m24_2009-02-14,2009-02-18,2.0506502395619437,1.5
062_S_1182_sc_2007-02-13,062_S_1182,/project/rrg-mchakrav-ab/moncia/ADNI/bids_adni1/sub-062S1182/ses-sc/anat/sub-062S1182_ses-sc_acq-15T_T1w.nii.gz,/scratch/ishaan/adni_trillium/derivatives/bsc/062_S_1182_sc_2007-02-13,2007-01-17,0.0,1.5
062_S_1182_m12_2008-02-13,062_S_1182,/project/rrg-mchakrav-ab/moncia/ADNI/bids_adni1/sub-062S1182/ses-m12/anat/sub-062S1182_ses-m12_acq-15T_T1w.nii.gz,/scratch/ishaan/adni_trillium/derivatives/bsc/062_S_1182_m12_2008-02-13,2008-02-25,1.106091718001369,1.5
062_S_1182_m18_2008-08-13,062_S_1182,/project/rrg-mchakrav-ab/moncia/ADNI/bids_adni1/sub-062S1182/ses-m18/anat/sub-062S1182_ses-m18_acq-15T_T1w.nii.gz,/scratch/ishaan/adni_trillium/derivatives/bsc/062_S_1182_m18_2008-08-13,2008-09-17,1.6673511293634498,1.5
062_S_1182_m24_2009-02-12,062_S_1182,/project/rrg-mchakrav-ab/moncia/ADNI/bids_adni1/sub-062S1182/ses-m24/anat/sub-062S1182_ses-m24_acq-15T_T1w.nii.gz,/scratch/ishaan/adni_trillium/derivatives/bsc/062_S_1182_m24_2009-02-12,2009-03-04,2.127310061601643,1.5
067_S_0607_bl_2006-12-05,067_S_0607,/project/rrg-mchakrav-ab/moncia/ADNI/bids_adni1/sub-067S0607/ses-bl/anat/sub-067S0607_ses-bl_acq-3T_T1w.nii.gz,/scratch/ishaan/adni_trillium/derivatives/bsc/067_S_0607_bl_2006-12-05,2006-08-18,0.0,3.0
067_S_0607_sc_2006-12-05,067_S_0607,/project/rrg-mchakrav-ab/moncia/ADNI/bids_adni1/sub-067S0607/ses-sc/anat/sub-067S0607_ses-sc_acq-15T_T1w.nii.gz,/scratch/ishaan/adni_trillium/derivatives/bsc/067_S_0607_sc_2006-12-05,2007-03-13,0.5667351129363449,1.5
067_S_0607_m06_2007-06-05,067_S_0607,/project/rrg-mchakrav-ab/moncia/ADNI/bids_adni1/sub-067S0607/ses-m06/anat/sub-067S0607_ses-m06_acq-15T_T1w.nii.gz,/scratch/ishaan/adni_trillium/derivatives/bsc/067_S_0607_m06_2007-06-05,2007-03-28,0.6078028747433265,3.0
067_S_0607_m12_2007-12-05,067_S_0607,/project/rrg-mchakrav-ab/moncia/ADNI/bids_adni1/sub-067S0607/ses-m12/anat/sub-067S0607_ses-m12_acq-15T_T1w.nii.gz,/scratch/ishaan/adni_trillium/derivatives/bsc/067_S_0607_m12_2007-12-05,2007-08-13,0.9856262833675564,3.0
067_S_0607_m18_2008-06-04,067_S_0607,/project/rrg-mchakrav-ab/moncia/ADNI/bids_adni1/sub-067S0607/ses-m18/anat/sub-067S0607_ses-m18_acq-15T_T1w.nii.gz,/scratch/ishaan/adni_trillium/derivatives/bsc/067_S_0607_m18_2008-06-04,2008-05-02,1.7056810403832992,3.0
067_S_0607_m24_2008-12-04,067_S_0607,/project/rrg-mchakrav-ab/moncia/ADNI/bids_adni1/sub-067S0607/ses-m24/anat/sub-067S0607_ses-m24_acq-15T_T1w.nii.gz,/scratch/ishaan/adni_trillium/derivatives/bsc/067_S_0607_m24_2008-12-04,2008-11-14,2.242299794661191,3.0
067_S_2195_m03_2011-03-17,067_S_2195,/project/rrg-mchakrav-ab/moncia/ADNI/bids_adni_go2/sub-067S2195/ses-m03/anat/sub-067S2195_ses-m03_acq-3Taccel_T1w.nii.gz,/scratch/ishaan/adni_trillium/derivatives/bsc/067_S_2195_m03_2011-03-17,2011-02-21,0.0,3.0
067_S_2195_m06_2011-06-16,067_S_2195,/project/rrg-mchakrav-ab/moncia/ADNI/bids_adni_go2/sub-067S2195/ses-m06/anat/sub-067S2195_ses-m06_acq-3Taccel_T1w.nii.gz,/scratch/ishaan/adni_trillium/derivatives/bsc/067_S_2195_m06_2011-06-16,2011-06-13,0.3066392881587953,3.0
067_S_2195_m12_2011-12-16,067_S_2195,/project/rrg-mchakrav-ab/moncia/ADNI/bids_adni_go2/sub-067S2195/ses-m12/anat/sub-067S2195_ses-m12_acq-3Taccel_T1w.nii.gz,/scratch/ishaan/adni_trillium/derivatives/bsc/067_S_2195_m12_2011-12-16,2011-12-13,0.8076659822039699,3.0
067_S_2195_m24_2012-12-15,067_S_2195,/project/rrg-mchakrav-ab/moncia/ADNI/bids_adni_go2/sub-067S2195/ses-m24/anat/sub-067S2195_ses-m24_acq-3Taccel_T1w.nii.gz,/scratch/ishaan/adni_trillium/derivatives/bsc/067_S_2195_m24_2012-12-15,2012-12-05,1.787816563997262,3.0
067_S_2195_m36_2013-12-15,067_S_2195,/project/rrg-mchakrav-ab/moncia/ADNI/bids_adni_go2/sub-067S2195/ses-m36/anat/sub-067S2195_ses-m36_acq-3Taccel_T1w.nii.gz,/scratch/ishaan/adni_trillium/derivatives/bsc/067_S_2195_m36_2013-12-15,2013-12-05,2.7871321013004793,3.0
067_S_2196_m03_2011-03-04,067_S_2196,/project/rrg-mchakrav-ab/moncia/ADNI/bids_adni_go2/sub-067S2196/ses-m03/anat/sub-067S2196_ses-m03_acq-3Taccel_T1w.nii.gz,/scratch/ishaan/adni_trillium/derivatives/bsc/067_S_2196_m03_2011-03-04,2011-02-23,0.0,3.0
067_S_2196_m06_2011-06-03,067_S_2196,/project/rrg-mchakrav-ab/moncia/ADNI/bids_adni_go2/sub-067S2196/ses-m06/anat/sub-067S2196_ses-m06_acq-3Taccel_T1w.nii.gz,/scratch/ishaan/adni_trillium/derivatives/bsc/067_S_2196_m06_2011-06-03,2011-06-06,0.28199863107460643,3.0
067_S_2196_m12_2011-12-03,067_S_2196,/project/rrg-mchakrav-ab/moncia/ADNI/bids_adni_go2/sub-067S2196/ses-m12/anat/sub-067S2196_ses-m12_acq-3Taccel_T1w.nii.gz,/scratch/ishaan/adni_trillium/derivatives/bsc/067_S_2196_m12_2011-12-03,2011-12-07,0.785763175906913,3.0
067_S_2196_m24_2012-12-02,067_S_2196,/project/rrg-mchakrav-ab/moncia/ADNI/bids_adni_go2/sub-067S2196/ses-m24/anat/sub-067S2196_ses-m24_acq-3Taccel_T1w.nii.gz,/scratch/ishaan/adni_trillium/derivatives/bsc/067_S_2196_m24_2012-12-02,2012-11-28,1.7631759069130732,3.0
067_S_2301_m03_2011-06-01,067_S_2301,/project/rrg-mchakrav-ab/moncia/ADNI/bids_adni_go2/sub-067S2301/ses-m03/anat/sub-067S2301_ses-m03_acq-3Taccel_T1w.nii.gz,/scratch/ishaan/adni_trillium/derivatives/bsc/067_S_2301_m03_2011-06-01,2011-05-16,0.0,3.0
067_S_2301_m06_2011-08-31,067_S_2301,/project/rrg-mchakrav-ab/moncia/ADNI/bids_adni_go2/sub-067S2301/ses-m06/anat/sub-067S2301_ses-m06_acq-3Taccel_T1w.nii.gz,/scratch/ishaan/adni_trillium/derivatives/bsc/067_S_2301_m06_2011-08-31,2011-08-30,0.29021218343600275,3.0
067_S_2301_m12_2012-03-01,067_S_2301,/project/rrg-mchakrav-ab/moncia/ADNI/bids_adni_go2/sub-067S2301/ses-m12/anat/sub-067S2301_ses-m12_acq-3Taccel_T1w.nii.gz,/scratch/ishaan/adni_trillium/derivatives/bsc/067_S_2301_m12_2012-03-01,2012-03-02,0.7967145790554415,3.0
067_S_2301_m24_2013-03-01,067_S_2301,/project/rrg-mchakrav-ab/moncia/ADNI/bids_adni_go2/sub-067S2301/ses-m24/anat/sub-067S2301_ses-m24_acq-3Taccel_T1w.nii.gz,/scratch/ishaan/adni_trillium/derivatives/bsc/067_S_2301_m24_2013-03-01,2013-03-15,1.8316221765913758,3.0
067_S_2301_m36_2014-03-01,067_S_2301,/project/rrg-mchakrav-ab/moncia/ADNI/bids_adni_go2/sub-067S2301/ses-m36/anat/sub-067S2301_ses-m36_acq-3Taccel_T1w.nii.gz,/scratch/ishaan/adni_trillium/derivatives/bsc/067_S_2301_m36_2014-03-01,2014-02-26,2.784394250513347,3.0
067_S_2301_m48_2015-03-02,067_S_2301,/project/rrg-mchakrav-ab/moncia/ADNI/bids_adni_go2/sub-067S2301/ses-m48/anat/sub-067S2301_ses-m48_acq-3Taccel_T1w.nii.gz,/scratch/ishaan/adni_trillium/derivatives/bsc/067_S_2301_m48_2015-03-02,2015-03-04,3.800136892539357,3.0
067_S_2301_m78_2017-08-31,067_S_2301,/project/rrg-mchakrav-ab/moncia/ADNI/bids_adni3/sub-067S2301/ses-m78/anat/sub-067S2301_ses-m78_acq-3T_T1w.nii.gz,/scratch/ishaan/adni_trillium/derivatives/bsc/067_S_2301_m78_2017-08-31,2017-08-11,6.239561943874059,3.0
067_S_2301_m102_2019-08-31,067_S_2301,/project/rrg-mchakrav-ab/moncia/ADNI/bids_adni3/sub-067S2301/ses-m102/anat/sub-067S2301_ses-m102_acq-3T_T1w.nii.gz,/scratch/ishaan/adni_trillium/derivatives/bsc/067_S_2301_m102_2019-08-31,2019-08-05,8.2217659137577,3.0
067_S_2304_m03_2011-06-09,067_S_2304,/project/rrg-mchakrav-ab/moncia/ADNI/bids_adni_go2/sub-067S2304/ses-m03/anat/sub-067S2304_ses-m03_acq-3Taccel_T1w.nii.gz,/scratch/ishaan/adni_trillium/derivatives/bsc/067_S_2304_m03_2011-06-09,2011-05-24,0.0,3.0
067_S_2304_m06_2011-09-08,067_S_2304,/project/rrg-mchakrav-ab/moncia/ADNI/bids_adni_go2/sub-067S2304/ses-m06/anat/sub-067S2304_ses-m06_acq-3Taccel_T1w.nii.gz,/scratch/ishaan/adni_trillium/derivatives/bsc/067_S_2304_m06_2011-09-08,2011-09-14,0.30937713894592744,3.0
067_S_2304_m12_2012-03-09,067_S_2304,/project/rrg-mchakrav-ab/moncia/ADNI/bids_adni_go2/sub-067S2304/ses-m12/anat/sub-067S2304_ses-m12_acq-3Taccel_T1w.nii.gz,/scratch/ishaan/adni_trillium/derivatives/bsc/067_S_2304_m12_2012-03-09,2012-03-01,0.7720739219712526,3.0
067_S_2304_m24_2013-03-09,067_S_2304,/project/rrg-mchakrav-ab/moncia/ADNI/bids_adni_go2/sub-067S2304/ses-m24/anat/sub-067S2304_ses-m24_acq-3Taccel_T1w.nii.gz,/scratch/ishaan/adni_trillium/derivatives/bsc/067_S_2304_m24_2013-03-09,2013-03-13,1.8042436687200547,3.0
067_S_2304_m36_2014-03-09,067_S_2304,/project/rrg-mchakrav-ab/moncia/ADNI/bids_adni_go2/sub-067S2304/ses-m36/anat/sub-067S2304_ses-m36_acq-3Taccel_T1w.nii.gz,/scratch/ishaan/adni_trillium/derivatives/bsc/067_S_2304_m36_2014-03-09,2014-03-19,2.8199863107460645,3.0
067_S_2304_m48_2015-03-10,067_S_2304,/project/rrg-mchakrav-ab/moncia/ADNI/bids_adni_go2/sub-067S2304/ses-m48/anat/sub-067S2304_ses-m48_acq-3Taccel_T1w.nii.gz,/scratch/ishaan/adni_trillium/derivatives/bsc/067_S_2304_m48_2015-03-10,2015-02-27,3.7645448323066395,3.0
067_S_2304_m78_2017-09-08,067_S_2304,/project/rrg-mchakrav-ab/moncia/ADNI/bids_adni3/sub-067S2304/ses-m78/anat/sub-067S2304_ses-m78_acq-3T_T1w.nii.gz,/scratch/ishaan/adni_trillium/derivatives/bsc/067_S_2304_m78_2017-09-08,2017-09-05,6.286105407255304,3.0
067_S_2304_m90_2018-09-08,067_S_2304,/project/rrg-mchakrav-ab/moncia/ADNI/bids_adni3/sub-067S2304/ses-m90/anat/sub-067S2304_ses-m90_acq-3T_T1w.nii.gz,/scratch/ishaan/adni_trillium/derivatives/bsc/067_S_2304_m90_2018-09-08,2018-08-24,7.252566735112937,3.0
067_S_2304_m102_2019-09-08,067_S_2304,/project/rrg-mchakrav-ab/moncia/ADNI/bids_adni3/sub-067S2304/ses-m102/anat/sub-067S2304_ses-m102_acq-3T_T1w.nii.gz,/scratch/ishaan/adni_trillium/derivatives/bsc/067_S_2304_m102_2019-09-08,2019-08-09,8.210814510609172,3.0
067_S_2304_m126_2021-09-08,067_S_2304,/project/rrg-mchakrav-ab/moncia/ADNI/bids_adni3/sub-067S2304/ses-m126/anat/sub-067S2304_ses-m126_acq-3T_T1w.nii.gz,/scratch/ishaan/adni_trillium/derivatives/bsc/067_S_2304_m126_2021-09-08,2021-08-19,10.239561943874058,3.0
067_S_4054_m03_2011-08-18,067_S_4054,/project/rrg-mchakrav-ab/moncia/ADNI/bids_adni_go2/sub-067S4054/ses-m03/anat/sub-067S4054_ses-m03_acq-3Taccel_T1w.nii.gz,/scratch/ishaan/adni_trillium/derivatives/bsc/067_S_4054_m03_2011-08-18,2011-08-26,0.0,3.0
067_S_4054_m06_2011-11-17,067_S_4054,/project/rrg-mchakrav-ab/moncia/ADNI/bids_adni_go2/sub-067S4054/ses-m06/anat/sub-067S4054_ses-m06_acq-3Taccel_T1w.nii.gz,/scratch/ishaan/adni_trillium/derivatives/bsc/067_S_4054_m06_2011-11-17,2011-12-15,0.30390143737166325,3.0
067_S_4054_m12_2012-05-18,067_S_4054,/project/rrg-mchakrav-ab/moncia/ADNI/bids_adni_go2/sub-067S4054/ses-m12/anat/sub-067S4054_ses-m12_acq-3Taccel_T1w.nii.gz,/scratch/ishaan/adni_trillium/derivatives/bsc/067_S_4054_m12_2012-05-18,2012-06-13,0.7994524298425736,3.0
067_S_4054_m24_2013-05-18,067_S_4054,/project/rrg-mchakrav-ab/moncia/ADNI/bids_adni_go2/sub-067S4054/ses-m24/anat/sub-067S4054_ses-m24_acq-3Taccel_T1w.nii.gz,/scratch/ishaan/adni_trillium/derivatives/bsc/067_S_4054_m24_2013-05-18,2013-06-25,1.8316221765913758,3.0
067_S_4072_m03_2011-09-09,067_S_4072,/project/rrg-mchakrav-ab/moncia/ADNI/bids_adni_go2/sub-067S4072/ses-m03/anat/sub-067S4072_ses-m03_acq-3Taccel_T1w.nii.gz,/scratch/ishaan/adni_trillium/derivatives/bsc/067_S_4072_m03_2011-09-09,2011-10-12,0.0,3.0
067_S_4072_m06_2011-12-09,067_S_4072,/project/rrg-mchakrav-ab/moncia/ADNI/bids_adni_go2/sub-067S4072/ses-m06/anat/sub-067S4072_ses-m06_acq-3Taccel_T1w.nii.gz,/scratch/ishaan/adni_trillium/derivatives/bsc/067_S_4072_m06_2011-12-09,2012-02-09,0.32854209445585214,3.0
067_S_4072_m12_2012-06-09,067_S_4072,/project/rrg-mchakrav-ab/moncia/ADNI/bids_adni_go2/sub-067S4072/ses-m12/anat/sub-067S4072_ses-m12_acq-3Taccel_T1w.nii.gz,/scratch/ishaan/adni_trillium/derivatives/bsc/067_S_4072_m12_2012-06-09,2012-07-13,0.7529089664613279,3.0
067_S_4072_m24_2013-06-09,067_S_4072,/project/rrg-mchakrav-ab/moncia/ADNI/bids_adni_go2/sub-067S4072/ses-m24/anat/sub-067S4072_ses-m24_acq-3Taccel_T1w.nii.gz,/scratch/ishaan/adni_trillium/derivatives/bsc/067_S_4072_m24_2013-06-09,2013-07-10,1.7440109514031485,3.0
067_S_4072_m48_2015-06-10,067_S_4072,/project/rrg-mchakrav-ab/moncia/ADNI/bids_adni_go2/sub-067S4072/ses-m48/anat/sub-067S4072_ses-m48_acq-3Taccel_T1w.nii.gz,/scratch/ishaan/adni_trillium/derivatives/bsc/067_S_4072_m48_2015-06-10,2015-07-24,3.780971937029432,3.0
067_S_4072_m72_2017-06-09,067_S_4072,/project/rrg-mchakrav-ab/moncia/ADNI/bids_adni3/sub-067S4072/ses-m72/anat/sub-067S4072_ses-m72_acq-3T_T1w.nii.gz,/scratch/ishaan/adni_trillium/derivatives/bsc/067_S_4072_m72_2017-06-09,2017-08-25,5.8699520876112254,3.0
067_S_4184_m03_2011-11-28,067_S_4184,/project/rrg-mchakrav-ab/moncia/ADNI/bids_adni_go2/sub-067S4184/ses-m03/anat/sub-067S4184_ses-m03_acq-3Taccel_T1w.nii.gz,/scratch/ishaan/adni_trillium/derivatives/bsc/067_S_4184_m03_2011-11-28,2011-12-19,0.0,3.0
067_S_4184_m06_2012-02-27,067_S_4184,/project/rrg-mchakrav-ab/moncia/ADNI/bids_adni_go2/sub-067S4184/ses-m06/anat/sub-067S4184_ses-m06_acq-3Taccel_T1w.nii.gz,/scratch/ishaan/adni_trillium/derivatives/bsc/067_S_4184_m06_2012-02-27,2012-03-23,0.2600958247775496,3.0
067_S_4184_m12_2012-08-28,067_S_4184,/project/rrg-mchakrav-ab/moncia/ADNI/bids_adni_go2/sub-067S4184/ses-m12/anat/sub-067S4184_ses-m12_acq-3Taccel_T1w.nii.gz,/scratch/ishaan/adni_trillium/derivatives/bsc/067_S_4184_m12_2012-08-28,2012-09-19,0.7529089664613279,3.0
067_S_4184_m24_2013-08-28,067_S_4184,/project/rrg-mchakrav-ab/moncia/ADNI/bids_adni_go2/sub-067S4184/ses-m24/anat/sub-067S4184_ses-m24_acq-3Taccel_T1w.nii.gz,/scratch/ishaan/adni_trillium/derivatives/bsc/067_S_4184_m24_2013-08-28,2013-09-12,1.73305954825462,3.0
067_S_4184_m48_2015-08-29,067_S_4184,/project/rrg-mchakrav-ab/moncia/ADNI/bids_adni_go2/sub-067S4184/ses-m48/anat/sub-067S4184_ses-m48_acq-3Taccel_T1w.nii.gz,/scratch/ishaan/adni_trillium/derivatives/bsc/067_S_4184_m48_2015-08-29,2015-10-05,3.7946611909650922,3.0
067_S_4184_m72_2017-08-28,067_S_4184,/project/rrg-mchakrav-ab/moncia/ADNI/bids_adni3/sub-067S4184/ses-m72/anat/sub-067S4184_ses-m72_acq-3T_T1w.nii.gz,/scratch/ishaan/adni_trillium/derivatives/bsc/067_S_4184_m72_2017-08-28,2017-11-20,5.921971252566735,3.0
067_S_4212_m03_2011-11-28,067_S_4212,/project/rrg-mchakrav-ab/moncia/ADNI/bids_adni_go2/sub-067S4212/ses-m03/anat/sub-067S4212_ses-m03_acq-3Taccel_T1w.nii.gz,/scratch/ishaan/adni_trillium/derivatives/bsc/067_S_4212_m03_2011-11-28,2011-12-19,0.0,3.0
067_S_4212_m06_2012-02-27,067_S_4212,/project/rrg-mchakrav-ab/moncia/ADNI/bids_adni_go2/sub-067S4212/ses-m06/anat/sub-067S4212_ses-m06_acq-3Taccel_T1w.nii.gz,/scratch/ishaan/adni_trillium/derivatives/bsc/067_S_4212_m06_2012-02-27,2012-03-23,0.2600958247775496,3.0
067_S_4212_m12_2012-08-28,067_S_4212,/project/rrg-mchakrav-ab/moncia/ADNI/bids_adni_go2/sub-067S4212/ses-m12/anat/sub-067S4212_ses-m12_acq-3Taccel_T1w.nii.gz,/scratch/ishaan/adni_trillium/derivatives/bsc/067_S_4212_m12_2012-08-28,2012-09-19,0.7529089664613279,3.0
067_S_4212_m24_2013-08-28,067_S_4212,/project/rrg-mchakrav-ab/moncia/ADNI/bids_adni_go2/sub-067S4212/ses-m24/anat/sub-067S4212_ses-m24_acq-3Taccel_T1w.nii.gz,/scratch/ishaan/adni_trillium/derivatives/bsc/067_S_4212_m24_2013-08-28,2013-09-12,1.73305954825462,3.0
067_S_4212_m48_2015-08-29,067_S_4212,/project/rrg-mchakrav-ab/moncia/ADNI/bids_adni_go2/sub-067S4212/ses-m48/anat/sub-067S4212_ses-m48_acq-3Taccel_T1w.nii.gz,/scratch/ishaan/adni_trillium/derivatives/bsc/067_S_4212_m48_2015-08-29,2015-10-05,3.7946611909650922,3.0
067_S_4212_m72_2017-08-28,067_S_4212,/project/rrg-mchakrav-ab/moncia/ADNI/bids_adni3/sub-067S4212/ses-m72/anat/sub-067S4212_ses-m72_acq-3T_T1w.nii.gz,/scratch/ishaan/adni_trillium/derivatives/bsc/067_S_4212_m72_2017-08-28,2017-11-20,5.921971252566735,3.0
067_S_4212_m120_2021-08-28,067_S_4212,/project/rrg-mchakrav-ab/moncia/ADNI/bids_adni3/sub-067S4212/ses-m120/anat/sub-067S4212_ses-m120_acq-3T_T1w.nii.gz,/scratch/ishaan/adni_trillium/derivatives/bsc/067_S_4212_m120_2021-08-28,2021-12-07,9.96851471594798,3.0
067_S_4767_m03_2012-08-31,067_S_4767,/project/rrg-mchakrav-ab/moncia/ADNI/bids_adni_go2/sub-067S4767/ses-m03/anat/sub-067S4767_ses-m03_acq-3Taccel_T1w.nii.gz,/scratch/ishaan/adni_trillium/derivatives/bsc/067_S_4767_m03_2012-08-31,2012-09-10,0.0,3.0
067_S_4767_m06_2012-11-30,067_S_4767,/project/rrg-mchakrav-ab/moncia/ADNI/bids_adni_go2/sub-067S4767/ses-m06/anat/sub-067S4767_ses-m06_acq-3Taccel_T1w.nii.gz,/scratch/ishaan/adni_trillium/derivatives/bsc/067_S_4767_m06_2012-11-30,2012-12-10,0.24914442162902123,3.0
067_S_4767_m12_2013-06-01,067_S_4767,/project/rrg-mchakrav-ab/moncia/ADNI/bids_adni_go2/sub-067S4767/ses-m12/anat/sub-067S4767_ses-m12_acq-3Taccel_T1w.nii.gz,/scratch/ishaan/adni_trillium/derivatives/bsc/067_S_4767_m12_2013-06-01,2013-06-20,0.7748117727583846,3.0
067_S_4767_m24_2014-06-01,067_S_4767,/project/rrg-mchakrav-ab/moncia/ADNI/bids_adni_go2/sub-067S4767/ses-m24/anat/sub-067S4767_ses-m24_acq-3Taccel_T1w.nii.gz,/scratch/ishaan/adni_trillium/derivatives/bsc/067_S_4767_m24_2014-06-01,2014-06-09,1.7440109514031485,3.0
067_S_4767_m48_2016-06-01,067_S_4767,/project/rrg-mchakrav-ab/moncia/ADNI/bids_adni_go2/sub-067S4767/ses-m48/anat/sub-067S4767_ses-m48_acq-3Taccel_T1w.nii.gz,/scratch/ishaan/adni_trillium/derivatives/bsc/067_S_4767_m48_2016-06-01,2016-06-07,3.7399041752224504,3.0
067_S_4767_m60_2017-06-01,067_S_4767,/project/rrg-mchakrav-ab/moncia/ADNI/bids_adni3/sub-067S4767/ses-m60/anat/sub-067S4767_ses-m60_acq-3T_T1w.nii.gz,/scratch/ishaan/adni_trillium/derivatives/bsc/067_S_4767_m60_2017-06-01,2017-06-05,4.733744010951403,3.0
067_S_4767_m72_2018-06-01,067_S_4767,/project/rrg-mchakrav-ab/moncia/ADNI/bids_adni3/sub-067S4767/ses-m72/anat/sub-067S4767_ses-m72_acq-3T_T1w.nii.gz,/scratch/ishaan/adni_trillium/derivatives/bsc/067_S_4767_m72_2018-06-01,2018-06-14,5.757700205338809,3.0
067_S_4767_m84_2019-06-01,067_S_4767,/project/rrg-mchakrav-ab/moncia/ADNI/bids_adni3/sub-067S4767/ses-m84/anat/sub-067S4767_ses-m84_acq-3T_T1w.nii.gz,/scratch/ishaan/adni_trillium/derivatives/bsc/067_S_4767_m84_2019-06-01,2019-06-04,6.729637234770705,3.0
067_S_4782_m03_2012-10-05,067_S_4782,/project/rrg-mchakrav-ab/moncia/ADNI/bids_adni_go2/sub-067S4782/ses-m03/anat/sub-067S4782_ses-m03_acq-3Taccel_T1w.nii.gz,/scratch/ishaan/adni_trillium/derivatives/bsc/067_S_4782_m03_2012-10-05,2012-10-26,0.0,3.0
067_S_4782_m06_2013-01-04,067_S_4782,/project/rrg-mchakrav-ab/moncia/ADNI/bids_adni_go2/sub-067S4782/ses-m06/anat/sub-067S4782_ses-m06_acq-3Taccel_T1w.nii.gz,/scratch/ishaan/adni_trillium/derivatives/bsc/067_S_4782_m06_2013-01-04,2013-01-03,0.188911704312115,3.0
067_S_4782_m12_2013-07-06,067_S_4782,/project/rrg-mchakrav-ab/moncia/ADNI/bids_adni_go2/sub-067S4782/ses-m12/anat/sub-067S4782_ses-m12_acq-3Taccel_T1w.nii.gz,/scratch/ishaan/adni_trillium/derivatives/bsc/067_S_4782_m12_2013-07-06,2013-08-08,0.783025325119781,3.0
067_S_4782_m24_2014-07-06,067_S_4782,/project/rrg-mchakrav-ab/moncia/ADNI/bids_adni_go2/sub-067S4782/ses-m24/anat/sub-067S4782_ses-m24_acq-3Taccel_T1w.nii.gz,/scratch/ishaan/adni_trillium/derivatives/bsc/067_S_4782_m24_2014-07-06,2014-07-21,1.73305954825462,3.0
067_S_4782_m48_2016-07-06,067_S_4782,/project/rrg-mchakrav-ab/moncia/ADNI/bids_adni_go2/sub-067S4782/ses-m48/anat/sub-067S4782_ses-m48_acq-3Taccel_T1w.nii.gz,/scratch/ishaan/adni_trillium/derivatives/bsc/067_S_4782_m48_2016-07-06,2016-08-05,3.7754962354551678,3.0
067_S_4782_m60_2017-07-06,067_S_4782,/project/rrg-mchakrav-ab/moncia/ADNI/bids_adni3/sub-067S4782/ses-m60/anat/sub-067S4782_ses-m60_acq-3T_T1w.nii.gz,/scratch/ishaan/adni_trillium/derivatives/bsc/067_S_4782_m60_2017-07-06,2017-08-29,4.8405201916495555,3.0
067_S_4782_m72_2018-07-06,067_S_4782,/project/rrg-mchakrav-ab/moncia/ADNI/bids_adni3/sub-067S4782/ses-m72/anat/sub-067S4782_ses-m72_acq-3T_T1w.nii.gz,/scratch/ishaan/adni_trillium/derivatives/bsc/067_S_4782_m72_2018-07-06,2018-08-20,5.815195071868583,3.0
067_S_4782_m84_2019-07-06,067_S_4782,/project/rrg-mchakrav-ab/moncia/ADNI/bids_adni3/sub-067S4782/ses-m84/anat/sub-067S4782_ses-m84_acq-3T_T1w.nii.gz,/scratch/ishaan/adni_trillium/derivatives/bsc/067_S_4782_m84_2019-07-06,2019-10-02,6.93223819301848,3.0
068_S_0872_sc_2007-03-16,068_S_0872,/project/rrg-mchakrav-ab/moncia/ADNI/bids_adni1/sub-068S0872/ses-sc/anat/sub-068S0872_ses-sc_acq-15T_T1w.nii.gz,/scratch/ishaan/adni_trillium/derivatives/bsc/068_S_0872_sc_2007-03-16,2007-03-16,0.0,
068_S_0872_m12_2008-03-15,068_S_0872,/project/rrg-mchakrav-ab/moncia/ADNI/bids_adni1/sub-068S0872/ses-m12/anat/sub-068S0872_ses-m12_acq-15T_T1w.nii.gz,/scratch/ishaan/adni_trillium/derivatives/bsc/068_S_0872_m12_2008-03-15,2008-03-15,0.999315537303217,
068_S_0872_m18_2008-09-13,068_S_0872,/project/rrg-mchakrav-ab/moncia/ADNI/bids_adni1/sub-068S0872/ses-m18/anat/sub-068S0872_ses-m18_acq-15T_T1w.nii.gz,/scratch/ishaan/adni_trillium/derivatives/bsc/068_S_0872_m18_2008-09-13,2008-09-13,1.4976043805612593,
068_S_0872_m24_2009-03-15,068_S_0872,/project/rrg-mchakrav-ab/moncia/ADNI/bids_adni1/sub-068S0872/ses-m24/anat/sub-068S0872_ses-m24_acq-15T_T1w.nii.gz,/scratch/ishaan/adni_trillium/derivatives/bsc/068_S_0872_m24_2009-03-15,2009-03-15,1.998631074606434,
068_S_1075_bl_2007-04-27,068_S_1075,/project/rrg-mchakrav-ab/moncia/ADNI/bids_adni1/sub-068S1075/ses-bl/anat/sub-068S1075_ses-bl_acq-3T_T1w.nii.gz,/scratch/ishaan/adni_trillium/derivatives/bsc/068_S_1075_bl_2007-04-27,2007-04-27,0.0,
068_S_1075_sc_2007-04-27,068_S_1075,/project/rrg-mchakrav-ab/moncia/ADNI/bids_adni1/sub-068S1075/ses-sc/anat/sub-068S1075_ses-sc_acq-15T_T1w.nii.gz,/scratch/ishaan/adni_trillium/derivatives/bsc/068_S_1075_sc_2007-04-27,2007-04-27,0.0,
068_S_1075_m12_2008-04-26,068_S_1075,/project/rrg-mchakrav-ab/moncia/ADNI/bids_adni1/sub-068S1075/ses-m12/anat/sub-068S1075_ses-m12_acq-15T_T1w.nii.gz,/scratch/ishaan/adni_trillium/derivatives/bsc/068_S_1075_m12_2008-04-26,2008-04-26,0.999315537303217,
068_S_1075_m18_2008-10-25,068_S_1075,/project/rrg-mchakrav-ab/moncia/ADNI/bids_adni1/sub-068S1075/ses-m18/anat/sub-068S1075_ses-m18_acq-15T_T1w.nii.gz,/scratch/ishaan/adni_trillium/derivatives/bsc/068_S_1075_m18_2008-10-25,2008-10-25,1.4976043805612593,
068_S_2168_m03_2011-07-15,068_S_2168,/project/rrg-mchakrav-ab/moncia/ADNI/bids_adni_go2/sub-068S2168/ses-m03/anat/sub-068S2168_ses-m03_acq-3Taccel_T1w.nii.gz,/scratch/ishaan/adni_trillium/derivatives/bsc/068_S_2168_m03_2011-07-15,2011-05-24,0.0,3.0
068_S_2168_m06_2011-10-14,068_S_2168,/project/rrg-mchakrav-ab/moncia/ADNI/bids_adni_go2/sub-068S2168/ses-m06/anat/sub-068S2168_ses-m06_acq-3Taccel_T1w.nii.gz,/scratch/ishaan/adni_trillium/derivatives/bsc/068_S_2168_m06_2011-10-14,2012-01-13,0.6406570841889117,3.0
068_S_2168_m12_2012-04-14,068_S_2168,/project/rrg-mchakrav-ab/moncia/ADNI/bids_adni_go2/sub-068S2168/ses-m12/anat/sub-068S2168_ses-m12_acq-3Taccel_T1w.nii.gz,/scratch/ishaan/adni_trillium/derivatives/bsc/068_S_2168_m12_2012-04-14,2012-04-14,0.892539356605065,
068_S_2168_m36_2014-04-14,068_S_2168,/project/rrg-mchakrav-ab/moncia/ADNI/bids_adni_go2/sub-068S2168/ses-m36/anat/sub-068S2168_ses-m36_acq-3Taccel_T1w.nii.gz,/scratch/ishaan/adni_trillium/derivatives/bsc/068_S_2168_m36_2014-04-14,2013-12-20,2.5763175906913074,3.0
068_S_2315_m03_2011-10-14,068_S_2315,/project/rrg-mchakrav-ab/moncia/ADNI/bids_adni_go2/sub-068S2315/ses-m03/anat/sub-068S2315_ses-m03_acq-3Taccel_T1w.nii.gz,/scratch/ishaan/adni_trillium/derivatives/bsc/068_S_2315_m03_2011-10-14,2011-07-11,0.0,3.0
068_S_2315_m06_2012-01-13,068_S_2315,/project/rrg-mchakrav-ab/moncia/ADNI/bids_adni_go2/sub-068S2315/ses-m06/anat/sub-068S2315_ses-m06_acq-3Taccel_T1w.nii.gz,/scratch/ishaan/adni_trillium/derivatives/bsc/068_S_2315_m06_2012-01-13,2011-10-18,0.27104722792607805,3.0
068_S_2315_m12_2012-07-14,068_S_2315,/project/rrg-mchakrav-ab/moncia/ADNI/bids_adni_go2/sub-068S2315/ses-m12/anat/sub-068S2315_ses-m12_acq-3Taccel_T1w.nii.gz,/scratch/ishaan/adni_trillium/derivatives/bsc/068_S_2315_m12_2012-07-14,2012-04-23,0.785763175906913,3.0
068_S_2315_m78_2018-01-13,068_S_2315,/project/rrg-mchakrav-ab/moncia/ADNI/bids_adni3/sub-068S2315/ses-m78/anat/sub-068S2315_ses-m78_acq-3T_T1w.nii.gz,/scratch/ishaan/adni_trillium/derivatives/bsc/068_S_2315_m78_2018-01-13,2017-09-25,6.209445585215605,3.0
068_S_2315_m114_2021-01-13,068_S_2315,/project/rrg-mchakrav-ab/moncia/ADNI/bids_adni3/sub-068S2315/ses-m114/anat/sub-068S2315_ses-m114_acq-3T_T1w.nii.gz,/scratch/ishaan/adni_trillium/derivatives/bsc/068_S_2315_m114_2021-01-13,2020-10-05,9.23750855578371,3.0
068_S_2315_m132_2022-07-15,068_S_2315,/project/rrg-mchakrav-ab/moncia/ADNI/bids_adni3/sub-068S2315/ses-m132/anat/sub-068S2315_ses-m132_acq-3T_T1w.nii.gz,/scratch/ishaan/adni_trillium/derivatives/bsc/068_S_2315_m132_2022-07-15,2022-06-01,10.8911704312115,3.0
068_S_4061_m03_2011-08-26,068_S_4061,/project/rrg-mchakrav-ab/moncia/ADNI/bids_adni_go2/sub-068S4061/ses-m03/anat/sub-068S4061_ses-m03_acq-3Taccel_T1w.nii.gz,/scratch/ishaan/adni_trillium/derivatives/bsc/068_S_4061_m03_2011-08-26,2011-09-20,0.0,3.0
068_S_4061_m06_2011-11-25,068_S_4061,/project/rrg-mchakrav-ab/moncia/ADNI/bids_adni_go2/sub-068S4061/ses-m06/anat/sub-068S4061_ses-m06_acq-3Taccel_T1w.nii.gz,/scratch/ishaan/adni_trillium/derivatives/bsc/068_S_4061_m06_2011-11-25,2011-12-19,0.2464065708418891,3.0
068_S_4061_m12_2012-05-26,068_S_4061,/project/rrg-mchakrav-ab/moncia/ADNI/bids_adni_go2/sub-068S4061/ses-m12/anat/sub-068S4061_ses-m12_acq-3Taccel_T1w.nii.gz,/scratch/ishaan/adni_trillium/derivatives/bsc/068_S_4061_m12_2012-05-26,2012-07-02,0.783025325119781,3.0
068_S_4061_m24_2013-05-26,068_S_4061,/project/rrg-mchakrav-ab/moncia/ADNI/bids_adni_go2/sub-068S4061/ses-m24/anat/sub-068S4061_ses-m24_acq-3Taccel_T1w.nii.gz,/scratch/ishaan/adni_trillium/derivatives/bsc/068_S_4061_m24_2013-05-26,2013-06-25,1.7631759069130732,3.0
068_S_4061_m60_2016-05-26,068_S_4061,/project/rrg-mchakrav-ab/moncia/ADNI/bids_adni_go2/sub-068S4061/ses-m60/anat/sub-068S4061_ses-m60_acq-3Taccel_T1w.nii.gz,/scratch/ishaan/adni_trillium/derivatives/bsc/068_S_4061_m60_2016-05-26,2016-11-08,5.136208076659822,3.0
068_S_4061_m78_2017-11-25,068_S_4061,/project/rrg-mchakrav-ab/moncia/ADNI/bids_adni3/sub-068S4061/ses-m78/anat/sub-068S4061_ses-m78_acq-3T_T1w.nii.gz,/scratch/ishaan/adni_trillium/derivatives/bsc/068_S_4061_m78_2017-11-25,2017-09-26,6.017796030116359,3.0
068_S_4061_m102_2019-11-25,068_S_4061,/project/rrg-mchakrav-ab/moncia/ADNI/bids_adni3/sub-068S4061/ses-m102/anat/sub-068S4061_ses-m102_acq-3T_T1w.nii.gz,/scratch/ishaan/adni_trillium/derivatives/bsc/068_S_4061_m102_2019-11-25,2019-11-26,8.183436002737851,3.0
068_S_4067_m03_2011-08-26,068_S_4067,/project/rrg-mchakrav-ab/moncia/ADNI/bids_adni_go2/sub-068S4067/ses-m03/anat/sub-068S4067_ses-m03_acq-3Taccel_T1w.nii.gz,/scratch/ishaan/adni_trillium/derivatives/bsc/068_S_4067_m03_2011-08-26,2011-09-14,0.0,3.0
068_S_4067_m12_2012-05-26,068_S_4067,/project/rrg-mchakrav-ab/moncia/ADNI/bids_adni_go2/sub-068S4067/ses-m12/anat/sub-068S4067_ses-m12_acq-3Taccel_T1w.nii.gz,/scratch/ishaan/adni_trillium/derivatives/bsc/068_S_4067_m12_2012-05-26,2012-11-08,1.1526351813826146,3.0
068_S_4067_m36_2014-05-26,068_S_4067,/project/rrg-mchakrav-ab/moncia/ADNI/bids_adni_go2/sub-068S4067/ses-m36/anat/sub-068S4067_ses-m36_acq-3Taccel_T1w.nii.gz,/scratch/ishaan/adni_trillium/derivatives/bsc/068_S_4067_m36_2014-05-26,2014-08-11,2.9075975359342916,3.0
068_S_4067_m72_2017-05-26,068_S_4067,/project/rrg-mchakrav-ab/moncia/ADNI/bids_adni3/sub-068S4067/ses-m72/anat/sub-068S4067_ses-m72_acq-3T_T1w.nii.gz,/scratch/ishaan/adni_trillium/derivatives/bsc/068_S_4067_m72_2017-05-26,2017-08-16,5.921971252566735,3.0
068_S_4217_m03_2011-12-01,068_S_4217,/project/rrg-mchakrav-ab/moncia/ADNI/bids_adni_go2/sub-068S4217/ses-m03/anat/sub-068S4217_ses-m03_acq-3Taccel_T1w.nii.gz,/scratch/ishaan/adni_trillium/derivatives/bsc/068_S_4217_m03_2011-12-01,2011-12-14,0.0,3.0
068_S_4217_m06_2012-03-01,068_S_4217,/project/rrg-mchakrav-ab/moncia/ADNI/bids_adni_go2/sub-068S4217/ses-m06/anat/sub-068S4217_ses-m06_acq-3Taccel_T1w.nii.gz,/scratch/ishaan/adni_trillium/derivatives/bsc/068_S_4217_m06_2012-03-01,2012-05-07,0.39698836413415467,3.0
068_S_4217_m12_2012-08-31,068_S_4217,/project/rrg-mchakrav-ab/moncia/ADNI/bids_adni_go2/sub-068S4217/ses-m12/anat/sub-068S4217_ses-m12_acq-3Taccel_T1w.nii.gz,/scratch/ishaan/adni_trillium/derivatives/bsc/068_S_4217_m12_2012-08-31,2012-12-06,0.9801505817932923,3.0
068_S_4217_m24_2013-08-31,068_S_4217,/project/rrg-mchakrav-ab/moncia/ADNI/bids_adni_go2/sub-068S4217/ses-m24/anat/sub-068S4217_ses-m24_acq-3Taccel_T1w.nii.gz,/scratch/ishaan/adni_trillium/derivatives/bsc/068_S_4217_m24_2013-08-31,2013-12-17,2.0095824777549622,3.0
068_S_4332_m03_2012-01-30,068_S_4332,/project/rrg-mchakrav-ab/moncia/ADNI/bids_adni_go2/sub-068S4332/ses-m03/anat/sub-068S4332_ses-m03_acq-3Taccel_T1w.nii.gz,/scratch/ishaan/adni_trillium/derivatives/bsc/068_S_4332_m03_2012-01-30,2012-03-09,0.0,3.0
068_S_4332_m36_2014-10-30,068_S_4332,/project/rrg-mchakrav-ab/moncia/ADNI/bids_adni_go2/sub-068S4332/ses-m36/anat/sub-068S4332_ses-m36_acq-3Taccel_T1w.nii.gz,/scratch/ishaan/adni_trillium/derivatives/bsc/068_S_4332_m36_2014-10-30,2014-10-30,2.642026009582478,
068_S_4332_m66_2017-05-01,068_S_4332,/project/rrg-mchakrav-ab/moncia/ADNI/bids_adni_go2/sub-068S4332/ses-m66/anat/sub-068S4332_ses-m66_acq-3Taccel_T1w.nii.gz,/scratch/ishaan/adni_trillium/derivatives/bsc/068_S_4332_m66_2017-05-01,2017-07-11,5.338809034907597,3.0
068_S_4332_m78_2018-05-01,068_S_4332,/project/rrg-mchakrav-ab/moncia/ADNI/bids_adni3/sub-068S4332/ses-m78/anat/sub-068S4332_ses-m78_acq-3T_T1w.nii.gz,/scratch/ishaan/adni_trillium/derivatives/bsc/068_S_4332_m78_2018-05-01,2018-08-10,6.420260095824777,3.0
068_S_4332_m96_2019-10-31,068_S_4332,/project/rrg-mchakrav-ab/moncia/ADNI/bids_adni3/sub-068S4332/ses-m96/anat/sub-068S4332_ses-m96_acq-3T_T1w.nii.gz,/scratch/ishaan/adni_trillium/derivatives/bsc/068_S_4332_m96_2019-10-31,2019-09-23,7.540041067761807,3.0
070_S_6236_sc_2018-02-15,070_S_6236,/project/rrg-mchakrav-ab/moncia/ADNI/bids_adni3/sub-070S6236/ses-sc/anat/sub-070S6236_ses-sc_acq-3T_T1w.nii.gz,/scratch/ishaan/adni_trillium/derivatives/bsc/070_S_6236_sc_2018-02-15,2018-02-26,0.0,3.0
070_S_6236_m12_2019-02-15,070_S_6236,/project/rrg-mchakrav-ab/moncia/ADNI/bids_adni3/sub-070S6236/ses-m12/anat/sub-070S6236_ses-m12_acq-3T_T1w.nii.gz,/scratch/ishaan/adni_trillium/derivatives/bsc/070_S_6236_m12_2019-02-15,2019-03-07,1.0239561943874058,3.0
070_S_6236_m24_2020-02-15,070_S_6236,/project/rrg-mchakrav-ab/moncia/ADNI/bids_adni3/sub-070S6236/ses-m24/anat/sub-070S6236_ses-m24_acq-3T_T1w.nii.gz,/scratch/ishaan/adni_trillium/derivatives/bsc/070_S_6236_m24_2020-02-15,2020-03-12,2.0396988364134154,3.0
070_S_6236_m36_2021-02-14,070_S_6236,/project/rrg-mchakrav-ab/moncia/ADNI/bids_adni3/sub-070S6236/ses-m36/anat/sub-070S6236_ses-m36_acq-3T_T1w.nii.gz,/scratch/ishaan/adni_trillium/derivatives/bsc/070_S_6236_m36_2021-02-14,2021-04-14,3.1293634496919918,3.0
070_S_6236_m48_2022-02-15,070_S_6236,/project/rrg-mchakrav-ab/moncia/ADNI/bids_adni3/sub-070S6236/ses-m48/anat/sub-070S6236_ses-m48_acq-3T_T1w.nii.gz,/scratch/ishaan/adni_trillium/derivatives/bsc/070_S_6236_m48_2022-02-15,2022-04-28,4.167008898015058,3.0
072_S_1380_sc_2007-07-05,072_S_1380,/project/rrg-mchakrav-ab/moncia/ADNI/bids_adni1/sub-072S1380/ses-sc/anat/sub-072S1380_ses-sc_acq-15T_T1w.nii.gz,/scratch/ishaan/adni_trillium/derivatives/bsc/072_S_1380_sc_2007-07-05,2007-07-05,0.0,
072_S_1380_m18_2009-01-02,072_S_1380,/project/rrg-mchakrav-ab/moncia/ADNI/bids_adni1/sub-072S1380/ses-m18/anat/sub-072S1380_ses-m18_acq-15T_T1w.nii.gz,/scratch/ishaan/adni_trillium/derivatives/bsc/072_S_1380_m18_2009-01-02,2009-01-02,1.4976043805612593,
072_S_1380_m24_2009-07-04,072_S_1380,/project/rrg-mchakrav-ab/moncia/ADNI/bids_adni1/sub-072S1380/ses-m24/anat/sub-072S1380_ses-m24_acq-15T_T1w.nii.gz,/scratch/ishaan/adni_trillium/derivatives/bsc/072_S_1380_m24_2009-07-04,2009-07-04,1.998631074606434,
072_S_1380_m36_2010-07-04,072_S_1380,/project/rrg-mchakrav-ab/moncia/ADNI/bids_adni1/sub-072S1380/ses-m36/anat/sub-072S1380_ses-m36_acq-15T_T1w.nii.gz,/scratch/ishaan/adni_trillium/derivatives/bsc/072_S_1380_m36_2010-07-04,2010-07-04,2.9979466119096507,
072_S_2027_m03_2010-12-03,072_S_2027,/project/rrg-mchakrav-ab/moncia/ADNI/bids_adni_go2/sub-072S2027/ses-m03/anat/sub-072S2027_ses-m03_acq-3Taccel_T1w.nii.gz,/scratch/ishaan/adni_trillium/derivatives/bsc/072_S_2027_m03_2010-12-03,2010-10-19,0.0,3.0
072_S_2027_m06_2011-03-04,072_S_2027,/project/rrg-mchakrav-ab/moncia/ADNI/bids_adni_go2/sub-072S2027/ses-m06/anat/sub-072S2027_ses-m06_acq-3Tunaccel_T1w.nii.gz,/scratch/ishaan/adni_trillium/derivatives/bsc/072_S_2027_m06_2011-03-04,2011-02-18,0.33401779603011633,3.0
072_S_2027_m12_2011-09-03,072_S_2027,/project/rrg-mchakrav-ab/moncia/ADNI/bids_adni_go2/sub-072S2027/ses-m12/anat/sub-072S2027_ses-m12_acq-3Taccel_T1w.nii.gz,/scratch/ishaan/adni_trillium/derivatives/bsc/072_S_2027_m12_2011-09-03,2011-08-19,0.8323066392881588,3.0
072_S_2027_m24_2012-09-02,072_S_2027,/project/rrg-mchakrav-ab/moncia/ADNI/bids_adni_go2/sub-072S2027/ses-m24/anat/sub-072S2027_ses-m24_acq-3Taccel_T1w.nii.gz,/scratch/ishaan/adni_trillium/derivatives/bsc/072_S_2027_m24_2012-09-02,2012-08-09,1.8069815195071868,3.0
072_S_2037_m03_2010-11-23,072_S_2037,/project/rrg-mchakrav-ab/moncia/ADNI/bids_adni_go2/sub-072S2037/ses-m03/anat/sub-072S2037_ses-m03_acq-3Taccel_T1w.nii.gz,/scratch/ishaan/adni_trillium/derivatives/bsc/072_S_2037_m03_2010-11-23,2010-11-12,0.0,3.0
072_S_2037_m06_2011-02-22,072_S_2037,/project/rrg-mchakrav-ab/moncia/ADNI/bids_adni_go2/sub-072S2037/ses-m06/anat/sub-072S2037_ses-m06_acq-3Taccel_T1w.nii.gz,/scratch/ishaan/adni_trillium/derivatives/bsc/072_S_2037_m06_2011-02-22,2011-02-17,0.2655715263518138,3.0
072_S_2037_m12_2011-08-24,072_S_2037,/project/rrg-mchakrav-ab/moncia/ADNI/bids_adni_go2/sub-072S2037/ses-m12/anat/sub-072S2037_ses-m12_acq-3Taccel_T1w.nii.gz,/scratch/ishaan/adni_trillium/derivatives/bsc/072_S_2037_m12_2011-08-24,2011-08-19,0.7665982203969883,3.0
072_S_2037_m24_2012-08-23,072_S_2037,/project/rrg-mchakrav-ab/moncia/ADNI/bids_adni_go2/sub-072S2037/ses-m24/anat/sub-072S2037_ses-m24_acq-3Taccel_T1w.nii.gz,/scratch/ishaan/adni_trillium/derivatives/bsc/072_S_2037_m24_2012-08-23,2012-08-16,1.7604380561259412,3.0
072_S_2037_m36_2013-08-23,072_S_2037,/project/rrg-mchakrav-ab/moncia/ADNI/bids_adni_go2/sub-072S2037/ses-m36/anat/sub-072S2037_ses-m36_acq-3Taccel_T1w.nii.gz,/scratch/ishaan/adni_trillium/derivatives/bsc/072_S_2037_m36_2013-08-23,2013-08-15,2.757015742642026,3.0
072_S_2037_m48_2014-08-24,072_S_2037,/project/rrg-mchakrav-ab/moncia/ADNI/bids_adni_go2/sub-072S2037/ses-m48/anat/sub-072S2037_ses-m48_acq-3Taccel_T1w.nii.gz,/scratch/ishaan/adni_trillium/derivatives/bsc/072_S_2037_m48_2014-08-24,2014-09-02,3.805612594113621,3.0
072_S_2072_m03_2010-12-21,072_S_2072,/project/rrg-mchakrav-ab/moncia/ADNI/bids_adni_go2/sub-072S2072/ses-m03/anat/sub-072S2072_ses-m03_acq-3Taccel_T1w.nii.gz,/scratch/ishaan/adni_trillium/derivatives/bsc/072_S_2072_m03_2010-12-21,2010-12-06,0.0,3.0
072_S_2072_m06_2011-03-22,072_S_2072,/project/rrg-mchakrav-ab/moncia/ADNI/bids_adni_go2/sub-072S2072/ses-m06/anat/sub-072S2072_ses-m06_acq-3Taccel_T1w.nii.gz,/scratch/ishaan/adni_trillium/derivatives/bsc/072_S_2072_m06_2011-03-22,2011-03-28,0.3066392881587953,3.0
072_S_2072_m12_2011-09-21,072_S_2072,/project/rrg-mchakrav-ab/moncia/ADNI/bids_adni_go2/sub-072S2072/ses-m12/anat/sub-072S2072_ses-m12_acq-3Taccel_T1w.nii.gz,/scratch/ishaan/adni_trillium/derivatives/bsc/072_S_2072_m12_2011-09-21,2011-09-15,0.7748117727583846,3.0
072_S_2072_m24_2012-09-20,072_S_2072,/project/rrg-mchakrav-ab/moncia/ADNI/bids_adni_go2/sub-072S2072/ses-m24/anat/sub-072S2072_ses-m24_acq-3Taccel_T1w.nii.gz,/scratch/ishaan/adni_trillium/derivatives/bsc/072_S_2072_m24_2012-09-20,2012-09-18,1.78507871321013,3.0
072_S_2072_m36_2013-09-20,072_S_2072,/project/rrg-mchakrav-ab/moncia/ADNI/bids_adni_go2/sub-072S2072/ses-m36/anat/sub-072S2072_ses-m36_acq-3Taccel_T1w.nii.gz,/scratch/ishaan/adni_trillium/derivatives/bsc/072_S_2072_m36_2013-09-20,2013-09-17,2.7816563997262147,3.0
072_S_2072_m48_2014-09-21,072_S_2072,/project/rrg-mchakrav-ab/moncia/ADNI/bids_adni_go2/sub-072S2072/ses-m48/anat/sub-072S2072_ses-m48_acq-3Taccel_T1w.nii.gz,/scratch/ishaan/adni_trillium/derivatives/bsc/072_S_2072_m48_2014-09-21,2014-09-16,3.7782340862423,3.0
072_S_2083_m03_2010-12-27,072_S_2083,/project/rrg-mchakrav-ab/moncia/ADNI/bids_adni_go2/sub-072S2083/ses-m03/anat/sub-072S2083_ses-m03_acq-3Taccel_T1w.nii.gz,/scratch/ishaan/adni_trillium/derivatives/bsc/072_S_2083_m03_2010-12-27,2010-12-13,0.0,3.0
072_S_2083_m06_2011-03-28,072_S_2083,/project/rrg-mchakrav-ab/moncia/ADNI/bids_adni_go2/sub-072S2083/ses-m06/anat/sub-072S2083_ses-m06_acq-3Taccel_T1w.nii.gz,/scratch/ishaan/adni_trillium/derivatives/bsc/072_S_2083_m06_2011-03-28,2011-03-28,0.2874743326488706,3.0
072_S_2083_m12_2011-09-27,072_S_2083,/project/rrg-mchakrav-ab/moncia/ADNI/bids_adni_go2/sub-072S2083/ses-m12/anat/sub-072S2083_ses-m12_acq-3Taccel_T1w.nii.gz,/scratch/ishaan/adni_trillium/derivatives/bsc/072_S_2083_m12_2011-09-27,2011-09-27,0.7885010266940452,3.0
072_S_2083_m24_2012-09-26,072_S_2083,/project/rrg-mchakrav-ab/moncia/ADNI/bids_adni_go2/sub-072S2083/ses-m24/anat/sub-072S2083_ses-m24_acq-3Taccel_T1w.nii.gz,/scratch/ishaan/adni_trillium/derivatives/bsc/072_S_2083_m24_2012-09-26,2012-09-11,1.7467488021902806,3.0
072_S_2083_m36_2013-09-26,072_S_2083,/project/rrg-mchakrav-ab/moncia/ADNI/bids_adni_go2/sub-072S2083/ses-m36/anat/sub-072S2083_ses-m36_acq-3Taccel_T1w.nii.gz,/scratch/ishaan/adni_trillium/derivatives/bsc/072_S_2083_m36_2013-09-26,2013-09-16,2.759753593429158,3.0
072_S_2083_m48_2014-09-27,072_S_2083,/project/rrg-mchakrav-ab/moncia/ADNI/bids_adni_go2/sub-072S2083/ses-m48/anat/sub-072S2083_ses-m48_acq-3Taccel_T1w.nii.gz,/scratch/ishaan/adni_trillium/derivatives/bsc/072_S_2083_m48_2014-09-27,2014-10-10,3.8247775496235454,3.0
072_S_2093_m03_2011-01-21,072_S_2093,/project/rrg-mchakrav-ab/moncia/ADNI/bids_adni_go2/sub-072S2093/ses-m03/anat/sub-072S2093_ses-m03_acq-3Taccel_T1w.nii.gz,/scratch/ishaan/adni_trillium/derivatives/bsc/072_S_2093_m03_2011-01-21,2011-01-07,0.0,3.0
072_S_2093_m06_2011-04-22,072_S_2093,/project/rrg-mchakrav-ab/moncia/ADNI/bids_adni_go2/sub-072S2093/ses-m06/anat/sub-072S2093_ses-m06_acq-3Taccel_T1w.nii.gz,/scratch/ishaan/adni_trillium/derivatives/bsc/072_S_2093_m06_2011-04-22,2011-04-15,0.2683093771389459,3.0
072_S_2093_m12_2011-10-22,072_S_2093,/project/rrg-mchakrav-ab/moncia/ADNI/bids_adni_go2/sub-072S2093/ses-m12/anat/sub-072S2093_ses-m12_acq-3Taccel_T1w.nii.gz,/scratch/ishaan/adni_trillium/derivatives/bsc/072_S_2093_m12_2011-10-22,2011-10-21,0.785763175906913,3.0
072_S_2093_m24_2012-10-21,072_S_2093,/project/rrg-mchakrav-ab/moncia/ADNI/bids_adni_go2/sub-072S2093/ses-m24/anat/sub-072S2093_ses-m24_acq-3Taccel_T1w.nii.gz,/scratch/ishaan/adni_trillium/derivatives/bsc/072_S_2093_m24_2012-10-21,2012-10-11,1.7604380561259412,3.0
072_S_2093_m36_2013-10-21,072_S_2093,/project/rrg-mchakrav-ab/moncia/ADNI/bids_adni_go2/sub-072S2093/ses-m36/anat/sub-072S2093_ses-m36_acq-3Taccel_T1w.nii.gz,/scratch/ishaan/adni_trillium/derivatives/bsc/072_S_2093_m36_2013-10-21,2013-10-22,2.7898699520876113,3.0
072_S_2093_m48_2014-10-22,072_S_2093,/project/rrg-mchakrav-ab/moncia/ADNI/bids_adni_go2/sub-072S2093/ses-m48/anat/sub-072S2093_ses-m48_acq-3Taccel_T1w.nii.gz,/scratch/ishaan/adni_trillium/derivatives/bsc/072_S_2093_m48_2014-10-22,2014-11-17,3.8603696098562628,3.0
072_S_2116_m03_2011-01-28,072_S_2116,/project/rrg-mchakrav-ab/moncia/ADNI/bids_adni_go2/sub-072S2116/ses-m03/anat/sub-072S2116_ses-m03_acq-3Taccel_T1w.nii.gz,/scratch/ishaan/adni_trillium/derivatives/bsc/072_S_2116_m03_2011-01-28,2011-01-21,0.0,3.0
072_S_2116_m06_2011-04-29,072_S_2116,/project/rrg-mchakrav-ab/moncia/ADNI/bids_adni_go2/sub-072S2116/ses-m06/anat/sub-072S2116_ses-m06_acq-3Taccel_T1w.nii.gz,/scratch/ishaan/adni_trillium/derivatives/bsc/072_S_2116_m06_2011-04-29,2011-04-25,0.25735797399041754,3.0
072_S_2116_m12_2011-10-29,072_S_2116,/project/rrg-mchakrav-ab/moncia/ADNI/bids_adni_go2/sub-072S2116/ses-m12/anat/sub-072S2116_ses-m12_acq-3Taccel_T1w.nii.gz,/scratch/ishaan/adni_trillium/derivatives/bsc/072_S_2116_m12_2011-10-29,2011-11-16,0.8186173853524983,3.0
072_S_2116_m24_2012-10-28,072_S_2116,/project/rrg-mchakrav-ab/moncia/ADNI/bids_adni_go2/sub-072S2116/ses-m24/anat/sub-072S2116_ses-m24_acq-3Taccel_T1w.nii.gz,/scratch/ishaan/adni_trillium/derivatives/bsc/072_S_2116_m24_2012-10-28,2012-11-08,1.7987679671457906,3.0
072_S_2116_m36_2013-10-28,072_S_2116,/project/rrg-mchakrav-ab/moncia/ADNI/bids_adni_go2/sub-072S2116/ses-m36/anat/sub-072S2116_ses-m36_acq-3Taccel_T1w.nii.gz,/scratch/ishaan/adni_trillium/derivatives/bsc/072_S_2116_m36_2013-10-28,2013-11-05,2.7898699520876113,3.0
072_S_2116_m48_2014-10-29,072_S_2116,/project/rrg-mchakrav-ab/moncia/ADNI/bids_adni_go2/sub-072S2116/ses-m48/anat/sub-072S2116_ses-m48_acq-3Taccel_T1w.nii.gz,/scratch/ishaan/adni_trillium/derivatives/bsc/072_S_2116_m48_2014-10-29,2014-11-04,3.786447638603696,3.0
072_S_2164_m03_2011-03-03,072_S_2164,/project/rrg-mchakrav-ab/moncia/ADNI/bids_adni_go2/sub-072S2164/ses-m03/anat/sub-072S2164_ses-m03_acq-3Taccel_T1w.nii.gz,/scratch/ishaan/adni_trillium/derivatives/bsc/072_S_2164_m03_2011-03-03,2011-01-29,0.0,3.0
072_S_2164_m06_2011-06-02,072_S_2164,/project/rrg-mchakrav-ab/moncia/ADNI/bids_adni_go2/sub-072S2164/ses-m06/anat/sub-072S2164_ses-m06_acq-3Taccel_T1w.nii.gz,/scratch/ishaan/adni_trillium/derivatives/bsc/072_S_2164_m06_2011-06-02,2011-05-05,0.26283367556468173,3.0
072_S_2164_m12_2011-12-02,072_S_2164,/project/rrg-mchakrav-ab/moncia/ADNI/bids_adni_go2/sub-072S2164/ses-m12/anat/sub-072S2164_ses-m12_acq-3Taccel_T1w.nii.gz,/scratch/ishaan/adni_trillium/derivatives/bsc/072_S_2164_m12_2011-12-02,2011-12-05,0.8487337440109514,3.0
072_S_2164_m24_2012-12-01,072_S_2164,/project/rrg-mchakrav-ab/moncia/ADNI/bids_adni_go2/sub-072S2164/ses-m24/anat/sub-072S2164_ses-m24_acq-3Taccel_T1w.nii.gz,/scratch/ishaan/adni_trillium/derivatives/bsc/072_S_2164_m24_2012-12-01,2012-12-04,1.8480492813141685,3.0
072_S_2164_m36_2013-12-01,072_S_2164,/project/rrg-mchakrav-ab/moncia/ADNI/bids_adni_go2/sub-072S2164/ses-m36/anat/sub-072S2164_ses-m36_acq-3Taccel_T1w.nii.gz,/scratch/ishaan/adni_trillium/derivatives/bsc/072_S_2164_m36_2013-12-01,2013-11-27,2.8281998631074607,3.0
072_S_2164_m48_2014-12-02,072_S_2164,/project/rrg-mchakrav-ab/moncia/ADNI/bids_adni_go2/sub-072S2164/ses-m48/anat/sub-072S2164_ses-m48_acq-3Taccel_T1w.nii.gz,/scratch/ishaan/adni_trillium/derivatives/bsc/072_S_2164_m48_2014-12-02,2015-02-09,4.030116358658453,3.0
072_S_4063_m03_2011-08-19,072_S_4063,/project/rrg-mchakrav-ab/moncia/ADNI/bids_adni_go2/sub-072S4063/ses-m03/anat/sub-072S4063_ses-m03_acq-3Taccel_T1w.nii.gz,/scratch/ishaan/adni_trillium/derivatives/bsc/072_S_4063_m03_2011-08-19,2011-09-19,0.0,3.0
072_S_4063_m06_2011-11-18,072_S_4063,/project/rrg-mchakrav-ab/moncia/ADNI/bids_adni_go2/sub-072S4063/ses-m06/anat/sub-072S4063_ses-m06_acq-3Taccel_T1w.nii.gz,/scratch/ishaan/adni_trillium/derivatives/bsc/072_S_4063_m06_2011-11-18,2011-12-19,0.24914442162902123,3.0
072_S_4063_m12_2012-05-19,072_S_4063,/project/rrg-mchakrav-ab/moncia/ADNI/bids_adni_go2/sub-072S4063/ses-m12/anat/sub-072S4063_ses-m12_acq-3Taccel_T1w.nii.gz,/scratch/ishaan/adni_trillium/derivatives/bsc/072_S_4063_m12_2012-05-19,2012-06-27,0.7720739219712526,3.0
072_S_4063_m24_2013-05-19,072_S_4063,/project/rrg-mchakrav-ab/moncia/ADNI/bids_adni_go2/sub-072S4063/ses-m24/anat/sub-072S4063_ses-m24_acq-3Taccel_T1w.nii.gz,/scratch/ishaan/adni_trillium/derivatives/bsc/072_S_4063_m24_2013-05-19,2013-06-25,1.7659137577002053,3.0
072_S_4063_m36_2014-05-19,072_S_4063,/project/rrg-mchakrav-ab/moncia/ADNI/bids_adni_go2/sub-072S4063/ses-m36/anat/sub-072S4063_ses-m36_acq-3Taccel_T1w.nii.gz,/scratch/ishaan/adni_trillium/derivatives/bsc/072_S_4063_m36_2014-05-19,2014-07-15,2.8199863107460645,3.0
072_S_4206_m03_2011-11-29,072_S_4206,/project/rrg-mchakrav-ab/moncia/ADNI/bids_adni_go2/sub-072S4206/ses-m03/anat/sub-072S4206_ses-m03_acq-3Taccel_T1w.nii.gz,/scratch/ishaan/adni_trillium/derivatives/bsc/072_S_4206_m03_2011-11-29,2011-12-02,0.0,3.0
072_S_4206_m06_2012-02-28,072_S_4206,/project/rrg-mchakrav-ab/moncia/ADNI/bids_adni_go2/sub-072S4206/ses-m06/anat/sub-072S4206_ses-m06_acq-3Taccel_T1w.nii.gz,/scratch/ishaan/adni_trillium/derivatives/bsc/072_S_4206_m06_2012-02-28,2012-03-26,0.31485284052019163,3.0
072_S_4206_m12_2012-08-29,072_S_4206,/project/rrg-mchakrav-ab/moncia/ADNI/bids_adni_go2/sub-072S4206/ses-m12/anat/sub-072S4206_ses-m12_acq-3Taccel_T1w.nii.gz,/scratch/ishaan/adni_trillium/derivatives/bsc/072_S_4206_m12_2012-08-29,2012-10-01,0.8323066392881588,3.0
072_S_4206_m24_2013-08-29,072_S_4206,/project/rrg-mchakrav-ab/moncia/ADNI/bids_adni_go2/sub-072S4206/ses-m24/anat/sub-072S4206_ses-m24_acq-3Taccel_T1w.nii.gz,/scratch/ishaan/adni_trillium/derivatives/bsc/072_S_4206_m24_2013-08-29,2013-09-12,1.7796030116358659,3.0
072_S_4206_m36_2014-08-29,072_S_4206,/project/rrg-mchakrav-ab/moncia/ADNI/bids_adni_go2/sub-072S4206/ses-m36/anat/sub-072S4206_ses-m36_acq-3Taccel_T1w.nii.gz,/scratch/ishaan/adni_trillium/derivatives/bsc/072_S_4206_m36_2014-08-29,2014-09-22,2.8062970568104038,3.0
072_S_4226_m03_2011-12-13,072_S_4226,/project/rrg-mchakrav-ab/moncia/ADNI/bids_adni_go2/sub-072S4226/ses-m03/anat/sub-072S4226_ses-m03_acq-3Taccel_T1w.nii.gz,/scratch/ishaan/adni_trillium/derivatives/bsc/072_S_4226_m03_2011-12-13,2011-12-09,0.0,3.0
072_S_4226_m06_2012-03-13,072_S_4226,/project/rrg-mchakrav-ab/moncia/ADNI/bids_adni_go2/sub-072S4226/ses-m06/anat/sub-072S4226_ses-m06_acq-3Taccel_T1w.nii.gz,/scratch/ishaan/adni_trillium/derivatives/bsc/072_S_4226_m06_2012-03-13,2012-04-20,0.36413415468856947,3.0
072_S_4226_m24_2013-09-12,072_S_4226,/project/rrg-mchakrav-ab/moncia/ADNI/bids_adni_go2/sub-072S4226/ses-m24/anat/sub-072S4226_ses-m24_acq-3Taccel_T1w.nii.gz,/scratch/ishaan/adni_trillium/derivatives/bsc/072_S_4226_m24_2013-09-12,2013-10-04,1.8206707734428473,3.0
072_S_4226_m36_2014-09-12,072_S_4226,/project/rrg-mchakrav-ab/moncia/ADNI/bids_adni_go2/sub-072S4226/ses-m36/anat/sub-072S4226_ses-m36_acq-3Taccel_T1w.nii.gz,/scratch/ishaan/adni_trillium/derivatives/bsc/072_S_4226_m36_2014-09-12,2014-10-10,2.836413415468857,3.0
072_S_4383_m03_2012-02-27,072_S_4383,/project/rrg-mchakrav-ab/moncia/ADNI/bids_adni_go2/sub-072S4383/ses-m03/anat/sub-072S4383_ses-m03_acq-3Taccel_T1w.nii.gz,/scratch/ishaan/adni_trillium/derivatives/bsc/072_S_4383_m03_2012-02-27,2012-03-09,0.0,3.0
072_S_4383_m06_2012-05-28,072_S_4383,/project/rrg-mchakrav-ab/moncia/ADNI/bids_adni_go2/sub-072S4383/ses-m06/anat/sub-072S4383_ses-m06_acq-3Taccel_T1w.nii.gz,/scratch/ishaan/adni_trillium/derivatives/bsc/072_S_4383_m06_2012-05-28,2012-06-15,0.2683093771389459,3.0
072_S_4383_m12_2012-11-27,072_S_4383,/project/rrg-mchakrav-ab/moncia/ADNI/bids_adni_go2/sub-072S4383/ses-m12/anat/sub-072S4383_ses-m12_acq-3Taccel_T1w.nii.gz,/scratch/ishaan/adni_trillium/derivatives/bsc/072_S_4383_m12_2012-11-27,2012-12-17,0.7748117727583846,3.0
072_S_4383_m24_2013-11-27,072_S_4383,/project/rrg-mchakrav-ab/moncia/ADNI/bids_adni_go2/sub-072S4383/ses-m24/anat/sub-072S4383_ses-m24_acq-3Taccel_T1w.nii.gz,/scratch/ishaan/adni_trillium/derivatives/bsc/072_S_4383_m24_2013-11-27,2013-12-09,1.7522245037645447,3.0
072_S_4383_m36_2014-11-27,072_S_4383,/project/rrg-mchakrav-ab/moncia/ADNI/bids_adni_go2/sub-072S4383/ses-m36/anat/sub-072S4383_ses-m36_acq-3Taccel_T1w.nii.gz,/scratch/ishaan/adni_trillium/derivatives/bsc/072_S_4383_m36_2014-11-27,2015-02-05,2.9103353867214237,3.0
072_S_4390_m03_2012-02-28,072_S_4390,/project/rrg-mchakrav-ab/moncia/ADNI/bids_adni_go2/sub-072S4390/ses-m03/anat/sub-072S4390_ses-m03_acq-3Taccel_T1w.nii.gz,/scratch/ishaan/adni_trillium/derivatives/bsc/072_S_4390_m03_2012-02-28,2012-03-14,0.0,3.0
072_S_4390_m06_2012-05-29,072_S_4390,/project/rrg-mchakrav-ab/moncia/ADNI/bids_adni_go2/sub-072S4390/ses-m06/anat/sub-072S4390_ses-m06_acq-3Taccel_T1w.nii.gz,/scratch/ishaan/adni_trillium/derivatives/bsc/072_S_4390_m06_2012-05-29,2012-06-14,0.2518822724161533,3.0
072_S_4390_m12_2012-11-28,072_S_4390,/project/rrg-mchakrav-ab/moncia/ADNI/bids_adni_go2/sub-072S4390/ses-m12/anat/sub-072S4390_ses-m12_acq-3Taccel_T1w.nii.gz,/scratch/ishaan/adni_trillium/derivatives/bsc/072_S_4390_m12_2012-11-28,2012-12-03,0.7227926078028748,3.0
072_S_4390_m24_2013-11-28,072_S_4390,/project/rrg-mchakrav-ab/moncia/ADNI/bids_adni_go2/sub-072S4390/ses-m24/anat/sub-072S4390_ses-m24_acq-3Taccel_T1w.nii.gz,/scratch/ishaan/adni_trillium/derivatives/bsc/072_S_4390_m24_2013-11-28,2013-12-11,1.7440109514031485,3.0
072_S_4390_m36_2014-11-28,072_S_4390,/project/rrg-mchakrav-ab/moncia/ADNI/bids_adni_go2/sub-072S4390/ses-m36/anat/sub-072S4390_ses-m36_acq-3Taccel_T1w.nii.gz,/scratch/ishaan/adni_trillium/derivatives/bsc/072_S_4390_m36_2014-11-28,2014-12-08,2.735112936344969,3.0
072_S_4394_m03_2012-03-22,072_S_4394,/project/rrg-mchakrav-ab/moncia/ADNI/bids_adni_go2/sub-072S4394/ses-m03/anat/sub-072S4394_ses-m03_acq-3Taccel_T1w.nii.gz,/scratch/ishaan/adni_trillium/derivatives/bsc/072_S_4394_m03_2012-03-22,2012-03-28,0.0,3.0
072_S_4394_m06_2012-06-21,072_S_4394,/project/rrg-mchakrav-ab/moncia/ADNI/bids_adni_go2/sub-072S4394/ses-m06/anat/sub-072S4394_ses-m06_acq-3Taccel_T1w.nii.gz,/scratch/ishaan/adni_trillium/derivatives/bsc/072_S_4394_m06_2012-06-21,2012-06-28,0.2518822724161533,3.0
072_S_4394_m12_2012-12-21,072_S_4394,/project/rrg-mchakrav-ab/moncia/ADNI/bids_adni_go2/sub-072S4394/ses-m12/anat/sub-072S4394_ses-m12_acq-3Taccel_T1w.nii.gz,/scratch/ishaan/adni_trillium/derivatives/bsc/072_S_4394_m12_2012-12-21,2013-01-14,0.7994524298425736,3.0
072_S_4394_m24_2013-12-21,072_S_4394,/project/rrg-mchakrav-ab/moncia/ADNI/bids_adni_go2/sub-072S4394/ses-m24/anat/sub-072S4394_ses-m24_acq-3Taccel_T1w.nii.gz,/scratch/ishaan/adni_trillium/derivatives/bsc/072_S_4394_m24_2013-12-21,2014-01-17,1.8069815195071868,3.0
072_S_4394_m36_2014-12-21,072_S_4394,/project/rrg-mchakrav-ab/moncia/ADNI/bids_adni_go2/sub-072S4394/ses-m36/anat/sub-072S4394_ses-m36_acq-3Taccel_T1w.nii.gz,/scratch/ishaan/adni_trillium/derivatives/bsc/072_S_4394_m36_2014-12-21,2015-01-30,2.841889117043121,3.0
072_S_4445_m03_2012-03-22,072_S_4445,/project/rrg-mchakrav-ab/moncia/ADNI/bids_adni_go2/sub-072S4445/ses-m03/anat/sub-072S4445_ses-m03_acq-3Taccel_T1w.nii.gz,/scratch/ishaan/adni_trillium/derivatives/bsc/072_S_4445_m03_2012-03-22,2012-04-17,0.0,3.0
072_S_4445_m06_2012-06-21,072_S_4445,/project/rrg-mchakrav-ab/moncia/ADNI/bids_adni_go2/sub-072S4445/ses-m06/anat/sub-072S4445_ses-m06_acq-3Taccel_T1w.nii.gz,/scratch/ishaan/adni_trillium/derivatives/bsc/072_S_4445_m06_2012-06-21,2012-07-25,0.27104722792607805,3.0
072_S_4445_m12_2012-12-21,072_S_4445,/project/rrg-mchakrav-ab/moncia/ADNI/bids_adni_go2/sub-072S4445/ses-m12/anat/sub-072S4445_ses-m12_acq-3Taccel_T1w.nii.gz,/scratch/ishaan/adni_trillium/derivatives/bsc/072_S_4445_m12_2012-12-21,2013-01-24,0.7720739219712526,3.0
072_S_4445_m24_2013-12-21,072_S_4445,/project/rrg-mchakrav-ab/moncia/ADNI/bids_adni_go2/sub-072S4445/ses-m24/anat/sub-072S4445_ses-m24_acq-3Taccel_T1w.nii.gz,/scratch/ishaan/adni_trillium/derivatives/bsc/072_S_4445_m24_2013-12-21,2014-01-23,1.7686516084873374,3.0
072_S_4462_m03_2012-04-24,072_S_4462,/project/rrg-mchakrav-ab/moncia/ADNI/bids_adni_go2/sub-072S4462/ses-m03/anat/sub-072S4462_ses-m03_acq-3Taccel_T1w.nii.gz,/scratch/ishaan/adni_trillium/derivatives/bsc/072_S_4462_m03_2012-04-24,2012-05-03,0.0,3.0
072_S_4462_m06_2012-07-24,072_S_4462,/project/rrg-mchakrav-ab/moncia/ADNI/bids_adni_go2/sub-072S4462/ses-m06/anat/sub-072S4462_ses-m06_acq-3Taccel_T1w.nii.gz,/scratch/ishaan/adni_trillium/derivatives/bsc/072_S_4462_m06_2012-07-24,2012-08-13,0.2792607802874743,3.0
072_S_4462_m12_2013-01-23,072_S_4462,/project/rrg-mchakrav-ab/moncia/ADNI/bids_adni_go2/sub-072S4462/ses-m12/anat/sub-072S4462_ses-m12_acq-3Taccel_T1w.nii.gz,/scratch/ishaan/adni_trillium/derivatives/bsc/072_S_4462_m12_2013-01-23,2013-02-14,0.785763175906913,3.0
072_S_4462_m24_2014-01-23,072_S_4462,/project/rrg-mchakrav-ab/moncia/ADNI/bids_adni_go2/sub-072S4462/ses-m24/anat/sub-072S4462_ses-m24_acq-3Taccel_T1w.nii.gz,/scratch/ishaan/adni_trillium/derivatives/bsc/072_S_4462_m24_2014-01-23,2014-02-04,1.757700205338809,3.0
072_S_4465_m03_2012-04-30,072_S_4465,/project/rrg-mchakrav-ab/moncia/ADNI/bids_adni_go2/sub-072S4465/ses-m03/anat/sub-072S4465_ses-m03_acq-3Taccel_T1w.nii.gz,/scratch/ishaan/adni_trillium/derivatives/bsc/072_S_4465_m03_2012-04-30,2012-05-15,0.0,3.0
072_S_4465_m06_2012-07-30,072_S_4465,/project/rrg-mchakrav-ab/moncia/ADNI/bids_adni_go2/sub-072S4465/ses-m06/anat/sub-072S4465_ses-m06_acq-3Taccel_T1w.nii.gz,/scratch/ishaan/adni_trillium/derivatives/bsc/072_S_4465_m06_2012-07-30,2012-08-20,0.2655715263518138,3.0
072_S_4465_m12_2013-01-29,072_S_4465,/project/rrg-mchakrav-ab/moncia/ADNI/bids_adni_go2/sub-072S4465/ses-m12/anat/sub-072S4465_ses-m12_acq-3Taccel_T1w.nii.gz,/scratch/ishaan/adni_trillium/derivatives/bsc/072_S_4465_m12_2013-01-29,2013-02-13,0.7501711156741958,3.0
072_S_4465_m24_2014-01-29,072_S_4465,/project/rrg-mchakrav-ab/moncia/ADNI/bids_adni_go2/sub-072S4465/ses-m24/anat/sub-072S4465_ses-m24_acq-3Taccel_T1w.nii.gz,/scratch/ishaan/adni_trillium/derivatives/bsc/072_S_4465_m24_2014-01-29,2014-02-25,1.782340862422998,3.0
072_S_4522_m03_2012-05-10,072_S_4522,/project/rrg-mchakrav-ab/moncia/ADNI/bids_adni_go2/sub-072S4522/ses-m03/anat/sub-072S4522_ses-m03_acq-3Taccel_T1w.nii.gz,/scratch/ishaan/adni_trillium/derivatives/bsc/072_S_4522_m03_2012-05-10,2012-05-17,0.0,3.0
072_S_4522_m06_2012-08-09,072_S_4522,/project/rrg-mchakrav-ab/moncia/ADNI/bids_adni_go2/sub-072S4522/ses-m06/anat/sub-072S4522_ses-m06_acq-3Taccel_T1w.nii.gz,/scratch/ishaan/adni_trillium/derivatives/bsc/072_S_4522_m06_2012-08-09,2012-08-29,0.28473648186173856,3.0
072_S_4522_m12_2013-02-08,072_S_4522,/project/rrg-mchakrav-ab/moncia/ADNI/bids_adni_go2/sub-072S4522/ses-m12/anat/sub-072S4522_ses-m12_acq-3Taccel_T1w.nii.gz,/scratch/ishaan/adni_trillium/derivatives/bsc/072_S_4522_m12_2013-02-08,2013-02-28,0.785763175906913,3.0
072_S_4522_m24_2014-02-08,072_S_4522,/project/rrg-mchakrav-ab/moncia/ADNI/bids_adni_go2/sub-072S4522/ses-m24/anat/sub-072S4522_ses-m24_acq-3Taccel_T1w.nii.gz,/scratch/ishaan/adni_trillium/derivatives/bsc/072_S_4522_m24_2014-02-08,2014-03-04,1.7960301163586585,3.0
072_S_4522_m36_2015-02-08,072_S_4522,/project/rrg-mchakrav-ab/moncia/ADNI/bids_adni_go2/sub-072S4522/ses-m36/anat/sub-072S4522_ses-m36_acq-3Taccel_T1w.nii.gz,/scratch/ishaan/adni_trillium/derivatives/bsc/072_S_4522_m36_2015-02-08,2015-02-19,2.759753593429158,3.0
072_S_4539_m03_2012-05-25,072_S_4539,/project/rrg-mchakrav-ab/moncia/ADNI/bids_adni_go2/sub-072S4539/ses-m03/anat/sub-072S4539_ses-m03_acq-3Taccel_T1w.nii.gz,/scratch/ishaan/adni_trillium/derivatives/bsc/072_S_4539_m03_2012-05-25,2012-06-15,0.0,3.0
072_S_4539_m06_2012-08-24,072_S_4539,/project/rrg-mchakrav-ab/moncia/ADNI/bids_adni_go2/sub-072S4539/ses-m06/anat/sub-072S4539_ses-m06_acq-3Taccel_T1w.nii.gz,/scratch/ishaan/adni_trillium/derivatives/bsc/072_S_4539_m06_2012-08-24,2012-09-05,0.2245037645448323,3.0
072_S_4539_m12_2013-02-23,072_S_4539,/project/rrg-mchakrav-ab/moncia/ADNI/bids_adni_go2/sub-072S4539/ses-m12/anat/sub-072S4539_ses-m12_acq-3Taccel_T1w.nii.gz,/scratch/ishaan/adni_trillium/derivatives/bsc/072_S_4539_m12_2013-02-23,2013-03-18,0.75564681724846,3.0
072_S_4539_m24_2014-02-23,072_S_4539,/project/rrg-mchakrav-ab/moncia/ADNI/bids_adni_go2/sub-072S4539/ses-m24/anat/sub-072S4539_ses-m24_acq-3Taccel_T1w.nii.gz,/scratch/ishaan/adni_trillium/derivatives/bsc/072_S_4539_m24_2014-02-23,2014-03-03,1.7138945927446954,3.0
072_S_4539_m36_2015-02-23,072_S_4539,/project/rrg-mchakrav-ab/moncia/ADNI/bids_adni_go2/sub-072S4539/ses-m36/anat/sub-072S4539_ses-m36_acq-3Taccel_T1w.nii.gz,/scratch/ishaan/adni_trillium/derivatives/bsc/072_S_4539_m36_2015-02-23,2015-03-24,2.7707049965776864,3.0
072_S_4613_m03_2012-06-21,072_S_4613,/project/rrg-mchakrav-ab/moncia/ADNI/bids_adni_go2/sub-072S4613/ses-m03/anat/sub-072S4613_ses-m03_acq-3Taccel_T1w.nii.gz,/scratch/ishaan/adni_trillium/derivatives/bsc/072_S_4613_m03_2012-06-21,2012-07-02,0.0,3.0
072_S_4613_m06_2012-09-20,072_S_4613,/project/rrg-mchakrav-ab/moncia/ADNI/bids_adni_go2/sub-072S4613/ses-m06/anat/sub-072S4613_ses-m06_acq-3Taccel_T1w.nii.gz,/scratch/ishaan/adni_trillium/derivatives/bsc/072_S_4613_m06_2012-09-20,2012-10-08,0.2683093771389459,3.0
072_S_4613_m12_2013-03-22,072_S_4613,/project/rrg-mchakrav-ab/moncia/ADNI/bids_adni_go2/sub-072S4613/ses-m12/anat/sub-072S4613_ses-m12_acq-3Taccel_T1w.nii.gz,/scratch/ishaan/adni_trillium/derivatives/bsc/072_S_4613_m12_2013-03-22,2013-04-04,0.75564681724846,3.0
072_S_4613_m24_2014-03-22,072_S_4613,/project/rrg-mchakrav-ab/moncia/ADNI/bids_adni_go2/sub-072S4613/ses-m24/anat/sub-072S4613_ses-m24_acq-3Taccel_T1w.nii.gz,/scratch/ishaan/adni_trillium/derivatives/bsc/072_S_4613_m24_2014-03-22,2014-05-19,1.8781656399726214,3.0
072_S_4769_m03_2012-09-27,072_S_4769,/project/rrg-mchakrav-ab/moncia/ADNI/bids_adni_go2/sub-072S4769/ses-m03/anat/sub-072S4769_ses-m03_acq-3Taccel_T1w.nii.gz,/scratch/ishaan/adni_trillium/derivatives/bsc/072_S_4769_m03_2012-09-27,2012-10-17,0.0,3.0
072_S_4769_m06_2012-12-27,072_S_4769,/project/rrg-mchakrav-ab/moncia/ADNI/bids_adni_go2/sub-072S4769/ses-m06/anat/sub-072S4769_ses-m06_acq-3Taccel_T1w.nii.gz,/scratch/ishaan/adni_trillium/derivatives/bsc/072_S_4769_m06_2012-12-27,2013-01-23,0.2683093771389459,3.0
072_S_4769_m12_2013-06-28,072_S_4769,/project/rrg-mchakrav-ab/moncia/ADNI/bids_adni_go2/sub-072S4769/ses-m12/anat/sub-072S4769_ses-m12_acq-3Taccel_T1w.nii.gz,/scratch/ishaan/adni_trillium/derivatives/bsc/072_S_4769_m12_2013-06-28,2013-07-01,0.70362765229295,3.0
072_S_4769_m24_2014-06-28,072_S_4769,/project/rrg-mchakrav-ab/moncia/ADNI/bids_adni_go2/sub-072S4769/ses-m24/anat/sub-072S4769_ses-m24_acq-3Taccel_T1w.nii.gz,/scratch/ishaan/adni_trillium/derivatives/bsc/072_S_4769_m24_2014-06-28,2014-07-23,1.7631759069130732,3.0
072_S_4871_m03_2012-10-30,072_S_4871,/project/rrg-mchakrav-ab/moncia/ADNI/bids_adni_go2/sub-072S4871/ses-m03/anat/sub-072S4871_ses-m03_acq-3Taccel_T1w.nii.gz,/scratch/ishaan/adni_trillium/derivatives/bsc/072_S_4871_m03_2012-10-30,2012-11-12,0.0,3.0
072_S_4871_m06_2013-01-29,072_S_4871,/project/rrg-mchakrav-ab/moncia/ADNI/bids_adni_go2/sub-072S4871/ses-m06/anat/sub-072S4871_ses-m06_acq-3Taccel_T1w.nii.gz,/scratch/ishaan/adni_trillium/derivatives/bsc/072_S_4871_m06_2013-01-29,2013-02-04,0.2299794661190965,3.0
072_S_4871_m12_2013-07-31,072_S_4871,/project/rrg-mchakrav-ab/moncia/ADNI/bids_adni_go2/sub-072S4871/ses-m12/anat/sub-072S4871_ses-m12_acq-3Taccel_T1w.nii.gz,/scratch/ishaan/adni_trillium/derivatives/bsc/072_S_4871_m12_2013-07-31,2013-08-28,0.7912388774811773,3.0
072_S_4871_m24_2014-07-31,072_S_4871,/project/rrg-mchakrav-ab/moncia/ADNI/bids_adni_go2/sub-072S4871/ses-m24/anat/sub-072S4871_ses-m24_acq-3Taccel_T1w.nii.gz,/scratch/ishaan/adni_trillium/derivatives/bsc/072_S_4871_m24_2014-07-31,2014-08-12,1.7467488021902806,3.0
072_S_4941_m03_2012-12-24,072_S_4941,/project/rrg-mchakrav-ab/moncia/ADNI/bids_adni_go2/sub-072S4941/ses-m03/anat/sub-072S4941_ses-m03_acq-3Taccel_T1w.nii.gz,/scratch/ishaan/adni_trillium/derivatives/bsc/072_S_4941_m03_2012-12-24,2013-01-07,0.0,3.0
072_S_4941_m06_2013-03-25,072_S_4941,/project/rrg-mchakrav-ab/moncia/ADNI/bids_adni_go2/sub-072S4941/ses-m06/anat/sub-072S4941_ses-m06_acq-3Taccel_T1w.nii.gz,/scratch/ishaan/adni_trillium/derivatives/bsc/072_S_4941_m06_2013-03-25,2013-04-15,0.2683093771389459,3.0
072_S_4941_m12_2013-09-24,072_S_4941,/project/rrg-mchakrav-ab/moncia/ADNI/bids_adni_go2/sub-072S4941/ses-m12/anat/sub-072S4941_ses-m12_acq-3Taccel_T1w.nii.gz,/scratch/ishaan/adni_trillium/derivatives/bsc/072_S_4941_m12_2013-09-24,2013-10-21,0.785763175906913,3.0
072_S_4941_m24_2014-09-24,072_S_4941,/project/rrg-mchakrav-ab/moncia/ADNI/bids_adni_go2/sub-072S4941/ses-m24/anat/sub-072S4941_ses-m24_acq-3Taccel_T1w.nii.gz,/scratch/ishaan/adni_trillium/derivatives/bsc/072_S_4941_m24_2014-09-24,2014-11-05,1.8261464750171115,3.0
073_S_0746_sc_2007-03-07,073_S_0746,/project/rrg-mchakrav-ab/moncia/ADNI/bids_adni1/sub-073S0746/ses-sc/anat/sub-073S0746_ses-sc_acq-15T_T1w.nii.gz,/scratch/ishaan/adni_trillium/derivatives/bsc/073_S_0746_sc_2007-03-07,2006-11-30,0.0,1.5
073_S_0746_m06_2007-09-05,073_S_0746,/project/rrg-mchakrav-ab/moncia/ADNI/bids_adni1/sub-073S0746/ses-m06/anat/sub-073S0746_ses-m06_acq-15T_T1w.nii.gz,/scratch/ishaan/adni_trillium/derivatives/bsc/073_S_0746_m06_2007-09-05,2007-08-01,0.6680355920602327,1.5
073_S_0746_m12_2008-03-06,073_S_0746,/project/rrg-mchakrav-ab/moncia/ADNI/bids_adni1/sub-073S0746/ses-m12/anat/sub-073S0746_ses-m12_acq-15T_T1w.nii.gz,/scratch/ishaan/adni_trillium/derivatives/bsc/073_S_0746_m12_2008-03-06,2008-02-11,1.1991786447638604,1.5
073_S_0746_m24_2009-03-06,073_S_0746,/project/rrg-mchakrav-ab/moncia/ADNI/bids_adni1/sub-073S0746/ses-m24/anat/sub-073S0746_ses-m24_acq-15T_T1w.nii.gz,/scratch/ishaan/adni_trillium/derivatives/bsc/073_S_0746_m24_2009-03-06,2009-02-09,2.195756331279945,1.5
073_S_0746_m36_2010-03-06,073_S_0746,/project/rrg-mchakrav-ab/moncia/ADNI/bids_adni1/sub-073S0746/ses-m36/anat/sub-073S0746_ses-m36_acq-15T_T1w.nii.gz,/scratch/ishaan/adni_trillium/derivatives/bsc/073_S_0746_m36_2010-03-06,2010-02-01,3.1731690622861053,1.5
073_S_0746_m60_2012-03-06,073_S_0746,/project/rrg-mchakrav-ab/moncia/ADNI/bids_adni_go2/sub-073S0746/ses-m60/anat/sub-073S0746_ses-m60_acq-3Taccel_T1w.nii.gz,/scratch/ishaan/adni_trillium/derivatives/bsc/073_S_0746_m60_2012-03-06,2012-02-13,5.204654346338125,3.0
073_S_0746_m72_2013-03-06,073_S_0746,/project/rrg-mchakrav-ab/moncia/ADNI/bids_adni_go2/sub-073S0746/ses-m72/anat/sub-073S0746_ses-m72_acq-3Taccel_T1w.nii.gz,/scratch/ishaan/adni_trillium/derivatives/bsc/073_S_0746_m72_2013-03-06,2013-03-08,6.269678302532512,3.0
073_S_0746_m84_2014-03-06,073_S_0746,/project/rrg-mchakrav-ab/moncia/ADNI/bids_adni_go2/sub-073S0746/ses-m84/anat/sub-073S0746_ses-m84_acq-3Taccel_T1w.nii.gz,/scratch/ishaan/adni_trillium/derivatives/bsc/073_S_0746_m84_2014-03-06,2014-02-03,7.17864476386037,3.0
073_S_0746_m108_2016-03-06,073_S_0746,/project/rrg-mchakrav-ab/moncia/ADNI/bids_adni_go2/sub-073S0746/ses-m108/anat/sub-073S0746_ses-m108_acq-3Taccel_T1w.nii.gz,/scratch/ishaan/adni_trillium/derivatives/bsc/073_S_0746_m108_2016-03-06,2016-05-05,9.429158110882957,3.0
073_S_0909_sc_2006-11-27,073_S_0909,/project/rrg-mchakrav-ab/moncia/ADNI/bids_adni1/sub-073S0909/ses-sc/anat/sub-073S0909_ses-sc_acq-15T_T1w.nii.gz,/scratch/ishaan/adni_trillium/derivatives/bsc/073_S_0909_sc_2006-11-27,2006-10-02,0.0,1.5
073_S_0909_m06_2007-05-28,073_S_0909,/project/rrg-mchakrav-ab/moncia/ADNI/bids_adni1/sub-073S0909/ses-m06/anat/sub-073S0909_ses-m06_acq-15T_T1w.nii.gz,/scratch/ishaan/adni_trillium/derivatives/bsc/073_S_0909_m06_2007-05-28,2007-07-10,0.7693360711841205,1.5
073_S_0909_m12_2007-11-27,073_S_0909,/project/rrg-mchakrav-ab/moncia/ADNI/bids_adni1/sub-073S0909/ses-m12/anat/sub-073S0909_ses-m12_acq-15T_T1w.nii.gz,/scratch/ishaan/adni_trillium/derivatives/bsc/073_S_0909_m12_2007-11-27,2007-11-19,1.1307323750855578,1.5
073_S_0909_m24_2008-11-26,073_S_0909,/project/rrg-mchakrav-ab/moncia/ADNI/bids_adni1/sub-073S0909/ses-m24/anat/sub-073S0909_ses-m24_acq-15T_T1w.nii.gz,/scratch/ishaan/adni_trillium/derivatives/bsc/073_S_0909_m24_2008-11-26,2008-12-17,2.209445585215606,1.5
073_S_2153_m03_2011-07-01,073_S_2153,/project/rrg-mchakrav-ab/moncia/ADNI/bids_adni_go2/sub-073S2153/ses-m03/anat/sub-073S2153_ses-m03_acq-3Taccel_T1w.nii.gz,/scratch/ishaan/adni_trillium/derivatives/bsc/073_S_2153_m03_2011-07-01,2011-06-17,0.0,3.0
073_S_2153_m06_2011-09-30,073_S_2153,/project/rrg-mchakrav-ab/moncia/ADNI/bids_adni_go2/sub-073S2153/ses-m06/anat/sub-073S2153_ses-m06_acq-3Taccel_T1w.nii.gz,/scratch/ishaan/adni_trillium/derivatives/bsc/073_S_2153_m06_2011-09-30,2011-09-30,0.2874743326488706,
073_S_2153_m12_2012-03-31,073_S_2153,/project/rrg-mchakrav-ab/moncia/ADNI/bids_adni_go2/sub-073S2153/ses-m12/anat/sub-073S2153_ses-m12_acq-3Taccel_T1w.nii.gz,/scratch/ishaan/adni_trillium/derivatives/bsc/073_S_2153_m12_2012-03-31,2012-02-22,0.6844626967830253,3.0
073_S_2153_m24_2013-03-31,073_S_2153,/project/rrg-mchakrav-ab/moncia/ADNI/bids_adni_go2/sub-073S2153/ses-m24/anat/sub-073S2153_ses-m24_acq-3Taccel_T1w.nii.gz,/scratch/ishaan/adni_trillium/derivatives/bsc/073_S_2153_m24_2013-03-31,2013-04-01,1.7905544147843941,3.0
073_S_2153_m36_2014-03-31,073_S_2153,/project/rrg-mchakrav-ab/moncia/ADNI/bids_adni_go2/sub-073S2153/ses-m36/anat/sub-073S2153_ses-m36_acq-3Taccel_T1w.nii.gz,/scratch/ishaan/adni_trillium/derivatives/bsc/073_S_2153_m36_2014-03-31,2014-03-03,2.7104722792607805,3.0
073_S_2190_m03_2011-07-01,073_S_2190,/project/rrg-mchakrav-ab/moncia/ADNI/bids_adni_go2/sub-073S2190/ses-m03/anat/sub-073S2190_ses-m03_acq-3Taccel_T1w.nii.gz,/scratch/ishaan/adni_trillium/derivatives/bsc/073_S_2190_m03_2011-07-01,2011-06-13,0.0,3.0
073_S_2190_m06_2011-09-30,073_S_2190,/project/rrg-mchakrav-ab/moncia/ADNI/bids_adni_go2/sub-073S2190/ses-m06/anat/sub-073S2190_ses-m06_acq-3Taccel_T1w.nii.gz,/scratch/ishaan/adni_trillium/derivatives/bsc/073_S_2190_m06_2011-09-30,2011-09-30,0.29842573579739906,
073_S_2190_m12_2012-03-31,073_S_2190,/project/rrg-mchakrav-ab/moncia/ADNI/bids_adni_go2/sub-073S2190/ses-m12/anat/sub-073S2190_ses-m12_acq-3Taccel_T1w.nii.gz,/scratch/ishaan/adni_trillium/derivatives/bsc/073_S_2190_m12_2012-03-31,2012-02-27,0.7091033538672142,3.0
073_S_2190_m24_2013-03-31,073_S_2190,/project/rrg-mchakrav-ab/moncia/ADNI/bids_adni_go2/sub-073S2190/ses-m24/anat/sub-073S2190_ses-m24_acq-3Taccel_T1w.nii.gz,/scratch/ishaan/adni_trillium/derivatives/bsc/073_S_2190_m24_2013-03-31,2013-03-19,1.7659137577002053,3.0
073_S_2191_m03_2011-07-01,073_S_2191,/project/rrg-mchakrav-ab/moncia/ADNI/bids_adni_go2/sub-073S2191/ses-m03/anat/sub-073S2191_ses-m03_acq-3Taccel_T1w.nii.gz,/scratch/ishaan/adni_trillium/derivatives/bsc/073_S_2191_m03_2011-07-01,2011-04-01,0.0,3.0
073_S_2191_m06_2011-09-30,073_S_2191,/project/rrg-mchakrav-ab/moncia/ADNI/bids_adni_go2/sub-073S2191/ses-m06/anat/sub-073S2191_ses-m06_acq-3Taccel_T1w.nii.gz,/scratch/ishaan/adni_trillium/derivatives/bsc/073_S_2191_m06_2011-09-30,2011-07-08,0.2683093771389459,3.0
073_S_2191_m12_2012-03-31,073_S_2191,/project/rrg-mchakrav-ab/moncia/ADNI/bids_adni_go2/sub-073S2191/ses-m12/anat/sub-073S2191_ses-m12_acq-3Taccel_T1w.nii.gz,/scratch/ishaan/adni_trillium/derivatives/bsc/073_S_2191_m12_2012-03-31,2012-03-09,0.9390828199863107,3.0
073_S_2191_m24_2013-03-31,073_S_2191,/project/rrg-mchakrav-ab/moncia/ADNI/bids_adni_go2/sub-073S2191/ses-m24/anat/sub-073S2191_ses-m24_acq-3Taccel_T1w.nii.gz,/scratch/ishaan/adni_trillium/derivatives/bsc/073_S_2191_m24_2013-03-31,2013-03-22,1.9739904175222451,3.0
073_S_2191_m36_2014-03-31,073_S_2191,/project/rrg-mchakrav-ab/moncia/ADNI/bids_adni_go2/sub-073S2191/ses-m36/anat/sub-073S2191_ses-m36_acq-3Taccel_T1w.nii.gz,/scratch/ishaan/adni_trillium/derivatives/bsc/073_S_2191_m36_2014-03-31,2014-04-21,3.055441478439425,3.0
073_S_2191_m48_2015-04-01,073_S_2191,/project/rrg-mchakrav-ab/moncia/ADNI/bids_adni_go2/sub-073S2191/ses-m48/anat/sub-073S2191_ses-m48_acq-3Taccel_T1w.nii.gz,/scratch/ishaan/adni_trillium/derivatives/bsc/073_S_2191_m48_2015-04-01,2015-04-03,4.005475701574264,3.0
073_S_2191_m108_2020-03-31,073_S_2191,/project/rrg-mchakrav-ab/moncia/ADNI/bids_adni3/sub-073S2191/ses-m108/anat/sub-073S2191_ses-m108_acq-3T_T1w.nii.gz,/scratch/ishaan/adni_trillium/derivatives/bsc/073_S_2191_m108_2020-03-31,2020-01-24,8.815879534565367,3.0
073_S_2225_m03_2011-07-01,073_S_2225,/project/rrg-mchakrav-ab/moncia/ADNI/bids_adni_go2/sub-073S2225/ses-m03/anat/sub-073S2225_ses-m03_acq-3Taccel_T1w.nii.gz,/scratch/ishaan/adni_trillium/derivatives/bsc/073_S_2225_m03_2011-07-01,2011-05-06,0.0,3.0
073_S_2225_m06_2011-09-30,073_S_2225,/project/rrg-mchakrav-ab/moncia/ADNI/bids_adni_go2/sub-073S2225/ses-m06/anat/sub-073S2225_ses-m06_acq-3Taccel_T1w.nii.gz,/scratch/ishaan/adni_trillium/derivatives/bsc/073_S_2225_m06_2011-09-30,2011-08-08,0.25735797399041754,3.0
073_S_2225_m12_2012-03-31,073_S_2225,/project/rrg-mchakrav-ab/moncia/ADNI/bids_adni_go2/sub-073S2225/ses-m12/anat/sub-073S2225_ses-m12_acq-3Taccel_T1w.nii.gz,/scratch/ishaan/adni_trillium/derivatives/bsc/073_S_2225_m12_2012-03-31,2012-03-12,0.8514715947980835,3.0
073_S_2225_m24_2013-03-31,073_S_2225,/project/rrg-mchakrav-ab/moncia/ADNI/bids_adni_go2/sub-073S2225/ses-m24/anat/sub-073S2225_ses-m24_acq-3Taccel_T1w.nii.gz,/scratch/ishaan/adni_trillium/derivatives/bsc/073_S_2225_m24_2013-03-31,2013-04-29,1.9822039698836413,3.0
073_S_2225_m36_2014-03-31,073_S_2225,/project/rrg-mchakrav-ab/moncia/ADNI/bids_adni_go2/sub-073S2225/ses-m36/anat/sub-073S2225_ses-m36_acq-3Taccel_T1w.nii.gz,/scratch/ishaan/adni_trillium/derivatives/bsc/073_S_2225_m36_2014-03-31,2014-04-10,2.9295003422313486,3.0
073_S_2225_m48_2015-04-01,073_S_2225,/project/rrg-mchakrav-ab/moncia/ADNI/bids_adni_go2/sub-073S2225/ses-m48/anat/sub-073S2225_ses-m48_acq-3Taccel_T1w.nii.gz,/scratch/ishaan/adni_trillium/derivatives/bsc/073_S_2225_m48_2015-04-01,2015-04-08,3.923340177960301,3.0
073_S_2264_m03_2011-07-01,073_S_2264,/project/rrg-mchakrav-ab/moncia/ADNI/bids_adni_go2/sub-073S2264/ses-m03/anat/sub-073S2264_ses-m03_acq-3Taccel_T1w.nii.gz,/scratch/ishaan/adni_trillium/derivatives/bsc/073_S_2264_m03_2011-07-01,2011-05-04,0.0,3.0
073_S_2264_m06_2011-09-30,073_S_2264,/project/rrg-mchakrav-ab/moncia/ADNI/bids_adni_go2/sub-073S2264/ses-m06/anat/sub-073S2264_ses-m06_acq-3Taccel_T1w.nii.gz,/scratch/ishaan/adni_trillium/derivatives/bsc/073_S_2264_m06_2011-09-30,2011-07-21,0.2135523613963039,3.0
073_S_2264_m12_2012-03-31,073_S_2264,/project/rrg-mchakrav-ab/moncia/ADNI/bids_adni_go2/sub-073S2264/ses-m12/anat/sub-073S2264_ses-m12_acq-3Taccel_T1w.nii.gz,/scratch/ishaan/adni_trillium/derivatives/bsc/073_S_2264_m12_2012-03-31,2012-02-28,0.8213552361396304,3.0
073_S_2264_m24_2013-03-31,073_S_2264,/project/rrg-mchakrav-ab/moncia/ADNI/bids_adni_go2/sub-073S2264/ses-m24/anat/sub-073S2264_ses-m24_acq-3Taccel_T1w.nii.gz,/scratch/ishaan/adni_trillium/derivatives/bsc/073_S_2264_m24_2013-03-31,2013-04-11,1.9383983572895278,3.0
073_S_2264_m36_2014-03-31,073_S_2264,/project/rrg-mchakrav-ab/moncia/ADNI/bids_adni_go2/sub-073S2264/ses-m36/anat/sub-073S2264_ses-m36_acq-3Taccel_T1w.nii.gz,/scratch/ishaan/adni_trillium/derivatives/bsc/073_S_2264_m36_2014-03-31,2014-03-06,2.839151266255989,3.0
073_S_2264_m48_2015-04-01,073_S_2264,/project/rrg-mchakrav-ab/moncia/ADNI/bids_adni_go2/sub-073S2264/ses-m48/anat/sub-073S2264_ses-m48_acq-3Taccel_T1w.nii.gz,/scratch/ishaan/adni_trillium/derivatives/bsc/073_S_2264_m48_2015-04-01,2015-02-25,3.813826146475017,3.0
073_S_4216_m03_2011-11-28,073_S_4216,/project/rrg-mchakrav-ab/moncia/ADNI/bids_adni_go2/sub-073S4216/ses-m03/anat/sub-073S4216_ses-m03_acq-3Taccel_T1w.nii.gz,/scratch/ishaan/adni_trillium/derivatives/bsc/073_S_4216_m03_2011-11-28,2011-12-06,0.0,3.0
073_S_4216_m06_2012-02-27,073_S_4216,/project/rrg-mchakrav-ab/moncia/ADNI/bids_adni_go2/sub-073S4216/ses-m06/anat/sub-073S4216_ses-m06_acq-3Taccel_T1w.nii.gz,/scratch/ishaan/adni_trillium/derivatives/bsc/073_S_4216_m06_2012-02-27,2012-03-06,0.24914442162902123,3.0
073_S_4216_m12_2012-08-28,073_S_4216,/project/rrg-mchakrav-ab/moncia/ADNI/bids_adni_go2/sub-073S4216/ses-m12/anat/sub-073S4216_ses-m12_acq-3Taccel_T1w.nii.gz,/scratch/ishaan/adni_trillium/derivatives/bsc/073_S_4216_m12_2012-08-28,2012-09-17,0.783025325119781,3.0
073_S_4216_m24_2013-08-28,073_S_4216,/project/rrg-mchakrav-ab/moncia/ADNI/bids_adni_go2/sub-073S4216/ses-m24/anat/sub-073S4216_ses-m24_acq-3Taccel_T1w.nii.gz,/scratch/ishaan/adni_trillium/derivatives/bsc/073_S_4216_m24_2013-08-28,2013-10-22,1.8781656399726214,3.0
073_S_4216_m48_2015-08-29,073_S_4216,/project/rrg-mchakrav-ab/moncia/ADNI/bids_adni_go2/sub-073S4216/ses-m48/anat/sub-073S4216_ses-m48_acq-3Taccel_T1w.nii.gz,/scratch/ishaan/adni_trillium/derivatives/bsc/073_S_4216_m48_2015-08-29,2015-10-08,3.838466803559206,3.0
073_S_4216_m102_2020-02-27,073_S_4216,/project/rrg-mchakrav-ab/moncia/ADNI/bids_adni3/sub-073S4216/ses-m102/anat/sub-073S4216_ses-m102_acq-3T_T1w.nii.gz,/scratch/ishaan/adni_trillium/derivatives/bsc/073_S_4216_m102_2020-02-27,2020-01-27,8.14236824093087,3.0
073_S_4259_m03_2012-01-06,073_S_4259,/project/rrg-mchakrav-ab/moncia/ADNI/bids_adni_go2/sub-073S4259/ses-m03/anat/sub-073S4259_ses-m03_acq-3Taccel_T1w.nii.gz,/scratch/ishaan/adni_trillium/derivatives/bsc/073_S_4259_m03_2012-01-06,2012-01-27,0.0,3.0
073_S_4259_m06_2012-04-06,073_S_4259,/project/rrg-mchakrav-ab/moncia/ADNI/bids_adni_go2/sub-073S4259/ses-m06/anat/sub-073S4259_ses-m06_acq-3Taccel_T1w.nii.gz,/scratch/ishaan/adni_trillium/derivatives/bsc/073_S_4259_m06_2012-04-06,2012-05-21,0.31485284052019163,3.0
073_S_4259_m12_2012-10-06,073_S_4259,/project/rrg-mchakrav-ab/moncia/ADNI/bids_adni_go2/sub-073S4259/ses-m12/anat/sub-073S4259_ses-m12_acq-3Taccel_T1w.nii.gz,/scratch/ishaan/adni_trillium/derivatives/bsc/073_S_4259_m12_2012-10-06,2012-12-10,0.8706365503080082,3.0
073_S_4259_m24_2013-10-06,073_S_4259,/project/rrg-mchakrav-ab/moncia/ADNI/bids_adni_go2/sub-073S4259/ses-m24/anat/sub-073S4259_ses-m24_acq-3Taccel_T1w.nii.gz,/scratch/ishaan/adni_trillium/derivatives/bsc/073_S_4259_m24_2013-10-06,2013-11-04,1.7713894592744694,3.0
073_S_4300_m03_2012-01-12,073_S_4300,/project/rrg-mchakrav-ab/moncia/ADNI/bids_adni_go2/sub-073S4300/ses-m03/anat/sub-073S4300_ses-m03_acq-3Taccel_T1w.nii.gz,/scratch/ishaan/adni_trillium/derivatives/bsc/073_S_4300_m03_2012-01-12,2012-01-19,0.0,3.0
073_S_4300_m06_2012-04-12,073_S_4300,/project/rrg-mchakrav-ab/moncia/ADNI/bids_adni_go2/sub-073S4300/ses-m06/anat/sub-073S4300_ses-m06_acq-3Taccel_T1w.nii.gz,/scratch/ishaan/adni_trillium/derivatives/bsc/073_S_4300_m06_2012-04-12,2012-06-11,0.3942505133470226,3.0
073_S_4300_m12_2012-10-12,073_S_4300,/project/rrg-mchakrav-ab/moncia/ADNI/bids_adni_go2/sub-073S4300/ses-m12/anat/sub-073S4300_ses-m12_acq-3Taccel_T1w.nii.gz,/scratch/ishaan/adni_trillium/derivatives/bsc/073_S_4300_m12_2012-10-12,2012-10-17,0.7446954140999316,3.0
073_S_4300_m24_2013-10-12,073_S_4300,/project/rrg-mchakrav-ab/moncia/ADNI/bids_adni_go2/sub-073S4300/ses-m24/anat/sub-073S4300_ses-m24_acq-3Taccel_T1w.nii.gz,/scratch/ishaan/adni_trillium/derivatives/bsc/073_S_4300_m24_2013-10-12,2014-01-07,1.9685147159479808,3.0
073_S_4311_m03_2012-01-19,073_S_4311,/project/rrg-mchakrav-ab/moncia/ADNI/bids_adni_go2/sub-073S4311/ses-m03/anat/sub-073S4311_ses-m03_acq-3Taccel_T1w.nii.gz,/scratch/ishaan/adni_trillium/derivatives/bsc/073_S_4311_m03_2012-01-19,2012-02-17,0.0,3.0
073_S_4311_m06_2012-04-19,073_S_4311,/project/rrg-mchakrav-ab/moncia/ADNI/bids_adni_go2/sub-073S4311/ses-m06/anat/sub-073S4311_ses-m06_acq-3Taccel_T1w.nii.gz,/scratch/ishaan/adni_trillium/derivatives/bsc/073_S_4311_m06_2012-04-19,2012-06-19,0.33675564681724846,3.0
073_S_4311_m12_2012-10-19,073_S_4311,/project/rrg-mchakrav-ab/moncia/ADNI/bids_adni_go2/sub-073S4311/ses-m12/anat/sub-073S4311_ses-m12_acq-3Taccel_T1w.nii.gz,/scratch/ishaan/adni_trillium/derivatives/bsc/073_S_4311_m12_2012-10-19,2012-10-15,0.6598220396988365,3.0
073_S_4311_m24_2013-10-19,073_S_4311,/project/rrg-mchakrav-ab/moncia/ADNI/bids_adni_go2/sub-073S4311/ses-m24/anat/sub-073S4311_ses-m24_acq-3Taccel_T1w.nii.gz,/scratch/ishaan/adni_trillium/derivatives/bsc/073_S_4311_m24_2013-10-19,2013-12-10,1.8124572210814511,3.0
073_S_4311_m48_2015-10-20,073_S_4311,/project/rrg-mchakrav-ab/moncia/ADNI/bids_adni_go2/sub-073S4311/ses-m48/anat/sub-073S4311_ses-m48_acq-3Taccel_T1w.nii.gz,/scratch/ishaan/adni_trillium/derivatives/bsc/073_S_4311_m48_2015-10-20,2016-01-14,3.9069130732375084,3.0
073_S_4312_m03_2012-01-19,073_S_4312,/project/rrg-mchakrav-ab/moncia/ADNI/bids_adni_go2/sub-073S4312/ses-m03/anat/sub-073S4312_ses-m03_acq-3Taccel_T1w.nii.gz,/scratch/ishaan/adni_trillium/derivatives/bsc/073_S_4312_m03_2012-01-19,2012-02-17,0.0,3.0
073_S_4312_m06_2012-04-19,073_S_4312,/project/rrg-mchakrav-ab/moncia/ADNI/bids_adni_go2/sub-073S4312/ses-m06/anat/sub-073S4312_ses-m06_acq-3Taccel_T1w.nii.gz,/scratch/ishaan/adni_trillium/derivatives/bsc/073_S_4312_m06_2012-04-19,2012-06-19,0.33675564681724846,3.0
073_S_4312_m12_2012-10-19,073_S_4312,/project/rrg-mchakrav-ab/moncia/ADNI/bids_adni_go2/sub-073S4312/ses-m12/anat/sub-073S4312_ses-m12_acq-3Taccel_T1w.nii.gz,/scratch/ishaan/adni_trillium/derivatives/bsc/073_S_4312_m12_2012-10-19,2012-10-15,0.6598220396988365,3.0
073_S_4312_m24_2013-10-19,073_S_4312,/project/rrg-mchakrav-ab/moncia/ADNI/bids_adni_go2/sub-073S4312/ses-m24/anat/sub-073S4312_ses-m24_acq-3Taccel_T1w.nii.gz,/scratch/ishaan/adni_trillium/derivatives/bsc/073_S_4312_m24_2013-10-19,2013-12-10,1.8124572210814511,3.0
073_S_4312_m48_2015-10-20,073_S_4312,/project/rrg-mchakrav-ab/moncia/ADNI/bids_adni_go2/sub-073S4312/ses-m48/anat/sub-073S4312_ses-m48_acq-3Taccel_T1w.nii.gz,/scratch/ishaan/adni_trillium/derivatives/bsc/073_S_4312_m48_2015-10-20,2016-01-13,3.9041752224503763,3.0
073_S_4360_m03_2012-02-06,073_S_4360,/project/rrg-mchakrav-ab/moncia/ADNI/bids_adni_go2/sub-073S4360/ses-m03/anat/sub-073S4360_ses-m03_acq-3Taccel_T1w.nii.gz,/scratch/ishaan/adni_trillium/derivatives/bsc/073_S_4360_m03_2012-02-06,2012-02-17,0.0,3.0
073_S_4360_m06_2012-05-07,073_S_4360,/project/rrg-mchakrav-ab/moncia/ADNI/bids_adni_go2/sub-073S4360/ses-m06/anat/sub-073S4360_ses-m06_acq-3Taccel_T1w.nii.gz,/scratch/ishaan/adni_trillium/derivatives/bsc/073_S_4360_m06_2012-05-07,2012-06-08,0.3066392881587953,3.0
073_S_4360_m12_2012-11-06,073_S_4360,/project/rrg-mchakrav-ab/moncia/ADNI/bids_adni_go2/sub-073S4360/ses-m12/anat/sub-073S4360_ses-m12_acq-3Taccel_T1w.nii.gz,/scratch/ishaan/adni_trillium/derivatives/bsc/073_S_4360_m12_2012-11-06,2013-02-25,1.0239561943874058,3.0
073_S_4360_m24_2013-11-06,073_S_4360,/project/rrg-mchakrav-ab/moncia/ADNI/bids_adni_go2/sub-073S4360/ses-m24/anat/sub-073S4360_ses-m24_acq-3Taccel_T1w.nii.gz,/scratch/ishaan/adni_trillium/derivatives/bsc/073_S_4360_m24_2013-11-06,2014-01-13,1.9055441478439425,3.0
073_S_4360_m48_2015-11-07,073_S_4360,/project/rrg-mchakrav-ab/moncia/ADNI/bids_adni_go2/sub-073S4360/ses-m48/anat/sub-073S4360_ses-m48_acq-3Taccel_T1w.nii.gz,/scratch/ishaan/adni_trillium/derivatives/bsc/073_S_4360_m48_2015-11-07,2015-12-22,3.8439425051334704,3.0
073_S_4443_m03_2012-04-03,073_S_4443,/project/rrg-mchakrav-ab/moncia/ADNI/bids_adni_go2/sub-073S4443/ses-m03/anat/sub-073S4443_ses-m03_acq-3Taccel_T1w.nii.gz,/scratch/ishaan/adni_trillium/derivatives/bsc/073_S_4443_m03_2012-04-03,2012-03-12,0.0,3.0
073_S_4443_m06_2012-07-03,073_S_4443,/project/rrg-mchakrav-ab/moncia/ADNI/bids_adni_go2/sub-073S4443/ses-m06/anat/sub-073S4443_ses-m06_acq-3Taccel_T1w.nii.gz,/scratch/ishaan/adni_trillium/derivatives/bsc/073_S_4443_m06_2012-07-03,2012-07-19,0.3531827515400411,3.0
073_S_4443_m12_2013-01-02,073_S_4443,/project/rrg-mchakrav-ab/moncia/ADNI/bids_adni_go2/sub-073S4443/ses-m12/anat/sub-073S4443_ses-m12_acq-3Taccel_T1w.nii.gz,/scratch/ishaan/adni_trillium/derivatives/bsc/073_S_4443_m12_2013-01-02,2013-05-23,1.1964407939767283,3.0
073_S_4443_m24_2014-01-02,073_S_4443,/project/rrg-mchakrav-ab/moncia/ADNI/bids_adni_go2/sub-073S4443/ses-m24/anat/sub-073S4443_ses-m24_acq-3Taccel_T1w.nii.gz,/scratch/ishaan/adni_trillium/derivatives/bsc/073_S_4443_m24_2014-01-02,2014-03-27,2.0396988364134154,3.0
073_S_4443_m48_2016-01-03,073_S_4443,/project/rrg-mchakrav-ab/moncia/ADNI/bids_adni_go2/sub-073S4443/ses-m48/anat/sub-073S4443_ses-m48_acq-3Taccel_T1w.nii.gz,/scratch/ishaan/adni_trillium/derivatives/bsc/073_S_4443_m48_2016-01-03,2016-04-13,4.087611225188227,3.0
073_S_4614_m03_2012-06-21,073_S_4614,/project/rrg-mchakrav-ab/moncia/ADNI/bids_adni_go2/sub-073S4614/ses-m03/anat/sub-073S4614_ses-m03_acq-3Taccel_T1w.nii.gz,/scratch/ishaan/adni_trillium/derivatives/bsc/073_S_4614_m03_2012-06-21,2012-06-15,0.0,3.0
073_S_4614_m06_2012-09-20,073_S_4614,/project/rrg-mchakrav-ab/moncia/ADNI/bids_adni_go2/sub-073S4614/ses-m06/anat/sub-073S4614_ses-m06_acq-3Taccel_T1w.nii.gz,/scratch/ishaan/adni_trillium/derivatives/bsc/073_S_4614_m06_2012-09-20,2012-09-19,0.26283367556468173,3.0
073_S_4614_m12_2013-03-22,073_S_4614,/project/rrg-mchakrav-ab/moncia/ADNI/bids_adni_go2/sub-073S4614/ses-m12/anat/sub-073S4614_ses-m12_acq-3Taccel_T1w.nii.gz,/scratch/ishaan/adni_trillium/derivatives/bsc/073_S_4614_m12_2013-03-22,2013-03-12,0.7392197125256673,3.0
073_S_4614_m24_2014-03-22,073_S_4614,/project/rrg-mchakrav-ab/moncia/ADNI/bids_adni_go2/sub-073S4614/ses-m24/anat/sub-073S4614_ses-m24_acq-3Taccel_T1w.nii.gz,/scratch/ishaan/adni_trillium/derivatives/bsc/073_S_4614_m24_2014-03-22,2014-04-17,1.83709787816564,3.0
073_S_4614_m48_2016-03-22,073_S_4614,/project/rrg-mchakrav-ab/moncia/ADNI/bids_adni_go2/sub-073S4614/ses-m48/anat/sub-073S4614_ses-m48_acq-3Taccel_T1w.nii.gz,/scratch/ishaan/adni_trillium/derivatives/bsc/073_S_4614_m48_2016-03-22,2016-08-30,4.20807665982204,3.0
073_S_4777_m03_2012-09-05,073_S_4777,/project/rrg-mchakrav-ab/moncia/ADNI/bids_adni_go2/sub-073S4777/ses-m03/anat/sub-073S4777_ses-m03_acq-3Taccel_T1w.nii.gz,/scratch/ishaan/adni_trillium/derivatives/bsc/073_S_4777_m03_2012-09-05,2012-09-25,0.0,3.0
073_S_4777_m06_2012-12-05,073_S_4777,/project/rrg-mchakrav-ab/moncia/ADNI/bids_adni_go2/sub-073S4777/ses-m06/anat/sub-073S4777_ses-m06_acq-3Taccel_T1w.nii.gz,/scratch/ishaan/adni_trillium/derivatives/bsc/073_S_4777_m06_2012-12-05,2012-12-12,0.2135523613963039,3.0
073_S_4777_m12_2013-06-06,073_S_4777,/project/rrg-mchakrav-ab/moncia/ADNI/bids_adni_go2/sub-073S4777/ses-m12/anat/sub-073S4777_ses-m12_acq-3Taccel_T1w.nii.gz,/scratch/ishaan/adni_trillium/derivatives/bsc/073_S_4777_m12_2013-06-06,2013-07-17,0.8076659822039699,3.0
073_S_4777_m24_2014-06-06,073_S_4777,/project/rrg-mchakrav-ab/moncia/ADNI/bids_adni_go2/sub-073S4777/ses-m24/anat/sub-073S4777_ses-m24_acq-3Taccel_T1w.nii.gz,/scratch/ishaan/adni_trillium/derivatives/bsc/073_S_4777_m24_2014-06-06,2014-07-21,1.8179329226557153,3.0
082_S_0928_bl_2006-11-02,082_S_0928,/project/rrg-mchakrav-ab/moncia/ADNI/bids_adni1/sub-082S0928/ses-bl/anat/sub-082S0928_ses-bl_acq-3T_T1w.nii.gz,/scratch/ishaan/adni_trillium/derivatives/bsc/082_S_0928_bl_2006-11-02,2006-09-29,0.0,1.5
082_S_0928_sc_2006-11-02,082_S_0928,/project/rrg-mchakrav-ab/moncia/ADNI/bids_adni1/sub-082S0928/ses-sc/anat/sub-082S0928_ses-sc_acq-15T_T1w.nii.gz,/scratch/ishaan/adni_trillium/derivatives/bsc/082_S_0928_sc_2006-11-02,2006-10-16,0.04654346338124572,3.0
082_S_0928_m06_2007-05-03,082_S_0928,/project/rrg-mchakrav-ab/moncia/ADNI/bids_adni1/sub-082S0928/ses-m06/anat/sub-082S0928_ses-m06_acq-15T_T1w.nii.gz,/scratch/ishaan/adni_trillium/derivatives/bsc/082_S_0928_m06_2007-05-03,2007-06-11,0.6981519507186859,1.5
082_S_0928_m12_2007-11-02,082_S_0928,/project/rrg-mchakrav-ab/moncia/ADNI/bids_adni1/sub-082S0928/ses-m12/anat/sub-082S0928_ses-m12_acq-15T_T1w.nii.gz,/scratch/ishaan/adni_trillium/derivatives/bsc/082_S_0928_m12_2007-11-02,2007-10-18,1.051334702258727,3.0
082_S_0928_m18_2008-05-02,082_S_0928,/project/rrg-mchakrav-ab/moncia/ADNI/bids_adni1/sub-082S0928/ses-m18/anat/sub-082S0928_ses-m18_acq-15T_T1w.nii.gz,/scratch/ishaan/adni_trillium/derivatives/bsc/082_S_0928_m18_2008-05-02,2008-06-05,1.6837782340862424,1.5
082_S_2099_m03_2011-01-20,082_S_2099,/project/rrg-mchakrav-ab/moncia/ADNI/bids_adni_go2/sub-082S2099/ses-m03/anat/sub-082S2099_ses-m03_acq-3Taccel_T1w.nii.gz,/scratch/ishaan/adni_trillium/derivatives/bsc/082_S_2099_m03_2011-01-20,2010-12-14,0.0,3.0
082_S_2099_m06_2011-04-21,082_S_2099,/project/rrg-mchakrav-ab/moncia/ADNI/bids_adni_go2/sub-082S2099/ses-m06/anat/sub-082S2099_ses-m06_acq-3Taccel_T1w.nii.gz,/scratch/ishaan/adni_trillium/derivatives/bsc/082_S_2099_m06_2011-04-21,2011-04-06,0.30937713894592744,3.0
082_S_2099_m12_2011-10-21,082_S_2099,/project/rrg-mchakrav-ab/moncia/ADNI/bids_adni_go2/sub-082S2099/ses-m12/anat/sub-082S2099_ses-m12_acq-3Taccel_T1w.nii.gz,/scratch/ishaan/adni_trillium/derivatives/bsc/082_S_2099_m12_2011-10-21,2011-10-31,0.8788501026694046,3.0
082_S_2099_m24_2012-10-20,082_S_2099,/project/rrg-mchakrav-ab/moncia/ADNI/bids_adni_go2/sub-082S2099/ses-m24/anat/sub-082S2099_ses-m24_acq-3Taccel_T1w.nii.gz,/scratch/ishaan/adni_trillium/derivatives/bsc/082_S_2099_m24_2012-10-20,2012-11-20,1.9356605065023955,3.0
082_S_2121_m03_2011-02-02,082_S_2121,/project/rrg-mchakrav-ab/moncia/ADNI/bids_adni_go2/sub-082S2121/ses-m03/anat/sub-082S2121_ses-m03_acq-3Taccel_T1w.nii.gz,/scratch/ishaan/adni_trillium/derivatives/bsc/082_S_2121_m03_2011-02-02,2011-01-05,0.0,3.0
082_S_2121_m06_2011-05-04,082_S_2121,/project/rrg-mchakrav-ab/moncia/ADNI/bids_adni_go2/sub-082S2121/ses-m06/anat/sub-082S2121_ses-m06_acq-3Taccel_T1w.nii.gz,/scratch/ishaan/adni_trillium/derivatives/bsc/082_S_2121_m06_2011-05-04,2011-05-18,0.36413415468856947,3.0
082_S_2121_m12_2011-11-03,082_S_2121,/project/rrg-mchakrav-ab/moncia/ADNI/bids_adni_go2/sub-082S2121/ses-m12/anat/sub-082S2121_ses-m12_acq-3Taccel_T1w.nii.gz,/scratch/ishaan/adni_trillium/derivatives/bsc/082_S_2121_m12_2011-11-03,2011-11-09,0.8432580424366872,3.0
082_S_2121_m24_2012-11-02,082_S_2121,/project/rrg-mchakrav-ab/moncia/ADNI/bids_adni_go2/sub-082S2121/ses-m24/anat/sub-082S2121_ses-m24_acq-3Taccel_T1w.nii.gz,/scratch/ishaan/adni_trillium/derivatives/bsc/082_S_2121_m24_2012-11-02,2012-11-08,1.842573579739904,3.0
082_S_2121_m36_2013-11-02,082_S_2121,/project/rrg-mchakrav-ab/moncia/ADNI/bids_adni_go2/sub-082S2121/ses-m36/anat/sub-082S2121_ses-m36_acq-3Taccel_T1w.nii.gz,/scratch/ishaan/adni_trillium/derivatives/bsc/082_S_2121_m36_2013-11-02,2013-11-14,2.858316221765914,3.0
082_S_2121_m48_2014-11-03,082_S_2121,/project/rrg-mchakrav-ab/moncia/ADNI/bids_adni_go2/sub-082S2121/ses-m48/anat/sub-082S2121_ses-m48_acq-3Taccel_T1w.nii.gz,/scratch/ishaan/adni_trillium/derivatives/bsc/082_S_2121_m48_2014-11-03,2014-12-11,3.9315537303216974,3.0
082_S_2121_m90_2018-05-04,082_S_2121,/project/rrg-mchakrav-ab/moncia/ADNI/bids_adni3/sub-082S2121/ses-m90/anat/sub-082S2121_ses-m90_acq-3T_T1w.nii.gz,/scratch/ishaan/adni_trillium/derivatives/bsc/082_S_2121_m90_2018-05-04,2018-02-12,7.104722792607803,3.0
082_S_2121_m102_2019-05-04,082_S_2121,/project/rrg-mchakrav-ab/moncia/ADNI/bids_adni3/sub-082S2121/ses-m102/anat/sub-082S2121_ses-m102_acq-3T_T1w.nii.gz,/scratch/ishaan/adni_trillium/derivatives/bsc/082_S_2121_m102_2019-05-04,2019-05-16,8.358658453114305,3.0
082_S_2121_m138_2022-05-04,082_S_2121,/project/rrg-mchakrav-ab/moncia/ADNI/bids_adni3/sub-082S2121/ses-m138/anat/sub-082S2121_ses-m138_acq-3T_T1w.nii.gz,/scratch/ishaan/adni_trillium/derivatives/bsc/082_S_2121_m138_2022-05-04,2022-01-18,11.0362765229295,3.0
082_S_2307_m03_2011-06-09,082_S_2307,/project/rrg-mchakrav-ab/moncia/ADNI/bids_adni_go2/sub-082S2307/ses-m03/anat/sub-082S2307_ses-m03_acq-3Taccel_T1w.nii.gz,/scratch/ishaan/adni_trillium/derivatives/bsc/082_S_2307_m03_2011-06-09,2011-05-12,0.0,3.0
082_S_2307_m06_2011-09-08,082_S_2307,/project/rrg-mchakrav-ab/moncia/ADNI/bids_adni_go2/sub-082S2307/ses-m06/anat/sub-082S2307_ses-m06_acq-3Taccel_T1w.nii.gz,/scratch/ishaan/adni_trillium/derivatives/bsc/082_S_2307_m06_2011-09-08,2011-10-07,0.405201916495551,3.0
082_S_2307_m12_2012-03-09,082_S_2307,/project/rrg-mchakrav-ab/moncia/ADNI/bids_adni_go2/sub-082S2307/ses-m12/anat/sub-082S2307_ses-m12_acq-3Taccel_T1w.nii.gz,/scratch/ishaan/adni_trillium/derivatives/bsc/082_S_2307_m12_2012-03-09,2012-04-03,0.8952772073921971,3.0
082_S_2307_m24_2013-03-09,082_S_2307,/project/rrg-mchakrav-ab/moncia/ADNI/bids_adni_go2/sub-082S2307/ses-m24/anat/sub-082S2307_ses-m24_acq-3Taccel_T1w.nii.gz,/scratch/ishaan/adni_trillium/derivatives/bsc/082_S_2307_m24_2013-03-09,2013-06-27,2.127310061601643,3.0
094_S_0921_sc_2006-10-24,094_S_0921,/project/rrg-mchakrav-ab/moncia/ADNI/bids_adni1/sub-094S0921/ses-sc/anat/sub-094S0921_ses-sc_acq-15T_T1w.nii.gz,/scratch/ishaan/adni_trillium/derivatives/bsc/094_S_0921_sc_2006-10-24,2006-10-02,0.0,1.5
094_S_0921_m06_2007-04-24,094_S_0921,/project/rrg-mchakrav-ab/moncia/ADNI/bids_adni1/sub-094S0921/ses-m06/anat/sub-094S0921_ses-m06_acq-15T_T1w.nii.gz,/scratch/ishaan/adni_trillium/derivatives/bsc/094_S_0921_m06_2007-04-24,2007-05-15,0.6160164271047228,1.5
094_S_0921_m18_2008-04-23,094_S_0921,/project/rrg-mchakrav-ab/moncia/ADNI/bids_adni1/sub-094S0921/ses-m18/anat/sub-094S0921_ses-m18_acq-15T_T1w.nii.gz,/scratch/ishaan/adni_trillium/derivatives/bsc/094_S_0921_m18_2008-04-23,2008-05-06,1.593429158110883,1.5
094_S_0921_m24_2008-10-23,094_S_0921,/project/rrg-mchakrav-ab/moncia/ADNI/bids_adni1/sub-094S0921/ses-m24/anat/sub-094S0921_ses-m24_acq-15T_T1w.nii.gz,/scratch/ishaan/adni_trillium/derivatives/bsc/094_S_0921_m24_2008-10-23,2008-10-14,2.0342231348391513,1.5
094_S_0921_m36_2009-10-23,094_S_0921,/project/rrg-mchakrav-ab/moncia/ADNI/bids_adni1/sub-094S0921/ses-m36/anat/sub-094S0921_ses-m36_acq-15T_T1w.nii.gz,/scratch/ishaan/adni_trillium/derivatives/bsc/094_S_0921_m36_2009-10-23,2009-10-06,3.0116358658453115,1.5
094_S_1188_sc_2007-01-18,094_S_1188,/project/rrg-mchakrav-ab/moncia/ADNI/bids_adni1/sub-094S1188/ses-sc/anat/sub-094S1188_ses-sc_acq-15T_T1w.nii.gz,/scratch/ishaan/adni_trillium/derivatives/bsc/094_S_1188_sc_2007-01-18,2006-12-28,0.0,1.5
094_S_1188_m06_2007-07-19,094_S_1188,/project/rrg-mchakrav-ab/moncia/ADNI/bids_adni1/sub-094S1188/ses-m06/anat/sub-094S1188_ses-m06_acq-15T_T1w.nii.gz,/scratch/ishaan/adni_trillium/derivatives/bsc/094_S_1188_m06_2007-07-19,2007-07-17,0.5503080082135524,1.5
094_S_1188_m18_2008-07-18,094_S_1188,/project/rrg-mchakrav-ab/moncia/ADNI/bids_adni1/sub-094S1188/ses-m18/anat/sub-094S1188_ses-m18_acq-15T_T1w.nii.gz,/scratch/ishaan/adni_trillium/derivatives/bsc/094_S_1188_m18_2008-07-18,2008-07-17,1.5523613963039014,1.5
094_S_1188_m24_2009-01-17,094_S_1188,/project/rrg-mchakrav-ab/moncia/ADNI/bids_adni1/sub-094S1188/ses-m24/anat/sub-094S1188_ses-m24_acq-15T_T1w.nii.gz,/scratch/ishaan/adni_trillium/derivatives/bsc/094_S_1188_m24_2009-01-17,2009-01-20,2.0643394934976045,1.5
094_S_1293_bl_2007-03-29,094_S_1293,/project/rrg-mchakrav-ab/moncia/ADNI/bids_adni1/sub-094S1293/ses-bl/anat/sub-094S1293_ses-bl_acq-3T_T1w.nii.gz,/scratch/ishaan/adni_trillium/derivatives/bsc/094_S_1293_bl_2007-03-29,2007-03-12,0.0,1.5
094_S_1293_sc_2007-03-29,094_S_1293,/project/rrg-mchakrav-ab/moncia/ADNI/bids_adni1/sub-094S1293/ses-sc/anat/sub-094S1293_ses-sc_acq-15T_T1w.nii.gz,/scratch/ishaan/adni_trillium/derivatives/bsc/094_S_1293_sc_2007-03-29,2007-03-19,0.019164955509924708,3.0
094_S_1293_m12_2008-03-28,094_S_1293,/project/rrg-mchakrav-ab/moncia/ADNI/bids_adni1/sub-094S1293/ses-m12/anat/sub-094S1293_ses-m12_acq-15T_T1w.nii.gz,/scratch/ishaan/adni_trillium/derivatives/bsc/094_S_1293_m12_2008-03-28,2008-03-17,1.0157426420260096,3.0
094_S_1293_m18_2008-09-26,094_S_1293,/project/rrg-mchakrav-ab/moncia/ADNI/bids_adni1/sub-094S1293/ses-m18/anat/sub-094S1293_ses-m18_acq-15T_T1w.nii.gz,/scratch/ishaan/adni_trillium/derivatives/bsc/094_S_1293_m18_2008-09-26,2008-09-18,1.5222450376454484,3.0
094_S_1293_m24_2009-03-28,094_S_1293,/project/rrg-mchakrav-ab/moncia/ADNI/bids_adni1/sub-094S1293/ses-m24/anat/sub-094S1293_ses-m24_acq-15T_T1w.nii.gz,/scratch/ishaan/adni_trillium/derivatives/bsc/094_S_1293_m24_2009-03-28,2009-03-31,2.0533880903490758,1.5
094_S_1417_sc_2007-08-03,094_S_1417,/project/rrg-mchakrav-ab/moncia/ADNI/bids_adni1/sub-094S1417/ses-sc/anat/sub-094S1417_ses-sc_acq-15T_T1w.nii.gz,/scratch/ishaan/adni_trillium/derivatives/bsc/094_S_1417_sc_2007-08-03,2007-07-16,0.0,1.5
094_S_1417_m12_2008-08-02,094_S_1417,/project/rrg-mchakrav-ab/moncia/ADNI/bids_adni1/sub-094S1417/ses-m12/anat/sub-094S1417_ses-m12_acq-15T_T1w.nii.gz,/scratch/ishaan/adni_trillium/derivatives/bsc/094_S_1417_m12_2008-08-02,2008-08-13,1.0787132101300478,1.5
094_S_1417_m18_2009-01-31,094_S_1417,/project/rrg-mchakrav-ab/moncia/ADNI/bids_adni1/sub-094S1417/ses-m18/anat/sub-094S1417_ses-m18_acq-15T_T1w.nii.gz,/scratch/ishaan/adni_trillium/derivatives/bsc/094_S_1417_m18_2009-01-31,2009-02-19,1.5989048596851472,1.5
094_S_1417_m36_2010-08-02,094_S_1417,/project/rrg-mchakrav-ab/moncia/ADNI/bids_adni1/sub-094S1417/ses-m36/anat/sub-094S1417_ses-m36_acq-15T_T1w.nii.gz,/scratch/ishaan/adni_trillium/derivatives/bsc/094_S_1417_m36_2010-08-02,2010-09-03,3.134839151266256,1.5
094_S_2238_m03_2011-04-28,094_S_2238,/project/rrg-mchakrav-ab/moncia/ADNI/bids_adni_go2/sub-094S2238/ses-m03/anat/sub-094S2238_ses-m03_acq-3Taccel_T1w.nii.gz,/scratch/ishaan/adni_trillium/derivatives/bsc/094_S_2238_m03_2011-04-28,2011-03-02,0.0,3.0
094_S_2238_m06_2011-07-28,094_S_2238,/project/rrg-mchakrav-ab/moncia/ADNI/bids_adni_go2/sub-094S2238/ses-m06/anat/sub-094S2238_ses-m06_acq-3Taccel_T1w.nii.gz,/scratch/ishaan/adni_trillium/derivatives/bsc/094_S_2238_m06_2011-07-28,2011-08-04,0.4243668720054757,3.0
094_S_2238_m12_2012-01-27,094_S_2238,/project/rrg-mchakrav-ab/moncia/ADNI/bids_adni_go2/sub-094S2238/ses-m12/anat/sub-094S2238_ses-m12_acq-3Taccel_T1w.nii.gz,/scratch/ishaan/adni_trillium/derivatives/bsc/094_S_2238_m12_2012-01-27,2012-01-18,0.8815879534565366,3.0
094_S_2238_m24_2013-01-26,094_S_2238,/project/rrg-mchakrav-ab/moncia/ADNI/bids_adni_go2/sub-094S2238/ses-m24/anat/sub-094S2238_ses-m24_acq-3Taccel_T1w.nii.gz,/scratch/ishaan/adni_trillium/derivatives/bsc/094_S_2238_m24_2013-01-26,2013-01-24,1.9000684462696784,3.0
094_S_2238_m36_2014-01-26,094_S_2238,/project/rrg-mchakrav-ab/moncia/ADNI/bids_adni_go2/sub-094S2238/ses-m36/anat/sub-094S2238_ses-m36_acq-3Taccel_T1w.nii.gz,/scratch/ishaan/adni_trillium/derivatives/bsc/094_S_2238_m36_2014-01-26,2014-01-31,2.91854893908282,3.0
094_S_2238_m48_2015-01-27,094_S_2238,/project/rrg-mchakrav-ab/moncia/ADNI/bids_adni_go2/sub-094S2238/ses-m48/anat/sub-094S2238_ses-m48_acq-3Taccel_T1w.nii.gz,/scratch/ishaan/adni_trillium/derivatives/bsc/094_S_2238_m48_2015-01-27,2015-01-13,3.868583162217659,3.0
094_S_2238_m84_2018-01-26,094_S_2238,/project/rrg-mchakrav-ab/moncia/ADNI/bids_adni3/sub-094S2238/ses-m84/anat/sub-094S2238_ses-m84_acq-3T_T1w.nii.gz,/scratch/ishaan/adni_trillium/derivatives/bsc/094_S_2238_m84_2018-01-26,2018-01-25,6.9021218343600275,3.0
094_S_2238_m96_2019-01-27,094_S_2238,/project/rrg-mchakrav-ab/moncia/ADNI/bids_adni3/sub-094S2238/ses-m96/anat/sub-094S2238_ses-m96_acq-3T_T1w.nii.gz,/scratch/ishaan/adni_trillium/derivatives/bsc/094_S_2238_m96_2019-01-27,2019-03-04,8.005475701574264,3.0
094_S_2238_m138_2022-07-28,094_S_2238,/project/rrg-mchakrav-ab/moncia/ADNI/bids_adni3/sub-094S2238/ses-m138/anat/sub-094S2238_ses-m138_acq-3T_T1w.nii.gz,/scratch/ishaan/adni_trillium/derivatives/bsc/094_S_2238_m138_2022-07-28,2022-07-29,11.408624229979466,3.0
094_S_2367_m03_2011-08-25,094_S_2367,/project/rrg-mchakrav-ab/moncia/ADNI/bids_adni_go2/sub-094S2367/ses-m03/anat/sub-094S2367_ses-m03_acq-3Taccel_T1w.nii.gz,/scratch/ishaan/adni_trillium/derivatives/bsc/094_S_2367_m03_2011-08-25,2011-08-03,0.0,3.0
094_S_2367_m06_2011-11-24,094_S_2367,/project/rrg-mchakrav-ab/moncia/ADNI/bids_adni_go2/sub-094S2367/ses-m06/anat/sub-094S2367_ses-m06_acq-3Taccel_T1w.nii.gz,/scratch/ishaan/adni_trillium/derivatives/bsc/094_S_2367_m06_2011-11-24,2011-11-10,0.27104722792607805,3.0
094_S_2367_m12_2012-05-25,094_S_2367,/project/rrg-mchakrav-ab/moncia/ADNI/bids_adni_go2/sub-094S2367/ses-m12/anat/sub-094S2367_ses-m12_acq-3Taccel_T1w.nii.gz,/scratch/ishaan/adni_trillium/derivatives/bsc/094_S_2367_m12_2012-05-25,2012-05-16,0.785763175906913,3.0
094_S_2367_m24_2013-05-25,094_S_2367,/project/rrg-mchakrav-ab/moncia/ADNI/bids_adni_go2/sub-094S2367/ses-m24/anat/sub-094S2367_ses-m24_acq-3Taccel_T1w.nii.gz,/scratch/ishaan/adni_trillium/derivatives/bsc/094_S_2367_m24_2013-05-25,2013-05-21,1.7987679671457906,3.0
094_S_4434_m03_2012-04-04,094_S_4434,/project/rrg-mchakrav-ab/moncia/ADNI/bids_adni_go2/sub-094S4434/ses-m03/anat/sub-094S4434_ses-m03_acq-3Taccel_T1w.nii.gz,/scratch/ishaan/adni_trillium/derivatives/bsc/094_S_4434_m03_2012-04-04,2012-04-04,0.0,3.0
094_S_4434_m06_2012-07-04,094_S_4434,/project/rrg-mchakrav-ab/moncia/ADNI/bids_adni_go2/sub-094S4434/ses-m06/anat/sub-094S4434_ses-m06_acq-3Taccel_T1w.nii.gz,/scratch/ishaan/adni_trillium/derivatives/bsc/094_S_4434_m06_2012-07-04,2012-07-17,0.28473648186173856,3.0
094_S_4434_m12_2013-01-03,094_S_4434,/project/rrg-mchakrav-ab/moncia/ADNI/bids_adni_go2/sub-094S4434/ses-m12/anat/sub-094S4434_ses-m12_acq-3Taccel_T1w.nii.gz,/scratch/ishaan/adni_trillium/derivatives/bsc/094_S_4434_m12_2013-01-03,2013-02-19,0.8788501026694046,3.0
094_S_4434_m24_2014-01-03,094_S_4434,/project/rrg-mchakrav-ab/moncia/ADNI/bids_adni_go2/sub-094S4434/ses-m24/anat/sub-094S4434_ses-m24_acq-3Taccel_T1w.nii.gz,/scratch/ishaan/adni_trillium/derivatives/bsc/094_S_4434_m24_2014-01-03,2014-03-11,1.9329226557152634,3.0
094_S_4630_m03_2012-07-18,094_S_4630,/project/rrg-mchakrav-ab/moncia/ADNI/bids_adni_go2/sub-094S4630/ses-m03/anat/sub-094S4630_ses-m03_acq-3Taccel_T1w.nii.gz,/scratch/ishaan/adni_trillium/derivatives/bsc/094_S_4630_m03_2012-07-18,2012-08-21,0.0,3.0
094_S_4630_m06_2012-10-17,094_S_4630,/project/rrg-mchakrav-ab/moncia/ADNI/bids_adni_go2/sub-094S4630/ses-m06/anat/sub-094S4630_ses-m06_acq-3Taccel_T1w.nii.gz,/scratch/ishaan/adni_trillium/derivatives/bsc/094_S_4630_m06_2012-10-17,2012-12-04,0.2874743326488706,3.0
094_S_4630_m12_2013-04-18,094_S_4630,/project/rrg-mchakrav-ab/moncia/ADNI/bids_adni_go2/sub-094S4630/ses-m12/anat/sub-094S4630_ses-m12_acq-3Taccel_T1w.nii.gz,/scratch/ishaan/adni_trillium/derivatives/bsc/094_S_4630_m12_2013-04-18,2013-09-24,1.0924024640657084,3.0
094_S_4630_m24_2014-04-18,094_S_4630,/project/rrg-mchakrav-ab/moncia/ADNI/bids_adni_go2/sub-094S4630/ses-m24/anat/sub-094S4630_ses-m24_acq-3Taccel_T1w.nii.gz,/scratch/ishaan/adni_trillium/derivatives/bsc/094_S_4630_m24_2014-04-18,2014-05-27,1.7631759069130732,3.0
094_S_4630_m48_2016-04-18,094_S_4630,/project/rrg-mchakrav-ab/moncia/ADNI/bids_adni_go2/sub-094S4630/ses-m48/anat/sub-094S4630_ses-m48_acq-3Taccel_T1w.nii.gz,/scratch/ishaan/adni_trillium/derivatives/bsc/094_S_4630_m48_2016-04-18,2016-05-31,3.7754962354551678,3.0
094_S_4858_m03_2012-10-29,094_S_4858,/project/rrg-mchakrav-ab/moncia/ADNI/bids_adni_go2/sub-094S4858/ses-m03/anat/sub-094S4858_ses-m03_acq-3Taccel_T1w.nii.gz,/scratch/ishaan/adni_trillium/derivatives/bsc/094_S_4858_m03_2012-10-29,2012-09-11,0.0,3.0
094_S_4858_m06_2013-01-28,094_S_4858,/project/rrg-mchakrav-ab/moncia/ADNI/bids_adni_go2/sub-094S4858/ses-m06/anat/sub-094S4858_ses-m06_acq-3Taccel_T1w.nii.gz,/scratch/ishaan/adni_trillium/derivatives/bsc/094_S_4858_m06_2013-01-28,2012-12-20,0.2737850787132101,3.0
094_S_4858_m12_2013-07-30,094_S_4858,/project/rrg-mchakrav-ab/moncia/ADNI/bids_adni_go2/sub-094S4858/ses-m12/anat/sub-094S4858_ses-m12_acq-3Taccel_T1w.nii.gz,/scratch/ishaan/adni_trillium/derivatives/bsc/094_S_4858_m12_2013-07-30,2013-10-16,1.0951403148528405,3.0
094_S_4858_m24_2014-07-30,094_S_4858,/project/rrg-mchakrav-ab/moncia/ADNI/bids_adni_go2/sub-094S4858/ses-m24/anat/sub-094S4858_ses-m24_acq-3Taccel_T1w.nii.gz,/scratch/ishaan/adni_trillium/derivatives/bsc/094_S_4858_m24_2014-07-30,2014-10-29,2.130047912388775,3.0
094_S_4858_m48_2016-07-30,094_S_4858,/project/rrg-mchakrav-ab/moncia/ADNI/bids_adni_go2/sub-094S4858/ses-m48/anat/sub-094S4858_ses-m48_acq-3Taccel_T1w.nii.gz,/scratch/ishaan/adni_trillium/derivatives/bsc/094_S_4858_m48_2016-07-30,2016-11-18,4.186173853524983,3.0
098_S_0160_sc_2006-02-14,098_S_0160,/project/rrg-mchakrav-ab/moncia/ADNI/bids_adni1/sub-098S0160/ses-sc/anat/sub-098S0160_ses-sc_acq-15T_T1w.nii.gz,/scratch/ishaan/adni_trillium/derivatives/bsc/098_S_0160_sc_2006-02-14,2006-01-28,0.0,1.5
098_S_0160_m06_2006-08-15,098_S_0160,/project/rrg-mchakrav-ab/moncia/ADNI/bids_adni1/sub-098S0160/ses-m06/anat/sub-098S0160_ses-m06_acq-15T_T1w.nii.gz,/scratch/ishaan/adni_trillium/derivatives/bsc/098_S_0160_m06_2006-08-15,2006-09-02,0.5941136208076659,1.5
098_S_0160_m12_2007-02-14,098_S_0160,/project/rrg-mchakrav-ab/moncia/ADNI/bids_adni1/sub-098S0160/ses-m12/anat/sub-098S0160_ses-m12_acq-15T_T1w.nii.gz,/scratch/ishaan/adni_trillium/derivatives/bsc/098_S_0160_m12_2007-02-14,2007-02-19,1.0595482546201231,1.5
098_S_0160_m18_2007-08-15,098_S_0160,/project/rrg-mchakrav-ab/moncia/ADNI/bids_adni1/sub-098S0160/ses-m18/anat/sub-098S0160_ses-m18_acq-15T_T1w.nii.gz,/scratch/ishaan/adni_trillium/derivatives/bsc/098_S_0160_m18_2007-08-15,2007-08-18,1.5523613963039014,1.5
098_S_0160_m24_2008-02-14,098_S_0160,/project/rrg-mchakrav-ab/moncia/ADNI/bids_adni1/sub-098S0160/ses-m24/anat/sub-098S0160_ses-m24_acq-15T_T1w.nii.gz,/scratch/ishaan/adni_trillium/derivatives/bsc/098_S_0160_m24_2008-02-14,2008-02-23,2.0698151950718686,1.5
098_S_0160_m36_2009-02-13,098_S_0160,/project/rrg-mchakrav-ab/moncia/ADNI/bids_adni1/sub-098S0160/ses-m36/anat/sub-098S0160_ses-m36_acq-15T_T1w.nii.gz,/scratch/ishaan/adni_trillium/derivatives/bsc/098_S_0160_m36_2009-02-13,2009-02-22,3.0691307323750854,1.5
098_S_0160_m48_2010-02-14,098_S_0160,/project/rrg-mchakrav-ab/moncia/ADNI/bids_adni1/sub-098S0160/ses-m48/anat/sub-098S0160_ses-m48_acq-15T_T1w.nii.gz,/scratch/ishaan/adni_trillium/derivatives/bsc/098_S_0160_m48_2010-02-14,2010-02-14,4.046543463381246,1.5
098_S_2052_m03_2010-12-30,098_S_2052,/project/rrg-mchakrav-ab/moncia/ADNI/bids_adni_go2/sub-098S2052/ses-m03/anat/sub-098S2052_ses-m03_acq-3Taccel_T1w.nii.gz,/scratch/ishaan/adni_trillium/derivatives/bsc/098_S_2052_m03_2010-12-30,2010-12-10,0.0,3.0
098_S_2052_m06_2011-03-31,098_S_2052,/project/rrg-mchakrav-ab/moncia/ADNI/bids_adni_go2/sub-098S2052/ses-m06/anat/sub-098S2052_ses-m06_acq-3Taccel_T1w.nii.gz,/scratch/ishaan/adni_trillium/derivatives/bsc/098_S_2052_m06_2011-03-31,2011-03-08,0.24093086926762491,3.0
098_S_2052_m12_2011-09-30,098_S_2052,/project/rrg-mchakrav-ab/moncia/ADNI/bids_adni_go2/sub-098S2052/ses-m12/anat/sub-098S2052_ses-m12_acq-3Taccel_T1w.nii.gz,/scratch/ishaan/adni_trillium/derivatives/bsc/098_S_2052_m12_2011-09-30,2011-09-13,0.758384668035592,3.0
098_S_2052_m36_2013-09-29,098_S_2052,/project/rrg-mchakrav-ab/moncia/ADNI/bids_adni_go2/sub-098S2052/ses-m36/anat/sub-098S2052_ses-m36_acq-3Taccel_T1w.nii.gz,/scratch/ishaan/adni_trillium/derivatives/bsc/098_S_2052_m36_2013-09-29,2013-09-05,2.737850787132101,3.0
098_S_2052_m48_2014-09-30,098_S_2052,/project/rrg-mchakrav-ab/moncia/ADNI/bids_adni_go2/sub-098S2052/ses-m48/anat/sub-098S2052_ses-m48_acq-3Taccel_T1w.nii.gz,/scratch/ishaan/adni_trillium/derivatives/bsc/098_S_2052_m48_2014-09-30,2014-09-17,3.7700205338809036,3.0
098_S_2079_m03_2011-01-12,098_S_2079,/project/rrg-mchakrav-ab/moncia/ADNI/bids_adni_go2/sub-098S2079/ses-m03/anat/sub-098S2079_ses-m03_acq-3Taccel_T1w.nii.gz,/scratch/ishaan/adni_trillium/derivatives/bsc/098_S_2079_m03_2011-01-12,2010-12-15,0.0,3.0
098_S_2079_m06_2011-04-13,098_S_2079,/project/rrg-mchakrav-ab/moncia/ADNI/bids_adni_go2/sub-098S2079/ses-m06/anat/sub-098S2079_ses-m06_acq-3Taccel_T1w.nii.gz,/scratch/ishaan/adni_trillium/derivatives/bsc/098_S_2079_m06_2011-04-13,2011-03-09,0.2299794661190965,3.0
098_S_2079_m12_2011-10-13,098_S_2079,/project/rrg-mchakrav-ab/moncia/ADNI/bids_adni_go2/sub-098S2079/ses-m12/anat/sub-098S2079_ses-m12_acq-3Taccel_T1w.nii.gz,/scratch/ishaan/adni_trillium/derivatives/bsc/098_S_2079_m12_2011-10-13,2011-10-24,0.8569472963723477,3.0
098_S_2079_m24_2012-10-12,098_S_2079,/project/rrg-mchakrav-ab/moncia/ADNI/bids_adni_go2/sub-098S2079/ses-m24/anat/sub-098S2079_ses-m24_acq-3Taccel_T1w.nii.gz,/scratch/ishaan/adni_trillium/derivatives/bsc/098_S_2079_m24_2012-10-12,2012-09-27,1.78507871321013,3.0
098_S_2079_m36_2013-10-12,098_S_2079,/project/rrg-mchakrav-ab/moncia/ADNI/bids_adni_go2/sub-098S2079/ses-m36/anat/sub-098S2079_ses-m36_acq-3Taccel_T1w.nii.gz,/scratch/ishaan/adni_trillium/derivatives/bsc/098_S_2079_m36_2013-10-12,2013-10-07,2.811772758384668,3.0
098_S_2079_m48_2014-10-13,098_S_2079,/project/rrg-mchakrav-ab/moncia/ADNI/bids_adni_go2/sub-098S2079/ses-m48/anat/sub-098S2079_ses-m48_acq-3Taccel_T1w.nii.gz,/scratch/ishaan/adni_trillium/derivatives/bsc/098_S_2079_m48_2014-10-13,2014-10-07,3.811088295687885,3.0
098_S_2079_m72_2016-10-12,098_S_2079,/project/rrg-mchakrav-ab/moncia/ADNI/bids_adni_go2/sub-098S2079/ses-m72/anat/sub-098S2079_ses-m72_acq-3Taccel_T1w.nii.gz,/scratch/ishaan/adni_trillium/derivatives/bsc/098_S_2079_m72_2016-10-12,2016-12-08,5.982203969883641,3.0
099_S_0051_sc_2005-12-29,099_S_0051,/project/rrg-mchakrav-ab/moncia/ADNI/bids_adni1/sub-099S0051/ses-sc/anat/sub-099S0051_ses-sc_acq-15T_T1w.nii.gz,/scratch/ishaan/adni_trillium/derivatives/bsc/099_S_0051_sc_2005-12-29,2005-11-15,0.0,1.5
099_S_0051_m12_2006-12-29,099_S_0051,/project/rrg-mchakrav-ab/moncia/ADNI/bids_adni1/sub-099S0051/ses-m12/anat/sub-099S0051_ses-m12_acq-15T_T1w.nii.gz,/scratch/ishaan/adni_trillium/derivatives/bsc/099_S_0051_m12_2006-12-29,2006-12-26,1.111567419575633,1.5
099_S_0051_m18_2007-06-29,099_S_0051,/project/rrg-mchakrav-ab/moncia/ADNI/bids_adni1/sub-099S0051/ses-m18/anat/sub-099S0051_ses-m18_acq-15T_T1w.nii.gz,/scratch/ishaan/adni_trillium/derivatives/bsc/099_S_0051_m18_2007-06-29,2007-07-03,1.6290212183436004,1.5
099_S_0051_m36_2008-12-28,099_S_0051,/project/rrg-mchakrav-ab/moncia/ADNI/bids_adni1/sub-099S0051/ses-m36/anat/sub-099S0051_ses-m36_acq-15T_T1w.nii.gz,/scratch/ishaan/adni_trillium/derivatives/bsc/099_S_0051_m36_2008-12-28,2008-12-16,3.0855578370978782,1.5
099_S_1034_sc_2006-12-15,099_S_1034,/project/rrg-mchakrav-ab/moncia/ADNI/bids_adni1/sub-099S1034/ses-sc/anat/sub-099S1034_ses-sc_acq-15T_T1w.nii.gz,/scratch/ishaan/adni_trillium/derivatives/bsc/099_S_1034_sc_2006-12-15,2006-11-02,0.0,1.5
099_S_1034_m06_2007-06-15,099_S_1034,/project/rrg-mchakrav-ab/moncia/ADNI/bids_adni1/sub-099S1034/ses-m06/anat/sub-099S1034_ses-m06_acq-15T_T1w.nii.gz,/scratch/ishaan/adni_trillium/derivatives/bsc/099_S_1034_m06_2007-06-15,2007-04-30,0.49007529089664614,1.5
099_S_1034_m12_2007-12-15,099_S_1034,/project/rrg-mchakrav-ab/moncia/ADNI/bids_adni1/sub-099S1034/ses-m12/anat/sub-099S1034_ses-m12_acq-15T_T1w.nii.gz,/scratch/ishaan/adni_trillium/derivatives/bsc/099_S_1034_m12_2007-12-15,2007-11-29,1.0732375085557837,1.5
099_S_1034_m18_2008-06-14,099_S_1034,/project/rrg-mchakrav-ab/moncia/ADNI/bids_adni1/sub-099S1034/ses-m18/anat/sub-099S1034_ses-m18_acq-15T_T1w.nii.gz,/scratch/ishaan/adni_trillium/derivatives/bsc/099_S_1034_m18_2008-06-14,2008-05-12,1.5249828884325805,1.5
099_S_1034_m24_2008-12-14,099_S_1034,/project/rrg-mchakrav-ab/moncia/ADNI/bids_adni1/sub-099S1034/ses-m24/anat/sub-099S1034_ses-m24_acq-15T_T1w.nii.gz,/scratch/ishaan/adni_trillium/derivatives/bsc/099_S_1034_m24_2008-12-14,2008-11-14,2.0342231348391513,1.5
099_S_1034_m36_2009-12-14,099_S_1034,/project/rrg-mchakrav-ab/moncia/ADNI/bids_adni1/sub-099S1034/ses-m36/anat/sub-099S1034_ses-m36_acq-15T_T1w.nii.gz,/scratch/ishaan/adni_trillium/derivatives/bsc/099_S_1034_m36_2009-12-14,2009-11-18,3.0444900752908968,1.5
099_S_2063_m03_2011-01-31,099_S_2063,/project/rrg-mchakrav-ab/moncia/ADNI/bids_adni_go2/sub-099S2063/ses-m03/anat/sub-099S2063_ses-m03_acq-3Taccel_T1w.nii.gz,/scratch/ishaan/adni_trillium/derivatives/bsc/099_S_2063_m03_2011-01-31,2011-01-03,0.0,3.0
099_S_2063_m06_2011-05-02,099_S_2063,/project/rrg-mchakrav-ab/moncia/ADNI/bids_adni_go2/sub-099S2063/ses-m06/anat/sub-099S2063_ses-m06_acq-3Taccel_T1w.nii.gz,/scratch/ishaan/adni_trillium/derivatives/bsc/099_S_2063_m06_2011-05-02,2011-04-18,0.2874743326488706,3.0
099_S_2063_m12_2011-11-01,099_S_2063,/project/rrg-mchakrav-ab/moncia/ADNI/bids_adni_go2/sub-099S2063/ses-m12/anat/sub-099S2063_ses-m12_acq-3Taccel_T1w.nii.gz,/scratch/ishaan/adni_trillium/derivatives/bsc/099_S_2063_m12_2011-11-01,2011-10-17,0.785763175906913,3.0
099_S_2063_m24_2012-10-31,099_S_2063,/project/rrg-mchakrav-ab/moncia/ADNI/bids_adni_go2/sub-099S2063/ses-m24/anat/sub-099S2063_ses-m24_acq-3Taccel_T1w.nii.gz,/scratch/ishaan/adni_trillium/derivatives/bsc/099_S_2063_m24_2012-10-31,2012-10-15,1.782340862422998,3.0
099_S_2063_m36_2013-10-31,099_S_2063,/project/rrg-mchakrav-ab/moncia/ADNI/bids_adni_go2/sub-099S2063/ses-m36/anat/sub-099S2063_ses-m36_acq-3Taccel_T1w.nii.gz,/scratch/ishaan/adni_trillium/derivatives/bsc/099_S_2063_m36_2013-10-31,2013-11-13,2.861054072553046,3.0
099_S_2063_m48_2014-11-01,099_S_2063,/project/rrg-mchakrav-ab/moncia/ADNI/bids_adni_go2/sub-099S2063/ses-m48/anat/sub-099S2063_ses-m48_acq-3Taccel_T1w.nii.gz,/scratch/ishaan/adni_trillium/derivatives/bsc/099_S_2063_m48_2014-11-01,2014-11-03,3.8329911019849416,3.0
099_S_2146_m03_2011-02-17,099_S_2146,/project/rrg-mchakrav-ab/moncia/ADNI/bids_adni_go2/sub-099S2146/ses-m03/anat/sub-099S2146_ses-m03_acq-3Taccel_T1w.nii.gz,/scratch/ishaan/adni_trillium/derivatives/bsc/099_S_2146_m03_2011-02-17,2011-02-09,0.0,3.0
099_S_2146_m06_2011-05-19,099_S_2146,/project/rrg-mchakrav-ab/moncia/ADNI/bids_adni_go2/sub-099S2146/ses-m06/anat/sub-099S2146_ses-m06_acq-3Taccel_T1w.nii.gz,/scratch/ishaan/adni_trillium/derivatives/bsc/099_S_2146_m06_2011-05-19,2011-05-19,0.27104722792607805,3.0
099_S_2146_m12_2011-11-18,099_S_2146,/project/rrg-mchakrav-ab/moncia/ADNI/bids_adni_go2/sub-099S2146/ses-m12/anat/sub-099S2146_ses-m12_acq-3Taccel_T1w.nii.gz,/scratch/ishaan/adni_trillium/derivatives/bsc/099_S_2146_m12_2011-11-18,2011-11-16,0.7665982203969883,3.0
099_S_2146_m24_2012-11-17,099_S_2146,/project/rrg-mchakrav-ab/moncia/ADNI/bids_adni_go2/sub-099S2146/ses-m24/anat/sub-099S2146_ses-m24_acq-3Taccel_T1w.nii.gz,/scratch/ishaan/adni_trillium/derivatives/bsc/099_S_2146_m24_2012-11-17,2012-12-07,1.8261464750171115,3.0
099_S_2146_m36_2013-11-17,099_S_2146,/project/rrg-mchakrav-ab/moncia/ADNI/bids_adni_go2/sub-099S2146/ses-m36/anat/sub-099S2146_ses-m36_acq-3Taccel_T1w.nii.gz,/scratch/ishaan/adni_trillium/derivatives/bsc/099_S_2146_m36_2013-11-17,2013-11-04,2.735112936344969,3.0
099_S_2146_m48_2014-11-18,099_S_2146,/project/rrg-mchakrav-ab/moncia/ADNI/bids_adni_go2/sub-099S2146/ses-m48/anat/sub-099S2146_ses-m48_acq-3Taccel_T1w.nii.gz,/scratch/ishaan/adni_trillium/derivatives/bsc/099_S_2146_m48_2014-11-18,2014-10-03,3.646817248459959,3.0
099_S_2146_m72_2016-11-17,099_S_2146,/project/rrg-mchakrav-ab/moncia/ADNI/bids_adni_go2/sub-099S2146/ses-m72/anat/sub-099S2146_ses-m72_acq-3Taccel_T1w.nii.gz,/scratch/ishaan/adni_trillium/derivatives/bsc/099_S_2146_m72_2016-11-17,2016-09-02,5.563312799452429,3.0
099_S_2146_m84_2017-11-17,099_S_2146,/project/rrg-mchakrav-ab/moncia/ADNI/bids_adni_go2/sub-099S2146/ses-m84/anat/sub-099S2146_ses-m84_acq-3Taccel_T1w.nii.gz,/scratch/ishaan/adni_trillium/derivatives/bsc/099_S_2146_m84_2017-11-17,2017-10-06,6.655715263518139,3.0
099_S_4157_m03_2011-11-03,099_S_4157,/project/rrg-mchakrav-ab/moncia/ADNI/bids_adni_go2/sub-099S4157/ses-m03/anat/sub-099S4157_ses-m03_acq-3Taccel_T1w.nii.gz,/scratch/ishaan/adni_trillium/derivatives/bsc/099_S_4157_m03_2011-11-03,2011-12-15,0.0,3.0
099_S_4157_m06_2012-02-02,099_S_4157,/project/rrg-mchakrav-ab/moncia/ADNI/bids_adni_go2/sub-099S4157/ses-m06/anat/sub-099S4157_ses-m06_acq-3Taccel_T1w.nii.gz,/scratch/ishaan/adni_trillium/derivatives/bsc/099_S_4157_m06_2012-02-02,2012-03-28,0.28473648186173856,3.0
099_S_4157_m12_2012-08-03,099_S_4157,/project/rrg-mchakrav-ab/moncia/ADNI/bids_adni_go2/sub-099S4157/ses-m12/anat/sub-099S4157_ses-m12_acq-3Taccel_T1w.nii.gz,/scratch/ishaan/adni_trillium/derivatives/bsc/099_S_4157_m12_2012-08-03,2012-09-25,0.7802874743326489,3.0
099_S_4157_m24_2013-08-03,099_S_4157,/project/rrg-mchakrav-ab/moncia/ADNI/bids_adni_go2/sub-099S4157/ses-m24/anat/sub-099S4157_ses-m24_acq-3Taccel_T1w.nii.gz,/scratch/ishaan/adni_trillium/derivatives/bsc/099_S_4157_m24_2013-08-03,2013-10-17,1.839835728952772,3.0
099_S_4205_m03_2011-11-22,099_S_4205,/project/rrg-mchakrav-ab/moncia/ADNI/bids_adni_go2/sub-099S4205/ses-m03/anat/sub-099S4205_ses-m03_acq-3Taccel_T1w.nii.gz,/scratch/ishaan/adni_trillium/derivatives/bsc/099_S_4205_m03_2011-11-22,2011-10-07,0.0,3.0
099_S_4205_m06_2012-02-21,099_S_4205,/project/rrg-mchakrav-ab/moncia/ADNI/bids_adni_go2/sub-099S4205/ses-m06/anat/sub-099S4205_ses-m06_acq-3Taccel_T1w.nii.gz,/scratch/ishaan/adni_trillium/derivatives/bsc/099_S_4205_m06_2012-02-21,2012-01-20,0.2874743326488706,3.0
099_S_4205_m12_2012-08-22,099_S_4205,/project/rrg-mchakrav-ab/moncia/ADNI/bids_adni_go2/sub-099S4205/ses-m12/anat/sub-099S4205_ses-m12_acq-3Taccel_T1w.nii.gz,/scratch/ishaan/adni_trillium/derivatives/bsc/099_S_4205_m12_2012-08-22,2012-11-01,1.0704996577686516,3.0
099_S_4205_m24_2013-08-22,099_S_4205,/project/rrg-mchakrav-ab/moncia/ADNI/bids_adni_go2/sub-099S4205/ses-m24/anat/sub-099S4205_ses-m24_acq-3Taccel_T1w.nii.gz,/scratch/ishaan/adni_trillium/derivatives/bsc/099_S_4205_m24_2013-08-22,2013-12-20,2.2039698836413417,3.0
099_S_4463_m03_2012-04-13,099_S_4463,/project/rrg-mchakrav-ab/moncia/ADNI/bids_adni_go2/sub-099S4463/ses-m03/anat/sub-099S4463_ses-m03_acq-3Taccel_T1w.nii.gz,/scratch/ishaan/adni_trillium/derivatives/bsc/099_S_4463_m03_2012-04-13,2012-05-15,0.0,3.0
099_S_4463_m06_2012-07-13,099_S_4463,/project/rrg-mchakrav-ab/moncia/ADNI/bids_adni_go2/sub-099S4463/ses-m06/anat/sub-099S4463_ses-m06_acq-3Taccel_T1w.nii.gz,/scratch/ishaan/adni_trillium/derivatives/bsc/099_S_4463_m06_2012-07-13,2012-09-12,0.32854209445585214,3.0
099_S_4463_m12_2013-01-12,099_S_4463,/project/rrg-mchakrav-ab/moncia/ADNI/bids_adni_go2/sub-099S4463/ses-m12/anat/sub-099S4463_ses-m12_acq-3Taccel_T1w.nii.gz,/scratch/ishaan/adni_trillium/derivatives/bsc/099_S_4463_m12_2013-01-12,2013-02-18,0.7638603696098563,3.0
099_S_4463_m24_2014-01-12,099_S_4463,/project/rrg-mchakrav-ab/moncia/ADNI/bids_adni_go2/sub-099S4463/ses-m24/anat/sub-099S4463_ses-m24_acq-3Taccel_T1w.nii.gz,/scratch/ishaan/adni_trillium/derivatives/bsc/099_S_4463_m24_2014-01-12,2014-05-08,1.9794661190965093,3.0
099_S_4498_m03_2012-05-28,099_S_4498,/project/rrg-mchakrav-ab/moncia/ADNI/bids_adni_go2/sub-099S4498/ses-m03/anat/sub-099S4498_ses-m03_acq-3Taccel_T1w.nii.gz,/scratch/ishaan/adni_trillium/derivatives/bsc/099_S_4498_m03_2012-05-28,2012-06-13,0.0,3.0
099_S_4498_m06_2012-08-27,099_S_4498,/project/rrg-mchakrav-ab/moncia/ADNI/bids_adni_go2/sub-099S4498/ses-m06/anat/sub-099S4498_ses-m06_acq-3Taccel_T1w.nii.gz,/scratch/ishaan/adni_trillium/derivatives/bsc/099_S_4498_m06_2012-08-27,2012-10-16,0.34223134839151265,3.0
099_S_4498_m12_2013-02-26,099_S_4498,/project/rrg-mchakrav-ab/moncia/ADNI/bids_adni_go2/sub-099S4498/ses-m12/anat/sub-099S4498_ses-m12_acq-3Taccel_T1w.nii.gz,/scratch/ishaan/adni_trillium/derivatives/bsc/099_S_4498_m12_2013-02-26,2013-02-25,0.70362765229295,3.0
099_S_4498_m24_2014-02-26,099_S_4498,/project/rrg-mchakrav-ab/moncia/ADNI/bids_adni_go2/sub-099S4498/ses-m24/anat/sub-099S4498_ses-m24_acq-3Taccel_T1w.nii.gz,/scratch/ishaan/adni_trillium/derivatives/bsc/099_S_4498_m24_2014-02-26,2014-04-22,1.8562628336755647,3.0
099_S_4498_m48_2016-02-27,099_S_4498,/project/rrg-mchakrav-ab/moncia/ADNI/bids_adni_go2/sub-099S4498/ses-m48/anat/sub-099S4498_ses-m48_acq-3Taccel_T1w.nii.gz,/scratch/ishaan/adni_trillium/derivatives/bsc/099_S_4498_m48_2016-02-27,2016-04-21,3.8548939082819986,3.0
100_S_0296_sc_2006-04-28,100_S_0296,/project/rrg-mchakrav-ab/moncia/ADNI/bids_adni1/sub-100S0296/ses-sc/anat/sub-100S0296_ses-sc_acq-15T_T1w.nii.gz,/scratch/ishaan/adni_trillium/derivatives/bsc/100_S_0296_sc_2006-04-28,2006-04-28,0.0,
100_S_0296_m06_2006-10-27,100_S_0296,/project/rrg-mchakrav-ab/moncia/ADNI/bids_adni1/sub-100S0296/ses-m06/anat/sub-100S0296_ses-m06_acq-15T_T1w.nii.gz,/scratch/ishaan/adni_trillium/derivatives/bsc/100_S_0296_m06_2006-10-27,2006-10-27,0.49828884325804246,
100_S_0296_m12_2007-04-28,100_S_0296,/project/rrg-mchakrav-ab/moncia/ADNI/bids_adni1/sub-100S0296/ses-m12/anat/sub-100S0296_ses-m12_acq-15T_T1w.nii.gz,/scratch/ishaan/adni_trillium/derivatives/bsc/100_S_0296_m12_2007-04-28,2007-04-28,0.999315537303217,
100_S_0296_m24_2008-04-27,100_S_0296,/project/rrg-mchakrav-ab/moncia/ADNI/bids_adni1/sub-100S0296/ses-m24/anat/sub-100S0296_ses-m24_acq-15T_T1w.nii.gz,/scratch/ishaan/adni_trillium/derivatives/bsc/100_S_0296_m24_2008-04-27,2008-04-27,1.998631074606434,
100_S_0296_m36_2009-04-27,100_S_0296,/project/rrg-mchakrav-ab/moncia/ADNI/bids_adni1/sub-100S0296/ses-m36/anat/sub-100S0296_ses-m36_acq-15T_T1w.nii.gz,/scratch/ishaan/adni_trillium/derivatives/bsc/100_S_0296_m36_2009-04-27,2009-05-19,3.058179329226557,1.5
100_S_0296_m96_2014-04-28,100_S_0296,/project/rrg-mchakrav-ab/moncia/ADNI/bids_adni_go2/sub-100S0296/ses-m96/anat/sub-100S0296_ses-m96_acq-3Taccel_T1w.nii.gz,/scratch/ishaan/adni_trillium/derivatives/bsc/100_S_0296_m96_2014-04-28,2014-04-24,7.989048596851472,3.0
100_S_0296_m120_2016-04-27,100_S_0296,/project/rrg-mchakrav-ab/moncia/ADNI/bids_adni_go2/sub-100S0296/ses-m120/anat/sub-100S0296_ses-m120_acq-3Taccel_T1w.nii.gz,/scratch/ishaan/adni_trillium/derivatives/bsc/100_S_0296_m120_2016-04-27,2016-04-27,9.998631074606434,
100_S_4556_m03_2012-07-20,100_S_4556,/project/rrg-mchakrav-ab/moncia/ADNI/bids_adni_go2/sub-100S4556/ses-m03/anat/sub-100S4556_ses-m03_acq-3Taccel_T1w.nii.gz,/scratch/ishaan/adni_trillium/derivatives/bsc/100_S_4556_m03_2012-07-20,2012-07-16,0.0,3.0
100_S_4556_m06_2012-10-19,100_S_4556,/project/rrg-mchakrav-ab/moncia/ADNI/bids_adni_go2/sub-100S4556/ses-m06/anat/sub-100S4556_ses-m06_acq-3Taccel_T1w.nii.gz,/scratch/ishaan/adni_trillium/derivatives/bsc/100_S_4556_m06_2012-10-19,2012-11-26,0.36413415468856947,3.0
100_S_4556_m12_2013-04-20,100_S_4556,/project/rrg-mchakrav-ab/moncia/ADNI/bids_adni_go2/sub-100S4556/ses-m12/anat/sub-100S4556_ses-m12_acq-3Taccel_T1w.nii.gz,/scratch/ishaan/adni_trillium/derivatives/bsc/100_S_4556_m12_2013-04-20,2013-06-06,0.8898015058179329,3.0
100_S_4556_m24_2014-04-20,100_S_4556,/project/rrg-mchakrav-ab/moncia/ADNI/bids_adni_go2/sub-100S4556/ses-m24/anat/sub-100S4556_ses-m24_acq-3Taccel_T1w.nii.gz,/scratch/ishaan/adni_trillium/derivatives/bsc/100_S_4556_m24_2014-04-20,2014-05-06,1.8042436687200547,3.0
100_S_4556_m48_2016-04-20,100_S_4556,/project/rrg-mchakrav-ab/moncia/ADNI/bids_adni_go2/sub-100S4556/ses-m48/anat/sub-100S4556_ses-m48_acq-3Taccel_T1w.nii.gz,/scratch/ishaan/adni_trillium/derivatives/bsc/100_S_4556_m48_2016-04-20,2016-04-20,3.761806981519507,
100_S_4556_m66_2017-10-20,100_S_4556,/project/rrg-mchakrav-ab/moncia/ADNI/bids_adni3/sub-100S4556/ses-m66/anat/sub-100S4556_ses-m66_acq-3T_T1w.nii.gz,/scratch/ishaan/adni_trillium/derivatives/bsc/100_S_4556_m66_2017-10-20,2017-11-07,5.3114305270362765,3.0
100_S_4556_m90_2019-10-20,100_S_4556,/project/rrg-mchakrav-ab/moncia/ADNI/bids_adni3/sub-100S4556/ses-m90/anat/sub-100S4556_ses-m90_acq-3T_T1w.nii.gz,/scratch/ishaan/adni_trillium/derivatives/bsc/100_S_4556_m90_2019-10-20,2019-11-06,7.307323750855578,3.0
100_S_4556_m114_2021-10-20,100_S_4556,/project/rrg-mchakrav-ab/moncia/ADNI/bids_adni3/sub-100S4556/ses-m114/anat/sub-100S4556_ses-m114_acq-3T_T1w.nii.gz,/scratch/ishaan/adni_trillium/derivatives/bsc/100_S_4556_m114_2021-10-20,2021-11-18,9.34154688569473,3.0
109_S_0950_sc_2006-12-12,109_S_0950,/project/rrg-mchakrav-ab/moncia/ADNI/bids_adni1/sub-109S0950/ses-sc/anat/sub-109S0950_ses-sc_acq-15T_T1w.nii.gz,/scratch/ishaan/adni_trillium/derivatives/bsc/109_S_0950_sc_2006-12-12,2006-10-25,0.0,1.5
109_S_0950_m12_2007-12-12,109_S_0950,/project/rrg-mchakrav-ab/moncia/ADNI/bids_adni1/sub-109S0950/ses-m12/anat/sub-109S0950_ses-m12_acq-15T_T1w.nii.gz,/scratch/ishaan/adni_trillium/derivatives/bsc/109_S_0950_m12_2007-12-12,2007-12-17,1.1444216290212184,1.5
109_S_0950_m18_2008-06-11,109_S_0950,/project/rrg-mchakrav-ab/moncia/ADNI/bids_adni1/sub-109S0950/ses-m18/anat/sub-109S0950_ses-m18_acq-15T_T1w.nii.gz,/scratch/ishaan/adni_trillium/derivatives/bsc/109_S_0950_m18_2008-06-11,2008-07-15,1.7221081451060918,1.5
109_S_0950_m24_2008-12-11,109_S_0950,/project/rrg-mchakrav-ab/moncia/ADNI/bids_adni1/sub-109S0950/ses-m24/anat/sub-109S0950_ses-m24_acq-15T_T1w.nii.gz,/scratch/ishaan/adni_trillium/derivatives/bsc/109_S_0950_m24_2008-12-11,2008-12-03,2.108145106091718,1.5
109_S_1114_sc_2007-01-10,109_S_1114,/project/rrg-mchakrav-ab/moncia/ADNI/bids_adni1/sub-109S1114/ses-sc/anat/sub-109S1114_ses-sc_acq-15T_T1w.nii.gz,/scratch/ishaan/adni_trillium/derivatives/bsc/109_S_1114_sc_2007-01-10,2006-12-27,0.0,1.5
109_S_1114_m06_2007-07-11,109_S_1114,/project/rrg-mchakrav-ab/moncia/ADNI/bids_adni1/sub-109S1114/ses-m06/anat/sub-109S1114_ses-m06_acq-15T_T1w.nii.gz,/scratch/ishaan/adni_trillium/derivatives/bsc/109_S_1114_m06_2007-07-11,2007-07-23,0.5694729637234771,1.5
109_S_1114_m18_2008-07-10,109_S_1114,/project/rrg-mchakrav-ab/moncia/ADNI/bids_adni1/sub-109S1114/ses-m18/anat/sub-109S1114_ses-m18_acq-15T_T1w.nii.gz,/scratch/ishaan/adni_trillium/derivatives/bsc/109_S_1114_m18_2008-07-10,2008-07-15,1.5496235455167693,1.5
109_S_1114_m24_2009-01-09,109_S_1114,/project/rrg-mchakrav-ab/moncia/ADNI/bids_adni1/sub-109S1114/ses-m24/anat/sub-109S1114_ses-m24_acq-15T_T1w.nii.gz,/scratch/ishaan/adni_trillium/derivatives/bsc/109_S_1114_m24_2009-01-09,2009-01-15,2.0533880903490758,1.5
109_S_1183_sc_2007-01-23,109_S_1183,/project/rrg-mchakrav-ab/moncia/ADNI/bids_adni1/sub-109S1183/ses-sc/anat/sub-109S1183_ses-sc_acq-15T_T1w.nii.gz,/scratch/ishaan/adni_trillium/derivatives/bsc/109_S_1183_sc_2007-01-23,2007-01-03,0.0,1.5
109_S_1183_m06_2007-07-24,109_S_1183,/project/rrg-mchakrav-ab/moncia/ADNI/bids_adni1/sub-109S1183/ses-m06/anat/sub-109S1183_ses-m06_acq-15T_T1w.nii.gz,/scratch/ishaan/adni_trillium/derivatives/bsc/109_S_1183_m06_2007-07-24,2007-07-20,0.5420944558521561,1.5
109_S_1183_m12_2008-01-23,109_S_1183,/project/rrg-mchakrav-ab/moncia/ADNI/bids_adni1/sub-109S1183/ses-m12/anat/sub-109S1183_ses-m12_acq-15T_T1w.nii.gz,/scratch/ishaan/adni_trillium/derivatives/bsc/109_S_1183_m12_2008-01-23,2008-01-25,1.0595482546201231,1.5
109_S_1183_m18_2008-07-23,109_S_1183,/project/rrg-mchakrav-ab/moncia/ADNI/bids_adni1/sub-109S1183/ses-m18/anat/sub-109S1183_ses-m18_acq-15T_T1w.nii.gz,/scratch/ishaan/adni_trillium/derivatives/bsc/109_S_1183_m18_2008-07-23,2008-07-16,1.5331964407939767,1.5
109_S_1183_m24_2009-01-22,109_S_1183,/project/rrg-mchakrav-ab/moncia/ADNI/bids_adni1/sub-109S1183/ses-m24/anat/sub-109S1183_ses-m24_acq-15T_T1w.nii.gz,/scratch/ishaan/adni_trillium/derivatives/bsc/109_S_1183_m24_2009-01-22,2009-01-14,2.0314852840520192,1.5
109_S_2200_m03_2011-03-16,109_S_2200,/project/rrg-mchakrav-ab/moncia/ADNI/bids_adni_go2/sub-109S2200/ses-m03/anat/sub-109S2200_ses-m03_acq-3Taccel_T1w.nii.gz,/scratch/ishaan/adni_trillium/derivatives/bsc/109_S_2200_m03_2011-03-16,2011-02-22,0.0,3.0
109_S_2200_m12_2011-12-15,109_S_2200,/project/rrg-mchakrav-ab/moncia/ADNI/bids_adni_go2/sub-109S2200/ses-m12/anat/sub-109S2200_ses-m12_acq-3Taccel_T1w.nii.gz,/scratch/ishaan/adni_trillium/derivatives/bsc/109_S_2200_m12_2011-12-15,2012-01-05,0.8678986995208761,3.0
109_S_2200_m24_2012-12-14,109_S_2200,/project/rrg-mchakrav-ab/moncia/ADNI/bids_adni_go2/sub-109S2200/ses-m24/anat/sub-109S2200_ses-m24_acq-3Taccel_T1w.nii.gz,/scratch/ishaan/adni_trillium/derivatives/bsc/109_S_2200_m24_2012-12-14,2013-01-25,1.9247091033538672,3.0
109_S_2200_m36_2013-12-14,109_S_2200,/project/rrg-mchakrav-ab/moncia/ADNI/bids_adni_go2/sub-109S2200/ses-m36/anat/sub-109S2200_ses-m36_acq-3Taccel_T1w.nii.gz,/scratch/ishaan/adni_trillium/derivatives/bsc/109_S_2200_m36_2013-12-14,2014-01-31,2.940451745379877,3.0
109_S_2200_m48_2014-12-15,109_S_2200,/project/rrg-mchakrav-ab/moncia/ADNI/bids_adni_go2/sub-109S2200/ses-m48/anat/sub-109S2200_ses-m48_acq-3Taccel_T1w.nii.gz,/scratch/ishaan/adni_trillium/derivatives/bsc/109_S_2200_m48_2014-12-15,2014-12-09,3.7946611909650922,3.0
109_S_4380_m03_2012-02-27,109_S_4380,/project/rrg-mchakrav-ab/moncia/ADNI/bids_adni_go2/sub-109S4380/ses-m03/anat/sub-109S4380_ses-m03_acq-3Taccel_T1w.nii.gz,/scratch/ishaan/adni_trillium/derivatives/bsc/109_S_4380_m03_2012-02-27,2012-03-22,0.0,3.0
109_S_4380_m06_2012-05-28,109_S_4380,/project/rrg-mchakrav-ab/moncia/ADNI/bids_adni_go2/sub-109S4380/ses-m06/anat/sub-109S4380_ses-m06_acq-3Taccel_T1w.nii.gz,/scratch/ishaan/adni_trillium/derivatives/bsc/109_S_4380_m06_2012-05-28,2012-08-07,0.37782340862423,3.0
109_S_4380_m12_2012-11-27,109_S_4380,/project/rrg-mchakrav-ab/moncia/ADNI/bids_adni_go2/sub-109S4380/ses-m12/anat/sub-109S4380_ses-m12_acq-3Taccel_T1w.nii.gz,/scratch/ishaan/adni_trillium/derivatives/bsc/109_S_4380_m12_2012-11-27,2013-01-29,0.8569472963723477,3.0
109_S_4380_m24_2013-11-27,109_S_4380,/project/rrg-mchakrav-ab/moncia/ADNI/bids_adni_go2/sub-109S4380/ses-m24/anat/sub-109S4380_ses-m24_acq-3Taccel_T1w.nii.gz,/scratch/ishaan/adni_trillium/derivatives/bsc/109_S_4380_m24_2013-11-27,2014-04-09,2.0479123887748116,3.0
109_S_4380_m36_2014-11-27,109_S_4380,/project/rrg-mchakrav-ab/moncia/ADNI/bids_adni_go2/sub-109S4380/ses-m36/anat/sub-109S4380_ses-m36_acq-3Taccel_T1w.nii.gz,/scratch/ishaan/adni_trillium/derivatives/bsc/109_S_4380_m36_2014-11-27,2015-02-09,2.8856947296372346,3.0
109_S_4380_m48_2015-11-28,109_S_4380,/project/rrg-mchakrav-ab/moncia/ADNI/bids_adni_go2/sub-109S4380/ses-m48/anat/sub-109S4380_ses-m48_acq-3Taccel_T1w.nii.gz,/scratch/ishaan/adni_trillium/derivatives/bsc/109_S_4380_m48_2015-11-28,2016-02-10,3.887748117727584,3.0
109_S_4380_m72_2017-11-27,109_S_4380,/project/rrg-mchakrav-ab/moncia/ADNI/bids_adni3/sub-109S4380/ses-m72/anat/sub-109S4380_ses-m72_acq-3T_T1w.nii.gz,/scratch/ishaan/adni_trillium/derivatives/bsc/109_S_4380_m72_2017-11-27,2018-03-12,5.971252566735113,3.0
109_S_4380_m156_2024-11-27,109_S_4380,/project/rrg-mchakrav-ab/moncia/ADNI/bids_adni4_qc/sub-109S4380/ses-m156/anat/sub-109S4380_ses-m156_acq-3Taccel_T1w.nii.gz,/scratch/ishaan/adni_trillium/derivatives/bsc/109_S_4380_m156_2024-11-27,2024-11-27,12.684462696783026,
109_S_4455_m03_2012-04-12,109_S_4455,/project/rrg-mchakrav-ab/moncia/ADNI/bids_adni_go2/sub-109S4455/ses-m03/anat/sub-109S4455_ses-m03_acq-3Taccel_T1w.nii.gz,/scratch/ishaan/adni_trillium/derivatives/bsc/109_S_4455_m03_2012-04-12,2012-02-02,0.0,3.0
109_S_4455_m06_2012-07-12,109_S_4455,/project/rrg-mchakrav-ab/moncia/ADNI/bids_adni_go2/sub-109S4455/ses-m06/anat/sub-109S4455_ses-m06_acq-3Taccel_T1w.nii.gz,/scratch/ishaan/adni_trillium/derivatives/bsc/109_S_4455_m06_2012-07-12,2012-05-24,0.3066392881587953,3.0
109_S_4455_m12_2013-01-11,109_S_4455,/project/rrg-mchakrav-ab/moncia/ADNI/bids_adni_go2/sub-109S4455/ses-m12/anat/sub-109S4455_ses-m12_acq-3Taccel_T1w.nii.gz,/scratch/ishaan/adni_trillium/derivatives/bsc/109_S_4455_m12_2013-01-11,2013-03-27,1.1471594798083504,3.0
109_S_4455_m24_2014-01-11,109_S_4455,/project/rrg-mchakrav-ab/moncia/ADNI/bids_adni_go2/sub-109S4455/ses-m24/anat/sub-109S4455_ses-m24_acq-3Taccel_T1w.nii.gz,/scratch/ishaan/adni_trillium/derivatives/bsc/109_S_4455_m24_2014-01-11,2014-02-12,2.028747433264887,3.0
109_S_4455_m36_2015-01-11,109_S_4455,/project/rrg-mchakrav-ab/moncia/ADNI/bids_adni_go2/sub-109S4455/ses-m36/anat/sub-109S4455_ses-m36_acq-3Taccel_T1w.nii.gz,/scratch/ishaan/adni_trillium/derivatives/bsc/109_S_4455_m36_2015-01-11,2015-04-09,3.1813826146475015,3.0
114_S_0378_sc_2006-04-30,114_S_0378,/project/rrg-mchakrav-ab/moncia/ADNI/bids_adni1/sub-114S0378/ses-sc/anat/sub-114S0378_ses-sc_acq-15T_T1w.nii.gz,/scratch/ishaan/adni_trillium/derivatives/bsc/114_S_0378_sc_2006-04-30,2006-04-04,0.0,1.5
114_S_0378_m06_2006-10-29,114_S_0378,/project/rrg-mchakrav-ab/moncia/ADNI/bids_adni1/sub-114S0378/ses-m06/anat/sub-114S0378_ses-m06_acq-15T_T1w.nii.gz,/scratch/ishaan/adni_trillium/derivatives/bsc/114_S_0378_m06_2006-10-29,2006-10-26,0.5612594113620808,1.5
114_S_0378_m12_2007-04-30,114_S_0378,/project/rrg-mchakrav-ab/moncia/ADNI/bids_adni1/sub-114S0378/ses-m12/anat/sub-114S0378_ses-m12_acq-15T_T1w.nii.gz,/scratch/ishaan/adni_trillium/derivatives/bsc/114_S_0378_m12_2007-04-30,2007-05-11,1.1006160164271048,1.5
114_S_0378_m24_2008-04-29,114_S_0378,/project/rrg-mchakrav-ab/moncia/ADNI/bids_adni1/sub-114S0378/ses-m24/anat/sub-114S0378_ses-m24_acq-15T_T1w.nii.gz,/scratch/ishaan/adni_trillium/derivatives/bsc/114_S_0378_m24_2008-04-29,2008-06-18,2.206707734428474,1.5
114_S_0378_m36_2009-04-29,114_S_0378,/project/rrg-mchakrav-ab/moncia/ADNI/bids_adni1/sub-114S0378/ses-m36/anat/sub-114S0378_ses-m36_acq-15T_T1w.nii.gz,/scratch/ishaan/adni_trillium/derivatives/bsc/114_S_0378_m36_2009-04-29,2009-04-27,3.0636550308008212,1.5
114_S_0410_sc_2006-05-11,114_S_0410,/project/rrg-mchakrav-ab/moncia/ADNI/bids_adni1/sub-114S0410/ses-sc/anat/sub-114S0410_ses-sc_acq-15T_T1w.nii.gz,/scratch/ishaan/adni_trillium/derivatives/bsc/114_S_0410_sc_2006-05-11,2006-04-18,0.0,1.5
114_S_0410_m06_2006-11-09,114_S_0410,/project/rrg-mchakrav-ab/moncia/ADNI/bids_adni1/sub-114S0410/ses-m06/anat/sub-114S0410_ses-m06_acq-15T_T1w.nii.gz,/scratch/ishaan/adni_trillium/derivatives/bsc/114_S_0410_m06_2006-11-09,2006-11-29,0.6160164271047228,1.5
114_S_0410_m12_2007-05-11,114_S_0410,/project/rrg-mchakrav-ab/moncia/ADNI/bids_adni1/sub-114S0410/ses-m12/anat/sub-114S0410_ses-m12_acq-15T_T1w.nii.gz,/scratch/ishaan/adni_trillium/derivatives/bsc/114_S_0410_m12_2007-05-11,2007-04-23,1.0130047912388775,1.5
114_S_0410_m18_2007-11-09,114_S_0410,/project/rrg-mchakrav-ab/moncia/ADNI/bids_adni1/sub-114S0410/ses-m18/anat/sub-114S0410_ses-m18_acq-15T_T1w.nii.gz,/scratch/ishaan/adni_trillium/derivatives/bsc/114_S_0410_m18_2007-11-09,2007-11-01,1.538672142368241,1.5
114_S_1103_sc_2006-12-08,114_S_1103,/project/rrg-mchakrav-ab/moncia/ADNI/bids_adni1/sub-114S1103/ses-sc/anat/sub-114S1103_ses-sc_acq-15T_T1w.nii.gz,/scratch/ishaan/adni_trillium/derivatives/bsc/114_S_1103_sc_2006-12-08,2006-11-30,0.0,1.5
114_S_1103_m06_2007-06-08,114_S_1103,/project/rrg-mchakrav-ab/moncia/ADNI/bids_adni1/sub-114S1103/ses-m06/anat/sub-114S1103_ses-m06_acq-15T_T1w.nii.gz,/scratch/ishaan/adni_trillium/derivatives/bsc/114_S_1103_m06_2007-06-08,2007-07-03,0.5886379192334018,1.5
114_S_1103_m12_2007-12-08,114_S_1103,/project/rrg-mchakrav-ab/moncia/ADNI/bids_adni1/sub-114S1103/ses-m12/anat/sub-114S1103_ses-m12_acq-15T_T1w.nii.gz,/scratch/ishaan/adni_trillium/derivatives/bsc/114_S_1103_m12_2007-12-08,2008-01-15,1.1252566735112937,1.5
114_S_1103_m18_2008-06-07,114_S_1103,/project/rrg-mchakrav-ab/moncia/ADNI/bids_adni1/sub-114S1103/ses-m18/anat/sub-114S1103_ses-m18_acq-15T_T1w.nii.gz,/scratch/ishaan/adni_trillium/derivatives/bsc/114_S_1103_m18_2008-06-07,2008-07-16,1.626283367556468,1.5
114_S_1106_sc_2006-12-12,114_S_1106,/project/rrg-mchakrav-ab/moncia/ADNI/bids_adni1/sub-114S1106/ses-sc/anat/sub-114S1106_ses-sc_acq-15T_T1w.nii.gz,/scratch/ishaan/adni_trillium/derivatives/bsc/114_S_1106_sc_2006-12-12,2006-11-21,0.0,1.5
114_S_1106_m06_2007-06-12,114_S_1106,/project/rrg-mchakrav-ab/moncia/ADNI/bids_adni1/sub-114S1106/ses-m06/anat/sub-114S1106_ses-m06_acq-15T_T1w.nii.gz,/scratch/ishaan/adni_trillium/derivatives/bsc/114_S_1106_m06_2007-06-12,2007-06-07,0.5420944558521561,1.5
114_S_1106_m18_2008-06-11,114_S_1106,/project/rrg-mchakrav-ab/moncia/ADNI/bids_adni1/sub-114S1106/ses-m18/anat/sub-114S1106_ses-m18_acq-15T_T1w.nii.gz,/scratch/ishaan/adni_trillium/derivatives/bsc/114_S_1106_m18_2008-06-11,2008-06-23,1.5879534565366187,1.5
114_S_1106_m24_2008-12-11,114_S_1106,/project/rrg-mchakrav-ab/moncia/ADNI/bids_adni1/sub-114S1106/ses-m24/anat/sub-114S1106_ses-m24_acq-15T_T1w.nii.gz,/scratch/ishaan/adni_trillium/derivatives/bsc/114_S_1106_m24_2008-12-11,2008-12-01,2.028747433264887,1.5
114_S_1106_m36_2009-12-11,114_S_1106,/project/rrg-mchakrav-ab/moncia/ADNI/bids_adni1/sub-114S1106/ses-m36/anat/sub-114S1106_ses-m36_acq-15T_T1w.nii.gz,/scratch/ishaan/adni_trillium/derivatives/bsc/114_S_1106_m36_2009-12-11,2009-12-28,3.1019849418206706,1.5
114_S_1118_sc_2007-01-03,114_S_1118,/project/rrg-mchakrav-ab/moncia/ADNI/bids_adni1/sub-114S1118/ses-sc/anat/sub-114S1118_ses-sc_acq-15T_T1w.nii.gz,/scratch/ishaan/adni_trillium/derivatives/bsc/114_S_1118_sc_2007-01-03,2006-12-08,0.0,1.5
114_S_1118_m06_2007-07-04,114_S_1118,/project/rrg-mchakrav-ab/moncia/ADNI/bids_adni1/sub-114S1118/ses-m06/anat/sub-114S1118_ses-m06_acq-15T_T1w.nii.gz,/scratch/ishaan/adni_trillium/derivatives/bsc/114_S_1118_m06_2007-07-04,2007-07-11,0.5886379192334018,1.5
114_S_1118_m12_2008-01-03,114_S_1118,/project/rrg-mchakrav-ab/moncia/ADNI/bids_adni1/sub-114S1118/ses-m12/anat/sub-114S1118_ses-m12_acq-15T_T1w.nii.gz,/scratch/ishaan/adni_trillium/derivatives/bsc/114_S_1118_m12_2008-01-03,2008-01-15,1.103353867214237,1.5
114_S_1118_m18_2008-07-03,114_S_1118,/project/rrg-mchakrav-ab/moncia/ADNI/bids_adni1/sub-114S1118/ses-m18/anat/sub-114S1118_ses-m18_acq-15T_T1w.nii.gz,/scratch/ishaan/adni_trillium/derivatives/bsc/114_S_1118_m18_2008-07-03,2008-06-27,1.5523613963039014,1.5
114_S_1118_m24_2009-01-02,114_S_1118,/project/rrg-mchakrav-ab/moncia/ADNI/bids_adni1/sub-114S1118/ses-m24/anat/sub-114S1118_ses-m24_acq-15T_T1w.nii.gz,/scratch/ishaan/adni_trillium/derivatives/bsc/114_S_1118_m24_2009-01-02,2008-12-15,2.020533880903491,1.5
114_S_1118_m36_2010-01-02,114_S_1118,/project/rrg-mchakrav-ab/moncia/ADNI/bids_adni1/sub-114S1118/ses-m36/anat/sub-114S1118_ses-m36_acq-15T_T1w.nii.gz,/scratch/ishaan/adni_trillium/derivatives/bsc/114_S_1118_m36_2010-01-02,2010-01-06,3.080082135523614,1.5
114_S_2392_m03_2011-10-10,114_S_2392,/project/rrg-mchakrav-ab/moncia/ADNI/bids_adni_go2/sub-114S2392/ses-m03/anat/sub-114S2392_ses-m03_acq-3Taccel_T1w.nii.gz,/scratch/ishaan/adni_trillium/derivatives/bsc/114_S_2392_m03_2011-10-10,2011-11-18,0.0,3.0
114_S_2392_m06_2012-01-09,114_S_2392,/project/rrg-mchakrav-ab/moncia/ADNI/bids_adni_go2/sub-114S2392/ses-m06/anat/sub-114S2392_ses-m06_acq-3Taccel_T1w.nii.gz,/scratch/ishaan/adni_trillium/derivatives/bsc/114_S_2392_m06_2012-01-09,2012-02-06,0.2190280629705681,3.0
114_S_2392_m12_2012-07-10,114_S_2392,/project/rrg-mchakrav-ab/moncia/ADNI/bids_adni_go2/sub-114S2392/ses-m12/anat/sub-114S2392_ses-m12_acq-3Taccel_T1w.nii.gz,/scratch/ishaan/adni_trillium/derivatives/bsc/114_S_2392_m12_2012-07-10,2012-08-17,0.7474332648870636,3.0
114_S_2392_m24_2013-07-10,114_S_2392,/project/rrg-mchakrav-ab/moncia/ADNI/bids_adni_go2/sub-114S2392/ses-m24/anat/sub-114S2392_ses-m24_acq-3Taccel_T1w.nii.gz,/scratch/ishaan/adni_trillium/derivatives/bsc/114_S_2392_m24_2013-07-10,2013-08-08,1.7221081451060918,3.0
114_S_2392_m48_2015-07-11,114_S_2392,/project/rrg-mchakrav-ab/moncia/ADNI/bids_adni_go2/sub-114S2392/ses-m48/anat/sub-114S2392_ses-m48_acq-3Tunaccel_T1w.nii.gz,/scratch/ishaan/adni_trillium/derivatives/bsc/114_S_2392_m48_2015-07-11,2015-07-02,3.619438740588638,3.0
114_S_2392_m72_2017-07-10,114_S_2392,/project/rrg-mchakrav-ab/moncia/ADNI/bids_adni3/sub-114S2392/ses-m72/anat/sub-114S2392_ses-m72_acq-3T_T1w.nii.gz,/scratch/ishaan/adni_trillium/derivatives/bsc/114_S_2392_m72_2017-07-10,2017-08-25,5.768651608487337,3.0
114_S_2392_m84_2018-07-10,114_S_2392,/project/rrg-mchakrav-ab/moncia/ADNI/bids_adni3/sub-114S2392/ses-m84/anat/sub-114S2392_ses-m84_acq-3T_T1w.nii.gz,/scratch/ishaan/adni_trillium/derivatives/bsc/114_S_2392_m84_2018-07-10,2018-07-10,6.6420260095824775,
114_S_2392_m96_2019-07-11,114_S_2392,/project/rrg-mchakrav-ab/moncia/ADNI/bids_adni3/sub-114S2392/ses-m96/anat/sub-114S2392_ses-m96_acq-3T_T1w.nii.gz,/scratch/ishaan/adni_trillium/derivatives/bsc/114_S_2392_m96_2019-07-11,2019-12-09,8.057494866529774,3.0
114_S_2392_m108_2020-07-10,114_S_2392,/project/rrg-mchakrav-ab/moncia/ADNI/bids_adni3/sub-114S2392/ses-m108/anat/sub-114S2392_ses-m108_acq-3T_T1w.nii.gz,/scratch/ishaan/adni_trillium/derivatives/bsc/114_S_2392_m108_2020-07-10,2020-07-23,8.678986995208762,3.0
114_S_2392_m120_2021-07-10,114_S_2392,/project/rrg-mchakrav-ab/moncia/ADNI/bids_adni3/sub-114S2392/ses-m120/anat/sub-114S2392_ses-m120_acq-3T_T1w.nii.gz,/scratch/ishaan/adni_trillium/derivatives/bsc/114_S_2392_m120_2021-07-10,2021-07-16,9.659137577002053,3.0
114_S_2392_m132_2022-07-11,114_S_2392,/project/rrg-mchakrav-ab/moncia/ADNI/bids_adni3/sub-114S2392/ses-m132/anat/sub-114S2392_ses-m132_acq-3T_T1w.nii.gz,/scratch/ishaan/adni_trillium/derivatives/bsc/114_S_2392_m132_2022-07-11,2022-07-25,10.683093771389458,3.0
114_S_4404_m03_2012-03-02,114_S_4404,/project/rrg-mchakrav-ab/moncia/ADNI/bids_adni_go2/sub-114S4404/ses-m03/anat/sub-114S4404_ses-m03_acq-3Taccel_T1w.nii.gz,/scratch/ishaan/adni_trillium/derivatives/bsc/114_S_4404_m03_2012-03-02,2012-01-20,0.0,3.0
114_S_4404_m06_2012-06-01,114_S_4404,/project/rrg-mchakrav-ab/moncia/ADNI/bids_adni_go2/sub-114S4404/ses-m06/anat/sub-114S4404_ses-m06_acq-3Taccel_T1w.nii.gz,/scratch/ishaan/adni_trillium/derivatives/bsc/114_S_4404_m06_2012-06-01,2012-04-13,0.2299794661190965,3.0
114_S_4404_m12_2012-12-01,114_S_4404,/project/rrg-mchakrav-ab/moncia/ADNI/bids_adni_go2/sub-114S4404/ses-m12/anat/sub-114S4404_ses-m12_acq-3Taccel_T1w.nii.gz,/scratch/ishaan/adni_trillium/derivatives/bsc/114_S_4404_m12_2012-12-01,2013-01-21,1.0047912388774811,3.0
114_S_4404_m24_2013-12-01,114_S_4404,/project/rrg-mchakrav-ab/moncia/ADNI/bids_adni_go2/sub-114S4404/ses-m24/anat/sub-114S4404_ses-m24_acq-3Tunaccel_T1w.nii.gz,/scratch/ishaan/adni_trillium/derivatives/bsc/114_S_4404_m24_2013-12-01,2014-01-23,2.0095824777549622,3.0
114_S_4404_m48_2015-12-02,114_S_4404,/project/rrg-mchakrav-ab/moncia/ADNI/bids_adni_go2/sub-114S4404/ses-m48/anat/sub-114S4404_ses-m48_acq-3Tunaccel_T1w.nii.gz,/scratch/ishaan/adni_trillium/derivatives/bsc/114_S_4404_m48_2015-12-02,2016-01-05,3.9589322381930185,3.0
114_S_5047_m03_2013-02-28,114_S_5047,/project/rrg-mchakrav-ab/moncia/ADNI/bids_adni_go2/sub-114S5047/ses-m03/anat/sub-114S5047_ses-m03_acq-3Taccel_T1w.nii.gz,/scratch/ishaan/adni_trillium/derivatives/bsc/114_S_5047_m03_2013-02-28,2013-03-05,0.0,3.0
114_S_5047_m06_2013-05-30,114_S_5047,/project/rrg-mchakrav-ab/moncia/ADNI/bids_adni_go2/sub-114S5047/ses-m06/anat/sub-114S5047_ses-m06_acq-3Taccel_T1w.nii.gz,/scratch/ishaan/adni_trillium/derivatives/bsc/114_S_5047_m06_2013-05-30,2013-06-24,0.30390143737166325,3.0
114_S_5047_m12_2013-11-29,114_S_5047,/project/rrg-mchakrav-ab/moncia/ADNI/bids_adni_go2/sub-114S5047/ses-m12/anat/sub-114S5047_ses-m12_acq-3Taccel_T1w.nii.gz,/scratch/ishaan/adni_trillium/derivatives/bsc/114_S_5047_m12_2013-11-29,2014-01-03,0.8323066392881588,3.0
114_S_5047_m24_2014-11-29,114_S_5047,/project/rrg-mchakrav-ab/moncia/ADNI/bids_adni_go2/sub-114S5047/ses-m24/anat/sub-114S5047_ses-m24_acq-3Tunaccel_T1w.nii.gz,/scratch/ishaan/adni_trillium/derivatives/bsc/114_S_5047_m24_2014-11-29,2014-12-29,1.8179329226557153,3.0
114_S_5047_m36_2015-11-29,114_S_5047,/project/rrg-mchakrav-ab/moncia/ADNI/bids_adni_go2/sub-114S5047/ses-m36/anat/sub-114S5047_ses-m36_acq-3Tunaccel_T1w.nii.gz,/scratch/ishaan/adni_trillium/derivatives/bsc/114_S_5047_m36_2015-11-29,2015-12-16,2.7816563997262147,3.0
114_S_5047_m54_2017-05-30,114_S_5047,/project/rrg-mchakrav-ab/moncia/ADNI/bids_adni3/sub-114S5047/ses-m54/anat/sub-114S5047_ses-m54_acq-3T_T1w.nii.gz,/scratch/ishaan/adni_trillium/derivatives/bsc/114_S_5047_m54_2017-05-30,2017-05-30,4.2354551676933605,
116_S_0361_m06_2006-11-16,116_S_0361,/project/rrg-mchakrav-ab/moncia/ADNI/bids_adni1/sub-116S0361/ses-m06/anat/sub-116S0361_ses-m06_acq-15T_T1w.nii.gz,/scratch/ishaan/adni_trillium/derivatives/bsc/116_S_0361_m06_2006-11-16,2006-10-26,0.0,1.5
116_S_0361_m12_2007-05-18,116_S_0361,/project/rrg-mchakrav-ab/moncia/ADNI/bids_adni1/sub-116S0361/ses-m12/anat/sub-116S0361_ses-m12_acq-15T_T1w.nii.gz,/scratch/ishaan/adni_trillium/derivatives/bsc/116_S_0361_m12_2007-05-18,2007-05-10,0.5366187542778919,1.5
116_S_0361_m24_2008-05-17,116_S_0361,/project/rrg-mchakrav-ab/moncia/ADNI/bids_adni1/sub-116S0361/ses-m24/anat/sub-116S0361_ses-m24_acq-15T_T1w.nii.gz,/scratch/ishaan/adni_trillium/derivatives/bsc/116_S_0361_m24_2008-05-17,2008-04-24,1.4948665297741273,1.5
116_S_0361_m36_2009-05-17,116_S_0361,/project/rrg-mchakrav-ab/moncia/ADNI/bids_adni1/sub-116S0361/ses-m36/anat/sub-116S0361_ses-m36_acq-15T_T1w.nii.gz,/scratch/ishaan/adni_trillium/derivatives/bsc/116_S_0361_m36_2009-05-17,2009-04-29,2.507871321013005,1.5
116_S_0361_m48_2010-05-18,116_S_0361,/project/rrg-mchakrav-ab/moncia/ADNI/bids_adni1/sub-116S0361/ses-m48/anat/sub-116S0361_ses-m48_acq-15T_T1w.nii.gz,/scratch/ishaan/adni_trillium/derivatives/bsc/116_S_0361_m48_2010-05-18,2010-05-04,3.5208761122518824,1.5
116_S_0649_bl_2006-08-16,116_S_0649,/project/rrg-mchakrav-ab/moncia/ADNI/bids_adni1/sub-116S0649/ses-bl/anat/sub-116S0649_ses-bl_acq-3T_T1w.nii.gz,/scratch/ishaan/adni_trillium/derivatives/bsc/116_S_0649_bl_2006-08-16,2006-07-24,0.0,1.5
116_S_0649_sc_2006-08-16,116_S_0649,/project/rrg-mchakrav-ab/moncia/ADNI/bids_adni1/sub-116S0649/ses-sc/anat/sub-116S0649_ses-sc_acq-15T_T1w.nii.gz,/scratch/ishaan/adni_trillium/derivatives/bsc/116_S_0649_sc_2006-08-16,2006-09-08,0.12594113620807665,2.9
116_S_0649_m06_2007-02-14,116_S_0649,/project/rrg-mchakrav-ab/moncia/ADNI/bids_adni1/sub-116S0649/ses-m06/anat/sub-116S0649_ses-m06_acq-15T_T1w.nii.gz,/scratch/ishaan/adni_trillium/derivatives/bsc/116_S_0649_m06_2007-02-14,2007-02-21,0.5804243668720055,2.9
116_S_0649_m12_2007-08-16,116_S_0649,/project/rrg-mchakrav-ab/moncia/ADNI/bids_adni1/sub-116S0649/ses-m12/anat/sub-116S0649_ses-m12_acq-15T_T1w.nii.gz,/scratch/ishaan/adni_trillium/derivatives/bsc/116_S_0649_m12_2007-08-16,2007-08-08,1.0403832991101984,3.0
116_S_0649_m18_2008-02-14,116_S_0649,/project/rrg-mchakrav-ab/moncia/ADNI/bids_adni1/sub-116S0649/ses-m18/anat/sub-116S0649_ses-m18_acq-15T_T1w.nii.gz,/scratch/ishaan/adni_trillium/derivatives/bsc/116_S_0649_m18_2008-02-14,2008-02-07,1.541409993155373,3.0
116_S_4175_m03_2011-11-09,116_S_4175,/project/rrg-mchakrav-ab/moncia/ADNI/bids_adni_go2/sub-116S4175/ses-m03/anat/sub-116S4175_ses-m03_acq-3Taccel_T1w.nii.gz,/scratch/ishaan/adni_trillium/derivatives/bsc/116_S_4175_m03_2011-11-09,2011-11-14,0.0,3.0
116_S_4175_m06_2012-02-08,116_S_4175,/project/rrg-mchakrav-ab/moncia/ADNI/bids_adni_go2/sub-116S4175/ses-m06/anat/sub-116S4175_ses-m06_acq-3Taccel_T1w.nii.gz,/scratch/ishaan/adni_trillium/derivatives/bsc/116_S_4175_m06_2012-02-08,2012-02-29,0.2929500342231348,3.0
116_S_4175_m12_2012-08-09,116_S_4175,/project/rrg-mchakrav-ab/moncia/ADNI/bids_adni_go2/sub-116S4175/ses-m12/anat/sub-116S4175_ses-m12_acq-3Taccel_T1w.nii.gz,/scratch/ishaan/adni_trillium/derivatives/bsc/116_S_4175_m12_2012-08-09,2012-08-03,0.7200547570157426,3.0
116_S_4175_m24_2013-08-09,116_S_4175,/project/rrg-mchakrav-ab/moncia/ADNI/bids_adni_go2/sub-116S4175/ses-m24/anat/sub-116S4175_ses-m24_acq-3Taccel_T1w.nii.gz,/scratch/ishaan/adni_trillium/derivatives/bsc/116_S_4175_m24_2013-08-09,2013-12-05,2.0588637919233403,3.0
116_S_4175_m48_2015-08-10,116_S_4175,/project/rrg-mchakrav-ab/moncia/ADNI/bids_adni_go2/sub-116S4175/ses-m48/anat/sub-116S4175_ses-m48_acq-3Taccel_T1w.nii.gz,/scratch/ishaan/adni_trillium/derivatives/bsc/116_S_4175_m48_2015-08-10,2015-09-03,3.802874743326489,3.0
116_S_4199_m03_2011-11-21,116_S_4199,/project/rrg-mchakrav-ab/moncia/ADNI/bids_adni_go2/sub-116S4199/ses-m03/anat/sub-116S4199_ses-m03_acq-3Taccel_T1w.nii.gz,/scratch/ishaan/adni_trillium/derivatives/bsc/116_S_4199_m03_2011-11-21,2011-11-23,0.0,3.0
116_S_4199_m06_2012-02-20,116_S_4199,/project/rrg-mchakrav-ab/moncia/ADNI/bids_adni_go2/sub-116S4199/ses-m06/anat/sub-116S4199_ses-m06_acq-3Taccel_T1w.nii.gz,/scratch/ishaan/adni_trillium/derivatives/bsc/116_S_4199_m06_2012-02-20,2012-03-20,0.32306639288158795,3.0
116_S_4199_m12_2012-08-21,116_S_4199,/project/rrg-mchakrav-ab/moncia/ADNI/bids_adni_go2/sub-116S4199/ses-m12/anat/sub-116S4199_ses-m12_acq-3Taccel_T1w.nii.gz,/scratch/ishaan/adni_trillium/derivatives/bsc/116_S_4199_m12_2012-08-21,2012-09-07,0.7912388774811773,3.0
116_S_4199_m24_2013-08-21,116_S_4199,/project/rrg-mchakrav-ab/moncia/ADNI/bids_adni_go2/sub-116S4199/ses-m24/anat/sub-116S4199_ses-m24_acq-3Taccel_T1w.nii.gz,/scratch/ishaan/adni_trillium/derivatives/bsc/116_S_4199_m24_2013-08-21,2013-10-16,1.8973305954825461,3.0
116_S_4199_m48_2015-08-22,116_S_4199,/project/rrg-mchakrav-ab/moncia/ADNI/bids_adni_go2/sub-116S4199/ses-m48/anat/sub-116S4199_ses-m48_acq-3Taccel_T1w.nii.gz,/scratch/ishaan/adni_trillium/derivatives/bsc/116_S_4199_m48_2015-08-22,2015-10-22,3.912388774811773,3.0
116_S_4199_m78_2018-02-20,116_S_4199,/project/rrg-mchakrav-ab/moncia/ADNI/bids_adni3/sub-116S4199/ses-m78/anat/sub-116S4199_ses-m78_acq-3T_T1w.nii.gz,/scratch/ishaan/adni_trillium/derivatives/bsc/116_S_4199_m78_2018-02-20,2018-04-11,6.381930184804928,3.0
116_S_4199_m90_2019-02-20,116_S_4199,/project/rrg-mchakrav-ab/moncia/ADNI/bids_adni3/sub-116S4199/ses-m90/anat/sub-116S4199_ses-m90_acq-3T_T1w.nii.gz,/scratch/ishaan/adni_trillium/derivatives/bsc/116_S_4199_m90_2019-02-20,2019-02-20,7.24435318275154,3.0
116_S_4199_m102_2020-02-20,116_S_4199,/project/rrg-mchakrav-ab/moncia/ADNI/bids_adni3/sub-116S4199/ses-m102/anat/sub-116S4199_ses-m102_acq-3T_T1w.nii.gz,/scratch/ishaan/adni_trillium/derivatives/bsc/116_S_4199_m102_2020-02-20,2020-07-28,8.678986995208762,3.0
116_S_4635_m03_2012-06-25,116_S_4635,/project/rrg-mchakrav-ab/moncia/ADNI/bids_adni_go2/sub-116S4635/ses-m03/anat/sub-116S4635_ses-m03_acq-3Taccel_T1w.nii.gz,/scratch/ishaan/adni_trillium/derivatives/bsc/116_S_4635_m03_2012-06-25,2012-07-24,0.0,3.0
116_S_4635_m06_2012-09-24,116_S_4635,/project/rrg-mchakrav-ab/moncia/ADNI/bids_adni_go2/sub-116S4635/ses-m06/anat/sub-116S4635_ses-m06_acq-3Taccel_T1w.nii.gz,/scratch/ishaan/adni_trillium/derivatives/bsc/116_S_4635_m06_2012-09-24,2012-10-15,0.2272416153319644,3.0
116_S_4635_m12_2013-03-26,116_S_4635,/project/rrg-mchakrav-ab/moncia/ADNI/bids_adni_go2/sub-116S4635/ses-m12/anat/sub-116S4635_ses-m12_acq-3Taccel_T1w.nii.gz,/scratch/ishaan/adni_trillium/derivatives/bsc/116_S_4635_m12_2013-03-26,2013-04-25,0.7529089664613279,3.0
116_S_4635_m24_2014-03-26,116_S_4635,/project/rrg-mchakrav-ab/moncia/ADNI/bids_adni_go2/sub-116S4635/ses-m24/anat/sub-116S4635_ses-m24_acq-3Taccel_T1w.nii.gz,/scratch/ishaan/adni_trillium/derivatives/bsc/116_S_4635_m24_2014-03-26,2014-04-29,1.7631759069130732,3.0
116_S_4635_m48_2016-03-26,116_S_4635,/project/rrg-mchakrav-ab/moncia/ADNI/bids_adni_go2/sub-116S4635/ses-m48/anat/sub-116S4635_ses-m48_acq-3Taccel_T1w.nii.gz,/scratch/ishaan/adni_trillium/derivatives/bsc/116_S_4635_m48_2016-03-26,2016-05-10,3.7946611909650922,3.0
116_S_4898_m03_2012-11-02,116_S_4898,/project/rrg-mchakrav-ab/moncia/ADNI/bids_adni_go2/sub-116S4898/ses-m03/anat/sub-116S4898_ses-m03_acq-3Taccel_T1w.nii.gz,/scratch/ishaan/adni_trillium/derivatives/bsc/116_S_4898_m03_2012-11-02,2012-11-07,0.0,3.0
116_S_4898_m06_2013-02-01,116_S_4898,/project/rrg-mchakrav-ab/moncia/ADNI/bids_adni_go2/sub-116S4898/ses-m06/anat/sub-116S4898_ses-m06_acq-3Taccel_T1w.nii.gz,/scratch/ishaan/adni_trillium/derivatives/bsc/116_S_4898_m06_2013-02-01,2013-03-11,0.3394934976043806,3.0
116_S_4898_m12_2013-08-03,116_S_4898,/project/rrg-mchakrav-ab/moncia/ADNI/bids_adni_go2/sub-116S4898/ses-m12/anat/sub-116S4898_ses-m12_acq-3Taccel_T1w.nii.gz,/scratch/ishaan/adni_trillium/derivatives/bsc/116_S_4898_m12_2013-08-03,2013-09-05,0.8268309377138946,3.0
116_S_4898_m24_2014-08-03,116_S_4898,/project/rrg-mchakrav-ab/moncia/ADNI/bids_adni_go2/sub-116S4898/ses-m24/anat/sub-116S4898_ses-m24_acq-3Taccel_T1w.nii.gz,/scratch/ishaan/adni_trillium/derivatives/bsc/116_S_4898_m24_2014-08-03,2014-08-19,1.7796030116358659,3.0
116_S_6550_sc_2018-08-07,116_S_6550,/project/rrg-mchakrav-ab/moncia/ADNI/bids_adni3/sub-116S6550/ses-sc/anat/sub-116S6550_ses-sc_acq-3T_T1w.nii.gz,/scratch/ishaan/adni_trillium/derivatives/bsc/116_S_6550_sc_2018-08-07,2018-08-08,0.0,3.0
116_S_6550_m12_2019-08-07,116_S_6550,/project/rrg-mchakrav-ab/moncia/ADNI/bids_adni3/sub-116S6550/ses-m12/anat/sub-116S6550_ses-m12_acq-3T_T1w.nii.gz,/scratch/ishaan/adni_trillium/derivatives/bsc/116_S_6550_m12_2019-08-07,2019-08-21,1.0349075975359343,3.0
116_S_6550_m24_2020-08-06,116_S_6550,/project/rrg-mchakrav-ab/moncia/ADNI/bids_adni3/sub-116S6550/ses-m24/anat/sub-116S6550_ses-m24_acq-3T_T1w.nii.gz,/scratch/ishaan/adni_trillium/derivatives/bsc/116_S_6550_m24_2020-08-06,2020-08-26,2.0506502395619437,3.0
116_S_6550_m36_2021-08-06,116_S_6550,/project/rrg-mchakrav-ab/moncia/ADNI/bids_adni3/sub-116S6550/ses-m36/anat/sub-116S6550_ses-m36_acq-3T_T1w.nii.gz,/scratch/ishaan/adni_trillium/derivatives/bsc/116_S_6550_m36_2021-08-06,2021-08-25,3.047227926078029,3.0
123_S_2055_m03_2010-12-08,123_S_2055,/project/rrg-mchakrav-ab/moncia/ADNI/bids_adni_go2/sub-123S2055/ses-m03/anat/sub-123S2055_ses-m03_acq-3Taccel_T1w.nii.gz,/scratch/ishaan/adni_trillium/derivatives/bsc/123_S_2055_m03_2010-12-08,2010-11-19,0.0,3.0
123_S_2055_m06_2011-03-09,123_S_2055,/project/rrg-mchakrav-ab/moncia/ADNI/bids_adni_go2/sub-123S2055/ses-m06/anat/sub-123S2055_ses-m06_acq-3Taccel_T1w.nii.gz,/scratch/ishaan/adni_trillium/derivatives/bsc/123_S_2055_m06_2011-03-09,2011-03-07,0.29568788501026694,3.0
123_S_2055_m12_2011-09-08,123_S_2055,/project/rrg-mchakrav-ab/moncia/ADNI/bids_adni_go2/sub-123S2055/ses-m12/anat/sub-123S2055_ses-m12_acq-3Taccel_T1w.nii.gz,/scratch/ishaan/adni_trillium/derivatives/bsc/123_S_2055_m12_2011-09-08,2011-09-20,0.8350444900752909,3.0
123_S_2055_m24_2012-09-07,123_S_2055,/project/rrg-mchakrav-ab/moncia/ADNI/bids_adni_go2/sub-123S2055/ses-m24/anat/sub-123S2055_ses-m24_acq-3Taccel_T1w.nii.gz,/scratch/ishaan/adni_trillium/derivatives/bsc/123_S_2055_m24_2012-09-07,2012-09-24,1.8480492813141685,3.0
123_S_2055_m36_2013-09-07,123_S_2055,/project/rrg-mchakrav-ab/moncia/ADNI/bids_adni_go2/sub-123S2055/ses-m36/anat/sub-123S2055_ses-m36_acq-3Taccel_T1w.nii.gz,/scratch/ishaan/adni_trillium/derivatives/bsc/123_S_2055_m36_2013-09-07,2013-09-20,2.836413415468857,3.0
123_S_2055_m48_2014-09-08,123_S_2055,/project/rrg-mchakrav-ab/moncia/ADNI/bids_adni_go2/sub-123S2055/ses-m48/anat/sub-123S2055_ses-m48_acq-3Taccel_T1w.nii.gz,/scratch/ishaan/adni_trillium/derivatives/bsc/123_S_2055_m48_2014-09-08,2014-10-14,3.9014373716632442,3.0
123_S_2363_m03_2011-08-01,123_S_2363,/project/rrg-mchakrav-ab/moncia/ADNI/bids_adni_go2/sub-123S2363/ses-m03/anat/sub-123S2363_ses-m03_acq-3Taccel_T1w.nii.gz,/scratch/ishaan/adni_trillium/derivatives/bsc/123_S_2363_m03_2011-08-01,2011-08-02,0.0,3.0
123_S_2363_m06_2011-10-31,123_S_2363,/project/rrg-mchakrav-ab/moncia/ADNI/bids_adni_go2/sub-123S2363/ses-m06/anat/sub-123S2363_ses-m06_acq-3Taccel_T1w.nii.gz,/scratch/ishaan/adni_trillium/derivatives/bsc/123_S_2363_m06_2011-10-31,2011-11-15,0.2874743326488706,3.0
123_S_2363_m12_2012-05-01,123_S_2363,/project/rrg-mchakrav-ab/moncia/ADNI/bids_adni_go2/sub-123S2363/ses-m12/anat/sub-123S2363_ses-m12_acq-3Taccel_T1w.nii.gz,/scratch/ishaan/adni_trillium/derivatives/bsc/123_S_2363_m12_2012-05-01,2012-05-03,0.7529089664613279,3.0
123_S_2363_m24_2013-05-01,123_S_2363,/project/rrg-mchakrav-ab/moncia/ADNI/bids_adni_go2/sub-123S2363/ses-m24/anat/sub-123S2363_ses-m24_acq-3Taccel_T1w.nii.gz,/scratch/ishaan/adni_trillium/derivatives/bsc/123_S_2363_m24_2013-05-01,2013-05-07,1.7631759069130732,3.0
123_S_2363_m36_2014-05-01,123_S_2363,/project/rrg-mchakrav-ab/moncia/ADNI/bids_adni_go2/sub-123S2363/ses-m36/anat/sub-123S2363_ses-m36_acq-3Taccel_T1w.nii.gz,/scratch/ishaan/adni_trillium/derivatives/bsc/123_S_2363_m36_2014-05-01,2014-05-01,2.746064339493498,3.0
123_S_4127_m03_2011-10-20,123_S_4127,/project/rrg-mchakrav-ab/moncia/ADNI/bids_adni_go2/sub-123S4127/ses-m03/anat/sub-123S4127_ses-m03_acq-3Taccel_T1w.nii.gz,/scratch/ishaan/adni_trillium/derivatives/bsc/123_S_4127_m03_2011-10-20,2011-11-14,0.0,3.0
123_S_4127_m06_2012-01-19,123_S_4127,/project/rrg-mchakrav-ab/moncia/ADNI/bids_adni_go2/sub-123S4127/ses-m06/anat/sub-123S4127_ses-m06_acq-3Taccel_T1w.nii.gz,/scratch/ishaan/adni_trillium/derivatives/bsc/123_S_4127_m06_2012-01-19,2012-02-15,0.2546201232032854,3.0
123_S_4127_m12_2012-07-20,123_S_4127,/project/rrg-mchakrav-ab/moncia/ADNI/bids_adni_go2/sub-123S4127/ses-m12/anat/sub-123S4127_ses-m12_acq-3Taccel_T1w.nii.gz,/scratch/ishaan/adni_trillium/derivatives/bsc/123_S_4127_m12_2012-07-20,2012-08-03,0.7200547570157426,3.0
123_S_4127_m24_2013-07-20,123_S_4127,/project/rrg-mchakrav-ab/moncia/ADNI/bids_adni_go2/sub-123S4127/ses-m24/anat/sub-123S4127_ses-m24_acq-3Taccel_T1w.nii.gz,/scratch/ishaan/adni_trillium/derivatives/bsc/123_S_4127_m24_2013-07-20,2013-09-26,1.8672142368240932,3.0
123_S_4127_m48_2015-07-21,123_S_4127,/project/rrg-mchakrav-ab/moncia/ADNI/bids_adni_go2/sub-123S4127/ses-m48/anat/sub-123S4127_ses-m48_acq-3Taccel_T1w.nii.gz,/scratch/ishaan/adni_trillium/derivatives/bsc/123_S_4127_m48_2015-07-21,2015-01-22,3.189596167008898,3.0
123_S_4127_m84_2018-07-20,123_S_4127,/project/rrg-mchakrav-ab/moncia/ADNI/bids_adni3/sub-123S4127/ses-m84/anat/sub-123S4127_ses-m84_acq-3T_T1w.nii.gz,/scratch/ishaan/adni_trillium/derivatives/bsc/123_S_4127_m84_2018-07-20,2018-09-28,6.872005475701574,3.0
123_S_4127_m96_2019-07-21,123_S_4127,/project/rrg-mchakrav-ab/moncia/ADNI/bids_adni3/sub-123S4127/ses-m96/anat/sub-123S4127_ses-m96_acq-3T_T1w.nii.gz,/scratch/ishaan/adni_trillium/derivatives/bsc/123_S_4127_m96_2019-07-21,2019-10-18,7.926078028747433,3.0
123_S_4127_m108_2020-07-20,123_S_4127,/project/rrg-mchakrav-ab/moncia/ADNI/bids_adni3/sub-123S4127/ses-m108/anat/sub-123S4127_ses-m108_acq-3T_T1w.nii.gz,/scratch/ishaan/adni_trillium/derivatives/bsc/123_S_4127_m108_2020-07-20,2020-10-02,8.88432580424367,3.0
123_S_4127_m120_2021-07-20,123_S_4127,/project/rrg-mchakrav-ab/moncia/ADNI/bids_adni3/sub-123S4127/ses-m120/anat/sub-123S4127_ses-m120_acq-3T_T1w.nii.gz,/scratch/ishaan/adni_trillium/derivatives/bsc/123_S_4127_m120_2021-07-20,2021-10-10,9.905544147843942,3.0
123_S_4127_m144_2023-07-21,123_S_4127,/project/rrg-mchakrav-ab/moncia/ADNI/bids_adni3/sub-123S4127/ses-m144/anat/sub-123S4127_ses-m144_acq-3T_T1w.nii.gz,/scratch/ishaan/adni_trillium/derivatives/bsc/123_S_4127_m144_2023-07-21,2023-10-19,11.928815879534566,3.0
123_S_4127_m156_2024-07-20,123_S_4127,/project/rrg-mchakrav-ab/moncia/ADNI/bids_adni4_qc/sub-123S4127/ses-m156/anat/sub-123S4127_ses-m156_acq-3Tultrafast_T1w.nii.gz,/scratch/ishaan/adni_trillium/derivatives/bsc/123_S_4127_m156_2024-07-20,2024-08-23,12.774811772758385,3.0
123_S_4780_m03_2012-08-31,123_S_4780,/project/rrg-mchakrav-ab/moncia/ADNI/bids_adni_go2/sub-123S4780/ses-m03/anat/sub-123S4780_ses-m03_acq-3Taccel_T1w.nii.gz,/scratch/ishaan/adni_trillium/derivatives/bsc/123_S_4780_m03_2012-08-31,2012-09-04,0.0,3.0
123_S_4780_m06_2012-11-30,123_S_4780,/project/rrg-mchakrav-ab/moncia/ADNI/bids_adni_go2/sub-123S4780/ses-m06/anat/sub-123S4780_ses-m06_acq-3Taccel_T1w.nii.gz,/scratch/ishaan/adni_trillium/derivatives/bsc/123_S_4780_m06_2012-11-30,2012-12-20,0.2929500342231348,3.0
123_S_4780_m12_2013-06-01,123_S_4780,/project/rrg-mchakrav-ab/moncia/ADNI/bids_adni_go2/sub-123S4780/ses-m12/anat/sub-123S4780_ses-m12_acq-3Taccel_T1w.nii.gz,/scratch/ishaan/adni_trillium/derivatives/bsc/123_S_4780_m12_2013-06-01,2013-07-31,0.9034907597535934,3.0
123_S_4780_m24_2014-06-01,123_S_4780,/project/rrg-mchakrav-ab/moncia/ADNI/bids_adni_go2/sub-123S4780/ses-m24/anat/sub-123S4780_ses-m24_acq-3Taccel_T1w.nii.gz,/scratch/ishaan/adni_trillium/derivatives/bsc/123_S_4780_m24_2014-06-01,2014-07-24,1.8836413415468858,3.0
123_S_4806_m03_2012-09-11,123_S_4806,/project/rrg-mchakrav-ab/moncia/ADNI/bids_adni_go2/sub-123S4806/ses-m03/anat/sub-123S4806_ses-m03_acq-3Taccel_T1w.nii.gz,/scratch/ishaan/adni_trillium/derivatives/bsc/123_S_4806_m03_2012-09-11,2012-09-21,0.0,3.0
123_S_4806_m06_2012-12-11,123_S_4806,/project/rrg-mchakrav-ab/moncia/ADNI/bids_adni_go2/sub-123S4806/ses-m06/anat/sub-123S4806_ses-m06_acq-3Taccel_T1w.nii.gz,/scratch/ishaan/adni_trillium/derivatives/bsc/123_S_4806_m06_2012-12-11,2013-01-10,0.30390143737166325,3.0
123_S_4806_m12_2013-06-12,123_S_4806,/project/rrg-mchakrav-ab/moncia/ADNI/bids_adni_go2/sub-123S4806/ses-m12/anat/sub-123S4806_ses-m12_acq-3Taccel_T1w.nii.gz,/scratch/ishaan/adni_trillium/derivatives/bsc/123_S_4806_m12_2013-06-12,2013-06-12,0.7227926078028748,
123_S_4806_m24_2014-06-12,123_S_4806,/project/rrg-mchakrav-ab/moncia/ADNI/bids_adni_go2/sub-123S4806/ses-m24/anat/sub-123S4806_ses-m24_acq-3Taccel_T1w.nii.gz,/scratch/ishaan/adni_trillium/derivatives/bsc/123_S_4806_m24_2014-06-12,2014-08-28,1.9329226557152634,3.0
126_S_0709_sc_2006-08-10,126_S_0709,/project/rrg-mchakrav-ab/moncia/ADNI/bids_adni1/sub-126S0709/ses-sc/anat/sub-126S0709_ses-sc_acq-15T_T1w.nii.gz,/scratch/ishaan/adni_trillium/derivatives/bsc/126_S_0709_sc_2006-08-10,2006-07-26,0.0,1.5
126_S_0709_m06_2007-02-08,126_S_0709,/project/rrg-mchakrav-ab/moncia/ADNI/bids_adni1/sub-126S0709/ses-m06/anat/sub-126S0709_ses-m06_acq-15T_T1w.nii.gz,/scratch/ishaan/adni_trillium/derivatives/bsc/126_S_0709_m06_2007-02-08,2007-02-14,0.5557837097878165,1.5
126_S_0709_m12_2007-08-10,126_S_0709,/project/rrg-mchakrav-ab/moncia/ADNI/bids_adni1/sub-126S0709/ses-m12/anat/sub-126S0709_ses-m12_acq-15T_T1w.nii.gz,/scratch/ishaan/adni_trillium/derivatives/bsc/126_S_0709_m12_2007-08-10,2007-08-15,1.054072553045859,1.5
126_S_0709_m18_2008-02-08,126_S_0709,/project/rrg-mchakrav-ab/moncia/ADNI/bids_adni1/sub-126S0709/ses-m18/anat/sub-126S0709_ses-m18_acq-15T_T1w.nii.gz,/scratch/ishaan/adni_trillium/derivatives/bsc/126_S_0709_m18_2008-02-08,2008-01-29,1.51129363449692,1.5
126_S_0709_m36_2009-08-09,126_S_0709,/project/rrg-mchakrav-ab/moncia/ADNI/bids_adni1/sub-126S0709/ses-m36/anat/sub-126S0709_ses-m36_acq-15T_T1w.nii.gz,/scratch/ishaan/adni_trillium/derivatives/bsc/126_S_0709_m36_2009-08-09,2009-08-17,3.060917180013689,1.5
126_S_0865_sc_2006-11-21,126_S_0865,/project/rrg-mchakrav-ab/moncia/ADNI/bids_adni1/sub-126S0865/ses-sc/anat/sub-126S0865_ses-sc_acq-15T_T1w.nii.gz,/scratch/ishaan/adni_trillium/derivatives/bsc/126_S_0865_sc_2006-11-21,2006-11-06,0.0,1.5
126_S_0865_m06_2007-05-22,126_S_0865,/project/rrg-mchakrav-ab/moncia/ADNI/bids_adni1/sub-126S0865/ses-m06/anat/sub-126S0865_ses-m06_acq-15T_T1w.nii.gz,/scratch/ishaan/adni_trillium/derivatives/bsc/126_S_0865_m06_2007-05-22,2007-05-28,0.5557837097878165,1.5
126_S_0865_m18_2008-05-21,126_S_0865,/project/rrg-mchakrav-ab/moncia/ADNI/bids_adni1/sub-126S0865/ses-m18/anat/sub-126S0865_ses-m18_acq-15T_T1w.nii.gz,/scratch/ishaan/adni_trillium/derivatives/bsc/126_S_0865_m18_2008-05-21,2008-06-10,1.593429158110883,1.5
126_S_0865_m24_2008-11-20,126_S_0865,/project/rrg-mchakrav-ab/moncia/ADNI/bids_adni1/sub-126S0865/ses-m24/anat/sub-126S0865_ses-m24_acq-15T_T1w.nii.gz,/scratch/ishaan/adni_trillium/derivatives/bsc/126_S_0865_m24_2008-11-20,2008-11-18,2.0342231348391513,1.5
126_S_1187_sc_2007-02-08,126_S_1187,/project/rrg-mchakrav-ab/moncia/ADNI/bids_adni1/sub-126S1187/ses-sc/anat/sub-126S1187_ses-sc_acq-15T_T1w.nii.gz,/scratch/ishaan/adni_trillium/derivatives/bsc/126_S_1187_sc_2007-02-08,2007-01-17,0.0,1.5
126_S_1187_m06_2007-08-09,126_S_1187,/project/rrg-mchakrav-ab/moncia/ADNI/bids_adni1/sub-126S1187/ses-m06/anat/sub-126S1187_ses-m06_acq-15T_T1w.nii.gz,/scratch/ishaan/adni_trillium/derivatives/bsc/126_S_1187_m06_2007-08-09,2007-08-13,0.5694729637234771,1.5
126_S_1187_m18_2008-08-08,126_S_1187,/project/rrg-mchakrav-ab/moncia/ADNI/bids_adni1/sub-126S1187/ses-m18/anat/sub-126S1187_ses-m18_acq-15T_T1w.nii.gz,/scratch/ishaan/adni_trillium/derivatives/bsc/126_S_1187_m18_2008-08-08,2008-08-19,1.5879534565366187,1.5
126_S_1187_m24_2009-02-07,126_S_1187,/project/rrg-mchakrav-ab/moncia/ADNI/bids_adni1/sub-126S1187/ses-m24/anat/sub-126S1187_ses-m24_acq-15T_T1w.nii.gz,/scratch/ishaan/adni_trillium/derivatives/bsc/126_S_1187_m24_2009-02-07,2009-01-29,2.0342231348391513,1.5
126_S_1187_m60_2012-02-08,126_S_1187,/project/rrg-mchakrav-ab/moncia/ADNI/bids_adni_go2/sub-126S1187/ses-m60/anat/sub-126S1187_ses-m60_acq-15Tunaccel_T1w.nii.gz,/scratch/ishaan/adni_trillium/derivatives/bsc/126_S_1187_m60_2012-02-08,2012-02-07,5.0568104038329915,1.5
126_S_2360_m03_2011-08-24,126_S_2360,/project/rrg-mchakrav-ab/moncia/ADNI/bids_adni_go2/sub-126S2360/ses-m03/anat/sub-126S2360_ses-m03_acq-3Taccel_T1w.nii.gz,/scratch/ishaan/adni_trillium/derivatives/bsc/126_S_2360_m03_2011-08-24,2011-08-04,0.0,3.0
126_S_2360_m06_2011-11-23,126_S_2360,/project/rrg-mchakrav-ab/moncia/ADNI/bids_adni_go2/sub-126S2360/ses-m06/anat/sub-126S2360_ses-m06_acq-3Taccel_T1w.nii.gz,/scratch/ishaan/adni_trillium/derivatives/bsc/126_S_2360_m06_2011-11-23,2011-11-21,0.29842573579739906,3.0
126_S_2360_m12_2012-05-24,126_S_2360,/project/rrg-mchakrav-ab/moncia/ADNI/bids_adni_go2/sub-126S2360/ses-m12/anat/sub-126S2360_ses-m12_acq-3Taccel_T1w.nii.gz,/scratch/ishaan/adni_trillium/derivatives/bsc/126_S_2360_m12_2012-05-24,2012-05-22,0.7994524298425736,3.0
126_S_2360_m24_2013-05-24,126_S_2360,/project/rrg-mchakrav-ab/moncia/ADNI/bids_adni_go2/sub-126S2360/ses-m24/anat/sub-126S2360_ses-m24_acq-3Taccel_T1w.nii.gz,/scratch/ishaan/adni_trillium/derivatives/bsc/126_S_2360_m24_2013-05-24,2013-05-29,1.8179329226557153,3.0
126_S_2360_m48_2015-05-25,126_S_2360,/project/rrg-mchakrav-ab/moncia/ADNI/bids_adni_go2/sub-126S2360/ses-m48/anat/sub-126S2360_ses-m48_acq-3Taccel_T1w.nii.gz,/scratch/ishaan/adni_trillium/derivatives/bsc/126_S_2360_m48_2015-05-25,2015-05-20,3.79192334017796,3.0
126_S_2405_m03_2012-01-10,126_S_2405,/project/rrg-mchakrav-ab/moncia/ADNI/bids_adni_go2/sub-126S2405/ses-m03/anat/sub-126S2405_ses-m03_acq-3Taccel_T1w.nii.gz,/scratch/ishaan/adni_trillium/derivatives/bsc/126_S_2405_m03_2012-01-10,2012-01-04,0.0,3.0
126_S_2405_m06_2012-04-10,126_S_2405,/project/rrg-mchakrav-ab/moncia/ADNI/bids_adni_go2/sub-126S2405/ses-m06/anat/sub-126S2405_ses-m06_acq-3Taccel_T1w.nii.gz,/scratch/ishaan/adni_trillium/derivatives/bsc/126_S_2405_m06_2012-04-10,2012-04-25,0.3066392881587953,3.0
126_S_2405_m12_2012-10-10,126_S_2405,/project/rrg-mchakrav-ab/moncia/ADNI/bids_adni_go2/sub-126S2405/ses-m12/anat/sub-126S2405_ses-m12_acq-3Taccel_T1w.nii.gz,/scratch/ishaan/adni_trillium/derivatives/bsc/126_S_2405_m12_2012-10-10,2012-10-10,0.7665982203969883,3.0
126_S_2405_m24_2013-10-10,126_S_2405,/project/rrg-mchakrav-ab/moncia/ADNI/bids_adni_go2/sub-126S2405/ses-m24/anat/sub-126S2405_ses-m24_acq-3Taccel_T1w.nii.gz,/scratch/ishaan/adni_trillium/derivatives/bsc/126_S_2405_m24_2013-10-10,2013-10-15,1.7796030116358659,3.0
126_S_2405_m48_2015-10-11,126_S_2405,/project/rrg-mchakrav-ab/moncia/ADNI/bids_adni_go2/sub-126S2405/ses-m48/anat/sub-126S2405_ses-m48_acq-3Taccel_T1w.nii.gz,/scratch/ishaan/adni_trillium/derivatives/bsc/126_S_2405_m48_2015-10-11,2015-10-14,3.7754962354551678,3.0
126_S_2407_m03_2012-03-06,126_S_2407,/project/rrg-mchakrav-ab/moncia/ADNI/bids_adni_go2/sub-126S2407/ses-m03/anat/sub-126S2407_ses-m03_acq-3Taccel_T1w.nii.gz,/scratch/ishaan/adni_trillium/derivatives/bsc/126_S_2407_m03_2012-03-06,2012-02-17,0.0,3.0
126_S_2407_m06_2012-06-05,126_S_2407,/project/rrg-mchakrav-ab/moncia/ADNI/bids_adni_go2/sub-126S2407/ses-m06/anat/sub-126S2407_ses-m06_acq-3Taccel_T1w.nii.gz,/scratch/ishaan/adni_trillium/derivatives/bsc/126_S_2407_m06_2012-06-05,2012-05-28,0.27652292950034224,3.0
126_S_2407_m12_2012-12-05,126_S_2407,/project/rrg-mchakrav-ab/moncia/ADNI/bids_adni_go2/sub-126S2407/ses-m12/anat/sub-126S2407_ses-m12_acq-3Taccel_T1w.nii.gz,/scratch/ishaan/adni_trillium/derivatives/bsc/126_S_2407_m12_2012-12-05,2012-11-26,0.7748117727583846,3.0
126_S_2407_m24_2013-12-05,126_S_2407,/project/rrg-mchakrav-ab/moncia/ADNI/bids_adni_go2/sub-126S2407/ses-m24/anat/sub-126S2407_ses-m24_acq-3Taccel_T1w.nii.gz,/scratch/ishaan/adni_trillium/derivatives/bsc/126_S_2407_m24_2013-12-05,2013-11-26,1.7741273100616017,3.0
126_S_2407_m48_2015-12-06,126_S_2407,/project/rrg-mchakrav-ab/moncia/ADNI/bids_adni_go2/sub-126S2407/ses-m48/anat/sub-126S2407_ses-m48_acq-3Taccel_T1w.nii.gz,/scratch/ishaan/adni_trillium/derivatives/bsc/126_S_2407_m48_2015-12-06,2015-12-01,3.786447638603696,3.0
126_S_4514_m03_2012-04-30,126_S_4514,/project/rrg-mchakrav-ab/moncia/ADNI/bids_adni_go2/sub-126S4514/ses-m03/anat/sub-126S4514_ses-m03_acq-3Taccel_T1w.nii.gz,/scratch/ishaan/adni_trillium/derivatives/bsc/126_S_4514_m03_2012-04-30,2012-05-14,0.0,3.0
126_S_4514_m06_2012-07-30,126_S_4514,/project/rrg-mchakrav-ab/moncia/ADNI/bids_adni_go2/sub-126S4514/ses-m06/anat/sub-126S4514_ses-m06_acq-3Taccel_T1w.nii.gz,/scratch/ishaan/adni_trillium/derivatives/bsc/126_S_4514_m06_2012-07-30,2012-08-27,0.2874743326488706,3.0
126_S_4514_m12_2013-01-29,126_S_4514,/project/rrg-mchakrav-ab/moncia/ADNI/bids_adni_go2/sub-126S4514/ses-m12/anat/sub-126S4514_ses-m12_acq-3Taccel_T1w.nii.gz,/scratch/ishaan/adni_trillium/derivatives/bsc/126_S_4514_m12_2013-01-29,2013-02-21,0.7748117727583846,3.0
126_S_4514_m24_2014-01-29,126_S_4514,/project/rrg-mchakrav-ab/moncia/ADNI/bids_adni_go2/sub-126S4514/ses-m24/anat/sub-126S4514_ses-m24_acq-3Taccel_T1w.nii.gz,/scratch/ishaan/adni_trillium/derivatives/bsc/126_S_4514_m24_2014-01-29,2014-02-24,1.782340862422998,3.0
126_S_4514_m48_2016-01-30,126_S_4514,/project/rrg-mchakrav-ab/moncia/ADNI/bids_adni_go2/sub-126S4514/ses-m48/anat/sub-126S4514_ses-m48_acq-3Taccel_T1w.nii.gz,/scratch/ishaan/adni_trillium/derivatives/bsc/126_S_4514_m48_2016-01-30,2016-02-22,3.7754962354551678,3.0
126_S_4514_m78_2018-07-31,126_S_4514,/project/rrg-mchakrav-ab/moncia/ADNI/bids_adni3/sub-126S4514/ses-m78/anat/sub-126S4514_ses-m78_acq-3T_T1w.nii.gz,/scratch/ishaan/adni_trillium/derivatives/bsc/126_S_4514_m78_2018-07-31,2018-06-06,6.061601642710472,3.0
126_S_4514_m90_2019-07-31,126_S_4514,/project/rrg-mchakrav-ab/moncia/ADNI/bids_adni3/sub-126S4514/ses-m90/anat/sub-126S4514_ses-m90_acq-3T_T1w.nii.gz,/scratch/ishaan/adni_trillium/derivatives/bsc/126_S_4514_m90_2019-07-31,2019-05-28,7.036276522929501,3.0
126_S_4514_m114_2021-07-31,126_S_4514,/project/rrg-mchakrav-ab/moncia/ADNI/bids_adni3/sub-126S4514/ses-m114/anat/sub-126S4514_ses-m114_acq-3T_T1w.nii.gz,/scratch/ishaan/adni_trillium/derivatives/bsc/126_S_4514_m114_2021-07-31,2021-06-08,9.067761806981519,3.0
126_S_4514_m126_2022-07-31,126_S_4514,/project/rrg-mchakrav-ab/moncia/ADNI/bids_adni3/sub-126S4514/ses-m126/anat/sub-126S4514_ses-m126_acq-3T_T1w.nii.gz,/scratch/ishaan/adni_trillium/derivatives/bsc/126_S_4514_m126_2022-07-31,2022-06-14,10.08350444900753,3.0
126_S_4514_m138_2023-07-31,126_S_4514,/project/rrg-mchakrav-ab/moncia/ADNI/bids_adni3/sub-126S4514/ses-m138/anat/sub-126S4514_ses-m138_acq-3T_T1w.nii.gz,/scratch/ishaan/adni_trillium/derivatives/bsc/126_S_4514_m138_2023-07-31,2023-06-06,11.06091718001369,3.0
126_S_4891_m03_2012-10-25,126_S_4891,/project/rrg-mchakrav-ab/moncia/ADNI/bids_adni_go2/sub-126S4891/ses-m03/anat/sub-126S4891_ses-m03_acq-3Taccel_T1w.nii.gz,/scratch/ishaan/adni_trillium/derivatives/bsc/126_S_4891_m03_2012-10-25,2012-11-15,0.0,3.0
126_S_4891_m06_2013-01-24,126_S_4891,/project/rrg-mchakrav-ab/moncia/ADNI/bids_adni_go2/sub-126S4891/ses-m06/anat/sub-126S4891_ses-m06_acq-3Taccel_T1w.nii.gz,/scratch/ishaan/adni_trillium/derivatives/bsc/126_S_4891_m06_2013-01-24,2013-02-19,0.26283367556468173,3.0
126_S_4891_m12_2013-07-26,126_S_4891,/project/rrg-mchakrav-ab/moncia/ADNI/bids_adni_go2/sub-126S4891/ses-m12/anat/sub-126S4891_ses-m12_acq-3Taccel_T1w.nii.gz,/scratch/ishaan/adni_trillium/derivatives/bsc/126_S_4891_m12_2013-07-26,2013-08-27,0.7802874743326489,3.0
126_S_4891_m24_2014-07-26,126_S_4891,/project/rrg-mchakrav-ab/moncia/ADNI/bids_adni_go2/sub-126S4891/ses-m24/anat/sub-126S4891_ses-m24_acq-3Taccel_T1w.nii.gz,/scratch/ishaan/adni_trillium/derivatives/bsc/126_S_4891_m24_2014-07-26,2014-08-13,1.7412731006160165,3.0
126_S_4891_m48_2016-07-26,126_S_4891,/project/rrg-mchakrav-ab/moncia/ADNI/bids_adni_go2/sub-126S4891/ses-m48/anat/sub-126S4891_ses-m48_acq-3Taccel_T1w.nii.gz,/scratch/ishaan/adni_trillium/derivatives/bsc/126_S_4891_m48_2016-07-26,2016-08-08,3.728952772073922,3.0
126_S_4891_m72_2018-07-26,126_S_4891,/project/rrg-mchakrav-ab/moncia/ADNI/bids_adni3/sub-126S4891/ses-m72/anat/sub-126S4891_ses-m72_acq-3T_T1w.nii.gz,/scratch/ishaan/adni_trillium/derivatives/bsc/126_S_4891_m72_2018-07-26,2018-07-27,5.69472963723477,3.0
126_S_4896_m03_2012-10-29,126_S_4896,/project/rrg-mchakrav-ab/moncia/ADNI/bids_adni_go2/sub-126S4896/ses-m03/anat/sub-126S4896_ses-m03_acq-3Taccel_T1w.nii.gz,/scratch/ishaan/adni_trillium/derivatives/bsc/126_S_4896_m03_2012-10-29,2012-11-08,0.0,3.0
126_S_4896_m06_2013-01-28,126_S_4896,/project/rrg-mchakrav-ab/moncia/ADNI/bids_adni_go2/sub-126S4896/ses-m06/anat/sub-126S4896_ses-m06_acq-3Taccel_T1w.nii.gz,/scratch/ishaan/adni_trillium/derivatives/bsc/126_S_4896_m06_2013-01-28,2013-02-06,0.2464065708418891,3.0
126_S_4896_m12_2013-07-30,126_S_4896,/project/rrg-mchakrav-ab/moncia/ADNI/bids_adni_go2/sub-126S4896/ses-m12/anat/sub-126S4896_ses-m12_acq-3Taccel_T1w.nii.gz,/scratch/ishaan/adni_trillium/derivatives/bsc/126_S_4896_m12_2013-07-30,2013-08-15,0.7665982203969883,3.0
126_S_4896_m24_2014-07-30,126_S_4896,/project/rrg-mchakrav-ab/moncia/ADNI/bids_adni_go2/sub-126S4896/ses-m24/anat/sub-126S4896_ses-m24_acq-3Taccel_T1w.nii.gz,/scratch/ishaan/adni_trillium/derivatives/bsc/126_S_4896_m24_2014-07-30,2014-09-02,1.8151950718685832,3.0
126_S_4896_m48_2016-07-30,126_S_4896,/project/rrg-mchakrav-ab/moncia/ADNI/bids_adni_go2/sub-126S4896/ses-m48/anat/sub-126S4896_ses-m48_acq-3Taccel_T1w.nii.gz,/scratch/ishaan/adni_trillium/derivatives/bsc/126_S_4896_m48_2016-07-30,2016-08-30,3.808350444900753,3.0
126_S_4896_m72_2018-07-30,126_S_4896,/project/rrg-mchakrav-ab/moncia/ADNI/bids_adni3/sub-126S4896/ses-m72/anat/sub-126S4896_ses-m72_acq-3T_T1w.nii.gz,/scratch/ishaan/adni_trillium/derivatives/bsc/126_S_4896_m72_2018-07-30,2018-08-07,5.7440109514031485,3.0
126_S_4896_m84_2019-07-30,126_S_4896,/project/rrg-mchakrav-ab/moncia/ADNI/bids_adni3/sub-126S4896/ses-m84/anat/sub-126S4896_ses-m84_acq-3T_T1w.nii.gz,/scratch/ishaan/adni_trillium/derivatives/bsc/126_S_4896_m84_2019-07-30,2019-08-20,6.778918548939083,3.0
126_S_4896_m96_2020-07-30,126_S_4896,/project/rrg-mchakrav-ab/moncia/ADNI/bids_adni3/sub-126S4896/ses-m96/anat/sub-126S4896_ses-m96_acq-3T_T1w.nii.gz,/scratch/ishaan/adni_trillium/derivatives/bsc/126_S_4896_m96_2020-07-30,2020-08-18,7.775496235455168,3.0
127_S_0112_sc_2006-02-01,127_S_0112,/project/rrg-mchakrav-ab/moncia/ADNI/bids_adni1/sub-127S0112/ses-sc/anat/sub-127S0112_ses-sc_acq-15T_T1w.nii.gz,/scratch/ishaan/adni_trillium/derivatives/bsc/127_S_0112_sc_2006-02-01,2006-01-13,0.0,1.5
127_S_0112_m06_2006-08-02,127_S_0112,/project/rrg-mchakrav-ab/moncia/ADNI/bids_adni1/sub-127S0112/ses-m06/anat/sub-127S0112_ses-m06_acq-15T_T1w.nii.gz,/scratch/ishaan/adni_trillium/derivatives/bsc/127_S_0112_m06_2006-08-02,2006-07-27,0.5338809034907598,1.5
127_S_0112_m12_2007-02-01,127_S_0112,/project/rrg-mchakrav-ab/moncia/ADNI/bids_adni1/sub-127S0112/ses-m12/anat/sub-127S0112_ses-m12_acq-15T_T1w.nii.gz,/scratch/ishaan/adni_trillium/derivatives/bsc/127_S_0112_m12_2007-02-01,2007-02-05,1.0622861054072552,1.5
127_S_0112_m18_2007-08-02,127_S_0112,/project/rrg-mchakrav-ab/moncia/ADNI/bids_adni1/sub-127S0112/ses-m18/anat/sub-127S0112_ses-m18_acq-15T_T1w.nii.gz,/scratch/ishaan/adni_trillium/derivatives/bsc/127_S_0112_m18_2007-08-02,2007-07-30,1.541409993155373,1.5
127_S_0112_m36_2009-01-31,127_S_0112,/project/rrg-mchakrav-ab/moncia/ADNI/bids_adni1/sub-127S0112/ses-m36/anat/sub-127S0112_ses-m36_acq-15T_T1w.nii.gz,/scratch/ishaan/adni_trillium/derivatives/bsc/127_S_0112_m36_2009-01-31,2009-01-28,3.0417522245037647,1.5
127_S_0112_m48_2010-02-01,127_S_0112,/project/rrg-mchakrav-ab/moncia/ADNI/bids_adni1/sub-127S0112/ses-m48/anat/sub-127S0112_ses-m48_acq-15T_T1w.nii.gz,/scratch/ishaan/adni_trillium/derivatives/bsc/127_S_0112_m48_2010-02-01,2010-01-28,4.041067761806982,1.5
127_S_0925_sc_2006-11-28,127_S_0925,/project/rrg-mchakrav-ab/moncia/ADNI/bids_adni1/sub-127S0925/ses-sc/anat/sub-127S0925_ses-sc_acq-15T_T1w.nii.gz,/scratch/ishaan/adni_trillium/derivatives/bsc/127_S_0925_sc_2006-11-28,2006-10-30,0.0,1.5
127_S_0925_m06_2007-05-29,127_S_0925,/project/rrg-mchakrav-ab/moncia/ADNI/bids_adni1/sub-127S0925/ses-m06/anat/sub-127S0925_ses-m06_acq-15T_T1w.nii.gz,/scratch/ishaan/adni_trillium/derivatives/bsc/127_S_0925_m06_2007-05-29,2007-05-21,0.5557837097878165,1.5
127_S_0925_m12_2007-11-28,127_S_0925,/project/rrg-mchakrav-ab/moncia/ADNI/bids_adni1/sub-127S0925/ses-m12/anat/sub-127S0925_ses-m12_acq-15T_T1w.nii.gz,/scratch/ishaan/adni_trillium/derivatives/bsc/127_S_0925_m12_2007-11-28,2007-11-26,1.0732375085557837,1.5
127_S_0925_m18_2008-05-28,127_S_0925,/project/rrg-mchakrav-ab/moncia/ADNI/bids_adni1/sub-127S0925/ses-m18/anat/sub-127S0925_ses-m18_acq-15T_T1w.nii.gz,/scratch/ishaan/adni_trillium/derivatives/bsc/127_S_0925_m18_2008-05-28,2008-06-06,1.6016427104722792,1.5
127_S_0925_m24_2008-11-27,127_S_0925,/project/rrg-mchakrav-ab/moncia/ADNI/bids_adni1/sub-127S0925/ses-m24/anat/sub-127S0925_ses-m24_acq-15T_T1w.nii.gz,/scratch/ishaan/adni_trillium/derivatives/bsc/127_S_0925_m24_2008-11-27,2008-11-21,2.0616016427104724,1.5
127_S_0925_m36_2009-11-27,127_S_0925,/project/rrg-mchakrav-ab/moncia/ADNI/bids_adni1/sub-127S0925/ses-m36/anat/sub-127S0925_ses-m36_acq-15T_T1w.nii.gz,/scratch/ishaan/adni_trillium/derivatives/bsc/127_S_0925_m36_2009-11-27,2009-11-04,3.0143737166324436,1.5
127_S_1032_sc_2006-12-19,127_S_1032,/project/rrg-mchakrav-ab/moncia/ADNI/bids_adni1/sub-127S1032/ses-sc/anat/sub-127S1032_ses-sc_acq-15T_T1w.nii.gz,/scratch/ishaan/adni_trillium/derivatives/bsc/127_S_1032_sc_2006-12-19,2006-11-08,0.0,1.5
127_S_1032_m18_2008-06-18,127_S_1032,/project/rrg-mchakrav-ab/moncia/ADNI/bids_adni1/sub-127S1032/ses-m18/anat/sub-127S1032_ses-m18_acq-15T_T1w.nii.gz,/scratch/ishaan/adni_trillium/derivatives/bsc/127_S_1032_m18_2008-06-18,2008-06-10,1.5879534565366187,1.5
127_S_1032_m24_2008-12-18,127_S_1032,/project/rrg-mchakrav-ab/moncia/ADNI/bids_adni1/sub-127S1032/ses-m24/anat/sub-127S1032_ses-m24_acq-15T_T1w.nii.gz,/scratch/ishaan/adni_trillium/derivatives/bsc/127_S_1032_m24_2008-12-18,2008-12-23,2.1245722108145104,1.5
127_S_1032_m36_2009-12-18,127_S_1032,/project/rrg-mchakrav-ab/moncia/ADNI/bids_adni1/sub-127S1032/ses-m36/anat/sub-127S1032_ses-m36_acq-15T_T1w.nii.gz,/scratch/ishaan/adni_trillium/derivatives/bsc/127_S_1032_m36_2009-12-18,2009-12-14,3.0992470910335386,1.5
127_S_1140_sc_2007-01-16,127_S_1140,/project/rrg-mchakrav-ab/moncia/ADNI/bids_adni1/sub-127S1140/ses-sc/anat/sub-127S1140_ses-sc_acq-15T_T1w.nii.gz,/scratch/ishaan/adni_trillium/derivatives/bsc/127_S_1140_sc_2007-01-16,2006-12-14,0.0,1.5
127_S_1140_m06_2007-07-17,127_S_1140,/project/rrg-mchakrav-ab/moncia/ADNI/bids_adni1/sub-127S1140/ses-m06/anat/sub-127S1140_ses-m06_acq-15T_T1w.nii.gz,/scratch/ishaan/adni_trillium/derivatives/bsc/127_S_1140_m06_2007-07-17,2007-07-05,0.5557837097878165,1.5
127_S_1140_m18_2008-07-16,127_S_1140,/project/rrg-mchakrav-ab/moncia/ADNI/bids_adni1/sub-127S1140/ses-m18/anat/sub-127S1140_ses-m18_acq-15T_T1w.nii.gz,/scratch/ishaan/adni_trillium/derivatives/bsc/127_S_1140_m18_2008-07-16,2008-07-08,1.566050650239562,1.5
127_S_1140_m24_2009-01-15,127_S_1140,/project/rrg-mchakrav-ab/moncia/ADNI/bids_adni1/sub-127S1140/ses-m24/anat/sub-127S1140_ses-m24_acq-15T_T1w.nii.gz,/scratch/ishaan/adni_trillium/derivatives/bsc/127_S_1140_m24_2009-01-15,2009-01-15,2.088980150581793,1.5
127_S_1140_m36_2010-01-15,127_S_1140,/project/rrg-mchakrav-ab/moncia/ADNI/bids_adni1/sub-127S1140/ses-m36/anat/sub-127S1140_ses-m36_acq-15T_T1w.nii.gz,/scratch/ishaan/adni_trillium/derivatives/bsc/127_S_1140_m36_2010-01-15,2010-01-12,3.080082135523614,1.5
127_S_1419_sc_2007-08-28,127_S_1419,/project/rrg-mchakrav-ab/moncia/ADNI/bids_adni1/sub-127S1419/ses-sc/anat/sub-127S1419_ses-sc_acq-15T_T1w.nii.gz,/scratch/ishaan/adni_trillium/derivatives/bsc/127_S_1419_sc_2007-08-28,2007-07-23,0.0,1.5
127_S_1419_m12_2008-08-27,127_S_1419,/project/rrg-mchakrav-ab/moncia/ADNI/bids_adni1/sub-127S1419/ses-m12/anat/sub-127S1419_ses-m12_acq-15T_T1w.nii.gz,/scratch/ishaan/adni_trillium/derivatives/bsc/127_S_1419_m12_2008-08-27,2008-08-22,1.0841889117043122,1.5
127_S_1419_m18_2009-02-25,127_S_1419,/project/rrg-mchakrav-ab/moncia/ADNI/bids_adni1/sub-127S1419/ses-m18/anat/sub-127S1419_ses-m18_acq-15T_T1w.nii.gz,/scratch/ishaan/adni_trillium/derivatives/bsc/127_S_1419_m18_2009-02-25,2009-03-03,1.6125941136208077,1.5
127_S_1419_m24_2009-08-27,127_S_1419,/project/rrg-mchakrav-ab/moncia/ADNI/bids_adni1/sub-127S1419/ses-m24/anat/sub-127S1419_ses-m24_acq-15T_T1w.nii.gz,/scratch/ishaan/adni_trillium/derivatives/bsc/127_S_1419_m24_2009-08-27,2009-08-19,2.0752908966461328,1.5
127_S_1419_m36_2010-08-27,127_S_1419,/project/rrg-mchakrav-ab/moncia/ADNI/bids_adni1/sub-127S1419/ses-m36/anat/sub-127S1419_ses-m36_acq-15T_T1w.nii.gz,/scratch/ishaan/adni_trillium/derivatives/bsc/127_S_1419_m36_2010-08-27,2010-08-17,3.0691307323750854,1.5
127_S_2213_m03_2011-03-21,127_S_2213,/project/rrg-mchakrav-ab/moncia/ADNI/bids_adni_go2/sub-127S2213/ses-m03/anat/sub-127S2213_ses-m03_acq-3Taccel_T1w.nii.gz,/scratch/ishaan/adni_trillium/derivatives/bsc/127_S_2213_m03_2011-03-21,2011-03-07,0.0,3.0
127_S_2213_m06_2011-06-20,127_S_2213,/project/rrg-mchakrav-ab/moncia/ADNI/bids_adni_go2/sub-127S2213/ses-m06/anat/sub-127S2213_ses-m06_acq-3Tunaccel_T1w.nii.gz,/scratch/ishaan/adni_trillium/derivatives/bsc/127_S_2213_m06_2011-06-20,2011-06-13,0.2683093771389459,3.0
127_S_2213_m12_2011-12-20,127_S_2213,/project/rrg-mchakrav-ab/moncia/ADNI/bids_adni_go2/sub-127S2213/ses-m12/anat/sub-127S2213_ses-m12_acq-3Taccel_T1w.nii.gz,/scratch/ishaan/adni_trillium/derivatives/bsc/127_S_2213_m12_2011-12-20,2011-12-01,0.7364818617385352,3.0
127_S_2213_m24_2012-12-19,127_S_2213,/project/rrg-mchakrav-ab/moncia/ADNI/bids_adni_go2/sub-127S2213/ses-m24/anat/sub-127S2213_ses-m24_acq-3Taccel_T1w.nii.gz,/scratch/ishaan/adni_trillium/derivatives/bsc/127_S_2213_m24_2012-12-19,2012-12-10,1.7631759069130732,3.0
127_S_2213_m36_2013-12-19,127_S_2213,/project/rrg-mchakrav-ab/moncia/ADNI/bids_adni_go2/sub-127S2213/ses-m36/anat/sub-127S2213_ses-m36_acq-3Taccel_T1w.nii.gz,/scratch/ishaan/adni_trillium/derivatives/bsc/127_S_2213_m36_2013-12-19,2013-12-17,2.7816563997262147,3.0
127_S_2213_m48_2014-12-20,127_S_2213,/project/rrg-mchakrav-ab/moncia/ADNI/bids_adni_go2/sub-127S2213/ses-m48/anat/sub-127S2213_ses-m48_acq-3Taccel_T1w.nii.gz,/scratch/ishaan/adni_trillium/derivatives/bsc/127_S_2213_m48_2014-12-20,2014-12-12,3.7672826830937716,3.0
127_S_2234_m03_2011-03-21,127_S_2234,/project/rrg-mchakrav-ab/moncia/ADNI/bids_adni_go2/sub-127S2234/ses-m03/anat/sub-127S2234_ses-m03_acq-3Taccel_T1w.nii.gz,/scratch/ishaan/adni_trillium/derivatives/bsc/127_S_2234_m03_2011-03-21,2011-03-11,0.0,3.0
127_S_2234_m06_2011-06-20,127_S_2234,/project/rrg-mchakrav-ab/moncia/ADNI/bids_adni_go2/sub-127S2234/ses-m06/anat/sub-127S2234_ses-m06_acq-3Taccel_T1w.nii.gz,/scratch/ishaan/adni_trillium/derivatives/bsc/127_S_2234_m06_2011-06-20,2011-06-20,0.27652292950034224,3.0
127_S_2234_m12_2011-12-20,127_S_2234,/project/rrg-mchakrav-ab/moncia/ADNI/bids_adni_go2/sub-127S2234/ses-m12/anat/sub-127S2234_ses-m12_acq-3Taccel_T1w.nii.gz,/scratch/ishaan/adni_trillium/derivatives/bsc/127_S_2234_m12_2011-12-20,2011-12-19,0.7748117727583846,3.0
127_S_2234_m24_2012-12-19,127_S_2234,/project/rrg-mchakrav-ab/moncia/ADNI/bids_adni_go2/sub-127S2234/ses-m24/anat/sub-127S2234_ses-m24_acq-3Taccel_T1w.nii.gz,/scratch/ishaan/adni_trillium/derivatives/bsc/127_S_2234_m24_2012-12-19,2013-01-25,1.8781656399726214,3.0
127_S_2234_m36_2013-12-19,127_S_2234,/project/rrg-mchakrav-ab/moncia/ADNI/bids_adni_go2/sub-127S2234/ses-m36/anat/sub-127S2234_ses-m36_acq-3Taccel_T1w.nii.gz,/scratch/ishaan/adni_trillium/derivatives/bsc/127_S_2234_m36_2013-12-19,2013-12-18,2.7734428473648185,3.0
127_S_2234_m48_2014-12-20,127_S_2234,/project/rrg-mchakrav-ab/moncia/ADNI/bids_adni_go2/sub-127S2234/ses-m48/anat/sub-127S2234_ses-m48_acq-3Taccel_T1w.nii.gz,/scratch/ishaan/adni_trillium/derivatives/bsc/127_S_2234_m48_2014-12-20,2014-12-09,3.7481177275838466,3.0
127_S_2234_m60_2015-12-20,127_S_2234,/project/rrg-mchakrav-ab/moncia/ADNI/bids_adni_go2/sub-127S2234/ses-m60/anat/sub-127S2234_ses-m60_acq-3Taccel_T1w.nii.gz,/scratch/ishaan/adni_trillium/derivatives/bsc/127_S_2234_m60_2015-12-20,2016-02-25,4.960985626283367,3.0
127_S_2234_m72_2016-12-19,127_S_2234,/project/rrg-mchakrav-ab/moncia/ADNI/bids_adni_go2/sub-127S2234/ses-m72/anat/sub-127S2234_ses-m72_acq-3Taccel_T1w.nii.gz,/scratch/ishaan/adni_trillium/derivatives/bsc/127_S_2234_m72_2016-12-19,2016-12-15,5.765913757700205,3.0
127_S_2234_m84_2017-12-19,127_S_2234,/project/rrg-mchakrav-ab/moncia/ADNI/bids_adni3/sub-127S2234/ses-m84/anat/sub-127S2234_ses-m84_acq-3T_T1w.nii.gz,/scratch/ishaan/adni_trillium/derivatives/bsc/127_S_2234_m84_2017-12-19,2018-01-17,6.855578370978781,3.0
127_S_2234_m96_2018-12-20,127_S_2234,/project/rrg-mchakrav-ab/moncia/ADNI/bids_adni3/sub-127S2234/ses-m96/anat/sub-127S2234_ses-m96_acq-3T_T1w.nii.gz,/scratch/ishaan/adni_trillium/derivatives/bsc/127_S_2234_m96_2018-12-20,2019-01-15,7.8494182067077345,3.0
127_S_2234_m108_2019-12-20,127_S_2234,/project/rrg-mchakrav-ab/moncia/ADNI/bids_adni3/sub-127S2234/ses-m108/anat/sub-127S2234_ses-m108_acq-3T_T1w.nii.gz,/scratch/ishaan/adni_trillium/derivatives/bsc/127_S_2234_m108_2019-12-20,2020-01-15,8.848733744010952,3.0
127_S_2234_m132_2021-12-20,127_S_2234,/project/rrg-mchakrav-ab/moncia/ADNI/bids_adni3/sub-127S2234/ses-m132/anat/sub-127S2234_ses-m132_acq-3T_T1w.nii.gz,/scratch/ishaan/adni_trillium/derivatives/bsc/127_S_2234_m132_2021-12-20,2022-02-17,10.940451745379876,3.0
127_S_2234_m168_2024-12-19,127_S_2234,/project/rrg-mchakrav-ab/moncia/ADNI/bids_adni4_qc/sub-127S2234/ses-m168/anat/sub-127S2234_ses-m168_acq-3Tultrafast_T1w.nii.gz,/scratch/ishaan/adni_trillium/derivatives/bsc/127_S_2234_m168_2024-12-19,2025-03-10,13.998631074606434,3.0
127_S_4197_m03_2011-11-16,127_S_4197,/project/rrg-mchakrav-ab/moncia/ADNI/bids_adni_go2/sub-127S4197/ses-m03/anat/sub-127S4197_ses-m03_acq-3Taccel_T1w.nii.gz,/scratch/ishaan/adni_trillium/derivatives/bsc/127_S_4197_m03_2011-11-16,2011-12-05,0.0,3.0
127_S_4197_m06_2012-02-15,127_S_4197,/project/rrg-mchakrav-ab/moncia/ADNI/bids_adni_go2/sub-127S4197/ses-m06/anat/sub-127S4197_ses-m06_acq-3Taccel_T1w.nii.gz,/scratch/ishaan/adni_trillium/derivatives/bsc/127_S_4197_m06_2012-02-15,2012-02-15,0.1971252566735113,3.0
127_S_4197_m12_2012-08-16,127_S_4197,/project/rrg-mchakrav-ab/moncia/ADNI/bids_adni_go2/sub-127S4197/ses-m12/anat/sub-127S4197_ses-m12_acq-3Taccel_T1w.nii.gz,/scratch/ishaan/adni_trillium/derivatives/bsc/127_S_4197_m12_2012-08-16,2012-08-14,0.6926762491444216,3.0
127_S_4197_m24_2013-08-16,127_S_4197,/project/rrg-mchakrav-ab/moncia/ADNI/bids_adni_go2/sub-127S4197/ses-m24/anat/sub-127S4197_ses-m24_acq-3Taccel_T1w.nii.gz,/scratch/ishaan/adni_trillium/derivatives/bsc/127_S_4197_m24_2013-08-16,2013-09-10,1.7659137577002053,3.0
127_S_4197_m48_2015-08-17,127_S_4197,/project/rrg-mchakrav-ab/moncia/ADNI/bids_adni_go2/sub-127S4197/ses-m48/anat/sub-127S4197_ses-m48_acq-3Taccel_T1w.nii.gz,/scratch/ishaan/adni_trillium/derivatives/bsc/127_S_4197_m48_2015-08-17,2015-09-21,3.7946611909650922,3.0
127_S_4197_m60_2016-08-16,127_S_4197,/project/rrg-mchakrav-ab/moncia/ADNI/bids_adni_go2/sub-127S4197/ses-m60/anat/sub-127S4197_ses-m60_acq-3Taccel_T1w.nii.gz,/scratch/ishaan/adni_trillium/derivatives/bsc/127_S_4197_m60_2016-08-16,2016-09-13,4.774811772758385,3.0
127_S_4301_m03_2012-01-17,127_S_4301,/project/rrg-mchakrav-ab/moncia/ADNI/bids_adni_go2/sub-127S4301/ses-m03/anat/sub-127S4301_ses-m03_acq-3Taccel_T1w.nii.gz,/scratch/ishaan/adni_trillium/derivatives/bsc/127_S_4301_m03_2012-01-17,2012-01-24,0.0,3.0
127_S_4301_m06_2012-04-17,127_S_4301,/project/rrg-mchakrav-ab/moncia/ADNI/bids_adni_go2/sub-127S4301/ses-m06/anat/sub-127S4301_ses-m06_acq-3Taccel_T1w.nii.gz,/scratch/ishaan/adni_trillium/derivatives/bsc/127_S_4301_m06_2012-04-17,2012-05-10,0.2929500342231348,3.0
127_S_4301_m12_2012-10-17,127_S_4301,/project/rrg-mchakrav-ab/moncia/ADNI/bids_adni_go2/sub-127S4301/ses-m12/anat/sub-127S4301_ses-m12_acq-3Taccel_T1w.nii.gz,/scratch/ishaan/adni_trillium/derivatives/bsc/127_S_4301_m12_2012-10-17,2012-11-08,0.7912388774811773,3.0
127_S_4301_m24_2013-10-17,127_S_4301,/project/rrg-mchakrav-ab/moncia/ADNI/bids_adni_go2/sub-127S4301/ses-m24/anat/sub-127S4301_ses-m24_acq-3Taccel_T1w.nii.gz,/scratch/ishaan/adni_trillium/derivatives/bsc/127_S_4301_m24_2013-10-17,2013-11-19,1.8206707734428473,3.0
127_S_4301_m48_2015-10-18,127_S_4301,/project/rrg-mchakrav-ab/moncia/ADNI/bids_adni_go2/sub-127S4301/ses-m48/anat/sub-127S4301_ses-m48_acq-3Taccel_T1w.nii.gz,/scratch/ishaan/adni_trillium/derivatives/bsc/127_S_4301_m48_2015-10-18,2015-11-18,3.8165639972621492,3.0
127_S_4301_m60_2016-10-17,127_S_4301,/project/rrg-mchakrav-ab/moncia/ADNI/bids_adni_go2/sub-127S4301/ses-m60/anat/sub-127S4301_ses-m60_acq-3Taccel_T1w.nii.gz,/scratch/ishaan/adni_trillium/derivatives/bsc/127_S_4301_m60_2016-10-17,2016-11-17,4.815879534565366,3.0
127_S_4301_m72_2017-10-17,127_S_4301,/project/rrg-mchakrav-ab/moncia/ADNI/bids_adni3/sub-127S4301/ses-m72/anat/sub-127S4301_ses-m72_acq-3T_T1w.nii.gz,/scratch/ishaan/adni_trillium/derivatives/bsc/127_S_4301_m72_2017-10-17,2017-10-25,5.752224503764545,3.0
127_S_4624_m03_2012-08-22,127_S_4624,/project/rrg-mchakrav-ab/moncia/ADNI/bids_adni_go2/sub-127S4624/ses-m03/anat/sub-127S4624_ses-m03_acq-3Taccel_T1w.nii.gz,/scratch/ishaan/adni_trillium/derivatives/bsc/127_S_4624_m03_2012-08-22,2012-09-05,0.0,3.0
127_S_4624_m06_2012-11-21,127_S_4624,/project/rrg-mchakrav-ab/moncia/ADNI/bids_adni_go2/sub-127S4624/ses-m06/anat/sub-127S4624_ses-m06_acq-3Taccel_T1w.nii.gz,/scratch/ishaan/adni_trillium/derivatives/bsc/127_S_4624_m06_2012-11-21,2012-12-12,0.2683093771389459,3.0
127_S_4624_m12_2013-05-23,127_S_4624,/project/rrg-mchakrav-ab/moncia/ADNI/bids_adni_go2/sub-127S4624/ses-m12/anat/sub-127S4624_ses-m12_acq-3Taccel_T1w.nii.gz,/scratch/ishaan/adni_trillium/derivatives/bsc/127_S_4624_m12_2013-05-23,2013-07-08,0.837782340862423,3.0
127_S_4624_m24_2014-05-23,127_S_4624,/project/rrg-mchakrav-ab/moncia/ADNI/bids_adni_go2/sub-127S4624/ses-m24/anat/sub-127S4624_ses-m24_acq-3Taccel_T1w.nii.gz,/scratch/ishaan/adni_trillium/derivatives/bsc/127_S_4624_m24_2014-05-23,2014-08-19,1.9520876112251881,3.0
127_S_4624_m48_2016-05-23,127_S_4624,/project/rrg-mchakrav-ab/moncia/ADNI/bids_adni_go2/sub-127S4624/ses-m48/anat/sub-127S4624_ses-m48_acq-3Taccel_T1w.nii.gz,/scratch/ishaan/adni_trillium/derivatives/bsc/127_S_4624_m48_2016-05-23,2016-06-30,3.8165639972621492,3.0
127_S_4765_m03_2012-08-31,127_S_4765,/project/rrg-mchakrav-ab/moncia/ADNI/bids_adni_go2/sub-127S4765/ses-m03/anat/sub-127S4765_ses-m03_acq-3Taccel_T1w.nii.gz,/scratch/ishaan/adni_trillium/derivatives/bsc/127_S_4765_m03_2012-08-31,2012-09-27,0.0,3.0
127_S_4765_m06_2012-11-30,127_S_4765,/project/rrg-mchakrav-ab/moncia/ADNI/bids_adni_go2/sub-127S4765/ses-m06/anat/sub-127S4765_ses-m06_acq-3Taccel_T1w.nii.gz,/scratch/ishaan/adni_trillium/derivatives/bsc/127_S_4765_m06_2012-11-30,2012-12-10,0.2026009582477755,3.0
127_S_4765_m12_2013-06-01,127_S_4765,/project/rrg-mchakrav-ab/moncia/ADNI/bids_adni_go2/sub-127S4765/ses-m12/anat/sub-127S4765_ses-m12_acq-3Taccel_T1w.nii.gz,/scratch/ishaan/adni_trillium/derivatives/bsc/127_S_4765_m12_2013-06-01,2013-06-19,0.7255304585900069,3.0
127_S_4765_m24_2014-06-01,127_S_4765,/project/rrg-mchakrav-ab/moncia/ADNI/bids_adni_go2/sub-127S4765/ses-m24/anat/sub-127S4765_ses-m24_acq-3Taccel_T1w.nii.gz,/scratch/ishaan/adni_trillium/derivatives/bsc/127_S_4765_m24_2014-06-01,2014-06-12,1.7056810403832992,3.0
128_S_0135_sc_2006-02-17,128_S_0135,/project/rrg-mchakrav-ab/moncia/ADNI/bids_adni1/sub-128S0135/ses-sc/anat/sub-128S0135_ses-sc_acq-15T_T1w.nii.gz,/scratch/ishaan/adni_trillium/derivatives/bsc/128_S_0135_sc_2006-02-17,2006-01-26,0.0,1.5
128_S_0135_m06_2006-08-18,128_S_0135,/project/rrg-mchakrav-ab/moncia/ADNI/bids_adni1/sub-128S0135/ses-m06/anat/sub-128S0135_ses-m06_acq-15T_T1w.nii.gz,/scratch/ishaan/adni_trillium/derivatives/bsc/128_S_0135_m06_2006-08-18,2006-09-21,0.6516084873374401,1.5
128_S_0135_m12_2007-02-17,128_S_0135,/project/rrg-mchakrav-ab/moncia/ADNI/bids_adni1/sub-128S0135/ses-m12/anat/sub-128S0135_ses-m12_acq-15T_T1w.nii.gz,/scratch/ishaan/adni_trillium/derivatives/bsc/128_S_0135_m12_2007-02-17,2007-02-09,1.0376454483230664,1.5
128_S_0135_m18_2007-08-18,128_S_0135,/project/rrg-mchakrav-ab/moncia/ADNI/bids_adni1/sub-128S0135/ses-m18/anat/sub-128S0135_ses-m18_acq-15T_T1w.nii.gz,/scratch/ishaan/adni_trillium/derivatives/bsc/128_S_0135_m18_2007-08-18,2007-08-24,1.5742642026009583,1.5
128_S_0188_sc_2006-02-22,128_S_0188,/project/rrg-mchakrav-ab/moncia/ADNI/bids_adni1/sub-128S0188/ses-sc/anat/sub-128S0188_ses-sc_acq-15T_T1w.nii.gz,/scratch/ishaan/adni_trillium/derivatives/bsc/128_S_0188_sc_2006-02-22,2006-02-06,0.0,1.5
128_S_0188_m06_2006-08-23,128_S_0188,/project/rrg-mchakrav-ab/moncia/ADNI/bids_adni1/sub-128S0188/ses-m06/anat/sub-128S0188_ses-m06_acq-15T_T1w.nii.gz,/scratch/ishaan/adni_trillium/derivatives/bsc/128_S_0188_m06_2006-08-23,2006-09-08,0.5859000684462696,1.5
128_S_0188_m12_2007-02-22,128_S_0188,/project/rrg-mchakrav-ab/moncia/ADNI/bids_adni1/sub-128S0188/ses-m12/anat/sub-128S0188_ses-m12_acq-15T_T1w.nii.gz,/scratch/ishaan/adni_trillium/derivatives/bsc/128_S_0188_m12_2007-02-22,2007-02-15,1.0239561943874058,1.5
128_S_0188_m18_2007-08-23,128_S_0188,/project/rrg-mchakrav-ab/moncia/ADNI/bids_adni1/sub-128S0188/ses-m18/anat/sub-128S0188_ses-m18_acq-15T_T1w.nii.gz,/scratch/ishaan/adni_trillium/derivatives/bsc/128_S_0188_m18_2007-08-23,2007-08-20,1.5331964407939767,1.5
128_S_0188_m36_2009-02-21,128_S_0188,/project/rrg-mchakrav-ab/moncia/ADNI/bids_adni1/sub-128S0188/ses-m36/anat/sub-128S0188_ses-m36_acq-15T_T1w.nii.gz,/scratch/ishaan/adni_trillium/derivatives/bsc/128_S_0188_m36_2009-02-21,2009-05-22,3.2881587953456535,1.5
128_S_0225_sc_2006-03-08,128_S_0225,/project/rrg-mchakrav-ab/moncia/ADNI/bids_adni1/sub-128S0225/ses-sc/anat/sub-128S0225_ses-sc_acq-15T_T1w.nii.gz,/scratch/ishaan/adni_trillium/derivatives/bsc/128_S_0225_sc_2006-03-08,2006-02-15,0.0,1.5
128_S_0225_m06_2006-09-06,128_S_0225,/project/rrg-mchakrav-ab/moncia/ADNI/bids_adni1/sub-128S0225/ses-m06/anat/sub-128S0225_ses-m06_acq-15T_T1w.nii.gz,/scratch/ishaan/adni_trillium/derivatives/bsc/128_S_0225_m06_2006-09-06,2006-09-20,0.5941136208076659,1.5
128_S_0225_m12_2007-03-08,128_S_0225,/project/rrg-mchakrav-ab/moncia/ADNI/bids_adni1/sub-128S0225/ses-m12/anat/sub-128S0225_ses-m12_acq-15T_T1w.nii.gz,/scratch/ishaan/adni_trillium/derivatives/bsc/128_S_0225_m12_2007-03-08,2007-02-27,1.0321697467488022,1.5
128_S_0225_m18_2007-09-06,128_S_0225,/project/rrg-mchakrav-ab/moncia/ADNI/bids_adni1/sub-128S0225/ses-m18/anat/sub-128S0225_ses-m18_acq-15T_T1w.nii.gz,/scratch/ishaan/adni_trillium/derivatives/bsc/128_S_0225_m18_2007-09-06,2007-09-12,1.571526351813826,1.5
128_S_0225_m24_2008-03-07,128_S_0225,/project/rrg-mchakrav-ab/moncia/ADNI/bids_adni1/sub-128S0225/ses-m24/anat/sub-128S0225_ses-m24_acq-15T_T1w.nii.gz,/scratch/ishaan/adni_trillium/derivatives/bsc/128_S_0225_m24_2008-03-07,2008-03-19,2.088980150581793,1.5
128_S_0227_sc_2006-04-13,128_S_0227,/project/rrg-mchakrav-ab/moncia/ADNI/bids_adni1/sub-128S0227/ses-sc/anat/sub-128S0227_ses-sc_acq-15T_T1w.nii.gz,/scratch/ishaan/adni_trillium/derivatives/bsc/128_S_0227_sc_2006-04-13,2006-03-02,0.0,1.5
128_S_0227_m06_2006-10-12,128_S_0227,/project/rrg-mchakrav-ab/moncia/ADNI/bids_adni1/sub-128S0227/ses-m06/anat/sub-128S0227_ses-m06_acq-15T_T1w.nii.gz,/scratch/ishaan/adni_trillium/derivatives/bsc/128_S_0227_m06_2006-10-12,2006-10-19,0.6324435318275154,1.5
128_S_0227_m12_2007-04-13,128_S_0227,/project/rrg-mchakrav-ab/moncia/ADNI/bids_adni1/sub-128S0227/ses-m12/anat/sub-128S0227_ses-m12_acq-15T_T1w.nii.gz,/scratch/ishaan/adni_trillium/derivatives/bsc/128_S_0227_m12_2007-04-13,2007-05-03,1.1690622861054072,1.5
128_S_0227_m18_2007-10-12,128_S_0227,/project/rrg-mchakrav-ab/moncia/ADNI/bids_adni1/sub-128S0227/ses-m18/anat/sub-128S0227_ses-m18_acq-15T_T1w.nii.gz,/scratch/ishaan/adni_trillium/derivatives/bsc/128_S_0227_m18_2007-10-12,2008-01-04,1.842573579739904,1.5
128_S_0227_m24_2008-04-12,128_S_0227,/project/rrg-mchakrav-ab/moncia/ADNI/bids_adni1/sub-128S0227/ses-m24/anat/sub-128S0227_ses-m24_acq-15T_T1w.nii.gz,/scratch/ishaan/adni_trillium/derivatives/bsc/128_S_0227_m24_2008-04-12,2008-04-16,2.1245722108145104,1.5
128_S_0608_sc_2006-06-15,128_S_0608,/project/rrg-mchakrav-ab/moncia/ADNI/bids_adni1/sub-128S0608/ses-sc/anat/sub-128S0608_ses-sc_acq-15T_T1w.nii.gz,/scratch/ishaan/adni_trillium/derivatives/bsc/128_S_0608_sc_2006-06-15,2006-06-01,0.0,1.5
128_S_0608_m06_2006-12-14,128_S_0608,/project/rrg-mchakrav-ab/moncia/ADNI/bids_adni1/sub-128S0608/ses-m06/anat/sub-128S0608_ses-m06_acq-15T_T1w.nii.gz,/scratch/ishaan/adni_trillium/derivatives/bsc/128_S_0608_m06_2006-12-14,2006-12-12,0.5311430527036276,1.5
128_S_0608_m24_2008-06-14,128_S_0608,/project/rrg-mchakrav-ab/moncia/ADNI/bids_adni1/sub-128S0608/ses-m24/anat/sub-128S0608_ses-m24_acq-15T_T1w.nii.gz,/scratch/ishaan/adni_trillium/derivatives/bsc/128_S_0608_m24_2008-06-14,2008-07-18,2.130047912388775,1.5
128_S_0608_m36_2009-06-14,128_S_0608,/project/rrg-mchakrav-ab/moncia/ADNI/bids_adni1/sub-128S0608/ses-m36/anat/sub-128S0608_ses-m36_acq-15T_T1w.nii.gz,/scratch/ishaan/adni_trillium/derivatives/bsc/128_S_0608_m36_2009-06-14,2009-06-03,3.0061601642710474,1.5
128_S_0611_sc_2006-06-21,128_S_0611,/project/rrg-mchakrav-ab/moncia/ADNI/bids_adni1/sub-128S0611/ses-sc/anat/sub-128S0611_ses-sc_acq-15T_T1w.nii.gz,/scratch/ishaan/adni_trillium/derivatives/bsc/128_S_0611_sc_2006-06-21,2006-06-08,0.0,1.5
128_S_0611_m06_2006-12-20,128_S_0611,/project/rrg-mchakrav-ab/moncia/ADNI/bids_adni1/sub-128S0611/ses-m06/anat/sub-128S0611_ses-m06_acq-15T_T1w.nii.gz,/scratch/ishaan/adni_trillium/derivatives/bsc/128_S_0611_m06_2006-12-20,2007-01-25,0.6324435318275154,1.5
128_S_0611_m12_2007-06-21,128_S_0611,/project/rrg-mchakrav-ab/moncia/ADNI/bids_adni1/sub-128S0611/ses-m12/anat/sub-128S0611_ses-m12_acq-15T_T1w.nii.gz,/scratch/ishaan/adni_trillium/derivatives/bsc/128_S_0611_m12_2007-06-21,2007-06-07,0.9965776865160849,1.5
128_S_0611_m18_2007-12-20,128_S_0611,/project/rrg-mchakrav-ab/moncia/ADNI/bids_adni1/sub-128S0611/ses-m18/anat/sub-128S0611_ses-m18_acq-15T_T1w.nii.gz,/scratch/ishaan/adni_trillium/derivatives/bsc/128_S_0611_m18_2007-12-20,2008-01-03,1.571526351813826,1.5
128_S_1088_bl_2007-01-05,128_S_1088,/project/rrg-mchakrav-ab/moncia/ADNI/bids_adni1/sub-128S1088/ses-bl/anat/sub-128S1088_ses-bl_acq-3T_T1w.nii.gz,/scratch/ishaan/adni_trillium/derivatives/bsc/128_S_1088_bl_2007-01-05,2006-12-07,0.0,1.5
128_S_1088_sc_2007-01-05,128_S_1088,/project/rrg-mchakrav-ab/moncia/ADNI/bids_adni1/sub-128S1088/ses-sc/anat/sub-128S1088_ses-sc_acq-15T_T1w.nii.gz,/scratch/ishaan/adni_trillium/derivatives/bsc/128_S_1088_sc_2007-01-05,2007-01-18,0.11498973305954825,2.9
128_S_1088_m06_2007-07-06,128_S_1088,/project/rrg-mchakrav-ab/moncia/ADNI/bids_adni1/sub-128S1088/ses-m06/anat/sub-128S1088_ses-m06_acq-15T_T1w.nii.gz,/scratch/ishaan/adni_trillium/derivatives/bsc/128_S_1088_m06_2007-07-06,2007-07-18,0.6105407255304586,3.0
128_S_1088_m12_2008-01-05,128_S_1088,/project/rrg-mchakrav-ab/moncia/ADNI/bids_adni1/sub-128S1088/ses-m12/anat/sub-128S1088_ses-m12_acq-15T_T1w.nii.gz,/scratch/ishaan/adni_trillium/derivatives/bsc/128_S_1088_m12_2008-01-05,2008-02-04,1.160848733744011,3.0
128_S_1088_m36_2010-01-04,128_S_1088,/project/rrg-mchakrav-ab/moncia/ADNI/bids_adni1/sub-128S1088/ses-m36/anat/sub-128S1088_ses-m36_acq-15T_T1w.nii.gz,/scratch/ishaan/adni_trillium/derivatives/bsc/128_S_1088_m36_2010-01-04,2009-10-26,2.8856947296372346,3.0
128_S_2002_m03_2010-09-15,128_S_2002,/project/rrg-mchakrav-ab/moncia/ADNI/bids_adni_go2/sub-128S2002/ses-m03/anat/sub-128S2002_ses-m03_acq-3Taccel_T1w.nii.gz,/scratch/ishaan/adni_trillium/derivatives/bsc/128_S_2002_m03_2010-09-15,2010-09-07,0.0,3.0
128_S_2002_m06_2010-12-15,128_S_2002,/project/rrg-mchakrav-ab/moncia/ADNI/bids_adni_go2/sub-128S2002/ses-m06/anat/sub-128S2002_ses-m06_acq-3Taccel_T1w.nii.gz,/scratch/ishaan/adni_trillium/derivatives/bsc/128_S_2002_m06_2010-12-15,2010-12-13,0.2655715263518138,3.0
128_S_2002_m12_2011-06-16,128_S_2002,/project/rrg-mchakrav-ab/moncia/ADNI/bids_adni_go2/sub-128S2002/ses-m12/anat/sub-128S2002_ses-m12_acq-3Taccel_T1w.nii.gz,/scratch/ishaan/adni_trillium/derivatives/bsc/128_S_2002_m12_2011-06-16,2011-03-21,0.5338809034907598,3.0
128_S_2002_m24_2012-06-15,128_S_2002,/project/rrg-mchakrav-ab/moncia/ADNI/bids_adni_go2/sub-128S2002/ses-m24/anat/sub-128S2002_ses-m24_acq-3Taccel_T1w.nii.gz,/scratch/ishaan/adni_trillium/derivatives/bsc/128_S_2002_m24_2012-06-15,2012-06-13,1.7659137577002053,3.0
128_S_2002_m36_2013-06-15,128_S_2002,/project/rrg-mchakrav-ab/moncia/ADNI/bids_adni_go2/sub-128S2002/ses-m36/anat/sub-128S2002_ses-m36_acq-3Taccel_T1w.nii.gz,/scratch/ishaan/adni_trillium/derivatives/bsc/128_S_2002_m36_2013-06-15,2013-06-26,2.8008213552361396,3.0
128_S_2002_m48_2014-06-16,128_S_2002,/project/rrg-mchakrav-ab/moncia/ADNI/bids_adni_go2/sub-128S2002/ses-m48/anat/sub-128S2002_ses-m48_acq-3Taccel_T1w.nii.gz,/scratch/ishaan/adni_trillium/derivatives/bsc/128_S_2002_m48_2014-06-16,2014-06-12,3.761806981519507,3.0
128_S_2002_m72_2016-06-15,128_S_2002,/project/rrg-mchakrav-ab/moncia/ADNI/bids_adni_go2/sub-128S2002/ses-m72/anat/sub-128S2002_ses-m72_acq-3Taccel_T1w.nii.gz,/scratch/ishaan/adni_trillium/derivatives/bsc/128_S_2002_m72_2016-06-15,2016-06-13,5.765913757700205,3.0
128_S_2002_m96_2018-06-16,128_S_2002,/project/rrg-mchakrav-ab/moncia/ADNI/bids_adni3/sub-128S2002/ses-m96/anat/sub-128S2002_ses-m96_acq-3T_T1w.nii.gz,/scratch/ishaan/adni_trillium/derivatives/bsc/128_S_2002_m96_2018-06-16,2018-08-28,7.972621492128679,3.0
128_S_2002_m108_2019-06-16,128_S_2002,/project/rrg-mchakrav-ab/moncia/ADNI/bids_adni3/sub-128S2002/ses-m108/anat/sub-128S2002_ses-m108_acq-3T_T1w.nii.gz,/scratch/ishaan/adni_trillium/derivatives/bsc/128_S_2002_m108_2019-06-16,2019-07-08,8.83230663928816,3.0
128_S_2002_m132_2021-06-16,128_S_2002,/project/rrg-mchakrav-ab/moncia/ADNI/bids_adni3/sub-128S2002/ses-m132/anat/sub-128S2002_ses-m132_acq-3T_T1w.nii.gz,/scratch/ishaan/adni_trillium/derivatives/bsc/128_S_2002_m132_2021-06-16,2021-09-07,11.000684462696784,3.0
128_S_2045_m03_2011-01-14,128_S_2045,/project/rrg-mchakrav-ab/moncia/ADNI/bids_adni_go2/sub-128S2045/ses-m03/anat/sub-128S2045_ses-m03_acq-3Taccel_T1w.nii.gz,/scratch/ishaan/adni_trillium/derivatives/bsc/128_S_2045_m03_2011-01-14,2010-11-30,0.0,3.0
128_S_2045_m06_2011-04-15,128_S_2045,/project/rrg-mchakrav-ab/moncia/ADNI/bids_adni_go2/sub-128S2045/ses-m06/anat/sub-128S2045_ses-m06_acq-3Taccel_T1w.nii.gz,/scratch/ishaan/adni_trillium/derivatives/bsc/128_S_2045_m06_2011-04-15,2011-03-21,0.30390143737166325,3.0
128_S_2045_m12_2011-10-15,128_S_2045,/project/rrg-mchakrav-ab/moncia/ADNI/bids_adni_go2/sub-128S2045/ses-m12/anat/sub-128S2045_ses-m12_acq-3Taccel_T1w.nii.gz,/scratch/ishaan/adni_trillium/derivatives/bsc/128_S_2045_m12_2011-10-15,2011-10-25,0.9007529089664613,3.0
128_S_2045_m24_2012-10-14,128_S_2045,/project/rrg-mchakrav-ab/moncia/ADNI/bids_adni_go2/sub-128S2045/ses-m24/anat/sub-128S2045_ses-m24_acq-3Taccel_T1w.nii.gz,/scratch/ishaan/adni_trillium/derivatives/bsc/128_S_2045_m24_2012-10-14,2012-10-18,1.8836413415468858,3.0
128_S_2045_m36_2013-10-14,128_S_2045,/project/rrg-mchakrav-ab/moncia/ADNI/bids_adni_go2/sub-128S2045/ses-m36/anat/sub-128S2045_ses-m36_acq-3Taccel_T1w.nii.gz,/scratch/ishaan/adni_trillium/derivatives/bsc/128_S_2045_m36_2013-10-14,2013-10-28,2.9103353867214237,3.0
128_S_2045_m48_2014-10-15,128_S_2045,/project/rrg-mchakrav-ab/moncia/ADNI/bids_adni_go2/sub-128S2045/ses-m48/anat/sub-128S2045_ses-m48_acq-3Taccel_T1w.nii.gz,/scratch/ishaan/adni_trillium/derivatives/bsc/128_S_2045_m48_2014-10-15,2014-10-16,3.8767967145790556,3.0
128_S_2123_m06_2011-05-10,128_S_2123,/project/rrg-mchakrav-ab/moncia/ADNI/bids_adni_go2/sub-128S2123/ses-m06/anat/sub-128S2123_ses-m06_acq-3Taccel_T1w.nii.gz,/scratch/ishaan/adni_trillium/derivatives/bsc/128_S_2123_m06_2011-05-10,2011-05-05,0.0,3.0
128_S_2123_m12_2011-11-09,128_S_2123,/project/rrg-mchakrav-ab/moncia/ADNI/bids_adni_go2/sub-128S2123/ses-m12/anat/sub-128S2123_ses-m12_acq-3Taccel_T1w.nii.gz,/scratch/ishaan/adni_trillium/derivatives/bsc/128_S_2123_m12_2011-11-09,2011-11-01,0.4928131416837782,3.0
128_S_2123_m24_2012-11-08,128_S_2123,/project/rrg-mchakrav-ab/moncia/ADNI/bids_adni_go2/sub-128S2123/ses-m24/anat/sub-128S2123_ses-m24_acq-3Taccel_T1w.nii.gz,/scratch/ishaan/adni_trillium/derivatives/bsc/128_S_2123_m24_2012-11-08,2012-11-06,1.5085557837097878,3.0
128_S_2123_m36_2013-11-08,128_S_2123,/project/rrg-mchakrav-ab/moncia/ADNI/bids_adni_go2/sub-128S2123/ses-m36/anat/sub-128S2123_ses-m36_acq-3Taccel_T1w.nii.gz,/scratch/ishaan/adni_trillium/derivatives/bsc/128_S_2123_m36_2013-11-08,2013-11-21,2.5489390828199863,3.0
128_S_2123_m48_2014-11-09,128_S_2123,/project/rrg-mchakrav-ab/moncia/ADNI/bids_adni_go2/sub-128S2123/ses-m48/anat/sub-128S2123_ses-m48_acq-3Taccel_T1w.nii.gz,/scratch/ishaan/adni_trillium/derivatives/bsc/128_S_2123_m48_2014-11-09,2014-10-29,3.485284052019165,3.0
128_S_2123_m90_2018-05-10,128_S_2123,/project/rrg-mchakrav-ab/moncia/ADNI/bids_adni3/sub-128S2123/ses-m90/anat/sub-128S2123_ses-m90_acq-3T_T1w.nii.gz,/scratch/ishaan/adni_trillium/derivatives/bsc/128_S_2123_m90_2018-05-10,2018-08-24,7.304585900068446,3.0
128_S_2123_m108_2019-11-09,128_S_2123,/project/rrg-mchakrav-ab/moncia/ADNI/bids_adni3/sub-128S2123/ses-m108/anat/sub-128S2123_ses-m108_acq-3T_T1w.nii.gz,/scratch/ishaan/adni_trillium/derivatives/bsc/128_S_2123_m108_2019-11-09,2020-01-28,8.733744010951403,3.0
128_S_2123_m132_2021-11-09,128_S_2123,/project/rrg-mchakrav-ab/moncia/ADNI/bids_adni3/sub-128S2123/ses-m132/anat/sub-128S2123_ses-m132_acq-3T_T1w.nii.gz,/scratch/ishaan/adni_trillium/derivatives/bsc/128_S_2123_m132_2021-11-09,2021-10-18,10.455852156057494,3.0
128_S_2220_m03_2011-04-27,128_S_2220,/project/rrg-mchakrav-ab/moncia/ADNI/bids_adni_go2/sub-128S2220/ses-m03/anat/sub-128S2220_ses-m03_acq-3Taccel_T1w.nii.gz,/scratch/ishaan/adni_trillium/derivatives/bsc/128_S_2220_m03_2011-04-27,2011-03-14,0.0,3.0
128_S_2220_m12_2012-01-26,128_S_2220,/project/rrg-mchakrav-ab/moncia/ADNI/bids_adni_go2/sub-128S2220/ses-m12/anat/sub-128S2220_ses-m12_acq-3Taccel_T1w.nii.gz,/scratch/ishaan/adni_trillium/derivatives/bsc/128_S_2220_m12_2012-01-26,2012-01-20,0.8542094455852156,3.0
128_S_2220_m24_2013-01-25,128_S_2220,/project/rrg-mchakrav-ab/moncia/ADNI/bids_adni_go2/sub-128S2220/ses-m24/anat/sub-128S2220_ses-m24_acq-3Taccel_T1w.nii.gz,/scratch/ishaan/adni_trillium/derivatives/bsc/128_S_2220_m24_2013-01-25,2013-02-07,1.9055441478439425,3.0
128_S_2220_m36_2014-01-25,128_S_2220,/project/rrg-mchakrav-ab/moncia/ADNI/bids_adni_go2/sub-128S2220/ses-m36/anat/sub-128S2220_ses-m36_acq-3Taccel_T1w.nii.gz,/scratch/ishaan/adni_trillium/derivatives/bsc/128_S_2220_m36_2014-01-25,2014-01-29,2.8802190280629705,3.0
128_S_2220_m48_2015-01-26,128_S_2220,/project/rrg-mchakrav-ab/moncia/ADNI/bids_adni_go2/sub-128S2220/ses-m48/anat/sub-128S2220_ses-m48_acq-3Taccel_T1w.nii.gz,/scratch/ishaan/adni_trillium/derivatives/bsc/128_S_2220_m48_2015-01-26,2015-01-28,3.8767967145790556,3.0
128_S_2220_m90_2018-07-27,128_S_2220,/project/rrg-mchakrav-ab/moncia/ADNI/bids_adni3/sub-128S2220/ses-m90/anat/sub-128S2220_ses-m90_acq-3T_T1w.nii.gz,/scratch/ishaan/adni_trillium/derivatives/bsc/128_S_2220_m90_2018-07-27,2018-07-16,7.340177960301164,3.0
128_S_2220_m102_2019-07-27,128_S_2220,/project/rrg-mchakrav-ab/moncia/ADNI/bids_adni3/sub-128S2220/ses-m102/anat/sub-128S2220_ses-m102_acq-3T_T1w.nii.gz,/scratch/ishaan/adni_trillium/derivatives/bsc/128_S_2220_m102_2019-07-27,2019-07-12,8.328542094455852,3.0
128_S_4553_m03_2012-05-17,128_S_4553,/project/rrg-mchakrav-ab/moncia/ADNI/bids_adni_go2/sub-128S4553/ses-m03/anat/sub-128S4553_ses-m03_acq-3Taccel_T1w.nii.gz,/scratch/ishaan/adni_trillium/derivatives/bsc/128_S_4553_m03_2012-05-17,2012-05-19,0.0,3.0
128_S_4553_m06_2012-08-16,128_S_4553,/project/rrg-mchakrav-ab/moncia/ADNI/bids_adni_go2/sub-128S4553/ses-m06/anat/sub-128S4553_ses-m06_acq-3Taccel_T1w.nii.gz,/scratch/ishaan/adni_trillium/derivatives/bsc/128_S_4553_m06_2012-08-16,2012-10-22,0.4271047227926078,3.0
128_S_4553_m12_2013-02-15,128_S_4553,/project/rrg-mchakrav-ab/moncia/ADNI/bids_adni_go2/sub-128S4553/ses-m12/anat/sub-128S4553_ses-m12_acq-3Taccel_T1w.nii.gz,/scratch/ishaan/adni_trillium/derivatives/bsc/128_S_4553_m12_2013-02-15,2013-03-20,0.8350444900752909,3.0
128_S_4553_m24_2014-02-15,128_S_4553,/project/rrg-mchakrav-ab/moncia/ADNI/bids_adni_go2/sub-128S4553/ses-m24/anat/sub-128S4553_ses-m24_acq-3Taccel_T1w.nii.gz,/scratch/ishaan/adni_trillium/derivatives/bsc/128_S_4553_m24_2014-02-15,2014-03-14,1.8179329226557153,3.0
128_S_4571_m03_2012-05-24,128_S_4571,/project/rrg-mchakrav-ab/moncia/ADNI/bids_adni_go2/sub-128S4571/ses-m03/anat/sub-128S4571_ses-m03_acq-3Taccel_T1w.nii.gz,/scratch/ishaan/adni_trillium/derivatives/bsc/128_S_4571_m03_2012-05-24,2012-03-10,0.0,3.0
128_S_4571_m06_2012-08-23,128_S_4571,/project/rrg-mchakrav-ab/moncia/ADNI/bids_adni_go2/sub-128S4571/ses-m06/anat/sub-128S4571_ses-m06_acq-3Taccel_T1w.nii.gz,/scratch/ishaan/adni_trillium/derivatives/bsc/128_S_4571_m06_2012-08-23,2012-06-26,0.29568788501026694,3.0
128_S_4571_m12_2013-02-22,128_S_4571,/project/rrg-mchakrav-ab/moncia/ADNI/bids_adni_go2/sub-128S4571/ses-m12/anat/sub-128S4571_ses-m12_acq-3Taccel_T1w.nii.gz,/scratch/ishaan/adni_trillium/derivatives/bsc/128_S_4571_m12_2013-02-22,2012-11-15,0.6844626967830253,3.0
128_S_4571_m24_2014-02-22,128_S_4571,/project/rrg-mchakrav-ab/moncia/ADNI/bids_adni_go2/sub-128S4571/ses-m24/anat/sub-128S4571_ses-m24_acq-3Taccel_T1w.nii.gz,/scratch/ishaan/adni_trillium/derivatives/bsc/128_S_4571_m24_2014-02-22,2014-04-10,2.083504449007529,3.0
128_S_4653_m03_2012-06-28,128_S_4653,/project/rrg-mchakrav-ab/moncia/ADNI/bids_adni_go2/sub-128S4653/ses-m03/anat/sub-128S4653_ses-m03_acq-3Taccel_T1w.nii.gz,/scratch/ishaan/adni_trillium/derivatives/bsc/128_S_4653_m03_2012-06-28,2012-07-18,0.0,3.0
128_S_4653_m06_2012-09-27,128_S_4653,/project/rrg-mchakrav-ab/moncia/ADNI/bids_adni_go2/sub-128S4653/ses-m06/anat/sub-128S4653_ses-m06_acq-3Taccel_T1w.nii.gz,/scratch/ishaan/adni_trillium/derivatives/bsc/128_S_4653_m06_2012-09-27,2012-11-06,0.30390143737166325,3.0
128_S_4653_m12_2013-03-29,128_S_4653,/project/rrg-mchakrav-ab/moncia/ADNI/bids_adni_go2/sub-128S4653/ses-m12/anat/sub-128S4653_ses-m12_acq-3Taccel_T1w.nii.gz,/scratch/ishaan/adni_trillium/derivatives/bsc/128_S_4653_m12_2013-03-29,2013-05-31,0.8678986995208761,3.0
128_S_4653_m24_2014-03-29,128_S_4653,/project/rrg-mchakrav-ab/moncia/ADNI/bids_adni_go2/sub-128S4653/ses-m24/anat/sub-128S4653_ses-m24_acq-3Taccel_T1w.nii.gz,/scratch/ishaan/adni_trillium/derivatives/bsc/128_S_4653_m24_2014-03-29,2014-05-27,1.8562628336755647,3.0
128_S_4842_m03_2012-09-28,128_S_4842,/project/rrg-mchakrav-ab/moncia/ADNI/bids_adni_go2/sub-128S4842/ses-m03/anat/sub-128S4842_ses-m03_acq-3Taccel_T1w.nii.gz,/scratch/ishaan/adni_trillium/derivatives/bsc/128_S_4842_m03_2012-09-28,2012-11-07,0.0,3.0
128_S_4842_m06_2012-12-28,128_S_4842,/project/rrg-mchakrav-ab/moncia/ADNI/bids_adni_go2/sub-128S4842/ses-m06/anat/sub-128S4842_ses-m06_acq-3Taccel_T1w.nii.gz,/scratch/ishaan/adni_trillium/derivatives/bsc/128_S_4842_m06_2012-12-28,2013-02-01,0.23545516769336072,3.0
128_S_4842_m12_2013-06-29,128_S_4842,/project/rrg-mchakrav-ab/moncia/ADNI/bids_adni_go2/sub-128S4842/ses-m12/anat/sub-128S4842_ses-m12_acq-3Taccel_T1w.nii.gz,/scratch/ishaan/adni_trillium/derivatives/bsc/128_S_4842_m12_2013-06-29,2013-08-22,0.7885010266940452,3.0
128_S_4842_m24_2014-06-29,128_S_4842,/project/rrg-mchakrav-ab/moncia/ADNI/bids_adni_go2/sub-128S4842/ses-m24/anat/sub-128S4842_ses-m24_acq-3Taccel_T1w.nii.gz,/scratch/ishaan/adni_trillium/derivatives/bsc/128_S_4842_m24_2014-06-29,2014-08-28,1.8042436687200547,3.0
128_S_4842_m48_2016-06-29,128_S_4842,/project/rrg-mchakrav-ab/moncia/ADNI/bids_adni_go2/sub-128S4842/ses-m48/anat/sub-128S4842_ses-m48_acq-3Taccel_T1w.nii.gz,/scratch/ishaan/adni_trillium/derivatives/bsc/128_S_4842_m48_2016-06-29,2016-08-11,3.759069130732375,3.0
128_S_4842_m66_2017-12-29,128_S_4842,/project/rrg-mchakrav-ab/moncia/ADNI/bids_adni_go2/sub-128S4842/ses-m66/anat/sub-128S4842_ses-m66_acq-3Taccel_T1w.nii.gz,/scratch/ishaan/adni_trillium/derivatives/bsc/128_S_4842_m66_2017-12-29,2018-05-02,5.4811772758384665,3.0
128_S_5066_m03_2013-03-13,128_S_5066,/project/rrg-mchakrav-ab/moncia/ADNI/bids_adni_go2/sub-128S5066/ses-m03/anat/sub-128S5066_ses-m03_acq-3Taccel_T1w.nii.gz,/scratch/ishaan/adni_trillium/derivatives/bsc/128_S_5066_m03_2013-03-13,2013-04-02,0.0,3.0
128_S_5066_m06_2013-06-12,128_S_5066,/project/rrg-mchakrav-ab/moncia/ADNI/bids_adni_go2/sub-128S5066/ses-m06/anat/sub-128S5066_ses-m06_acq-3Taccel_T1w.nii.gz,/scratch/ishaan/adni_trillium/derivatives/bsc/128_S_5066_m06_2013-06-12,2013-08-19,0.3805612594113621,3.0
128_S_5066_m12_2013-12-12,128_S_5066,/project/rrg-mchakrav-ab/moncia/ADNI/bids_adni_go2/sub-128S5066/ses-m12/anat/sub-128S5066_ses-m12_acq-3Taccel_T1w.nii.gz,/scratch/ishaan/adni_trillium/derivatives/bsc/128_S_5066_m12_2013-12-12,2014-03-11,0.9390828199863107,3.0
128_S_5066_m24_2014-12-12,128_S_5066,/project/rrg-mchakrav-ab/moncia/ADNI/bids_adni_go2/sub-128S5066/ses-m24/anat/sub-128S5066_ses-m24_acq-3Taccel_T1w.nii.gz,/scratch/ishaan/adni_trillium/derivatives/bsc/128_S_5066_m24_2014-12-12,2015-02-26,1.9028062970568105,3.0
129_S_1246_sc_2007-03-12,129_S_1246,/project/rrg-mchakrav-ab/moncia/ADNI/bids_adni1/sub-129S1246/ses-sc/anat/sub-129S1246_ses-sc_acq-15T_T1w.nii.gz,/scratch/ishaan/adni_trillium/derivatives/bsc/129_S_1246_sc_2007-03-12,2007-02-06,0.0,1.5
129_S_1246_m12_2008-03-11,129_S_1246,/project/rrg-mchakrav-ab/moncia/ADNI/bids_adni1/sub-129S1246/ses-m12/anat/sub-129S1246_ses-m12_acq-15T_T1w.nii.gz,/scratch/ishaan/adni_trillium/derivatives/bsc/129_S_1246_m12_2008-03-11,2008-04-10,1.1745379876796715,1.5
129_S_1246_m18_2008-09-09,129_S_1246,/project/rrg-mchakrav-ab/moncia/ADNI/bids_adni1/sub-129S1246/ses-m18/anat/sub-129S1246_ses-m18_acq-15T_T1w.nii.gz,/scratch/ishaan/adni_trillium/derivatives/bsc/129_S_1246_m18_2008-09-09,2008-09-16,1.6098562628336757,1.5
129_S_1246_m24_2009-03-11,129_S_1246,/project/rrg-mchakrav-ab/moncia/ADNI/bids_adni1/sub-129S1246/ses-m24/anat/sub-129S1246_ses-m24_acq-15T_T1w.nii.gz,/scratch/ishaan/adni_trillium/derivatives/bsc/129_S_1246_m24_2009-03-11,2009-03-04,2.0725530458590007,1.5
129_S_1246_m36_2010-03-11,129_S_1246,/project/rrg-mchakrav-ab/moncia/ADNI/bids_adni1/sub-129S1246/ses-m36/anat/sub-129S1246_ses-m36_acq-15T_T1w.nii.gz,/scratch/ishaan/adni_trillium/derivatives/bsc/129_S_1246_m36_2010-03-11,2010-03-05,3.07460643394935,1.5
129_S_2332_m03_2011-06-29,129_S_2332,/project/rrg-mchakrav-ab/moncia/ADNI/bids_adni_go2/sub-129S2332/ses-m03/anat/sub-129S2332_ses-m03_acq-3Tunaccel_T1w.nii.gz,/scratch/ishaan/adni_trillium/derivatives/bsc/129_S_2332_m03_2011-06-29,2011-06-06,0.0,3.0
129_S_2332_m06_2011-09-28,129_S_2332,/project/rrg-mchakrav-ab/moncia/ADNI/bids_adni_go2/sub-129S2332/ses-m06/anat/sub-129S2332_ses-m06_acq-3Tunaccel_T1w.nii.gz,/scratch/ishaan/adni_trillium/derivatives/bsc/129_S_2332_m06_2011-09-28,2011-09-07,0.2546201232032854,3.0
129_S_2332_m12_2012-03-29,129_S_2332,/project/rrg-mchakrav-ab/moncia/ADNI/bids_adni_go2/sub-129S2332/ses-m12/anat/sub-129S2332_ses-m12_acq-3Tunaccel_T1w.nii.gz,/scratch/ishaan/adni_trillium/derivatives/bsc/129_S_2332_m12_2012-03-29,2012-02-17,0.7008898015058179,3.0
129_S_2332_m24_2013-03-29,129_S_2332,/project/rrg-mchakrav-ab/moncia/ADNI/bids_adni_go2/sub-129S2332/ses-m24/anat/sub-129S2332_ses-m24_acq-3Taccel_T1w.nii.gz,/scratch/ishaan/adni_trillium/derivatives/bsc/129_S_2332_m24_2013-03-29,2013-03-18,1.782340862422998,3.0
129_S_2332_m36_2014-03-29,129_S_2332,/project/rrg-mchakrav-ab/moncia/ADNI/bids_adni_go2/sub-129S2332/ses-m36/anat/sub-129S2332_ses-m36_acq-3Taccel_T1w.nii.gz,/scratch/ishaan/adni_trillium/derivatives/bsc/129_S_2332_m36_2014-03-29,2014-02-25,2.724161533196441,3.0
129_S_2332_m48_2015-03-30,129_S_2332,/project/rrg-mchakrav-ab/moncia/ADNI/bids_adni_go2/sub-129S2332/ses-m48/anat/sub-129S2332_ses-m48_acq-3Taccel_T1w.nii.gz,/scratch/ishaan/adni_trillium/derivatives/bsc/129_S_2332_m48_2015-03-30,2015-03-30,3.813826146475017,3.0
129_S_2332_m72_2017-03-29,129_S_2332,/project/rrg-mchakrav-ab/moncia/ADNI/bids_adni3/sub-129S2332/ses-m72/anat/sub-129S2332_ses-m72_acq-3T_T1w.nii.gz,/scratch/ishaan/adni_trillium/derivatives/bsc/129_S_2332_m72_2017-03-29,2017-05-16,5.943874058863792,3.0
129_S_2332_m84_2018-03-29,129_S_2332,/project/rrg-mchakrav-ab/moncia/ADNI/bids_adni3/sub-129S2332/ses-m84/anat/sub-129S2332_ses-m84_acq-3T_T1w.nii.gz,/scratch/ishaan/adni_trillium/derivatives/bsc/129_S_2332_m84_2018-03-29,2018-04-11,6.847364818617385,3.0
129_S_2332_m96_2019-03-30,129_S_2332,/project/rrg-mchakrav-ab/moncia/ADNI/bids_adni3/sub-129S2332/ses-m96/anat/sub-129S2332_ses-m96_acq-3T_T1w.nii.gz,/scratch/ishaan/adni_trillium/derivatives/bsc/129_S_2332_m96_2019-03-30,2019-04-15,7.857631759069131,3.0
129_S_2332_m120_2021-03-29,129_S_2332,/project/rrg-mchakrav-ab/moncia/ADNI/bids_adni3/sub-129S2332/ses-m120/anat/sub-129S2332_ses-m120_acq-3T_T1w.nii.gz,/scratch/ishaan/adni_trillium/derivatives/bsc/129_S_2332_m120_2021-03-29,2021-04-22,9.878165639972622,3.0
129_S_2347_m03_2011-08-15,129_S_2347,/project/rrg-mchakrav-ab/moncia/ADNI/bids_adni_go2/sub-129S2347/ses-m03/anat/sub-129S2347_ses-m03_acq-3Tunaccel_T1w.nii.gz,/scratch/ishaan/adni_trillium/derivatives/bsc/129_S_2347_m03_2011-08-15,2011-07-06,0.0,3.0
129_S_2347_m06_2011-11-14,129_S_2347,/project/rrg-mchakrav-ab/moncia/ADNI/bids_adni_go2/sub-129S2347/ses-m06/anat/sub-129S2347_ses-m06_acq-3Tunaccel_T1w.nii.gz,/scratch/ishaan/adni_trillium/derivatives/bsc/129_S_2347_m06_2011-11-14,2011-10-18,0.28473648186173856,3.0
129_S_2347_m12_2012-05-15,129_S_2347,/project/rrg-mchakrav-ab/moncia/ADNI/bids_adni_go2/sub-129S2347/ses-m12/anat/sub-129S2347_ses-m12_acq-3Tunaccel_T1w.nii.gz,/scratch/ishaan/adni_trillium/derivatives/bsc/129_S_2347_m12_2012-05-15,2012-03-28,0.7282683093771389,3.0
129_S_2347_m24_2013-05-15,129_S_2347,/project/rrg-mchakrav-ab/moncia/ADNI/bids_adni_go2/sub-129S2347/ses-m24/anat/sub-129S2347_ses-m24_acq-3Taccel_T1w.nii.gz,/scratch/ishaan/adni_trillium/derivatives/bsc/129_S_2347_m24_2013-05-15,2013-04-01,1.7385352498288844,3.0
129_S_2347_m36_2014-05-15,129_S_2347,/project/rrg-mchakrav-ab/moncia/ADNI/bids_adni_go2/sub-129S2347/ses-m36/anat/sub-129S2347_ses-m36_acq-3Taccel_T1w.nii.gz,/scratch/ishaan/adni_trillium/derivatives/bsc/129_S_2347_m36_2014-05-15,2014-04-07,2.754277891854894,3.0
129_S_4220_m03_2011-12-02,129_S_4220,/project/rrg-mchakrav-ab/moncia/ADNI/bids_adni_go2/sub-129S4220/ses-m03/anat/sub-129S4220_ses-m03_acq-3Tunaccel_T1w.nii.gz,/scratch/ishaan/adni_trillium/derivatives/bsc/129_S_4220_m03_2011-12-02,2011-12-12,0.0,3.0
129_S_4220_m06_2012-03-02,129_S_4220,/project/rrg-mchakrav-ab/moncia/ADNI/bids_adni_go2/sub-129S4220/ses-m06/anat/sub-129S4220_ses-m06_acq-3Tunaccel_T1w.nii.gz,/scratch/ishaan/adni_trillium/derivatives/bsc/129_S_4220_m06_2012-03-02,2012-02-14,0.17522245037645448,3.0
129_S_4220_m12_2012-09-01,129_S_4220,/project/rrg-mchakrav-ab/moncia/ADNI/bids_adni_go2/sub-129S4220/ses-m12/anat/sub-129S4220_ses-m12_acq-3Taccel_T1w.nii.gz,/scratch/ishaan/adni_trillium/derivatives/bsc/129_S_4220_m12_2012-09-01,2012-09-21,0.7775496235455168,3.0
129_S_4220_m24_2013-09-01,129_S_4220,/project/rrg-mchakrav-ab/moncia/ADNI/bids_adni_go2/sub-129S4220/ses-m24/anat/sub-129S4220_ses-m24_acq-3Taccel_T1w.nii.gz,/scratch/ishaan/adni_trillium/derivatives/bsc/129_S_4220_m24_2013-09-01,2013-09-24,1.78507871321013,3.0
129_S_4287_m03_2012-01-04,129_S_4287,/project/rrg-mchakrav-ab/moncia/ADNI/bids_adni_go2/sub-129S4287/ses-m03/anat/sub-129S4287_ses-m03_acq-3Tunaccel_T1w.nii.gz,/scratch/ishaan/adni_trillium/derivatives/bsc/129_S_4287_m03_2012-01-04,2012-01-25,0.0,3.0
129_S_4287_m06_2012-04-04,129_S_4287,/project/rrg-mchakrav-ab/moncia/ADNI/bids_adni_go2/sub-129S4287/ses-m06/anat/sub-129S4287_ses-m06_acq-3Tunaccel_T1w.nii.gz,/scratch/ishaan/adni_trillium/derivatives/bsc/129_S_4287_m06_2012-04-04,2012-03-26,0.16700889801505817,3.0
129_S_4287_m12_2012-10-04,129_S_4287,/project/rrg-mchakrav-ab/moncia/ADNI/bids_adni_go2/sub-129S4287/ses-m12/anat/sub-129S4287_ses-m12_acq-3Taccel_T1w.nii.gz,/scratch/ishaan/adni_trillium/derivatives/bsc/129_S_4287_m12_2012-10-04,2012-10-30,0.7638603696098563,3.0
129_S_4287_m24_2013-10-04,129_S_4287,/project/rrg-mchakrav-ab/moncia/ADNI/bids_adni_go2/sub-129S4287/ses-m24/anat/sub-129S4287_ses-m24_acq-3Taccel_T1w.nii.gz,/scratch/ishaan/adni_trillium/derivatives/bsc/129_S_4287_m24_2013-10-04,2013-10-22,1.7412731006160165,3.0
129_S_4287_m48_2015-10-05,129_S_4287,/project/rrg-mchakrav-ab/moncia/ADNI/bids_adni_go2/sub-129S4287/ses-m48/anat/sub-129S4287_ses-m48_acq-3Taccel_T1w.nii.gz,/scratch/ishaan/adni_trillium/derivatives/bsc/129_S_4287_m48_2015-10-05,2015-12-14,3.885010266940452,3.0
129_S_6830_sc_2019-11-04,129_S_6830,/project/rrg-mchakrav-ab/moncia/ADNI/bids_adni3/sub-129S6830/ses-sc/anat/sub-129S6830_ses-sc_acq-3T_T1w.nii.gz,/scratch/ishaan/adni_trillium/derivatives/bsc/129_S_6830_sc_2019-11-04,2019-10-28,0.0,3.0
129_S_6830_m12_2020-11-03,129_S_6830,/project/rrg-mchakrav-ab/moncia/ADNI/bids_adni3/sub-129S6830/ses-m12/anat/sub-129S6830_ses-m12_acq-3T_T1w.nii.gz,/scratch/ishaan/adni_trillium/derivatives/bsc/129_S_6830_m12_2020-11-03,2020-10-28,1.002053388090349,3.0
129_S_6830_m24_2021-11-03,129_S_6830,/project/rrg-mchakrav-ab/moncia/ADNI/bids_adni3/sub-129S6830/ses-m24/anat/sub-129S6830_ses-m24_acq-3T_T1w.nii.gz,/scratch/ishaan/adni_trillium/derivatives/bsc/129_S_6830_m24_2021-11-03,2021-11-01,2.0123203285420943,3.0
129_S_6830_m36_2022-11-03,129_S_6830,/project/rrg-mchakrav-ab/moncia/ADNI/bids_adni3/sub-129S6830/ses-m36/anat/sub-129S6830_ses-m36_acq-3T_T1w.nii.gz,/scratch/ishaan/adni_trillium/derivatives/bsc/129_S_6830_m36_2022-11-03,2022-11-15,3.049965776865161,3.0
130_S_0102_sc_2006-01-13,130_S_0102,/project/rrg-mchakrav-ab/moncia/ADNI/bids_adni1/sub-130S0102/ses-sc/anat/sub-130S0102_ses-sc_acq-15T_T1w.nii.gz,/scratch/ishaan/adni_trillium/derivatives/bsc/130_S_0102_sc_2006-01-13,2005-12-28,0.0,1.5
130_S_0102_m06_2006-07-14,130_S_0102,/project/rrg-mchakrav-ab/moncia/ADNI/bids_adni1/sub-130S0102/ses-m06/anat/sub-130S0102_ses-m06_acq-15T_T1w.nii.gz,/scratch/ishaan/adni_trillium/derivatives/bsc/130_S_0102_m06_2006-07-14,2006-07-27,0.5776865160848734,1.5
130_S_0102_m12_2007-01-13,130_S_0102,/project/rrg-mchakrav-ab/moncia/ADNI/bids_adni1/sub-130S0102/ses-m12/anat/sub-130S0102_ses-m12_acq-15T_T1w.nii.gz,/scratch/ishaan/adni_trillium/derivatives/bsc/130_S_0102_m12_2007-01-13,2007-01-17,1.054072553045859,1.5
130_S_0102_m18_2007-07-14,130_S_0102,/project/rrg-mchakrav-ab/moncia/ADNI/bids_adni1/sub-130S0102/ses-m18/anat/sub-130S0102_ses-m18_acq-15T_T1w.nii.gz,/scratch/ishaan/adni_trillium/derivatives/bsc/130_S_0102_m18_2007-07-14,2007-07-16,1.5468856947296372,1.5
130_S_0285_sc_2006-04-03,130_S_0285,/project/rrg-mchakrav-ab/moncia/ADNI/bids_adni1/sub-130S0285/ses-sc/anat/sub-130S0285_ses-sc_acq-15T_T1w.nii.gz,/scratch/ishaan/adni_trillium/derivatives/bsc/130_S_0285_sc_2006-04-03,2006-03-22,0.0,1.5
130_S_0285_m12_2007-04-03,130_S_0285,/project/rrg-mchakrav-ab/moncia/ADNI/bids_adni1/sub-130S0285/ses-m12/anat/sub-130S0285_ses-m12_acq-15T_T1w.nii.gz,/scratch/ishaan/adni_trillium/derivatives/bsc/130_S_0285_m12_2007-04-03,2007-03-26,1.0102669404517455,1.5
130_S_0285_m24_2008-04-02,130_S_0285,/project/rrg-mchakrav-ab/moncia/ADNI/bids_adni1/sub-130S0285/ses-m24/anat/sub-130S0285_ses-m24_acq-15T_T1w.nii.gz,/scratch/ishaan/adni_trillium/derivatives/bsc/130_S_0285_m24_2008-04-02,2008-04-01,2.028747433264887,1.5
130_S_0285_m48_2010-04-03,130_S_0285,/project/rrg-mchakrav-ab/moncia/ADNI/bids_adni1/sub-130S0285/ses-m48/anat/sub-130S0285_ses-m48_acq-15T_T1w.nii.gz,/scratch/ishaan/adni_trillium/derivatives/bsc/130_S_0285_m48_2010-04-03,2010-04-16,4.068446269678303,1.5
130_S_0449_bl_2006-06-28,130_S_0449,/project/rrg-mchakrav-ab/moncia/ADNI/bids_adni1/sub-130S0449/ses-bl/anat/sub-130S0449_ses-bl_acq-3T_T1w.nii.gz,/scratch/ishaan/adni_trillium/derivatives/bsc/130_S_0449_bl_2006-06-28,2006-05-31,0.0,1.5
130_S_0449_sc_2006-06-28,130_S_0449,/project/rrg-mchakrav-ab/moncia/ADNI/bids_adni1/sub-130S0449/ses-sc/anat/sub-130S0449_ses-sc_acq-15T_T1w.nii.gz,/scratch/ishaan/adni_trillium/derivatives/bsc/130_S_0449_sc_2006-06-28,2006-11-02,0.4243668720054757,1.5
130_S_0449_m06_2006-12-27,130_S_0449,/project/rrg-mchakrav-ab/moncia/ADNI/bids_adni1/sub-130S0449/ses-m06/anat/sub-130S0449_ses-m06_acq-15T_T1w.nii.gz,/scratch/ishaan/adni_trillium/derivatives/bsc/130_S_0449_m06_2006-12-27,2007-02-26,0.7419575633127995,1.5
130_S_0449_m24_2008-06-27,130_S_0449,/project/rrg-mchakrav-ab/moncia/ADNI/bids_adni1/sub-130S0449/ses-m24/anat/sub-130S0449_ses-m24_acq-15T_T1w.nii.gz,/scratch/ishaan/adni_trillium/derivatives/bsc/130_S_0449_m24_2008-06-27,2008-07-16,2.127310061601643,1.5
130_S_0505_bl_2006-10-11,130_S_0505,/project/rrg-mchakrav-ab/moncia/ADNI/bids_adni1/sub-130S0505/ses-bl/anat/sub-130S0505_ses-bl_acq-3T_T1w.nii.gz,/scratch/ishaan/adni_trillium/derivatives/bsc/130_S_0505_bl_2006-10-11,2006-07-25,0.0,1.5
130_S_0505_m06_2007-04-11,130_S_0505,/project/rrg-mchakrav-ab/moncia/ADNI/bids_adni1/sub-130S0505/ses-m06/anat/sub-130S0505_ses-m06_acq-15T_T1w.nii.gz,/scratch/ishaan/adni_trillium/derivatives/bsc/130_S_0505_m06_2007-04-11,2007-04-09,0.7063655030800822,1.5
130_S_0505_m18_2008-04-10,130_S_0505,/project/rrg-mchakrav-ab/moncia/ADNI/bids_adni1/sub-130S0505/ses-m18/anat/sub-130S0505_ses-m18_acq-15T_T1w.nii.gz,/scratch/ishaan/adni_trillium/derivatives/bsc/130_S_0505_m18_2008-04-10,2008-04-10,1.7111567419575633,1.5
130_S_0505_m24_2008-10-10,130_S_0505,/project/rrg-mchakrav-ab/moncia/ADNI/bids_adni1/sub-130S0505/ses-m24/anat/sub-130S0505_ses-m24_acq-3T_T1w.nii.gz,/scratch/ishaan/adni_trillium/derivatives/bsc/130_S_0505_m24_2008-10-10,2008-10-13,2.220396988364134,1.5
130_S_0505_m36_2009-10-10,130_S_0505,/project/rrg-mchakrav-ab/moncia/ADNI/bids_adni1/sub-130S0505/ses-m36/anat/sub-130S0505_ses-m36_acq-15T_T1w.nii.gz,/scratch/ishaan/adni_trillium/derivatives/bsc/130_S_0505_m36_2009-10-10,2009-11-05,3.2826830937713893,1.5
130_S_0783_sc_2006-08-29,130_S_0783,/project/rrg-mchakrav-ab/moncia/ADNI/bids_adni1/sub-130S0783/ses-sc/anat/sub-130S0783_ses-sc_acq-15T_T1w.nii.gz,/scratch/ishaan/adni_trillium/derivatives/bsc/130_S_0783_sc_2006-08-29,2006-08-17,0.0,1.5
130_S_0783_m06_2007-02-27,130_S_0783,/project/rrg-mchakrav-ab/moncia/ADNI/bids_adni1/sub-130S0783/ses-m06/anat/sub-130S0783_ses-m06_acq-15T_T1w.nii.gz,/scratch/ishaan/adni_trillium/derivatives/bsc/130_S_0783_m06_2007-02-27,2007-03-12,0.5667351129363449,1.5
130_S_0783_m12_2007-08-29,130_S_0783,/project/rrg-mchakrav-ab/moncia/ADNI/bids_adni1/sub-130S0783/ses-m12/anat/sub-130S0783_ses-m12_acq-15T_T1w.nii.gz,/scratch/ishaan/adni_trillium/derivatives/bsc/130_S_0783_m12_2007-08-29,2007-08-27,1.0266940451745379,1.5
130_S_0783_m18_2008-02-27,130_S_0783,/project/rrg-mchakrav-ab/moncia/ADNI/bids_adni1/sub-130S0783/ses-m18/anat/sub-130S0783_ses-m18_acq-15T_T1w.nii.gz,/scratch/ishaan/adni_trillium/derivatives/bsc/130_S_0783_m18_2008-02-27,2008-02-27,1.5304585900068446,1.5
130_S_0783_m24_2008-08-28,130_S_0783,/project/rrg-mchakrav-ab/moncia/ADNI/bids_adni1/sub-130S0783/ses-m24/anat/sub-130S0783_ses-m24_acq-15T_T1w.nii.gz,/scratch/ishaan/adni_trillium/derivatives/bsc/130_S_0783_m24_2008-08-28,2008-08-25,2.023271731690623,1.5
130_S_2373_m03_2011-09-05,130_S_2373,/project/rrg-mchakrav-ab/moncia/ADNI/bids_adni_go2/sub-130S2373/ses-m03/anat/sub-130S2373_ses-m03_acq-3Taccel_T1w.nii.gz,/scratch/ishaan/adni_trillium/derivatives/bsc/130_S_2373_m03_2011-09-05,2011-08-01,0.0,3.0
130_S_2373_m06_2011-12-05,130_S_2373,/project/rrg-mchakrav-ab/moncia/ADNI/bids_adni_go2/sub-130S2373/ses-m06/anat/sub-130S2373_ses-m06_acq-3Taccel_T1w.nii.gz,/scratch/ishaan/adni_trillium/derivatives/bsc/130_S_2373_m06_2011-12-05,2011-11-01,0.2518822724161533,3.0
130_S_2373_m12_2012-06-05,130_S_2373,/project/rrg-mchakrav-ab/moncia/ADNI/bids_adni_go2/sub-130S2373/ses-m12/anat/sub-130S2373_ses-m12_acq-3Taccel_T1w.nii.gz,/scratch/ishaan/adni_trillium/derivatives/bsc/130_S_2373_m12_2012-06-05,2012-05-08,0.7693360711841205,3.0
130_S_2373_m24_2013-06-05,130_S_2373,/project/rrg-mchakrav-ab/moncia/ADNI/bids_adni_go2/sub-130S2373/ses-m24/anat/sub-130S2373_ses-m24_acq-3Taccel_T1w.nii.gz,/scratch/ishaan/adni_trillium/derivatives/bsc/130_S_2373_m24_2013-06-05,2013-05-14,1.78507871321013,3.0
130_S_2373_m36_2014-06-05,130_S_2373,/project/rrg-mchakrav-ab/moncia/ADNI/bids_adni_go2/sub-130S2373/ses-m36/anat/sub-130S2373_ses-m36_acq-3Taccel_T1w.nii.gz,/scratch/ishaan/adni_trillium/derivatives/bsc/130_S_2373_m36_2014-06-05,2014-05-12,2.7789185489390826,3.0
130_S_2373_m48_2015-06-06,130_S_2373,/project/rrg-mchakrav-ab/moncia/ADNI/bids_adni_go2/sub-130S2373/ses-m48/anat/sub-130S2373_ses-m48_acq-3Taccel_T1w.nii.gz,/scratch/ishaan/adni_trillium/derivatives/bsc/130_S_2373_m48_2015-06-06,2015-05-29,3.8247775496235454,3.0
130_S_2391_m03_2011-09-23,130_S_2391,/project/rrg-mchakrav-ab/moncia/ADNI/bids_adni_go2/sub-130S2391/ses-m03/anat/sub-130S2391_ses-m03_acq-3Taccel_T1w.nii.gz,/scratch/ishaan/adni_trillium/derivatives/bsc/130_S_2391_m03_2011-09-23,2011-09-19,0.0,3.0
130_S_2391_m12_2012-06-23,130_S_2391,/project/rrg-mchakrav-ab/moncia/ADNI/bids_adni_go2/sub-130S2391/ses-m12/anat/sub-130S2391_ses-m12_acq-3Taccel_T1w.nii.gz,/scratch/ishaan/adni_trillium/derivatives/bsc/130_S_2391_m12_2012-06-23,2012-07-13,0.8158795345653662,3.0
130_S_2391_m24_2013-06-23,130_S_2391,/project/rrg-mchakrav-ab/moncia/ADNI/bids_adni_go2/sub-130S2391/ses-m24/anat/sub-130S2391_ses-m24_acq-3Taccel_T1w.nii.gz,/scratch/ishaan/adni_trillium/derivatives/bsc/130_S_2391_m24_2013-06-23,2013-08-09,1.88911704312115,3.0
130_S_2391_m60_2016-06-23,130_S_2391,/project/rrg-mchakrav-ab/moncia/ADNI/bids_adni_go2/sub-130S2391/ses-m60/anat/sub-130S2391_ses-m60_acq-3Taccel_T1w.nii.gz,/scratch/ishaan/adni_trillium/derivatives/bsc/130_S_2391_m60_2016-06-23,2016-06-23,4.761122518822724,
130_S_4294_m03_2012-01-06,130_S_4294,/project/rrg-mchakrav-ab/moncia/ADNI/bids_adni_go2/sub-130S4294/ses-m03/anat/sub-130S4294_ses-m03_acq-3Taccel_T1w.nii.gz,/scratch/ishaan/adni_trillium/derivatives/bsc/130_S_4294_m03_2012-01-06,2011-11-21,0.0,3.0
130_S_4294_m06_2012-04-06,130_S_4294,/project/rrg-mchakrav-ab/moncia/ADNI/bids_adni_go2/sub-130S4294/ses-m06/anat/sub-130S4294_ses-m06_acq-3Taccel_T1w.nii.gz,/scratch/ishaan/adni_trillium/derivatives/bsc/130_S_4294_m06_2012-04-06,2012-02-29,0.2737850787132101,3.0
130_S_4294_m12_2012-10-06,130_S_4294,/project/rrg-mchakrav-ab/moncia/ADNI/bids_adni_go2/sub-130S4294/ses-m12/anat/sub-130S4294_ses-m12_acq-3Taccel_T1w.nii.gz,/scratch/ishaan/adni_trillium/derivatives/bsc/130_S_4294_m12_2012-10-06,2012-11-27,1.0184804928131417,3.0
130_S_4294_m24_2013-10-06,130_S_4294,/project/rrg-mchakrav-ab/moncia/ADNI/bids_adni_go2/sub-130S4294/ses-m24/anat/sub-130S4294_ses-m24_acq-3Taccel_T1w.nii.gz,/scratch/ishaan/adni_trillium/derivatives/bsc/130_S_4294_m24_2013-10-06,2013-11-15,1.9849418206707734,3.0
130_S_4294_m48_2015-10-07,130_S_4294,/project/rrg-mchakrav-ab/moncia/ADNI/bids_adni_go2/sub-130S4294/ses-m48/anat/sub-130S4294_ses-m48_acq-3Taccel_T1w.nii.gz,/scratch/ishaan/adni_trillium/derivatives/bsc/130_S_4294_m48_2015-10-07,2015-12-16,4.068446269678303,3.0
130_S_4417_m03_2012-03-06,130_S_4417,/project/rrg-mchakrav-ab/moncia/ADNI/bids_adni_go2/sub-130S4417/ses-m03/anat/sub-130S4417_ses-m03_acq-3Taccel_T1w.nii.gz,/scratch/ishaan/adni_trillium/derivatives/bsc/130_S_4417_m03_2012-03-06,2012-01-18,0.0,3.0
130_S_4417_m06_2012-06-05,130_S_4417,/project/rrg-mchakrav-ab/moncia/ADNI/bids_adni_go2/sub-130S4417/ses-m06/anat/sub-130S4417_ses-m06_acq-3Taccel_T1w.nii.gz,/scratch/ishaan/adni_trillium/derivatives/bsc/130_S_4417_m06_2012-06-05,2012-04-20,0.2546201232032854,3.0
130_S_4417_m12_2012-12-05,130_S_4417,/project/rrg-mchakrav-ab/moncia/ADNI/bids_adni_go2/sub-130S4417/ses-m12/anat/sub-130S4417_ses-m12_acq-3Taccel_T1w.nii.gz,/scratch/ishaan/adni_trillium/derivatives/bsc/130_S_4417_m12_2012-12-05,2013-02-06,1.054072553045859,3.0
130_S_4417_m24_2013-12-05,130_S_4417,/project/rrg-mchakrav-ab/moncia/ADNI/bids_adni_go2/sub-130S4417/ses-m24/anat/sub-130S4417_ses-m24_acq-3Taccel_T1w.nii.gz,/scratch/ishaan/adni_trillium/derivatives/bsc/130_S_4417_m24_2013-12-05,2014-02-13,2.0725530458590007,3.0
130_S_4417_m48_2015-12-06,130_S_4417,/project/rrg-mchakrav-ab/moncia/ADNI/bids_adni_go2/sub-130S4417/ses-m48/anat/sub-130S4417_ses-m48_acq-3Taccel_T1w.nii.gz,/scratch/ishaan/adni_trillium/derivatives/bsc/130_S_4417_m48_2015-12-06,2016-02-19,4.087611225188227,3.0
130_S_4417_m66_2017-06-06,130_S_4417,/project/rrg-mchakrav-ab/moncia/ADNI/bids_adni3/sub-130S4417/ses-m66/anat/sub-130S4417_ses-m66_acq-3T_T1w.nii.gz,/scratch/ishaan/adni_trillium/derivatives/bsc/130_S_4417_m66_2017-06-06,2017-08-11,5.563312799452429,3.0
130_S_4417_m78_2018-06-06,130_S_4417,/project/rrg-mchakrav-ab/moncia/ADNI/bids_adni3/sub-130S4417/ses-m78/anat/sub-130S4417_ses-m78_acq-3T_T1w.nii.gz,/scratch/ishaan/adni_trillium/derivatives/bsc/130_S_4417_m78_2018-06-06,2018-08-09,6.5571526351813825,3.0
130_S_4417_m90_2019-06-06,130_S_4417,/project/rrg-mchakrav-ab/moncia/ADNI/bids_adni3/sub-130S4417/ses-m90/anat/sub-130S4417_ses-m90_acq-3T_T1w.nii.gz,/scratch/ishaan/adni_trillium/derivatives/bsc/130_S_4417_m90_2019-06-06,2019-08-21,7.5893223819301845,3.0
130_S_4417_m102_2020-06-05,130_S_4417,/project/rrg-mchakrav-ab/moncia/ADNI/bids_adni3/sub-130S4417/ses-m102/anat/sub-130S4417_ses-m102_acq-3T_T1w.nii.gz,/scratch/ishaan/adni_trillium/derivatives/bsc/130_S_4417_m102_2020-06-05,2020-08-18,8.583162217659138,3.0
130_S_4817_m03_2012-09-20,130_S_4817,/project/rrg-mchakrav-ab/moncia/ADNI/bids_adni_go2/sub-130S4817/ses-m03/anat/sub-130S4817_ses-m03_acq-3Taccel_T1w.nii.gz,/scratch/ishaan/adni_trillium/derivatives/bsc/130_S_4817_m03_2012-09-20,2012-10-15,0.0,3.0
130_S_4817_m06_2012-12-20,130_S_4817,/project/rrg-mchakrav-ab/moncia/ADNI/bids_adni_go2/sub-130S4817/ses-m06/anat/sub-130S4817_ses-m06_acq-3Taccel_T1w.nii.gz,/scratch/ishaan/adni_trillium/derivatives/bsc/130_S_4817_m06_2012-12-20,2013-01-22,0.27104722792607805,3.0
130_S_4817_m12_2013-06-21,130_S_4817,/project/rrg-mchakrav-ab/moncia/ADNI/bids_adni_go2/sub-130S4817/ses-m12/anat/sub-130S4817_ses-m12_acq-3Taccel_T1w.nii.gz,/scratch/ishaan/adni_trillium/derivatives/bsc/130_S_4817_m12_2013-06-21,2013-07-26,0.7775496235455168,3.0
130_S_4817_m24_2014-06-21,130_S_4817,/project/rrg-mchakrav-ab/moncia/ADNI/bids_adni_go2/sub-130S4817/ses-m24/anat/sub-130S4817_ses-m24_acq-3Taccel_T1w.nii.gz,/scratch/ishaan/adni_trillium/derivatives/bsc/130_S_4817_m24_2014-06-21,2014-07-29,1.78507871321013,3.0
130_S_4817_m48_2016-06-21,130_S_4817,/project/rrg-mchakrav-ab/moncia/ADNI/bids_adni_go2/sub-130S4817/ses-m48/anat/sub-130S4817_ses-m48_acq-3Taccel_T1w.nii.gz,/scratch/ishaan/adni_trillium/derivatives/bsc/130_S_4817_m48_2016-06-21,2016-07-22,3.7672826830937716,3.0
130_S_4817_m60_2017-06-21,130_S_4817,/project/rrg-mchakrav-ab/moncia/ADNI/bids_adni3/sub-130S4817/ses-m60/anat/sub-130S4817_ses-m60_acq-3T_T1w.nii.gz,/scratch/ishaan/adni_trillium/derivatives/bsc/130_S_4817_m60_2017-06-21,2017-04-21,4.514715947980835,3.0
130_S_4817_m72_2018-06-21,130_S_4817,/project/rrg-mchakrav-ab/moncia/ADNI/bids_adni3/sub-130S4817/ses-m72/anat/sub-130S4817_ses-m72_acq-3T_T1w.nii.gz,/scratch/ishaan/adni_trillium/derivatives/bsc/130_S_4817_m72_2018-06-21,2018-05-04,5.549623545516769,3.0
130_S_4817_m84_2019-06-21,130_S_4817,/project/rrg-mchakrav-ab/moncia/ADNI/bids_adni3/sub-130S4817/ses-m84/anat/sub-130S4817_ses-m84_acq-3T_T1w.nii.gz,/scratch/ishaan/adni_trillium/derivatives/bsc/130_S_4817_m84_2019-06-21,2019-05-06,6.55441478439425,3.0
130_S_4817_m108_2021-06-21,130_S_4817,/project/rrg-mchakrav-ab/moncia/ADNI/bids_adni3/sub-130S4817/ses-m108/anat/sub-130S4817_ses-m108_acq-3T_T1w.nii.gz,/scratch/ishaan/adni_trillium/derivatives/bsc/130_S_4817_m108_2021-06-21,2021-05-07,8.558521560574949,3.0
130_S_4883_m03_2012-10-23,130_S_4883,/project/rrg-mchakrav-ab/moncia/ADNI/bids_adni_go2/sub-130S4883/ses-m03/anat/sub-130S4883_ses-m03_acq-3Taccel_T1w.nii.gz,/scratch/ishaan/adni_trillium/derivatives/bsc/130_S_4883_m03_2012-10-23,2012-08-10,0.0,3.0
130_S_4883_m06_2013-01-22,130_S_4883,/project/rrg-mchakrav-ab/moncia/ADNI/bids_adni_go2/sub-130S4883/ses-m06/anat/sub-130S4883_ses-m06_acq-3Taccel_T1w.nii.gz,/scratch/ishaan/adni_trillium/derivatives/bsc/130_S_4883_m06_2013-01-22,2012-12-05,0.3203285420944558,3.0
130_S_4883_m12_2013-07-24,130_S_4883,/project/rrg-mchakrav-ab/moncia/ADNI/bids_adni_go2/sub-130S4883/ses-m12/anat/sub-130S4883_ses-m12_acq-3Taccel_T1w.nii.gz,/scratch/ishaan/adni_trillium/derivatives/bsc/130_S_4883_m12_2013-07-24,2013-05-24,0.785763175906913,3.0
130_S_4883_m24_2014-07-24,130_S_4883,/project/rrg-mchakrav-ab/moncia/ADNI/bids_adni_go2/sub-130S4883/ses-m24/anat/sub-130S4883_ses-m24_acq-3Taccel_T1w.nii.gz,/scratch/ishaan/adni_trillium/derivatives/bsc/130_S_4883_m24_2014-07-24,2014-08-28,2.0479123887748116,3.0
130_S_4925_m03_2012-11-27,130_S_4925,/project/rrg-mchakrav-ab/moncia/ADNI/bids_adni_go2/sub-130S4925/ses-m03/anat/sub-130S4925_ses-m03_acq-3Taccel_T1w.nii.gz,/scratch/ishaan/adni_trillium/derivatives/bsc/130_S_4925_m03_2012-11-27,2012-12-19,0.0,3.0
130_S_4925_m06_2013-02-26,130_S_4925,/project/rrg-mchakrav-ab/moncia/ADNI/bids_adni_go2/sub-130S4925/ses-m06/anat/sub-130S4925_ses-m06_acq-3Taccel_T1w.nii.gz,/scratch/ishaan/adni_trillium/derivatives/bsc/130_S_4925_m06_2013-02-26,2013-04-19,0.33127994524298426,3.0
130_S_4925_m12_2013-08-28,130_S_4925,/project/rrg-mchakrav-ab/moncia/ADNI/bids_adni_go2/sub-130S4925/ses-m12/anat/sub-130S4925_ses-m12_acq-3Taccel_T1w.nii.gz,/scratch/ishaan/adni_trillium/derivatives/bsc/130_S_4925_m12_2013-08-28,2013-10-14,0.8186173853524983,3.0
130_S_4925_m24_2014-08-28,130_S_4925,/project/rrg-mchakrav-ab/moncia/ADNI/bids_adni_go2/sub-130S4925/ses-m24/anat/sub-130S4925_ses-m24_acq-3Taccel_T1w.nii.gz,/scratch/ishaan/adni_trillium/derivatives/bsc/130_S_4925_m24_2014-08-28,2014-10-10,1.8069815195071868,3.0
130_S_6604_sc_2018-10-08,130_S_6604,/project/rrg-mchakrav-ab/moncia/ADNI/bids_adni3/sub-130S6604/ses-sc/anat/sub-130S6604_ses-sc_acq-3T_T1w.nii.gz,/scratch/ishaan/adni_trillium/derivatives/bsc/130_S_6604_sc_2018-10-08,2018-10-12,0.0,3.0
130_S_6604_m12_2019-10-08,130_S_6604,/project/rrg-mchakrav-ab/moncia/ADNI/bids_adni3/sub-130S6604/ses-m12/anat/sub-130S6604_ses-m12_acq-3T_T1w.nii.gz,/scratch/ishaan/adni_trillium/derivatives/bsc/130_S_6604_m12_2019-10-08,2019-11-12,1.0841889117043122,3.0
130_S_6604_m24_2020-10-07,130_S_6604,/project/rrg-mchakrav-ab/moncia/ADNI/bids_adni3/sub-130S6604/ses-m24/anat/sub-130S6604_ses-m24_acq-3T_T1w.nii.gz,/scratch/ishaan/adni_trillium/derivatives/bsc/130_S_6604_m24_2020-10-07,2020-11-10,2.080766598220397,3.0
130_S_6604_m36_2021-10-07,130_S_6604,/project/rrg-mchakrav-ab/moncia/ADNI/bids_adni3/sub-130S6604/ses-m36/anat/sub-130S6604_ses-m36_acq-3T_T1w.nii.gz,/scratch/ishaan/adni_trillium/derivatives/bsc/130_S_6604_m36_2021-10-07,2021-11-30,3.134839151266256,3.0
130_S_6688_sc_2019-02-07,130_S_6688,/project/rrg-mchakrav-ab/moncia/ADNI/bids_adni3/sub-130S6688/ses-sc/anat/sub-130S6688_ses-sc_acq-3T_T1w.nii.gz,/scratch/ishaan/adni_trillium/derivatives/bsc/130_S_6688_sc_2019-02-07,2019-02-12,0.0,3.0
130_S_6688_m12_2020-02-07,130_S_6688,/project/rrg-mchakrav-ab/moncia/ADNI/bids_adni3/sub-130S6688/ses-m12/anat/sub-130S6688_ses-m12_acq-3T_T1w.nii.gz,/scratch/ishaan/adni_trillium/derivatives/bsc/130_S_6688_m12_2020-02-07,2020-03-05,1.0595482546201231,3.0
130_S_6688_m24_2021-02-06,130_S_6688,/project/rrg-mchakrav-ab/moncia/ADNI/bids_adni3/sub-130S6688/ses-m24/anat/sub-130S6688_ses-m24_acq-3T_T1w.nii.gz,/scratch/ishaan/adni_trillium/derivatives/bsc/130_S_6688_m24_2021-02-06,2021-06-30,2.379192334017796,3.0
130_S_6688_m42_2022-08-08,130_S_6688,/project/rrg-mchakrav-ab/moncia/ADNI/bids_adni3/sub-130S6688/ses-m42/anat/sub-130S6688_ses-m42_acq-3T_T1w.nii.gz,/scratch/ishaan/adni_trillium/derivatives/bsc/130_S_6688_m42_2022-08-08,2022-06-16,3.3401779603011637,3.0
131_S_0384_m06_2006-10-24,131_S_0384,/project/rrg-mchakrav-ab/moncia/ADNI/bids_adni1/sub-131S0384/ses-m06/anat/sub-131S0384_ses-m06_acq-15T_T1w.nii.gz,/scratch/ishaan/adni_trillium/derivatives/bsc/131_S_0384_m06_2006-10-24,2006-12-13,0.0,3.0
131_S_0384_m12_2007-04-25,131_S_0384,/project/rrg-mchakrav-ab/moncia/ADNI/bids_adni1/sub-131S0384/ses-m12/anat/sub-131S0384_ses-m12_acq-3T_T1w.nii.gz,/scratch/ishaan/adni_trillium/derivatives/bsc/131_S_0384_m12_2007-04-25,2007-05-22,0.4380561259411362,3.0
131_S_0384_m24_2008-04-24,131_S_0384,/project/rrg-mchakrav-ab/moncia/ADNI/bids_adni1/sub-131S0384/ses-m24/anat/sub-131S0384_ses-m24_acq-15T_T1w.nii.gz,/scratch/ishaan/adni_trillium/derivatives/bsc/131_S_0384_m24_2008-04-24,2008-04-25,1.3661875427789185,1.5
131_S_0384_m36_2009-04-24,131_S_0384,/project/rrg-mchakrav-ab/moncia/ADNI/bids_adni1/sub-131S0384/ses-m36/anat/sub-131S0384_ses-m36_acq-15T_T1w.nii.gz,/scratch/ishaan/adni_trillium/derivatives/bsc/131_S_0384_m36_2009-04-24,2009-05-01,2.3819301848049284,1.5
131_S_0384_m48_2010-04-25,131_S_0384,/project/rrg-mchakrav-ab/moncia/ADNI/bids_adni1/sub-131S0384/ses-m48/anat/sub-131S0384_ses-m48_acq-15T_T1w.nii.gz,/scratch/ishaan/adni_trillium/derivatives/bsc/131_S_0384_m48_2010-04-25,2010-06-29,3.542778918548939,1.5
131_S_0384_m138_2017-10-24,131_S_0384,/project/rrg-mchakrav-ab/moncia/ADNI/bids_adni3/sub-131S0384/ses-m138/anat/sub-131S0384_ses-m138_acq-3T_T1w.nii.gz,/scratch/ishaan/adni_trillium/derivatives/bsc/131_S_0384_m138_2017-10-24,2018-01-11,11.080082135523615,3.0
133_S_0727_bl_2006-09-20,133_S_0727,/project/rrg-mchakrav-ab/moncia/ADNI/bids_adni1/sub-133S0727/ses-bl/anat/sub-133S0727_ses-bl_acq-3T_T1w.nii.gz,/scratch/ishaan/adni_trillium/derivatives/bsc/133_S_0727_bl_2006-09-20,2006-09-07,0.0,1.5
133_S_0727_sc_2006-09-20,133_S_0727,/project/rrg-mchakrav-ab/moncia/ADNI/bids_adni1/sub-133S0727/ses-sc/anat/sub-133S0727_ses-sc_acq-15T_T1w.nii.gz,/scratch/ishaan/adni_trillium/derivatives/bsc/133_S_0727_sc_2006-09-20,2006-11-29,0.2272416153319644,2.9
133_S_0727_m06_2007-03-21,133_S_0727,/project/rrg-mchakrav-ab/moncia/ADNI/bids_adni1/sub-133S0727/ses-m06/anat/sub-133S0727_ses-m06_acq-15T_T1w.nii.gz,/scratch/ishaan/adni_trillium/derivatives/bsc/133_S_0727_m06_2007-03-21,2007-03-15,0.5174537987679672,1.5
133_S_0727_m12_2007-09-20,133_S_0727,/project/rrg-mchakrav-ab/moncia/ADNI/bids_adni1/sub-133S0727/ses-m12/anat/sub-133S0727_ses-m12_acq-3T_T1w.nii.gz,/scratch/ishaan/adni_trillium/derivatives/bsc/133_S_0727_m12_2007-09-20,2007-09-20,1.0349075975359343,1.5
133_S_0771_bl_2006-10-04,133_S_0771,/project/rrg-mchakrav-ab/moncia/ADNI/bids_adni1/sub-133S0771/ses-bl/anat/sub-133S0771_ses-bl_acq-3T_T1w.nii.gz,/scratch/ishaan/adni_trillium/derivatives/bsc/133_S_0771_bl_2006-10-04,2006-09-05,0.0,1.5
133_S_0771_sc_2006-10-04,133_S_0771,/project/rrg-mchakrav-ab/moncia/ADNI/bids_adni1/sub-133S0771/ses-sc/anat/sub-133S0771_ses-sc_acq-15T_T1w.nii.gz,/scratch/ishaan/adni_trillium/derivatives/bsc/133_S_0771_sc_2006-10-04,2006-10-18,0.11772758384668036,2.9
133_S_0771_m06_2007-04-04,133_S_0771,/project/rrg-mchakrav-ab/moncia/ADNI/bids_adni1/sub-133S0771/ses-m06/anat/sub-133S0771_ses-m06_acq-15T_T1w.nii.gz,/scratch/ishaan/adni_trillium/derivatives/bsc/133_S_0771_m06_2007-04-04,2007-04-05,0.5804243668720055,2.9
133_S_0771_m18_2008-04-03,133_S_0771,/project/rrg-mchakrav-ab/moncia/ADNI/bids_adni1/sub-133S0771/ses-m18/anat/sub-133S0771_ses-m18_acq-15T_T1w.nii.gz,/scratch/ishaan/adni_trillium/derivatives/bsc/133_S_0771_m18_2008-04-03,2008-04-17,1.6153319644079398,1.5
133_S_0771_m24_2008-10-03,133_S_0771,/project/rrg-mchakrav-ab/moncia/ADNI/bids_adni1/sub-133S0771/ses-m24/anat/sub-133S0771_ses-m24_acq-15T_T1w.nii.gz,/scratch/ishaan/adni_trillium/derivatives/bsc/133_S_0771_m24_2008-10-03,2008-10-06,2.086242299794661,1.5
133_S_0792_bl_2006-09-25,133_S_0792,/project/rrg-mchakrav-ab/moncia/ADNI/bids_adni1/sub-133S0792/ses-bl/anat/sub-133S0792_ses-bl_acq-3T_T1w.nii.gz,/scratch/ishaan/adni_trillium/derivatives/bsc/133_S_0792_bl_2006-09-25,2006-08-25,0.0,1.5
133_S_0792_sc_2006-09-25,133_S_0792,/project/rrg-mchakrav-ab/moncia/ADNI/bids_adni1/sub-133S0792/ses-sc/anat/sub-133S0792_ses-sc_acq-15T_T1w.nii.gz,/scratch/ishaan/adni_trillium/derivatives/bsc/133_S_0792_sc_2006-09-25,2006-09-25,0.08487337440109514,2.9
133_S_0792_m06_2007-03-26,133_S_0792,/project/rrg-mchakrav-ab/moncia/ADNI/bids_adni1/sub-133S0792/ses-m06/anat/sub-133S0792_ses-m06_acq-15T_T1w.nii.gz,/scratch/ishaan/adni_trillium/derivatives/bsc/133_S_0792_m06_2007-03-26,2007-03-30,0.5941136208076659,1.5
133_S_0792_m24_2008-09-24,133_S_0792,/project/rrg-mchakrav-ab/moncia/ADNI/bids_adni1/sub-133S0792/ses-m24/anat/sub-133S0792_ses-m24_acq-15T_T1w.nii.gz,/scratch/ishaan/adni_trillium/derivatives/bsc/133_S_0792_m24_2008-09-24,2008-09-17,2.0643394934976045,1.5
133_S_0912_bl_2006-10-24,133_S_0912,/project/rrg-mchakrav-ab/moncia/ADNI/bids_adni1/sub-133S0912/ses-bl/anat/sub-133S0912_ses-bl_acq-3T_T1w.nii.gz,/scratch/ishaan/adni_trillium/derivatives/bsc/133_S_0912_bl_2006-10-24,2006-10-09,0.0,1.5
133_S_0912_sc_2006-10-24,133_S_0912,/project/rrg-mchakrav-ab/moncia/ADNI/bids_adni1/sub-133S0912/ses-sc/anat/sub-133S0912_ses-sc_acq-15T_T1w.nii.gz,/scratch/ishaan/adni_trillium/derivatives/bsc/133_S_0912_sc_2006-10-24,2006-10-23,0.038329911019849415,2.9
133_S_0912_m06_2007-04-24,133_S_0912,/project/rrg-mchakrav-ab/moncia/ADNI/bids_adni1/sub-133S0912/ses-m06/anat/sub-133S0912_ses-m06_acq-15T_T1w.nii.gz,/scratch/ishaan/adni_trillium/derivatives/bsc/133_S_0912_m06_2007-04-24,2007-04-23,0.5366187542778919,1.5
133_S_0912_m18_2008-04-23,133_S_0912,/project/rrg-mchakrav-ab/moncia/ADNI/bids_adni1/sub-133S0912/ses-m18/anat/sub-133S0912_ses-m18_acq-15T_T1w.nii.gz,/scratch/ishaan/adni_trillium/derivatives/bsc/133_S_0912_m18_2008-04-23,2008-04-23,1.538672142368241,3.0
133_S_0912_m24_2008-10-23,133_S_0912,/project/rrg-mchakrav-ab/moncia/ADNI/bids_adni1/sub-133S0912/ses-m24/anat/sub-133S0912_ses-m24_acq-15T_T1w.nii.gz,/scratch/ishaan/adni_trillium/derivatives/bsc/133_S_0912_m24_2008-10-23,2008-11-06,2.078028747433265,1.5
135_S_4722_m03_2012-08-08,135_S_4722,/project/rrg-mchakrav-ab/moncia/ADNI/bids_adni_go2/sub-135S4722/ses-m03/anat/sub-135S4722_ses-m03_acq-3Taccel_T1w.nii.gz,/scratch/ishaan/adni_trillium/derivatives/bsc/135_S_4722_m03_2012-08-08,2012-08-15,0.0,3.0
135_S_4722_m06_2012-11-07,135_S_4722,/project/rrg-mchakrav-ab/moncia/ADNI/bids_adni_go2/sub-135S4722/ses-m06/anat/sub-135S4722_ses-m06_acq-3Taccel_T1w.nii.gz,/scratch/ishaan/adni_trillium/derivatives/bsc/135_S_4722_m06_2012-11-07,2012-12-05,0.3066392881587953,3.0
135_S_4722_m12_2013-05-09,135_S_4722,/project/rrg-mchakrav-ab/moncia/ADNI/bids_adni_go2/sub-135S4722/ses-m12/anat/sub-135S4722_ses-m12_acq-3Taccel_T1w.nii.gz,/scratch/ishaan/adni_trillium/derivatives/bsc/135_S_4722_m12_2013-05-09,2013-06-12,0.8240930869267625,3.0
135_S_4722_m24_2014-05-09,135_S_4722,/project/rrg-mchakrav-ab/moncia/ADNI/bids_adni_go2/sub-135S4722/ses-m24/anat/sub-135S4722_ses-m24_acq-3Taccel_T1w.nii.gz,/scratch/ishaan/adni_trillium/derivatives/bsc/135_S_4722_m24_2014-05-09,2014-06-17,1.83709787816564,3.0
135_S_4722_m48_2016-05-09,135_S_4722,/project/rrg-mchakrav-ab/moncia/ADNI/bids_adni_go2/sub-135S4722/ses-m48/anat/sub-135S4722_ses-m48_acq-3Taccel_T1w.nii.gz,/scratch/ishaan/adni_trillium/derivatives/bsc/135_S_4722_m48_2016-05-09,2016-05-12,3.7399041752224504,3.0
135_S_4722_m60_2017-05-09,135_S_4722,/project/rrg-mchakrav-ab/moncia/ADNI/bids_adni3/sub-135S4722/ses-m60/anat/sub-135S4722_ses-m60_acq-3T_T1w.nii.gz,/scratch/ishaan/adni_trillium/derivatives/bsc/135_S_4722_m60_2017-05-09,2017-06-22,4.851471594798084,3.0
135_S_4722_m72_2018-05-09,135_S_4722,/project/rrg-mchakrav-ab/moncia/ADNI/bids_adni3/sub-135S4722/ses-m72/anat/sub-135S4722_ses-m72_acq-3T_T1w.nii.gz,/scratch/ishaan/adni_trillium/derivatives/bsc/135_S_4722_m72_2018-05-09,2018-07-06,5.88911704312115,3.0
135_S_4722_m84_2019-05-09,135_S_4722,/project/rrg-mchakrav-ab/moncia/ADNI/bids_adni3/sub-135S4722/ses-m84/anat/sub-135S4722_ses-m84_acq-3T_T1w.nii.gz,/scratch/ishaan/adni_trillium/derivatives/bsc/135_S_4722_m84_2019-05-09,2019-06-25,6.8583162217659135,3.0
135_S_4722_m96_2020-05-09,135_S_4722,/project/rrg-mchakrav-ab/moncia/ADNI/bids_adni3/sub-135S4722/ses-m96/anat/sub-135S4722_ses-m96_acq-3T_T1w.nii.gz,/scratch/ishaan/adni_trillium/derivatives/bsc/135_S_4722_m96_2020-05-09,2020-06-30,7.874058863791923,3.0
135_S_4722_m108_2021-05-09,135_S_4722,/project/rrg-mchakrav-ab/moncia/ADNI/bids_adni3/sub-135S4722/ses-m108/anat/sub-135S4722_ses-m108_acq-3T_T1w.nii.gz,/scratch/ishaan/adni_trillium/derivatives/bsc/135_S_4722_m108_2021-05-09,2021-06-17,8.837782340862423,3.0
135_S_4722_m120_2022-05-09,135_S_4722,/project/rrg-mchakrav-ab/moncia/ADNI/bids_adni3/sub-135S4722/ses-m120/anat/sub-135S4722_ses-m120_acq-3T_T1w.nii.gz,/scratch/ishaan/adni_trillium/derivatives/bsc/135_S_4722_m120_2022-05-09,2022-06-21,9.848049281314168,3.0
135_S_6446_sc_2018-06-21,135_S_6446,/project/rrg-mchakrav-ab/moncia/ADNI/bids_adni3/sub-135S6446/ses-sc/anat/sub-135S6446_ses-sc_acq-3T_T1w.nii.gz,/scratch/ishaan/adni_trillium/derivatives/bsc/135_S_6446_sc_2018-06-21,2018-06-21,0.0,3.0
135_S_6446_m12_2019-06-21,135_S_6446,/project/rrg-mchakrav-ab/moncia/ADNI/bids_adni3/sub-135S6446/ses-m12/anat/sub-135S6446_ses-m12_acq-3T_T1w.nii.gz,/scratch/ishaan/adni_trillium/derivatives/bsc/135_S_6446_m12_2019-06-21,2019-07-11,1.054072553045859,3.0
135_S_6446_m24_2020-06-20,135_S_6446,/project/rrg-mchakrav-ab/moncia/ADNI/bids_adni3/sub-135S6446/ses-m24/anat/sub-135S6446_ses-m24_acq-3T_T1w.nii.gz,/scratch/ishaan/adni_trillium/derivatives/bsc/135_S_6446_m24_2020-06-20,2020-07-14,2.0643394934976045,3.0
135_S_6446_m36_2021-06-20,135_S_6446,/project/rrg-mchakrav-ab/moncia/ADNI/bids_adni3/sub-135S6446/ses-m36/anat/sub-135S6446_ses-m36_acq-3T_T1w.nii.gz,/scratch/ishaan/adni_trillium/derivatives/bsc/135_S_6446_m36_2021-06-20,2021-07-06,3.0417522245037647,3.0
135_S_6446_m48_2022-06-21,135_S_6446,/project/rrg-mchakrav-ab/moncia/ADNI/bids_adni3/sub-135S6446/ses-m48/anat/sub-135S6446_ses-m48_acq-3T_T1w.nii.gz,/scratch/ishaan/adni_trillium/derivatives/bsc/135_S_6446_m48_2022-06-21,2022-07-15,4.0657084188911705,3.0
135_S_6446_m60_2023-06-21,135_S_6446,/project/rrg-mchakrav-ab/moncia/ADNI/bids_adni3/sub-135S6446/ses-m60/anat/sub-135S6446_ses-m60_acq-3T_T1w.nii.gz,/scratch/ishaan/adni_trillium/derivatives/bsc/135_S_6446_m60_2023-06-21,2023-07-12,5.0568104038329915,3.0
135_S_6586_sc_2018-09-19,135_S_6586,/project/rrg-mchakrav-ab/moncia/ADNI/bids_adni3/sub-135S6586/ses-sc/anat/sub-135S6586_ses-sc_acq-3T_T1w.nii.gz,/scratch/ishaan/adni_trillium/derivatives/bsc/135_S_6586_sc_2018-09-19,2018-09-19,0.0,3.0
135_S_6586_m12_2019-09-19,135_S_6586,/project/rrg-mchakrav-ab/moncia/ADNI/bids_adni3/sub-135S6586/ses-m12/anat/sub-135S6586_ses-m12_acq-3T_T1w.nii.gz,/scratch/ishaan/adni_trillium/derivatives/bsc/135_S_6586_m12_2019-09-19,2019-10-25,1.0978781656399725,3.0
135_S_6586_m24_2020-09-18,135_S_6586,/project/rrg-mchakrav-ab/moncia/ADNI/bids_adni3/sub-135S6586/ses-m24/anat/sub-135S6586_ses-m24_acq-3T_T1w.nii.gz,/scratch/ishaan/adni_trillium/derivatives/bsc/135_S_6586_m24_2020-09-18,2020-10-15,2.0725530458590007,3.0
135_S_6586_m36_2021-09-18,135_S_6586,/project/rrg-mchakrav-ab/moncia/ADNI/bids_adni3/sub-135S6586/ses-m36/anat/sub-135S6586_ses-m36_acq-3T_T1w.nii.gz,/scratch/ishaan/adni_trillium/derivatives/bsc/135_S_6586_m36_2021-09-18,2021-10-12,3.0636550308008212,3.0
135_S_6586_m48_2022-09-19,135_S_6586,/project/rrg-mchakrav-ab/moncia/ADNI/bids_adni3/sub-135S6586/ses-m48/anat/sub-135S6586_ses-m48_acq-3T_T1w.nii.gz,/scratch/ishaan/adni_trillium/derivatives/bsc/135_S_6586_m48_2022-09-19,2022-10-26,4.101300479123887,3.0
135_S_6586_m66_2024-03-20,135_S_6586,/project/rrg-mchakrav-ab/moncia/ADNI/bids_adni4_qc/sub-135S6586/ses-m66/anat/sub-135S6586_ses-m66_acq-3Taccel_T1w.nii.gz,/scratch/ishaan/adni_trillium/derivatives/bsc/135_S_6586_m66_2024-03-20,2024-06-05,5.711156741957564,3.0
135_S_6703_sc_2019-03-22,135_S_6703,/project/rrg-mchakrav-ab/moncia/ADNI/bids_adni3/sub-135S6703/ses-sc/anat/sub-135S6703_ses-sc_acq-3T_T1w.nii.gz,/scratch/ishaan/adni_trillium/derivatives/bsc/135_S_6703_sc_2019-03-22,2019-03-26,0.0,3.0
135_S_6703_m12_2020-03-21,135_S_6703,/project/rrg-mchakrav-ab/moncia/ADNI/bids_adni3/sub-135S6703/ses-m12/anat/sub-135S6703_ses-m12_acq-3T_T1w.nii.gz,/scratch/ishaan/adni_trillium/derivatives/bsc/135_S_6703_m12_2020-03-21,2020-07-30,1.3470225872689938,3.0
135_S_6703_m24_2021-03-21,135_S_6703,/project/rrg-mchakrav-ab/moncia/ADNI/bids_adni3/sub-135S6703/ses-m24/anat/sub-135S6703_ses-m24_acq-3T_T1w.nii.gz,/scratch/ishaan/adni_trillium/derivatives/bsc/135_S_6703_m24_2021-03-21,2021-04-20,2.0698151950718686,3.0
135_S_6703_m36_2022-03-21,135_S_6703,/project/rrg-mchakrav-ab/moncia/ADNI/bids_adni3/sub-135S6703/ses-m36/anat/sub-135S6703_ses-m36_acq-3T_T1w.nii.gz,/scratch/ishaan/adni_trillium/derivatives/bsc/135_S_6703_m36_2022-03-21,2022-03-28,3.0061601642710474,3.0
135_S_6703_m48_2023-03-22,135_S_6703,/project/rrg-mchakrav-ab/moncia/ADNI/bids_adni3/sub-135S6703/ses-m48/anat/sub-135S6703_ses-m48_acq-3T_T1w.nii.gz,/scratch/ishaan/adni_trillium/derivatives/bsc/135_S_6703_m48_2023-03-22,2023-04-17,4.060232717316906,3.0
136_S_0107_sc_2006-02-27,136_S_0107,/project/rrg-mchakrav-ab/moncia/ADNI/bids_adni1/sub-136S0107/ses-sc/anat/sub-136S0107_ses-sc_acq-15T_T1w.nii.gz,/scratch/ishaan/adni_trillium/derivatives/bsc/136_S_0107_sc_2006-02-27,2006-02-17,0.0,1.5
136_S_0107_m06_2006-08-28,136_S_0107,/project/rrg-mchakrav-ab/moncia/ADNI/bids_adni1/sub-136S0107/ses-m06/anat/sub-136S0107_ses-m06_acq-15T_T1w.nii.gz,/scratch/ishaan/adni_trillium/derivatives/bsc/136_S_0107_m06_2006-08-28,2006-08-29,0.5284052019164955,1.5
136_S_0107_m12_2007-02-27,136_S_0107,/project/rrg-mchakrav-ab/moncia/ADNI/bids_adni1/sub-136S0107/ses-m12/anat/sub-136S0107_ses-m12_acq-15T_T1w.nii.gz,/scratch/ishaan/adni_trillium/derivatives/bsc/136_S_0107_m12_2007-02-27,2007-02-26,1.0239561943874058,1.5
136_S_0107_m18_2007-08-28,136_S_0107,/project/rrg-mchakrav-ab/moncia/ADNI/bids_adni1/sub-136S0107/ses-m18/anat/sub-136S0107_ses-m18_acq-15T_T1w.nii.gz,/scratch/ishaan/adni_trillium/derivatives/bsc/136_S_0107_m18_2007-08-28,2007-09-10,1.5605749486652978,1.5
136_S_0107_m24_2008-02-27,136_S_0107,/project/rrg-mchakrav-ab/moncia/ADNI/bids_adni1/sub-136S0107/ses-m24/anat/sub-136S0107_ses-m24_acq-15T_T1w.nii.gz,/scratch/ishaan/adni_trillium/derivatives/bsc/136_S_0107_m24_2008-02-27,2008-02-25,2.020533880903491,1.5
136_S_0107_m36_2009-02-26,136_S_0107,/project/rrg-mchakrav-ab/moncia/ADNI/bids_adni1/sub-136S0107/ses-m36/anat/sub-136S0107_ses-m36_acq-15T_T1w.nii.gz,/scratch/ishaan/adni_trillium/derivatives/bsc/136_S_0107_m36_2009-02-26,2009-06-02,3.2881587953456535,1.5
136_S_0107_m48_2010-02-27,136_S_0107,/project/rrg-mchakrav-ab/moncia/ADNI/bids_adni1/sub-136S0107/ses-m48/anat/sub-136S0107_ses-m48_acq-15T_T1w.nii.gz,/scratch/ishaan/adni_trillium/derivatives/bsc/136_S_0107_m48_2010-02-27,2010-06-29,4.361396303901437,1.5
136_S_0107_m72_2012-02-27,136_S_0107,/project/rrg-mchakrav-ab/moncia/ADNI/bids_adni_go2/sub-136S0107/ses-m72/anat/sub-136S0107_ses-m72_acq-3Taccel_T1w.nii.gz,/scratch/ishaan/adni_trillium/derivatives/bsc/136_S_0107_m72_2012-02-27,2012-02-27,6.026009582477755,
136_S_0874_sc_2006-11-27,136_S_0874,/project/rrg-mchakrav-ab/moncia/ADNI/bids_adni1/sub-136S0874/ses-sc/anat/sub-136S0874_ses-sc_acq-15T_T1w.nii.gz,/scratch/ishaan/adni_trillium/derivatives/bsc/136_S_0874_sc_2006-11-27,2006-11-06,0.0,1.5
136_S_0874_m06_2007-05-28,136_S_0874,/project/rrg-mchakrav-ab/moncia/ADNI/bids_adni1/sub-136S0874/ses-m06/anat/sub-136S0874_ses-m06_acq-15T_T1w.nii.gz,/scratch/ishaan/adni_trillium/derivatives/bsc/136_S_0874_m06_2007-05-28,2007-06-05,0.5776865160848734,1.5
136_S_0874_m12_2007-11-27,136_S_0874,/project/rrg-mchakrav-ab/moncia/ADNI/bids_adni1/sub-136S0874/ses-m12/anat/sub-136S0874_ses-m12_acq-15T_T1w.nii.gz,/scratch/ishaan/adni_trillium/derivatives/bsc/136_S_0874_m12_2007-11-27,2007-11-19,1.0349075975359343,1.5
136_S_0874_m18_2008-05-27,136_S_0874,/project/rrg-mchakrav-ab/moncia/ADNI/bids_adni1/sub-136S0874/ses-m18/anat/sub-136S0874_ses-m18_acq-15T_T1w.nii.gz,/scratch/ishaan/adni_trillium/derivatives/bsc/136_S_0874_m18_2008-05-27,2008-06-02,1.571526351813826,1.5
137_S_0158_sc_2006-03-20,137_S_0158,/project/rrg-mchakrav-ab/moncia/ADNI/bids_adni1/sub-137S0158/ses-sc/anat/sub-137S0158_ses-sc_acq-15T_T1w.nii.gz,/scratch/ishaan/adni_trillium/derivatives/bsc/137_S_0158_sc_2006-03-20,2006-02-14,0.0,1.5
137_S_0158_m06_2006-09-18,137_S_0158,/project/rrg-mchakrav-ab/moncia/ADNI/bids_adni1/sub-137S0158/ses-m06/anat/sub-137S0158_ses-m06_acq-15T_T1w.nii.gz,/scratch/ishaan/adni_trillium/derivatives/bsc/137_S_0158_m06_2006-09-18,2006-10-17,0.6707734428473648,1.5
137_S_0158_m12_2007-03-20,137_S_0158,/project/rrg-mchakrav-ab/moncia/ADNI/bids_adni1/sub-137S0158/ses-m12/anat/sub-137S0158_ses-m12_acq-15T_T1w.nii.gz,/scratch/ishaan/adni_trillium/derivatives/bsc/137_S_0158_m12_2007-03-20,2007-03-28,1.1143052703627652,1.5
137_S_0158_m18_2007-09-18,137_S_0158,/project/rrg-mchakrav-ab/moncia/ADNI/bids_adni1/sub-137S0158/ses-m18/anat/sub-137S0158_ses-m18_acq-15T_T1w.nii.gz,/scratch/ishaan/adni_trillium/derivatives/bsc/137_S_0158_m18_2007-09-18,2007-09-13,1.5770020533880904,1.5
137_S_0158_m24_2008-03-19,137_S_0158,/project/rrg-mchakrav-ab/moncia/ADNI/bids_adni1/sub-137S0158/ses-m24/anat/sub-137S0158_ses-m24_acq-15T_T1w.nii.gz,/scratch/ishaan/adni_trillium/derivatives/bsc/137_S_0158_m24_2008-03-19,2008-03-25,2.108145106091718,1.5
137_S_0158_m36_2009-03-19,137_S_0158,/project/rrg-mchakrav-ab/moncia/ADNI/bids_adni1/sub-137S0158/ses-m36/anat/sub-137S0158_ses-m36_acq-15T_T1w.nii.gz,/scratch/ishaan/adni_trillium/derivatives/bsc/137_S_0158_m36_2009-03-19,2009-03-24,3.1047227926078027,1.5
137_S_0443_m06_2007-05-04,137_S_0443,/project/rrg-mchakrav-ab/moncia/ADNI/bids_adni1/sub-137S0443/ses-m06/anat/sub-137S0443_ses-m06_acq-15T_T1w.nii.gz,/scratch/ishaan/adni_trillium/derivatives/bsc/137_S_0443_m06_2007-05-04,2007-03-01,0.0,1.5
137_S_0443_m12_2007-11-03,137_S_0443,/project/rrg-mchakrav-ab/moncia/ADNI/bids_adni1/sub-137S0443/ses-m12/anat/sub-137S0443_ses-m12_acq-15T_T1w.nii.gz,/scratch/ishaan/adni_trillium/derivatives/bsc/137_S_0443_m12_2007-11-03,2007-08-08,0.4380561259411362,1.5
137_S_0443_m18_2008-05-03,137_S_0443,/project/rrg-mchakrav-ab/moncia/ADNI/bids_adni1/sub-137S0443/ses-m18/anat/sub-137S0443_ses-m18_acq-15T_T1w.nii.gz,/scratch/ishaan/adni_trillium/derivatives/bsc/137_S_0443_m18_2008-05-03,2008-02-15,0.9609856262833676,1.5
137_S_0443_m24_2008-11-02,137_S_0443,/project/rrg-mchakrav-ab/moncia/ADNI/bids_adni1/sub-137S0443/ses-m24/anat/sub-137S0443_ses-m24_acq-15T_T1w.nii.gz,/scratch/ishaan/adni_trillium/derivatives/bsc/137_S_0443_m24_2008-11-02,2008-11-05,1.6837782340862424,1.5
137_S_0481_m06_2006-12-11,137_S_0481,/project/rrg-mchakrav-ab/moncia/ADNI/bids_adni1/sub-137S0481/ses-m06/anat/sub-137S0481_ses-m06_acq-15T_T1w.nii.gz,/scratch/ishaan/adni_trillium/derivatives/bsc/137_S_0481_m06_2006-12-11,2006-12-07,0.0,1.5
137_S_0481_m12_2007-06-12,137_S_0481,/project/rrg-mchakrav-ab/moncia/ADNI/bids_adni1/sub-137S0481/ses-m12/anat/sub-137S0481_ses-m12_acq-15T_T1w.nii.gz,/scratch/ishaan/adni_trillium/derivatives/bsc/137_S_0481_m12_2007-06-12,2007-05-24,0.459958932238193,1.5
137_S_0481_m18_2007-12-11,137_S_0481,/project/rrg-mchakrav-ab/moncia/ADNI/bids_adni1/sub-137S0481/ses-m18/anat/sub-137S0481_ses-m18_acq-15T_T1w.nii.gz,/scratch/ishaan/adni_trillium/derivatives/bsc/137_S_0481_m18_2007-12-11,2007-12-05,0.9938398357289527,1.5
137_S_0481_m24_2008-06-11,137_S_0481,/project/rrg-mchakrav-ab/moncia/ADNI/bids_adni1/sub-137S0481/ses-m24/anat/sub-137S0481_ses-m24_acq-15T_T1w.nii.gz,/scratch/ishaan/adni_trillium/derivatives/bsc/137_S_0481_m24_2008-06-11,2008-06-06,1.4976043805612593,1.5
137_S_0669_sc_2006-08-23,137_S_0669,/project/rrg-mchakrav-ab/moncia/ADNI/bids_adni1/sub-137S0669/ses-sc/anat/sub-137S0669_ses-sc_acq-15T_T1w.nii.gz,/scratch/ishaan/adni_trillium/derivatives/bsc/137_S_0669_sc_2006-08-23,2006-07-21,0.0,1.5
137_S_0669_m06_2007-02-21,137_S_0669,/project/rrg-mchakrav-ab/moncia/ADNI/bids_adni1/sub-137S0669/ses-m06/anat/sub-137S0669_ses-m06_acq-15T_T1w.nii.gz,/scratch/ishaan/adni_trillium/derivatives/bsc/137_S_0669_m06_2007-02-21,2007-02-26,0.6023271731690623,1.5
137_S_0669_m12_2007-08-23,137_S_0669,/project/rrg-mchakrav-ab/moncia/ADNI/bids_adni1/sub-137S0669/ses-m12/anat/sub-137S0669_ses-m12_acq-15T_T1w.nii.gz,/scratch/ishaan/adni_trillium/derivatives/bsc/137_S_0669_m12_2007-08-23,2007-08-27,1.1006160164271048,1.5
137_S_0669_m18_2008-02-21,137_S_0669,/project/rrg-mchakrav-ab/moncia/ADNI/bids_adni1/sub-137S0669/ses-m18/anat/sub-137S0669_ses-m18_acq-15T_T1w.nii.gz,/scratch/ishaan/adni_trillium/derivatives/bsc/137_S_0669_m18_2008-02-21,2008-02-18,1.5797399041752225,1.5
137_S_0669_m24_2008-08-22,137_S_0669,/project/rrg-mchakrav-ab/moncia/ADNI/bids_adni1/sub-137S0669/ses-m24/anat/sub-137S0669_ses-m24_acq-15T_T1w.nii.gz,/scratch/ishaan/adni_trillium/derivatives/bsc/137_S_0669_m24_2008-08-22,2008-08-20,2.083504449007529,1.5
137_S_0722_m06_2007-03-13,137_S_0722,/project/rrg-mchakrav-ab/moncia/ADNI/bids_adni1/sub-137S0722/ses-m06/anat/sub-137S0722_ses-m06_acq-15T_T1w.nii.gz,/scratch/ishaan/adni_trillium/derivatives/bsc/137_S_0722_m06_2007-03-13,2007-02-28,0.0,1.5
137_S_0722_m18_2008-03-12,137_S_0722,/project/rrg-mchakrav-ab/moncia/ADNI/bids_adni1/sub-137S0722/ses-m18/anat/sub-137S0722_ses-m18_acq-15T_T1w.nii.gz,/scratch/ishaan/adni_trillium/derivatives/bsc/137_S_0722_m18_2008-03-12,2008-03-04,1.0130047912388775,1.5
137_S_0722_m24_2008-09-11,137_S_0722,/project/rrg-mchakrav-ab/moncia/ADNI/bids_adni1/sub-137S0722/ses-m24/anat/sub-137S0722_ses-m24_acq-15T_T1w.nii.gz,/scratch/ishaan/adni_trillium/derivatives/bsc/137_S_0722_m24_2008-09-11,2008-09-17,1.5523613963039014,1.5
137_S_0722_m36_2009-09-11,137_S_0722,/project/rrg-mchakrav-ab/moncia/ADNI/bids_adni1/sub-137S0722/ses-m36/anat/sub-137S0722_ses-m36_acq-15T_T1w.nii.gz,/scratch/ishaan/adni_trillium/derivatives/bsc/137_S_0722_m36_2009-09-11,2009-09-17,2.5516769336071183,1.5
137_S_0722_m72_2012-09-11,137_S_0722,/project/rrg-mchakrav-ab/moncia/ADNI/bids_adni_go2/sub-137S0722/ses-m72/anat/sub-137S0722_ses-m72_acq-3Taccel_T1w.nii.gz,/scratch/ishaan/adni_trillium/derivatives/bsc/137_S_0722_m72_2012-09-11,2012-08-31,5.505817932922656,3.0
137_S_0722_m84_2013-09-11,137_S_0722,/project/rrg-mchakrav-ab/moncia/ADNI/bids_adni_go2/sub-137S0722/ses-m84/anat/sub-137S0722_ses-m84_acq-3Taccel_T1w.nii.gz,/scratch/ishaan/adni_trillium/derivatives/bsc/137_S_0722_m84_2013-09-11,2013-09-05,6.5188227241615335,3.0
137_S_0722_m96_2014-09-12,137_S_0722,/project/rrg-mchakrav-ab/moncia/ADNI/bids_adni_go2/sub-137S0722/ses-m96/anat/sub-137S0722_ses-m96_acq-3Taccel_T1w.nii.gz,/scratch/ishaan/adni_trillium/derivatives/bsc/137_S_0722_m96_2014-09-12,2014-08-25,7.488021902806297,3.0
137_S_0800_sc_2006-09-01,137_S_0800,/project/rrg-mchakrav-ab/moncia/ADNI/bids_adni1/sub-137S0800/ses-sc/anat/sub-137S0800_ses-sc_acq-15T_T1w.nii.gz,/scratch/ishaan/adni_trillium/derivatives/bsc/137_S_0800_sc_2006-09-01,2006-08-14,0.0,1.5
137_S_0800_m06_2007-03-02,137_S_0800,/project/rrg-mchakrav-ab/moncia/ADNI/bids_adni1/sub-137S0800/ses-m06/anat/sub-137S0800_ses-m06_acq-15T_T1w.nii.gz,/scratch/ishaan/adni_trillium/derivatives/bsc/137_S_0800_m06_2007-03-02,2007-02-22,0.5256673511293635,1.5
137_S_0800_m24_2008-08-31,137_S_0800,/project/rrg-mchakrav-ab/moncia/ADNI/bids_adni1/sub-137S0800/ses-m24/anat/sub-137S0800_ses-m24_acq-15T_T1w.nii.gz,/scratch/ishaan/adni_trillium/derivatives/bsc/137_S_0800_m24_2008-08-31,2008-09-03,2.0561259411362083,1.5
137_S_0800_m48_2010-09-01,137_S_0800,/project/rrg-mchakrav-ab/moncia/ADNI/bids_adni1/sub-137S0800/ses-m48/anat/sub-137S0800_ses-m48_acq-15T_T1w.nii.gz,/scratch/ishaan/adni_trillium/derivatives/bsc/137_S_0800_m48_2010-09-01,2010-09-03,4.054757015742642,1.5
137_S_0800_m72_2012-08-31,137_S_0800,/project/rrg-mchakrav-ab/moncia/ADNI/bids_adni_go2/sub-137S0800/ses-m72/anat/sub-137S0800_ses-m72_acq-3Taccel_T1w.nii.gz,/scratch/ishaan/adni_trillium/derivatives/bsc/137_S_0800_m72_2012-08-31,2012-08-24,6.028747433264887,3.0
137_S_0800_m84_2013-08-31,137_S_0800,/project/rrg-mchakrav-ab/moncia/ADNI/bids_adni_go2/sub-137S0800/ses-m84/anat/sub-137S0800_ses-m84_acq-3Taccel_T1w.nii.gz,/scratch/ishaan/adni_trillium/derivatives/bsc/137_S_0800_m84_2013-08-31,2013-09-06,7.063655030800821,3.0
137_S_0800_m96_2014-09-01,137_S_0800,/project/rrg-mchakrav-ab/moncia/ADNI/bids_adni_go2/sub-137S0800/ses-m96/anat/sub-137S0800_ses-m96_acq-3Taccel_T1w.nii.gz,/scratch/ishaan/adni_trillium/derivatives/bsc/137_S_0800_m96_2014-09-01,2014-08-27,8.035592060232718,3.0
137_S_0800_m120_2016-08-31,137_S_0800,/project/rrg-mchakrav-ab/moncia/ADNI/bids_adni_go2/sub-137S0800/ses-m120/anat/sub-137S0800_ses-m120_acq-3Taccel_T1w.nii.gz,/scratch/ishaan/adni_trillium/derivatives/bsc/137_S_0800_m120_2016-08-31,2016-09-15,10.088980150581794,3.0
137_S_0973_sc_2006-12-12,137_S_0973,/project/rrg-mchakrav-ab/moncia/ADNI/bids_adni1/sub-137S0973/ses-sc/anat/sub-137S0973_ses-sc_acq-15T_T1w.nii.gz,/scratch/ishaan/adni_trillium/derivatives/bsc/137_S_0973_sc_2006-12-12,2006-11-15,0.0,1.5
137_S_0973_m06_2007-06-12,137_S_0973,/project/rrg-mchakrav-ab/moncia/ADNI/bids_adni1/sub-137S0973/ses-m06/anat/sub-137S0973_ses-m06_acq-15T_T1w.nii.gz,/scratch/ishaan/adni_trillium/derivatives/bsc/137_S_0973_m06_2007-06-12,2007-05-22,0.5147159479808351,1.5
137_S_0973_m12_2007-12-12,137_S_0973,/project/rrg-mchakrav-ab/moncia/ADNI/bids_adni1/sub-137S0973/ses-m12/anat/sub-137S0973_ses-m12_acq-15T_T1w.nii.gz,/scratch/ishaan/adni_trillium/derivatives/bsc/137_S_0973_m12_2007-12-12,2007-12-03,1.0485968514715949,1.5
137_S_0973_m18_2008-06-11,137_S_0973,/project/rrg-mchakrav-ab/moncia/ADNI/bids_adni1/sub-137S0973/ses-m18/anat/sub-137S0973_ses-m18_acq-15T_T1w.nii.gz,/scratch/ishaan/adni_trillium/derivatives/bsc/137_S_0973_m18_2008-06-11,2008-06-03,1.5496235455167693,1.5
137_S_0973_m24_2008-12-11,137_S_0973,/project/rrg-mchakrav-ab/moncia/ADNI/bids_adni1/sub-137S0973/ses-m24/anat/sub-137S0973_ses-m24_acq-15T_T1w.nii.gz,/scratch/ishaan/adni_trillium/derivatives/bsc/137_S_0973_m24_2008-12-11,2008-12-03,2.0506502395619437,1.5
137_S_0994_sc_2006-12-20,137_S_0994,/project/rrg-mchakrav-ab/moncia/ADNI/bids_adni1/sub-137S0994/ses-sc/anat/sub-137S0994_ses-sc_acq-15T_T1w.nii.gz,/scratch/ishaan/adni_trillium/derivatives/bsc/137_S_0994_sc_2006-12-20,2006-11-01,0.0,1.5
137_S_0994_m06_2007-06-20,137_S_0994,/project/rrg-mchakrav-ab/moncia/ADNI/bids_adni1/sub-137S0994/ses-m06/anat/sub-137S0994_ses-m06_acq-15T_T1w.nii.gz,/scratch/ishaan/adni_trillium/derivatives/bsc/137_S_0994_m06_2007-06-20,2007-06-05,0.5913757700205339,1.5
137_S_0994_m18_2008-06-19,137_S_0994,/project/rrg-mchakrav-ab/moncia/ADNI/bids_adni1/sub-137S0994/ses-m18/anat/sub-137S0994_ses-m18_acq-15T_T1w.nii.gz,/scratch/ishaan/adni_trillium/derivatives/bsc/137_S_0994_m18_2008-06-19,2008-06-03,1.5879534565366187,1.5
137_S_0994_m24_2008-12-19,137_S_0994,/project/rrg-mchakrav-ab/moncia/ADNI/bids_adni1/sub-137S0994/ses-m24/anat/sub-137S0994_ses-m24_acq-15T_T1w.nii.gz,/scratch/ishaan/adni_trillium/derivatives/bsc/137_S_0994_m24_2008-12-19,2008-12-04,2.0917180013689256,1.5
137_S_0994_m36_2009-12-19,137_S_0994,/project/rrg-mchakrav-ab/moncia/ADNI/bids_adni1/sub-137S0994/ses-m36/anat/sub-137S0994_ses-m36_acq-15T_T1w.nii.gz,/scratch/ishaan/adni_trillium/derivatives/bsc/137_S_0994_m36_2009-12-19,2009-12-01,3.082819986310746,1.5
137_S_4299_m03_2012-01-11,137_S_4299,/project/rrg-mchakrav-ab/moncia/ADNI/bids_adni_go2/sub-137S4299/ses-m03/anat/sub-137S4299_ses-m03_acq-3Taccel_T1w.nii.gz,/scratch/ishaan/adni_trillium/derivatives/bsc/137_S_4299_m03_2012-01-11,2012-02-09,0.0,3.0
137_S_4299_m06_2012-04-11,137_S_4299,/project/rrg-mchakrav-ab/moncia/ADNI/bids_adni_go2/sub-137S4299/ses-m06/anat/sub-137S4299_ses-m06_acq-3Taccel_T1w.nii.gz,/scratch/ishaan/adni_trillium/derivatives/bsc/137_S_4299_m06_2012-04-11,2012-05-17,0.2683093771389459,3.0
137_S_4299_m12_2012-10-11,137_S_4299,/project/rrg-mchakrav-ab/moncia/ADNI/bids_adni_go2/sub-137S4299/ses-m12/anat/sub-137S4299_ses-m12_acq-3Taccel_T1w.nii.gz,/scratch/ishaan/adni_trillium/derivatives/bsc/137_S_4299_m12_2012-10-11,2012-11-06,0.7419575633127995,3.0
137_S_4299_m24_2013-10-11,137_S_4299,/project/rrg-mchakrav-ab/moncia/ADNI/bids_adni_go2/sub-137S4299/ses-m24/anat/sub-137S4299_ses-m24_acq-3Taccel_T1w.nii.gz,/scratch/ishaan/adni_trillium/derivatives/bsc/137_S_4299_m24_2013-10-11,2013-11-18,1.7741273100616017,3.0
137_S_4299_m72_2017-10-11,137_S_4299,/project/rrg-mchakrav-ab/moncia/ADNI/bids_adni3/sub-137S4299/ses-m72/anat/sub-137S4299_ses-m72_acq-3T_T1w.nii.gz,/scratch/ishaan/adni_trillium/derivatives/bsc/137_S_4299_m72_2017-10-11,2017-10-27,5.713894592744696,3.0
137_S_4299_m84_2018-10-11,137_S_4299,/project/rrg-mchakrav-ab/moncia/ADNI/bids_adni3/sub-137S4299/ses-m84/anat/sub-137S4299_ses-m84_acq-3T_T1w.nii.gz,/scratch/ishaan/adni_trillium/derivatives/bsc/137_S_4299_m84_2018-10-11,2019-02-11,7.006160164271047,3.0
137_S_4331_m03_2012-01-24,137_S_4331,/project/rrg-mchakrav-ab/moncia/ADNI/bids_adni_go2/sub-137S4331/ses-m03/anat/sub-137S4331_ses-m03_acq-3Taccel_T1w.nii.gz,/scratch/ishaan/adni_trillium/derivatives/bsc/137_S_4331_m03_2012-01-24,2012-02-27,0.0,3.0
137_S_4331_m06_2012-04-24,137_S_4331,/project/rrg-mchakrav-ab/moncia/ADNI/bids_adni_go2/sub-137S4331/ses-m06/anat/sub-137S4331_ses-m06_acq-3Taccel_T1w.nii.gz,/scratch/ishaan/adni_trillium/derivatives/bsc/137_S_4331_m06_2012-04-24,2012-06-20,0.31211498973305957,3.0
137_S_4331_m12_2012-10-24,137_S_4331,/project/rrg-mchakrav-ab/moncia/ADNI/bids_adni_go2/sub-137S4331/ses-m12/anat/sub-137S4331_ses-m12_acq-3Taccel_T1w.nii.gz,/scratch/ishaan/adni_trillium/derivatives/bsc/137_S_4331_m12_2012-10-24,2012-12-03,0.7665982203969883,3.0
137_S_4331_m24_2013-10-24,137_S_4331,/project/rrg-mchakrav-ab/moncia/ADNI/bids_adni_go2/sub-137S4331/ses-m24/anat/sub-137S4331_ses-m24_acq-3Taccel_T1w.nii.gz,/scratch/ishaan/adni_trillium/derivatives/bsc/137_S_4331_m24_2013-10-24,2013-12-04,1.7686516084873374,3.0
137_S_4351_m03_2012-01-31,137_S_4351,/project/rrg-mchakrav-ab/moncia/ADNI/bids_adni_go2/sub-137S4351/ses-m03/anat/sub-137S4351_ses-m03_acq-3Taccel_T1w.nii.gz,/scratch/ishaan/adni_trillium/derivatives/bsc/137_S_4351_m03_2012-01-31,2012-03-09,0.0,3.0
137_S_4351_m06_2012-05-01,137_S_4351,/project/rrg-mchakrav-ab/moncia/ADNI/bids_adni_go2/sub-137S4351/ses-m06/anat/sub-137S4351_ses-m06_acq-3Taccel_T1w.nii.gz,/scratch/ishaan/adni_trillium/derivatives/bsc/137_S_4351_m06_2012-05-01,2012-06-21,0.28473648186173856,3.0
137_S_4351_m12_2012-10-31,137_S_4351,/project/rrg-mchakrav-ab/moncia/ADNI/bids_adni_go2/sub-137S4351/ses-m12/anat/sub-137S4351_ses-m12_acq-3Taccel_T1w.nii.gz,/scratch/ishaan/adni_trillium/derivatives/bsc/137_S_4351_m12_2012-10-31,2012-12-11,0.758384668035592,3.0
137_S_4351_m24_2013-10-31,137_S_4351,/project/rrg-mchakrav-ab/moncia/ADNI/bids_adni_go2/sub-137S4351/ses-m24/anat/sub-137S4351_ses-m24_acq-3Taccel_T1w.nii.gz,/scratch/ishaan/adni_trillium/derivatives/bsc/137_S_4351_m24_2013-10-31,2013-12-09,1.7522245037645447,3.0
137_S_4351_m48_2015-11-01,137_S_4351,/project/rrg-mchakrav-ab/moncia/ADNI/bids_adni_go2/sub-137S4351/ses-m48/anat/sub-137S4351_ses-m48_acq-3Taccel_T1w.nii.gz,/scratch/ishaan/adni_trillium/derivatives/bsc/137_S_4351_m48_2015-11-01,2015-12-09,3.7508555783709787,3.0
137_S_4351_m72_2017-10-31,137_S_4351,/project/rrg-mchakrav-ab/moncia/ADNI/bids_adni3/sub-137S4351/ses-m72/anat/sub-137S4351_ses-m72_acq-3T_T1w.nii.gz,/scratch/ishaan/adni_trillium/derivatives/bsc/137_S_4351_m72_2017-10-31,2017-10-31,5.645448323066393,3.0
137_S_4351_m96_2019-11-01,137_S_4351,/project/rrg-mchakrav-ab/moncia/ADNI/bids_adni3/sub-137S4351/ses-m96/anat/sub-137S4351_ses-m96_acq-3T_T1w.nii.gz,/scratch/ishaan/adni_trillium/derivatives/bsc/137_S_4351_m96_2019-11-01,2019-11-01,7.646817248459959,
137_S_4536_m03_2012-05-09,137_S_4536,/project/rrg-mchakrav-ab/moncia/ADNI/bids_adni_go2/sub-137S4536/ses-m03/anat/sub-137S4536_ses-m03_acq-3Taccel_T1w.nii.gz,/scratch/ishaan/adni_trillium/derivatives/bsc/137_S_4536_m03_2012-05-09,2012-05-24,0.0,3.0
137_S_4536_m06_2012-08-08,137_S_4536,/project/rrg-mchakrav-ab/moncia/ADNI/bids_adni_go2/sub-137S4536/ses-m06/anat/sub-137S4536_ses-m06_acq-3Taccel_T1w.nii.gz,/scratch/ishaan/adni_trillium/derivatives/bsc/137_S_4536_m06_2012-08-08,2012-09-10,0.29842573579739906,3.0
137_S_4536_m12_2013-02-07,137_S_4536,/project/rrg-mchakrav-ab/moncia/ADNI/bids_adni_go2/sub-137S4536/ses-m12/anat/sub-137S4536_ses-m12_acq-3Taccel_T1w.nii.gz,/scratch/ishaan/adni_trillium/derivatives/bsc/137_S_4536_m12_2013-02-07,2013-03-21,0.8240930869267625,3.0
137_S_4536_m24_2014-02-07,137_S_4536,/project/rrg-mchakrav-ab/moncia/ADNI/bids_adni_go2/sub-137S4536/ses-m24/anat/sub-137S4536_ses-m24_acq-3Taccel_T1w.nii.gz,/scratch/ishaan/adni_trillium/derivatives/bsc/137_S_4536_m24_2014-02-07,2014-03-25,1.834360027378508,3.0
137_S_4536_m48_2016-02-08,137_S_4536,/project/rrg-mchakrav-ab/moncia/ADNI/bids_adni_go2/sub-137S4536/ses-m48/anat/sub-137S4536_ses-m48_acq-3Taccel_T1w.nii.gz,/scratch/ishaan/adni_trillium/derivatives/bsc/137_S_4536_m48_2016-02-08,2016-03-10,3.7946611909650922,3.0
137_S_4536_m66_2017-08-09,137_S_4536,/project/rrg-mchakrav-ab/moncia/ADNI/bids_adni3/sub-137S4536/ses-m66/anat/sub-137S4536_ses-m66_acq-3T_T1w.nii.gz,/scratch/ishaan/adni_trillium/derivatives/bsc/137_S_4536_m66_2017-08-09,2017-11-02,5.4428473648186175,3.0
137_S_4536_m78_2018-08-09,137_S_4536,/project/rrg-mchakrav-ab/moncia/ADNI/bids_adni3/sub-137S4536/ses-m78/anat/sub-137S4536_ses-m78_acq-3T_T1w.nii.gz,/scratch/ishaan/adni_trillium/derivatives/bsc/137_S_4536_m78_2018-08-09,2018-11-07,6.455852156057495,3.0
137_S_4536_m90_2019-08-09,137_S_4536,/project/rrg-mchakrav-ab/moncia/ADNI/bids_adni3/sub-137S4536/ses-m90/anat/sub-137S4536_ses-m90_acq-3T_T1w.nii.gz,/scratch/ishaan/adni_trillium/derivatives/bsc/137_S_4536_m90_2019-08-09,2019-11-15,7.477070499657769,3.0
137_S_4536_m102_2020-08-08,137_S_4536,/project/rrg-mchakrav-ab/moncia/ADNI/bids_adni3/sub-137S4536/ses-m102/anat/sub-137S4536_ses-m102_acq-3T_T1w.nii.gz,/scratch/ishaan/adni_trillium/derivatives/bsc/137_S_4536_m102_2020-08-08,2020-11-17,8.484599589322382,3.0
137_S_4623_m03_2012-06-19,137_S_4623,/project/rrg-mchakrav-ab/moncia/ADNI/bids_adni_go2/sub-137S4623/ses-m03/anat/sub-137S4623_ses-m03_acq-3Taccel_T1w.nii.gz,/scratch/ishaan/adni_trillium/derivatives/bsc/137_S_4623_m03_2012-06-19,2012-07-13,0.0,3.0
137_S_4623_m06_2012-09-18,137_S_4623,/project/rrg-mchakrav-ab/moncia/ADNI/bids_adni_go2/sub-137S4623/ses-m06/anat/sub-137S4623_ses-m06_acq-3Taccel_T1w.nii.gz,/scratch/ishaan/adni_trillium/derivatives/bsc/137_S_4623_m06_2012-09-18,2012-11-12,0.33401779603011633,3.0
137_S_4623_m12_2013-03-20,137_S_4623,/project/rrg-mchakrav-ab/moncia/ADNI/bids_adni_go2/sub-137S4623/ses-m12/anat/sub-137S4623_ses-m12_acq-3Taccel_T1w.nii.gz,/scratch/ishaan/adni_trillium/derivatives/bsc/137_S_4623_m12_2013-03-20,2013-05-13,0.8323066392881588,3.0
137_S_4623_m24_2014-03-20,137_S_4623,/project/rrg-mchakrav-ab/moncia/ADNI/bids_adni_go2/sub-137S4623/ses-m24/anat/sub-137S4623_ses-m24_acq-3Taccel_T1w.nii.gz,/scratch/ishaan/adni_trillium/derivatives/bsc/137_S_4623_m24_2014-03-20,2014-05-08,1.8179329226557153,3.0
137_S_4631_m03_2012-06-20,137_S_4631,/project/rrg-mchakrav-ab/moncia/ADNI/bids_adni_go2/sub-137S4631/ses-m03/anat/sub-137S4631_ses-m03_acq-3Taccel_T1w.nii.gz,/scratch/ishaan/adni_trillium/derivatives/bsc/137_S_4631_m03_2012-06-20,2012-04-30,0.0,3.0
137_S_4631_m06_2012-09-19,137_S_4631,/project/rrg-mchakrav-ab/moncia/ADNI/bids_adni_go2/sub-137S4631/ses-m06/anat/sub-137S4631_ses-m06_acq-3Taccel_T1w.nii.gz,/scratch/ishaan/adni_trillium/derivatives/bsc/137_S_4631_m06_2012-09-19,2012-07-31,0.2518822724161533,3.0
137_S_4631_m12_2013-03-21,137_S_4631,/project/rrg-mchakrav-ab/moncia/ADNI/bids_adni_go2/sub-137S4631/ses-m12/anat/sub-137S4631_ses-m12_acq-3Taccel_T1w.nii.gz,/scratch/ishaan/adni_trillium/derivatives/bsc/137_S_4631_m12_2013-03-21,2013-06-17,1.1307323750855578,3.0
137_S_4631_m24_2014-03-21,137_S_4631,/project/rrg-mchakrav-ab/moncia/ADNI/bids_adni_go2/sub-137S4631/ses-m24/anat/sub-137S4631_ses-m24_acq-3Taccel_T1w.nii.gz,/scratch/ishaan/adni_trillium/derivatives/bsc/137_S_4631_m24_2014-03-21,2014-06-09,2.108145106091718,3.0
137_S_4678_m03_2012-07-11,137_S_4678,/project/rrg-mchakrav-ab/moncia/ADNI/bids_adni_go2/sub-137S4678/ses-m03/anat/sub-137S4678_ses-m03_acq-3Taccel_T1w.nii.gz,/scratch/ishaan/adni_trillium/derivatives/bsc/137_S_4678_m03_2012-07-11,2012-08-15,0.0,3.0
137_S_4678_m06_2012-10-10,137_S_4678,/project/rrg-mchakrav-ab/moncia/ADNI/bids_adni_go2/sub-137S4678/ses-m06/anat/sub-137S4678_ses-m06_acq-3Taccel_T1w.nii.gz,/scratch/ishaan/adni_trillium/derivatives/bsc/137_S_4678_m06_2012-10-10,2012-11-26,0.28199863107460643,3.0
137_S_4678_m12_2013-04-11,137_S_4678,/project/rrg-mchakrav-ab/moncia/ADNI/bids_adni_go2/sub-137S4678/ses-m12/anat/sub-137S4678_ses-m12_acq-3Taccel_T1w.nii.gz,/scratch/ishaan/adni_trillium/derivatives/bsc/137_S_4678_m12_2013-04-11,2013-05-22,0.7665982203969883,3.0
137_S_4678_m24_2014-04-11,137_S_4678,/project/rrg-mchakrav-ab/moncia/ADNI/bids_adni_go2/sub-137S4678/ses-m24/anat/sub-137S4678_ses-m24_acq-3Taccel_T1w.nii.gz,/scratch/ishaan/adni_trillium/derivatives/bsc/137_S_4678_m24_2014-04-11,2014-05-20,1.7604380561259412,3.0
141_S_1052_sc_2006-11-30,141_S_1052,/project/rrg-mchakrav-ab/moncia/ADNI/bids_adni1/sub-141S1052/ses-sc/anat/sub-141S1052_ses-sc_acq-15T_T1w.nii.gz,/scratch/ishaan/adni_trillium/derivatives/bsc/141_S_1052_sc_2006-11-30,2006-11-26,0.0,1.5
141_S_1052_m06_2007-05-31,141_S_1052,/project/rrg-mchakrav-ab/moncia/ADNI/bids_adni1/sub-141S1052/ses-m06/anat/sub-141S1052_ses-m06_acq-15T_T1w.nii.gz,/scratch/ishaan/adni_trillium/derivatives/bsc/141_S_1052_m06_2007-05-31,2007-07-14,0.6297056810403833,1.5
141_S_1052_m12_2007-11-30,141_S_1052,/project/rrg-mchakrav-ab/moncia/ADNI/bids_adni1/sub-141S1052/ses-m12/anat/sub-141S1052_ses-m12_acq-15T_T1w.nii.gz,/scratch/ishaan/adni_trillium/derivatives/bsc/141_S_1052_m12_2007-11-30,2008-01-08,1.1170431211498972,1.5
141_S_1052_m84_2013-11-29,141_S_1052,/project/rrg-mchakrav-ab/moncia/ADNI/bids_adni_go2/sub-141S1052/ses-m84/anat/sub-141S1052_ses-m84_acq-3Taccel_T1w.nii.gz,/scratch/ishaan/adni_trillium/derivatives/bsc/141_S_1052_m84_2013-11-29,2013-12-21,7.069130732375085,3.0
141_S_1052_m96_2014-11-30,141_S_1052,/project/rrg-mchakrav-ab/moncia/ADNI/bids_adni_go2/sub-141S1052/ses-m96/anat/sub-141S1052_ses-m96_acq-3Taccel_T1w.nii.gz,/scratch/ishaan/adni_trillium/derivatives/bsc/141_S_1052_m96_2014-11-30,2015-01-18,8.145106091718,3.0
141_S_1052_m126_2017-05-31,141_S_1052,/project/rrg-mchakrav-ab/moncia/ADNI/bids_adni3/sub-141S1052/ses-m126/anat/sub-141S1052_ses-m126_acq-3T_T1w.nii.gz,/scratch/ishaan/adni_trillium/derivatives/bsc/141_S_1052_m126_2017-05-31,2017-04-19,10.395619438740589,3.0
141_S_1052_m138_2018-05-31,141_S_1052,/project/rrg-mchakrav-ab/moncia/ADNI/bids_adni3/sub-141S1052/ses-m138/anat/sub-141S1052_ses-m138_acq-3T_T1w.nii.gz,/scratch/ishaan/adni_trillium/derivatives/bsc/141_S_1052_m138_2018-05-31,2018-07-28,11.668720054757015,3.0
141_S_1052_m150_2019-06-01,141_S_1052,/project/rrg-mchakrav-ab/moncia/ADNI/bids_adni3/sub-141S1052/ses-m150/anat/sub-141S1052_ses-m150_acq-3T_T1w.nii.gz,/scratch/ishaan/adni_trillium/derivatives/bsc/141_S_1052_m150_2019-06-01,2019-03-25,12.32580424366872,3.0
141_S_1052_m174_2021-05-31,141_S_1052,/project/rrg-mchakrav-ab/moncia/ADNI/bids_adni3/sub-141S1052/ses-m174/anat/sub-141S1052_ses-m174_acq-3T_T1w.nii.gz,/scratch/ishaan/adni_trillium/derivatives/bsc/141_S_1052_m174_2021-05-31,2021-08-09,14.702258726899384,3.0
141_S_1378_sc_2007-04-09,141_S_1378,/project/rrg-mchakrav-ab/moncia/ADNI/bids_adni1/sub-141S1378/ses-sc/anat/sub-141S1378_ses-sc_acq-15T_T1w.nii.gz,/scratch/ishaan/adni_trillium/derivatives/bsc/141_S_1378_sc_2007-04-09,2007-03-26,0.0,1.5
141_S_1378_m12_2008-04-08,141_S_1378,/project/rrg-mchakrav-ab/moncia/ADNI/bids_adni1/sub-141S1378/ses-m12/anat/sub-141S1378_ses-m12_acq-15T_T1w.nii.gz,/scratch/ishaan/adni_trillium/derivatives/bsc/141_S_1378_m12_2008-04-08,2008-04-26,1.0869267624914443,1.5
141_S_1378_m120_2017-04-08,141_S_1378,/project/rrg-mchakrav-ab/moncia/ADNI/bids_adni3/sub-141S1378/ses-m120/anat/sub-141S1378_ses-m120_acq-3T_T1w.nii.gz,/scratch/ishaan/adni_trillium/derivatives/bsc/141_S_1378_m120_2017-04-08,2017-06-03,10.190280629705681,3.0
141_S_1378_m144_2019-04-09,141_S_1378,/project/rrg-mchakrav-ab/moncia/ADNI/bids_adni3/sub-141S1378/ses-m144/anat/sub-141S1378_ses-m144_acq-3T_T1w.nii.gz,/scratch/ishaan/adni_trillium/derivatives/bsc/141_S_1378_m144_2019-04-09,2019-05-02,12.101300479123887,3.0
141_S_4160_m03_2011-10-31,141_S_4160,/project/rrg-mchakrav-ab/moncia/ADNI/bids_adni_go2/sub-141S4160/ses-m03/anat/sub-141S4160_ses-m03_acq-3Taccel_T1w.nii.gz,/scratch/ishaan/adni_trillium/derivatives/bsc/141_S_4160_m03_2011-10-31,2011-12-05,0.0,3.0
141_S_4160_m06_2012-01-30,141_S_4160,/project/rrg-mchakrav-ab/moncia/ADNI/bids_adni_go2/sub-141S4160/ses-m06/anat/sub-141S4160_ses-m06_acq-3Taccel_T1w.nii.gz,/scratch/ishaan/adni_trillium/derivatives/bsc/141_S_4160_m06_2012-01-30,2012-04-09,0.34496919917864477,3.0
141_S_4160_m12_2012-07-31,141_S_4160,/project/rrg-mchakrav-ab/moncia/ADNI/bids_adni_go2/sub-141S4160/ses-m12/anat/sub-141S4160_ses-m12_acq-3Taccel_T1w.nii.gz,/scratch/ishaan/adni_trillium/derivatives/bsc/141_S_4160_m12_2012-07-31,2012-10-20,0.8761122518822724,3.0
141_S_4160_m24_2013-07-31,141_S_4160,/project/rrg-mchakrav-ab/moncia/ADNI/bids_adni_go2/sub-141S4160/ses-m24/anat/sub-141S4160_ses-m24_acq-3Taccel_T1w.nii.gz,/scratch/ishaan/adni_trillium/derivatives/bsc/141_S_4160_m24_2013-07-31,2013-10-31,1.9055441478439425,3.0
141_S_4160_m66_2017-01-30,141_S_4160,/project/rrg-mchakrav-ab/moncia/ADNI/bids_adni3/sub-141S4160/ses-m66/anat/sub-141S4160_ses-m66_acq-3T_T1w.nii.gz,/scratch/ishaan/adni_trillium/derivatives/bsc/141_S_4160_m66_2017-01-30,2017-07-10,5.596167008898015,3.0
141_S_4160_m84_2018-07-31,141_S_4160,/project/rrg-mchakrav-ab/moncia/ADNI/bids_adni3/sub-141S4160/ses-m84/anat/sub-141S4160_ses-m84_acq-3T_T1w.nii.gz,/scratch/ishaan/adni_trillium/derivatives/bsc/141_S_4160_m84_2018-07-31,2018-07-29,6.647501711156742,3.0
141_S_4232_m03_2011-12-09,141_S_4232,/project/rrg-mchakrav-ab/moncia/ADNI/bids_adni_go2/sub-141S4232/ses-m03/anat/sub-141S4232_ses-m03_acq-3Taccel_T1w.nii.gz,/scratch/ishaan/adni_trillium/derivatives/bsc/141_S_4232_m03_2011-12-09,2012-01-03,0.0,3.0
141_S_4232_m06_2012-03-09,141_S_4232,/project/rrg-mchakrav-ab/moncia/ADNI/bids_adni_go2/sub-141S4232/ses-m06/anat/sub-141S4232_ses-m06_acq-3Taccel_T1w.nii.gz,/scratch/ishaan/adni_trillium/derivatives/bsc/141_S_4232_m06_2012-03-09,2012-06-05,0.4216290212183436,3.0
141_S_4232_m12_2012-09-08,141_S_4232,/project/rrg-mchakrav-ab/moncia/ADNI/bids_adni_go2/sub-141S4232/ses-m12/anat/sub-141S4232_ses-m12_acq-3Taccel_T1w.nii.gz,/scratch/ishaan/adni_trillium/derivatives/bsc/141_S_4232_m12_2012-09-08,2012-12-09,0.9336071184120466,3.0
141_S_4232_m24_2013-09-08,141_S_4232,/project/rrg-mchakrav-ab/moncia/ADNI/bids_adni_go2/sub-141S4232/ses-m24/anat/sub-141S4232_ses-m24_acq-3Taccel_T1w.nii.gz,/scratch/ishaan/adni_trillium/derivatives/bsc/141_S_4232_m24_2013-09-08,2014-01-25,2.0616016427104724,3.0
153_S_2148_m03_2011-02-16,153_S_2148,/project/rrg-mchakrav-ab/moncia/ADNI/bids_adni_go2/sub-153S2148/ses-m03/anat/sub-153S2148_ses-m03_acq-3Taccel_T1w.nii.gz,/scratch/ishaan/adni_trillium/derivatives/bsc/153_S_2148_m03_2011-02-16,2011-02-16,0.0,3.0
153_S_2148_m06_2011-05-18,153_S_2148,/project/rrg-mchakrav-ab/moncia/ADNI/bids_adni_go2/sub-153S2148/ses-m06/anat/sub-153S2148_ses-m06_acq-3Taccel_T1w.nii.gz,/scratch/ishaan/adni_trillium/derivatives/bsc/153_S_2148_m06_2011-05-18,2011-05-26,0.27104722792607805,3.0
153_S_2148_m12_2011-11-17,153_S_2148,/project/rrg-mchakrav-ab/moncia/ADNI/bids_adni_go2/sub-153S2148/ses-m12/anat/sub-153S2148_ses-m12_acq-3Taccel_T1w.nii.gz,/scratch/ishaan/adni_trillium/derivatives/bsc/153_S_2148_m12_2011-11-17,2011-11-23,0.7665982203969883,3.0
153_S_2148_m24_2012-11-16,153_S_2148,/project/rrg-mchakrav-ab/moncia/ADNI/bids_adni_go2/sub-153S2148/ses-m24/anat/sub-153S2148_ses-m24_acq-3Taccel_T1w.nii.gz,/scratch/ishaan/adni_trillium/derivatives/bsc/153_S_2148_m24_2012-11-16,2013-01-29,1.9520876112251881,3.0
153_S_2148_m36_2013-11-16,153_S_2148,/project/rrg-mchakrav-ab/moncia/ADNI/bids_adni_go2/sub-153S2148/ses-m36/anat/sub-153S2148_ses-m36_acq-3Taccel_T1w.nii.gz,/scratch/ishaan/adni_trillium/derivatives/bsc/153_S_2148_m36_2013-11-16,2013-12-17,2.833675564681725,3.0
153_S_4077_m03_2011-09-07,153_S_4077,/project/rrg-mchakrav-ab/moncia/ADNI/bids_adni_go2/sub-153S4077/ses-m03/anat/sub-153S4077_ses-m03_acq-3Taccel_T1w.nii.gz,/scratch/ishaan/adni_trillium/derivatives/bsc/153_S_4077_m03_2011-09-07,2011-09-20,0.0,3.0
153_S_4077_m06_2011-12-07,153_S_4077,/project/rrg-mchakrav-ab/moncia/ADNI/bids_adni_go2/sub-153S4077/ses-m06/anat/sub-153S4077_ses-m06_acq-3Taccel_T1w.nii.gz,/scratch/ishaan/adni_trillium/derivatives/bsc/153_S_4077_m06_2011-12-07,2012-02-28,0.4407939767282683,3.0
153_S_4077_m12_2012-06-07,153_S_4077,/project/rrg-mchakrav-ab/moncia/ADNI/bids_adni_go2/sub-153S4077/ses-m12/anat/sub-153S4077_ses-m12_acq-3Taccel_T1w.nii.gz,/scratch/ishaan/adni_trillium/derivatives/bsc/153_S_4077_m12_2012-06-07,2012-07-02,0.783025325119781,3.0
153_S_4077_m24_2013-06-07,153_S_4077,/project/rrg-mchakrav-ab/moncia/ADNI/bids_adni_go2/sub-153S4077/ses-m24/anat/sub-153S4077_ses-m24_acq-3Taccel_T1w.nii.gz,/scratch/ishaan/adni_trillium/derivatives/bsc/153_S_4077_m24_2013-06-07,2013-07-23,1.839835728952772,3.0
153_S_4077_m48_2015-06-08,153_S_4077,/project/rrg-mchakrav-ab/moncia/ADNI/bids_adni_go2/sub-153S4077/ses-m48/anat/sub-153S4077_ses-m48_acq-3Taccel_T1w.nii.gz,/scratch/ishaan/adni_trillium/derivatives/bsc/153_S_4077_m48_2015-06-08,2015-07-14,3.813826146475017,3.0
153_S_4838_m03_2012-10-01,153_S_4838,/project/rrg-mchakrav-ab/moncia/ADNI/bids_adni_go2/sub-153S4838/ses-m03/anat/sub-153S4838_ses-m03_acq-3Taccel_T1w.nii.gz,/scratch/ishaan/adni_trillium/derivatives/bsc/153_S_4838_m03_2012-10-01,2012-10-03,0.0,3.0
153_S_4838_m06_2012-12-31,153_S_4838,/project/rrg-mchakrav-ab/moncia/ADNI/bids_adni_go2/sub-153S4838/ses-m06/anat/sub-153S4838_ses-m06_acq-3Taccel_T1w.nii.gz,/scratch/ishaan/adni_trillium/derivatives/bsc/153_S_4838_m06_2012-12-31,2013-03-19,0.45722108145106094,3.0
153_S_4838_m12_2013-07-02,153_S_4838,/project/rrg-mchakrav-ab/moncia/ADNI/bids_adni_go2/sub-153S4838/ses-m12/anat/sub-153S4838_ses-m12_acq-3Taccel_T1w.nii.gz,/scratch/ishaan/adni_trillium/derivatives/bsc/153_S_4838_m12_2013-07-02,2013-10-01,0.9938398357289527,3.0
153_S_4838_m24_2014-07-02,153_S_4838,/project/rrg-mchakrav-ab/moncia/ADNI/bids_adni_go2/sub-153S4838/ses-m24/anat/sub-153S4838_ses-m24_acq-3Taccel_T1w.nii.gz,/scratch/ishaan/adni_trillium/derivatives/bsc/153_S_4838_m24_2014-07-02,2014-08-26,1.894592744695414,3.0
168_S_6180_sc_2018-02-23,168_S_6180,/project/rrg-mchakrav-ab/moncia/ADNI/bids_adni3/sub-168S6180/ses-sc/anat/sub-168S6180_ses-sc_acq-3T_T1w.nii.gz,/scratch/ishaan/adni_trillium/derivatives/bsc/168_S_6180_sc_2018-02-23,2018-01-30,0.0,3.0
168_S_6180_m12_2019-02-23,168_S_6180,/project/rrg-mchakrav-ab/moncia/ADNI/bids_adni3/sub-168S6180/ses-m12/anat/sub-168S6180_ses-m12_acq-3T_T1w.nii.gz,/scratch/ishaan/adni_trillium/derivatives/bsc/168_S_6180_m12_2019-02-23,2019-04-08,1.1854893908281998,3.0
168_S_6180_m30_2020-08-24,168_S_6180,/project/rrg-mchakrav-ab/moncia/ADNI/bids_adni3/sub-168S6180/ses-m30/anat/sub-168S6180_ses-m30_acq-3T_T1w.nii.gz,/scratch/ishaan/adni_trillium/derivatives/bsc/168_S_6180_m30_2020-08-24,2020-10-30,2.74880219028063,3.0
168_S_6180_m54_2022-08-24,168_S_6180,/project/rrg-mchakrav-ab/moncia/ADNI/bids_adni3/sub-168S6180/ses-m54/anat/sub-168S6180_ses-m54_acq-3T_T1w.nii.gz,/scratch/ishaan/adni_trillium/derivatives/bsc/168_S_6180_m54_2022-08-24,2022-07-28,4.490075290896646,3.0
168_S_6541_sc_2018-08-17,168_S_6541,/project/rrg-mchakrav-ab/moncia/ADNI/bids_adni3/sub-168S6541/ses-sc/anat/sub-168S6541_ses-sc_acq-3T_T1w.nii.gz,/scratch/ishaan/adni_trillium/derivatives/bsc/168_S_6541_sc_2018-08-17,2018-08-15,0.0,3.0
168_S_6541_m12_2019-08-17,168_S_6541,/project/rrg-mchakrav-ab/moncia/ADNI/bids_adni3/sub-168S6541/ses-m12/anat/sub-168S6541_ses-m12_acq-3T_T1w.nii.gz,/scratch/ishaan/adni_trillium/derivatives/bsc/168_S_6541_m12_2019-08-17,2019-10-08,1.1471594798083504,3.0
168_S_6541_m24_2020-08-16,168_S_6541,/project/rrg-mchakrav-ab/moncia/ADNI/bids_adni3/sub-168S6541/ses-m24/anat/sub-168S6541_ses-m24_acq-3T_T1w.nii.gz,/scratch/ishaan/adni_trillium/derivatives/bsc/168_S_6541_m24_2020-08-16,2020-12-10,2.321697467488022,3.0
168_S_6541_m42_2022-02-15,168_S_6541,/project/rrg-mchakrav-ab/moncia/ADNI/bids_adni3/sub-168S6541/ses-m42/anat/sub-168S6541_ses-m42_acq-3T_T1w.nii.gz,/scratch/ishaan/adni_trillium/derivatives/bsc/168_S_6541_m42_2022-02-15,2022-06-02,3.7973990417522243,3.0
301_S_6056_sc_2017-07-24,301_S_6056,/project/rrg-mchakrav-ab/moncia/ADNI/bids_adni3/sub-301S6056/ses-sc/anat/sub-301S6056_ses-sc_acq-3T_T1w.nii.gz,/scratch/ishaan/adni_trillium/derivatives/bsc/301_S_6056_sc_2017-07-24,2017-08-02,0.0,3.0
301_S_6056_m12_2018-07-24,301_S_6056,/project/rrg-mchakrav-ab/moncia/ADNI/bids_adni3/sub-301S6056/ses-m12/anat/sub-301S6056_ses-m12_acq-3T_T1w.nii.gz,/scratch/ishaan/adni_trillium/derivatives/bsc/301_S_6056_m12_2018-07-24,2018-08-22,1.054072553045859,3.0
301_S_6056_m24_2019-07-24,301_S_6056,/project/rrg-mchakrav-ab/moncia/ADNI/bids_adni3/sub-301S6056/ses-m24/anat/sub-301S6056_ses-m24_acq-3T_T1w.nii.gz,/scratch/ishaan/adni_trillium/derivatives/bsc/301_S_6056_m24_2019-07-24,2019-09-06,2.0944558521560577,3.0
301_S_6056_m48_2021-07-24,301_S_6056,/project/rrg-mchakrav-ab/moncia/ADNI/bids_adni3/sub-301S6056/ses-m48/anat/sub-301S6056_ses-m48_acq-3T_T1w.nii.gz,/scratch/ishaan/adni_trillium/derivatives/bsc/301_S_6056_m48_2021-07-24,2021-09-09,4.1040383299110195,3.0
301_S_6056_m96_2025-07-24,301_S_6056,/project/rrg-mchakrav-ab/moncia/ADNI/bids_adni4_qc/sub-301S6056/ses-m96/anat/sub-301S6056_ses-m96_acq-3Taccel_T1w.nii.gz,/scratch/ishaan/adni_trillium/derivatives/bsc/301_S_6056_m96_2025-07-24,2025-09-24,8.145106091718,3.0
301_S_6297_sc_2018-04-04,301_S_6297,/project/rrg-mchakrav-ab/moncia/ADNI/bids_adni3/sub-301S6297/ses-sc/anat/sub-301S6297_ses-sc_acq-3T_T1w.nii.gz,/scratch/ishaan/adni_trillium/derivatives/bsc/301_S_6297_sc_2018-04-04,2018-04-05,0.0,3.0
301_S_6297_m12_2019-04-04,301_S_6297,/project/rrg-mchakrav-ab/moncia/ADNI/bids_adni3/sub-301S6297/ses-m12/anat/sub-301S6297_ses-m12_acq-3T_T1w.nii.gz,/scratch/ishaan/adni_trillium/derivatives/bsc/301_S_6297_m12_2019-04-04,2019-05-28,1.1444216290212184,3.0
301_S_6297_m24_2020-04-03,301_S_6297,/project/rrg-mchakrav-ab/moncia/ADNI/bids_adni3/sub-301S6297/ses-m24/anat/sub-301S6297_ses-m24_acq-3T_T1w.nii.gz,/scratch/ishaan/adni_trillium/derivatives/bsc/301_S_6297_m24_2020-04-03,2020-05-14,2.108145106091718,3.0
301_S_6297_m36_2021-04-03,301_S_6297,/project/rrg-mchakrav-ab/moncia/ADNI/bids_adni3/sub-301S6297/ses-m36/anat/sub-301S6297_ses-m36_acq-3T_T1w.nii.gz,/scratch/ishaan/adni_trillium/derivatives/bsc/301_S_6297_m36_2021-04-03,2021-04-13,3.02258726899384,3.0
301_S_6297_m48_2022-04-04,301_S_6297,/project/rrg-mchakrav-ab/moncia/ADNI/bids_adni3/sub-301S6297/ses-m48/anat/sub-301S6297_ses-m48_acq-3T_T1w.nii.gz,/scratch/ishaan/adni_trillium/derivatives/bsc/301_S_6297_m48_2022-04-04,2022-04-19,4.03832991101985,3.0
305_S_6378_sc_2018-05-18,305_S_6378,/project/rrg-mchakrav-ab/moncia/ADNI/bids_adni3/sub-305S6378/ses-sc/anat/sub-305S6378_ses-sc_acq-3T_T1w.nii.gz,/scratch/ishaan/adni_trillium/derivatives/bsc/305_S_6378_sc_2018-05-18,2018-05-19,0.0,3.0
305_S_6378_m12_2019-05-18,305_S_6378,/project/rrg-mchakrav-ab/moncia/ADNI/bids_adni3/sub-305S6378/ses-m12/anat/sub-305S6378_ses-m12_acq-3T_T1w.nii.gz,/scratch/ishaan/adni_trillium/derivatives/bsc/305_S_6378_m12_2019-05-18,2019-05-24,1.0130047912388775,3.0
305_S_6378_m24_2020-05-17,305_S_6378,/project/rrg-mchakrav-ab/moncia/ADNI/bids_adni3/sub-305S6378/ses-m24/anat/sub-305S6378_ses-m24_acq-3T_T1w.nii.gz,/scratch/ishaan/adni_trillium/derivatives/bsc/305_S_6378_m24_2020-05-17,2020-06-11,2.0643394934976045,3.0
305_S_6378_m36_2021-05-17,305_S_6378,/project/rrg-mchakrav-ab/moncia/ADNI/bids_adni3/sub-305S6378/ses-m36/anat/sub-305S6378_ses-m36_acq-3T_T1w.nii.gz,/scratch/ishaan/adni_trillium/derivatives/bsc/305_S_6378_m36_2021-05-17,2021-05-24,3.0143737166324436,3.0
941_S_4036_m03_2011-08-05,941_S_4036,/project/rrg-mchakrav-ab/moncia/ADNI/bids_adni_go2/sub-941S4036/ses-m03/anat/sub-941S4036_ses-m03_acq-3Taccel_T1w.nii.gz,/scratch/ishaan/adni_trillium/derivatives/bsc/941_S_4036_m03_2011-08-05,2011-05-10,0.0,3.0
941_S_4036_m06_2011-11-04,941_S_4036,/project/rrg-mchakrav-ab/moncia/ADNI/bids_adni_go2/sub-941S4036/ses-m06/anat/sub-941S4036_ses-m06_acq-3Taccel_T1w.nii.gz,/scratch/ishaan/adni_trillium/derivatives/bsc/941_S_4036_m06_2011-11-04,2011-10-06,0.4079397672826831,3.0
941_S_4036_m12_2012-05-05,941_S_4036,/project/rrg-mchakrav-ab/moncia/ADNI/bids_adni_go2/sub-941S4036/ses-m12/anat/sub-941S4036_ses-m12_acq-3Taccel_T1w.nii.gz,/scratch/ishaan/adni_trillium/derivatives/bsc/941_S_4036_m12_2012-05-05,2012-01-25,0.7118412046543463,3.0
941_S_4036_m24_2013-05-05,941_S_4036,/project/rrg-mchakrav-ab/moncia/ADNI/bids_adni_go2/sub-941S4036/ses-m24/anat/sub-941S4036_ses-m24_acq-3Taccel_T1w.nii.gz,/scratch/ishaan/adni_trillium/derivatives/bsc/941_S_4036_m24_2013-05-05,2013-08-21,2.2833675564681726,3.0
941_S_4036_m48_2015-05-06,941_S_4036,/project/rrg-mchakrav-ab/moncia/ADNI/bids_adni_go2/sub-941S4036/ses-m48/anat/sub-941S4036_ses-m48_acq-3Taccel_T1w.nii.gz,/scratch/ishaan/adni_trillium/derivatives/bsc/941_S_4036_m48_2015-05-06,2015-06-26,4.128678986995209,3.0
941_S_4036_m78_2017-11-04,941_S_4036,/project/rrg-mchakrav-ab/moncia/ADNI/bids_adni3/sub-941S4036/ses-m78/anat/sub-941S4036_ses-m78_acq-3T_T1w.nii.gz,/scratch/ishaan/adni_trillium/derivatives/bsc/941_S_4036_m78_2017-11-04,2017-11-27,6.551676933607118,3.0
941_S_4036_m90_2018-11-04,941_S_4036,/project/rrg-mchakrav-ab/moncia/ADNI/bids_adni3/sub-941S4036/ses-m90/anat/sub-941S4036_ses-m90_acq-3T_T1w.nii.gz,/scratch/ishaan/adni_trillium/derivatives/bsc/941_S_4036_m90_2018-11-04,2018-11-20,7.531827515400411,3.0
941_S_4036_m102_2019-11-04,941_S_4036,/project/rrg-mchakrav-ab/moncia/ADNI/bids_adni3/sub-941S4036/ses-m102/anat/sub-941S4036_ses-m102_acq-3T_T1w.nii.gz,/scratch/ishaan/adni_trillium/derivatives/bsc/941_S_4036_m102_2019-11-04,2020-02-26,8.799452429842573,3.0
941_S_4036_m114_2020-11-04,941_S_4036,/project/rrg-mchakrav-ab/moncia/ADNI/bids_adni3/sub-941S4036/ses-m114/anat/sub-941S4036_ses-m114_acq-3T_T1w.nii.gz,/scratch/ishaan/adni_trillium/derivatives/bsc/941_S_4036_m114_2020-11-04,2021-03-26,9.878165639972622,3.0
941_S_4187_m03_2011-11-14,941_S_4187,/project/rrg-mchakrav-ab/moncia/ADNI/bids_adni_go2/sub-941S4187/ses-m03/anat/sub-941S4187_ses-m03_acq-3Taccel_T1w.nii.gz,/scratch/ishaan/adni_trillium/derivatives/bsc/941_S_4187_m03_2011-11-14,2011-11-28,0.0,3.0
941_S_4187_m06_2012-02-13,941_S_4187,/project/rrg-mchakrav-ab/moncia/ADNI/bids_adni_go2/sub-941S4187/ses-m06/anat/sub-941S4187_ses-m06_acq-3Taccel_T1w.nii.gz,/scratch/ishaan/adni_trillium/derivatives/bsc/941_S_4187_m06_2012-02-13,2012-02-29,0.2546201232032854,3.0
941_S_4187_m12_2012-08-14,941_S_4187,/project/rrg-mchakrav-ab/moncia/ADNI/bids_adni_go2/sub-941S4187/ses-m12/anat/sub-941S4187_ses-m12_acq-3Taccel_T1w.nii.gz,/scratch/ishaan/adni_trillium/derivatives/bsc/941_S_4187_m12_2012-08-14,2012-08-30,0.75564681724846,3.0
941_S_4187_m24_2013-08-14,941_S_4187,/project/rrg-mchakrav-ab/moncia/ADNI/bids_adni_go2/sub-941S4187/ses-m24/anat/sub-941S4187_ses-m24_acq-3Taccel_T1w.nii.gz,/scratch/ishaan/adni_trillium/derivatives/bsc/941_S_4187_m24_2013-08-14,2013-09-04,1.7686516084873374,3.0
941_S_4187_m48_2015-08-15,941_S_4187,/project/rrg-mchakrav-ab/moncia/ADNI/bids_adni_go2/sub-941S4187/ses-m48/anat/sub-941S4187_ses-m48_acq-3Taccel_T1w.nii.gz,/scratch/ishaan/adni_trillium/derivatives/bsc/941_S_4187_m48_2015-08-15,2015-08-21,3.728952772073922,3.0
941_S_4187_m72_2017-08-14,941_S_4187,/project/rrg-mchakrav-ab/moncia/ADNI/bids_adni3/sub-941S4187/ses-m72/anat/sub-941S4187_ses-m72_acq-3T_T1w.nii.gz,/scratch/ishaan/adni_trillium/derivatives/bsc/941_S_4187_m72_2017-08-14,2017-06-05,5.519507186858316,3.0
941_S_4187_m96_2019-08-15,941_S_4187,/project/rrg-mchakrav-ab/moncia/ADNI/bids_adni3/sub-941S4187/ses-m96/anat/sub-941S4187_ses-m96_acq-3T_T1w.nii.gz,/scratch/ishaan/adni_trillium/derivatives/bsc/941_S_4187_m96_2019-08-15,2019-06-25,7.572895277207392,3.0
941_S_4187_m108_2020-08-14,941_S_4187,/project/rrg-mchakrav-ab/moncia/ADNI/bids_adni3/sub-941S4187/ses-m108/anat/sub-941S4187_ses-m108_acq-3T_T1w.nii.gz,/scratch/ishaan/adni_trillium/derivatives/bsc/941_S_4187_m108_2020-08-14,2020-08-24,8.739219712525667,3.0
941_S_4187_m120_2021-08-14,941_S_4187,/project/rrg-mchakrav-ab/moncia/ADNI/bids_adni3/sub-941S4187/ses-m120/anat/sub-941S4187_ses-m120_acq-3T_T1w.nii.gz,/scratch/ishaan/adni_trillium/derivatives/bsc/941_S_4187_m120_2021-08-14,2021-09-28,9.834360027378509,3.0
941_S_4187_m132_2022-08-15,941_S_4187,/project/rrg-mchakrav-ab/moncia/ADNI/bids_adni3/sub-941S4187/ses-m132/anat/sub-941S4187_ses-m132_acq-3T_T1w.nii.gz,/scratch/ishaan/adni_trillium/derivatives/bsc/941_S_4187_m132_2022-08-15,2022-10-07,10.858316221765914,3.0
