{
  "BSC_dir": 0.3602692484855652,
  "BSC_mag": 0.4351453185081482,
  "Nboundary": 33780,
  "engine": "atropos",
  "units": "SD/mm",
  "spacing": [
    1.0,
    1.0,
    1.0
  ],
  "mu_wm": 320.3365783691406,
  "sd_wm": 56.51194763183594,
  "t1": "data/raw/adni/adni_3yr_3t/136_S_0429/MPR____N3__Scaled/2006-06-27_10_25_33.0/I40392/ADNI_136_S_0429_MR_MPR____N3__Scaled_Br_20070215221039819_S15882_I40392.nii"
}