{
  "BSC_dir": 0.45882853865623474,
  "BSC_mag": 0.5521728992462158,
  "Nboundary": 78820,
  "engine": "atropos",
  "units": "SD/mm",
  "spacing": [
    0.9999999567739084,
    0.9999999725819769,
    0.9999999689091129
  ],
  "mu_wm": 127.22920227050781,
  "sd_wm": 21.537023544311523,
  "t1": "data/raw/oasis3/t1_mprage_sag/t1_mprage_sag_images/OASIS_OAS30895_20250429162547781.nii"
}