{
  "BSC_dir": 0.3361481726169586,
  "BSC_mag": 0.40026235580444336,
  "Nboundary": 57668,
  "engine": "atropos",
  "units": "SD/mm",
  "spacing": [
    1.0,
    1.0,
    1.0
  ],
  "mu_wm": 808.0415649414062,
  "sd_wm": 143.3072509765625,
  "t1": "data/raw/adni/adni_3yr_3t/127_S_0622/MPR__GradWarp__B1_Correction__N3__Scaled/2009-06-30_13_29_11.0/I162947/ADNI_127_S_0622_MR_MPR__GradWarp__B1_Correction__N3__Scaled_Br_20100108161439968_S69345_I162947.nii"
}