{
  "BSC_dir": 0.16152654588222504,
  "BSC_mag": 0.17393040657043457,
  "Nboundary": 75641,
  "engine": "atropos",
  "units": "SD/mm",
  "spacing": [
    0.9999999944400327,
    1.0000000115701595,
    0.9999999743963924
  ],
  "mu_wm": 197.7173309326172,
  "sd_wm": 75.72555541992188,
  "t1": "data/raw/oasis3/t1_mprage_sag/t1_mprage_sag_images/OASIS_OAS31388_20250501135738076.nii"
}