{
  "BSC_dir": 0.44877684116363525,
  "BSC_mag": 0.6053463816642761,
  "Nboundary": 44897,
  "engine": "atropos",
  "units": "SD/mm",
  "spacing": [
    1.0,
    1.0,
    1.0
  ],
  "mu_wm": 1015.2791137695312,
  "sd_wm": 166.69256591796875,
  "t1": "data/raw/adni/adni_3yr_3t/037_S_0501/MPR__GradWarp__B1_Correction__N3__Scaled/2007-07-11_11_34_02.0/I72405/ADNI_037_S_0501_MR_MPR__GradWarp__B1_Correction__N3__Scaled_Br_20070911102616170_S35029_I72405.nii"
}