{
  "BSC_dir": 0.34519100189208984,
  "BSC_mag": 0.41799622774124146,
  "Nboundary": 50032,
  "engine": "atropos",
  "units": "SD/mm",
  "spacing": [
    1.0,
    1.0,
    1.0
  ],
  "mu_wm": 664.0045776367188,
  "sd_wm": 111.84203338623047,
  "t1": "data/raw/adni/adni_3yr_3t/023_S_1046/MPR__GradWarp__B1_Correction__N3__Scaled/2009-01-21_11_02_17.0/I138011/ADNI_023_S_1046_MR_MPR__GradWarp__B1_Correction__N3__Scaled_Br_20090309120721661_S62076_I138011.nii"
}