{
  "BSC_dir": 0.5390994548797607,
  "BSC_mag": 0.7619912624359131,
  "Nboundary": 30280,
  "engine": "atropos",
  "units": "SD/mm",
  "spacing": [
    0.9999999766594903,
    1.0000000035229575,
    0.9999999699394859
  ],
  "mu_wm": 376.64483642578125,
  "sd_wm": 44.527347564697266,
  "t1": "data/raw/adni/adni_3yr_3t/100_S_1286/MPR-R____N3__Scaled/2007-08-30_10_43_17.0/I80679/ADNI_100_S_1286_MR_MPR-R____N3__Scaled_Br_20071103131952213_S38792_I80679.nii"
}