{
  "BSC_dir": 0.40852582454681396,
  "BSC_mag": 0.4939168095588684,
  "Nboundary": 54340,
  "engine": "atropos",
  "units": "SD/mm",
  "spacing": [
    1.0,
    1.0,
    1.0
  ],
  "mu_wm": 537.9952392578125,
  "sd_wm": 85.48944854736328,
  "t1": "data/raw/adni/adni_3yr_3t/023_S_0376/MPR__GradWarp__B1_Correction__N3__Scaled_2/2007-03-20_09_11_10.0/I118851/ADNI_023_S_0376_MR_MPR__GradWarp__B1_Correction__N3__Scaled_2_Br_20081001152231786_S28518_I118851.nii"
}