{
  "BSC_dir": 0.533275842666626,
  "BSC_mag": 0.6894322633743286,
  "Nboundary": 38616,
  "engine": "atropos",
  "units": "SD/mm",
  "spacing": [
    1.0,
    1.0,
    1.0
  ],
  "mu_wm": 318.722900390625,
  "sd_wm": 47.78073501586914,
  "t1": "data/raw/adni/adni_3yr_3t/053_S_0507/MPR____N3__Scaled/2006-12-11_12_04_45.0/I90578/ADNI_053_S_0507_MR_MPR____N3__Scaled_Br_20080215171653803_S23807_I90578.nii"
}