{
  "BSC_dir": 0.33336174488067627,
  "BSC_mag": 0.4027822017669678,
  "Nboundary": 56213,
  "engine": "atropos",
  "units": "SD/mm",
  "spacing": [
    1.0,
    1.0,
    1.0
  ],
  "mu_wm": 513.846923828125,
  "sd_wm": 94.58390808105469,
  "t1": "data/raw/adni/adni_3yr_3t/023_S_0604/MPR-R__GradWarp__B1_Correction__N3__Scaled_2/2007-06-11_13_33_28.0/I119006/ADNI_023_S_0604_MR_MPR-R__GradWarp__B1_Correction__N3__Scaled_2_Br_20081002104356385_S33372_I119006.nii"
}