{
  "BSC_dir": 0.28458788990974426,
  "BSC_mag": 0.3429526090621948,
  "Nboundary": 40286,
  "engine": "atropos",
  "units": "SD/mm",
  "spacing": [
    1.0,
    1.0,
    1.0
  ],
  "mu_wm": 431.4554138183594,
  "sd_wm": 87.7979507446289,
  "t1": "data/raw/adni/adni_3yr_3t/002_S_0413/MPR____N3__Scaled/2008-07-31_09_17_17.0/I120746/ADNI_002_S_0413_MR_MPR____N3__Scaled_Br_20081014173055492_S54597_I120746.nii"
}