{
  "BSC_dir": 0.2755418121814728,
  "BSC_mag": 0.32559993863105774,
  "Nboundary": 59443,
  "engine": "atropos",
  "units": "SD/mm",
  "spacing": [
    1.0,
    1.0,
    1.0
  ],
  "mu_wm": 1413.0118408203125,
  "sd_wm": 279.45147705078125,
  "t1": "data/raw/adni/adni_3yr_3t/023_S_0058/MPR__GradWarp__B1_Correction__N3__Scaled_2/2006-12-19_11_25_13.0/I118852/ADNI_023_S_0058_MR_MPR__GradWarp__B1_Correction__N3__Scaled_2_Br_20081001152327374_S24251_I118852.nii"
}