{
  "BSC_dir": 0.3466406762599945,
  "BSC_mag": 0.4109889566898346,
  "Nboundary": 49206,
  "engine": "atropos",
  "units": "SD/mm",
  "spacing": [
    1.0,
    1.0,
    1.0
  ],
  "mu_wm": 763.8951416015625,
  "sd_wm": 136.46803283691406,
  "t1": "data/raw/adni/adni_3yr_3t/023_S_0963/MPR__GradWarp__B1_Correction__N3__Scaled_2/2007-04-04_15_31_55.0/I118906/ADNI_023_S_0963_MR_MPR__GradWarp__B1_Correction__N3__Scaled_2_Br_20081001155109807_S29352_I118906.nii"
}