{
  "BSC_dir": 0.3395478129386902,
  "BSC_mag": 0.4019956588745117,
  "Nboundary": 50696,
  "engine": "atropos",
  "units": "SD/mm",
  "spacing": [
    1.0,
    1.0000000000000002,
    1.0
  ],
  "mu_wm": 514.3289184570312,
  "sd_wm": 98.92288208007812,
  "t1": "data/raw/adni/adni_3yr_3t/005_S_0553/MPR__GradWarp__B1_Correction__N3__Scaled/2006-06-28_12_11_17.0/I32755/ADNI_005_S_0553_MR_MPR__GradWarp__B1_Correction__N3__Scaled_Br_20061212135745131_S15928_I32755.nii"
}