{
  "BSC_dir": 0.16095025837421417,
  "BSC_mag": 0.17109595239162445,
  "Nboundary": 82027,
  "engine": "atropos",
  "units": "SD/mm",
  "spacing": [
    1.0000000021943074,
    1.0000000125898052,
    1.0000000054612233
  ],
  "mu_wm": 196.11427307128906,
  "sd_wm": 76.37195587158203,
  "t1": "data/raw/oasis3/t1_mprage_sag/t1_mprage_sag_images/OASIS_OAS31381_20250501134907435.nii"
}