{
  "BSC_dir": 0.27599215507507324,
  "BSC_mag": 0.33772188425064087,
  "Nboundary": 61858,
  "engine": "atropos",
  "units": "SD/mm",
  "spacing": [
    1.0,
    1.0,
    1.0
  ],
  "mu_wm": 2816.607177734375,
  "sd_wm": 575.3412475585938,
  "t1": "data/raw/adni/adni_3yr_3t/005_S_0572/MPR__GradWarp__B1_Correction__N3__Scaled/2009-07-06_08_36_01.0/I162030/ADNI_005_S_0572_MR_MPR__GradWarp__B1_Correction__N3__Scaled_Br_20100105115337403_S69434_I162030.nii"
}