{
  "BSC_dir": 0.1973358392715454,
  "BSC_mag": 0.20874562859535217,
  "Nboundary": 56263,
  "engine": "atropos",
  "units": "SD/mm",
  "spacing": [
    0.9999999605378419,
    0.9999999991311157,
    1.0000000141928251
  ],
  "mu_wm": 250.3349609375,
  "sd_wm": 72.75294494628906,
  "t1": "data/raw/oasis3/t1_mprage_sag/t1_mprage_sag_images/OASIS_OAS30922_20250429193037725.nii"
}