{
  "BSC_dir": 0.2894849181175232,
  "BSC_mag": 0.3490532636642456,
  "Nboundary": 57258,
  "engine": "atropos",
  "units": "SD/mm",
  "spacing": [
    1.0,
    1.0,
    1.0
  ],
  "mu_wm": 746.86962890625,
  "sd_wm": 146.41921997070312,
  "t1": "data/raw/adni/adni_3yr_3t/027_S_0403/MPR__GradWarp__B1_Correction__N3__Scaled/2007-05-14_14_09_53.0/I67380/ADNI_027_S_0403_MR_MPR__GradWarp__B1_Correction__N3__Scaled_Br_20070813143207736_S32184_I67380.nii"
}