{
  "BSC_dir": 0.6104028224945068,
  "BSC_mag": 0.8841241598129272,
  "Nboundary": 34881,
  "engine": "atropos",
  "units": "SD/mm",
  "spacing": [
    1.0,
    1.0,
    1.0
  ],
  "mu_wm": 275.6915283203125,
  "sd_wm": 35.10695266723633,
  "t1": "data/raw/adni/adni_3yr_3t/018_S_0633/MPR____N3__Scaled/2008-07-28_10_16_23.0/I120476/ADNI_018_S_0633_MR_MPR____N3__Scaled_Br_20081013190034535_S54179_I120476.nii"
}