{
  "BSC_dir": 0.4909725785255432,
  "BSC_mag": 0.6898287534713745,
  "Nboundary": 22311,
  "engine": "atropos",
  "units": "SD/mm",
  "spacing": [
    1.0,
    1.0000000000000002,
    1.0
  ],
  "mu_wm": 459.0056457519531,
  "sd_wm": 75.77825164794922,
  "t1": "data/raw/adni/adni_3yr_3t/018_S_0633/MPR____N3__Scaled/2006-07-17_11_06_31.0/I35039/ADNI_018_S_0633_MR_MPR____N3__Scaled_Br_20070101223315779_S16900_I35039.nii"
}