{
  "BSC_dir": 0.6632471084594727,
  "BSC_mag": 0.8779910802841187,
  "Nboundary": 32485,
  "engine": "atropos",
  "units": "SD/mm",
  "spacing": [
    1.0,
    1.0,
    1.0
  ],
  "mu_wm": 1071.642822265625,
  "sd_wm": 128.91859436035156,
  "t1": "data/raw/adni/adni_3yr_3t/031_S_1066/MPR__GradWarp__B1_Correction__N3__Scaled/2008-11-25_13_28_06.0/I129313/ADNI_031_S_1066_MR_MPR__GradWarp__B1_Correction__N3__Scaled_Br_20081204171122222_S60309_I129313.nii"
}