{
  "BSC_dir": 0.11761048436164856,
  "BSC_mag": 0.12590710818767548,
  "Nboundary": 75451,
  "engine": "atropos",
  "units": "SD/mm",
  "spacing": [
    0.9999999882837921,
    1.0000000005961376,
    0.9999999706189084
  ],
  "mu_wm": 243.53665161132812,
  "sd_wm": 106.97998046875,
  "t1": "data/raw/oasis3/t1_mprage_sag/t1_mprage_sag_images/OASIS_OAS31333_20250501111036671.nii"
}