{
  "BSC_dir": 0.49980488419532776,
  "BSC_mag": 0.663860559463501,
  "Nboundary": 42541,
  "engine": "atropos",
  "units": "SD/mm",
  "spacing": [
    1.0,
    1.0,
    1.0
  ],
  "mu_wm": 1010.13623046875,
  "sd_wm": 155.45347595214844,
  "t1": "data/raw/adni/adni_3yr_3t/031_S_0830/MPR__GradWarp__B1_Correction__N3__Scaled/2007-09-17_12_58_18.0/I92444/ADNI_031_S_0830_MR_MPR__GradWarp__B1_Correction__N3__Scaled_Br_20080225100608090_S39458_I92444.nii"
}