{
  "BSC_dir": 0.5764687061309814,
  "BSC_mag": 0.7403767108917236,
  "Nboundary": 33023,
  "engine": "atropos",
  "units": "SD/mm",
  "spacing": [
    1.0,
    1.0,
    1.0
  ],
  "mu_wm": 1247.633056640625,
  "sd_wm": 172.982666015625,
  "t1": "data/raw/adni/adni_3yr_3t/023_S_0061/MPR__GradWarp__B1_Correction__N3__Scaled_2/2006-12-06_10_28_05.0/I118858/ADNI_023_S_0061_MR_MPR__GradWarp__B1_Correction__N3__Scaled_2_Br_20081001152820870_S23481_I118858.nii"
}