{
  "BSC_dir": 0.5722622275352478,
  "BSC_mag": 0.7312566041946411,
  "Nboundary": 47102,
  "engine": "atropos",
  "units": "SD/mm",
  "spacing": [
    1.0,
    1.0,
    1.0
  ],
  "mu_wm": 287.9540100097656,
  "sd_wm": 39.030677795410156,
  "t1": "data/raw/adni/adni_3yr_3t/018_S_0633/MPR____N3__Scaled/2007-07-17_13_33_03.0/I71451/ADNI_018_S_0633_MR_MPR____N3__Scaled_Br_20070904192251723_S35155_I71451.nii"
}