{
  "BSC_dir": 0.3396186828613281,
  "BSC_mag": 0.40647733211517334,
  "Nboundary": 44257,
  "engine": "atropos",
  "units": "SD/mm",
  "spacing": [
    1.0,
    1.0,
    1.0
  ],
  "mu_wm": 452.7806091308594,
  "sd_wm": 84.4186019897461,
  "t1": "data/raw/adni/adni_3yr_3t/116_S_0382/MPR__GradWarp__B1_Correction__N3__Scaled/2008-05-28_11_50_22.0/I123767/ADNI_116_S_0382_MR_MPR__GradWarp__B1_Correction__N3__Scaled_Br_20081026134853747_S50711_I123767.nii"
}