{
  "BSC_dir": 0.4548589289188385,
  "BSC_mag": 0.5822826623916626,
  "Nboundary": 36147,
  "engine": "atropos",
  "units": "SD/mm",
  "spacing": [
    1.0,
    1.0,
    1.0
  ],
  "mu_wm": 278.9759216308594,
  "sd_wm": 41.591712951660156,
  "t1": "data/raw/adni/adni_3yr_3t/002_S_1070/MPR____N3__Scaled/2008-12-11_13_04_47.0/I132215/ADNI_002_S_1070_MR_MPR____N3__Scaled_Br_20081224110557894_S60783_I132215.nii"
}