{
  "BSC_dir": 0.5185147523880005,
  "BSC_mag": 0.7081298232078552,
  "Nboundary": 38927,
  "engine": "atropos",
  "units": "SD/mm",
  "spacing": [
    1.0,
    1.0,
    1.0
  ],
  "mu_wm": 1446.250244140625,
  "sd_wm": 208.4894256591797,
  "t1": "data/raw/adni/adni_3yr_3t/023_S_1046/MPR__GradWarp__B1_Correction__N3__Scaled/2007-05-29_12_34_47.0/I87518/ADNI_023_S_1046_MR_MPR__GradWarp__B1_Correction__N3__Scaled_Br_20080116083255647_S32728_I87518.nii"
}