{
  "BSC_dir": 0.17475715279579163,
  "BSC_mag": 0.1866161823272705,
  "Nboundary": 58382,
  "engine": "atropos",
  "units": "SD/mm",
  "spacing": [
    0.9999999644599724,
    0.9999999952107439,
    0.999999985109171
  ],
  "mu_wm": 284.8077087402344,
  "sd_wm": 88.71678924560547,
  "t1": "data/raw/oasis3/t1_mprage_sag/t1_mprage_sag_images/OASIS_OAS31393_20250501140004758.nii"
}