{
  "BSC_dir": 0.3714923858642578,
  "BSC_mag": 0.44493407011032104,
  "Nboundary": 45654,
  "engine": "atropos",
  "units": "SD/mm",
  "spacing": [
    1.0,
    1.0,
    1.0
  ],
  "mu_wm": 449.17816162109375,
  "sd_wm": 72.58332061767578,
  "t1": "data/raw/adni/adni_3yr_3t/023_S_0926/MPR__GradWarp__B1_Correction__N3__Scaled/2008-10-21_12_56_33.0/I125029/ADNI_023_S_0926_MR_MPR__GradWarp__B1_Correction__N3__Scaled_Br_20081103162936500_S57754_I125029.nii"
}