{
  "BSC_dir": 0.5853973031044006,
  "BSC_mag": 0.7361430525779724,
  "Nboundary": 39465,
  "engine": "atropos",
  "units": "SD/mm",
  "spacing": [
    1.0,
    1.0,
    1.0
  ],
  "mu_wm": 1436.1026611328125,
  "sd_wm": 194.49249267578125,
  "t1": "data/raw/adni/adni_3yr_3t/027_S_0307/MPR__GradWarp__B1_Correction__N3__Scaled/2006-05-11_16_31_47.0/I34168/ADNI_027_S_0307_MR_MPR__GradWarp__B1_Correction__N3__Scaled_Br_20061222185350351_S14336_I34168.nii"
}