{
  "BSC_dir": 0.2889098525047302,
  "BSC_mag": 0.3472622036933899,
  "Nboundary": 54344,
  "engine": "atropos",
  "units": "SD/mm",
  "spacing": [
    1.0,
    1.0,
    1.0
  ],
  "mu_wm": 779.838134765625,
  "sd_wm": 158.2769012451172,
  "t1": "data/raw/adni/adni_3yr_3t/037_S_0303/MPR__GradWarp__B1_Correction__N3__Scaled/2006-05-03_11_41_39.0/I64116/ADNI_037_S_0303_MR_MPR__GradWarp__B1_Correction__N3__Scaled_Br_20070802181222889_S13916_I64116.nii"
}