{
  "BSC_dir": 0.5491296648979187,
  "BSC_mag": 0.6900569200515747,
  "Nboundary": 43802,
  "engine": "atropos",
  "units": "SD/mm",
  "spacing": [
    1.0000000347415123,
    1.0000000121106298,
    0.9999999762760037
  ],
  "mu_wm": 176.65199279785156,
  "sd_wm": 26.32823944091797,
  "t1": "data/raw/adni/adni_3yr_3t/136_S_0195/MPR____N3__Scaled/2009-04-07_14_57_23.0/I148270/ADNI_136_S_0195_MR_MPR____N3__Scaled_Br_20090708095227200_S65770_I148270.nii"
}