{
  "BSC_dir": 0.3570367693901062,
  "BSC_mag": 0.42903000116348267,
  "Nboundary": 53204,
  "engine": "atropos",
  "units": "SD/mm",
  "spacing": [
    1.0,
    1.0,
    1.0
  ],
  "mu_wm": 566.2724609375,
  "sd_wm": 94.88288879394531,
  "t1": "data/raw/adni/adni_3yr_3t/023_S_0376/MPR-R__GradWarp__B1_Correction__N3__Scaled/2006-10-19_13_32_25.0/I52093/ADNI_023_S_0376_MR_MPR-R__GradWarp__B1_Correction__N3__Scaled_Br_20070427200404196_S20446_I52093.nii"
}