{
  "BSC_dir": 0.5777976512908936,
  "BSC_mag": 0.7388395667076111,
  "Nboundary": 41935,
  "engine": "atropos",
  "units": "SD/mm",
  "spacing": [
    1.0,
    1.0,
    1.0
  ],
  "mu_wm": 294.556396484375,
  "sd_wm": 41.77544403076172,
  "t1": "data/raw/adni/adni_3yr_3t/053_S_0507/MPR____N3__Scaled/2007-11-27_09_08_36.0/I85542/ADNI_053_S_0507_MR_MPR____N3__Scaled_Br_20071219112752016_S43019_I85542.nii"
}