{
  "BSC_dir": 0.5346048474311829,
  "BSC_mag": 0.6660756468772888,
  "Nboundary": 33597,
  "engine": "atropos",
  "units": "SD/mm",
  "spacing": [
    1.0,
    1.0,
    1.0
  ],
  "mu_wm": 323.38238525390625,
  "sd_wm": 39.49543380737305,
  "t1": "data/raw/adni/adni_3yr_3t/136_S_0196/MPR____N3__Scaled/2009-04-27_14_20_50.0/I151369/ADNI_136_S_0196_MR_MPR____N3__Scaled_Br_20090731121905762_S66736_I151369.nii"
}