{
  "BSC_dir": 0.6378791332244873,
  "BSC_mag": 0.7849404215812683,
  "Nboundary": 72323,
  "engine": "atropos",
  "units": "SD/mm",
  "spacing": [
    1.0000000273831322,
    1.0000000707645793,
    1.0000000553181378
  ],
  "mu_wm": 122.00939178466797,
  "sd_wm": 16.069398880004883,
  "t1": "data/raw/oasis3/t1_mprage_sag/t1_mprage_sag_images/OASIS_OAS31006_20250430041806957.nii"
}