{
  "BSC_dir": 0.358717143535614,
  "BSC_mag": 0.41902294754981995,
  "Nboundary": 47881,
  "engine": "atropos",
  "units": "SD/mm",
  "spacing": [
    1.0,
    1.0,
    1.0
  ],
  "mu_wm": 1040.608642578125,
  "sd_wm": 168.67230224609375,
  "t1": "data/raw/adni/adni_3yr_3t/127_S_0260/MPR__GradWarp__B1_Correction__N3__Scaled/2006-11-02_13_11_26.0/I88077/ADNI_127_S_0260_MR_MPR__GradWarp__B1_Correction__N3__Scaled_Br_20080123091240719_S21836_I88077.nii"
}