{
  "BSC_dir": 0.2334042191505432,
  "BSC_mag": 0.2525264620780945,
  "Nboundary": 54446,
  "engine": "atropos",
  "units": "SD/mm",
  "spacing": [
    1.0000000083497556,
    1.000000038508685,
    0.999999994536034
  ],
  "mu_wm": 301.5735778808594,
  "sd_wm": 80.74810028076172,
  "t1": "data/raw/oasis3/t1_mprage_sag/t1_mprage_sag_images/OASIS_OAS30663_20250423164518380.nii"
}