{
  "BSC_dir": 0.5151470899581909,
  "BSC_mag": 0.707522451877594,
  "Nboundary": 42555,
  "engine": "atropos",
  "units": "SD/mm",
  "spacing": [
    1.0,
    1.0,
    1.0
  ],
  "mu_wm": 1376.0538330078125,
  "sd_wm": 188.84715270996094,
  "t1": "data/raw/adni/adni_3yr_3t/023_S_0916/MPR__GradWarp__B1_Correction__N3__Scaled/2006-09-29_13_26_46.0/I31540/ADNI_023_S_0916_MR_MPR__GradWarp__B1_Correction__N3__Scaled_Br_20061203143925761_S19523_I31540.nii"
}