{
  "BSC_dir": 0.5017552375793457,
  "BSC_mag": 0.6522765159606934,
  "Nboundary": 32255,
  "engine": "atropos",
  "units": "SD/mm",
  "spacing": [
    1.0,
    1.0,
    1.0
  ],
  "mu_wm": 3571.884521484375,
  "sd_wm": 524.1897583007812,
  "t1": "data/raw/adni/adni_3yr_3t/127_S_0260/MPR__GradWarp__B1_Correction__N3__Scaled/2006-05-01_13_12_05.0/I34371/ADNI_127_S_0260_MR_MPR__GradWarp__B1_Correction__N3__Scaled_Br_20061227143400735_S13858_I34371.nii"
}