{
  "BSC_dir": 0.2679417133331299,
  "BSC_mag": 0.3333866000175476,
  "Nboundary": 53305,
  "engine": "atropos",
  "units": "SD/mm",
  "spacing": [
    1.0000000000024516,
    0.9999999977323567,
    0.9999999977299083
  ],
  "mu_wm": 316.22991943359375,
  "sd_wm": 65.9786376953125,
  "t1": "data/raw/adni/adni_3yr_3t/100_S_0015/MPR-R____N3__Scaled/2006-05-02_09_32_23.0/I33041/ADNI_100_S_0015_MR_MPR-R____N3__Scaled_Br_20061213152010603_S13884_I33041.nii"
}