{
  "BSC_dir": 0.2680758535861969,
  "BSC_mag": 0.3178884983062744,
  "Nboundary": 49926,
  "engine": "atropos",
  "units": "SD/mm",
  "spacing": [
    1.0,
    1.0,
    1.0
  ],
  "mu_wm": 1873.87841796875,
  "sd_wm": 414.4137268066406,
  "t1": "data/raw/adni/adni_3yr_3t/005_S_0553/MPR-R__GradWarp__B1_Correction__N3__Scaled/2009-09-15_09_37_55.0/I162016/ADNI_005_S_0553_MR_MPR-R__GradWarp__B1_Correction__N3__Scaled_Br_20100105114131280_S73709_I162016.nii"
}