{
  "BSC_dir": 0.32408222556114197,
  "BSC_mag": 0.38579174876213074,
  "Nboundary": 45123,
  "engine": "atropos",
  "units": "SD/mm",
  "spacing": [
    1.0,
    1.0,
    1.0
  ],
  "mu_wm": 444.89959716796875,
  "sd_wm": 78.01475524902344,
  "t1": "data/raw/adni/adni_3yr_3t/027_S_0835/MPR__GradWarp__B1_Correction__N3__Scaled/2006-09-28_09_23_19.0/I35653/ADNI_027_S_0835_MR_MPR__GradWarp__B1_Correction__N3__Scaled_Br_20070109231952406_S19496_I35653.nii"
}