{
  "BSC_dir": 0.5354526042938232,
  "BSC_mag": 0.6837258338928223,
  "Nboundary": 37865,
  "engine": "atropos",
  "units": "SD/mm",
  "spacing": [
    1.0,
    1.0,
    1.0
  ],
  "mu_wm": 247.90863037109375,
  "sd_wm": 32.52218246459961,
  "t1": "data/raw/adni/adni_3yr_3t/136_S_0196/MPR____N3__Scaled/2006-05-01_11_18_56.0/I40269/ADNI_136_S_0196_MR_MPR____N3__Scaled_Br_20070215192140032_S13831_I40269.nii"
}