{
  "BSC_dir": 0.45964884757995605,
  "BSC_mag": 0.5778869390487671,
  "Nboundary": 34973,
  "engine": "atropos",
  "units": "SD/mm",
  "spacing": [
    1.0,
    1.0,
    1.0
  ],
  "mu_wm": 271.3670959472656,
  "sd_wm": 47.67292022705078,
  "t1": "data/raw/adni/adni_3yr_3t/053_S_0507/MPR____N3__Scaled_2/2006-06-06_09_19_06.0/I119146/ADNI_053_S_0507_MR_MPR____N3__Scaled_2_Br_20081003140851627_S15256_I119146.nii"
}