{
  "BSC_dir": 0.2529270052909851,
  "BSC_mag": 0.2905119061470032,
  "Nboundary": 32974,
  "engine": "atropos",
  "units": "SD/mm",
  "spacing": [
    1.0,
    1.0000000000000002,
    1.0
  ],
  "mu_wm": 495.2264099121094,
  "sd_wm": 118.56444549560547,
  "t1": "data/raw/adni/adni_3yr_3t/018_S_0335/MPR____N3__Scaled/2006-05-31_16_04_30.0/I35014/ADNI_018_S_0335_MR_MPR____N3__Scaled_Br_20070101215011237_S15247_I35014.nii"
}