{
  "BSC_dir": 0.19268763065338135,
  "BSC_mag": 0.20606084167957306,
  "Nboundary": 47199,
  "engine": "atropos",
  "units": "SD/mm",
  "spacing": [
    0.9999999727041643,
    0.9999999704963637,
    0.9999999953313086
  ],
  "mu_wm": 258.87017822265625,
  "sd_wm": 78.43071746826172,
  "t1": "data/raw/oasis3/t1_mprage_sag/t1_mprage_sag_images/OASIS_OAS31359_20250501124019648.nii"
}