{
  "BSC_dir": 0.19371026754379272,
  "BSC_mag": 0.2250613570213318,
  "Nboundary": 50478,
  "engine": "atropos",
  "units": "SD/mm",
  "spacing": [
    1.0,
    1.0000000000000002,
    1.0
  ],
  "mu_wm": 291.8143005371094,
  "sd_wm": 78.57887268066406,
  "t1": "data/raw/adni/adni_3yr_3t/018_S_0450/MPR____N3__Scaled/2006-12-08_10_11_49.0/I69469/ADNI_018_S_0450_MR_MPR____N3__Scaled_Br_20070821150208558_S23722_I69469.nii"
}