{
  "BSC_dir": 0.505794882774353,
  "BSC_mag": 0.6489063501358032,
  "Nboundary": 45042,
  "engine": "atropos",
  "units": "SD/mm",
  "spacing": [
    1.0000000417508945,
    0.9999999595027729,
    1.000000002222053
  ],
  "mu_wm": 172.9160614013672,
  "sd_wm": 26.19949722290039,
  "t1": "data/raw/adni/adni_3yr_3t/136_S_0195/MPR-R____N3__Scaled/2008-03-25_10_06_35.0/I120423/ADNI_136_S_0195_MR_MPR-R____N3__Scaled_Br_20081013162450631_S47389_I120423.nii"
}