{
  "BSC_dir": 0.5143982172012329,
  "BSC_mag": 0.6909667253494263,
  "Nboundary": 40554,
  "engine": "atropos",
  "units": "SD/mm",
  "spacing": [
    1.0,
    1.0,
    1.0
  ],
  "mu_wm": 1197.7540283203125,
  "sd_wm": 181.59063720703125,
  "t1": "data/raw/adni/adni_3yr_3t/037_S_0501/MPR-R__GradWarp__B1_Correction__N3__Scaled/2008-06-25_13_36_09.0/I120521/ADNI_037_S_0501_MR_MPR-R__GradWarp__B1_Correction__N3__Scaled_Br_20081014083840028_S53117_I120521.nii"
}