{
  "BSC_dir": 0.5507880449295044,
  "BSC_mag": 0.7442727088928223,
  "Nboundary": 39679,
  "engine": "atropos",
  "units": "SD/mm",
  "spacing": [
    1.0,
    1.0,
    1.0
  ],
  "mu_wm": 1192.364501953125,
  "sd_wm": 163.555419921875,
  "t1": "data/raw/adni/adni_3yr_3t/023_S_1046/MPR__GradWarp__B1_Correction__N3__Scaled_2/2006-11-15_14_35_52.0/I118908/ADNI_023_S_1046_MR_MPR__GradWarp__B1_Correction__N3__Scaled_2_Br_20081001155242429_S22606_I118908.nii"
}