{
  "BSC_dir": 0.32293012738227844,
  "BSC_mag": 0.39674240350723267,
  "Nboundary": 55400,
  "engine": "atropos",
  "units": "SD/mm",
  "spacing": [
    1.0,
    1.0,
    1.0
  ],
  "mu_wm": 574.8157958984375,
  "sd_wm": 110.2251968383789,
  "t1": "data/raw/adni/adni_3yr_3t/116_S_0487/MPR__GradWarp__B1_Correction__N3__Scaled/2008-06-06_10_57_28.0/I109893/ADNI_116_S_0487_MR_MPR__GradWarp__B1_Correction__N3__Scaled_Br_20080617165712709_S51211_I109893.nii"
}