{
  "BSC_dir": 0.39348503947257996,
  "BSC_mag": 0.4754053056240082,
  "Nboundary": 40145,
  "engine": "atropos",
  "units": "SD/mm",
  "spacing": [
    1.0,
    1.0,
    1.0
  ],
  "mu_wm": 1040.1998291015625,
  "sd_wm": 170.20559692382812,
  "t1": "data/raw/adni/adni_3yr_3t/005_S_0324/MPR-R__GradWarp__B1_Correction__N3__Scaled/2006-10-31_12_42_49.0/I35467/ADNI_005_S_0324_MR_MPR-R__GradWarp__B1_Correction__N3__Scaled_Br_20070108214812498_S21628_I35467.nii"
}