{
  "BSC_dir": 0.20687371492385864,
  "BSC_mag": 0.24443531036376953,
  "Nboundary": 55546,
  "engine": "atropos",
  "units": "SD/mm",
  "spacing": [
    1.0,
    1.0,
    1.0
  ],
  "mu_wm": 318.355712890625,
  "sd_wm": 77.19680786132812,
  "t1": "data/raw/adni/adni_3yr_3t/018_S_0450/MPR____N3__Scaled/2008-06-09_10_20_04.0/I111192/ADNI_018_S_0450_MR_MPR____N3__Scaled_Br_20080626135034172_S51236_I111192.nii"
}