{
  "BSC_dir": 0.33489057421684265,
  "BSC_mag": 0.3993763029575348,
  "Nboundary": 50227,
  "engine": "atropos",
  "units": "SD/mm",
  "spacing": [
    1.0,
    1.0,
    1.0
  ],
  "mu_wm": 656.5143432617188,
  "sd_wm": 127.8128890991211,
  "t1": "data/raw/adni/adni_3yr_3t/116_S_0649/MPR__GradWarp__B1_Correction__N3__Scaled/2007-02-21_14_44_54.0/I53823/ADNI_116_S_0649_MR_MPR__GradWarp__B1_Correction__N3__Scaled_Br_20070508155339881_S26946_I53823.nii"
}