{
  "BSC_dir": 0.5537667870521545,
  "BSC_mag": 0.7014734148979187,
  "Nboundary": 32251,
  "engine": "atropos",
  "units": "SD/mm",
  "spacing": [
    1.0,
    1.0,
    1.0
  ],
  "mu_wm": 285.76806640625,
  "sd_wm": 40.821903228759766,
  "t1": "data/raw/adni/adni_3yr_3t/130_S_0956/MPR____N3__Scaled/2008-11-03_10_46_39.0/I129655/ADNI_130_S_0956_MR_MPR____N3__Scaled_Br_20081209120621816_S58319_I129655.nii"
}