{
  "BSC_dir": 0.34933891892433167,
  "BSC_mag": 0.4273851215839386,
  "Nboundary": 43475,
  "engine": "atropos",
  "units": "SD/mm",
  "spacing": [
    0.9999999928479167,
    1.0000000071249806,
    1.0000000063918137
  ],
  "mu_wm": 277.6003723144531,
  "sd_wm": 56.02223205566406,
  "t1": "data/raw/adni/adni_3yr_3t/136_S_0300/MPR____N3__Scaled/2006-11-13_11_06_22.0/I66754/ADNI_136_S_0300_MR_MPR____N3__Scaled_Br_20070809225810386_S22443_I66754.nii"
}