{
  "BSC_dir": 0.38739901781082153,
  "BSC_mag": 0.4738547205924988,
  "Nboundary": 41653,
  "engine": "atropos",
  "units": "SD/mm",
  "spacing": [
    1.0000000194151821,
    1.0000000344210207,
    1.0000000179002742
  ],
  "mu_wm": 258.8461608886719,
  "sd_wm": 43.02027893066406,
  "t1": "data/raw/adni/adni_3yr_3t/136_S_0426/MPR____N3__Scaled/2007-06-04_12_24_17.0/I66787/ADNI_136_S_0426_MR_MPR____N3__Scaled_Br_20070809233020851_S32971_I66787.nii"
}