{
  "BSC_dir": 0.44967740774154663,
  "BSC_mag": 0.5521899461746216,
  "Nboundary": 33844,
  "engine": "atropos",
  "units": "SD/mm",
  "spacing": [
    1.0,
    1.0,
    1.0
  ],
  "mu_wm": 297.31243896484375,
  "sd_wm": 46.11323165893555,
  "t1": "data/raw/adni/adni_3yr_3t/136_S_0429/MPR____N3__Scaled/2009-07-13_13_38_31.0/I205562/ADNI_136_S_0429_MR_MPR____N3__Scaled_Br_20101118095905305_S69971_I205562.nii"
}