{
  "BSC_dir": 0.25393304228782654,
  "BSC_mag": 0.302868127822876,
  "Nboundary": 60990,
  "engine": "atropos",
  "units": "SD/mm",
  "spacing": [
    1.0,
    1.0,
    1.0
  ],
  "mu_wm": 8103.45703125,
  "sd_wm": 1822.5804443359375,
  "t1": "data/raw/adni/adni_3yr_3t/127_S_0622/MPR__GradWarp__B1_Correction__N3__Scaled/2006-12-13_12_07_11.0/I91113/ADNI_127_S_0622_MR_MPR__GradWarp__B1_Correction__N3__Scaled_Br_20080220143539428_S23999_I91113.nii"
}