{
  "n_folds": 5,
  "metrics": {
    "correlation": {
      "mean": 0.8551610876680448,
      "std": 0.035590185862875885,
      "folds": [
        0.917681446772089,
        0.8154439687099568,
        0.8313502244628883,
        0.8674885396956323,
        0.8438412586996568
      ]
    },
    "auc": {
      "mean": 0.960592105263158,
      "std": 0.02460566274741294,
      "folds": [
        0.9243055555555555,
        0.9809941520467836,
        0.9758771929824561,
        0.9839181286549707,
        0.9378654970760234
      ]
    },
    "rmse": {
      "mean": 99.47433534177627,
      "std": 11.118809125930545,
      "folds": [
        117.65143751438224,
        103.80179215646685,
        84.75878714496157,
        92.2538749905779,
        98.90578490249277
      ]
    },
    "mae": {
      "mean": 69.6091811566962,
      "std": 8.096718280797345,
      "folds": [
        79.01271116441228,
        76.90685617664357,
        59.79431738805246,
        60.418863472980455,
        71.91315758139223
      ]
    }
  }
}