{
  "BSC_dir": 0.36200106143951416,
  "BSC_mag": 0.4482216536998749,
  "Nboundary": 56212,
  "engine": "atropos",
  "units": "SD/mm",
  "spacing": [
    1.0,
    1.0,
    1.0
  ],
  "mu_wm": 631.0682373046875,
  "sd_wm": 105.29340362548828,
  "t1": "data/raw/adni/adni_3yr_3t/023_S_0625/MPR__GradWarp__B1_Correction__N3__Scaled/2009-10-20_09_48_01.0/I162301/ADNI_023_S_0625_MR_MPR__GradWarp__B1_Correction__N3__Scaled_Br_20100106092059663_S75410_I162301.nii"
}