{
  "BSC_dir": 0.2723187804222107,
  "BSC_mag": 0.3193684220314026,
  "Nboundary": 51148,
  "engine": "atropos",
  "units": "SD/mm",
  "spacing": [
    1.0,
    1.0,
    1.0
  ],
  "mu_wm": 1958.955322265625,
  "sd_wm": 419.3105163574219,
  "t1": "data/raw/adni/adni_3yr_3t/005_S_0324/MPR__GradWarp__B1_Correction__N3__Scaled/2007-05-09_10_27_32.0/I70611/ADNI_005_S_0324_MR_MPR__GradWarp__B1_Correction__N3__Scaled_Br_20070828100626599_S31973_I70611.nii"
}