{
  "BSC_dir": 0.578402578830719,
  "BSC_mag": 0.77381432056427,
  "Nboundary": 35558,
  "engine": "atropos",
  "units": "SD/mm",
  "spacing": [
    1.0,
    1.0,
    1.0
  ],
  "mu_wm": 1581.5030517578125,
  "sd_wm": 209.50177001953125,
  "t1": "data/raw/adni/adni_3yr_3t/023_S_0388/MPR__GradWarp__B1_Correction__N3__Scaled_2/2007-04-17_09_15_14.0/I118871/ADNI_023_S_0388_MR_MPR__GradWarp__B1_Correction__N3__Scaled_2_Br_20081001153723387_S29861_I118871.nii"
}