{
  "BSC_dir": 0.26266995072364807,
  "BSC_mag": 0.31170493364334106,
  "Nboundary": 35057,
  "engine": "atropos",
  "units": "SD/mm",
  "spacing": [
    1.0,
    1.0,
    1.0
  ],
  "mu_wm": 429.6331787109375,
  "sd_wm": 91.30579376220703,
  "t1": "data/raw/adni/adni_3yr_3t/002_S_0413/MPR____N3__Scaled/2006-05-19_16_17_47.0/I40657/ADNI_002_S_0413_MR_MPR____N3__Scaled_Br_20070216232854688_S14782_I40657.nii"
}