{
  "BSC_dir": 0.25783655047416687,
  "BSC_mag": 0.3050438165664673,
  "Nboundary": 56683,
  "engine": "atropos",
  "units": "SD/mm",
  "spacing": [
    1.0,
    1.0,
    1.0
  ],
  "mu_wm": 824.0569458007812,
  "sd_wm": 178.1519012451172,
  "t1": "data/raw/adni/adni_3yr_3t/027_S_0403/MPR-R__GradWarp__B1_Correction__N3__Scaled/2006-05-08_10_29_51.0/I34190/ADNI_027_S_0403_MR_MPR-R__GradWarp__B1_Correction__N3__Scaled_Br_20061222192740789_S14179_I34190.nii"
}