{
  "BSC_dir": 0.3736225366592407,
  "BSC_mag": 0.4389260411262512,
  "Nboundary": 45061,
  "engine": "atropos",
  "units": "SD/mm",
  "spacing": [
    1.0,
    1.0,
    1.0
  ],
  "mu_wm": 585.7001953125,
  "sd_wm": 98.84846496582031,
  "t1": "data/raw/adni/adni_3yr_3t/023_S_0331/MPR__GradWarp__B1_Correction__N3__Scaled_2/2006-04-12_12_35_42.0/I119018/ADNI_023_S_0331_MR_MPR__GradWarp__B1_Correction__N3__Scaled_2_Br_20081002113615467_S13168_I119018.nii"
}