{
  "BSC_dir": 0.28746888041496277,
  "BSC_mag": 0.34138020873069763,
  "Nboundary": 36439,
  "engine": "atropos",
  "units": "SD/mm",
  "spacing": [
    1.0,
    1.0,
    1.0
  ],
  "mu_wm": 416.6707458496094,
  "sd_wm": 84.20573425292969,
  "t1": "data/raw/adni/adni_3yr_3t/002_S_0413/MPR____N3__Scaled_2/2006-11-15_14_34_44.0/I128346/ADNI_002_S_0413_MR_MPR____N3__Scaled_2_Br_20081124142730828_S22683_I128346.nii"
}