{
  "BSC_dir": 0.4724096357822418,
  "BSC_mag": 0.5911707878112793,
  "Nboundary": 33622,
  "engine": "atropos",
  "units": "SD/mm",
  "spacing": [
    1.0,
    1.0,
    1.0
  ],
  "mu_wm": 349.2109680175781,
  "sd_wm": 53.624759674072266,
  "t1": "data/raw/adni/adni_3yr_3t/002_S_1070/MPR____N3__Scaled/2007-12-10_17_52_02.0/I86231/ADNI_002_S_1070_MR_MPR____N3__Scaled_Br_20071227094032049_S43530_I86231.nii"
}