{
  "BSC_dir": 0.5186588168144226,
  "BSC_mag": 0.6530839204788208,
  "Nboundary": 34064,
  "engine": "atropos",
  "units": "SD/mm",
  "spacing": [
    1.0,
    1.0,
    1.0
  ],
  "mu_wm": 304.8008728027344,
  "sd_wm": 45.215633392333984,
  "t1": "data/raw/adni/adni_3yr_3t/053_S_0507/MPR____N3__Scaled/2007-06-11_11_19_48.0/I75471/ADNI_053_S_0507_MR_MPR____N3__Scaled_Br_20070927075702120_S33392_I75471.nii"
}