{
  "BSC_dir": 0.34536927938461304,
  "BSC_mag": 0.40616676211357117,
  "Nboundary": 40312,
  "engine": "atropos",
  "units": "SD/mm",
  "spacing": [
    1.0,
    1.0,
    1.0
  ],
  "mu_wm": 286.8182067871094,
  "sd_wm": 56.183319091796875,
  "t1": "data/raw/adni/adni_3yr_3t/136_S_0426/MPR____N3__Scaled_2/2006-05-30_10_46_09.0/I119731/ADNI_136_S_0426_MR_MPR____N3__Scaled_2_Br_20081008134424912_S15017_I119731.nii"
}