{
  "BSC_dir": 0.3083614110946655,
  "BSC_mag": 0.36747413873672485,
  "Nboundary": 62718,
  "engine": "atropos",
  "units": "SD/mm",
  "spacing": [
    1.0,
    1.0,
    1.0
  ],
  "mu_wm": 751.9368896484375,
  "sd_wm": 143.0109405517578,
  "t1": "data/raw/adni/adni_3yr_3t/023_S_0604/MPR-R__GradWarp__B1_Correction__N3__Scaled_2/2006-06-20_09_34_04.0/I119026/ADNI_023_S_0604_MR_MPR-R__GradWarp__B1_Correction__N3__Scaled_2_Br_20081002113933605_S15677_I119026.nii"
}