{
  "BSC_dir": 0.36123424768447876,
  "BSC_mag": 0.42804861068725586,
  "Nboundary": 43115,
  "engine": "atropos",
  "units": "SD/mm",
  "spacing": [
    1.0,
    1.0,
    1.0
  ],
  "mu_wm": 1578.2359619140625,
  "sd_wm": 261.56927490234375,
  "t1": "data/raw/adni/adni_3yr_3t/023_S_0926/MPR__GradWarp__B1_Correction__N3__Scaled/2007-04-03_14_47_08.0/I64995/ADNI_023_S_0926_MR_MPR__GradWarp__B1_Correction__N3__Scaled_Br_20070806120738644_S29272_I64995.nii"
}