{
  "BSC_dir": 0.6719558835029602,
  "BSC_mag": 0.9556289911270142,
  "Nboundary": 30342,
  "engine": "atropos",
  "units": "SD/mm",
  "spacing": [
    1.0000000088175596,
    0.9999999924016882,
    1.0000000306053787
  ],
  "mu_wm": 283.6338195800781,
  "sd_wm": 33.02065658569336,
  "t1": "data/raw/adni/adni_3yr_3t/136_S_0184/MPR-R____N3__Scaled/2008-03-17_11_16_11.0/I102840/ADNI_136_S_0184_MR_MPR-R____N3__Scaled_Br_20080415154909319_S47135_I102840.nii"
}