{
  "BSC_dir": 0.3165430426597595,
  "BSC_mag": 0.3676869571208954,
  "Nboundary": 47881,
  "engine": "atropos",
  "units": "SD/mm",
  "spacing": [
    1.0,
    1.0,
    1.0
  ],
  "mu_wm": 1012.2634887695312,
  "sd_wm": 176.87405395507812,
  "t1": "data/raw/adni/adni_3yr_3t/023_S_0061/MPR__GradWarp__B1_Correction__N3__Scaled/2007-12-13_13_06_37.0/I87064/ADNI_023_S_0061_MR_MPR__GradWarp__B1_Correction__N3__Scaled_Br_20080111135822317_S43840_I87064.nii"
}