{
  "BSC_dir": 0.2875829041004181,
  "BSC_mag": 0.3314787447452545,
  "Nboundary": 46690,
  "engine": "atropos",
  "units": "SD/mm",
  "spacing": [
    1.0,
    1.0,
    1.0
  ],
  "mu_wm": 1440.6195068359375,
  "sd_wm": 326.5896911621094,
  "t1": "data/raw/adni/adni_3yr_3t/005_S_0553/MPR__GradWarp__B1_Correction__N3__Scaled/2007-01-04_10_16_08.0/I67899/ADNI_005_S_0553_MR_MPR__GradWarp__B1_Correction__N3__Scaled_Br_20070816103623576_S24693_I67899.nii"
}