{
  "BSC_dir": 0.44902804493904114,
  "BSC_mag": 0.5586531162261963,
  "Nboundary": 47144,
  "engine": "atropos",
  "units": "SD/mm",
  "spacing": [
    1.000000015877125,
    0.9999999789223736,
    0.9999999972251836
  ],
  "mu_wm": 243.71046447753906,
  "sd_wm": 42.05470275878906,
  "t1": "data/raw/adni/adni_3yr_3t/136_S_0300/MPR____N3__Scaled/2008-05-19_11_32_35.0/I120436/ADNI_136_S_0300_MR_MPR____N3__Scaled_Br_20081013164320616_S50330_I120436.nii"
}