{
  "BSC_dir": 0.3309325873851776,
  "BSC_mag": 0.4019321799278259,
  "Nboundary": 52539,
  "engine": "atropos",
  "units": "SD/mm",
  "spacing": [
    1.0,
    1.0,
    1.0
  ],
  "mu_wm": 1295.6922607421875,
  "sd_wm": 223.87637329101562,
  "t1": "data/raw/adni/adni_3yr_3t/023_S_0376/MPR__GradWarp__B1_Correction__N3__Scaled/2006-04-28_12_55_22.0/I31392/ADNI_023_S_0376_MR_MPR__GradWarp__B1_Correction__N3__Scaled_Br_20061201170258692_S13786_I31392.nii"
}