{
  "BSC_dir": 0.3836063742637634,
  "BSC_mag": 0.45447665452957153,
  "Nboundary": 42620,
  "engine": "atropos",
  "units": "SD/mm",
  "spacing": [
    1.0,
    1.0,
    1.0
  ],
  "mu_wm": 570.4108276367188,
  "sd_wm": 97.8055419921875,
  "t1": "data/raw/adni/adni_3yr_3t/023_S_1262/MPR-R__GradWarp__B1_Correction__N3__Scaled_2/2007-02-28_09_22_42.0/I118924/ADNI_023_S_1262_MR_MPR-R__GradWarp__B1_Correction__N3__Scaled_2_Br_20081001160446675_S27243_I118924.nii"
}