{
  "BSC_dir": 0.26509368419647217,
  "BSC_mag": 0.31694650650024414,
  "Nboundary": 36928,
  "engine": "atropos",
  "units": "SD/mm",
  "spacing": [
    1.0,
    1.0,
    1.0
  ],
  "mu_wm": 417.4095764160156,
  "sd_wm": 89.32141876220703,
  "t1": "data/raw/adni/adni_3yr_3t/002_S_0413/MPR____N3__Scaled_2/2006-05-19_16_17_47.0/I118675/ADNI_002_S_0413_MR_MPR____N3__Scaled_2_Br_20081001114937668_S14782_I118675.nii"
}