{
  "BSC_dir": 0.19179889559745789,
  "BSC_mag": 0.20611311495304108,
  "Nboundary": 74554,
  "engine": "atropos",
  "units": "SD/mm",
  "spacing": [
    1.0000000240541207,
    1.0000000438099095,
    1.0000000697260754
  ],
  "mu_wm": 268.5355224609375,
  "sd_wm": 89.2071304321289,
  "t1": "data/raw/oasis3/t1_mprage_sag/t1_mprage_sag_images/OASIS_OAS31430_20250501160728896.nii"
}