{
  "BSC_dir": 0.5921299457550049,
  "BSC_mag": 0.8069201111793518,
  "Nboundary": 30060,
  "engine": "atropos",
  "units": "SD/mm",
  "spacing": [
    1.0,
    1.0,
    1.0
  ],
  "mu_wm": 2900.952880859375,
  "sd_wm": 376.49005126953125,
  "t1": "data/raw/adni/adni_3yr_3t/127_S_0260/MPR__GradWarp__B1_Correction__N3__Scaled/2008-05-13_12_28_42.0/I106542/ADNI_127_S_0260_MR_MPR__GradWarp__B1_Correction__N3__Scaled_Br_20080522163149690_S50016_I106542.nii"
}