{
  "BSC_dir": 0.5770612955093384,
  "BSC_mag": 0.8143656253814697,
  "Nboundary": 28892,
  "engine": "atropos",
  "units": "SD/mm",
  "spacing": [
    0.9999999851462149,
    1.0000000300674112,
    1.0000000424120328
  ],
  "mu_wm": 357.18511962890625,
  "sd_wm": 41.753173828125,
  "t1": "data/raw/adni/adni_3yr_3t/100_S_1286/MPR____N3__Scaled/2008-02-11_13_39_59.0/I96312/ADNI_100_S_1286_MR_MPR____N3__Scaled_Br_20080308132349021_S45574_I96312.nii"
}