{
  "BSC_dir": 0.31598833203315735,
  "BSC_mag": 0.37837621569633484,
  "Nboundary": 35541,
  "engine": "atropos",
  "units": "SD/mm",
  "spacing": [
    0.9999999666917024,
    0.9999999852690694,
    0.9999999806826146
  ],
  "mu_wm": 314.2041320800781,
  "sd_wm": 59.473960876464844,
  "t1": "data/raw/adni/adni_3yr_3t/136_S_0086/MPR-R____N3__Scaled/2006-10-30_13_14_20.0/I92351/ADNI_136_S_0086_MR_MPR-R____N3__Scaled_Br_20080224153208327_S21509_I92351.nii"
}