{
  "BSC_dir": 0.6351975202560425,
  "BSC_mag": 0.8180857300758362,
  "Nboundary": 29357,
  "engine": "atropos",
  "units": "SD/mm",
  "spacing": [
    1.0,
    1.0,
    1.0
  ],
  "mu_wm": 1010.211669921875,
  "sd_wm": 130.4635009765625,
  "t1": "data/raw/adni/adni_3yr_3t/027_S_0404/MPR__GradWarp__B1_Correction__N3__Scaled/2006-11-22_13_12_21.0/I47545/ADNI_027_S_0404_MR_MPR__GradWarp__B1_Correction__N3__Scaled_Br_20070330090919362_S22840_I47545.nii"
}