{
  "BSC_dir": 0.15356171131134033,
  "BSC_mag": 0.16191358864307404,
  "Nboundary": 68201,
  "engine": "atropos",
  "units": "SD/mm",
  "spacing": [
    1.0000000563070883,
    1.0000000431991556,
    1.0000000266052889
  ],
  "mu_wm": 348.4750061035156,
  "sd_wm": 129.98106384277344,
  "t1": "data/raw/oasis3/t1_mprage_sag/t1_mprage_sag_images/OASIS_OAS30090_20250430003539526.nii"
}