{
  "BSC_dir": 0.49541348218917847,
  "BSC_mag": 0.6010926365852356,
  "Nboundary": 37310,
  "engine": "atropos",
  "units": "SD/mm",
  "spacing": [
    1.0,
    1.0000000000000002,
    1.0
  ],
  "mu_wm": 313.0523986816406,
  "sd_wm": 49.03213882446289,
  "t1": "data/raw/adni/adni_3yr_3t/012_S_0689/MPR-R____N3__Scaled/2006-07-19_15_39_21.0/I59174/ADNI_012_S_0689_MR_MPR-R____N3__Scaled_Br_20070711164229152_S16978_I59174.nii"
}