{
  "BSC_dir": 0.3661460876464844,
  "BSC_mag": 0.43483662605285645,
  "Nboundary": 53160,
  "engine": "atropos",
  "units": "SD/mm",
  "spacing": [
    1.0,
    1.0,
    1.0
  ],
  "mu_wm": 395.6170349121094,
  "sd_wm": 60.872440338134766,
  "t1": "data/raw/adni/adni_3yr_3t/023_S_0031/MPR-R__GradWarp__B1_Correction__N3__Scaled/2005-10-28_12_35_33.0/I51934/ADNI_023_S_0031_MR_MPR-R__GradWarp__B1_Correction__N3__Scaled_Br_20070427181838920_S10009_I51934.nii"
}