{
  "BSC_dir": 0.2937816083431244,
  "BSC_mag": 0.34270480275154114,
  "Nboundary": 55852,
  "engine": "atropos",
  "units": "SD/mm",
  "spacing": [
    1.0,
    1.0,
    1.0
  ],
  "mu_wm": 1721.2760009765625,
  "sd_wm": 303.9781494140625,
  "t1": "data/raw/adni/adni_3yr_3t/023_S_0031/MPR__GradWarp__B1_Correction__N3__Scaled/2007-11-14_10_27_09.0/I83389/ADNI_023_S_0031_MR_MPR__GradWarp__B1_Correction__N3__Scaled_Br_20071127114844832_S42753_I83389.nii"
}