{
  "BSC_dir": 0.5756561160087585,
  "BSC_mag": 0.8050597906112671,
  "Nboundary": 29687,
  "engine": "atropos",
  "units": "SD/mm",
  "spacing": [
    1.0,
    1.0,
    1.0
  ],
  "mu_wm": 357.3008728027344,
  "sd_wm": 47.40631866455078,
  "t1": "data/raw/adni/adni_3yr_3t/100_S_1286/MPR____N3__Scaled/2007-03-07_12_43_38.0/I82571/ADNI_100_S_1286_MR_MPR____N3__Scaled_Br_20071119085444964_S28476_I82571.nii"
}