{
  "BSC_dir": 0.34517112374305725,
  "BSC_mag": 0.40966570377349854,
  "Nboundary": 39368,
  "engine": "atropos",
  "units": "SD/mm",
  "spacing": [
    1.0000000153533437,
    1.0,
    1.0000000153533437
  ],
  "mu_wm": 442.0159606933594,
  "sd_wm": 78.3138656616211,
  "t1": "data/raw/adni/adni_3yr_3t/116_S_0382/MPR__GradWarp__B1_Correction__N3__Scaled/2007-06-13_11_24_40.0/I87739/ADNI_116_S_0382_MR_MPR__GradWarp__B1_Correction__N3__Scaled_Br_20080117114012937_S33693_I87739.nii"
}