{
  "BSC_dir": 0.5836524963378906,
  "BSC_mag": 0.7734220027923584,
  "Nboundary": 33808,
  "engine": "atropos",
  "units": "SD/mm",
  "spacing": [
    1.0,
    1.0,
    1.0
  ],
  "mu_wm": 1776.7628173828125,
  "sd_wm": 240.61761474609375,
  "t1": "data/raw/adni/adni_3yr_3t/023_S_0388/MPR-R__GradWarp__B1_Correction__N3__Scaled_2/2006-11-06_12_52_30.0/I118864/ADNI_023_S_0388_MR_MPR-R__GradWarp__B1_Correction__N3__Scaled_2_Br_20081001153259484_S22184_I118864.nii"
}