{
  "BSC_dir": 0.31868982315063477,
  "BSC_mag": 0.37671542167663574,
  "Nboundary": 35659,
  "engine": "atropos",
  "units": "SD/mm",
  "spacing": [
    1.0,
    1.0,
    1.0
  ],
  "mu_wm": 597.6615600585938,
  "sd_wm": 106.29198455810547,
  "t1": "data/raw/adni/adni_3yr_3t/116_S_1249/MPR__GradWarp__B1_Correction__N3__Scaled/2010-02-04_11_41_29.0/I172374/ADNI_116_S_1249_MR_MPR__GradWarp__B1_Correction__N3__Scaled_Br_20100429112800466_S79768_I172374.nii"
}