PTID,VISCODE,VISCODE2,EXAMDATE,DIAGNOSIS
011_S_0002,bl,bl,2005-09-29,CN
011_S_0003,bl,bl,2005-09-30,Dementia
011_S_0005,bl,bl,2005-09-30,CN
011_S_0008,bl,bl,2005-09-30,CN
022_S_0007,bl,bl,2005-10-06,Dementia
100_S_0015,bl,bl,2005-10-18,CN
023_S_0030,bl,bl,2005-10-20,MCI
023_S_0031,bl,bl,2005-10-24,CN
011_S_0016,bl,bl,2005-10-25,CN
011_S_0021,bl,bl,2005-11-01,CN
011_S_0022,bl,bl,2005-11-01,CN
022_S_0014,bl,bl,2005-11-04,CN
100_S_0035,bl,bl,2005-11-09,CN
023_S_0042,bl,bl,2005-11-10,MCI
067_S_0029,bl,bl,2005-11-11,Dementia
007_S_0041,bl,bl,2005-11-14,MCI
022_S_0004,bl,bl,2005-11-08,MCI
022_S_0044,bl,bl,2005-11-30,MCI
100_S_0006,bl,bl,2005-12-01,MCI
022_S_0066,bl,bl,2005-12-07,CN
067_S_0019,bl,bl,2005-12-08,CN
023_S_0058,bl,bl,2005-12-12,CN
007_S_0068,bl,bl,2005-12-14,CN
023_S_0061,bl,bl,2005-12-15,CN
100_S_0047,bl,bl,2005-12-15,CN
123_S_0050,bl,bl,2005-12-02,MCI
067_S_0038,bl,bl,2005-12-16,MCI
035_S_0033,bl,bl,2005-12-09,MCI
035_S_0048,bl,bl,2005-12-19,CN
067_S_0056,bl,bl,2005-12-22,CN
099_S_0051,bl,bl,2005-12-29,MCI
099_S_0040,bl,bl,2005-12-29,CN
011_S_0010,bl,bl,2005-11-10,Dementia
011_S_0023,bl,bl,2005-11-08,CN
011_S_0053,bl,bl,2005-11-29,Dementia
099_S_0054,bl,bl,2005-12-29,MCI
123_S_0091,bl,bl,2006-01-03,Dementia
007_S_0101,bl,bl,2006-01-05,MCI
123_S_0094,bl,bl,2006-01-05,Dementia
027_S_0074,bl,bl,2006-01-10,CN
067_S_0059,bl,bl,2006-01-10,CN
023_S_0078,bl,bl,2006-01-12,Dementia
067_S_0076,bl,bl,2006-01-13,Dementia
100_S_0069,bl,bl,2006-01-17,CN
099_S_0060,bl,bl,2006-01-17,MCI
010_S_0067,bl,bl,2006-01-18,CN
018_S_0057,bl,bl,2006-01-18,MCI
032_S_0095,bl,bl,2006-01-19,CN
018_S_0080,bl,bl,2006-01-18,MCI
018_S_0055,bl,bl,2006-01-18,CN
023_S_0084,bl,bl,2006-01-24,Dementia
123_S_0072,bl,bl,2006-01-17,CN
023_S_0081,bl,bl,2006-01-25,CN
023_S_0093,bl,bl,2006-01-26,Dementia
023_S_0083,bl,bl,2006-01-19,Dementia
067_S_0045,bl,bl,2006-01-26,MCI
068_S_0109,bl,bl,2006-02-02,Dementia
023_S_0139,bl,bl,2006-02-02,Dementia
123_S_0106,bl,bl,2006-02-01,CN
018_S_0087,bl,bl,2006-02-03,MCI
022_S_0096,bl,bl,2006-02-06,CN
018_S_0103,bl,bl,2006-02-06,MCI
018_S_0043,bl,bl,2006-02-03,CN
127_S_0112,bl,bl,2006-02-01,MCI
022_S_0130,bl,bl,2006-02-07,CN
098_S_0149,bl,bl,2006-02-08,Dementia
067_S_0077,bl,bl,2006-02-08,MCI
099_S_0090,bl,bl,2006-02-07,CN
007_S_0128,bl,bl,2006-02-06,MCI
007_S_0070,bl,bl,2006-02-08,CN
022_S_0129,bl,bl,2006-02-13,Dementia
131_S_0123,bl,bl,2006-02-14,CN
099_S_0111,bl,bl,2006-02-10,MCI
098_S_0160,bl,bl,2006-02-14,MCI
023_S_0126,bl,bl,2006-02-16,MCI
027_S_0116,bl,bl,2006-02-15,MCI
014_S_0169,bl,bl,2006-02-16,MCI
010_S_0161,bl,bl,2006-02-16,MCI
018_S_0142,bl,bl,2006-02-20,MCI
123_S_0088,bl,bl,2006-02-13,Dementia
123_S_0108,bl,bl,2006-02-14,MCI
027_S_0120,bl,bl,2006-02-16,CN
128_S_0135,bl,bl,2006-02-17,MCI
128_S_0138,bl,bl,2006-02-21,MCI
032_S_0147,bl,bl,2006-02-22,Dementia
098_S_0171,bl,bl,2006-02-21,CN
041_S_0125,bl,bl,2006-02-27,CN
023_S_0217,bl,bl,2006-02-28,MCI
114_S_0166,bl,bl,2006-02-28,CN
114_S_0173,bl,bl,2006-02-28,CN
136_S_0107,bl,bl,2006-02-27,MCI
035_S_0204,bl,bl,2006-02-23,MCI
035_S_0156,bl,bl,2006-02-16,CN
021_S_0141,bl,bl,2006-03-01,MCI
073_S_0089,bl,bl,2006-01-31,CN
068_S_0210,bl,bl,2006-03-02,CN
068_S_0127,bl,bl,2006-03-02,CN
032_S_0187,bl,bl,2006-03-02,MCI
021_S_0159,bl,bl,2006-03-03,CN
114_S_0228,bl,bl,2006-03-03,Dementia
067_S_0110,bl,bl,2006-03-06,Dementia
136_S_0186,bl,bl,2006-03-06,CN
027_S_0118,bl,bl,2006-02-10,CN
021_S_0178,bl,bl,2006-03-09,MCI
128_S_0205,bl,bl,2006-02-28,MCI
128_S_0188,bl,bl,2006-02-22,MCI
128_S_0200,bl,bl,2006-03-07,MCI
128_S_0225,bl,bl,2006-03-08,MCI
123_S_0162,bl,bl,2006-03-09,Dementia
032_S_0214,bl,bl,2006-03-10,MCI
007_S_0249,bl,bl,2006-03-14,MCI
020_S_0097,bl,bl,2006-03-16,CN
027_S_0179,bl,bl,2006-03-10,MCI
128_S_0167,bl,bl,2006-03-16,Dementia
005_S_0222,bl,bl,2006-03-17,MCI
137_S_0158,bl,bl,2006-03-20,MCI
021_S_0231,bl,bl,2006-03-23,MCI
123_S_0113,bl,bl,2006-03-15,CN
136_S_0184,bl,bl,2006-03-27,CN
018_S_0155,bl,bl,2006-03-24,MCI
005_S_0223,bl,bl,2006-03-24,CN
005_S_0221,bl,bl,2006-03-23,Dementia
007_S_0293,bl,bl,2006-03-28,MCI
067_S_0098,bl,bl,2006-03-29,MCI
127_S_0259,bl,bl,2006-03-28,CN
021_S_0276,bl,bl,2006-03-31,MCI
098_S_0172,bl,bl,2006-03-30,CN
128_S_0229,bl,bl,2006-03-30,CN
136_S_0195,bl,bl,2006-04-04,MCI
022_S_0219,bl,bl,2006-04-04,Dementia
037_S_0150,bl,bl,2006-03-10,MCI
027_S_0256,bl,bl,2006-04-05,MCI
082_S_0304,bl,bl,2006-04-06,CN
128_S_0216,bl,bl,2006-02-27,Dementia
021_S_0273,bl,bl,2006-04-11,MCI
128_S_0230,bl,bl,2006-03-30,CN
023_S_0331,bl,bl,2006-04-06,MCI
131_S_0319,bl,bl,2006-04-06,CN
037_S_0182,bl,bl,2006-04-08,MCI
014_S_0328,bl,bl,2006-04-13,Dementia
023_S_0030,m06,m06,2006-04-13,Dementia
098_S_0269,bl,bl,2006-04-14,MCI
067_S_0243,bl,bl,2006-04-17,MCI
022_S_0007,m06,m06,2006-04-13,Dementia
035_S_0292,bl,bl,2006-04-12,MCI
023_S_0031,m06,m06,2006-04-18,CN
128_S_0266,bl,bl,2006-04-17,Dementia
072_S_0315,bl,bl,2006-04-17,CN
098_S_0288,bl,bl,2006-04-18,MCI
011_S_0183,bl,bl,2006-04-04,Dementia
100_S_0015,m06,m06,2006-04-20,CN
007_S_0344,bl,bl,2006-04-20,MCI
023_S_0376,bl,bl,2006-04-20,MCI
031_S_0294,bl,bl,2006-04-21,MCI
067_S_0177,bl,bl,2006-04-14,CN
031_S_0321,bl,bl,2006-04-21,Dementia
128_S_0227,bl,bl,2006-04-13,MCI
128_S_0245,bl,bl,2006-04-18,CN
041_S_0262,bl,bl,2006-04-24,CN
136_S_0194,bl,bl,2006-04-24,Dementia
114_S_0374,bl,bl,2006-04-19,Dementia
131_S_0384,bl,bl,2006-04-25,MCI
007_S_0316,bl,bl,2006-04-24,Dementia
130_S_0289,bl,bl,2006-03-31,MCI
130_S_0285,bl,bl,2006-04-03,MCI
128_S_0272,bl,bl,2006-04-26,CN
011_S_0002,m06,m06,2006-03-06,CN
011_S_0003,m06,m06,2006-03-13,Dementia
011_S_0005,m06,m06,2006-03-09,CN
011_S_0008,m06,m06,2006-03-20,CN
114_S_0378,bl,bl,2006-04-30,MCI
005_S_0324,bl,bl,2006-04-21,MCI
128_S_0310,bl,bl,2006-04-24,Dementia
014_S_0356,bl,bl,2006-04-27,Dementia
011_S_0016,m06,m06,2006-04-12,CN
011_S_0021,m06,m06,2006-04-24,CN
011_S_0022,m06,m06,2006-04-20,CN
100_S_0296,bl,bl,2006-04-28,MCI
035_S_0341,bl,bl,2006-04-26,Dementia
136_S_0196,bl,bl,2006-05-01,CN
137_S_0283,bl,bl,2006-05-01,CN
137_S_0301,bl,bl,2006-05-01,CN
123_S_0298,bl,bl,2006-04-27,CN
027_S_0307,bl,bl,2006-04-28,MCI
127_S_0260,bl,bl,2006-05-02,CN
128_S_0258,bl,bl,2006-05-02,MCI
023_S_0042,m06,m06,2006-05-02,MCI
023_S_0388,bl,bl,2006-04-25,MCI
022_S_0014,m06,m06,2006-05-02,CN
022_S_0004,m06,m06,2006-05-02,MCI
021_S_0337,bl,bl,2006-05-04,CN
021_S_0332,bl,bl,2006-05-05,Dementia
021_S_0343,bl,bl,2006-05-05,Dementia
041_S_0314,bl,bl,2006-05-08,MCI
136_S_0086,bl,bl,2006-05-08,CN
123_S_0390,bl,bl,2006-05-08,MCI
037_S_0303,bl,bl,2006-05-09,CN
032_S_0400,bl,bl,2006-05-09,Dementia
031_S_0351,bl,bl,2006-05-10,MCI
020_S_0213,bl,bl,2006-04-10,Dementia
114_S_0416,bl,bl,2006-05-04,CN
002_S_0413,bl,bl,2006-05-10,CN
002_S_0295,bl,bl,2006-05-10,CN
131_S_0441,bl,bl,2006-05-11,CN
027_S_0403,bl,bl,2006-05-04,CN
114_S_0410,bl,bl,2006-05-11,MCI
027_S_0404,bl,bl,2006-05-12,Dementia
136_S_0299,bl,bl,2006-05-12,Dementia
021_S_0424,bl,bl,2006-05-15,MCI
094_S_0434,bl,bl,2006-05-16,MCI
018_S_0369,bl,bl,2006-05-16,CN
007_S_0041,m06,m06,2006-05-15,MCI
131_S_0457,bl,bl,2006-05-17,Dementia
116_S_0370,bl,bl,2006-05-17,Dementia
116_S_0360,bl,bl,2006-05-17,CN
116_S_0361,bl,bl,2006-05-18,MCI
137_S_0438,bl,bl,2006-05-18,Dementia
005_S_0448,bl,bl,2006-05-15,MCI
099_S_0291,bl,bl,2006-05-19,MCI
099_S_0352,bl,bl,2006-05-19,CN
099_S_0372,bl,bl,2006-05-19,Dementia
027_S_0408,bl,bl,2006-05-19,MCI
136_S_0300,bl,bl,2006-05-22,Dementia
067_S_0029,m06,m06,2006-05-22,Dementia
067_S_0176,bl,bl,2006-05-22,MCI
133_S_0433,bl,bl,2006-05-22,CN
094_S_0489,bl,bl,2006-05-23,CN
100_S_0035,m06,m06,2006-05-23,CN
018_S_0286,bl,bl,2006-05-23,Dementia
099_S_0534,bl,bl,2006-05-24,CN
011_S_0023,m06,m06,2006-05-08,CN
011_S_0010,m06,m06,2006-05-09,Dementia
027_S_0417,bl,bl,2006-05-24,MCI
027_S_0485,bl,bl,2006-05-25,MCI
022_S_0544,bl,bl,2006-05-25,MCI
137_S_0459,bl,bl,2006-05-15,CN
068_S_0473,bl,bl,2006-05-19,CN
011_S_0362,bl,bl,2006-05-19,MCI
011_S_0326,bl,bl,2006-04-07,MCI
011_S_0168,bl,bl,2006-02-20,MCI
094_S_0531,bl,bl,2006-05-25,MCI
011_S_0241,bl,bl,2006-03-28,MCI
099_S_0470,bl,bl,2006-05-26,Dementia
128_S_0500,bl,bl,2006-05-25,CN
073_S_0386,bl,bl,2006-05-23,CN
114_S_0458,bl,bl,2006-05-31,MCI
011_S_0053,m06,m06,2006-05-30,Dementia
127_S_0393,bl,bl,2006-05-31,MCI
136_S_0426,bl,bl,2006-05-30,Dementia
128_S_0528,bl,bl,2006-05-30,Dementia
100_S_0190,bl,bl,2006-06-01,Dementia
116_S_0382,bl,bl,2006-06-01,CN
035_S_0033,m06,m06,2006-05-26,MCI
032_S_0479,bl,bl,2006-06-01,CN
068_S_0442,bl,bl,2006-06-02,MCI
022_S_0066,m06,m06,2006-06-02,CN
067_S_0336,bl,bl,2006-06-02,MCI
057_S_0474,bl,bl,2006-05-30,Dementia
133_S_0488,bl,bl,2006-06-05,CN
133_S_0493,bl,bl,2006-05-31,CN
018_S_0335,bl,bl,2006-06-05,Dementia
126_S_0405,bl,bl,2006-06-06,CN
033_S_0513,bl,bl,2006-06-05,MCI
033_S_0567,bl,bl,2006-06-05,MCI
014_S_0520,bl,bl,2006-06-06,CN
014_S_0519,bl,bl,2006-06-06,CN
100_S_0006,m06,m06,2006-06-07,MCI
016_S_0359,bl,bl,2006-06-05,CN
128_S_0545,bl,bl,2006-06-05,CN
033_S_0511,bl,bl,2006-06-07,MCI
014_S_0548,bl,bl,2006-06-08,CN
022_S_0543,bl,bl,2006-06-08,Dementia
037_S_0327,bl,bl,2006-05-31,CN
022_S_0044,m06,m06,2006-06-09,MCI
031_S_0568,bl,bl,2006-06-09,MCI
036_S_0576,bl,bl,2006-06-09,CN
128_S_0522,bl,bl,2006-06-06,CN
128_S_0517,bl,bl,2006-06-08,Dementia
033_S_0514,bl,bl,2006-06-09,MCI
094_S_0526,bl,bl,2006-05-25,CN
031_S_0554,bl,bl,2006-06-12,Dementia
033_S_0516,bl,bl,2006-06-09,CN
036_S_0577,bl,bl,2006-06-09,Dementia
062_S_0535,bl,bl,2006-06-13,Dementia
137_S_0481,bl,bl,2006-06-12,MCI
131_S_0409,bl,bl,2006-06-13,MCI
053_S_0389,bl,bl,2006-05-05,MCI
068_S_0401,bl,bl,2006-06-12,MCI
127_S_0397,bl,bl,2006-06-16,MCI
128_S_0608,bl,bl,2006-06-15,MCI
023_S_0061,m06,m06,2006-06-15,CN
023_S_0058,m06,m06,2006-06-13,CN
007_S_0068,m06,m06,2006-06-19,CN
027_S_0461,bl,bl,2006-06-16,MCI
131_S_0497,bl,bl,2006-06-19,Dementia
037_S_0467,bl,bl,2006-06-15,CN
037_S_0454,bl,bl,2006-06-18,CN
037_S_0377,bl,bl,2006-06-18,MCI
023_S_0604,bl,bl,2006-06-20,MCI
123_S_0050,m06,m06,2006-06-07,Dementia
116_S_0392,bl,bl,2006-06-20,Dementia
007_S_0414,bl,bl,2006-06-02,MCI
018_S_0425,bl,bl,2006-06-20,CN
062_S_0578,bl,bl,2006-06-22,CN
116_S_0487,bl,bl,2006-06-12,Dementia
037_S_0501,bl,bl,2006-06-23,MCI
133_S_0525,bl,bl,2006-06-26,CN
128_S_0611,bl,bl,2006-06-21,MCI
067_S_0290,bl,bl,2006-05-10,MCI
067_S_0284,bl,bl,2006-05-10,MCI
018_S_0450,bl,bl,2006-06-25,MCI
013_S_0325,bl,bl,2006-06-27,MCI
126_S_0605,bl,bl,2006-06-27,CN
136_S_0429,bl,bl,2006-06-27,MCI
002_S_0619,bl,bl,2006-06-27,Dementia
002_S_0559,bl,bl,2006-06-27,CN
137_S_0366,bl,bl,2006-06-26,Dementia
126_S_0506,bl,bl,2006-06-28,CN
127_S_0394,bl,bl,2006-06-27,MCI
127_S_0431,bl,bl,2006-06-27,Dementia
100_S_0047,m06,m06,2006-06-28,CN
068_S_0478,bl,bl,2006-06-28,MCI
018_S_0406,bl,bl,2006-06-28,MCI
016_S_0354,bl,bl,2006-06-19,MCI
114_S_0601,bl,bl,2006-06-27,CN
127_S_0622,bl,bl,2006-06-29,CN
123_S_0094,m06,m06,2006-06-26,Dementia
041_S_0407,bl,bl,2006-07-03,MCI
123_S_0091,m06,m06,2006-06-27,Dementia
010_S_0419,bl,bl,2006-06-30,CN
027_S_0644,bl,bl,2006-07-05,MCI
014_S_0557,bl,bl,2006-06-08,MCI
023_S_0083,m06,m06,2006-07-06,Dementia
014_S_0558,bl,bl,2006-07-06,CN
032_S_0095,m06,m06,2006-07-07,CN
023_S_0625,bl,bl,2006-07-10,MCI
136_S_0579,bl,bl,2006-07-10,MCI
023_S_0078,m06,m06,2006-07-11,Dementia
027_S_0074,m06,m06,2006-07-07,CN
041_S_0282,bl,bl,2006-07-11,MCI
041_S_0446,bl,bl,2006-07-11,MCI
007_S_0101,m06,m06,2006-07-06,MCI
022_S_0096,m06,m06,2006-07-12,CN
100_S_0069,m06,m06,2006-07-12,CN
053_S_0507,bl,bl,2006-05-29,MCI
053_S_0621,bl,bl,2006-06-26,MCI
032_S_0677,bl,bl,2006-07-13,CN
068_S_0476,bl,bl,2006-06-28,MCI
137_S_0631,bl,bl,2006-07-13,MCI
057_S_0643,bl,bl,2006-07-12,CN
005_S_0546,bl,bl,2006-07-13,MCI
005_S_0553,bl,bl,2006-06-28,CN
005_S_0572,bl,bl,2006-07-06,MCI
005_S_0602,bl,bl,2006-07-11,CN
005_S_0610,bl,bl,2006-07-10,CN
018_S_0633,bl,bl,2006-07-18,Dementia
014_S_0563,bl,bl,2006-07-20,MCI
126_S_0680,bl,bl,2006-07-20,CN
016_S_0590,bl,bl,2006-07-18,MCI
037_S_0552,bl,bl,2006-06-28,MCI
023_S_0613,bl,bl,2006-07-24,MCI
012_S_0712,bl,bl,2006-07-24,Dementia
012_S_0689,bl,bl,2006-07-24,Dementia
012_S_0637,bl,bl,2006-07-24,CN
012_S_0634,bl,bl,2006-07-24,MCI
002_S_0685,bl,bl,2006-07-24,CN
130_S_0449,bl,bl,2006-06-28,MCI
023_S_0084,m06,m06,2006-07-27,Dementia
062_S_0690,bl,bl,2006-07-27,Dementia
023_S_0081,m06,m06,2006-07-25,CN
018_S_0080,m06,m06,2006-07-20,MCI
018_S_0055,m06,m06,2006-07-18,CN
018_S_0682,bl,bl,2006-07-27,Dementia
098_S_0667,bl,bl,2006-07-26,MCI
126_S_0708,bl,bl,2006-07-26,MCI
023_S_0139,m06,m06,2006-07-28,Dementia
128_S_0715,bl,bl,2006-07-26,MCI
127_S_0112,m06,m06,2006-07-31,CN
132_S_0339,bl,bl,2006-06-27,MCI
062_S_0730,bl,bl,2006-07-31,Dementia
021_S_0642,bl,bl,2006-08-01,Dementia
036_S_0656,bl,bl,2006-07-27,MCI
036_S_0673,bl,bl,2006-08-01,MCI
036_S_0672,bl,bl,2006-08-01,CN
033_S_0733,bl,bl,2006-08-01,Dementia
033_S_0741,bl,bl,2006-07-31,CN
033_S_0739,bl,bl,2006-07-31,MCI
052_S_0671,bl,bl,2006-07-05,MCI
123_S_0072,m06,m06,2006-07-19,CN
098_S_0171,m06,m06,2006-08-01,CN
126_S_0606,bl,bl,2006-08-02,Dementia
002_S_0729,bl,bl,2006-08-03,MCI
033_S_0723,bl,bl,2006-08-03,MCI
033_S_0724,bl,bl,2006-08-02,Dementia
033_S_0725,bl,bl,2006-08-02,MCI
033_S_0734,bl,bl,2006-08-04,CN
023_S_0093,m06,m06,2006-08-03,Dementia
130_S_0232,bl,bl,2006-03-13,CN
021_S_0647,bl,bl,2006-08-07,CN
014_S_0658,bl,bl,2006-08-03,MCI
131_S_0691,bl,bl,2006-07-25,Dementia
023_S_0126,m06,m06,2006-08-08,MCI
021_S_0141,m06,m06,2006-08-09,MCI
018_S_0043,m06,m06,2006-08-10,CN
127_S_0684,bl,bl,2006-08-10,CN
018_S_0103,m06,m06,2006-08-10,MCI
126_S_0709,bl,bl,2006-08-10,MCI
031_S_0618,bl,bl,2006-08-10,CN
021_S_0626,bl,bl,2006-08-11,MCI
098_S_0149,m06,m06,2006-08-09,Dementia
137_S_0686,bl,bl,2006-08-11,CN
037_S_0566,bl,bl,2006-08-14,MCI
128_S_0188,m06,m06,2006-08-09,MCI
010_S_0067,m06,m06,2006-08-14,CN
067_S_0056,m06,m06,2006-08-10,CN
067_S_0059,m06,m06,2006-08-10,CN
067_S_0257,bl,bl,2006-08-10,CN
023_S_0217,m06,m06,2006-08-15,MCI
094_S_0711,bl,bl,2006-08-15,CN
123_S_0106,m06,m06,2006-08-01,CN
067_S_0019,m06,m06,2006-06-13,CN
067_S_0038,m06,m06,2006-06-23,MCI
067_S_0045,m06,m06,2006-07-13,MCI
067_S_0076,m06,m06,2006-07-14,Dementia
037_S_0539,bl,bl,2006-08-11,MCI
007_S_0128,m06,m06,2006-08-14,MCI
133_S_0629,bl,bl,2006-07-19,MCI
130_S_0102,bl,bl,2006-01-13,MCI
010_S_0161,m06,m06,2006-08-16,MCI
037_S_0627,bl,bl,2006-08-17,Dementia
128_S_0770,bl,bl,2006-08-14,MCI
130_S_0423,bl,bl,2006-08-08,MCI
027_S_0120,m06,m06,2006-08-02,CN
128_S_0740,bl,bl,2006-08-21,Dementia
016_S_0538,bl,bl,2006-08-15,CN
131_S_0123,m06,m06,2006-08-17,CN
009_S_0751,bl,bl,2006-08-21,CN
131_S_0436,bl,bl,2006-06-15,CN
011_S_0168,m06,m06,2006-08-21,CN
137_S_0669,bl,bl,2006-08-23,MCI
002_S_0782,bl,bl,2006-08-23,MCI
018_S_0087,m06,m06,2006-08-24,MCI
018_S_0142,m06,m06,2006-08-24,MCI
012_S_0720,bl,bl,2006-08-24,Dementia
014_S_0169,m06,m06,2006-08-24,MCI
007_S_0698,bl,bl,2006-08-23,MCI
114_S_0228,m06,m06,2006-08-25,Dementia
022_S_0750,bl,bl,2006-08-25,MCI
062_S_0768,bl,bl,2006-08-23,CN
018_S_0057,m06,m06,2006-08-21,MCI
027_S_0118,m06,m06,2006-08-14,CN
116_S_0648,bl,bl,2006-08-15,CN
116_S_0649,bl,bl,2006-08-16,MCI
073_S_0311,bl,bl,2006-08-02,CN
073_S_0312,bl,bl,2006-08-02,CN
114_S_0166,m06,m06,2006-08-23,CN
036_S_0748,bl,bl,2006-08-28,MCI
114_S_0173,m06,m06,2006-08-28,CN
116_S_0752,bl,bl,2006-08-29,MCI
123_S_0108,m06,m06,2006-08-08,MCI
032_S_0718,bl,bl,2006-08-31,MCI
136_S_0107,m06,m06,2006-08-28,MCI
027_S_0116,m06,m06,2006-08-30,MCI
036_S_0759,bl,bl,2006-09-01,Dementia
035_S_0048,m06,m06,2006-06-15,CN
099_S_0040,m06,m06,2006-09-01,CN
099_S_0051,m06,m06,2006-09-01,MCI
099_S_0060,m06,m06,2006-09-01,MCI
099_S_0111,m06,m06,2006-09-01,MCI
099_S_0492,bl,bl,2006-09-01,Dementia
099_S_0533,bl,bl,2006-09-01,CN
099_S_0551,bl,bl,2006-09-01,MCI
099_S_0090,m06,m06,2006-09-01,CN
099_S_0054,m06,m06,2006-09-01,MCI
136_S_0184,m06,m06,2006-09-05,CN
123_S_0088,m06,m06,2006-08-14,Dementia
011_S_0005,m12,m12,2006-09-06,CN
116_S_0657,bl,bl,2006-09-07,CN
130_S_0102,m06,m06,2006-07-13,MCI
130_S_0783,bl,bl,2006-08-29,MCI
035_S_0156,m06,m06,2006-09-07,CN
057_S_0779,bl,bl,2006-09-05,CN
068_S_0127,m06,m06,2006-09-11,CN
068_S_0109,m06,m06,2006-09-11,Dementia
129_S_0778,bl,bl,2006-09-11,CN
133_S_0638,bl,bl,2006-09-06,MCI
062_S_0793,bl,bl,2006-09-11,Dementia
029_S_0824,bl,bl,2006-09-13,CN
100_S_0743,bl,bl,2006-09-13,Dementia
100_S_0747,bl,bl,2006-09-13,Dementia
128_S_0205,m06,m06,2006-08-16,CN
002_S_0816,bl,bl,2006-09-13,Dementia
128_S_0138,m06,m06,2006-08-16,MCI
011_S_0003,m12,m12,2006-09-13,Dementia
137_S_0722,bl,bl,2006-09-12,MCI
137_S_0800,bl,bl,2006-09-01,MCI
137_S_0668,bl,bl,2006-09-11,MCI
036_S_0813,bl,bl,2006-09-13,CN
036_S_0760,bl,bl,2006-09-13,Dementia
016_S_0769,bl,bl,2006-08-31,MCI
016_S_0702,bl,bl,2006-08-23,MCI
128_S_0135,m06,m06,2006-08-17,MCI
022_S_0129,m06,m06,2006-09-15,Dementia
022_S_0130,m06,m06,2006-09-15,CN
005_S_0222,m06,m06,2006-09-15,MCI
005_S_0223,m06,m06,2006-09-15,MCI
010_S_0422,bl,bl,2006-09-15,MCI
021_S_0753,bl,bl,2006-09-18,Dementia
136_S_0186,m06,m06,2006-09-18,CN
141_S_0767,bl,bl,2006-09-07,CN
032_S_0214,m06,m06,2006-09-18,MCI
006_S_0484,bl,bl,2006-09-13,CN
141_S_0726,bl,bl,2006-09-13,CN
032_S_0187,m06,m06,2006-09-18,MCI
007_S_0070,m06,m06,2006-09-13,CN
032_S_0147,m06,m06,2006-09-18,Dementia
128_S_0216,m06,m06,2006-09-06,Dementia
023_S_0855,bl,bl,2006-09-19,MCI
128_S_0225,m06,m06,2006-09-18,MCI
141_S_0696,bl,bl,2006-09-11,Dementia
128_S_0167,m06,m06,2006-09-11,MCI
031_S_0821,bl,bl,2006-09-20,MCI
006_S_0681,bl,bl,2006-09-20,CN
141_S_0717,bl,bl,2006-09-15,CN
141_S_0697,bl,bl,2006-09-14,MCI
011_S_0008,m12,m12,2006-09-20,CN
031_S_0830,bl,bl,2006-09-21,MCI
018_S_0155,m06,m06,2006-09-21,MCI
029_S_0845,bl,bl,2006-09-21,CN
029_S_0836,bl,bl,2006-09-07,Dementia
027_S_0179,m06,m06,2006-09-14,MCI
128_S_0200,m06,m06,2006-09-21,MCI
006_S_0731,bl,bl,2006-09-05,CN
027_S_0835,bl,bl,2006-09-15,MCI
109_S_0777,bl,bl,2006-09-21,Dementia
020_S_0097,m06,m06,2006-09-19,CN
094_S_0692,bl,bl,2006-08-11,CN
136_S_0695,bl,bl,2006-09-25,MCI
005_S_0221,m06,m06,2006-09-19,Dementia
013_S_0502,bl,bl,2006-09-25,CN
013_S_0240,bl,bl,2006-09-26,MCI
013_S_0575,bl,bl,2006-09-26,CN
011_S_0241,m06,m06,2006-09-27,Dementia
073_S_0089,m06,m06,2006-09-28,CN
073_S_0445,bl,bl,2006-08-04,MCI
007_S_0249,m06,m06,2006-09-27,MCI
023_S_0916,bl,bl,2006-09-26,Dementia
006_S_0498,bl,bl,2006-09-06,CN
127_S_0259,m06,m06,2006-09-29,CN
127_S_0754,bl,bl,2006-09-29,Dementia
011_S_0856,bl,bl,2006-09-29,MCI
005_S_0814,bl,bl,2006-09-27,Dementia
010_S_0420,bl,bl,2006-10-03,CN
035_S_0204,m06,m06,2006-09-19,MCI
031_S_0867,bl,bl,2006-10-03,MCI
131_S_0319,m06,m06,2006-10-03,CN
021_S_0276,m06,m06,2006-10-04,MCI
136_S_0195,m06,m06,2006-10-04,MCI
021_S_0159,m06,m06,2006-10-04,CN
012_S_0803,bl,bl,2006-10-04,Dementia
133_S_0792,bl,bl,2006-09-25,MCI
123_S_0113,m06,m06,2006-09-13,CN
057_S_0818,bl,bl,2006-09-27,CN
021_S_0178,m06,m06,2006-10-05,MCI
011_S_0183,m06,m06,2006-10-05,Dementia
130_S_0289,m06,m06,2006-09-29,MCI
128_S_0266,m06,m06,2006-10-04,Dementia
011_S_0861,bl,bl,2006-10-05,MCI
029_S_0866,bl,bl,2006-10-05,CN
021_S_0231,m06,m06,2006-10-06,MCI
027_S_0850,bl,bl,2006-09-20,Dementia
133_S_0771,bl,bl,2006-10-04,MCI
023_S_0331,m06,m06,2006-10-03,MCI
027_S_0256,m06,m06,2006-10-04,Dementia
023_S_0887,bl,bl,2006-10-06,MCI
031_S_0294,m06,m06,2006-10-10,MCI
128_S_0245,m06,m06,2006-10-09,CN
126_S_0784,bl,bl,2006-10-11,Dementia
006_S_0653,bl,bl,2006-10-10,Dementia
073_S_0565,bl,bl,2006-08-03,Dementia
128_S_0863,bl,bl,2006-10-11,CN
057_S_0839,bl,bl,2006-10-06,MCI
006_S_0547,bl,bl,2006-09-21,Dementia
130_S_0285,m06,m06,2006-09-28,MCI
114_S_0374,m06,m06,2006-10-12,Dementia
126_S_0891,bl,bl,2006-10-12,Dementia
033_S_0920,bl,bl,2006-10-11,CN
033_S_0889,bl,bl,2006-10-09,Dementia
128_S_0227,m06,m06,2006-10-11,MCI
033_S_0906,bl,bl,2006-10-11,MCI
022_S_0924,bl,bl,2006-10-12,MCI
022_S_0007,m12,m12,2006-10-12,Dementia
098_S_0160,m06,m06,2006-10-10,MCI
033_S_0922,bl,bl,2006-10-13,MCI
033_S_0923,bl,bl,2006-10-13,CN
023_S_0030,m12,m12,2006-10-12,Dementia
011_S_0016,m12,m12,2006-10-11,CN
136_S_0194,m06,m06,2006-10-16,Dementia
021_S_0273,m06,m06,2006-10-16,MCI
009_S_0862,bl,bl,2006-10-04,CN
023_S_0926,bl,bl,2006-10-16,CN
130_S_0232,m06,m06,2006-09-08,CN
009_S_0842,bl,bl,2006-10-09,CN
035_S_0292,m06,m06,2006-10-16,MCI
136_S_0873,bl,bl,2006-10-17,MCI
023_S_0963,bl,bl,2006-10-17,CN
022_S_0219,m06,m06,2006-10-17,Dementia
128_S_0272,m06,m06,2006-10-13,CN
037_S_0150,m06,m06,2006-10-16,MCI
013_S_0860,bl,bl,2006-10-16,MCI
010_S_0786,bl,bl,2006-10-18,Dementia
006_S_0675,bl,bl,2006-10-18,MCI
128_S_0229,m06,m06,2006-10-18,CN
035_S_0341,m06,m06,2006-10-17,Dementia
023_S_0376,m06,m06,2006-10-19,MCI
011_S_0326,m06,m06,2006-10-16,MCI
029_S_0878,bl,bl,2006-10-19,MCI
068_S_0802,bl,bl,2006-10-18,MCI
130_S_0886,bl,bl,2006-10-06,CN
011_S_0362,m06,m06,2006-10-18,MCI
100_S_0015,m12,m12,2006-10-18,CN
002_S_0938,bl,bl,2006-10-20,Dementia
141_S_0853,bl,bl,2006-09-09,Dementia
128_S_0230,m06,m06,2006-10-18,CN
136_S_0196,m06,m06,2006-10-23,CN
098_S_0172,m06,m06,2006-10-17,CN
014_S_0356,m06,m06,2006-10-24,Dementia
094_S_0921,bl,bl,2006-10-24,MCI
141_S_0852,bl,bl,2006-10-04,Dementia
011_S_0022,m12,m12,2006-10-19,CN
141_S_0790,bl,bl,2006-10-20,Dementia
014_S_0328,m06,m06,2006-10-24,Dementia
021_S_0337,m06,m06,2006-10-25,CN
137_S_0158,m06,m06,2006-10-25,MCI
116_S_0834,bl,bl,2006-10-25,MCI
041_S_0125,m06,m06,2006-08-07,CN
041_S_0549,bl,bl,2006-08-11,MCI
041_S_0598,bl,bl,2006-08-02,MCI
041_S_0679,bl,bl,2006-08-04,MCI
041_S_0721,bl,bl,2006-09-25,MCI
098_S_0269,m06,m06,2006-10-19,Dementia
020_S_0899,bl,bl,2006-10-26,CN
003_S_0907,bl,bl,2006-10-16,CN
027_S_0307,m06,m06,2006-10-27,MCI
020_S_0213,m06,m06,2006-10-30,Dementia
057_S_0941,bl,bl,2006-10-25,MCI
136_S_0086,m06,m06,2006-10-30,CN
057_S_0934,bl,bl,2006-10-25,CN
137_S_0841,bl,bl,2006-10-27,Dementia
023_S_0031,m12,m12,2006-10-30,CN
003_S_0908,bl,bl,2006-10-12,MCI
007_S_0344,m06,m06,2006-10-23,MCI
032_S_0400,m06,m06,2006-11-01,Dementia
137_S_0825,bl,bl,2006-11-01,MCI
007_S_0316,m06,m06,2006-10-31,Dementia
007_S_0293,m06,m06,2006-10-31,MCI
130_S_0505,bl,bl,2006-10-11,MCI
037_S_0303,m06,m06,2006-10-27,CN
128_S_0947,bl,bl,2006-10-27,MCI
141_S_0851,bl,bl,2006-10-11,MCI
141_S_0810,bl,bl,2006-11-02,CN
130_S_0956,bl,bl,2006-10-24,Dementia
011_S_0021,m12,m12,2006-11-01,CN
032_S_0978,bl,bl,2006-11-02,MCI
133_S_0912,bl,bl,2006-10-24,MCI
133_S_0727,bl,bl,2006-09-20,MCI
013_S_0240,m06,m06,2006-10-25,MCI
020_S_0883,bl,bl,2006-10-24,CN
137_S_0796,bl,bl,2006-11-01,Dementia
098_S_0896,bl,bl,2006-10-31,CN
005_S_0324,m06,m06,2006-10-31,MCI
128_S_0310,m06,m06,2006-10-30,Dementia
018_S_0369,m06,m06,2006-11-02,CN
127_S_0260,m06,m06,2006-11-06,CN
012_S_0932,bl,bl,2006-11-06,MCI
136_S_0299,m06,m06,2006-11-06,Dementia
057_S_0957,bl,bl,2006-11-01,MCI
137_S_0443,bl,bl,2006-11-03,MCI
137_S_0283,m06,m06,2006-11-03,CN
137_S_0301,m06,m06,2006-11-03,CN
031_S_0351,m06,m06,2006-11-07,MCI
031_S_0321,m06,m06,2006-11-07,Dementia
114_S_0378,m06,m06,2006-11-06,MCI
114_S_0410,m06,m06,2006-11-06,MCI
114_S_0416,m06,m06,2006-11-01,CN
036_S_0945,bl,bl,2006-11-08,MCI
027_S_0403,m06,m06,2006-11-07,CN
023_S_0388,m06,m06,2006-11-06,MCI
116_S_0361,m06,m06,2006-11-07,MCI
023_S_0042,m12,m12,2006-11-09,Dementia
011_S_0010,m12,m12,2006-11-10,Dementia
002_S_0955,bl,bl,2006-11-08,Dementia
002_S_0295,m06,m06,2006-11-08,CN
003_S_0981,bl,bl,2006-10-30,CN
024_S_0985,bl,bl,2006-11-03,CN
036_S_0869,bl,bl,2006-11-13,MCI
127_S_0844,bl,bl,2006-11-14,Dementia
033_S_1016,bl,bl,2006-11-13,CN
005_S_0929,bl,bl,2006-11-08,Dementia
116_S_0370,m06,m06,2006-11-15,Dementia
068_S_0210,m06,m06,2006-11-15,CN
022_S_0004,m12,m12,2006-11-14,MCI
136_S_0300,m06,m06,2006-11-15,Dementia
023_S_1046,bl,bl,2006-11-16,MCI
024_S_1063,bl,bl,2006-11-16,CN
029_S_0843,bl,bl,2006-11-16,CN
009_S_1030,bl,bl,2006-11-13,MCI
100_S_0930,bl,bl,2006-11-17,MCI
128_S_0500,m06,m06,2006-11-13,CN
005_S_0448,m06,m06,2006-11-15,MCI
052_S_0952,bl,bl,2006-11-17,MCI
094_S_1027,bl,bl,2006-11-20,Dementia
136_S_0426,m06,m06,2006-11-20,Dementia
133_S_1031,bl,bl,2006-11-21,MCI
011_S_0023,m12,m12,2006-11-21,CN
114_S_0979,bl,bl,2006-11-21,Dementia
027_S_0485,m06,m06,2006-11-13,MCI
094_S_0434,m06,m06,2006-11-14,Dementia
032_S_1037,bl,bl,2006-11-22,Dementia
010_S_0472,bl,bl,2006-11-21,CN
126_S_0865,bl,bl,2006-11-21,MCI
002_S_0413,m06,m06,2006-11-22,CN
002_S_0954,bl,bl,2006-11-22,MCI
016_S_0991,bl,bl,2006-11-21,Dementia
100_S_0296,m06,m06,2006-11-22,MCI
136_S_0874,bl,bl,2006-11-27,MCI
022_S_0014,m12,m12,2006-11-27,CN
003_S_0931,bl,bl,2006-11-13,CN
073_S_0909,bl,bl,2006-11-27,MCI
127_S_0925,bl,bl,2006-11-28,MCI
128_S_0258,m06,m06,2006-11-02,MCI
027_S_0408,m06,m06,2006-11-16,MCI
007_S_0041,m12,m12,2006-11-28,MCI
007_S_0414,m06,m06,2006-11-22,MCI
027_S_1045,bl,bl,2006-11-17,MCI
032_S_0479,m06,m06,2006-11-29,CN
131_S_0457,m06,m06,2006-11-29,Dementia
141_S_0915,bl,bl,2006-10-31,MCI
127_S_0393,m06,m06,2006-11-30,MCI
018_S_0335,m06,m06,2006-11-30,Dementia
018_S_0286,m06,m06,2006-11-30,Dementia
016_S_1028,bl,bl,2006-11-29,MCI
131_S_0384,m06,m06,2006-12-01,MCI
012_S_1009,bl,bl,2006-12-01,CN
011_S_0053,m12,m12,2006-11-29,Dementia
141_S_1024,bl,bl,2006-10-31,Dementia
052_S_0989,bl,bl,2006-12-01,MCI
052_S_0951,bl,bl,2006-11-17,CN
021_S_0332,m06,m06,2006-12-04,Dementia
021_S_0343,m06,m06,2006-12-04,Dementia
021_S_0424,m06,m06,2006-12-04,MCI
027_S_0404,m06,m06,2006-11-17,Dementia
032_S_1101,bl,bl,2006-12-04,Dementia
128_S_0522,m06,m06,2006-12-01,CN
012_S_1033,bl,bl,2006-12-05,MCI
023_S_1104,bl,bl,2006-12-05,MCI
137_S_0459,m06,m06,2006-12-05,CN
033_S_1098,bl,bl,2006-12-04,CN
033_S_1116,bl,bl,2006-12-04,MCI
007_S_0068,m12,m12,2006-11-29,CN
033_S_0567,m06,m06,2006-12-04,Dementia
031_S_0568,m06,m06,2006-12-05,MCI
035_S_0555,bl,bl,2006-12-05,CN
027_S_0417,m06,m06,2006-11-20,MCI
094_S_1015,bl,bl,2006-11-10,MCI
128_S_0517,m06,m06,2006-11-29,Dementia
116_S_1083,bl,bl,2006-12-06,Dementia
094_S_0489,m06,m06,2006-12-06,CN
018_S_0406,m06,m06,2006-12-07,MCI
029_S_1073,bl,bl,2006-12-07,MCI
023_S_0061,m12,m12,2006-12-07,CN
014_S_0520,m06,m06,2006-12-08,CN
014_S_0519,m06,m06,2006-12-08,CN
114_S_0458,m06,m06,2006-12-05,MCI
033_S_0514,m06,m06,2006-12-06,MCI
033_S_0513,m06,m06,2006-12-08,MCI
033_S_0516,m06,m06,2006-12-08,CN
114_S_1103,bl,bl,2006-12-08,MCI
036_S_0576,m06,m06,2006-12-05,CN
062_S_1099,bl,bl,2006-12-04,CN
031_S_0554,m06,m06,2006-12-11,Dementia
116_S_0382,m06,m06,2006-12-08,CN
133_S_0433,m06,m06,2006-12-01,CN
011_S_1080,bl,bl,2006-12-08,MCI
126_S_0405,m06,m06,2006-12-12,CN
014_S_1095,bl,bl,2006-12-12,Dementia
016_S_0354,m06,m06,2006-12-06,MCI
016_S_0359,m06,m06,2006-12-05,CN
014_S_0548,m06,m06,2006-12-12,CN
127_S_0397,m06,m06,2006-12-12,MCI
114_S_1106,bl,bl,2006-12-12,MCI
027_S_0461,m06,m06,2006-12-04,MCI
031_S_1066,bl,bl,2006-12-13,MCI
036_S_1001,bl,bl,2006-11-29,Dementia
027_S_1082,bl,bl,2006-12-06,Dementia
029_S_1056,bl,bl,2006-12-13,Dementia
033_S_0511,m06,m06,2006-12-06,MCI
141_S_1004,bl,bl,2006-11-10,MCI
018_S_0450,m06,m06,2006-12-12,MCI
037_S_0327,m06,m06,2006-12-07,CN
137_S_0973,bl,bl,2006-12-12,MCI
018_S_0425,m06,m06,2006-12-14,CN
137_S_0481,m06,m06,2006-12-12,MCI
023_S_0604,m06,m06,2006-12-12,MCI
033_S_1086,bl,bl,2006-12-13,CN
116_S_0487,m06,m06,2006-12-14,Dementia
013_S_1035,bl,bl,2006-12-04,CN
023_S_1126,bl,bl,2006-12-14,MCI
141_S_1094,bl,bl,2006-12-15,CN
128_S_0545,m06,m06,2006-12-11,CN
037_S_0377,m06,m06,2006-12-15,MCI
010_S_0419,m06,m06,2006-12-15,CN
127_S_0622,m06,m06,2006-12-18,CN
031_S_0618,m06,m06,2006-12-18,CN
128_S_1043,bl,bl,2006-12-14,MCI
062_S_0535,m06,m06,2006-12-14,Dementia
136_S_0429,m06,m06,2006-12-19,MCI
012_S_0917,bl,bl,2006-12-19,MCI
014_S_0557,m06,m06,2006-12-19,MCI
141_S_0982,bl,bl,2006-11-06,MCI
127_S_1032,bl,bl,2006-12-19,MCI
141_S_1052,bl,bl,2006-11-30,MCI
016_S_1117,bl,bl,2006-12-11,MCI
126_S_0605,m06,m06,2006-12-20,CN
137_S_0366,m06,m06,2006-12-13,Dementia
126_S_1077,bl,bl,2006-12-19,MCI
003_S_1059,bl,bl,2006-12-12,Dementia
109_S_1013,bl,bl,2006-12-12,CN
137_S_1041,bl,bl,2006-12-20,Dementia
137_S_0994,bl,bl,2006-12-20,MCI
036_S_0577,m06,m06,2006-12-19,Dementia
073_S_0518,bl,bl,2006-12-21,MCI
013_S_0325,m06,m06,2006-12-14,MCI
021_S_0984,bl,bl,2006-12-21,CN
003_S_1021,bl,bl,2006-12-14,CN
023_S_0058,m12,m12,2006-12-19,CN
013_S_0996,bl,bl,2006-12-21,Dementia
029_S_1038,bl,bl,2006-12-14,MCI
029_S_0999,bl,bl,2006-12-21,Dementia
109_S_0967,bl,bl,2006-12-12,CN
109_S_0950,bl,bl,2006-12-12,MCI
109_S_0876,bl,bl,2006-10-05,CN
062_S_0578,m06,m06,2006-12-19,CN
002_S_0559,m06,m06,2006-12-27,CN
002_S_0619,m06,m06,2006-12-27,Dementia
002_S_1018,bl,bl,2006-12-27,Dementia
130_S_0969,bl,bl,2006-11-03,CN
114_S_1118,bl,bl,2007-01-03,MCI
029_S_0914,bl,bl,2007-01-03,MCI
013_S_0699,bl,bl,2006-11-26,Dementia
002_S_1070,bl,bl,2006-12-27,MCI
133_S_0493,m06,m06,2006-12-30,CN
133_S_0488,m06,m06,2006-12-14,CN
141_S_1051,bl,bl,2007-01-04,MCI
013_S_1120,bl,bl,2007-01-04,MCI
036_S_1023,bl,bl,2007-01-05,CN
114_S_0601,m06,m06,2007-01-08,CN
141_S_1152,bl,bl,2007-01-08,Dementia
136_S_0579,m06,m06,2007-01-09,MCI
012_S_0634,m06,m06,2007-01-09,MCI
018_S_0057,m12,m12,2007-01-09,MCI
010_S_0904,bl,bl,2006-12-19,MCI
131_S_0441,m06,m06,2007-01-09,CN
018_S_0080,m12,m12,2007-01-09,MCI
116_S_0392,m06,m06,2007-01-09,Dementia
141_S_1137,bl,bl,2006-12-29,Dementia
100_S_0006,m12,m12,2007-01-09,MCI
100_S_0190,m06,m06,2007-01-09,Dementia
002_S_1155,bl,bl,2007-01-10,MCI
128_S_1088,bl,bl,2007-01-05,MCI
133_S_1055,bl,bl,2007-01-10,Dementia
094_S_1102,bl,bl,2006-12-20,Dementia
021_S_1109,bl,bl,2007-01-11,Dementia
032_S_1169,bl,bl,2007-01-11,CN
037_S_0552,m06,m06,2007-01-10,MCI
037_S_1078,bl,bl,2007-01-08,MCI
037_S_0454,m06,m06,2007-01-05,CN
029_S_0871,bl,bl,2007-01-11,MCI
023_S_0083,m12,m12,2007-01-09,Dementia
128_S_0528,m06,m06,2006-11-30,Dementia
137_S_0972,bl,bl,2007-01-11,CN
013_S_0592,bl,bl,2007-01-10,Dementia
013_S_1161,bl,bl,2007-01-10,Dementia
127_S_0394,m06,m06,2007-01-12,MCI
127_S_0431,m06,m06,2007-01-12,Dementia
022_S_0044,m12,m12,2007-01-12,MCI
022_S_0066,m12,m12,2007-01-12,CN
131_S_0497,m06,m06,2007-01-12,Dementia
067_S_0019,m12,m12,2007-01-09,CN
022_S_0961,bl,bl,2007-01-12,MCI
022_S_1097,bl,bl,2007-01-12,MCI
012_S_0689,m06,m06,2007-01-12,Dementia
022_S_0543,m06,m06,2007-01-12,Dementia
022_S_0544,m06,m06,2007-01-12,MCI
005_S_0553,m06,m06,2007-01-12,CN
067_S_0029,m12,m12,2006-12-05,Dementia
067_S_0038,m12,m12,2006-12-19,MCI
067_S_0077,m06,m06,2006-09-12,MCI
067_S_0110,m06,m06,2006-10-03,Dementia
067_S_0176,m06,m06,2006-12-19,MCI
067_S_0243,m06,m06,2006-12-05,Dementia
067_S_0284,m06,m06,2006-12-19,MCI
067_S_0336,m06,m06,2006-12-19,Dementia
067_S_0607,bl,bl,2006-12-05,MCI
036_S_0976,bl,bl,2007-01-09,MCI
128_S_0611,m06,m06,2007-01-12,MCI
127_S_1140,bl,bl,2007-01-16,MCI
016_S_1121,bl,bl,2006-12-28,MCI
016_S_1092,bl,bl,2006-12-29,MCI
003_S_1122,bl,bl,2007-01-12,MCI
035_S_0997,bl,bl,2007-01-12,MCI
068_S_0476,m06,m06,2007-01-05,MCI
109_S_1114,bl,bl,2007-01-10,MCI
041_S_0282,m06,m06,2007-01-09,MCI
035_S_0033,m12,m12,2007-01-17,MCI
005_S_0572,m06,m06,2007-01-10,MCI
012_S_0637,m06,m06,2007-01-18,CN
023_S_0078,m12,m12,2007-01-11,Dementia
036_S_1135,bl,bl,2007-01-15,MCI
094_S_1164,bl,bl,2007-01-16,Dementia
094_S_1090,bl,bl,2007-01-16,Dementia
027_S_0644,m06,m06,2007-01-05,MCI
012_S_1165,bl,bl,2007-01-18,MCI
133_S_1170,bl,bl,2007-01-16,Dementia
130_S_0102,m12,m12,2007-01-12,MCI
012_S_0712,m06,m06,2007-01-18,Dementia
023_S_1190,bl,bl,2007-01-17,CN
109_S_1157,bl,bl,2007-01-10,Dementia
094_S_1188,bl,bl,2007-01-18,MCI
024_S_1171,bl,bl,2007-01-19,Dementia
012_S_1175,bl,bl,2007-01-19,MCI
023_S_0081,m12,m12,2007-01-19,CN
005_S_0602,m06,m06,2007-01-18,CN
006_S_1130,bl,bl,2007-01-04,MCI
037_S_0501,m06,m06,2007-01-12,MCI
100_S_1113,bl,bl,2007-01-22,Dementia
027_S_0074,m12,m12,2007-01-12,CN
014_S_0563,m06,m06,2007-01-23,MCI
109_S_1183,bl,bl,2007-01-23,MCI
128_S_1148,bl,bl,2007-01-17,MCI
128_S_0608,m06,m06,2006-12-04,MCI
032_S_0095,m12,m12,2007-01-24,CN
094_S_0692,m06,m06,2007-01-23,CN
126_S_0680,m06,m06,2007-01-18,CN
012_S_1212,bl,bl,2007-01-24,CN
010_S_0067,m12,m12,2007-01-23,CN
041_S_0446,m06,m06,2007-01-08,MCI
041_S_1002,bl,bl,2006-12-06,CN
041_S_0898,bl,bl,2006-11-06,CN
023_S_0084,m12,m12,2007-01-25,Dementia
126_S_0708,m06,m06,2007-01-25,MCI
062_S_0690,m06,m06,2007-01-22,Dementia
021_S_0642,m06,m06,2007-01-29,Dementia
067_S_0056,m12,m12,2007-01-02,CN
067_S_0059,m12,m12,2007-01-02,CN
128_S_0715,m06,m06,2007-01-25,MCI
012_S_1133,bl,bl,2007-01-30,CN
022_S_0096,m12,m12,2007-01-30,CN
014_S_0558,m06,m06,2007-01-30,CN
002_S_0685,m06,m06,2007-01-30,CN
037_S_0467,m06,m06,2007-01-30,CN
007_S_0101,m12,m12,2007-01-29,MCI
018_S_0633,m06,m06,2007-01-31,Dementia
041_S_0125,m12,m12,2007-01-26,CN
029_S_1184,bl,bl,2007-01-31,Dementia
067_S_0098,m06,m06,2007-01-30,MCI
067_S_0177,m06,m06,2007-01-09,CN
067_S_0812,bl,bl,2006-12-19,Dementia
067_S_0828,bl,bl,2006-12-05,Dementia
067_S_1185,bl,bl,2007-01-23,Dementia
036_S_0656,m06,m06,2007-01-22,MCI
073_S_0386,m06,m06,2007-01-12,CN
099_S_0051,m12,m12,2007-02-01,MCI
027_S_1213,bl,bl,2007-01-13,MCI
057_S_0464,bl,bl,2006-06-20,MCI
057_S_1007,bl,bl,2006-11-14,MCI
005_S_0546,m06,m06,2007-01-25,MCI
005_S_0610,m06,m06,2007-01-24,CN
126_S_0606,m06,m06,2007-02-05,Dementia
032_S_0147,m12,m12,2007-02-05,Dementia
941_S_1194,bl,bl,2007-02-06,CN
007_S_1206,bl,bl,2007-02-01,CN
007_S_1222,bl,bl,2007-02-06,CN
130_S_1200,bl,bl,2007-01-30,CN
126_S_1221,bl,bl,2007-02-07,Dementia
137_S_0631,m06,m06,2007-02-07,Dementia
018_S_0682,m06,m06,2007-02-05,Dementia
018_S_0043,m12,m12,2007-02-07,CN
029_S_1215,bl,bl,2007-02-07,MCI
041_S_1010,bl,bl,2007-02-07,MCI
130_S_1201,bl,bl,2007-02-02,Dementia
062_S_0730,m06,m06,2007-02-07,Dementia
016_S_1138,bl,bl,2007-01-29,MCI
130_S_0423,m06,m06,2007-02-05,MCI
126_S_1187,bl,bl,2007-02-08,MCI
133_S_0913,bl,bl,2007-02-01,MCI
036_S_0672,m06,m06,2007-02-07,CN
029_S_1218,bl,bl,2007-02-08,MCI
036_S_0673,m06,m06,2007-02-07,MCI
023_S_1247,bl,bl,2007-02-08,MCI
141_S_1245,bl,bl,2007-02-07,MCI
131_S_0123,m12,m12,2007-02-09,CN
041_S_0679,m06,m06,2007-02-09,MCI
022_S_0129,m12,m12,2007-02-09,Dementia
013_S_1205,bl,bl,2007-02-08,Dementia
941_S_1202,bl,bl,2007-02-12,CN
037_S_1225,bl,bl,2007-02-12,MCI
133_S_0525,m06,m06,2007-02-01,CN
003_S_1057,bl,bl,2007-02-09,MCI
041_S_0262,m06,m06,2006-11-09,CN
033_S_0725,m06,m06,2007-02-09,MCI
128_S_0740,m06,m06,2007-02-12,Dementia
021_S_0647,m06,m06,2007-02-14,CN
131_S_0691,m06,m06,2007-02-14,Dementia
033_S_0733,m06,m06,2007-02-02,Dementia
127_S_0112,m12,m12,2007-02-13,MCI
033_S_0741,m06,m06,2007-02-09,CN
131_S_0409,m06,m06,2007-02-14,MCI
031_S_1209,bl,bl,2007-02-14,Dementia
033_S_0739,m06,m06,2007-02-12,MCI
129_S_0778,m06,m06,2007-02-06,CN
133_S_0629,m06,m06,2007-01-31,MCI
130_S_0449,m06,m06,2007-02-12,MCI
128_S_0188,m12,m12,2007-02-08,MCI
941_S_1197,bl,bl,2007-02-16,CN
073_S_0311,m06,m06,2007-02-06,CN
021_S_0626,m06,m06,2007-02-16,MCI
005_S_1224,bl,bl,2007-02-13,MCI
136_S_1227,bl,bl,2007-02-19,MCI
018_S_0142,m12,m12,2007-02-19,MCI
018_S_0087,m12,m12,2007-02-19,MCI
137_S_0686,m06,m06,2007-02-19,CN
126_S_0709,m06,m06,2007-02-14,MCI
023_S_1289,bl,bl,2007-02-20,Dementia
128_S_1242,bl,bl,2007-02-16,CN
116_S_0890,bl,bl,2007-02-20,MCI
116_S_1249,bl,bl,2007-02-20,CN
007_S_0128,m12,m12,2007-02-15,MCI
009_S_1199,bl,bl,2007-01-26,MCI
094_S_0526,m06,m06,2007-02-20,CN
041_S_0549,m06,m06,2007-02-20,MCI
094_S_0711,m06,m06,2007-02-20,CN
941_S_1195,bl,bl,2007-02-20,CN
022_S_0130,m12,m12,2007-02-21,CN
068_S_0401,m06,m06,2007-02-15,MCI
068_S_0473,m06,m06,2007-02-15,CN
012_S_0720,m06,m06,2007-02-21,Dementia
033_S_0734,m06,m06,2007-02-16,CN
032_S_0677,m06,m06,2007-02-21,CN
033_S_0724,m06,m06,2007-02-22,Dementia
007_S_1248,bl,bl,2007-02-20,Dementia
100_S_0995,bl,bl,2007-02-21,Dementia
100_S_0047,m12,m12,2007-02-21,CN
100_S_0069,m12,m12,2007-02-21,CN
100_S_1062,bl,bl,2007-02-21,Dementia
128_S_0138,m12,m12,2007-02-21,MCI
027_S_1081,bl,bl,2007-02-05,Dementia
027_S_1254,bl,bl,2007-02-12,Dementia
027_S_0116,m12,m12,2007-02-06,MCI
027_S_0118,m12,m12,2007-02-08,CN
027_S_1277,bl,bl,2007-02-21,MCI
037_S_0539,m06,m06,2007-02-21,MCI
023_S_0093,m12,m12,2007-02-13,Dementia
023_S_0139,m12,m12,2007-02-09,Dementia
114_S_0173,m12,m12,2007-02-22,CN
094_S_1241,bl,bl,2007-02-22,CN
127_S_0684,m06,m06,2007-02-22,CN
027_S_0120,m12,m12,2007-02-16,CN
068_S_1191,bl,bl,2007-02-23,CN
941_S_1203,bl,bl,2007-02-22,CN
033_S_0723,m06,m06,2007-02-22,Dementia
023_S_1306,bl,bl,2007-02-23,CN
136_S_0107,m12,m12,2007-02-26,MCI
128_S_0205,m12,m12,2007-02-22,CN
128_S_0135,m12,m12,2007-02-23,MCI
137_S_0669,m06,m06,2007-02-26,CN
137_S_0800,m06,m06,2007-02-26,MCI
036_S_1240,bl,bl,2007-02-26,MCI
041_S_0598,m06,m06,2007-02-27,MCI
128_S_0770,m06,m06,2007-02-26,MCI
109_S_1192,bl,bl,2007-01-30,Dementia
116_S_1232,bl,bl,2007-02-27,CN
062_S_0768,m06,m06,2007-02-21,CN
014_S_0169,m12,m12,2007-02-27,MCI
052_S_1054,bl,bl,2007-02-27,MCI
016_S_0702,m06,m06,2007-02-21,MCI
941_S_1295,bl,bl,2007-02-28,MCI
018_S_0055,m12,m12,2007-02-28,CN
114_S_0166,m12,m12,2007-02-28,CN
010_S_0829,bl,bl,2007-02-27,Dementia
100_S_1154,bl,bl,2007-02-28,Dementia
100_S_0892,bl,bl,2007-02-28,MCI
100_S_0035,m12,m12,2007-02-28,CN
023_S_0625,m06,m06,2007-02-27,Dementia
072_S_0315,m06,m06,2006-10-31,CN
128_S_0216,m12,m12,2007-02-28,Dementia
041_S_1260,bl,bl,2007-03-01,MCI
035_S_0204,m12,m12,2007-02-27,Dementia
141_S_1244,bl,bl,2007-03-01,MCI
035_S_0156,m12,m12,2007-02-27,CN
035_S_0048,m12,m12,2007-02-27,CN
062_S_0793,m06,m06,2007-02-27,Dementia
002_S_1261,bl,bl,2007-02-27,CN
023_S_0217,m12,m12,2007-03-02,MCI
057_S_0474,m06,m06,2006-11-29,Dementia
116_S_0649,m06,m06,2007-02-27,MCI
116_S_0648,m06,m06,2007-02-27,CN
116_S_0752,m06,m06,2007-02-27,MCI
137_S_0722,m06,m06,2007-02-28,MCI
141_S_0726,m06,m06,2007-03-02,CN
127_S_1210,bl,bl,2007-03-02,MCI
011_S_1282,bl,bl,2007-02-26,MCI
057_S_0464,m06,m06,2007-01-02,MCI
057_S_0643,m06,m06,2007-01-18,CN
003_S_1074,bl,bl,2007-02-07,MCI
109_S_1014,bl,bl,2007-02-01,CN
023_S_1262,bl,bl,2007-03-01,Dementia
033_S_1281,bl,bl,2007-03-02,Dementia
036_S_0748,m06,m06,2007-03-02,MCI
033_S_1279,bl,bl,2007-02-28,MCI
136_S_0186,m12,m12,2007-03-05,CN
033_S_1283,bl,bl,2007-02-26,Dementia
033_S_1284,bl,bl,2007-02-26,MCI
033_S_1285,bl,bl,2007-02-26,Dementia
033_S_1308,bl,bl,2007-02-28,Dementia
033_S_1309,bl,bl,2007-02-28,MCI
062_S_1294,bl,bl,2007-02-26,MCI
062_S_1182,bl,bl,2007-02-13,MCI
100_S_1286,bl,bl,2007-03-06,CN
013_S_1186,bl,bl,2007-03-01,MCI
062_S_1299,bl,bl,2007-03-06,MCI
024_S_1307,bl,bl,2007-03-06,Dementia
021_S_0141,m12,m12,2007-03-06,Dementia
067_S_0290,m06,m06,2007-02-19,MCI
009_S_0751,m06,m06,2007-03-06,CN
116_S_1243,bl,bl,2007-03-06,MCI
098_S_0884,bl,bl,2007-02-13,Dementia
098_S_0149,m12,m12,2007-02-22,Dementia
032_S_0187,m12,m12,2007-03-07,MCI
032_S_0718,m06,m06,2007-03-07,MCI
131_S_1301,bl,bl,2007-03-07,CN
133_S_0638,m06,m06,2007-03-01,MCI
073_S_0746,bl,bl,2007-03-07,MCI
082_S_1256,bl,bl,2007-02-23,CN
141_S_0767,m06,m06,2007-03-06,CN
129_S_1204,bl,bl,2007-03-07,MCI
098_S_0667,m06,m06,2007-02-20,MCI
098_S_0171,m12,m12,2007-03-06,CN
057_S_0779,m06,m06,2007-03-06,CN
002_S_1280,bl,bl,2007-03-02,CN
016_S_1149,bl,bl,2007-02-27,MCI
029_S_0836,m06,m06,2007-03-08,Dementia
057_S_1265,bl,bl,2007-02-13,MCI
057_S_1217,bl,bl,2007-02-14,MCI
057_S_1269,bl,bl,2007-02-15,MCI
137_S_0668,m06,m06,2007-03-06,MCI
141_S_1231,bl,bl,2007-02-28,MCI
037_S_0627,m06,m06,2007-03-08,Dementia
099_S_0040,m12,m12,2007-03-09,CN
099_S_0054,m12,m12,2007-03-09,Dementia
099_S_0090,m12,m12,2007-03-09,CN
099_S_0111,m12,m12,2007-03-02,Dementia
099_S_0958,bl,bl,2006-11-30,MCI
099_S_0372,m06,m06,2006-12-07,Dementia
099_S_1144,bl,bl,2007-03-09,Dementia
099_S_0492,m06,m06,2007-03-09,Dementia
099_S_0352,m06,m06,2006-12-15,CN
099_S_0060,m12,m12,2007-03-09,MCI
099_S_0470,m06,m06,2007-03-09,Dementia
099_S_0533,m06,m06,2006-12-12,CN
099_S_0291,m06,m06,2007-03-09,MCI
099_S_0880,bl,bl,2006-11-17,MCI
099_S_0534,m06,m06,2006-12-15,CN
099_S_1034,bl,bl,2006-12-15,MCI
099_S_0551,m06,m06,2006-12-15,CN
041_S_0314,m06,m06,2007-03-12,MCI
137_S_0443,m06,m06,2007-03-09,MCI
021_S_0159,m12,m12,2007-03-12,CN
022_S_0750,m06,m06,2007-03-13,MCI
128_S_0225,m12,m12,2007-03-05,MCI
116_S_0657,m06,m06,2007-03-13,CN
010_S_0420,m06,m06,2007-03-13,CN
029_S_0824,m06,m06,2007-03-14,CN
021_S_0178,m12,m12,2007-03-14,MCI
100_S_1226,bl,bl,2007-03-14,Dementia
100_S_0747,m06,m06,2007-03-14,Dementia
037_S_0566,m06,m06,2007-03-13,MCI
012_S_1321,bl,bl,2007-03-15,MCI
006_S_0547,m06,m06,2007-03-14,Dementia
036_S_0759,m06,m06,2007-03-15,Dementia
129_S_1246,bl,bl,2007-03-12,MCI
068_S_0872,bl,bl,2007-03-16,MCI
068_S_0442,m06,m06,2007-02-15,MCI
141_S_1255,bl,bl,2007-03-09,MCI
006_S_0498,m06,m06,2007-03-19,CN
006_S_0731,m06,m06,2007-03-19,CN
016_S_1263,bl,bl,2007-03-15,Dementia
941_S_1311,bl,bl,2007-03-19,MCI
137_S_0158,m12,m12,2007-03-19,MCI
020_S_1288,bl,bl,2007-03-20,CN
012_S_1292,bl,bl,2007-03-20,MCI
130_S_1290,bl,bl,2007-02-27,Dementia
136_S_0184,m12,m12,2007-03-20,CN
021_S_0753,m06,m06,2007-03-20,Dementia
123_S_0162,m06,m06,2006-09-21,MCI
133_S_0727,m06,m06,2007-03-13,MCI
121_S_1322,bl,bl,2007-03-15,MCI
002_S_0729,m06,m06,2007-02-22,MCI
128_S_0200,m12,m12,2007-03-16,MCI
127_S_0754,m06,m06,2007-03-21,Dementia
133_S_0792,m06,m06,2007-03-21,MCI
016_S_0769,m06,m06,2007-03-19,MCI
041_S_1368,bl,bl,2007-03-22,Dementia
073_S_0312,m06,m06,2007-03-22,CN
018_S_0155,m12,m12,2007-03-22,MCI
141_S_1024,m06,m06,2007-03-22,Dementia
029_S_0845,m06,m06,2007-03-22,CN
041_S_0721,m06,m06,2007-03-22,MCI
128_S_0230,m12,m12,2007-03-23,CN
128_S_0229,m12,m12,2007-03-23,CN
141_S_0696,m06,m06,2007-03-21,Dementia
130_S_0783,m06,m06,2007-03-02,MCI
130_S_0232,m12,m12,2007-03-15,CN
130_S_1337,bl,bl,2007-03-13,Dementia
136_S_0195,m12,m12,2007-03-26,Dementia
027_S_0835,m06,m06,2007-03-14,MCI
027_S_0179,m12,m12,2007-03-15,MCI
027_S_1387,bl,bl,2007-03-12,MCI
027_S_0850,m06,m06,2007-03-20,Dementia
027_S_1385,bl,bl,2007-03-13,Dementia
016_S_1326,bl,bl,2007-03-27,MCI
941_S_1363,bl,bl,2007-03-27,MCI
020_S_0097,m12,m12,2007-03-23,CN
116_S_1271,bl,bl,2007-03-27,MCI
023_S_0855,m06,m06,2007-03-15,MCI
011_S_0241,m12,m12,2007-03-27,Dementia
005_S_0221,m12,m12,2007-03-27,Dementia
032_S_0214,m12,m12,2007-03-28,MCI
023_S_0376,m12,m12,2007-03-23,MCI
100_S_0743,m06,m06,2007-03-28,Dementia
007_S_1339,bl,bl,2007-03-28,Dementia
141_S_0853,m06,m06,2007-03-13,Dementia
002_S_1268,bl,bl,2007-03-28,MCI
005_S_0222,m12,m12,2007-03-28,Dementia
005_S_0223,m12,m12,2007-03-28,MCI
094_S_1293,bl,bl,2007-03-29,MCI
094_S_1267,bl,bl,2007-03-29,CN
094_S_1330,bl,bl,2007-03-29,MCI
094_S_1314,bl,bl,2007-03-29,MCI
094_S_0531,m06,m06,2007-03-22,MCI
130_S_0289,m12,m12,2007-03-23,MCI
007_S_0698,m06,m06,2007-03-15,MCI
007_S_0070,m12,m12,2007-03-19,CN
006_S_0484,m06,m06,2007-03-30,CN
023_S_0887,m06,m06,2007-03-30,MCI
023_S_0126,m12,m12,2007-03-29,MCI
023_S_0331,m12,m12,2007-03-30,MCI
011_S_0856,m06,m06,2007-03-30,Dementia
010_S_0161,m12,m12,2007-03-30,Dementia
126_S_1340,bl,bl,2007-04-02,MCI
031_S_0821,m06,m06,2007-04-02,MCI
003_S_1257,bl,bl,2007-03-28,Dementia
067_S_0077,m12,m12,2007-03-26,Dementia
010_S_0422,m06,m06,2007-03-27,MCI
067_S_0257,m06,m06,2007-03-26,CN
116_S_1315,bl,bl,2007-04-03,MCI
141_S_0717,m06,m06,2007-03-23,CN
136_S_0194,m12,m12,2007-04-03,Dementia
136_S_0695,m06,m06,2007-04-03,MCI
007_S_1304,bl,bl,2007-04-03,Dementia
011_S_0183,m12,m12,2007-04-04,Dementia
021_S_0231,m12,m12,2007-04-04,MCI
073_S_0565,m06,m06,2007-04-03,Dementia
029_S_0866,m06,m06,2007-04-04,CN
033_S_0889,m06,m06,2007-04-02,Dementia
011_S_0861,m06,m06,2007-04-04,MCI
098_S_0172,m12,m12,2007-04-02,CN
005_S_0814,m06,m06,2007-04-04,Dementia
005_S_1341,bl,bl,2007-04-04,Dementia
041_S_0262,m12,m12,2007-04-05,CN
127_S_0259,m12,m12,2007-04-05,CN
128_S_0266,m12,m12,2007-04-04,Dementia
006_S_0681,m06,m06,2007-04-05,CN
052_S_1352,bl,bl,2007-03-19,MCI
052_S_1250,bl,bl,2007-02-16,CN
052_S_1251,bl,bl,2007-02-23,CN
052_S_1168,bl,bl,2006-12-21,MCI
052_S_1346,bl,bl,2007-03-23,MCI
016_S_0538,m06,m06,2007-03-01,CN
133_S_0771,m06,m06,2007-04-05,MCI
029_S_1384,bl,bl,2007-04-05,MCI
131_S_0319,m12,m12,2007-04-06,CN
121_S_1350,bl,bl,2007-04-04,MCI
023_S_0926,m06,m06,2007-04-03,CN
027_S_0256,m12,m12,2007-04-03,Dementia
021_S_0276,m12,m12,2007-04-09,MCI
011_S_0326,m12,m12,2007-04-05,MCI
013_S_0502,m06,m06,2007-03-21,CN
007_S_0249,m12,m12,2007-04-09,Dementia
031_S_0830,m06,m06,2007-04-03,MCI
141_S_0852,m06,m06,2007-04-10,Dementia
130_S_0285,m12,m12,2007-04-06,MCI
141_S_1378,bl,bl,2007-04-09,MCI
036_S_0813,m06,m06,2007-04-11,CN
068_S_0127,m12,m12,2007-04-11,CN
130_S_0505,m06,m06,2007-04-09,MCI
023_S_0963,m06,m06,2007-04-12,CN
130_S_0886,m06,m06,2007-04-10,CN
037_S_0588,bl,bl,2007-01-23,MCI
029_S_1318,bl,bl,2007-04-05,MCI
098_S_0160,m12,m12,2007-03-29,MCI
002_S_0938,m06,m06,2007-04-16,Dementia
126_S_0891,m06,m06,2007-04-16,Dementia
036_S_0760,m06,m06,2007-04-11,Dementia
013_S_1275,bl,bl,2007-03-26,MCI
109_S_1343,bl,bl,2007-04-10,MCI
013_S_1276,bl,bl,2007-03-27,CN
031_S_0867,m06,m06,2007-04-16,MCI
009_S_1354,bl,bl,2007-04-16,Dementia
009_S_1334,bl,bl,2007-04-16,Dementia
002_S_0782,m06,m06,2007-04-13,MCI
002_S_0816,m06,m06,2007-04-13,Dementia
037_S_0150,m12,m12,2007-04-16,MCI
130_S_0956,m06,m06,2007-04-16,Dementia
031_S_0294,m12,m12,2007-04-17,MCI
114_S_0374,m12,m12,2007-04-16,Dementia
068_S_0478,m06,m06,2007-04-18,MCI
057_S_1371,bl,bl,2007-04-12,Dementia
141_S_0790,m06,m06,2007-04-17,Dementia
022_S_1351,bl,bl,2007-03-16,MCI
014_S_0328,m12,m12,2007-04-18,Dementia
041_S_1391,bl,bl,2007-04-19,Dementia
141_S_0851,m06,m06,2007-04-17,MCI
114_S_0410,m12,m12,2007-04-19,MCI
023_S_0388,m12,m12,2007-04-17,MCI
126_S_0784,m06,m06,2007-04-18,Dementia
029_S_0878,m06,m06,2007-04-19,MCI
052_S_0671,m06,m06,2007-03-19,MCI
012_S_0803,m06,m06,2007-04-23,Dementia
137_S_0796,m06,m06,2007-04-16,Dementia
132_S_0987,bl,bl,2007-04-23,MCI
128_S_0863,m06,m06,2007-04-18,CN
011_S_0168,uns1,uns1,2007-04-16,CN
009_S_0842,m06,m06,2007-04-20,CN
009_S_0862,m06,m06,2007-04-20,CN
073_S_1357,bl,bl,2007-04-24,MCI
011_S_0362,m12,m12,2007-04-16,MCI
073_S_0089,m12,m12,2007-04-24,CN
024_S_1393,bl,bl,2007-04-24,MCI
136_S_0873,m06,m06,2007-04-25,MCI
068_S_0109,m12,m12,2007-04-25,Dementia
114_S_0378,m12,m12,2007-04-25,MCI
031_S_0321,m12,m12,2007-04-25,Dementia
128_S_0310,m12,m12,2007-04-23,Dementia
018_S_0369,m12,m12,2007-04-25,CN
131_S_1389,bl,bl,2007-04-26,MCI
133_S_0912,m06,m06,2007-04-23,MCI
137_S_0825,m06,m06,2007-04-23,MCI
057_S_0818,m06,m06,2007-03-28,CN
057_S_1379,bl,bl,2007-04-12,Dementia
098_S_0269,m12,m12,2007-04-12,Dementia
057_S_1373,bl,bl,2007-04-17,Dementia
023_S_0916,m06,m06,2007-04-24,Dementia
127_S_1382,bl,bl,2007-04-27,Dementia
057_S_0839,m06,m06,2007-04-18,MCI
057_S_0934,m06,m06,2007-04-25,CN
057_S_0941,m06,m06,2007-04-25,MCI
003_S_0908,m06,m06,2007-04-12,MCI
128_S_0947,m06,m06,2007-04-26,MCI
128_S_0258,m12,m12,2007-04-27,MCI
068_S_1075,bl,bl,2007-04-27,MCI
068_S_0210,m36,m36,2010-02-09,MCI
014_S_0658,m06,m06,2007-05-02,MCI
116_S_0834,m06,m06,2007-05-02,MCI
137_S_0283,m12,m12,2007-05-02,CN
114_S_0416,m12,m12,2007-05-03,CN
027_S_0307,m12,m12,2007-05-01,MCI
136_S_0086,m12,m12,2007-05-03,CN
098_S_0896,m06,m06,2007-04-19,CN
053_S_0919,bl,bl,2007-02-15,MCI
053_S_0919,m06,m06,2007-05-04,MCI
137_S_0841,m06,m06,2007-04-26,Dementia
037_S_0303,m12,m12,2007-05-04,CN
041_S_0314,m12,m12,2007-05-07,MCI
141_S_0982,m06,m06,2007-05-04,MCI
021_S_0332,m12,m12,2007-05-07,Dementia
021_S_0337,m12,m12,2007-05-07,CN
021_S_0343,m12,m12,2007-05-07,Dementia
023_S_0030,m18,m18,2007-05-07,Dementia
027_S_0404,m12,m12,2007-05-08,Dementia
136_S_0196,m12,m12,2007-05-08,CN
133_S_1031,m06,m06,2007-02-07,MCI
036_S_0869,m06,m06,2007-05-08,MCI
024_S_0985,m06,m06,2007-05-08,CN
006_S_0675,m06,m06,2007-05-07,MCI
032_S_0978,m06,m06,2007-05-09,MCI
123_S_0298,m06,m06,2006-11-08,CN
010_S_0786,m06,m06,2007-05-04,Dementia
003_S_0931,m06,m06,2007-04-25,CN
003_S_0907,m06,m06,2007-04-23,CN
013_S_0240,m12,m12,2007-05-03,MCI
137_S_0301,m12,m12,2007-05-09,CN
022_S_0924,m06,m06,2007-05-09,MCI
002_S_0954,m06,m06,2007-05-09,MCI
007_S_0344,m12,m12,2007-04-25,Dementia
007_S_0293,m12,m12,2007-04-18,MCI
007_S_0316,m12,m12,2007-05-07,Dementia
130_S_0969,m06,m06,2007-05-08,CN
133_S_0433,m12,m12,2007-05-10,CN
123_S_0390,m06,m06,2006-11-13,MCI
023_S_0042,m18,m18,2007-05-10,Dementia
051_S_1040,bl,bl,2006-11-09,MCI
051_S_1072,bl,bl,2006-12-20,MCI
051_S_1123,bl,bl,2007-02-06,CN
051_S_1131,bl,bl,2007-01-18,MCI
051_S_1296,bl,bl,2007-03-01,Dementia
131_S_0441,m12,m12,2007-05-11,CN
005_S_0324,m12,m12,2007-05-11,MCI
100_S_0995,m06,m06,2007-05-10,Dementia
100_S_0892,m06,m06,2007-05-10,MCI
100_S_0296,m12,m12,2007-05-10,MCI
100_S_0930,m06,m06,2007-05-10,MCI
012_S_0932,m06,m06,2007-05-14,MCI
123_S_0298,m12,m12,2007-05-09,CN
031_S_0351,m12,m12,2007-05-14,MCI
136_S_0299,m12,m12,2007-05-14,Dementia
127_S_0260,m12,m12,2007-05-14,CN
041_S_0282,m12,m12,2007-05-15,MCI
094_S_1027,m06,m06,2007-05-14,Dementia
022_S_0961,m06,m06,2007-05-15,MCI
052_S_0952,m06,m06,2007-05-09,MCI
116_S_0370,m12,m12,2007-05-15,Dementia
005_S_0929,m06,m06,2007-05-15,Dementia
131_S_0384,m12,m12,2007-05-16,MCI
018_S_0286,m12,m12,2007-05-16,Dementia
029_S_0843,m06,m06,2007-05-16,CN
051_S_1338,bl,bl,2007-05-15,MCI
051_S_1331,bl,bl,2007-05-16,MCI
123_S_0390,m12,m12,2007-05-10,MCI
128_S_0272,m12,m12,2007-05-04,CN
033_S_0922,m06,m06,2007-04-29,MCI
033_S_0906,m06,m06,2007-04-24,MCI
033_S_0920,m06,m06,2007-04-24,CN
033_S_0923,m06,m06,2007-04-24,CN
041_S_0898,m06,m06,2007-05-17,CN
035_S_0292,m12,m12,2007-05-16,MCI
024_S_1063,m06,m06,2007-05-18,CN
094_S_0434,m12,m12,2007-05-17,Dementia
131_S_0457,m12,m12,2007-05-18,Dementia
036_S_1001,m06,m06,2007-05-16,Dementia
094_S_0921,m06,m06,2007-05-17,MCI
052_S_0951,m06,m06,2007-04-19,CN
094_S_1397,bl,bl,2007-05-17,Dementia
051_S_1040,m06,m06,2007-05-14,MCI
032_S_1037,m06,m06,2007-05-18,Dementia
094_S_1398,bl,bl,2007-05-17,MCI
114_S_0979,m06,m06,2007-05-21,Dementia
021_S_0424,m12,m12,2007-05-22,MCI
021_S_0273,m12,m12,2007-05-22,MCI
116_S_0361,m12,m12,2007-05-22,MCI
127_S_0844,m06,m06,2007-05-22,Dementia
094_S_1015,m06,m06,2007-05-21,Dementia
018_S_0335,m12,m12,2007-05-24,Dementia
005_S_0448,m12,m12,2007-05-24,MCI
027_S_1045,m06,m06,2007-05-23,MCI
027_S_0408,m12,m12,2007-05-17,MCI
027_S_0485,m12,m12,2007-05-15,MCI
027_S_0417,m12,m12,2007-05-21,MCI
137_S_0973,m06,m06,2007-05-24,MCI
027_S_0403,m12,m12,2007-05-08,CN
126_S_0865,m06,m06,2007-05-28,MCI
137_S_0459,m12,m12,2007-05-24,CN
141_S_1004,m06,m06,2007-05-11,Dementia
141_S_0810,m06,m06,2007-05-15,CN
127_S_0925,m06,m06,2007-05-29,MCI
024_S_1400,bl,bl,2007-05-29,MCI
002_S_0295,m12,m12,2007-05-25,CN
032_S_1101,m06,m06,2007-05-30,Dementia
023_S_1046,m06,m06,2007-05-30,MCI
094_S_0526,m12,m12,2007-05-25,CN
094_S_1402,bl,bl,2007-05-25,Dementia
035_S_0555,m06,m06,2007-05-30,CN
136_S_0300,m12,m12,2007-05-31,Dementia
094_S_1090,m06,m06,2007-05-31,Dementia
031_S_1066,m06,m06,2007-05-31,MCI
010_S_0472,m06,m06,2007-05-30,CN
011_S_1080,m06,m06,2007-06-01,MCI
128_S_0522,m12,m12,2007-06-01,CN
033_S_1098,m06,m06,2007-06-01,CN
003_S_0981,m06,m06,2007-05-02,CN
002_S_0955,m06,m06,2007-05-21,Dementia
136_S_0426,m12,m12,2007-06-05,Dementia
114_S_1106,m06,m06,2007-06-05,MCI
014_S_0557,m12,m12,2007-06-05,MCI
033_S_1086,m06,m06,2007-06-01,CN
114_S_0458,m12,m12,2007-06-05,MCI
137_S_0481,m12,m12,2007-06-01,MCI
007_S_0041,m18,m18,2007-05-14,Dementia
062_S_1099,m06,m06,2007-06-05,CN
116_S_1083,m06,m06,2007-06-06,Dementia
010_S_0904,m06,m06,2007-06-05,MCI
033_S_0511,m12,m12,2007-06-06,MCI
136_S_0874,m06,m06,2007-06-07,MCI
022_S_1097,m06,m06,2007-06-07,MCI
137_S_0972,m06,m06,2007-06-07,CN
137_S_0994,m06,m06,2007-06-05,MCI
013_S_0575,m06,m06,2007-03-26,CN
013_S_0996,m06,m06,2007-05-17,Dementia
013_S_1035,m06,m06,2007-06-05,CN
035_S_0341,m12,m12,2007-06-07,Dementia
128_S_0500,m12,m12,2007-05-24,CN
013_S_0860,m06,m06,2007-06-06,MCI
041_S_0446,m12,m12,2007-06-06,MCI
082_S_0640,bl,bl,2006-08-21,CN
082_S_0363,bl,bl,2006-05-02,CN
082_S_0469,bl,bl,2006-08-07,MCI
082_S_0641,bl,bl,2006-10-05,MCI
082_S_0761,bl,bl,2006-10-30,CN
137_S_1041,m06,m06,2007-06-08,Dementia
082_S_0832,bl,bl,2006-10-30,MCI
062_S_0535,m12,m12,2007-06-07,Dementia
037_S_0327,m12,m12,2007-06-06,CN
100_S_0006,m18,m18,2007-06-08,MCI
100_S_1062,m06,m06,2007-06-08,Dementia
100_S_0190,m12,m12,2007-06-08,Dementia
014_S_0519,m12,m12,2007-06-09,CN
014_S_0520,m12,m12,2007-06-09,CN
032_S_0479,m12,m12,2007-06-11,CN
062_S_0578,m12,m12,2007-06-12,CN
014_S_0548,m12,m12,2007-06-13,CN
014_S_1095,m06,m06,2007-06-12,Dementia
036_S_0945,m06,m06,2007-06-11,MCI
141_S_0915,m06,m06,2007-06-12,MCI
041_S_1002,m06,m06,2007-06-13,CN
127_S_0393,m12,m12,2007-06-13,MCI
128_S_0517,m12,m12,2007-06-07,Dementia
128_S_0167,m12,m12,2007-05-16,MCI
041_S_1010,m06,m06,2007-06-11,MCI
023_S_0604,m12,m12,2007-06-13,MCI
029_S_1038,m06,m06,2007-06-14,MCI
023_S_1104,m06,m06,2007-06-14,MCI
002_S_1070,m06,m06,2007-06-14,MCI
002_S_0413,m12,m12,2007-06-14,CN
031_S_0568,m12,m12,2007-06-18,Dementia
073_S_0386,m12,m12,2007-06-17,CN
136_S_0429,m12,m12,2007-06-19,Dementia
033_S_0567,m12,m12,2007-06-04,Dementia
033_S_0514,m12,m12,2007-06-06,MCI
033_S_0516,m12,m12,2007-06-08,CN
033_S_1116,m06,m06,2007-06-01,MCI
116_S_0382,m12,m12,2007-06-19,CN
116_S_0487,m12,m12,2007-06-19,Dementia
005_S_0553,m12,m12,2007-06-19,CN
128_S_0545,m12,m12,2007-06-08,CN
029_S_1056,m06,m06,2007-06-20,Dementia
013_S_1120,m06,m06,2007-06-14,MCI
035_S_0033,m18,m18,2007-06-21,MCI
131_S_0497,m12,m12,2007-06-21,Dementia
053_S_0389,m06,m06,2007-05-15,MCI
114_S_1103,m06,m06,2007-06-21,MCI
127_S_1032,m06,m06,2007-06-21,MCI
133_S_1055,m06,m06,2007-06-11,Dementia
033_S_1016,m06,m06,2007-05-30,CN
033_S_0513,m12,m12,2007-06-21,MCI
037_S_0552,m12,m12,2007-06-15,MCI
022_S_0004,m18,m18,2007-05-14,MCI
023_S_1126,m06,m06,2007-06-22,MCI
036_S_0576,m12,m12,2007-06-20,CN
037_S_0182,m06,m06,2007-06-14,Dementia
036_S_0577,m12,m12,2007-06-20,Dementia
002_S_1155,m06,m06,2007-06-22,MCI
128_S_0608,m12,m12,2007-06-21,MCI
053_S_1044,bl,bl,2007-01-15,Dementia
126_S_1077,m06,m06,2007-06-20,MCI
009_S_1030,m06,m06,2007-05-11,MCI
123_S_0091,m12,m12,2007-01-16,Dementia
029_S_1073,m06,m06,2007-06-20,MCI
012_S_1033,m06,m06,2007-06-25,Dementia
123_S_0050,m12,m12,2006-12-07,Dementia
067_S_0045,m12,m12,2007-03-28,Dementia
067_S_0076,m12,m12,2007-03-28,Dementia
067_S_0098,m12,m12,2007-05-07,MCI
067_S_0110,m12,m12,2007-03-28,Dementia
003_S_1059,m06,m06,2007-06-19,Dementia
067_S_0176,m12,m12,2007-06-22,MCI
067_S_0177,m12,m12,2007-05-02,CN
067_S_0243,m12,m12,2007-04-23,Dementia
002_S_1018,m06,m06,2007-06-22,Dementia
067_S_0284,m12,m12,2007-05-16,MCI
067_S_0336,m12,m12,2007-05-25,Dementia
067_S_0607,m06,m06,2007-05-09,MCI
067_S_0812,m06,m06,2007-05-21,Dementia
067_S_1253,bl,bl,2007-04-09,Dementia
136_S_0579,m12,m12,2007-06-26,MCI
018_S_0425,m12,m12,2007-06-21,CN
031_S_0554,m12,m12,2007-06-26,Dementia
018_S_0406,m12,m12,2007-06-21,MCI
128_S_1407,bl,bl,2007-06-25,MCI
123_S_0050,m18,m18,2007-06-20,Dementia
126_S_0605,m12,m12,2007-06-27,CN
007_S_0414,m12,m12,2007-06-26,MCI
037_S_0377,m12,m12,2007-06-25,MCI
037_S_0454,m12,m12,2007-06-25,CN
012_S_1009,m06,m06,2007-06-28,CN
128_S_0528,m12,m12,2007-05-31,Dementia
128_S_1043,m06,m06,2007-06-25,MCI
128_S_0611,m12,m12,2007-06-22,MCI
128_S_1406,bl,bl,2007-06-22,MCI
010_S_0419,m12,m12,2007-06-27,CN
141_S_1137,m06,m06,2007-06-26,Dementia
022_S_1366,bl,bl,2007-04-16,MCI
018_S_0450,m12,m12,2007-06-28,MCI
082_S_0928,bl,bl,2006-11-02,MCI
002_S_0619,m12,m12,2007-06-26,Dementia
037_S_0467,m12,m12,2007-06-29,CN
022_S_0544,m12,m12,2007-06-22,MCI
027_S_1082,m06,m06,2007-06-04,Dementia
027_S_0461,m12,m12,2007-06-14,MCI
027_S_0644,m12,m12,2007-07-03,MCI
116_S_0392,m12,m12,2007-07-03,Dementia
035_S_0997,m06,m06,2007-07-03,MCI
051_S_1072,m06,m06,2007-07-03,MCI
114_S_0601,m12,m12,2007-06-28,CN
094_S_0531,m12,m12,2007-07-05,MCI
094_S_1102,m06,m06,2007-07-05,Dementia
037_S_1078,m06,m06,2007-07-03,MCI
037_S_0588,m06,m06,2007-07-03,MCI
073_S_0909,m06,m06,2007-07-06,MCI
003_S_1021,m06,m06,2007-06-27,CN
073_S_0518,m06,m06,2007-07-06,MCI
057_S_0474,m12,m12,2007-05-23,Dementia
068_S_0210,m12,m12,2007-07-06,CN
057_S_0464,m12,m12,2007-06-12,MCI
133_S_0493,m12,m12,2007-06-27,CN
013_S_0325,m12,m12,2007-07-05,MCI
094_S_1164,m06,m06,2007-07-05,Dementia
012_S_0637,m12,m12,2007-07-09,CN
127_S_0394,m12,m12,2007-07-06,Dementia
127_S_0431,m12,m12,2007-07-06,Dementia
114_S_1118,m06,m06,2007-07-02,MCI
013_S_1161,m06,m06,2007-07-09,Dementia
036_S_1135,m06,m06,2007-07-09,MCI
053_S_0507,m06,m06,2007-06-29,MCI
127_S_0622,m12,m12,2007-07-10,CN
021_S_1109,m06,m06,2007-07-10,Dementia
082_S_1119,bl,bl,2006-12-18,MCI
053_S_1044,m06,m06,2007-06-18,Dementia
053_S_0389,m12,m12,2007-06-18,MCI
053_S_0621,m06,m06,2007-06-29,MCI
029_S_0914,m06,m06,2007-07-11,MCI
128_S_1088,m06,m06,2007-07-11,MCI
127_S_1140,m06,m06,2007-07-12,MCI
005_S_0572,m12,m12,2007-07-12,Dementia
133_S_1170,m06,m06,2007-07-09,Dementia
133_S_0488,m12,m12,2007-07-11,CN
021_S_0984,m06,m06,2007-06-29,CN
012_S_0917,m06,m06,2007-07-13,MCI
057_S_0957,m06,m06,2007-05-09,MCI
057_S_0643,m12,m12,2007-07-11,CN
012_S_1165,m06,m06,2007-07-13,MCI
024_S_1171,m06,m06,2007-07-13,Dementia
022_S_1394,bl,bl,2007-06-11,MCI
126_S_0708,m12,m12,2007-07-16,MCI
036_S_0976,m06,m06,2007-07-12,MCI
123_S_0072,m12,m12,2007-01-18,CN
126_S_0680,m12,m12,2007-07-18,CN
082_S_1079,bl,bl,2006-12-05,Dementia
032_S_1169,m06,m06,2007-07-18,CN
032_S_0677,m12,m12,2007-07-18,CN
094_S_1188,m06,m06,2007-07-18,CN
021_S_0642,m12,m12,2007-07-19,Dementia
036_S_0656,m12,m12,2007-07-16,MCI
036_S_0673,m12,m12,2007-07-18,MCI
036_S_0672,m12,m12,2007-07-18,CN
023_S_1190,m06,m06,2007-07-18,CN
141_S_1052,m06,m06,2007-07-03,MCI
141_S_1051,m06,m06,2007-07-20,MCI
006_S_1130,m06,m06,2007-07-20,MCI
014_S_0558,m12,m12,2007-07-24,CN
014_S_0563,m12,m12,2007-07-24,MCI
023_S_0625,m12,m12,2007-07-23,Dementia
137_S_0366,m12,m12,2007-07-11,Dementia
023_S_0078,m18,m18,2007-07-24,Dementia
016_S_1092,m06,m06,2007-07-16,MCI
016_S_0359,m12,m12,2007-06-13,CN
133_S_0913,m06,m06,2007-07-18,MCI
133_S_0629,m12,m12,2007-07-24,MCI
131_S_0691,m12,m12,2007-07-26,Dementia
018_S_0633,m12,m12,2007-07-17,Dementia
005_S_1224,m06,m06,2007-07-27,MCI
005_S_0546,m12,m12,2007-07-27,MCI
003_S_1122,m06,m06,2007-07-20,MCI
005_S_0602,m12,m12,2007-07-27,CN
005_S_0610,m12,m12,2007-07-27,CN
128_S_1148,m06,m06,2007-07-23,MCI
128_S_1409,bl,bl,2007-07-30,Dementia
031_S_0618,m12,m12,2007-07-02,CN
062_S_0690,m12,m12,2007-07-25,Dementia
126_S_1221,m06,m06,2007-07-31,Dementia
020_S_0899,m06,m06,2007-05-21,CN
007_S_0101,m18,m18,2007-07-31,MCI
141_S_1152,m06,m06,2007-07-16,Dementia
137_S_0631,m12,m12,2007-08-01,Dementia
116_S_0648,m12,m12,2007-08-01,CN
020_S_0883,m06,m06,2007-05-23,CN
073_S_0311,m12,m12,2007-07-13,CN
041_S_1412,bl,bl,2007-07-30,MCI
018_S_0080,m18,m18,2007-07-26,MCI
073_S_0312,m12,m12,2007-07-22,CN
018_S_0087,m18,m18,2007-08-01,MCI
018_S_0682,m12,m12,2007-07-31,Dementia
020_S_0213,m12,m12,2007-06-04,Dementia
031_S_1209,m06,m06,2007-08-02,Dementia
027_S_1213,m06,m06,2007-07-31,MCI
133_S_0525,m12,m12,2007-08-01,CN
023_S_1247,m06,m06,2007-08-02,MCI
094_S_1417,bl,bl,2007-08-03,MCI
123_S_0094,m12,m12,2007-01-23,Dementia
127_S_0112,m18,m18,2007-08-06,MCI
141_S_1094,m06,m06,2007-07-19,CN
123_S_0106,m12,m12,2007-01-30,CN
109_S_1183,m06,m06,2007-07-19,MCI
109_S_1157,m06,m06,2007-07-12,Dementia
109_S_1013,m06,m06,2007-06-11,CN
109_S_0950,m06,m06,2007-06-12,MCI
109_S_0967,m06,m06,2007-06-14,CN
051_S_1131,m06,m06,2007-08-01,MCI
941_S_1194,m06,m06,2007-08-07,CN
126_S_0606,m12,m12,2007-08-02,Dementia
021_S_0141,m18,m18,2007-08-08,Dementia
068_S_0473,m12,m12,2007-08-06,CN
068_S_0802,m06,m06,2007-08-06,MCI
068_S_0476,m12,m12,2007-08-07,Dementia
068_S_0401,m12,m12,2007-08-06,MCI
123_S_0108,m12,m12,2007-02-22,MCI
036_S_1023,m06,m06,2007-08-08,CN
027_S_0116,m18,m18,2007-08-08,MCI
033_S_0739,m12,m12,2007-08-06,MCI
128_S_1408,bl,bl,2007-08-01,MCI
033_S_0723,m12,m12,2007-08-08,Dementia
128_S_0770,m12,m12,2007-08-06,MCI
128_S_0188,m18,m18,2007-08-08,CN
051_S_1123,m06,m06,2007-08-08,CN
098_S_0667,m12,m12,2007-08-01,MCI
033_S_0734,m12,m12,2007-08-08,CN
137_S_0443,m12,m12,2007-08-08,CN
141_S_1245,m06,m06,2007-08-09,CN
041_S_1411,bl,bl,2007-08-10,MCI
033_S_0733,m12,m12,2007-08-10,Dementia
033_S_0725,m12,m12,2007-08-10,MCI
033_S_0741,m12,m12,2007-08-10,CN
023_S_0217,m18,m18,2007-08-09,MCI
041_S_0679,m12,m12,2007-08-13,MCI
068_S_1075,m06,m06,2007-08-13,MCI
068_S_0478,m12,m12,2007-08-13,MCI
068_S_0442,m12,m12,2007-08-13,Dementia
018_S_0142,m18,m18,2007-08-09,MCI
013_S_1186,m06,m06,2007-08-14,MCI
023_S_1289,m06,m06,2007-08-14,Dementia
116_S_0649,m12,m12,2007-08-14,MCI
116_S_0752,m12,m12,2007-08-14,Dementia
010_S_0829,m06,m06,2007-08-14,Dementia
053_S_0507,m12,m12,2007-06-27,Dementia
062_S_0730,m12,m12,2007-08-13,Dementia
116_S_0890,m06,m06,2007-08-14,MCI
116_S_1232,m06,m06,2007-08-14,CN
053_S_0621,m12,m12,2007-08-10,MCI
014_S_0658,m12,m12,2007-08-14,Dementia
941_S_1295,m06,m06,2007-08-14,MCI
126_S_0709,m12,m12,2007-08-15,MCI
941_S_1202,m06,m06,2007-08-15,CN
041_S_1418,bl,bl,2007-08-14,MCI
128_S_1242,m06,m06,2007-08-13,CN
027_S_1081,m06,m06,2007-08-15,Dementia
062_S_1294,m06,m06,2007-08-13,MCI
013_S_1205,m06,m06,2007-08-15,Dementia
023_S_0126,m18,m18,2007-08-15,MCI
037_S_0501,m12,m12,2007-08-13,MCI
037_S_0539,m12,m12,2007-08-13,MCI
027_S_1254,m06,m06,2007-08-15,Dementia
016_S_0538,m12,m12,2007-08-16,CN
941_S_1203,m06,m06,2007-08-16,CN
012_S_1175,m06,m06,2007-08-15,MCI
016_S_0354,m12,m12,2007-07-11,MCI
016_S_0991,m06,m06,2007-05-04,Dementia
016_S_1028,m06,m06,2007-06-14,MCI
016_S_1121,m06,m06,2007-06-28,MCI
016_S_1138,m06,m06,2007-07-30,MCI
037_S_0566,m12,m12,2007-08-17,MCI
021_S_0647,m12,m12,2007-08-17,CN
021_S_0626,m12,m12,2007-08-17,MCI
022_S_0750,m12,m12,2007-08-17,MCI
037_S_0627,m12,m12,2007-08-17,Dementia
098_S_0160,m18,m18,2007-08-14,MCI
126_S_1187,m06,m06,2007-08-17,MCI
036_S_0748,m12,m12,2007-08-17,MCI
007_S_0698,m12,m12,2007-08-20,MCI
036_S_1240,m06,m06,2007-08-17,MCI
073_S_0746,m06,m06,2007-08-03,MCI
007_S_1206,m06,m06,2007-08-21,CN
128_S_0740,m12,m12,2007-08-15,Dementia
029_S_1215,m06,m06,2007-08-22,MCI
007_S_0128,m18,m18,2007-08-22,Dementia
123_S_0162,m12,m12,2007-05-02,MCI
037_S_1225,m06,m06,2007-08-23,MCI
027_S_1277,m06,m06,2007-08-22,MCI
062_S_1182,m06,m06,2007-08-21,MCI
100_S_1113,m06,m06,2007-08-23,Dementia
100_S_1154,m06,m06,2007-08-23,Dementia
007_S_1222,m06,m06,2007-08-23,CN
137_S_0686,m12,m12,2007-08-21,CN
127_S_0684,m12,m12,2007-08-24,CN
033_S_1279,m06,m06,2007-08-24,MCI
128_S_0715,m12,m12,2007-07-26,MCI
128_S_0227,m12,m12,2007-04-19,MCI
136_S_1227,m06,m06,2007-08-28,MCI
127_S_1419,bl,bl,2007-08-28,MCI
032_S_0187,m18,m18,2007-08-29,MCI
032_S_0718,m12,m12,2007-08-29,MCI
010_S_0161,m18,m18,2007-08-28,Dementia
094_S_1241,m06,m06,2007-08-29,CN
002_S_0685,m12,m12,2007-08-20,CN
041_S_1425,bl,bl,2007-08-17,MCI
941_S_1197,m06,m06,2007-08-30,CN
137_S_0669,m12,m12,2007-08-29,MCI
024_S_1307,m06,m06,2007-08-31,Dementia
127_S_1427,bl,bl,2007-09-03,MCI
123_S_0088,m12,m12,2007-02-12,Dementia
036_S_0759,m12,m12,2007-09-04,Dementia
116_S_0657,m12,m12,2007-08-29,CN
116_S_1249,m06,m06,2007-09-04,CN
011_S_1282,m06,m06,2007-08-31,MCI
016_S_1263,m06,m06,2007-09-04,Dementia
012_S_0634,m12,m12,2007-07-11,MCI
128_S_0135,m18,m18,2007-08-27,MCI
041_S_1423,bl,bl,2007-08-15,MCI
018_S_0057,m18,m18,2007-10-29,Dementia
130_S_0783,m12,m12,2007-08-31,MCI
033_S_1281,m06,m06,2007-08-28,Dementia
130_S_1200,m06,m06,2007-08-07,CN
033_S_1284,m06,m06,2007-08-20,MCI
009_S_0751,m12,m12,2007-09-06,CN
062_S_0768,m12,m12,2007-09-06,CN
029_S_0836,m12,m12,2007-09-06,Dementia
033_S_1285,m06,m06,2007-08-20,Dementia
082_S_1377,bl,bl,2007-03-26,Dementia
082_S_1119,m06,m06,2007-08-09,MCI
023_S_1262,m06,m06,2007-09-06,Dementia
012_S_0720,m12,m12,2007-09-07,Dementia
033_S_1283,m06,m06,2007-08-20,Dementia
033_S_1309,m06,m06,2007-08-22,MCI
033_S_1308,m06,m06,2007-08-22,Dementia
133_S_0638,m12,m12,2007-09-05,Dementia
021_S_0178,m18,m18,2007-09-10,MCI
002_S_1261,m06,m06,2007-09-04,CN
023_S_0855,m12,m12,2007-09-10,Dementia
002_S_1280,m06,m06,2007-08-27,CN
022_S_1351,m06,m06,2007-09-07,MCI
136_S_0107,m18,m18,2007-09-11,MCI
100_S_1286,m06,m06,2007-09-11,CN
100_S_1226,m06,m06,2007-09-11,Dementia
014_S_0169,m18,m18,2007-09-11,MCI
035_S_0204,m18,m18,2007-08-30,Dementia
116_S_1271,m06,m06,2007-09-11,MCI
029_S_0845,m12,m12,2007-09-12,CN
131_S_1301,m06,m06,2007-09-13,CN
123_S_0113,m12,m12,2007-03-12,CN
123_S_0108,m18,m18,2007-08-09,Dementia
003_S_1074,m06,m06,2007-09-05,MCI
051_S_1296,m06,m06,2007-09-12,Dementia
041_S_0598,m12,m12,2007-09-12,MCI
029_S_0824,m12,m12,2007-09-13,CN
029_S_0999,m06,m06,2007-09-13,Dementia
037_S_1421,bl,bl,2007-09-14,MCI
137_S_0668,m12,m12,2007-09-15,MCI
141_S_0697,m12,m12,2007-09-06,MCI
037_S_0150,m18,m18,2007-09-17,MCI
041_S_1435,bl,bl,2007-09-11,Dementia
137_S_1414,bl,bl,2007-09-18,MCI
082_S_0832,m06,m06,2007-05-31,MCI
941_S_1311,m06,m06,2007-09-17,MCI
021_S_0753,m12,m12,2007-09-18,Dementia
020_S_1288,m06,m06,2007-09-18,CN
116_S_1243,m06,m06,2007-09-18,MCI
032_S_0214,m18,m18,2007-09-19,MCI
136_S_0695,m12,m12,2007-09-19,Dementia
062_S_0793,m12,m12,2007-09-14,Dementia
072_S_1211,bl,bl,2007-03-02,MCI
137_S_0722,m12,m12,2007-09-17,CN
072_S_1380,bl,bl,2007-07-05,MCI
072_S_0315,m12,m12,2007-05-07,CN
011_S_0005,m24,m24,2007-09-07,CN
011_S_0016,m24,m24,2007-09-17,CN
011_S_0003,m24,m24,2007-09-12,Dementia
010_S_0420,m12,m12,2007-09-19,CN
123_S_1300,bl,bl,2007-03-30,MCI
021_S_0231,m18,m18,2007-09-24,MCI
062_S_1299,m06,m06,2007-09-24,MCI
136_S_0195,m18,m18,2007-09-24,Dementia
018_S_0155,m18,m18,2007-09-25,MCI
141_S_0696,m12,m12,2007-09-12,Dementia
006_S_0498,m12,m12,2007-09-25,CN
141_S_0767,m12,m12,2007-09-11,CN
016_S_0769,m12,m12,2007-08-20,MCI
141_S_1231,m06,m06,2007-08-21,MCI
130_S_1337,m06,m06,2007-09-24,Dementia
100_S_0747,m12,m12,2007-09-26,Dementia
003_S_1257,m06,m06,2007-09-20,Dementia
073_S_0565,m12,m12,2007-08-03,Dementia
007_S_1304,m06,m06,2007-09-20,Dementia
036_S_0813,m12,m12,2007-09-27,CN
031_S_0294,m18,m18,2007-09-27,MCI
031_S_0830,m12,m12,2007-09-27,MCI
002_S_0729,m12,m12,2007-09-25,Dementia
006_S_0547,m12,m12,2007-09-27,Dementia
027_S_0850,m12,m12,2007-09-20,Dementia
121_S_1322,m06,m06,2007-08-14,MCI
027_S_1385,m06,m06,2007-09-20,Dementia
036_S_0760,m12,m12,2007-09-27,Dementia
133_S_0727,m12,m12,2007-09-19,MCI
031_S_0867,m12,m12,2007-09-28,MCI
031_S_0821,m12,m12,2007-09-28,MCI
022_S_0543,m12,m12,2007-09-28,Dementia
128_S_0205,m18,m18,2007-09-28,CN
128_S_1430,bl,bl,2007-09-21,Dementia
128_S_0200,m18,m18,2007-08-31,MCI
133_S_0792,m12,m12,2007-09-25,MCI
082_S_1377,m06,m06,2007-09-27,Dementia
005_S_1341,m06,m06,2007-10-01,Dementia
005_S_0222,m18,m18,2007-10-01,Dementia
116_S_1315,m06,m06,2007-10-01,MCI
012_S_1292,m06,m06,2007-10-01,Dementia
141_S_1255,m06,m06,2007-09-18,MCI
141_S_0717,m12,m12,2007-09-21,CN
141_S_0852,m12,m12,2007-09-24,Dementia
126_S_0784,m12,m12,2007-10-02,Dementia
141_S_1244,m06,m06,2007-08-20,Dementia
057_S_0818,m12,m12,2007-09-26,CN
130_S_1201,m06,m06,2007-08-03,Dementia
130_S_0102,m18,m18,2007-07-13,MCI
130_S_1290,m06,m06,2007-09-10,Dementia
130_S_0289,m18,m18,2007-10-01,MCI
130_S_0423,m12,m12,2007-08-17,MCI
009_S_1334,m06,m06,2007-10-01,Dementia
009_S_1354,m06,m06,2007-10-01,Dementia
130_S_0449,m12,m12,2007-08-27,MCI
029_S_1384,m06,m06,2007-10-03,MCI
021_S_0276,m18,m18,2007-10-04,MCI
099_S_0291,m12,m12,2007-05-03,MCI
023_S_0916,m12,m12,2007-10-03,Dementia
057_S_0779,m12,m12,2007-09-18,CN
033_S_0724,m12,m12,2007-08-08,Dementia
082_S_1256,m06,m06,2007-10-04,CN
023_S_0887,m12,m12,2007-10-05,MCI
137_S_0158,m18,m18,2007-09-19,MCI
137_S_0800,m12,m12,2007-09-10,MCI
130_S_0285,m18,m18,2007-10-05,MCI
033_S_0889,m12,m12,2007-10-08,Dementia
109_S_1014,m06,m06,2007-08-07,CN
109_S_1114,m06,m06,2007-07-09,MCI
099_S_0352,m12,m12,2007-04-17,CN
041_S_1260,m06,m06,2007-10-05,MCI
041_S_0549,m12,m12,2007-08-16,MCI
126_S_0891,m12,m12,2007-10-04,Dementia
099_S_0534,m12,m12,2007-05-23,CN
099_S_1034,m06,m06,2007-05-03,MCI
099_S_1144,m06,m06,2007-08-24,Dementia
099_S_0880,m06,m06,2007-06-27,MCI
099_S_0051,m18,m18,2007-07-09,MCI
099_S_0054,m18,m18,2007-10-09,Dementia
099_S_0470,m12,m12,2007-05-25,Dementia
099_S_0551,m12,m12,2007-10-09,CN
099_S_0372,m12,m12,2007-05-24,Dementia
099_S_0533,m12,m12,2007-05-25,CN
099_S_0060,m18,m18,2007-10-09,MCI
057_S_0839,m12,m12,2007-10-03,MCI
041_S_1420,bl,bl,2007-10-10,MCI
029_S_1318,m06,m06,2007-10-10,MCI
021_S_0273,m18,m18,2007-10-10,MCI
033_S_0906,m12,m12,2007-10-10,MCI
130_S_0505,m12,m12,2007-10-10,MCI
057_S_1007,m06,m06,2007-05-09,MCI
023_S_0331,m18,m18,2007-10-11,MCI
022_S_0007,m24,m24,2007-10-11,Dementia
057_S_1217,m06,m06,2007-08-15,MCI
016_S_1326,m06,m06,2007-09-27,MCI
016_S_1117,m06,m06,2007-09-11,MCI
057_S_1265,m06,m06,2007-08-21,MCI
033_S_0923,m12,m12,2007-10-12,CN
057_S_1269,m06,m06,2007-08-15,MCI
098_S_0269,m18,m18,2007-10-05,Dementia
941_S_1363,m06,m06,2007-10-10,Dementia
033_S_0922,m12,m12,2007-10-12,Dementia
023_S_0963,m12,m12,2007-10-11,CN
033_S_0920,m12,m12,2007-10-10,CN
057_S_1379,m06,m06,2007-10-09,Dementia
057_S_1371,m06,m06,2007-10-09,Dementia
137_S_0796,m12,m12,2007-10-10,Dementia
027_S_0256,m18,m18,2007-10-09,Dementia
027_S_0835,m12,m12,2007-09-19,MCI
027_S_1387,m06,m06,2007-09-19,MCI
027_S_0179,m18,m18,2007-09-10,Dementia
133_S_0771,m12,m12,2007-10-11,MCI
052_S_0671,m12,m12,2007-07-04,MCI
136_S_0873,m12,m12,2007-10-15,MCI
130_S_0886,m12,m12,2007-10-12,CN
003_S_1057,m06,m06,2007-10-11,MCI
057_S_1373,m06,m06,2007-10-16,Dementia
100_S_0015,m24,m24,2007-10-16,CN
003_S_0908,m12,m12,2007-10-12,MCI
100_S_0296,m18,m18,2007-10-16,MCI
009_S_0842,m12,m12,2007-10-16,CN
009_S_0862,m12,m12,2007-10-16,CN
007_S_1339,m06,m06,2007-10-16,Dementia
127_S_0754,m12,m12,2007-10-16,Dementia
010_S_0422,m12,m12,2007-10-05,CN
024_S_1393,m06,m06,2007-10-18,MCI
141_S_0851,m12,m12,2007-10-16,MCI
131_S_1389,m06,m06,2007-10-18,MCI
029_S_0878,m12,m12,2007-10-18,MCI
005_S_0814,m12,m12,2007-10-19,Dementia
005_S_0324,m18,m18,2007-10-19,MCI
121_S_1350,m06,m06,2007-09-05,Dementia
012_S_1321,m06,m06,2007-10-22,MCI
094_S_0921,m12,m12,2007-10-23,MCI
094_S_0692,m12,m12,2007-10-23,CN
137_S_1426,bl,bl,2007-10-19,MCI
057_S_0934,m12,m12,2007-10-23,CN
128_S_0863,m12,m12,2007-10-22,CN
007_S_0249,m18,m18,2007-10-17,Dementia
007_S_0293,m18,m18,2007-10-23,MCI
007_S_0344,m18,m18,2007-10-23,Dementia
006_S_0681,m12,m12,2007-10-25,CN
094_S_1330,m06,m06,2007-10-24,MCI
023_S_0926,m12,m12,2007-10-24,CN
127_S_1382,m06,m06,2007-10-25,Dementia
024_S_0985,m12,m12,2007-10-25,CN
023_S_0376,m18,m18,2008-04-01,MCI
132_S_0987,m06,m06,2007-10-15,MCI
941_S_1195,m06,m06,2007-10-25,CN
029_S_0866,m12,m12,2007-10-04,CN
011_S_0241,m18,m18,2007-10-04,Dementia
011_S_0856,m12,m12,2007-09-25,Dementia
011_S_0362,m18,m18,2007-10-25,MCI
128_S_0225,m18,m18,2007-08-30,MCI
098_S_0896,m12,m12,2007-10-24,CN
011_S_0861,m12,m12,2007-10-02,MCI
023_S_0388,m18,m18,2007-10-31,Dementia
003_S_0907,m12,m12,2007-10-30,CN
012_S_0803,m12,m12,2007-11-02,Dementia
100_S_0035,m24,m24,2007-11-02,CN
129_S_0778,m12,m12,2007-09-11,CN
130_S_0956,m12,m12,2007-11-01,Dementia
130_S_0969,m12,m12,2007-11-02,CN
127_S_0844,m12,m12,2007-11-05,Dementia
041_S_1368,m06,m06,2007-11-01,Dementia
003_S_0981,m12,m12,2007-11-01,CN
012_S_1133,m06,m06,2007-11-05,CN
003_S_0931,m12,m12,2007-11-05,CN
094_S_0434,m18,m18,2007-11-07,Dementia
137_S_0825,m12,m12,2007-10-29,MCI
094_S_1314,m06,m06,2007-10-24,MCI
094_S_1293,m06,m06,2007-10-24,MCI
041_S_0314,m18,m18,2007-11-08,MCI
126_S_0865,m12,m12,2007-11-08,MCI
100_S_0930,m12,m12,2007-11-08,Dementia
022_S_0961,m12,m12,2007-11-08,MCI
100_S_0190,m18,m18,2007-11-08,Dementia
094_S_0711,m12,m12,2007-08-29,CN
100_S_1062,m12,m12,2007-11-08,Dementia
100_S_0892,m12,m12,2007-11-08,MCI
094_S_1267,m06,m06,2007-10-24,CN
023_S_1046,m12,m12,2007-11-06,MCI
128_S_0947,m12,m12,2007-10-29,MCI
128_S_0258,m18,m18,2007-10-26,MCI
011_S_0326,m18,m18,2007-10-29,MCI
011_S_0022,m24,m24,2007-10-22,MCI
011_S_0010,m24,m24,2007-11-07,Dementia
011_S_0021,m24,m24,2007-10-30,CN
013_S_0575,m12,m12,2007-09-27,CN
133_S_0912,m12,m12,2007-11-01,MCI
051_S_1040,m12,m12,2007-11-07,MCI
013_S_0240,m18,m18,2007-11-07,Dementia
013_S_1275,m06,m06,2007-10-18,MCI
021_S_0424,m18,m18,2007-11-14,MCI
035_S_0292,m18,m18,2007-11-14,MCI
072_S_1211,m06,m06,2007-09-06,MCI
005_S_0448,m18,m18,2007-11-15,MCI
023_S_0030,m24,m24,2007-11-13,Dementia
007_S_0041,m24,m24,2007-11-14,Dementia
116_S_0361,m18,m18,2007-11-15,MCI
057_S_0941,m12,m12,2007-10-30,Dementia
036_S_0945,m12,m12,2007-11-16,MCI
109_S_1343,m06,m06,2007-10-24,MCI
012_S_0932,m12,m12,2007-11-18,MCI
100_S_0006,m24,m24,2007-11-19,MCI
094_S_1402,m06,m06,2007-11-13,Dementia
141_S_0982,m12,m12,2007-11-13,Dementia
141_S_0810,m12,m12,2007-11-15,CN
023_S_0031,m24,m24,2007-11-20,CN
036_S_0869,m12,m12,2007-11-20,MCI
031_S_0351,m18,m18,2007-11-20,MCI
009_S_1030,m12,m12,2007-11-20,MCI
073_S_0909,m12,m12,2007-11-20,MCI
094_S_1397,m06,m06,2007-11-20,Dementia
094_S_1398,m06,m06,2007-11-20,Dementia
094_S_1027,m12,m12,2007-11-20,Dementia
136_S_0874,m12,m12,2007-11-21,MCI
024_S_1063,m12,m12,2007-11-21,CN
011_S_0023,m24,m24,2007-11-20,CN
133_S_1031,m12,m12,2007-11-15,MCI
033_S_0567,m18,m18,2007-11-26,Dementia
072_S_1380,m06,m06,2007-10-01,MCI
002_S_0938,m12,m12,2007-10-29,Dementia
141_S_1004,m12,m12,2007-11-16,Dementia
141_S_1024,m12,m12,2007-11-02,Dementia
002_S_0954,m12,m12,2007-10-19,Dementia
126_S_1077,m12,m12,2007-11-26,MCI
022_S_1366,m06,m06,2007-11-13,MCI
033_S_1016,m12,m12,2007-11-28,CN
033_S_0513,m18,m18,2007-11-28,MCI
033_S_0514,m18,m18,2007-11-28,MCI
141_S_1052,m12,m12,2007-11-28,MCI
002_S_0559,m12,m12,2007-07-20,CN
011_S_0053,m24,m24,2007-11-29,Dementia
029_S_0843,m12,m12,2007-11-15,CN
033_S_1098,m12,m12,2007-11-30,CN
033_S_1116,m12,m12,2007-11-30,MCI
033_S_0511,m18,m18,2007-11-30,MCI
036_S_1001,m12,m12,2007-11-30,Dementia
027_S_1045,m12,m12,2007-11-06,MCI
027_S_0485,m18,m18,2007-11-12,MCI
027_S_0307,m18,m18,2007-11-07,MCI
027_S_0408,m18,m18,2007-11-19,MCI
100_S_0995,m12,m12,2007-11-30,Dementia
051_S_1331,m06,m06,2007-11-26,MCI
082_S_1079,m06,m06,2007-06-21,Dementia
022_S_0544,m18,m18,2007-11-27,MCI
024_S_1400,m06,m06,2007-12-03,MCI
037_S_0377,m18,m18,2007-12-03,MCI
023_S_0042,m24,m24,2007-12-03,Dementia
127_S_0925,m12,m12,2007-12-04,MCI
116_S_0834,m12,m12,2007-12-04,Dementia
073_S_0518,m12,m12,2007-12-04,MCI
032_S_0978,m12,m12,2007-12-05,MCI
023_S_1126,m12,m12,2007-12-05,Dementia
033_S_1086,m12,m12,2007-12-05,CN
029_S_1073,m12,m12,2007-12-06,MCI
137_S_0481,m18,m18,2007-12-05,MCI
137_S_0972,m12,m12,2007-12-05,CN
022_S_1097,m12,m12,2007-12-07,MCI
002_S_1268,m06,m06,2007-09-27,MCI
128_S_1043,m12,m12,2007-12-06,MCI
082_S_0928,m06,m06,2007-06-18,MCI
013_S_0502,m12,m12,2007-11-07,CN
128_S_0227,m18,m18,2007-11-29,MCI
018_S_0450,m18,m18,2007-12-10,MCI
035_S_0033,m24,m24,2007-12-10,MCI
137_S_0994,m12,m12,2007-12-06,MCI
022_S_0014,m24,m24,2007-11-27,CN
014_S_0557,m18,m18,2007-12-11,MCI
057_S_1007,m12,m12,2007-10-30,MCI
041_S_0282,m18,m18,2007-12-11,MCI
023_S_0058,m24,m24,2007-12-11,CN
041_S_1010,m12,m12,2007-12-12,MCI
100_S_0047,m24,m24,2007-12-12,CN
035_S_0555,m12,m12,2007-12-11,CN
029_S_1038,m12,m12,2007-12-12,MCI
037_S_0552,m18,m18,2007-12-12,MCI
099_S_0051,m24,m24,2007-12-13,MCI
003_S_1059,m12,m12,2007-12-06,Dementia
051_S_1072,m12,m12,2007-12-12,MCI
029_S_1056,m12,m12,2007-12-13,Dementia
021_S_0984,m12,m12,2007-12-14,CN
027_S_1082,m12,m12,2007-12-13,Dementia
012_S_1033,m12,m12,2007-12-14,Dementia
022_S_1394,m06,m06,2007-12-14,MCI
022_S_0066,m24,m24,2007-12-14,CN
007_S_0068,m24,m24,2007-12-10,CN
005_S_0929,m12,m12,2007-12-14,Dementia
012_S_1009,m12,m12,2007-12-04,MCI
031_S_0568,m18,m18,2007-12-17,Dementia
136_S_0429,m18,m18,2007-12-18,MCI
052_S_0951,m12,m12,2007-12-18,CN
032_S_1101,m12,m12,2007-12-19,Dementia
137_S_1041,m12,m12,2007-12-13,Dementia
099_S_0880,m12,m12,2007-12-19,MCI
052_S_0989,m06,m06,2007-07-16,MCI
052_S_1168,m06,m06,2007-06-20,MCI
137_S_0973,m12,m12,2007-12-19,MCI
099_S_1034,m12,m12,2007-12-20,MCI
099_S_0291,m18,m18,2007-12-20,MCI
109_S_0950,m12,m12,2007-12-20,MCI
099_S_0551,m18,m18,2007-12-20,CN
127_S_0393,m18,m18,2007-12-20,MCI
035_S_0048,m24,m24,2007-12-20,CN
037_S_0501,m18,m18,2007-12-21,MCI
037_S_1078,m12,m12,2007-12-21,MCI
057_S_0464,m18,m18,2007-11-20,MCI
023_S_0061,m24,m24,2007-12-13,CN
023_S_0604,m18,m18,2007-12-11,Dementia
037_S_0588,m12,m12,2007-12-21,MCI
109_S_0967,m12,m12,2007-12-21,CN
099_S_0040,m24,m24,2007-12-24,CN
011_S_1080,m12,m12,2007-12-07,MCI
013_S_1035,m12,m12,2007-12-26,CN
094_S_1164,m12,m12,2007-12-18,Dementia
127_S_1032,m12,m12,2007-12-27,MCI
099_S_0054,m24,m24,2007-12-28,Dementia
027_S_0461,m18,m18,2008-01-02,Dementia
002_S_1018,m12,m12,2007-12-07,Dementia
133_S_1055,m12,m12,2008-01-02,Dementia
094_S_1090,m12,m12,2007-12-27,Dementia
036_S_1135,m12,m12,2008-01-07,MCI
123_S_0050,m24,m24,2007-12-13,Dementia
099_S_1144,m12,m12,2008-01-08,Dementia
123_S_1300,m06,m06,2007-10-02,MCI
041_S_0898,m12,m12,2008-01-08,CN
020_S_0883,m12,m12,2008-01-08,CN
012_S_0712,m12,m12,2008-01-07,Dementia
012_S_0689,m12,m12,2008-01-07,Dementia
032_S_0095,m24,m24,2008-01-09,CN
031_S_1066,m12,m12,2008-01-09,Dementia
020_S_0899,m12,m12,2008-01-09,CN
131_S_0384,m18,m18,2008-01-08,MCI
021_S_1109,m12,m12,2008-01-11,Dementia
052_S_1251,m06,m06,2008-01-10,CN
052_S_1250,m06,m06,2008-01-10,CN
027_S_0074,m24,m24,2008-01-09,CN
023_S_1190,m12,m12,2008-01-09,CN
023_S_0625,m18,m18,2008-01-09,Dementia
067_S_0290,m12,m12,2007-08-01,MCI
067_S_0257,m12,m12,2007-08-14,CN
067_S_0077,m18,m18,2007-08-30,Dementia
067_S_0607,m12,m12,2007-08-17,MCI
067_S_1185,m06,m06,2007-08-07,Dementia
067_S_1253,m06,m06,2007-09-13,Dementia
014_S_1095,m12,m12,2008-01-15,Dementia
006_S_0675,m12,m12,2008-01-15,MCI
100_S_0069,m24,m24,2008-01-16,CN
041_S_1002,m12,m12,2008-01-16,CN
029_S_1218,m12,m12,2008-01-16,MCI
005_S_0572,m18,m18,2008-01-16,Dementia
023_S_0081,m24,m24,2008-01-16,CN
052_S_0952,m12,m12,2008-01-09,MCI
052_S_1054,m06,m06,2007-08-01,MCI
036_S_0976,m12,m12,2008-01-15,MCI
137_S_0631,m18,m18,2008-01-09,Dementia
127_S_0394,m18,m18,2008-01-18,Dementia
062_S_1099,m12,m12,2007-12-21,CN
133_S_0913,m12,m12,2008-01-16,Dementia
141_S_1378,m06,m06,2007-10-19,MCI
136_S_0579,m18,m18,2008-01-21,MCI
016_S_1117,m12,m12,2007-12-11,MCI
016_S_0991,m12,m12,2007-12-13,Dementia
016_S_1121,m12,m12,2007-12-14,MCI
016_S_1028,m12,m12,2007-12-04,MCI
016_S_0702,m12,m12,2007-11-06,MCI
016_S_1092,m12,m12,2007-12-17,MCI
007_S_0414,m18,m18,2008-01-08,MCI
007_S_0101,m24,m24,2008-01-08,Dementia
130_S_0449,m18,m18,2008-01-18,MCI
128_S_1148,m12,m12,2008-01-16,MCI
130_S_0102,m24,m24,2008-01-18,MCI
024_S_1171,m12,m12,2008-01-23,Dementia
036_S_0656,m18,m18,2008-01-22,MCI
037_S_0539,m18,m18,2008-01-22,MCI
006_S_0731,m12,m12,2008-01-23,CN
141_S_0790,m12,m12,2007-12-13,Dementia
012_S_0634,m18,m18,2008-01-23,MCI
126_S_1187,m12,m12,2008-01-11,MCI
027_S_1213,m12,m12,2008-01-21,Dementia
123_S_0091,m24,m24,2008-01-14,Dementia
027_S_0644,m18,m18,2008-01-08,MCI
127_S_1140,m12,m12,2008-01-25,MCI
023_S_0084,m24,m24,2008-01-25,Dementia
041_S_0598,m18,m18,2008-01-28,MCI
128_S_1407,m06,m06,2008-01-28,MCI
035_S_0997,m12,m12,2008-01-25,MCI
094_S_1188,m12,m12,2008-01-17,CN
130_S_1201,m12,m12,2008-01-29,Dementia
014_S_0563,m18,m18,2008-01-29,MCI
032_S_1169,m12,m12,2008-01-30,CN
023_S_0093,m24,m24,2008-01-29,Dementia
023_S_1247,m12,m12,2008-01-29,Dementia
098_S_0667,m18,m18,2008-01-28,MCI
006_S_1130,m12,m12,2008-01-30,MCI
123_S_0094,m24,m24,2008-01-12,Dementia
127_S_0112,m24,m24,2008-01-31,CN
041_S_0679,m18,m18,2008-01-31,MCI
094_S_0531,m18,m18,2008-01-15,MCI
094_S_1102,m12,m12,2008-01-30,Dementia
068_S_1191,m06,m06,2008-02-01,CN
068_S_0872,m06,m06,2008-02-01,MCI
068_S_0802,m12,m12,2008-02-01,MCI
094_S_1417,m06,m06,2008-01-25,MCI
012_S_1212,m06,m06,2008-02-01,CN
133_S_1170,m12,m12,2008-02-01,Dementia
023_S_0083,m24,m24,2008-02-01,Dementia
010_S_0904,m12,m12,2007-12-20,MCI
010_S_0472,m12,m12,2007-11-16,CN
010_S_0067,m24,m24,2008-01-22,CN
010_S_0786,m12,m12,2007-10-24,Dementia
052_S_1346,m06,m06,2007-11-09,MCI
052_S_1054,m12,m12,2008-01-09,Dementia
082_S_1119,m12,m12,2008-02-04,MCI
029_S_0914,m12,m12,2008-01-31,MCI
005_S_0546,m18,m18,2008-02-05,MCI
128_S_1088,m12,m12,2008-02-04,MCI
130_S_0423,m18,m18,2008-02-01,Dementia
041_S_0125,m24,m24,2008-02-01,CN
126_S_0708,m18,m18,2008-01-23,MCI
137_S_0443,m18,m18,2008-02-04,CN
133_S_0629,m18,m18,2008-02-04,MCI
027_S_0118,m24,m24,2008-02-04,CN
027_S_1081,m12,m12,2008-02-05,Dementia
027_S_0120,m24,m24,2008-02-06,CN
018_S_0057,m24,m24,2008-02-08,Dementia
018_S_0080,m24,m24,2008-02-08,MCI
018_S_0406,m18,m18,2008-02-08,MCI
036_S_0673,m18,m18,2008-02-07,MCI
109_S_1014,m12,m12,2008-02-07,CN
109_S_1157,m12,m12,2008-01-15,Dementia
109_S_1114,m12,m12,2008-01-07,MCI
109_S_1183,m12,m12,2008-01-24,MCI
027_S_1254,m12,m12,2008-02-11,Dementia
051_S_1131,m12,m12,2008-01-23,MCI
013_S_0325,m18,m18,2008-01-28,Dementia
100_S_1286,m12,m12,2008-02-12,CN
130_S_1200,m12,m12,2008-02-12,CN
035_S_0156,m24,m24,2008-02-08,CN
114_S_0166,m24,m24,2008-02-11,CN
116_S_1232,m12,m12,2008-02-12,CN
098_S_0149,m24,m24,2008-02-11,Dementia
029_S_1215,m12,m12,2008-02-12,MCI
021_S_0626,m18,m18,2008-02-13,MCI
114_S_0378,m18,m18,2008-02-13,MCI
114_S_0173,m24,m24,2008-02-12,CN
099_S_0090,m24,m24,2008-02-14,CN
114_S_1103,m12,m12,2008-02-14,MCI
114_S_0979,m12,m12,2008-02-14,Dementia
114_S_0410,m18,m18,2008-02-14,MCI
114_S_1106,m12,m12,2008-02-14,MCI
114_S_1118,m12,m12,2008-02-14,MCI
100_S_1226,m12,m12,2008-02-14,Dementia
037_S_1225,m12,m12,2008-02-15,MCI
037_S_0566,m18,m18,2008-02-15,MCI
027_S_0116,m24,m24,2008-02-13,MCI
041_S_1412,m06,m06,2008-02-05,MCI
052_S_0671,m18,m18,2008-02-06,MCI
052_S_1250,m12,m12,2008-02-04,CN
022_S_0130,m24,m24,2008-02-15,CN
041_S_1418,m06,m06,2008-02-18,MCI
031_S_1209,m12,m12,2008-02-19,Dementia
041_S_1423,m06,m06,2008-02-15,MCI
126_S_1221,m12,m12,2008-02-07,Dementia
126_S_0709,m18,m18,2008-02-14,MCI
116_S_1249,m12,m12,2008-02-20,CN
116_S_0649,m18,m18,2008-02-20,MCI
003_S_1057,m12,m12,2008-02-08,MCI
022_S_0129,m24,m24,2008-02-19,Dementia
141_S_1137,m12,m12,2007-12-17,Dementia
073_S_0746,m12,m12,2008-01-28,MCI
033_S_1284,m12,m12,2008-02-25,MCI
136_S_0107,m24,m24,2008-02-26,MCI
116_S_0752,m18,m18,2008-02-26,Dementia
023_S_0217,m24,m24,2008-02-25,Dementia
098_S_0171,m24,m24,2008-02-21,CN
057_S_1269,m12,m12,2008-02-26,MCI
041_S_1425,m06,m06,2008-02-21,MCI
013_S_1120,m12,m12,2008-02-27,MCI
007_S_1222,m12,m12,2008-02-21,CN
073_S_0089,m24,m24,2008-02-06,CN
941_S_1202,m12,m12,2008-02-25,CN
033_S_1285,m12,m12,2008-02-25,Dementia
033_S_1283,m12,m12,2008-02-25,Dementia
130_S_0783,m18,m18,2008-02-25,MCI
123_S_0072,m24,m24,2008-01-24,CN
007_S_0128,m24,m24,2008-02-07,Dementia
007_S_1206,m12,m12,2008-02-21,CN
116_S_1243,m12,m12,2008-02-28,MCI
005_S_1224,m12,m12,2008-02-28,MCI
098_S_0160,m24,m24,2008-02-25,MCI
033_S_1279,m12,m12,2008-02-29,MCI
033_S_1281,m12,m12,2008-02-29,Dementia
127_S_1427,m06,m06,2008-02-27,MCI
036_S_1023,m12,m12,2008-02-28,CN
033_S_0723,m18,m18,2008-02-20,Dementia
033_S_0725,m18,m18,2008-02-20,Dementia
141_S_1231,m12,m12,2008-02-25,MCI
032_S_0187,m24,m24,2008-03-03,Dementia
062_S_1182,m12,m12,2008-03-03,MCI
041_S_1260,m12,m12,2008-02-28,MCI
024_S_1307,m12,m12,2008-03-03,Dementia
136_S_0186,m24,m24,2008-03-03,CN
014_S_0169,m24,m24,2008-03-04,MCI
037_S_1421,m06,m06,2008-02-29,MCI
037_S_0150,m24,m24,2008-02-29,MCI
018_S_0043,m24,m24,2008-03-04,CN
036_S_1240,m12,m12,2008-03-04,MCI
023_S_0126,m24,m24,2008-02-29,MCI
137_S_0669,m18,m18,2008-02-29,CN
130_S_1290,m12,m12,2008-02-29,Dementia
094_S_1293,m12,m12,2008-03-04,MCI
023_S_0139,m24,m24,2008-03-05,Dementia
012_S_1133,m12,m12,2008-03-05,CN
022_S_0096,m24,m24,2008-02-29,CN
021_S_0159,m24,m24,2008-03-05,CN
052_S_1352,m06,m06,2008-03-05,MCI
052_S_1168,m12,m12,2008-03-05,MCI
022_S_1351,m12,m12,2008-02-27,MCI
137_S_0722,m18,m18,2008-03-04,CN
128_S_1409,m06,m06,2008-02-20,Dementia
128_S_0188,m24,m24,2008-03-04,CN
128_S_1408,m06,m06,2008-02-06,MCI
128_S_0135,m24,m24,2008-02-29,MCI
136_S_1227,m12,m12,2008-03-06,MCI
128_S_0138,m24,m24,2008-03-04,CN
033_S_1309,m12,m12,2008-02-27,MCI
021_S_0141,m24,m24,2008-03-07,Dementia
010_S_0161,m24,m24,2008-02-29,Dementia
082_S_1256,m12,m12,2008-03-06,CN
137_S_1414,m06,m06,2008-02-26,MCI
094_S_1241,m12,m12,2008-03-04,MCI
128_S_0205,m24,m24,2008-03-06,CN
053_S_0389,m18,m18,2008-03-07,MCI
003_S_1074,m12,m12,2008-02-07,MCI
033_S_1308,m12,m12,2008-02-27,Dementia
027_S_1277,m12,m12,2008-03-05,MCI
022_S_0750,m18,m18,2008-03-07,Dementia
018_S_0142,m24,m24,2008-03-11,MCI
018_S_0155,m24,m24,2008-03-11,MCI
027_S_0179,m24,m24,2008-03-06,Dementia
036_S_0748,m18,m18,2008-03-07,MCI
029_S_0999,m12,m12,2008-03-11,Dementia
005_S_0222,m24,m24,2008-03-12,Dementia
013_S_1205,m12,m12,2008-03-12,Dementia
013_S_0860,m12,m12,2008-03-12,Dementia
013_S_1276,m06,m06,2007-12-26,CN
021_S_0276,m24,m24,2008-03-13,MCI
027_S_1387,m12,m12,2008-03-12,MCI
011_S_1282,m12,m12,2008-02-28,Dementia
127_S_1419,m06,m06,2008-03-14,MCI
013_S_1161,m12,m12,2008-02-18,Dementia
013_S_0996,m12,m12,2008-03-14,Dementia
130_S_0232,m24,m24,2008-03-11,CN
941_S_1194,m12,m12,2008-03-11,CN
136_S_0184,m24,m24,2008-03-18,CN
128_S_0225,m24,m24,2008-03-17,MCI
011_S_0856,m18,m18,2008-03-18,Dementia
116_S_1271,m12,m12,2008-03-18,MCI
013_S_1186,m12,m12,2008-03-19,MCI
137_S_0668,m18,m18,2008-03-11,CN
128_S_1242,m12,m12,2008-03-20,CN
053_S_0507,m18,m18,2008-03-20,Dementia
053_S_0621,m18,m18,2008-03-20,MCI
053_S_1044,m12,m12,2008-03-20,Dementia
128_S_1406,m06,m06,2008-01-03,MCI
128_S_0608,m18,m18,2007-12-19,MCI
128_S_0611,m18,m18,2007-12-11,MCI
021_S_0231,m24,m24,2008-03-21,Dementia
133_S_0792,m18,m18,2008-03-17,MCI
005_S_1341,m12,m12,2008-03-21,Dementia
005_S_0223,m24,m24,2008-03-21,MCI
021_S_0178,m24,m24,2008-03-24,MCI
137_S_0800,m18,m18,2008-03-21,MCI
012_S_1165,m12,m12,2008-03-20,MCI
027_S_1385,m12,m12,2008-03-19,Dementia
035_S_0204,m24,m24,2008-03-21,Dementia
007_S_0698,m18,m18,2008-03-19,MCI
053_S_0919,m12,m12,2008-01-15,MCI
023_S_0855,m18,m18,2008-03-21,Dementia
136_S_0195,m24,m24,2008-03-25,Dementia
062_S_1299,m12,m12,2008-03-20,MCI
057_S_1265,m12,m12,2008-03-18,MCI
057_S_1217,m12,m12,2008-03-18,Dementia
094_S_1330,m12,m12,2008-03-11,MCI
032_S_0718,m18,m18,2008-03-26,MCI
032_S_0214,m24,m24,2008-03-26,Dementia
133_S_0638,m18,m18,2008-03-06,Dementia
116_S_1315,m12,m12,2008-03-27,MCI
041_S_1411,m06,m06,2008-03-25,MCI
099_S_0291,m24,m24,2008-03-26,MCI
129_S_1246,m06,m06,2008-03-18,MCI
129_S_1204,m06,m06,2008-03-28,MCI
010_S_0422,m18,m18,2008-03-27,CN
012_S_1212,m12,m12,2008-03-30,CN
012_S_1321,m12,m12,2008-03-30,MCI
057_S_0839,m18,m18,2008-03-31,MCI
023_S_0887,m18,m18,2008-03-29,Dementia
094_S_1267,m12,m12,2008-03-28,CN
031_S_0294,m24,m24,2008-04-01,Dementia
031_S_0830,m18,m18,2008-04-01,MCI
027_S_0835,m18,m18,2008-04-01,MCI
023_S_0331,m24,m24,2008-04-01,MCI
031_S_0821,m18,m18,2008-04-02,MCI
941_S_1295,m12,m12,2008-03-31,MCI
012_S_1292,m12,m12,2008-04-02,Dementia
128_S_0200,m24,m24,2008-03-20,MCI
041_S_1420,m06,m06,2008-04-01,MCI
127_S_0259,m24,m24,2008-04-04,CN
130_S_0285,m24,m24,2008-03-24,MCI
021_S_0273,m24,m24,2008-04-07,MCI
100_S_1154,m12,m12,2008-04-02,Dementia
011_S_0861,m18,m18,2008-03-25,Dementia
123_S_0088,m24,m24,2008-03-19,Dementia
130_S_1337,m12,m12,2008-03-28,Dementia
007_S_0249,m24,m24,2008-03-31,Dementia
002_S_0782,m12,m12,2007-09-19,MCI
114_S_0374,m24,m24,2008-04-08,Dementia
114_S_0458,m18,m18,2008-04-08,MCI
035_S_0292,m24,m24,2008-04-04,MCI
032_S_0147,m24,m24,2008-04-09,Dementia
136_S_0695,m18,m18,2008-04-09,Dementia
123_S_0390,m18,m18,2007-11-20,MCI
130_S_0289,m24,m24,2008-04-09,Dementia
082_S_0832,m12,m12,2007-09-19,MCI
128_S_0216,m24,m24,2008-03-10,Dementia
027_S_0256,m24,m24,2008-04-07,Dementia
131_S_1301,m12,m12,2008-03-25,CN
136_S_0873,m18,m18,2008-04-10,Dementia
098_S_0172,m24,m24,2008-04-07,CN
041_S_1368,m12,m12,2008-04-07,Dementia
033_S_0906,m18,m18,2008-04-10,Dementia
033_S_0922,m18,m18,2008-04-09,Dementia
094_S_1314,m12,m12,2008-03-31,MCI
072_S_1211,m12,m12,2008-03-10,MCI
003_S_1122,m12,m12,2008-01-31,MCI
130_S_0505,m18,m18,2008-04-11,MCI
013_S_1275,m12,m12,2008-04-10,MCI
014_S_0658,m18,m18,2008-04-12,Dementia
031_S_0867,m18,m18,2008-04-15,MCI
133_S_0727,m18,m18,2008-03-11,Dementia
041_S_0262,m24,m24,2008-04-09,CN
023_S_1262,m12,m12,2008-04-15,Dementia
128_S_1430,m06,m06,2008-04-07,Dementia
128_S_0770,m18,m18,2008-04-09,MCI
072_S_1380,m12,m12,2008-04-09,MCI
051_S_1296,m12,m12,2008-03-12,Dementia
099_S_0352,m24,m24,2008-04-17,CN
002_S_1280,m12,m12,2008-04-04,CN
011_S_0183,m24,m24,2008-04-09,Dementia
141_S_0915,m12,m12,2007-11-07,MCI
011_S_0326,m24,m24,2008-04-04,MCI
005_S_0221,m24,m24,2008-04-17,Dementia
082_S_0304,m12,m12,2007-02-15,CN
141_S_1378,m12,m12,2008-04-11,MCI
141_S_0853,m12,m12,2007-09-17,Dementia
141_S_1152,m12,m12,2007-12-20,Dementia
003_S_0908,m18,m18,2008-04-18,MCI
082_S_0363,m24,m24,2008-04-21,CN
114_S_0416,m24,m24,2008-04-22,CN
098_S_0269,m24,m24,2008-04-18,Dementia
100_S_0296,m24,m24,2008-04-23,MCI
131_S_0384,m24,m24,2008-04-22,MCI
010_S_0829,m12,m12,2008-03-11,Dementia
024_S_1393,m12,m12,2008-04-24,MCI
029_S_1318,m12,m12,2008-04-24,MCI
131_S_0441,m24,m24,2008-04-24,CN
133_S_0771,m18,m18,2008-04-10,MCI
029_S_0878,m18,m18,2008-04-22,MCI
133_S_0912,m18,m18,2008-04-21,MCI
041_S_0314,m24,m24,2008-04-21,MCI
005_S_0324,m24,m24,2008-04-25,MCI
011_S_0362,m24,m24,2008-04-22,MCI
031_S_0321,m24,m24,2008-04-28,Dementia
022_S_0961,m18,m18,2008-04-25,MCI
041_S_0549,m18,m18,2008-03-24,Dementia
020_S_0097,m24,m24,2008-04-08,CN
141_S_1245,m12,m12,2008-04-23,CN
031_S_0351,m24,m24,2008-04-29,MCI
137_S_0158,m24,m24,2008-04-10,MCI
137_S_0283,m24,m24,2008-04-15,CN
136_S_0196,m24,m24,2008-04-28,CN
131_S_1389,m12,m12,2008-04-29,MCI
116_S_0834,m18,m18,2008-04-29,Dementia
100_S_0930,m18,m18,2008-04-29,Dementia
021_S_0343,m24,m24,2008-04-30,Dementia
023_S_0376,m24,m24,2008-04-28,MCI
023_S_0388,m24,m24,2008-04-28,Dementia
014_S_0328,m24,m24,2008-04-30,Dementia
027_S_0307,m24,m24,2008-04-29,MCI
035_S_0341,m24,m24,2008-04-29,Dementia
037_S_0303,m24,m24,2008-05-01,CN
011_S_0241,m24,m24,2008-04-08,Dementia
029_S_1073,m18,m18,2008-04-23,MCI
072_S_0315,m24,m24,2008-04-17,CN
127_S_1382,m12,m12,2008-05-02,Dementia
141_S_0915,m18,m18,2008-05-01,Dementia
057_S_0941,m18,m18,2008-04-23,Dementia
141_S_0726,m12,m12,2007-11-14,CN
027_S_0403,m24,m24,2008-05-05,CN
941_S_1311,m12,m12,2008-04-23,Dementia
136_S_0086,m24,m24,2008-05-05,CN
013_S_0240,m24,m24,2008-05-05,Dementia
013_S_1276,m12,m12,2008-05-06,CN
137_S_1426,m06,m06,2008-05-05,MCI
128_S_0227,m24,m24,2008-04-21,MCI
116_S_0370,m24,m24,2008-05-06,Dementia
128_S_0266,m24,m24,2008-04-14,Dementia
128_S_0272,m24,m24,2008-04-24,CN
051_S_1123,m12,m12,2008-02-18,CN
032_S_0400,m24,m24,2008-05-07,Dementia
032_S_0978,m18,m18,2008-05-07,MCI
099_S_0372,m24,m24,2008-04-28,Dementia
137_S_0301,m24,m24,2008-05-06,CN
007_S_1339,m12,m12,2008-05-01,Dementia
007_S_1304,m12,m12,2008-04-25,Dementia
036_S_0945,m18,m18,2008-05-09,MCI
036_S_0869,m18,m18,2008-05-08,MCI
029_S_1384,m12,m12,2008-05-08,MCI
141_S_1004,m18,m18,2008-05-09,Dementia
021_S_0337,m24,m24,2008-05-12,CN
007_S_0344,m24,m24,2008-05-01,Dementia
007_S_0293,m24,m24,2008-04-21,Dementia
027_S_0404,m24,m24,2008-05-12,Dementia
141_S_1255,m12,m12,2008-04-22,MCI
114_S_0378,m24,m24,2008-05-02,MCI
116_S_0361,m24,m24,2008-05-13,MCI
123_S_0113,m24,m24,2008-03-17,CN
021_S_0424,m24,m24,2008-05-14,MCI
123_S_1300,m12,m12,2008-03-26,MCI
128_S_0500,m24,m24,2008-05-12,CN
123_S_0108,m24,m24,2008-02-26,Dementia
123_S_0106,m24,m24,2008-02-06,CN
123_S_0162,m24,m24,2008-03-14,Dementia
141_S_0982,m18,m18,2008-05-14,Dementia
123_S_0390,m24,m24,2008-05-12,Dementia
123_S_0298,m24,m24,2008-05-07,CN
127_S_0260,m24,m24,2008-05-15,CN
133_S_0433,m24,m24,2008-05-09,CN
133_S_1031,m18,m18,2008-05-07,MCI
136_S_0300,m24,m24,2008-05-19,Dementia
022_S_0544,m24,m24,2008-05-14,MCI
136_S_0299,m24,m24,2008-05-12,Dementia
100_S_0190,m24,m24,2008-05-21,Dementia
100_S_0892,m18,m18,2008-05-21,MCI
100_S_0995,m18,m18,2008-05-21,Dementia
131_S_0123,m24,m24,2008-03-20,CN
012_S_0932,m18,m18,2008-05-22,MCI
003_S_1257,m12,m12,2008-05-15,Dementia
018_S_0369,m24,m24,2008-05-23,CN
018_S_0286,m24,m24,2008-05-23,Dementia
027_S_1045,m18,m18,2008-05-19,MCI
002_S_1268,m12,m12,2008-05-23,MCI
002_S_0816,m12,m12,2008-01-28,Dementia
027_S_0408,m24,m24,2008-05-21,MCI
116_S_0382,m24,m24,2008-05-27,CN
141_S_0697,m18,m18,2008-04-29,MCI
022_S_1394,m12,m12,2008-05-27,Dementia
037_S_0467,m24,m24,2008-05-27,CN
137_S_0459,m24,m24,2008-05-20,CN
126_S_0865,m18,m18,2008-05-28,MCI
127_S_0925,m18,m18,2008-05-29,MCI
033_S_1116,m18,m18,2008-05-28,MCI
132_S_0987,m12,m12,2008-05-08,Dementia
033_S_0513,m24,m24,2008-05-28,MCI
133_S_0493,m24,m24,2008-05-28,CN
023_S_1046,m18,m18,2008-05-30,MCI
036_S_0577,m24,m24,2008-05-29,Dementia
141_S_0851,m18,m18,2008-05-06,MCI
033_S_0567,m24,m24,2008-06-02,Dementia
941_S_1197,m12,m12,2008-05-21,CN
032_S_0479,m24,m24,2008-06-04,CN
141_S_1094,m12,m12,2008-01-19,CN
136_S_0874,m18,m18,2008-06-02,MCI
037_S_0327,m24,m24,2008-06-02,CN
136_S_0426,m24,m24,2008-06-03,Dementia
128_S_0947,m18,m18,2008-04-17,Dementia
128_S_0258,m24,m24,2008-05-08,Dementia
941_S_1203,m12,m12,2008-04-29,CN
094_S_0526,m24,m24,2008-06-03,CN
094_S_0434,m24,m24,2008-05-30,Dementia
014_S_0520,m24,m24,2008-06-05,CN
033_S_0516,m24,m24,2008-06-04,CN
014_S_0519,m24,m24,2008-06-05,CN
068_S_0476,m18,m18,2008-06-05,Dementia
068_S_1075,m12,m12,2008-06-05,MCI
020_S_1288,m12,m12,2008-05-20,CN
128_S_0230,m24,m24,2008-04-04,CN
128_S_0229,m24,m24,2008-04-04,CN
128_S_0310,m24,m24,2008-04-28,Dementia
128_S_0528,m24,m24,2008-05-22,Dementia
005_S_0448,m24,m24,2008-06-06,MCI
128_S_1043,m18,m18,2008-06-05,MCI
128_S_0522,m24,m24,2008-05-29,CN
137_S_0994,m18,m18,2008-06-03,MCI
116_S_0392,m24,m24,2008-06-09,Dementia
114_S_1103,m18,m18,2008-06-02,MCI
129_S_1246,m12,m12,2008-06-06,MCI
009_S_1030,m18,m18,2008-05-23,MCI
033_S_0511,m24,m24,2008-06-04,Dementia
068_S_0478,m18,m18,2008-06-05,MCI
022_S_0543,m24,m24,2008-06-11,Dementia
062_S_0578,m24,m24,2008-06-11,CN
082_S_0928,m12,m12,2007-06-11,MCI
114_S_1106,m18,m18,2008-06-09,MCI
114_S_1118,m18,m18,2008-06-11,MCI
022_S_1097,m18,m18,2008-06-13,MCI
033_S_0514,m24,m24,2008-06-11,MCI
128_S_0545,m24,m24,2008-06-09,CN
053_S_0389,m24,m24,2008-06-13,MCI
121_S_1322,m12,m12,2008-04-22,MCI
099_S_1034,m18,m18,2008-05-13,MCI
007_S_0316,m24,m24,2008-05-21,Dementia
031_S_1066,m18,m18,2008-06-16,Dementia
099_S_0470,m24,m24,2008-05-30,Dementia
133_S_0488,m24,m24,2008-06-11,CN
037_S_0454,m24,m24,2008-05-30,CN
062_S_0535,m24,m24,2008-06-17,Dementia
099_S_0533,m24,m24,2008-06-13,CN
031_S_0554,m24,m24,2008-06-17,Dementia
116_S_0487,m24,m24,2008-06-18,Dementia
068_S_0401,m18,m18,2008-06-05,MCI
141_S_1052,m18,m18,2008-06-17,MCI
109_S_1343,m12,m12,2008-04-10,MCI
136_S_0429,m24,m24,2008-06-17,MCI
011_S_1080,m18,m18,2008-06-13,MCI
023_S_1126,m18,m18,2008-06-18,Dementia
127_S_1032,m18,m18,2008-06-19,MCI
131_S_0457,m24,m24,2008-06-17,Dementia
068_S_0109,m24,m24,2008-06-05,Dementia
094_S_0921,m18,m18,2008-06-18,MCI
094_S_1397,m12,m12,2008-06-18,Dementia
094_S_1398,m12,m12,2008-06-18,Dementia
068_S_0127,m24,m24,2008-06-05,CN
068_S_0473,m24,m24,2008-06-05,CN
037_S_0588,m18,m18,2008-06-17,MCI
031_S_0568,m24,m24,2008-06-24,Dementia
126_S_1077,m18,m18,2008-06-23,Dementia
036_S_0576,m24,m24,2008-03-20,CN
027_S_0644,m24,m24,2008-06-24,MCI
018_S_0450,m24,m24,2008-06-27,MCI
099_S_0551,m24,m24,2008-06-27,CN
099_S_0534,m24,m24,2008-06-27,CN
037_S_0377,m24,m24,2008-06-25,MCI
014_S_0548,m24,m24,2008-06-29,CN
037_S_0552,m24,m24,2008-06-30,MCI
016_S_1326,m12,m12,2008-03-27,MCI
016_S_0702,m18,m18,2008-02-25,MCI
109_S_0950,m18,m18,2008-06-25,MCI
018_S_0425,m24,m24,2008-07-01,CN
005_S_0610,m24,m24,2008-07-02,CN
037_S_0501,m24,m24,2008-07-01,MCI
126_S_0605,m24,m24,2008-06-25,CN
114_S_0601,m24,m24,2008-06-25,CN
041_S_1010,m18,m18,2008-06-25,MCI
057_S_0464,m24,m24,2008-07-07,MCI
126_S_0680,m24,m24,2008-07-08,CN
014_S_0558,m24,m24,2008-07-08,CN
051_S_1331,m12,m12,2008-07-08,Dementia
127_S_0622,m24,m24,2008-07-08,CN
127_S_0431,m24,m24,2008-07-08,Dementia
127_S_0394,m24,m24,2008-07-08,Dementia
012_S_0634,m24,m24,2008-07-10,MCI
037_S_0539,m24,m24,2008-07-09,Dementia
021_S_1109,m24,m24,2008-07-11,Dementia
109_S_1114,m18,m18,2008-07-11,MCI
127_S_1140,m18,m18,2008-07-11,MCI
002_S_1261,m12,m12,2008-06-14,CN
002_S_0954,m18,m18,2008-06-20,Dementia
006_S_1130,m18,m18,2008-07-15,Dementia
007_S_0414,m24,m24,2008-06-09,MCI
057_S_0643,m24,m24,2008-07-16,CN
003_S_1122,m18,m18,2008-07-03,MCI
010_S_0419,m24,m24,2008-06-20,CN
029_S_0914,m18,m18,2008-07-18,MCI
029_S_1038,m18,m18,2008-07-01,MCI
036_S_0976,m18,m18,2008-07-17,MCI
131_S_0497,m24,m24,2008-07-17,Dementia
018_S_0335,m24,m24,2008-07-22,Dementia
018_S_0406,m24,m24,2008-07-22,MCI
014_S_0557,m24,m24,2008-07-22,MCI
014_S_0563,m24,m24,2008-07-22,MCI
109_S_1183,m18,m18,2008-07-23,MCI
036_S_1135,m18,m18,2008-07-23,MCI
133_S_0525,m24,m24,2008-07-17,CN
002_S_1155,m12,m12,2008-01-20,MCI
126_S_0708,m24,m24,2008-07-15,Dementia
012_S_1175,m18,m18,2008-07-28,MCI
137_S_0366,m24,m24,2008-07-01,Dementia
126_S_0606,m24,m24,2008-07-24,Dementia
013_S_0325,m24,m24,2008-07-29,Dementia
062_S_0690,m24,m24,2008-07-30,Dementia
023_S_0604,m24,m24,2008-07-30,Dementia
057_S_1373,m12,m12,2008-04-11,Dementia
027_S_1213,m18,m18,2008-07-28,Dementia
057_S_1379,m12,m12,2008-04-08,Dementia
068_S_0210,m24,m24,2008-07-31,CN
068_S_0872,m12,m12,2008-07-31,MCI
068_S_0802,m18,m18,2008-07-31,MCI
057_S_1371,m12,m12,2008-04-08,Dementia
035_S_0997,m18,m18,2008-07-31,Dementia
057_S_0474,m24,m24,2008-04-23,Dementia
057_S_1007,m18,m18,2008-04-22,MCI
012_S_0689,m24,m24,2008-08-01,Dementia
023_S_0625,m24,m24,2008-08-01,Dementia
012_S_0637,m24,m24,2008-08-04,CN
005_S_0572,m24,m24,2008-08-04,Dementia
005_S_0602,m24,m24,2008-08-04,CN
005_S_0553,m24,m24,2008-08-04,CN
128_S_1408,m12,m12,2008-07-30,MCI
014_S_0658,m24,m24,2008-08-05,Dementia
098_S_0667,m24,m24,2008-07-21,Dementia
128_S_1406,m12,m12,2008-07-31,MCI
036_S_0656,m24,m24,2008-08-05,MCI
041_S_0598,m24,m24,2008-07-30,MCI
094_S_1188,m18,m18,2008-08-05,CN
094_S_1402,m12,m12,2008-06-18,Dementia
033_S_0723,m24,m24,2008-08-06,Dementia
094_S_1417,m12,m12,2008-08-05,MCI
133_S_0913,m18,m18,2008-08-01,Dementia
041_S_1418,m12,m12,2008-07-28,MCI
002_S_0729,m18,m18,2008-03-20,Dementia
041_S_0679,m24,m24,2008-08-05,MCI
037_S_0566,m24,m24,2008-08-08,MCI
016_S_1138,m12,m12,2008-01-29,MCI
016_S_1028,m18,m18,2008-05-29,MCI
037_S_0627,m24,m24,2008-08-11,Dementia
012_S_1165,m18,m18,2008-08-11,MCI
010_S_0904,m18,m18,2008-06-27,MCI
100_S_1226,m18,m18,2008-08-06,Dementia
029_S_1215,m18,m18,2008-08-12,MCI
127_S_0684,m24,m24,2008-08-13,CN
002_S_1070,m12,m12,2008-08-12,MCI
023_S_1247,m18,m18,2008-08-13,Dementia
029_S_1218,m18,m18,2008-08-14,MCI
062_S_0768,m24,m24,2008-08-12,CN
062_S_0730,m24,m24,2008-07-29,Dementia
013_S_1186,m18,m18,2008-08-14,MCI
033_S_0725,m24,m24,2008-08-13,Dementia
033_S_0733,m24,m24,2008-08-08,Dementia
033_S_0734,m24,m24,2008-08-08,CN
094_S_0711,m24,m24,2008-08-18,CN
033_S_0741,m24,m24,2008-08-08,CN
005_S_0546,m24,m24,2008-08-18,MCI
126_S_1187,m18,m18,2008-08-19,MCI
116_S_0649,m24,m24,2008-08-19,Dementia
116_S_0648,m24,m24,2008-08-19,CN
136_S_0579,m24,m24,2008-08-18,MCI
073_S_0386,m24,m24,2008-06-17,CN
003_S_1074,m18,m18,2008-08-19,MCI
021_S_0647,m24,m24,2008-08-21,CN
073_S_0909,m18,m18,2008-07-17,MCI
116_S_1243,m18,m18,2008-08-21,MCI
002_S_0782,m18,m18,2008-06-24,MCI
137_S_0481,m24,m24,2008-08-10,MCI
137_S_0973,m18,m18,2008-08-10,MCI
137_S_0631,m24,m24,2008-08-10,Dementia
002_S_0559,m24,m24,2008-08-25,CN
002_S_0413,m24,m24,2008-07-31,CN
033_S_0739,m24,m24,2008-08-25,MCI
033_S_1284,m18,m18,2008-08-18,MCI
126_S_0709,m24,m24,2008-08-25,MCI
032_S_0677,m24,m24,2008-08-27,CN
062_S_1182,m18,m18,2008-08-22,MCI
037_S_1078,m18,m18,2008-08-22,MCI
021_S_0626,m24,m24,2008-08-27,MCI
036_S_0748,m24,m24,2008-08-27,MCI
053_S_0621,m24,m24,2008-08-28,MCI
053_S_0919,m18,m18,2008-07-08,MCI
011_S_0002,m36,m36,2008-08-27,CN
036_S_0673,m24,m24,2008-08-29,MCI
036_S_0672,m24,m24,2008-08-29,CN
116_S_0752,m24,m24,2008-08-27,Dementia
036_S_1240,m18,m18,2008-08-29,MCI
941_S_1295,m18,m18,2008-08-20,Dementia
137_S_0669,m24,m24,2008-09-02,CN
033_S_1309,m18,m18,2008-08-27,MCI
033_S_0724,m24,m24,2008-09-03,Dementia
033_S_1279,m18,m18,2008-09-03,MCI
137_S_0668,m24,m24,2008-09-05,MCI
002_S_0295,m24,m24,2008-08-04,CN
137_S_1414,m12,m12,2008-09-05,MCI
002_S_1155,m18,m18,2008-08-21,MCI
002_S_0685,m24,m24,2008-08-22,CN
137_S_0686,m24,m24,2008-09-02,CN
021_S_0231,m36,m36,2008-09-04,Dementia
016_S_1138,m18,m18,2008-08-11,MCI
016_S_0538,m24,m24,2008-08-12,CN
016_S_1092,m18,m18,2008-06-30,CN
016_S_0702,m24,m24,2008-08-21,Dementia
127_S_1419,m12,m12,2008-09-11,MCI
127_S_1427,m12,m12,2008-09-11,Dementia
051_S_1131,m18,m18,2008-07-24,MCI
051_S_1072,m18,m18,2008-07-10,MCI
036_S_0759,m24,m24,2008-09-10,Dementia
016_S_0769,m18,m18,2008-03-03,MCI
116_S_0657,m24,m24,2008-09-16,CN
128_S_0188,m36,m36,2009-12-10,MCI
006_S_0547,m24,m24,2008-09-17,Dementia
027_S_0835,m24,m24,2008-09-17,Dementia
011_S_0008,m36,m36,2008-09-09,CN
029_S_0824,m24,m24,2008-09-18,CN
018_S_0682,m24,m24,2008-09-18,Dementia
018_S_0633,m24,m24,2008-09-18,Dementia
133_S_0638,m24,m24,2008-09-03,Dementia
082_S_1119,m18,m18,2008-09-04,MCI
027_S_1387,m18,m18,2008-09-19,Dementia
005_S_1224,m18,m18,2008-09-19,MCI
082_S_1079,m12,m12,2008-01-09,Dementia
041_S_1412,m12,m12,2008-07-28,Dementia
041_S_1423,m12,m12,2008-08-13,Dementia
133_S_0792,m24,m24,2008-09-17,MCI
041_S_1425,m12,m12,2008-08-25,MCI
022_S_1351,m18,m18,2008-09-19,MCI
002_S_1070,m18,m18,2008-09-22,Dementia
029_S_0845,m24,m24,2008-09-23,CN
062_S_1299,m18,m18,2008-09-16,Dementia
116_S_1315,m18,m18,2008-09-23,MCI
116_S_1271,m18,m18,2008-09-23,MCI
073_S_0746,m18,m18,2008-07-30,MCI
067_S_0176,m24,m24,2008-09-18,MCI
037_S_1421,m12,m12,2008-09-24,MCI
022_S_0750,m24,m24,2008-08-29,Dementia
136_S_0695,m24,m24,2008-09-25,Dementia
037_S_1225,m18,m18,2008-09-16,Dementia
005_S_0814,m24,m24,2008-09-26,Dementia
067_S_0077,m24,m24,2008-09-25,Dementia
067_S_0290,m24,m24,2008-09-25,MCI
067_S_1253,m12,m12,2008-09-29,Dementia
067_S_0029,m24,m24,2008-09-29,Dementia
067_S_0177,m24,m24,2008-09-29,CN
052_S_0989,m18,m18,2008-09-29,MCI
137_S_0800,m24,m24,2008-09-25,MCI
129_S_0778,m24,m24,2008-09-12,CN
052_S_1168,m18,m18,2008-09-29,MCI
052_S_1346,m12,m12,2008-09-29,MCI
052_S_1352,m12,m12,2008-09-29,MCI
052_S_1251,m12,m12,2008-04-03,CN
136_S_1227,m18,m18,2008-09-30,MCI
127_S_0754,m24,m24,2008-10-01,Dementia
041_S_1260,m18,m18,2008-09-24,MCI
023_S_0916,m24,m24,2008-10-01,Dementia
067_S_0336,m24,m24,2008-09-20,Dementia
130_S_0783,m24,m24,2008-08-29,MCI
130_S_0449,m24,m24,2008-10-02,MCI
011_S_0005,m36,m36,2008-09-10,CN
002_S_0729,m24,m24,2008-08-28,Dementia
011_S_0856,m24,m24,2008-10-01,Dementia
072_S_1211,m18,m18,2008-09-05,MCI
094_S_1293,m18,m18,2008-10-03,MCI
094_S_0692,m24,m24,2008-10-03,CN
012_S_0803,m24,m24,2008-10-03,Dementia
053_S_0507,m24,m24,2008-10-03,Dementia
094_S_1314,m18,m18,2008-10-07,MCI
031_S_0618,m24,m24,2008-06-26,CN
126_S_0891,m24,m24,2008-10-07,Dementia
033_S_0922,m24,m24,2008-10-08,Dementia
141_S_0717,m24,m24,2008-09-19,CN
941_S_1311,m18,m18,2008-10-08,Dementia
141_S_0767,m24,m24,2008-09-24,CN
129_S_1246,m18,m18,2008-10-01,MCI
094_S_1330,m18,m18,2008-10-08,MCI
029_S_0866,m24,m24,2008-10-09,CN
021_S_0753,m24,m24,2008-10-07,Dementia
023_S_0887,m24,m24,2008-10-11,Dementia
012_S_1292,m18,m18,2008-10-13,Dementia
031_S_0830,m24,m24,2008-10-15,MCI
031_S_0867,m24,m24,2008-10-15,MCI
036_S_0813,m24,m24,2008-10-07,CN
036_S_0760,m24,m24,2008-10-07,Dementia
126_S_0784,m24,m24,2008-10-15,Dementia
052_S_0952,m18,m18,2008-09-29,Dementia
033_S_0906,m24,m24,2008-10-08,Dementia
033_S_0889,m24,m24,2008-10-09,Dementia
033_S_0923,m24,m24,2008-10-10,CN
052_S_1054,m18,m18,2008-10-20,Dementia
033_S_0920,m24,m24,2008-10-10,CN
006_S_0498,m24,m24,2008-10-21,CN
006_S_0681,m24,m24,2008-10-21,CN
027_S_0850,m24,m24,2008-10-16,Dementia
007_S_0698,m24,m24,2008-08-28,MCI
010_S_0422,m24,m24,2008-09-26,CN
010_S_0420,m24,m24,2008-09-18,CN
023_S_0926,m24,m24,2008-10-22,CN
002_S_0782,m24,m24,2008-10-23,MCI
012_S_0932,m24,m24,2008-10-24,MCI
082_S_0832,m18,m18,2008-04-14,MCI
011_S_0016,m36,m36,2008-10-17,CN
011_S_0861,m24,m24,2008-10-07,Dementia
011_S_0021,m36,m36,2008-10-22,CN
136_S_0873,m24,m24,2008-10-28,Dementia
024_S_1393,m18,m18,2008-10-29,Dementia
100_S_0747,m24,m24,2008-10-29,Dementia
100_S_0015,m36,m36,2008-10-29,CN
002_S_0938,m24,m24,2008-10-30,Dementia
029_S_0878,m24,m24,2008-10-30,Dementia
067_S_0257,m24,m24,2008-10-30,CN
067_S_0076,m24,m24,2008-10-30,Dementia
002_S_1268,m18,m18,2008-10-31,MCI
002_S_0619,m24,m24,2008-11-04,Dementia
013_S_1120,m18,m18,2008-09-17,MCI
067_S_0098,m24,m24,2008-06-11,MCI
067_S_0607,m18,m18,2008-05-02,MCI
130_S_0956,m24,m24,2008-11-03,Dementia
100_S_0892,m24,m24,2008-10-30,Dementia
022_S_0014,m36,m36,2008-11-05,CN
131_S_1389,m18,m18,2008-10-30,Dementia
057_S_1007,m24,m24,2008-11-05,Dementia
024_S_0985,m24,m24,2008-11-06,CN
003_S_0908,m24,m24,2008-10-23,MCI
133_S_0912,m24,m24,2008-11-06,MCI
941_S_1295,m36,m36,2008-11-06,Dementia
100_S_0930,m24,m24,2008-11-13,Dementia
007_S_0041,m36,m36,2008-11-13,Dementia
098_S_0896,m24,m24,2008-11-13,CN
036_S_0869,m24,m24,2008-11-17,Dementia
067_S_0812,m24,m24,2008-11-14,Dementia
126_S_0865,m24,m24,2008-11-18,MCI
027_S_1045,m24,m24,2008-11-18,MCI
116_S_0834,m24,m24,2008-11-18,Dementia
127_S_0844,m24,m24,2008-11-19,Dementia
127_S_0925,m24,m24,2008-11-19,MCI
009_S_0842,m24,m24,2008-10-30,CN
009_S_0862,m24,m24,2008-10-24,CN
022_S_0961,m24,m24,2008-11-14,MCI
036_S_1001,m24,m24,2008-11-19,Dementia
100_S_0035,m36,m36,2008-11-24,CN
009_S_0751,m24,m24,2008-10-24,CN
012_S_1321,m18,m18,2008-11-24,MCI
036_S_0945,m24,m24,2008-11-21,MCI
023_S_0963,m24,m24,2008-11-24,CN
002_S_0954,m24,m24,2008-11-25,Dementia
011_S_0023,m36,m36,2008-11-25,CN
023_S_0030,m36,m36,2008-11-26,Dementia
022_S_0004,m36,m36,2008-11-18,MCI
114_S_0979,m24,m24,2008-11-25,Dementia
023_S_0031,m36,m36,2008-12-02,CN
109_S_0950,m24,m24,2008-10-04,MCI
027_S_1082,m24,m24,2008-12-03,Dementia
024_S_1063,m24,m24,2008-12-05,MCI
099_S_1034,m24,m24,2008-12-05,MCI
023_S_0042,m36,m36,2008-12-06,Dementia
073_S_0518,m18,m18,2008-06-16,MCI
023_S_0058,m36,m36,2008-12-09,CN
033_S_1016,m24,m24,2008-12-03,CN
062_S_0793,m24,m24,2008-12-09,Dementia
033_S_1116,m24,m24,2008-12-05,MCI
010_S_0472,m24,m24,2008-12-01,CN
126_S_1077,m24,m24,2008-12-11,Dementia
029_S_1073,m24,m24,2008-12-11,MCI
003_S_0981,m24,m24,2008-11-12,CN
003_S_0907,m24,m24,2008-10-30,CN
003_S_0931,m24,m24,2008-11-06,CN
016_S_0359,m24,m24,2008-06-19,CN
133_S_1031,m24,m24,2008-11-20,MCI
013_S_0575,m24,m24,2008-12-03,CN
099_S_0054,m36,m36,2008-12-12,Dementia
114_S_1106,m24,m24,2008-12-08,MCI
006_S_0675,m24,m24,2008-12-15,Dementia
099_S_0051,m36,m36,2008-12-12,MCI
024_S_1393,m48,m48,2014-01-23,Dementia
100_S_0006,m36,m36,2008-12-15,MCI
100_S_1062,m24,m24,2008-12-15,Dementia
033_S_1086,m24,m24,2008-12-03,CN
002_S_1070,m24,m24,2008-12-15,Dementia
109_S_0967,m24,m24,2008-12-09,CN
051_S_1331,m18,m18,2008-12-10,Dementia
100_S_0047,m36,m36,2008-12-16,CN
033_S_1098,m24,m24,2008-12-05,CN
067_S_0056,m36,m36,2008-12-16,CN
067_S_0059,m36,m36,2008-12-16,CN
011_S_1080,m24,m24,2008-12-05,MCI
041_S_0898,m24,m24,2008-12-16,CN
114_S_1118,m24,m24,2008-12-17,MCI
073_S_0565,m24,m24,2008-08-15,Dementia
073_S_0311,m24,m24,2008-08-15,CN
137_S_0443,m24,m24,2008-12-19,CN
137_S_1041,m24,m24,2008-12-19,Dementia
023_S_0061,m36,m36,2008-12-20,CN
073_S_0312,m24,m24,2008-08-15,CN
021_S_0984,m24,m24,2008-12-22,CN
073_S_0909,m24,m24,2008-12-08,MCI
032_S_0718,m24,m24,2008-12-23,MCI
032_S_0978,m24,m24,2008-12-23,Dementia
020_S_0899,m24,m24,2008-12-10,CN
029_S_1056,m24,m24,2008-12-11,Dementia
016_S_1117,m18,m18,2008-06-20,MCI
016_S_1028,m24,m24,2008-12-03,MCI
016_S_1117,m24,m24,2008-12-08,MCI
007_S_0068,m36,m36,2008-12-02,CN
127_S_1032,m24,m24,2008-12-23,MCI
002_S_1018,m24,m24,2009-01-02,Dementia
016_S_1326,m18,m18,2008-10-06,Dementia
031_S_1066,m24,m24,2009-01-06,Dementia
029_S_1318,m18,m18,2009-01-08,MCI
029_S_0999,m24,m24,2009-01-09,Dementia
067_S_0019,m36,m36,2008-12-15,CN
010_S_0786,m24,m24,2008-11-03,Dementia
136_S_0874,m24,m24,2009-01-12,Dementia
007_S_0101,m36,m36,2009-01-08,Dementia
029_S_0914,m24,m24,2009-01-13,MCI
003_S_1059,m24,m24,2008-12-23,Dementia
041_S_1010,m24,m24,2009-01-12,Dementia
029_S_0843,m24,m24,2009-01-15,MCI
023_S_1190,m24,m24,2009-01-15,CN
127_S_1140,m24,m24,2009-01-16,MCI
099_S_0040,m36,m36,2009-01-16,CN
022_S_1097,m24,m24,2008-12-09,MCI
027_S_0074,m36,m36,2009-01-15,CN
003_S_1122,m24,m24,2009-01-09,MCI
041_S_1002,m24,m24,2009-01-21,CN
137_S_0994,m24,m24,2008-12-02,MCI
100_S_0069,m36,m36,2009-01-21,CN
132_S_0987,m18,m18,2008-10-15,Dementia
036_S_1023,m24,m24,2009-01-15,CN
036_S_1135,m24,m24,2009-01-21,Dementia
023_S_1046,m24,m24,2009-01-22,MCI
109_S_1114,m24,m24,2009-01-23,MCI
029_S_1215,m24,m24,2009-01-23,MCI
109_S_1183,m24,m24,2009-01-07,MCI
022_S_1394,m18,m18,2009-01-22,Dementia
012_S_1009,m24,m24,2009-01-27,CN
018_S_0055,m36,m36,2008-10-13,CN
032_S_1169,m24,m24,2009-01-28,CN
099_S_0090,m36,m36,2009-01-28,CN
036_S_0976,m24,m24,2009-01-28,MCI
006_S_0731,m24,m24,2009-01-30,CN
126_S_1221,m24,m24,2009-02-02,Dementia
126_S_1187,m24,m24,2009-02-05,MCI
131_S_0123,m36,m36,2009-02-05,CN
027_S_1213,m24,m24,2009-02-03,Dementia
027_S_1081,m24,m24,2009-02-04,Dementia
099_S_1144,m24,m24,2009-01-30,Dementia
002_S_1261,m24,m24,2009-02-09,CN
022_S_0066,m36,m36,2009-02-06,CN
041_S_0125,m36,m36,2009-02-09,CN
116_S_1232,m24,m24,2009-02-10,CN
023_S_1126,m24,m24,2009-02-06,Dementia
018_S_0080,m36,m36,2009-01-30,MCI
023_S_0081,m36,m36,2009-02-11,CN
941_S_1194,m24,m24,2009-02-10,CN
022_S_0096,m36,m36,2009-02-10,CN
027_S_0118,m36,m36,2009-02-09,CN
016_S_0769,m24,m24,2008-09-12,Dementia
100_S_0995,m24,m24,2009-02-13,Dementia
024_S_1171,m24,m24,2009-02-13,Dementia
051_S_1131,m24,m24,2009-02-11,MCI
027_S_1254,m24,m24,2009-02-10,Dementia
006_S_1130,m24,m24,2009-02-16,Dementia
013_S_0575,m36,m36,2014-01-14,CN
016_S_1121,m24,m24,2008-12-15,Dementia
016_S_1092,m24,m24,2009-01-05,CN
007_S_1206,m24,m24,2009-02-12,CN
057_S_1265,m18,m18,2008-08-13,MCI
057_S_1269,m18,m18,2008-08-13,MCI
057_S_1269,m24,m24,2009-02-18,MCI
053_S_0919,m24,m24,2009-02-17,MCI
053_S_1044,m24,m24,2009-02-18,Dementia
007_S_1222,m24,m24,2009-02-19,CN
057_S_1217,m18,m18,2008-08-13,Dementia
137_S_0972,m24,m24,2009-01-02,CN
137_S_0973,m24,m24,2009-01-02,MCI
116_S_1249,m24,m24,2009-02-20,CN
067_S_0110,m24,m24,2009-01-20,Dementia
041_S_1425,m18,m18,2009-02-17,MCI
002_S_1280,m24,m24,2009-02-23,CN
137_S_1426,m12,m12,2008-11-11,MCI
027_S_0120,m36,m36,2009-02-23,CN
128_S_0167,m24,m24,2009-02-13,MCI
003_S_1057,m36,m36,2010-11-29,Dementia
941_S_1195,m24,m24,2009-02-24,CN
941_S_1197,m24,m24,2009-02-24,CN
941_S_1203,m24,m24,2009-02-24,CN
941_S_1202,m24,m24,2009-02-24,MCI
010_S_0829,m24,m24,2009-02-24,Dementia
022_S_0130,m36,m36,2009-02-12,CN
007_S_0128,m36,m36,2009-02-26,Dementia
067_S_0077,m36,m36,2009-01-29,Dementia
010_S_0904,m24,m24,2009-01-29,Dementia
027_S_0116,m36,m36,2009-02-26,MCI
041_S_1418,m18,m18,2009-02-24,MCI
012_S_1175,m24,m24,2009-03-02,MCI
012_S_1165,m24,m24,2009-03-02,MCI
137_S_0796,m24,m24,2009-02-26,Dementia
023_S_0126,m36,m36,2009-03-03,Dementia
098_S_0171,m36,m36,2009-02-23,CN
032_S_0214,m36,m36,2009-03-04,Dementia
051_S_1123,m24,m24,2009-02-18,CN
127_S_1419,m18,m18,2009-03-04,MCI
127_S_0112,m36,m36,2009-03-04,CN
129_S_1246,m24,m24,2009-03-04,MCI
033_S_1283,m24,m24,2009-02-23,Dementia
062_S_1182,m24,m24,2009-03-04,MCI
067_S_0607,m24,m24,2008-11-19,MCI
137_S_0722,m24,m24,2009-03-03,CN
029_S_1218,m24,m24,2009-03-03,MCI
033_S_1284,m24,m24,2009-02-23,MCI
024_S_1307,m24,m24,2009-03-06,Dementia
005_S_1224,m24,m24,2009-03-04,MCI
011_S_1282,m24,m24,2009-02-24,Dementia
018_S_0043,m36,m36,2009-02-13,CN
018_S_0142,m36,m36,2009-02-27,MCI
114_S_1103,m24,m24,2009-02-12,MCI
036_S_1240,m24,m24,2009-03-05,Dementia
023_S_0217,m36,m36,2009-03-06,Dementia
128_S_0135,m36,m36,2009-03-05,MCI
041_S_1260,m24,m24,2009-03-09,MCI
128_S_0608,m24,m24,2008-08-25,MCI
073_S_0518,m24,m24,2008-12-08,Dementia
123_S_0050,m36,m36,2008-11-18,Dementia
123_S_0072,m36,m36,2008-02-11,CN
116_S_1243,m24,m24,2009-03-10,Dementia
114_S_0173,m36,m36,2009-03-02,CN
033_S_1281,m24,m24,2009-02-25,Dementia
051_S_1296,m24,m24,2009-03-10,Dementia
131_S_1301,m24,m24,2009-03-10,CN
123_S_0108,m36,m36,2009-03-10,Dementia
114_S_0166,m36,m36,2009-03-06,CN
035_S_0997,m24,m24,2009-01-26,Dementia
073_S_0746,m24,m24,2009-03-11,MCI
073_S_0089,m36,m36,2009-03-11,CN
037_S_0588,m24,m24,2009-03-06,MCI
010_S_0161,m36,m36,2009-03-10,Dementia
027_S_0179,m36,m36,2009-03-10,Dementia
027_S_1387,m24,m24,2009-03-11,Dementia
023_S_1247,m24,m24,2009-03-12,Dementia
033_S_1279,m24,m24,2009-02-27,MCI
007_S_0249,m36,m36,2009-03-12,Dementia
031_S_1209,m24,m24,2009-03-16,Dementia
023_S_1262,m24,m24,2009-03-13,Dementia
100_S_1226,m24,m24,2009-02-24,Dementia
123_S_0106,m36,m36,2009-01-20,CN
033_S_1285,m24,m24,2009-02-23,Dementia
033_S_1308,m24,m24,2009-02-25,Dementia
123_S_0113,m36,m36,2009-03-11,CN
021_S_0141,m36,m36,2009-03-16,Dementia
100_S_1286,m24,m24,2009-03-16,CN
123_S_1300,m18,m18,2008-10-08,MCI
027_S_1385,m24,m24,2009-03-12,Dementia
067_S_1253,m24,m24,2009-03-16,Dementia
041_S_1368,m24,m24,2009-03-17,Dementia
003_S_1074,m24,m24,2009-02-26,MCI
021_S_0178,m36,m36,2009-03-18,MCI
033_S_1309,m24,m24,2009-03-04,MCI
136_S_0184,m36,m36,2009-03-18,CN
021_S_0159,m36,m36,2009-03-19,CN
133_S_1170,m24,m24,2009-03-16,Dementia
023_S_0084,m36,m36,2009-03-19,Dementia
068_S_0872,m18,m18,2009-03-20,MCI
068_S_0476,m24,m24,2009-03-20,Dementia
068_S_0478,m24,m24,2009-03-20,MCI
068_S_0401,m24,m24,2009-03-20,MCI
005_S_0223,m36,m36,2009-03-20,Dementia
013_S_0996,m24,m24,2009-03-18,Dementia
013_S_1035,m24,m24,2009-03-17,CN
116_S_1271,m24,m24,2009-03-23,Dementia
013_S_0502,m24,m24,2009-03-17,CN
136_S_1227,m24,m24,2009-03-24,MCI
002_S_1155,m24,m24,2009-03-24,MCI
002_S_1268,m24,m24,2009-03-24,MCI
098_S_0160,m36,m36,2009-03-18,MCI
094_S_0921,m24,m24,2009-03-24,MCI
062_S_1299,m24,m24,2009-03-12,Dementia
003_S_1057,m24,m24,2009-03-05,Dementia
137_S_1414,m18,m18,2009-03-23,MCI
022_S_1351,m24,m24,2009-03-20,MCI
098_S_0172,m36,m36,2009-03-23,CN
127_S_0259,m36,m36,2009-03-31,CN
127_S_1427,m18,m18,2009-03-31,Dementia
012_S_1133,m24,m24,2009-03-30,CN
012_S_1212,m24,m24,2009-03-30,CN
941_S_1311,m24,m24,2009-03-30,Dementia
011_S_0241,m36,m36,2009-03-31,Dementia
011_S_0326,m36,m36,2009-03-30,Dementia
067_S_0098,m36,m36,2009-04-02,Dementia
013_S_1120,m24,m24,2009-03-25,MCI
130_S_0102,m36,m36,2009-01-12,MCI
116_S_1315,m24,m24,2009-04-07,MCI
007_S_1304,m24,m24,2009-03-26,Dementia
020_S_1288,m24,m24,2009-03-19,CN
018_S_0155,m36,m36,2009-03-20,Dementia
021_S_0273,m36,m36,2009-04-08,MCI
021_S_0276,m36,m36,2009-04-08,MCI
012_S_1321,m24,m24,2009-04-08,MCI
023_S_0139,m36,m36,2009-04-10,Dementia
099_S_0291,m36,m36,2009-04-10,MCI
027_S_0256,m36,m36,2009-04-01,Dementia
052_S_1352,m18,m18,2008-10-20,MCI
052_S_0951,m24,m24,2008-11-12,CN
052_S_1054,m24,m24,2008-12-05,Dementia
052_S_0952,m24,m24,2009-01-28,Dementia
133_S_1055,m24,m24,2009-04-14,Dementia
133_S_0727,m24,m24,2009-04-14,Dementia
023_S_0331,m36,m36,2009-04-13,Dementia
137_S_0158,m36,m36,2009-04-10,MCI
031_S_0294,m36,m36,2009-04-15,Dementia
023_S_0388,m36,m36,2009-04-15,Dementia
020_S_0097,m36,m36,2009-04-14,CN
131_S_0384,m36,m36,2009-04-16,CN
141_S_1255,m18,m18,2008-10-06,MCI
037_S_1078,m24,m24,2009-04-17,MCI
136_S_0195,m36,m36,2009-04-20,Dementia
098_S_0269,m36,m36,2009-04-06,Dementia
027_S_0307,m36,m36,2009-04-17,MCI
133_S_0771,m24,m24,2008-10-06,MCI
041_S_0314,m36,m36,2009-04-20,Dementia
041_S_0262,m36,m36,2009-04-22,CN
072_S_1380,m18,m18,2008-10-17,MCI
052_S_1346,m18,m18,2008-11-04,MCI
011_S_0362,m36,m36,2009-04-07,Dementia
141_S_1255,m24,m24,2009-04-10,MCI
021_S_0337,m36,m36,2009-04-29,CN
136_S_0186,m36,m36,2009-04-28,CN
137_S_0283,m36,m36,2009-04-29,CN
099_S_0352,m36,m36,2009-04-30,CN
029_S_1384,m18,m18,2008-10-28,MCI
037_S_0150,m36,m36,2009-05-01,MCI
023_S_0376,m36,m36,2009-05-04,MCI
002_S_0413,m36,m36,2009-05-05,CN
130_S_0285,m36,m36,2009-05-06,MCI
029_S_1318,m24,m24,2009-04-22,MCI
007_S_0293,m36,m36,2009-04-07,Dementia
024_S_1393,m24,m24,2009-05-08,Dementia
136_S_0196,m36,m36,2009-05-11,CN
100_S_0296,m36,m36,2009-05-12,MCI
035_S_0555,m24,m24,2009-05-05,CN
127_S_0260,m36,m36,2009-05-13,CN
035_S_0033,m36,m36,2009-01-12,MCI
035_S_0048,m36,m36,2009-01-23,CN
131_S_0441,m36,m36,2009-05-14,CN
035_S_0292,m36,m36,2009-04-10,MCI
014_S_0169,m36,m36,2009-02-24,MCI
031_S_0351,m36,m36,2009-05-19,MCI
052_S_0989,m24,m24,2009-05-15,MCI
052_S_0671,m24,m24,2009-05-15,MCI
052_S_1250,m24,m24,2009-05-15,CN
052_S_1251,m24,m24,2009-05-15,CN
137_S_0459,m36,m36,2009-05-10,CN
116_S_0361,m36,m36,2009-05-19,MCI
027_S_0403,m36,m36,2009-05-07,CN
005_S_1341,m24,m24,2009-04-27,Dementia
021_S_0424,m36,m36,2009-05-21,MCI
018_S_0057,m36,m36,2009-04-03,Dementia
007_S_1339,m24,m24,2009-05-19,Dementia
067_S_0290,m36,m36,2009-05-06,MCI
067_S_0176,m36,m36,2009-05-04,MCI
002_S_0295,m36,m36,2009-05-26,CN
131_S_1389,m24,m24,2009-05-27,Dementia
127_S_1382,m24,m24,2009-04-23,Dementia
037_S_1421,m18,m18,2009-05-20,MCI
073_S_0386,m36,m36,2009-05-20,CN
052_S_1168,m24,m24,2009-05-15,CN
052_S_1346,m24,m24,2009-05-15,MCI
029_S_1384,m24,m24,2009-05-27,MCI
094_S_1164,m24,m24,2009-06-02,Dementia
014_S_1095,m24,m24,2009-02-24,Dementia
133_S_0488,m36,m36,2009-06-03,CN
094_S_1402,m24,m24,2009-06-05,Dementia
094_S_1330,m24,m24,2009-06-05,MCI
094_S_1398,m18,m18,2009-05-06,Dementia
136_S_0086,m36,m36,2009-06-03,CN
133_S_0433,m36,m36,2009-06-08,CN
027_S_0408,m36,m36,2009-06-03,MCI
035_S_0204,m36,m36,2009-03-06,Dementia
137_S_0301,m36,m36,2009-05-29,CN
033_S_0513,m36,m36,2009-06-03,Dementia
005_S_0324,m36,m36,2009-06-15,MCI
116_S_0382,m36,m36,2009-06-15,CN
033_S_0516,m36,m36,2009-06-12,CN
126_S_0605,m36,m36,2009-06-17,CN
033_S_0567,m36,m36,2009-06-15,Dementia
033_S_0514,m36,m36,2009-06-12,MCI
067_S_0336,m36,m36,2009-06-15,Dementia
014_S_0557,m36,m36,2009-05-27,MCI
094_S_1417,m18,m18,2009-06-22,MCI
014_S_0548,m36,m36,2009-06-23,MCI
014_S_0520,m36,m36,2009-06-23,CN
014_S_0519,m36,m36,2009-06-23,CN
130_S_0289,m36,m36,2009-05-08,Dementia
137_S_0481,m36,m36,2009-06-18,MCI
136_S_0107,m36,m36,2009-06-08,MCI
010_S_0419,m36,m36,2009-06-23,CN
035_S_0156,m36,m36,2009-06-26,CN
094_S_1314,m24,m24,2009-06-29,MCI
007_S_0344,m36,m36,2009-06-01,Dementia
127_S_0622,m36,m36,2009-07-03,CN
127_S_0394,m36,m36,2009-07-03,Dementia
114_S_0601,m36,m36,2009-06-22,CN
037_S_0303,m36,m36,2009-07-02,CN
022_S_1394,m24,m24,2009-06-15,Dementia
037_S_0454,m36,m36,2009-06-25,CN
130_S_0449,m36,m36,2009-07-07,MCI
133_S_0525,m36,m36,2009-06-24,CN
099_S_0534,m36,m36,2009-07-09,CN
051_S_1331,m24,m24,2009-07-09,Dementia
002_S_0559,m36,m36,2009-07-09,CN
013_S_1275,m18,m18,2009-07-01,MCI
013_S_1186,m24,m24,2009-07-01,MCI
023_S_0604,m36,m36,2009-07-10,Dementia
130_S_0232,m36,m36,2009-03-26,MCI
136_S_0429,m36,m36,2009-07-13,MCI
005_S_0448,m36,m36,2009-07-13,MCI
005_S_0553,m36,m36,2009-07-13,CN
032_S_0479,m36,m36,2009-07-15,CN
014_S_0558,m36,m36,2009-07-07,CN
018_S_0369,m36,m36,2009-06-10,CN
018_S_0406,m36,m36,2009-07-08,Dementia
027_S_0644,m36,m36,2009-07-17,MCI
018_S_0450,m36,m36,2009-07-01,Dementia
114_S_0378,m36,m36,2009-04-28,MCI
099_S_0533,m36,m36,2009-07-21,CN
099_S_0551,m36,m36,2009-07-22,CN
005_S_0572,m36,m36,2009-07-22,Dementia
109_S_1014,m24,m24,2009-01-29,CN
109_S_1157,m24,m24,2009-01-24,Dementia
109_S_1343,m18,m18,2008-10-24,MCI
126_S_0708,m36,m36,2009-07-27,Dementia
036_S_0656,m36,m36,2009-07-23,MCI
031_S_0618,m36,m36,2009-06-30,CN
002_S_0685,m36,m36,2009-07-28,CN
126_S_0680,m36,m36,2009-07-30,CN
098_S_0667,m36,m36,2009-07-22,Dementia
032_S_0677,m36,m36,2009-07-30,CN
141_S_0851,m24,m24,2008-10-17,MCI
041_S_0679,m36,m36,2009-07-27,MCI
141_S_1024,m24,m24,2008-10-17,Dementia
012_S_0634,m36,m36,2009-08-01,MCI
141_S_1004,m24,m24,2008-11-14,Dementia
141_S_0982,m24,m24,2009-01-08,Dementia
114_S_0416,m36,m36,2009-07-30,CN
141_S_0852,m24,m24,2009-01-08,Dementia
116_S_0648,m36,m36,2009-08-06,CN
016_S_0991,m24,m24,2009-04-22,Dementia
141_S_0726,m24,m24,2008-11-21,CN
016_S_0359,m36,m36,2009-06-18,CN
021_S_0626,m36,m36,2009-08-14,MCI
128_S_0611,m24,m24,2008-09-08,MCI
127_S_0684,m36,m36,2009-08-17,CN
127_S_1419,m24,m24,2009-08-17,MCI
041_S_1418,m24,m24,2009-08-11,MCI
137_S_0631,m36,m36,2009-07-26,Dementia
126_S_0709,m36,m36,2009-08-17,MCI
002_S_0729,m36,m36,2009-08-19,Dementia
067_S_0257,m36,m36,2009-08-12,CN
094_S_1188,m24,m24,2009-08-14,CN
016_S_0538,m36,m36,2009-08-17,CN
067_S_0607,m36,m36,2009-08-13,MCI
041_S_1425,m24,m24,2009-08-19,MCI
116_S_0649,m36,m36,2009-08-25,Dementia
130_S_1290,m24,m24,2009-07-17,Dementia
036_S_0672,m36,m36,2009-08-19,CN
014_S_0563,m36,m36,2009-07-21,Dementia
130_S_0969,m24,m24,2009-08-25,CN
130_S_0886,m24,m24,2009-08-25,CN
130_S_0505,m24,m24,2009-08-25,MCI
036_S_0673,m36,m36,2009-08-19,MCI
033_S_0741,m36,m36,2009-08-26,CN
033_S_0734,m36,m36,2009-08-05,CN
033_S_0723,m36,m36,2009-08-05,Dementia
094_S_0711,m36,m36,2009-09-02,CN
057_S_0779,m24,m24,2008-09-17,MCI
037_S_0327,m36,m36,2009-08-19,CN
010_S_0420,m36,m36,2009-08-25,CN
116_S_0752,m36,m36,2009-09-08,Dementia
027_S_0835,m36,m36,2009-09-03,Dementia
128_S_0227,m36,m36,2009-09-08,Dementia
123_S_0298,m36,m36,2009-04-17,CN
002_S_0782,m36,m36,2009-09-10,MCI
137_S_0668,m36,m36,2009-09-09,MCI
137_S_0686,m36,m36,2009-09-09,CN
005_S_0610,m36,m36,2009-09-11,CN
005_S_0546,m36,m36,2009-09-11,MCI
005_S_0602,m36,m36,2009-09-11,CN
057_S_0464,m36,m36,2009-06-24,MCI
137_S_0669,m36,m36,2009-09-04,CN
137_S_1414,m24,m24,2009-09-04,MCI
137_S_0443,m36,m36,2009-09-04,CN
129_S_0778,m36,m36,2009-09-10,CN
057_S_0643,m36,m36,2009-07-22,CN
032_S_0718,m36,m36,2009-09-16,MCI
012_S_0637,m36,m36,2009-09-16,CN
057_S_0779,m36,m36,2009-09-02,MCI
057_S_0818,m24,m24,2008-09-24,CN
027_S_0850,m36,m36,2009-09-16,Dementia
057_S_1379,m24,m24,2009-04-09,Dementia
057_S_1373,m24,m24,2009-04-08,Dementia
057_S_1371,m24,m24,2009-04-09,Dementia
057_S_0934,m24,m24,2008-10-21,CN
057_S_1217,m24,m24,2009-02-11,Dementia
057_S_1265,m24,m24,2009-02-18,MCI
057_S_0839,m24,m24,2008-10-15,Dementia
010_S_0422,m36,m36,2009-08-27,CN
116_S_0657,m36,m36,2009-09-23,CN
007_S_0698,m36,m36,2009-09-08,MCI
136_S_0695,m36,m36,2009-09-23,Dementia
137_S_0722,m36,m36,2009-09-26,CN
016_S_0702,m36,m36,2009-08-31,MCI
011_S_0861,m36,m36,2009-10-09,Dementia
011_S_0008,m48,m48,2009-10-13,CN
098_S_0896,m36,m36,2009-10-14,CN
023_S_0625,m36,m36,2009-10-21,Dementia
029_S_0866,m36,m36,2009-10-22,CN
023_S_0031,m48,m48,2009-10-23,CN
023_S_0887,m36,m36,2009-10-23,Dementia
133_S_0771,m36,m36,2009-10-22,MCI
128_S_0229,m36,m36,2009-09-16,CN
128_S_0272,m36,m36,2009-07-15,CN
128_S_0545,m36,m36,2009-07-15,CN
032_S_0978,m36,m36,2009-10-28,Dementia
009_S_0751,m36,m36,2009-08-25,CN
023_S_0963,m36,m36,2009-10-29,CN
128_S_0205,m36,m36,2009-10-16,CN
100_S_0892,m36,m36,2009-10-29,Dementia
029_S_0845,m36,m36,2009-09-30,CN
024_S_0985,m36,m36,2009-10-30,CN
033_S_0920,m36,m36,2009-10-14,CN
033_S_0922,m36,m36,2009-10-16,Dementia
023_S_0926,m36,m36,2009-10-30,CN
036_S_0813,m36,m36,2009-10-09,CN
033_S_0923,m36,m36,2009-10-16,CN
033_S_0906,m36,m36,2009-10-02,Dementia
031_S_0830,m36,m36,2009-11-04,MCI
031_S_0867,m36,m36,2009-11-04,MCI
128_S_1408,m24,m24,2009-10-30,CN
128_S_1148,m24,m24,2009-09-02,Dementia
014_S_0658,m36,m36,2009-08-04,Dementia
037_S_0377,m36,m36,2009-09-04,MCI
033_S_0514,m48,m48,2010-06-09,Dementia
023_S_1046,m36,m36,2009-11-06,MCI
014_S_0169,m48,m48,2010-02-04,MCI
029_S_0824,m36,m36,2009-10-01,CN
116_S_0834,m36,m36,2009-11-10,Dementia
136_S_0873,m36,m36,2009-10-28,Dementia
099_S_1034,m36,m36,2009-11-04,MCI
128_S_0200,m36,m36,2009-10-02,MCI
003_S_0931,m36,m36,2009-11-12,CN
128_S_0608,m36,m36,2009-10-15,MCI
123_S_1300,m24,m24,2009-03-26,MCI
072_S_0315,m36,m36,2009-05-12,CN
127_S_0925,m36,m36,2009-11-17,MCI
127_S_1427,m24,m24,2009-11-17,Dementia
126_S_0865,m36,m36,2009-11-19,Dementia
041_S_0898,m36,m36,2009-11-20,Dementia
037_S_0501,m36,m36,2009-11-18,MCI
037_S_0539,m36,m36,2009-11-11,Dementia
029_S_0843,m36,m36,2009-11-19,MCI
053_S_0389,m36,m36,2009-11-23,MCI
053_S_0621,m36,m36,2009-11-23,MCI
027_S_1045,m36,m36,2009-11-19,MCI
036_S_0945,m36,m36,2009-11-18,MCI
036_S_0869,m36,m36,2009-11-11,Dementia
053_S_0919,m36,m36,2009-11-26,MCI
053_S_0507,m36,m36,2009-11-23,Dementia
022_S_0961,m36,m36,2009-10-30,MCI
029_S_0878,m36,m36,2009-11-19,Dementia
137_S_0994,m36,m36,2009-12-04,MCI
100_S_1286,m36,m36,2009-12-08,CN
022_S_1097,m36,m36,2009-12-02,MCI
033_S_1098,m36,m36,2009-12-02,CN
033_S_1016,m36,m36,2009-12-02,CN
009_S_0842,m36,m36,2009-10-09,CN
020_S_0883,m36,m36,2009-11-13,MCI
020_S_0899,m36,m36,2009-11-19,MCI
126_S_1077,m36,m36,2009-12-10,Dementia
031_S_1066,m36,m36,2009-12-07,Dementia
024_S_1063,m36,m36,2009-12-14,MCI
100_S_0995,m36,m36,2009-12-08,Dementia
003_S_0981,m36,m36,2009-11-11,CN
011_S_1080,m36,m36,2009-12-11,MCI
041_S_1010,m36,m36,2009-12-18,Dementia
002_S_1070,m36,m36,2009-12-18,Dementia
127_S_1032,m36,m36,2009-12-21,MCI
021_S_0984,m36,m36,2009-12-22,CN
141_S_0697,m24,m24,2008-11-28,MCI
037_S_0566,m36,m36,2009-12-18,Dementia
027_S_1082,m36,m36,2009-12-02,Dementia
094_S_0526,m36,m36,2009-09-30,CN
128_S_1407,m24,m24,2009-08-27,MCI
029_S_1073,m36,m36,2009-12-17,Dementia
128_S_1043,m36,m36,2009-12-11,Dementia
029_S_0914,m36,m36,2010-01-07,MCI
011_S_0023,m48,m48,2010-01-06,CN
027_S_0074,m48,m48,2010-01-07,CN
002_S_1155,m36,m36,2010-01-12,MCI
032_S_1169,m36,m36,2010-01-13,CN
036_S_1023,m36,m36,2010-01-07,CN
012_S_1133,m36,m36,2010-03-13,CN
130_S_0886,m36,m36,2010-01-19,CN
136_S_0874,m36,m36,2010-01-19,Dementia
029_S_1218,m36,m36,2010-01-20,MCI
035_S_0997,m36,m36,2010-01-14,Dementia
094_S_1241,m24,m24,2009-09-30,CN
041_S_1002,m36,m36,2010-01-13,CN
073_S_0909,m36,m36,2009-12-15,Dementia
073_S_0518,m36,m36,2009-12-15,Dementia
130_S_0969,m36,m36,2010-01-21,CN
128_S_0611,m36,m36,2009-10-08,Dementia
128_S_0522,m36,m36,2009-10-01,CN
130_S_0505,m36,m36,2010-01-28,MCI
016_S_1092,m36,m36,2009-12-15,CN
016_S_1138,m36,m36,2010-01-13,Dementia
128_S_1406,m24,m24,2009-06-24,MCI
016_S_1121,m36,m36,2009-12-16,Dementia
114_S_1106,m36,m36,2010-01-04,MCI
114_S_1118,m36,m36,2010-01-11,MCI
007_S_0068,m48,m48,2010-01-20,CN
131_S_0123,m48,m48,2010-02-04,CN
007_S_0101,m48,m48,2010-02-04,Dementia
035_S_0555,m36,m36,2010-01-29,CN
036_S_0976,m36,m36,2010-02-04,Dementia
127_S_0112,m48,m48,2010-02-09,CN
127_S_1140,m36,m36,2010-02-09,MCI
068_S_0127,m36,m36,2010-02-09,CN
133_S_0792,m36,m36,2009-10-08,MCI
068_S_0473,m36,m36,2010-02-09,CN
068_S_0802,m24,m24,2010-02-09,MCI
068_S_0872,m24,m24,2010-02-09,MCI
068_S_1075,m18,m18,2010-02-09,MCI
116_S_1249,m36,m36,2010-02-09,CN
033_S_1281,m36,m36,2010-02-10,Dementia
094_S_1267,m24,m24,2010-01-27,CN
094_S_1293,m24,m24,2010-01-27,MCI
094_S_0921,m36,m36,2010-01-26,MCI
012_S_1212,m36,m36,2010-02-13,CN
094_S_0434,m36,m36,2010-01-26,Dementia
003_S_0907,m36,m36,2009-10-27,CN
116_S_1232,m36,m36,2010-02-16,CN
133_S_0493,m36,m36,2009-11-23,CN
003_S_1122,m36,m36,2010-01-28,MCI
027_S_1081,m36,m36,2010-02-11,Dementia
082_S_1256,m24,m24,2009-03-25,CN
126_S_1187,m36,m36,2010-02-18,MCI
027_S_0118,m48,m48,2010-02-15,CN
022_S_0096,m48,m48,2010-02-12,CN
082_S_1377,m12,m12,2008-03-27,Dementia
082_S_0363,m36,m36,2009-06-25,CN
023_S_1190,m36,m36,2010-02-19,CN
098_S_0160,m48,m48,2010-02-18,MCI
109_S_0950,m36,m36,2009-12-16,MCI
109_S_1157,m36,m36,2010-01-11,Dementia
109_S_1183,m36,m36,2010-01-12,MCI
033_S_1284,m36,m36,2010-02-15,MCI
035_S_0204,m48,m48,2010-02-05,Dementia
128_S_1409,m24,m24,2009-03-09,Dementia
009_S_1030,m36,m36,2009-11-12,MCI
128_S_1088,m36,m36,2009-12-10,MCI
073_S_0746,m36,m36,2010-02-23,MCI
021_S_0141,m48,m48,2010-02-25,Dementia
002_S_1280,m36,m36,2010-02-25,CN
002_S_1261,m36,m36,2010-02-25,CN
007_S_1222,m36,m36,2010-02-18,CN
007_S_1206,m36,m36,2010-02-16,CN
007_S_0041,m48,m48,2010-01-14,Dementia
007_S_0128,m48,m48,2010-02-24,Dementia
011_S_1282,m36,m36,2010-02-24,Dementia
062_S_1182,m36,m36,2010-02-25,MCI
051_S_1296,m36,m36,2010-02-22,Dementia
023_S_0061,m48,m48,2010-02-27,CN
094_S_1241,m36,m36,2010-03-01,CN
094_S_1188,m36,m36,2010-02-24,CN
131_S_1301,m36,m36,2010-03-02,CN
082_S_1256,m36,m36,2010-03-03,CN
035_S_0156,m48,m48,2010-02-22,CN
129_S_1246,m36,m36,2010-03-02,MCI
941_S_1195,m36,m36,2010-03-04,CN
023_S_0126,m48,m48,2010-03-04,Dementia
072_S_1211,m24,m24,2009-03-02,MCI
041_S_0125,m48,m48,2010-03-02,CN
098_S_0171,m48,m48,2010-03-08,CN
116_S_1243,m36,m36,2010-03-09,Dementia
002_S_1268,m36,m36,2010-03-09,MCI
137_S_0972,m36,m36,2010-03-07,CN
137_S_0973,m36,m36,2010-03-07,Dementia
137_S_0800,m36,m36,2010-02-26,MCI
023_S_0217,m48,m48,2010-03-12,Dementia
062_S_1299,m36,m36,2010-03-09,Dementia
021_S_0159,m48,m48,2010-03-16,CN
116_S_1271,m36,m36,2010-03-16,Dementia
033_S_1116,m36,m36,2009-12-08,Dementia
023_S_0081,m48,m48,2010-03-11,CN
011_S_0241,m48,m48,2010-03-18,Dementia
027_S_0120,m48,m48,2010-02-24,CN
023_S_0042,m48,m48,2010-03-18,Dementia
023_S_0058,m48,m48,2010-03-21,CN
023_S_0139,m48,m48,2010-03-19,Dementia
021_S_0178,m48,m48,2010-03-18,MCI
003_S_0908,m36,m36,2009-10-20,MCI
136_S_1227,m36,m36,2010-03-22,MCI
023_S_0084,m48,m48,2010-03-25,Dementia
021_S_0276,m48,m48,2010-03-31,MCI
016_S_1326,m24,m24,2009-04-01,Dementia
023_S_0388,m48,m48,2010-04-02,Dementia
010_S_0161,m48,m48,2010-04-06,Dementia
100_S_1226,m36,m36,2010-04-06,Dementia
072_S_1380,m24,m24,2009-05-29,MCI
116_S_1315,m36,m36,2010-04-07,Dementia
098_S_0172,m48,m48,2010-04-06,CN
023_S_1262,m36,m36,2010-04-10,Dementia
041_S_1368,m36,m36,2010-04-06,Dementia
098_S_0269,m48,m48,2010-04-12,Dementia
022_S_1351,m36,m36,2010-03-19,Dementia
037_S_0467,m48,m48,2010-03-08,MCI
127_S_0259,m48,m48,2010-04-14,CN
041_S_0262,m48,m48,2010-04-07,CN
131_S_1389,m36,m36,2010-04-20,Dementia
031_S_0294,m48,m48,2010-04-08,Dementia
029_S_1318,m36,m36,2010-04-22,MCI
013_S_1276,m24,m24,2010-04-21,CN
099_S_0352,m48,m48,2010-04-30,CN
005_S_1224,m36,m36,2010-03-12,Dementia
037_S_1078,m36,m36,2010-04-20,MCI
023_S_0331,m48,m48,2010-05-06,Dementia
002_S_0413,m48,m48,2010-05-06,CN
024_S_1393,m36,m36,2010-05-10,Dementia
067_S_0056,m48,m48,2010-05-07,CN
021_S_0337,m48,m48,2010-05-11,CN
067_S_0059,m48,m48,2010-05-07,CN
131_S_0441,m48,m48,2010-05-11,CN
127_S_0260,m48,m48,2010-05-12,CN
072_S_1211,m36,m36,2010-03-03,MCI
002_S_0295,m48,m48,2010-05-13,CN
072_S_0315,m48,m48,2010-04-15,CN
072_S_1380,m36,m36,2010-04-09,MCI
116_S_0361,m48,m48,2010-05-18,MCI
053_S_0389,m48,m48,2010-05-14,Dementia
027_S_0408,m48,m48,2010-05-10,Dementia
027_S_0403,m48,m48,2010-05-03,CN
136_S_0186,m48,m48,2010-05-25,CN
068_S_0127,m48,m48,2010-05-27,CN
068_S_0210,m48,m48,2010-05-27,MCI
068_S_0401,m48,m48,2010-05-27,MCI
068_S_0473,m48,m48,2010-05-27,CN
068_S_0478,m36,m36,2010-05-27,MCI
068_S_0802,m36,m36,2010-05-27,MCI
068_S_1075,m24,m24,2010-05-27,MCI
027_S_0307,m48,m48,2010-05-04,MCI
011_S_0362,m48,m48,2010-06-02,Dementia
021_S_0424,m48,m48,2010-06-03,Dementia
041_S_0314,m48,m48,2010-05-18,Dementia
027_S_0116,m48,m48,2010-02-17,MCI
013_S_0502,m36,m36,2010-06-02,CN
027_S_0256,m48,m48,2010-04-21,Dementia
022_S_0130,m48,m48,2010-06-09,CN
027_S_1387,m36,m36,2010-03-15,Dementia
051_S_1123,m36,m36,2010-06-11,CN
051_S_1072,m36,m36,2010-03-18,MCI
020_S_0883,m24,m24,2009-01-26,CN
009_S_0862,m36,m36,2009-11-05,CN
007_S_0344,m48,m48,2010-06-29,Dementia
007_S_0249,m48,m48,2010-04-29,Dementia
126_S_0605,m48,m48,2010-06-29,CN
027_S_0644,m48,m48,2010-06-24,MCI
136_S_0107,m48,m48,2010-06-30,MCI
136_S_0086,m48,m48,2010-06-30,CN
131_S_0384,m48,m48,2010-06-29,CN
013_S_1276,m36,m36,2010-07-06,CN
126_S_0708,m48,m48,2010-07-12,Dementia
029_S_1384,m36,m36,2010-04-28,MCI
126_S_0680,m48,m48,2010-07-20,CN
010_S_0419,m48,m48,2010-07-20,CN
073_S_0386,m48,m48,2010-07-15,CN
109_S_1114,m36,m36,2010-01-14,MCI
032_S_0214,m48,m48,2010-07-28,Dementia
032_S_0479,m48,m48,2010-07-28,CN
067_S_0257,m48,m48,2010-08-05,CN
033_S_0734,m48,m48,2010-08-04,CN
033_S_0741,m48,m48,2010-08-04,CN
037_S_0588,m36,m36,2010-07-27,MCI
037_S_0303,m48,m48,2010-07-26,CN
032_S_0677,m48,m48,2010-08-11,CN
126_S_0709,m48,m48,2010-08-11,MCI
116_S_0382,m48,m48,2010-08-12,CN
128_S_0230,m36,m36,2009-09-16,Dementia
128_S_0770,m36,m36,2009-08-28,MCI
052_S_0989,m36,m36,2010-02-16,MCI
013_S_1035,m36,m36,2010-08-10,CN
116_S_0752,m48,m48,2010-08-26,Dementia
052_S_1352,m24,m24,2009-05-28,MCI
116_S_0649,m48,m48,2010-08-31,Dementia
128_S_1430,m24,m24,2009-10-01,Dementia
052_S_1346,m36,m36,2010-08-27,MCI
052_S_1250,m36,m36,2010-08-27,CN
052_S_1251,m36,m36,2010-08-27,CN
052_S_0951,m36,m36,2010-08-27,CN
052_S_0671,m36,m36,2010-01-18,MCI
037_S_0539,m48,m48,2010-08-19,Dementia
052_S_1352,m36,m36,2010-07-28,CN
041_S_1260,m36,m36,2010-09-17,MCI
041_S_1418,m36,m36,2010-09-17,MCI
020_S_1288,m36,m36,2010-03-08,CN
130_S_1200,m24,m24,2010-09-20,CN
130_S_1200,m36,m36,2010-09-20,MCI
073_S_0311,m48,m48,2010-09-29,CN
057_S_0818,m36,m36,2009-09-30,CN
057_S_0839,m36,m36,2009-10-14,Dementia
057_S_0934,m36,m36,2009-11-03,CN
057_S_0941,m24,m24,2008-10-22,Dementia
057_S_1007,m36,m36,2009-11-04,Dementia
057_S_1265,m36,m36,2010-03-10,Dementia
057_S_1217,m36,m36,2010-03-10,Dementia
051_S_1131,m36,m36,2010-03-10,MCI
006_S_1130,m36,m36,2010-11-14,Dementia
006_S_0498,m36,m36,2010-11-14,CN
006_S_0675,m36,m36,2010-11-14,Dementia
053_S_0919,m48,m48,2010-11-19,MCI
130_S_0285,m48,m48,2010-11-23,MCI
130_S_0505,m48,m48,2010-11-23,MCI
130_S_0969,m48,m48,2010-11-24,CN
126_S_0865,m48,m48,2010-11-29,Dementia
130_S_0886,m48,m48,2010-11-23,CN
018_S_0080,m48,m48,2010-06-08,Dementia
018_S_0142,m48,m48,2010-02-26,MCI
018_S_0043,m48,m48,2010-02-19,CN
123_S_1300,m36,m36,2010-03-31,MCI
123_S_0390,m36,m36,2009-05-18,Dementia
123_S_0298,m48,m48,2010-04-19,CN
123_S_0113,m48,m48,2010-04-08,CN
123_S_0108,m48,m48,2010-02-25,Dementia
123_S_0106,m48,m48,2010-01-21,CN
123_S_0072,m48,m48,2010-01-27,CN
126_S_1077,m48,m48,2010-12-20,Dementia
027_S_0835,m48,m48,2010-09-07,Dementia
037_S_1421,m36,m36,2010-10-11,MCI
141_S_0767,m36,m36,2009-10-21,CN
041_S_0679,m48,m48,2011-01-19,MCI
052_S_0952,m36,m36,2010-08-27,Dementia
041_S_1425,m36,m36,2011-02-23,Dementia
141_S_1255,m36,m36,2010-04-20,MCI
141_S_0697,m36,m36,2010-02-24,Dementia
016_S_1138,m24,m24,2009-01-22,Dementia
141_S_0790,m24,m24,2008-12-15,Dementia
141_S_0810,m24,m24,2009-06-22,CN
141_S_1052,m36,m36,2009-11-16,MCI
141_S_1152,m24,m24,2009-04-28,Dementia
141_S_1245,m18,m18,2008-05-08,MCI
141_S_0915,m24,m24,2009-04-09,Dementia
141_S_1378,m18,m18,2008-11-17,MCI
094_S_1267,m36,m36,2010-05-17,CN
141_S_0851,m36,m36,2009-10-08,MCI
141_S_1004,m36,m36,2010-11-13,Dementia
141_S_0717,m36,m36,2009-10-15,MCI
141_S_0810,m36,m36,2009-10-19,CN
016_S_1121,m18,m18,2008-06-23,Dementia
011_S_1282,m18,m18,2008-09-18,Dementia
128_S_0225,m36,m36,2011-04-21,MCI
128_S_0138,m36,m36,2011-04-21,CN
057_S_1269,m36,m36,2010-03-10,MCI
013_S_1161,m24,m24,2009-03-24,Dementia
032_S_0400,m12,m12,2007-05-02,Dementia
003_S_1074,m36,m36,2010-04-15,MCI
099_S_0958,m06,m06,2007-05-17,MCI
094_S_1314,m36,m36,2010-05-17,MCI
941_S_1194,m36,m36,2010-02-16,MCI
941_S_1202,m36,m36,2010-03-10,MCI
941_S_1203,m36,m36,2010-05-12,MCI
016_S_0769,m36,m36,2009-08-24,Dementia
133_S_0912,m36,m36,2009-11-23,MCI
133_S_1031,m36,m36,2009-11-20,MCI
133_S_0638,m36,m36,2009-09-22,Dementia
133_S_0727,m36,m36,2009-09-22,Dementia
128_S_1406,m36,m36,2012-01-04,MCI
128_S_0863,m36,m36,2012-01-12,CN
022_S_1394,m36,m36,2012-01-26,Dementia
130_S_0232,m48,m48,2010-03-12,MCI
130_S_0783,m36,m36,2009-08-28,MCI
130_S_0289,m48,m48,2010-05-10,Dementia
082_S_0928,m18,m18,2008-06-12,MCI
082_S_0928,m24,m24,2009-03-05,MCI
082_S_0641,m12,m12,2007-08-15,MCI
082_S_1079,m24,m24,2008-12-01,Dementia
082_S_0832,m24,m24,2008-10-30,Dementia
082_S_0641,m18,m18,2008-03-17,Dementia
082_S_0641,m24,m24,2008-10-09,Dementia
082_S_0304,m24,m24,2008-04-17,CN
082_S_0304,m36,m36,2009-05-05,CN
082_S_1377,m24,m24,2009-05-21,Dementia
035_S_0292,m48,m48,2010-05-05,Dementia
023_S_0376,m48,m48,2010-05-17,Dementia
016_S_1326,m36,m36,2010-05-12,Dementia
016_S_1117,m36,m36,2010-06-24,Dementia
128_S_2002,bl,bl,2010-06-16,MCI
002_S_2010,bl,bl,2010-07-08,MCI
016_S_2007,bl,bl,2010-07-06,MCI
002_S_0685,m48,m48,2010-07-15,CN
128_S_2011,bl,bl,2010-07-21,MCI
002_S_0729,m48,m48,2010-07-22,Dementia
031_S_0618,m48,m48,2010-07-23,CN
031_S_2018,bl,bl,2010-07-26,MCI
021_S_0626,m48,m48,2010-08-25,MCI
014_S_0548,m48,m48,2010-07-28,MCI
128_S_2003,bl,bl,2010-08-25,MCI
072_S_2026,bl,bl,2010-08-12,MCI
072_S_2037,bl,bl,2010-08-24,MCI
031_S_2022,bl,bl,2010-08-30,MCI
099_S_2042,bl,bl,2010-08-25,MCI
016_S_0538,m48,m48,2010-08-24,CN
016_S_0702,m48,m48,2010-08-31,Dementia
128_S_0545,m48,m48,2010-09-03,CN
094_S_1417,m36,m36,2010-09-07,MCI
016_S_2031,bl,bl,2010-09-01,MCI
072_S_2027,bl,bl,2010-09-03,MCI
014_S_0558,m48,m48,2010-07-27,MCI
098_S_2047,bl,bl,2010-09-07,MCI
002_S_2043,bl,bl,2010-09-16,MCI
123_S_2055,bl,bl,2010-09-08,MCI
137_S_1414,m36,m36,2010-09-17,MCI
127_S_0622,m48,m48,2010-09-17,MCI
029_S_0824,m48,m48,2010-09-22,CN
002_S_2073,bl,bl,2010-09-21,MCI
129_S_0778,m48,m48,2010-09-21,MCI
116_S_0657,m48,m48,2010-09-23,CN
010_S_0420,m48,m48,2010-09-23,MCI
137_S_0800,m48,m48,2010-09-14,MCI
137_S_0459,m48,m48,2010-09-17,MCI
072_S_2070,bl,bl,2010-09-20,MCI
011_S_0002,m60,m60,2010-09-27,CN
014_S_0658,m48,m48,2010-07-21,Dementia
023_S_0887,m48,m48,2010-09-28,Dementia
014_S_0519,m48,m48,2010-08-31,CN
098_S_0667,m48,m48,2010-07-29,Dementia
098_S_2052,bl,bl,2010-09-30,MCI
011_S_0008,m60,m60,2010-10-01,CN
072_S_2072,bl,bl,2010-09-21,MCI
072_S_2083,bl,bl,2010-09-27,MCI
023_S_2068,bl,bl,2010-10-06,MCI
007_S_2058,bl,bl,2010-10-06,MCI
007_S_0698,m48,m48,2010-10-06,MCI
014_S_0520,m48,m48,2010-08-25,CN
014_S_0557,m48,m48,2010-10-08,MCI
014_S_0563,m48,m48,2010-09-24,Dementia
137_S_0668,m48,m48,2010-10-04,CN
023_S_0625,m48,m48,2010-10-11,Dementia
098_S_2079,bl,bl,2010-10-13,MCI
128_S_2045,bl,bl,2010-10-15,MCI
031_S_0830,m48,m48,2010-10-18,Dementia
128_S_0272,m48,m48,2010-09-02,CN
031_S_0867,m48,m48,2010-10-20,MCI
021_S_2100,bl,bl,2010-10-26,MCI
033_S_0906,m48,m48,2010-10-21,Dementia
033_S_0920,m48,m48,2010-10-20,CN
021_S_2125,bl,bl,2010-10-25,MCI
033_S_0923,m48,m48,2010-10-21,CN
153_S_2109,bl,bl,2010-10-18,MCI
035_S_2061,bl,bl,2010-10-28,MCI
032_S_2119,bl,bl,2010-10-28,MCI
021_S_2077,bl,bl,2010-10-28,MCI
033_S_0922,m48,m48,2010-10-20,Dementia
941_S_2060,bl,bl,2010-11-01,MCI
023_S_0926,m48,m48,2010-11-02,CN
116_S_0834,m48,m48,2010-11-02,Dementia
073_S_0089,m48,m48,2010-10-28,CN
029_S_0843,m48,m48,2010-11-04,MCI
128_S_2123,bl,bl,2010-11-09,MCI
072_S_2093,bl,bl,2010-10-22,MCI
099_S_2063,bl,bl,2010-11-01,MCI
033_S_1116,m48,m48,2010-11-12,Dementia
036_S_0869,m48,m48,2010-11-18,Dementia
032_S_0978,m48,m48,2010-11-18,Dementia
128_S_0227,m48,m48,2010-11-12,Dementia
033_S_1016,m48,m48,2010-11-10,CN
128_S_2057,bl,bl,2010-11-16,MCI
153_S_2148,bl,bl,2010-11-17,MCI
005_S_0553,m48,m48,2010-10-05,CN
098_S_0896,m48,m48,2010-11-12,CN
033_S_1098,m48,m48,2010-11-10,CN
021_S_2124,bl,bl,2010-11-23,MCI
082_S_2099,bl,bl,2010-10-21,MCI
082_S_2121,bl,bl,2010-11-03,MCI
021_S_2142,bl,bl,2010-11-22,MCI
029_S_0878,m48,m48,2010-11-18,Dementia
016_S_0359,m48,m48,2010-11-04,CN
012_S_1212,m48,m48,2010-11-14,CN
128_S_2036,bl,bl,2010-09-30,MCI
024_S_1063,m48,m48,2010-11-30,MCI
137_S_0722,m48,m48,2010-11-19,CN
036_S_0813,m48,m48,2010-10-05,CN
136_S_0873,m48,m48,2010-11-02,Dementia
067_S_2196,bl,bl,2010-12-03,MCI
005_S_0546,m48,m48,2010-11-02,MCI
021_S_2150,bl,bl,2010-12-08,MCI
067_S_0059,m60,m60,2010-12-10,CN
023_S_0031,m60,m60,2010-12-10,CN
036_S_0672,m48,m48,2010-12-06,CN
036_S_0673,m48,m48,2010-12-06,MCI
009_S_0842,m48,m48,2010-12-13,CN
136_S_0695,m48,m48,2010-12-12,Dementia
067_S_0056,m60,m60,2010-12-14,CN
067_S_2195,bl,bl,2010-12-16,MCI
127_S_1032,m48,m48,2010-12-20,MCI
127_S_0925,m48,m48,2010-12-20,MCI
127_S_2213,bl,bl,2010-12-20,MCI
127_S_2234,bl,bl,2010-12-20,MCI
021_S_0984,m48,m48,2010-12-15,CN
128_S_2002,m06,m06,2010-12-10,MCI
022_S_2087,bl,bl,2010-12-21,MCI
027_S_2183,bl,bl,2010-12-03,MCI
027_S_2219,bl,bl,2010-12-20,MCI
016_S_2007,m06,m06,2010-12-08,MCI
137_S_0994,m48,m48,2010-12-10,Dementia
005_S_0572,m48,m48,2010-10-13,Dementia
005_S_0602,m48,m48,2010-12-07,CN
005_S_0610,m48,m48,2010-12-07,CN
036_S_0945,m48,m48,2010-12-10,Dementia
003_S_0981,m48,m48,2011-01-04,CN
141_S_0767,m48,m48,2010-09-28,CN
031_S_2233,bl,bl,2011-01-06,MCI
031_S_1066,m48,m48,2011-01-06,Dementia
011_S_0023,m60,m60,2011-01-06,CN
029_S_0914,m48,m48,2011-01-06,MCI
002_S_1155,m48,m48,2011-01-06,MCI
127_S_0684,m48,m48,2010-09-17,CN
127_S_1419,m36,m36,2010-09-17,MCI
127_S_1427,m36,m36,2010-12-20,Dementia
006_S_0498,m48,m48,2011-01-12,CN
123_S_0072,m60,m60,2011-01-11,CN
014_S_2185,bl,bl,2011-01-12,MCI
141_S_1052,m48,m48,2010-10-28,MCI
011_S_0021,m60,m60,2010-10-18,CN
035_S_2199,bl,bl,2011-01-12,MCI
035_S_2074,bl,bl,2011-01-06,MCI
041_S_1010,m48,m48,2011-01-19,Dementia
022_S_2167,bl,bl,2011-01-19,MCI
032_S_2240,bl,bl,2011-01-19,MCI
128_S_2130,bl,bl,2011-01-19,MCI
027_S_0074,m60,m60,2010-12-27,CN
022_S_1097,m48,m48,2011-01-19,Dementia
109_S_2200,bl,bl,2010-12-15,MCI
099_S_2205,bl,bl,2011-01-24,MCI
002_S_2010,m06,m06,2011-01-20,CN
072_S_2116,bl,bl,2010-10-29,MCI
072_S_2164,bl,bl,2010-12-02,MCI
109_S_2237,bl,bl,2011-01-26,MCI
029_S_1218,m48,m48,2011-01-20,MCI
128_S_2220,bl,bl,2011-01-26,MCI
035_S_0555,m48,m48,2011-01-12,MCI
094_S_2238,bl,bl,2011-01-27,MCI
011_S_1080,m48,m48,2011-01-14,Dementia
137_S_0972,m48,m48,2011-01-28,CN
137_S_0973,m48,m48,2010-12-15,Dementia
022_S_0096,m60,m60,2011-02-02,CN
032_S_1169,m48,m48,2011-02-02,CN
072_S_2026,m06,m06,2011-01-31,MCI
031_S_2018,m06,m06,2011-02-03,MCI
099_S_2146,bl,bl,2010-11-18,MCI
024_S_0985,m48,m48,2011-02-08,CN
003_S_0908,m48,m48,2010-11-09,MCI
023_S_0061,m60,m60,2011-02-08,CN
011_S_2274,bl,bl,2011-02-10,MCI
007_S_0128,m60,m60,2011-02-10,Dementia
094_S_2201,bl,bl,2011-02-10,CN
052_S_0951,m48,m48,2010-12-18,CN
052_S_0952,m48,m48,2010-12-17,Dementia
052_S_0989,m48,m48,2011-01-17,MCI
052_S_2249,bl,bl,2011-01-05,MCI
123_S_0106,m60,m60,2011-01-24,MCI
128_S_0225,m48,m48,2010-10-01,MCI
128_S_0200,m48,m48,2010-10-04,MCI
022_S_2263,bl,bl,2011-02-16,MCI
024_S_2239,bl,bl,2011-02-17,MCI
100_S_0069,m60,m60,2011-02-18,CN
031_S_2022,m06,m06,2011-02-18,MCI
002_S_2043,m06,m06,2011-02-17,MCI
009_S_2208,bl,bl,2011-02-22,MCI
116_S_1232,m48,m48,2011-02-22,CN
006_S_1130,m48,m48,2011-02-24,Dementia
057_S_1269,m48,m48,2011-02-23,MCI
023_S_1046,m48,m48,2011-02-23,MCI
016_S_2031,m06,m06,2011-02-08,MCI
128_S_0863,m48,m48,2010-12-02,CN
009_S_1030,m48,m48,2011-03-01,Dementia
027_S_1045,m48,m48,2010-12-03,MCI
037_S_0377,m48,m48,2011-02-22,MCI
037_S_1078,m48,m48,2011-02-21,Dementia
037_S_0454,m48,m48,2011-02-22,CN
067_S_2301,bl,bl,2011-03-02,MCI
116_S_1249,m48,m48,2011-03-02,CN
027_S_2245,bl,bl,2011-01-11,MCI
099_S_1034,m48,m48,2010-12-01,MCI
023_S_0217,m60,m60,2011-03-04,Dementia
011_S_1282,m48,m48,2011-03-03,Dementia
128_S_2151,bl,bl,2011-01-20,MCI
141_S_2210,bl,bl,2011-02-15,MCI
128_S_2045,m06,m06,2011-03-07,MCI
007_S_0068,m60,m60,2011-01-17,CN
007_S_2106,bl,bl,2010-10-19,MCI
013_S_1186,m48,m48,2011-03-09,MCI
016_S_2284,bl,bl,2011-02-24,MCI
067_S_2304,bl,bl,2011-03-10,MCI
003_S_1057,m48,m48,2011-03-04,Dementia
003_S_1122,m48,m48,2011-02-25,MCI
027_S_0120,m60,m60,2011-02-07,CN
126_S_1187,m48,m48,2011-02-07,MCI
032_S_2247,bl,bl,2011-03-16,MCI
072_S_2037,m06,m06,2011-03-01,MCI
012_S_1133,m48,m48,2011-03-14,CN
099_S_2042,m06,m06,2011-03-18,MCI
023_S_0126,m60,m60,2011-03-20,Dementia
002_S_2073,m06,m06,2011-03-17,MCI
014_S_0169,m60,m60,2011-03-08,MCI
002_S_1261,m48,m48,2011-03-17,CN
021_S_2077,m06,m06,2011-03-21,MCI
094_S_2216,bl,bl,2011-03-24,MCI
072_S_2027,m06,m06,2011-03-01,MCI
130_S_0232,m60,m60,2011-03-30,MCI
014_S_2308,bl,bl,2011-03-30,MCI
129_S_2332,bl,bl,2011-03-30,MCI
100_S_0035,m60,m60,2011-03-31,MCI
100_S_0047,m60,m60,2011-03-31,CN
035_S_0997,m48,m48,2011-01-12,Dementia
131_S_0123,m60,m60,2011-03-08,CN
123_S_2055,m06,m06,2011-03-07,MCI
123_S_0113,m60,m60,2011-03-09,CN
123_S_1300,m48,m48,2011-03-25,MCI
068_S_2171,bl,bl,2011-04-05,MCI
068_S_2184,bl,bl,2011-04-05,MCI
068_S_0802,m48,m48,2011-04-05,MCI
068_S_2187,bl,bl,2011-04-05,MCI
068_S_2193,bl,bl,2011-04-05,MCI
068_S_2194,bl,bl,2011-04-05,MCI
109_S_2278,bl,bl,2011-04-07,MCI
141_S_2333,bl,bl,2011-04-11,MCI
141_S_1255,m48,m48,2011-04-11,Dementia
082_S_2099,m06,m06,2011-04-06,MCI
141_S_0717,m48,m48,2010-11-30,MCI
141_S_1378,m36,m36,2010-09-21,MCI
100_S_1286,m48,m48,2011-04-12,CN
073_S_2264,bl,bl,2011-04-01,MCI
073_S_2182,bl,bl,2011-04-01,MCI
073_S_2225,bl,bl,2011-04-01,MCI
073_S_2190,bl,bl,2011-04-01,MCI
073_S_2153,bl,bl,2011-04-01,MCI
020_S_1288,m48,m48,2011-04-12,CN
072_S_2083,m06,m06,2011-04-05,MCI
100_S_1226,m48,m48,2011-04-12,MCI
073_S_2191,bl,bl,2011-04-01,MCI
068_S_2168,bl,bl,2011-04-15,MCI
027_S_0116,m60,m60,2011-02-08,MCI
022_S_1351,m48,m48,2011-04-18,Dementia
027_S_2336,bl,bl,2011-04-07,MCI
098_S_2047,m06,m06,2011-03-05,MCI
098_S_2052,m06,m06,2011-03-15,MCI
098_S_2079,m06,m06,2011-03-03,MCI
027_S_0118,m60,m60,2011-02-11,CN
027_S_1387,m48,m48,2011-03-03,Dementia
021_S_2100,m06,m06,2011-04-04,MCI
072_S_2072,m06,m06,2011-04-20,MCI
021_S_2125,m06,m06,2011-04-13,MCI
029_S_1318,m48,m48,2011-04-07,MCI
021_S_0276,m60,m60,2011-04-25,MCI
021_S_2142,m06,m06,2011-04-20,MCI
023_S_2068,m06,m06,2011-05-02,MCI
018_S_2138,bl,bl,2011-05-04,MCI
013_S_2324,bl,bl,2011-04-28,MCI
128_S_2002,m12,m12,2011-03-14,MCI
130_S_0285,m60,m60,2011-05-05,MCI
018_S_2133,bl,bl,2011-05-06,MCI
018_S_2155,bl,bl,2011-05-06,MCI
018_S_2180,bl,bl,2011-05-06,MCI
022_S_0130,m60,m60,2011-05-05,CN
018_S_0055,m48,m48,2011-05-06,MCI
018_S_0142,m60,m60,2010-12-20,MCI
072_S_2093,m06,m06,2011-04-15,MCI
072_S_2116,m06,m06,2011-05-03,MCI
128_S_1408,m36,m36,2010-10-14,MCI
027_S_2219,m06,m06,2011-05-09,MCI
021_S_0159,m60,m60,2011-04-28,CN
032_S_0214,m60,m60,2011-05-11,Dementia
016_S_1326,m48,m48,2011-05-02,Dementia
032_S_2119,m06,m06,2011-05-11,MCI
082_S_2307,bl,bl,2011-03-10,MCI
128_S_2123,m06,m06,2011-05-09,MCI
129_S_2347,bl,bl,2011-05-16,MCI
072_S_2164,m06,m06,2011-05-18,MCI
082_S_2121,m06,m06,2011-05-23,MCI
128_S_2036,m06,m06,2011-03-15,MCI
005_S_0448,m48,m48,2011-04-04,MCI
021_S_2150,m06,m06,2011-05-02,MCI
035_S_2061,m06,m06,2011-05-18,MCI
035_S_0156,m60,m60,2011-05-18,CN
021_S_2124,m06,m06,2011-05-03,MCI
131_S_0384,m60,m60,2011-05-04,CN
007_S_2106,m06,m06,2011-05-19,MCI
007_S_2058,m06,m06,2011-05-19,MCI
128_S_0135,m48,m48,2010-09-07,Dementia
131_S_0441,m60,m60,2011-05-19,CN
126_S_2360,bl,bl,2011-05-25,MCI
094_S_2367,bl,bl,2011-05-26,MCI
002_S_1280,m48,m48,2011-05-05,CN
006_S_0731,m48,m48,2011-06-01,CN
100_S_0296,m60,m60,2011-05-31,MCI
029_S_0845,m48,m48,2010-09-29,CN
053_S_2357,bl,bl,2011-05-10,MCI
021_S_0337,m60,m60,2011-05-31,CN
067_S_2196,m06,m06,2011-06-06,MCI
130_S_2373,bl,bl,2011-06-06,MCI
002_S_1268,m48,m48,2011-04-21,MCI
052_S_1352,m48,m48,2011-05-05,CN
052_S_1250,m48,m48,2011-06-08,CN
052_S_1346,m48,m48,2011-06-08,Dementia
036_S_1023,m48,m48,2011-06-08,CN
022_S_2087,m06,m06,2011-06-13,MCI
022_S_2379,bl,bl,2011-06-08,MCI
003_S_2374,bl,bl,2011-05-13,MCI
067_S_2195,m06,m06,2011-06-14,MCI
021_S_0178,m60,m60,2011-06-03,MCI
031_S_2233,m06,m06,2011-06-16,MCI
027_S_2245,m06,m06,2011-06-06,MCI
027_S_0307,m60,m60,2011-05-10,MCI
127_S_0112,m60,m60,2011-06-17,MCI
127_S_0259,m60,m60,2011-05-23,CN
027_S_0408,m60,m60,2011-05-19,Dementia
941_S_1194,m48,m48,2011-06-10,MCI
024_S_2239,m06,m06,2011-06-21,MCI
027_S_0256,m60,m60,2011-04-25,Dementia
032_S_2240,m06,m06,2011-06-22,MCI
099_S_2205,m06,m06,2011-06-23,MCI
003_S_1074,m48,m48,2011-06-07,MCI
941_S_1195,m48,m48,2011-06-29,CN
941_S_2060,m06,m06,2011-08-01,MCI
027_S_2183,m06,m06,2011-06-23,MCI
123_S_0108,m60,m60,2011-02-15,Dementia
126_S_0605,m60,m60,2011-07-04,CN
123_S_0298,m60,m60,2011-04-20,CN
123_S_2363,bl,bl,2011-05-02,MCI
116_S_1243,m48,m48,2011-03-10,Dementia
114_S_0166,m60,m60,2011-06-30,Dementia
036_S_2378,bl,bl,2011-07-06,MCI
130_S_2391,bl,bl,2011-06-24,MCI
009_S_2208,m06,m06,2011-07-12,MCI
068_S_2248,bl,bl,2011-04-05,MCI
094_S_2201,m06,m06,2011-07-13,CN
052_S_2249,m06,m06,2011-07-11,MCI
068_S_2168,m06,m06,2011-07-15,MCI
068_S_2171,m06,m06,2011-07-15,MCI
068_S_2187,m06,m06,2011-07-15,MCI
068_S_2194,m06,m06,2011-07-15,MCI
068_S_2248,m06,m06,2011-07-15,MCI
068_S_2315,bl,bl,2011-07-15,MCI
068_S_2316,bl,bl,2011-07-15,MCI
027_S_0644,m60,m60,2011-06-23,MCI
057_S_2398,bl,bl,2011-07-14,MCI
014_S_2185,m06,m06,2011-07-15,MCI
013_S_2389,bl,bl,2011-07-27,MCI
094_S_2238,m06,m06,2011-07-14,MCI
022_S_2167,m06,m06,2011-07-25,MCI
005_S_2390,bl,bl,2011-08-01,MCI
126_S_0680,m60,m60,2011-08-02,CN
009_S_2381,bl,bl,2011-06-24,MCI
126_S_0709,m60,m60,2011-08-10,MCI
036_S_2380,bl,bl,2011-08-11,MCI
032_S_2247,m06,m06,2011-08-17,MCI
011_S_2274,m06,m06,2011-08-22,MCI
029_S_2376,bl,bl,2011-07-19,MCI
052_S_0671,m60,m60,2011-06-29,MCI
073_S_2153,m06,m06,2011-08-26,MCI
067_S_2301,m06,m06,2011-08-30,MCI
029_S_2395,bl,bl,2011-09-01,MCI
053_S_2396,bl,bl,2011-08-30,MCI
129_S_2332,m06,m06,2011-09-07,MCI
094_S_2216,m06,m06,2011-09-08,MCI
073_S_2190,m06,m06,2011-09-09,MCI
022_S_2263,m06,m06,2011-08-25,MCI
068_S_2184,m06,m06,2011-09-13,MCI
068_S_2193,m06,m06,2011-09-13,MCI
067_S_2304,m06,m06,2011-09-14,MCI
018_S_2133,m06,m06,2011-09-19,MCI
018_S_2138,m06,m06,2011-09-19,MCI
018_S_2155,m06,m06,2011-09-19,MCI
018_S_2180,m06,m06,2011-09-19,MCI
153_S_2109,m06,m06,2011-05-20,MCI
153_S_2148,m06,m06,2011-05-27,MCI
007_S_2394,bl,bl,2011-09-16,MCI
073_S_2191,m06,m06,2011-09-22,MCI
073_S_2225,m06,m06,2011-09-26,MCI
035_S_2074,m06,m06,2011-07-12,MCI
014_S_2308,m06,m06,2011-09-16,MCI
073_S_2264,m06,m06,2011-10-04,MCI
126_S_2405,bl,bl,2011-10-11,MCI
127_S_2234,m06,m06,2011-10-19,MCI
127_S_2213,m06,m06,2011-10-19,MCI
141_S_2333,m06,m06,2011-10-17,MCI
082_S_2307,m06,m06,2011-10-20,MCI
129_S_2347,m06,m06,2011-10-19,MCI
013_S_2324,m06,m06,2011-10-18,MCI
027_S_2336,m06,m06,2011-10-18,MCI
057_S_0934,m60,m60,2011-11-08,CN
094_S_2367,m06,m06,2011-11-10,MCI
114_S_2392,bl,bl,2011-07-11,MCI
057_S_1007,m60,m60,2011-11-11,Dementia
099_S_2063,m06,m06,2011-04-22,MCI
053_S_0919,m60,m60,2011-11-15,MCI
127_S_0260,m60,m60,2011-06-29,CN
027_S_2183,m12,m12,2011-11-18,MCI
126_S_2360,m06,m06,2011-11-21,MCI
027_S_1045,m60,m60,2011-11-17,MCI
053_S_2357,m06,m06,2011-11-02,MCI
051_S_1123,m48,m48,2011-11-29,MCI
022_S_2087,m12,m12,2011-12-04,MCI
126_S_2407,bl,bl,2011-12-06,MCI
022_S_2379,m06,m06,2011-12-06,MCI
051_S_1131,m48,m48,2011-11-15,MCI
123_S_2363,m06,m06,2011-11-15,MCI
027_S_2219,m12,m12,2011-12-05,MCI
029_S_2376,m06,m06,2011-12-07,MCI
130_S_2391,m06,m06,2011-12-22,MCI
027_S_0835,m60,m60,2011-09-13,Dementia
128_S_0229,m48,m48,2010-10-07,CN
027_S_0074,m72,m72,2012-01-05,CN
128_S_1407,m36,m36,2012-01-04,Dementia
003_S_0907,m48,m48,2010-12-13,CN
057_S_2398,m06,m06,2012-01-17,MCI
027_S_2245,m12,m12,2012-01-12,MCI
068_S_2316,m06,m06,2012-01-19,MCI
068_S_2315,m06,m06,2012-01-18,MCI
052_S_0951,m60,m60,2011-11-28,CN
052_S_0952,m60,m60,2011-11-28,Dementia
099_S_2146,m06,m06,2011-05-20,MCI
114_S_2392,m06,m06,2012-02-01,MCI
052_S_0989,m60,m60,2011-12-06,MCI
073_S_2182,m06,m06,2012-02-08,MCI
036_S_2378,m06,m06,2012-02-09,MCI
027_S_0116,m72,m72,2012-02-06,MCI
141_S_2210,m06,m06,2012-02-10,MCI
007_S_2394,m06,m06,2012-02-10,MCI
036_S_2380,m06,m06,2012-02-13,MCI
051_S_1072,m48,m48,2012-02-15,MCI
005_S_2390,m06,m06,2012-02-17,MCI
027_S_0118,m72,m72,2012-02-13,CN
053_S_2396,m06,m06,2012-02-17,MCI
027_S_1387,m60,m60,2012-02-23,Dementia
029_S_2395,m06,m06,2012-02-28,MCI
051_S_1040,m48,m48,2011-05-25,MCI
051_S_1331,m48,m48,2011-08-29,Dementia
052_S_2249,m12,m12,2011-12-30,MCI
130_S_2373,m06,m06,2012-03-19,MCI
009_S_2381,m06,m06,2011-12-07,MCI
057_S_1269,m60,m60,2012-02-15,MCI
027_S_0256,m72,m72,2012-03-19,Dementia
027_S_0120,m72,m72,2012-03-16,CN
027_S_2336,m12,m12,2012-03-22,MCI
013_S_2389,m06,m06,2012-03-07,MCI
126_S_2405,m06,m06,2012-04-25,MCI
109_S_2200,m06,m06,2011-12-16,MCI
130_S_0289,m60,m60,2011-05-05,Dementia
126_S_2407,m06,m06,2012-05-28,MCI
051_S_1040,m60,m60,2012-05-31,MCI
130_S_2403,bl,bl,2012-09-15,MCI
130_S_2403,m06,m06,2012-09-15,MCI
100_S_2351,bl,bl,2011-09-08,MCI
082_S_0832,m48,m48,2010-12-16,Dementia
031_S_0830,m60,m60,2011-09-22,Dementia
072_S_4007,v01,sc,2011-03-04,MCI
098_S_4003,v01,sc,2011-02-22,CN
098_S_0172,v06,m60,2011-03-14,CN
098_S_4002,v01,sc,2011-02-14,CN
116_S_4010,v01,sc,2011-03-28,CN
041_S_4014,v01,sc,2011-03-28,CN
116_S_4013,v01,sc,2011-03-29,MCI
031_S_4005,v01,sc,2011-03-21,MCI
041_S_4004,v01,sc,2011-03-29,MCI
037_S_4015,v01,sc,2011-03-25,MCI
031_S_4006,v01,sc,2011-04-04,CN
023_S_1190,v06,m48,2011-04-05,CN
012_S_4012,v01,sc,2011-03-22,MCI
098_S_4018,v01,sc,2011-04-05,CN
098_S_4017,v01,sc,2011-04-05,CN
116_S_1271,v06,m48,2011-04-06,Dementia
031_S_0294,v06,m60,2011-04-07,Dementia
031_S_4021,v01,sc,2011-04-11,CN
023_S_4020,v01,sc,2011-04-12,CN
031_S_4024,v01,sc,2011-04-13,Dementia
099_S_4022,v01,sc,2011-04-15,MCI
116_S_4010,v03,bl,2011-04-18,CN
037_S_4028,v01,sc,2011-04-18,CN
023_S_0042,v06,m60,2011-04-20,Dementia
023_S_0376,v06,m60,2011-04-20,Dementia
031_S_4029,v01,sc,2011-04-18,MCI
098_S_0160,v06,m60,2011-03-15,Dementia
098_S_0269,v06,m60,2011-04-12,Dementia
098_S_4003,v03,bl,2011-04-15,CN
016_S_2007,v06,m12,2011-03-24,MCI
031_S_4032,v01,sc,2011-04-25,CN
037_S_4030,v01,sc,2011-04-25,MCI
035_S_4033,v01,sc,2011-04-27,Dementia
098_S_0171,v06,m60,2011-04-27,CN
037_S_4001,v01,sc,2011-05-04,Dementia
037_S_4015,v03,bl,2011-05-03,MCI
941_S_4036,v01,sc,2011-05-06,MCI
941_S_4023,v01,sc,2011-05-06,CN
041_S_4037,v01,sc,2011-04-29,CN
041_S_4041,v01,sc,2011-05-06,CN
072_S_4007,v03,bl,2011-05-05,MCI
072_S_0315,v06,m60,2011-05-05,CN
072_S_1380,v06,m48,2011-05-05,MCI
072_S_4008,v01,sc,2011-05-10,MCI
099_S_4046,v01,sc,2011-05-09,MCI
023_S_4034,v01,sc,2011-05-05,MCI
116_S_4043,v01,sc,2011-05-10,CN
012_S_4026,v01,sc,2011-05-03,CN
031_S_4042,v01,sc,2011-05-11,MCI
031_S_4024,v03,bl,2011-05-11,Dementia
031_S_4005,v03,bl,2011-05-11,MCI
116_S_0361,v06,m60,2011-05-16,Dementia
012_S_4012,v03,bl,2011-05-11,MCI
072_S_4056,v01,sc,2011-05-18,CN
098_S_4050,v01,sc,2011-05-10,CN
098_S_4059,v01,sc,2011-05-17,MCI
035_S_0292,v06,m60,2011-05-18,Dementia
031_S_4029,v03,bl,2011-05-19,MCI
041_S_4060,v01,sc,2011-05-18,CN
141_S_4053,v01,sc,2011-05-16,MCI
067_S_4054,v01,sc,2011-05-19,MCI
067_S_4055,v01,sc,2011-05-19,CN
072_S_4063,v01,sc,2011-05-20,MCI
014_S_4058,v01,sc,2011-05-19,MCI
014_S_4039,v01,sc,2011-04-27,Dementia
072_S_4057,v01,sc,2011-05-18,MCI
014_S_4068,v01,sc,2011-05-24,MCI
099_S_4065,v01,sc,2011-05-25,Dementia
068_S_4061,v01,sc,2011-05-27,MCI
068_S_4067,v01,sc,2011-05-27,MCI
116_S_4038,v01,sc,2011-06-01,Dementia
941_S_4016,v01,sc,2011-06-02,CN
941_S_4031,v01,sc,2011-06-02,MCI
941_S_4044,v01,sc,2011-06-02,MCI
941_S_4066,v01,sc,2011-06-02,CN
098_S_4018,v03,bl,2011-06-02,CN
011_S_4075,v01,sc,2011-06-02,CN
041_S_4051,v01,sc,2011-05-23,MCI
023_S_0331,v06,m60,2011-05-13,Dementia
116_S_4043,v03,bl,2011-06-02,CN
037_S_4071,v01,sc,2011-06-01,CN
016_S_4009,v01,sc,2011-06-02,Dementia
002_S_0295,v06,m60,2011-06-02,CN
141_S_1378,v06,m48,2011-06-08,MCI
099_S_4076,v01,sc,2011-06-07,CN
153_S_4077,v01,sc,2011-06-08,MCI
067_S_4072,v01,sc,2011-06-10,MCI
014_S_4080,v01,sc,2011-06-08,CN
031_S_4032,v03,bl,2011-06-13,CN
031_S_4042,v03,bl,2011-06-13,MCI
129_S_4073,v01,sc,2011-06-13,MCI
016_S_1117,v06,m48,2011-05-10,Dementia
031_S_4021,v03,bl,2011-06-13,CN
035_S_4085,v01,sc,2011-06-14,MCI
024_S_4084,v01,sc,2011-06-15,CN
014_S_4079,v01,sc,2011-06-07,MCI
035_S_4082,v01,sc,2011-06-14,CN
082_S_4090,v01,sc,2011-06-16,CN
116_S_0382,v06,m60,2011-06-16,CN
014_S_0519,v06,m60,2011-06-13,CN
099_S_4086,v01,sc,2011-06-16,CN
003_S_4081,v01,sc,2011-06-09,CN
014_S_0520,v06,m60,2011-06-09,CN
035_S_4062,v01,sc,2011-06-14,MCI
041_S_4083,v01,sc,2011-06-17,CN
041_S_4014,v03,bl,2011-06-16,CN
072_S_4057,v03,bl,2011-06-13,MCI
002_S_0413,v06,m60,2011-06-16,CN
014_S_4058,v03,bl,2011-06-16,MCI
941_S_1203,v06,m48,2010-06-10,MCI
023_S_4088,v01,sc,2011-06-21,CN
116_S_4092,v01,sc,2011-06-22,CN
067_S_4054,v03,bl,2011-06-22,MCI
094_S_4089,v01,sc,2011-06-23,Dementia
141_S_4053,v03,bl,2011-06-23,MCI
012_S_4094,v01,sc,2011-06-21,MCI
014_S_4093,v01,sc,2011-06-21,CN
016_S_4097,v01,sc,2011-06-23,CN
037_S_0467,v06,m60,2011-06-21,MCI
057_S_4091,v01,sc,2011-06-17,MCI
011_S_4105,v01,sc,2011-06-27,CN
941_S_1202,v06,m48,2011-06-27,MCI
098_S_4095,v01,sc,2011-06-22,Dementia
037_S_4028,v03,bl,2011-06-15,CN
037_S_4030,v03,bl,2011-06-15,MCI
037_S_4001,v03,bl,2011-03-10,Dementia
014_S_0557,v06,m60,2011-06-15,MCI
023_S_4020,v03,bl,2011-06-28,CN
137_S_0459,v06,m60,2011-06-22,MCI
041_S_4060,v03,bl,2011-06-27,CN
041_S_4037,v03,bl,2011-06-27,CN
041_S_4004,v03,bl,2011-06-27,MCI
041_S_0125,v06,m60,2011-06-27,CN
014_S_0548,v06,m60,2011-06-28,MCI
099_S_4104,v01,sc,2011-06-29,CN
019_S_4107,v01,sc,2011-06-27,MCI
019_S_4109,v01,sc,2011-06-28,MCI
016_S_4009,v03,bl,2011-06-28,Dementia
011_S_4075,v03,bl,2011-06-20,CN
033_S_0514,v06,m60,2011-06-08,Dementia
003_S_4106,v01,sc,2011-06-28,CN
023_S_4035,v01,sc,2011-06-30,MCI
057_S_4110,v01,sc,2011-06-29,Dementia
941_S_4100,v01,sc,2011-06-27,CN
941_S_4066,v03,bl,2011-06-22,CN
136_S_0186,v06,m60,2011-05-23,CN
136_S_0107,v06,m60,2011-06-08,MCI
099_S_4022,v03,bl,2011-04-29,MCI
023_S_4108,v01,sc,2011-07-06,Dementia
011_S_4120,v01,sc,2011-07-06,CN
035_S_4114,v01,sc,2011-07-07,MCI
016_S_4121,v01,sc,2011-07-06,CN
067_S_4112,v01,sc,2011-07-08,CN
002_S_0685,v06,m60,2011-07-05,CN
067_S_4113,v01,sc,2011-07-08,MCI
153_S_4077,v03,bl,2011-07-05,MCI
041_S_4116,v01,sc,2011-07-11,CN
003_S_4119,v01,sc,2011-07-06,CN
003_S_4118,v01,sc,2011-07-06,CN
072_S_4103,v01,sc,2011-07-08,CN
941_S_4036,v03,bl,2011-07-11,MCI
153_S_4125,v01,sc,2011-07-11,CN
072_S_4102,v01,sc,2011-07-11,MCI
072_S_4131,v01,sc,2011-07-11,MCI
072_S_4130,v01,sc,2011-07-11,MCI
137_S_0301,v06,m60,2011-07-12,CN
099_S_4124,v01,sc,2011-07-12,Dementia
129_S_4073,v03,bl,2011-07-12,MCI
072_S_4063,v03,bl,2011-07-13,MCI
082_S_4090,v03,bl,2011-07-12,CN
023_S_4115,v01,sc,2011-07-13,MCI
031_S_0618,v06,m60,2011-07-13,CN
031_S_2018,v06,m12,2011-07-13,MCI
002_S_2010,v06,m12,2011-07-07,CN
068_S_0127,v06,m60,2011-07-15,MCI
153_S_4133,v01,sc,2011-07-12,MCI
068_S_4061,v03,bl,2011-07-15,MCI
068_S_4067,v03,bl,2011-07-15,MCI
067_S_4072,v03,bl,2011-07-18,MCI
012_S_4128,v01,sc,2011-07-20,MCI
041_S_4140,v01,sc,2011-07-20,CN
041_S_4138,v01,sc,2011-07-20,MCI
116_S_4092,v03,bl,2011-07-21,CN
024_S_4137,v01,sc,2011-07-22,CN
068_S_4134,v01,sc,2011-07-22,MCI
016_S_2031,v06,m12,2011-07-19,MCI
123_S_4096,v01,sc,2011-06-22,MCI
041_S_4143,v01,sc,2011-07-26,MCI
006_S_4150,v01,sc,2011-07-27,CN
019_S_4147,v01,sc,2011-07-22,MCI
067_S_0257,v06,m60,2011-08-02,CN
006_S_4153,v01,sc,2011-07-27,Dementia
003_S_4136,v01,sc,2011-07-19,Dementia
003_S_4152,v01,sc,2011-07-26,Dementia
003_S_4081,v03,bl,2011-07-27,CN
127_S_4148,v01,sc,2011-07-28,CN
031_S_4149,v01,sc,2011-07-29,MCI
031_S_2022,v06,m12,2011-07-29,MCI
014_S_0558,v06,m60,2011-07-15,MCI
011_S_4105,v03,bl,2011-07-27,CN
068_S_0473,v06,m60,2011-07-15,CN
129_S_1246,v06,m48,2011-07-29,MCI
003_S_4142,v01,sc,2011-07-20,Dementia
073_S_4155,v01,sc,2011-07-29,CN
153_S_4139,v01,sc,2011-07-29,CN
153_S_4151,v01,sc,2011-07-29,CN
153_S_4159,v01,sc,2011-08-01,MCI
012_S_4026,v03,bl,2011-08-01,CN
012_S_4094,v03,bl,2011-08-01,MCI
123_S_4127,v01,sc,2011-07-21,MCI
014_S_0563,v06,m60,2011-07-25,Dementia
024_S_4158,v01,sc,2011-08-02,CN
023_S_4034,v03,bl,2011-07-31,MCI
024_S_4084,v03,bl,2011-08-03,CN
014_S_4093,v03,bl,2011-08-02,CN
094_S_4162,v01,sc,2011-08-04,MCI
131_S_1389,v06,m48,2011-07-12,Dementia
099_S_4157,v01,sc,2011-08-04,MCI
041_S_4051,v03,bl,2011-08-05,MCI
041_S_0679,v06,m60,2011-08-05,MCI
153_S_4165,v01,sc,2011-08-04,MCI
023_S_4164,v01,sc,2011-08-02,CN
024_S_4169,v01,sc,2011-08-08,MCI
116_S_4167,v01,sc,2011-08-08,MCI
153_S_4172,v01,sc,2011-08-08,Dementia
010_S_4135,v01,sc,2011-07-29,MCI
010_S_0161,v06,m60,2011-07-29,Dementia
010_S_0419,v06,m60,2011-07-29,CN
023_S_4122,v01,sc,2011-08-08,MCI
002_S_0729,v06,m60,2011-08-02,Dementia
002_S_4171,v11,m12,2012-08-21,MCI
011_S_4180,v01,sc,2011-08-10,CN
094_S_4089,v03,bl,2011-08-10,Dementia
116_S_4175,v01,sc,2011-08-10,MCI
022_S_4173,v01,sc,2011-08-11,CN
068_S_4174,v01,sc,2011-08-11,CN
141_S_4160,v01,sc,2011-08-01,MCI
941_S_4187,v01,sc,2011-08-15,MCI
033_S_4179,v01,sc,2011-08-10,CN
067_S_4183,v01,sc,2011-08-15,MCI
153_S_4125,v03,bl,2011-08-02,CN
024_S_4186,v01,sc,2011-08-16,MCI
033_S_4176,v01,sc,2011-08-09,CN
023_S_0058,v06,m60,2011-05-13,CN
033_S_4177,v01,sc,2011-08-09,CN
068_S_4126,v01,sc,2011-08-09,MCI
005_S_4168,v01,sc,2011-08-16,MCI
033_S_4181,v01,sc,2011-08-10,MCI
016_S_4097,v03,bl,2011-08-01,CN
011_S_4120,v03,bl,2011-08-10,CN
016_S_4121,v03,bl,2011-08-08,CN
016_S_4191,v01,sc,2011-08-15,CN
031_S_4194,v01,sc,2011-08-17,MCI
031_S_4203,v01,sc,2011-08-18,MCI
098_S_4050,v03,bl,2011-06-21,CN
067_S_4178,v01,sc,2011-08-18,CN
136_S_4189,v01,sc,2011-08-15,MCI
098_S_4059,v03,bl,2011-06-14,MCI
127_S_4197,v01,sc,2011-08-17,MCI
098_S_4201,v01,sc,2011-08-19,Dementia
941_S_4100,v03,bl,2011-08-16,CN
099_S_4202,v01,sc,2011-08-22,MCI
116_S_0649,v06,m60,2011-08-16,Dementia
003_S_4207,v01,sc,2011-08-19,MCI
116_S_4199,v01,sc,2011-08-22,MCI
014_S_0658,v06,m60,2011-08-08,Dementia
099_S_4205,v01,sc,2011-08-23,MCI
005_S_4185,v01,sc,2011-08-16,MCI
123_S_4096,v03,bl,2011-08-19,MCI
123_S_4170,v01,sc,2011-08-04,MCI
127_S_4198,v01,sc,2011-08-17,CN
114_S_4190,v01,sc,2011-08-19,CN
137_S_0686,v06,m60,2011-08-17,CN
116_S_4195,v01,sc,2011-08-24,Dementia
002_S_4213,v01,sc,2011-08-23,CN
037_S_4214,v01,sc,2011-08-24,MCI
003_S_4119,v03,bl,2011-08-18,CN
012_S_4188,v01,sc,2011-08-23,MCI
116_S_4167,v03,bl,2011-08-25,MCI
116_S_4209,v01,sc,2011-08-25,Dementia
014_S_4080,v03,bl,2011-08-25,CN
003_S_4136,v03,bl,2011-08-23,Dementia
031_S_4149,v03,bl,2011-08-25,MCI
098_S_4215,v01,sc,2011-08-24,Dementia
082_S_4208,v01,sc,2011-08-22,CN
037_S_4071,v03,bl,2011-08-23,CN
024_S_4158,v03,bl,2011-08-29,CN
073_S_4216,v01,sc,2011-08-29,MCI
099_S_0352,v06,m60,2011-08-30,CN
067_S_4212,v01,sc,2011-08-29,MCI
067_S_4184,v01,sc,2011-08-29,MCI
072_S_4206,v01,sc,2011-08-30,MCI
022_S_4196,v01,sc,2011-08-25,CN
153_S_4151,v03,bl,2011-08-29,CN
002_S_4171,v05,m06,2012-02-28,MCI
127_S_4210,v01,sc,2011-08-24,MCI
137_S_0722,v06,m60,2011-08-22,CN
041_S_4200,v01,sc,2011-08-31,CN
068_S_4217,v01,sc,2011-09-01,MCI
037_S_4146,v01,sc,2011-08-31,MCI
011_S_4222,v01,sc,2011-08-31,CN
031_S_4218,v01,sc,2011-09-01,CN
153_S_4159,v03,bl,2011-08-30,MCI
041_S_4143,v03,bl,2011-08-30,MCI
072_S_2026,v06,m12,2011-08-31,MCI
041_S_4041,v03,bl,2011-08-30,CN
129_S_4220,v01,sc,2011-09-02,MCI
024_S_4223,v01,sc,2011-09-02,Dementia
002_S_4219,v01,sc,2011-08-30,MCI
153_S_4133,v03,bl,2011-08-11,MCI
153_S_4139,v03,bl,2011-08-22,CN
002_S_4225,v01,sc,2011-09-01,CN
041_S_1425,v06,m48,2011-08-30,Dementia
024_S_4169,v03,bl,2011-09-06,MCI
021_S_0626,v06,m60,2011-08-31,MCI
137_S_4211,v01,sc,2011-08-23,Dementia
072_S_2027,v06,m12,2011-08-19,MCI
037_S_0588,v06,m60,2011-08-22,Dementia
016_S_0702,v06,m60,2011-08-29,Dementia
116_S_4175,v03,bl,2011-09-07,MCI
116_S_0752,v06,m60,2011-09-07,Dementia
082_S_4224,v01,sc,2011-09-07,CN
073_S_4155,v03,bl,2011-09-07,CN
014_S_4079,v03,bl,2011-07-06,MCI
014_S_4039,v03,bl,2011-07-01,Dementia
137_S_4227,v01,sc,2011-09-06,MCI
011_S_4235,v01,sc,2011-09-07,MCI
072_S_4131,v03,bl,2011-09-08,MCI
094_S_1417,v06,m48,2011-09-08,MCI
137_S_0800,v06,m60,2011-09-09,MCI
002_S_4229,v01,sc,2011-09-06,MCI
941_S_4187,v03,bl,2011-09-09,MCI
033_S_4176,v03,bl,2011-09-07,CN
033_S_4177,v03,bl,2011-09-07,CN
073_S_4230,v01,sc,2011-09-08,MCI
002_S_4237,v01,sc,2011-09-08,MCI
072_S_4226,v01,sc,2011-09-13,MCI
068_S_4134,v03,bl,2011-09-13,MCI
013_S_4236,v01,sc,2011-09-13,MCI
033_S_4179,v03,bl,2011-09-07,CN
129_S_0778,v06,m60,2011-09-14,MCI
127_S_4148,v03,bl,2011-09-14,CN
127_S_4197,v03,bl,2011-09-14,MCI
141_S_0767,v06,m60,2011-09-12,CN
116_S_4209,v03,bl,2011-09-15,Dementia
116_S_4199,v03,bl,2011-09-15,MCI
116_S_4195,v03,bl,2011-09-15,Dementia
072_S_2037,v06,m12,2011-09-15,MCI
127_S_4240,v01,sc,2011-09-16,MCI
024_S_4186,v03,bl,2011-09-16,MCI
072_S_4102,v03,bl,2011-09-15,MCI
012_S_0637,v06,m60,2011-09-16,CN
021_S_4245,v01,sc,2011-09-14,MCI
137_S_1414,v06,m48,2011-09-19,MCI
006_S_4192,v01,sc,2011-09-19,Dementia
019_S_4252,v01,sc,2011-09-16,Dementia
153_S_4172,v03,bl,2011-09-01,Dementia
002_S_4213,v03,bl,2011-09-13,CN
011_S_0002,v06,m72,2011-09-19,CN
082_S_4208,v03,bl,2011-09-19,CN
068_S_4228,v01,sc,2011-09-20,CN
021_S_4254,v01,sc,2011-09-19,CN
002_S_4251,v01,sc,2011-09-15,MCI
099_S_4076,v03,bl,2011-06-22,CN
002_S_4262,v01,sc,2011-09-20,CN
141_S_4182,v01,sc,2011-08-30,MCI
005_S_4168,v03,bl,2011-09-16,MCI
072_S_4103,v03,bl,2011-09-21,CN
067_S_4212,v03,bl,2011-09-22,MCI
067_S_4184,v03,bl,2011-09-22,MCI
029_S_0824,v06,m60,2011-09-22,CN
073_S_4216,v03,bl,2011-09-22,MCI
094_S_4249,v01,sc,2011-09-23,MCI
006_S_4150,v03,bl,2011-09-25,CN
031_S_0830,v06,m60,2011-09-26,Dementia
022_S_4266,v01,sc,2011-09-26,CN
035_S_4082,v03,bl,2011-07-12,CN
031_S_4203,v03,bl,2011-09-22,MCI
031_S_4194,v03,bl,2011-09-15,MCI
941_S_4255,v01,sc,2011-09-19,CN
035_S_4114,v03,bl,2011-09-06,MCI
002_S_4264,v01,sc,2011-09-22,CN
023_S_4035,v03,bl,2011-09-21,MCI
002_S_2043,v06,m12,2011-09-13,MCI
094_S_4162,v03,bl,2011-09-28,MCI
098_S_4275,v01,sc,2011-09-28,CN
137_S_4242,v01,sc,2011-09-16,MCI
011_S_0008,v06,m72,2011-09-29,CN
012_S_4247,v01,sc,2011-09-29,MCI
023_S_4243,v01,sc,2011-09-29,MCI
012_S_4246,v01,sc,2011-09-29,CN
029_S_4279,v01,sc,2011-09-29,CN
041_S_4271,v01,sc,2011-09-28,MCI
130_S_4250,v01,sc,2011-09-29,MCI
137_S_0668,v06,m60,2011-09-29,CN
033_S_0741,v06,m60,2011-08-03,CN
137_S_4258,v01,sc,2011-09-20,Dementia
014_S_4263,v01,sc,2011-09-21,MCI
002_S_2073,v06,m12,2011-09-29,MCI
002_S_4270,v01,sc,2011-09-27,CN
033_S_0734,v06,m60,2011-08-03,CN
024_S_4223,v03,bl,2011-10-03,Dementia
136_S_4269,v01,sc,2011-10-03,CN
032_S_4277,v01,sc,2011-10-03,CN
141_S_4232,v01,sc,2011-09-09,MCI
021_S_4276,v01,sc,2011-09-29,CN
022_S_4173,v03,bl,2011-10-04,CN
003_S_4152,v03,bl,2011-09-27,Dementia
022_S_4196,v03,bl,2011-10-04,CN
032_S_0479,v06,m60,2011-10-05,CN
032_S_0677,v06,m60,2011-10-05,CN
109_S_4260,v01,sc,2011-10-05,MCI
041_S_4138,v03,bl,2011-10-04,MCI
011_S_4278,v01,sc,2011-10-04,CN
024_S_4280,v01,sc,2011-10-06,Dementia
031_S_4005,v05,m06,2011-10-26,MCI
029_S_4290,v01,sc,2011-10-06,CN
129_S_4287,v01,sc,2011-10-05,MCI
007_S_4272,v01,sc,2011-10-06,MCI
123_S_4283,v01,sc,2011-10-06,MCI
068_S_4274,v01,sc,2011-10-06,MCI
013_S_4261,v01,sc,2011-09-27,MCI
099_S_2042,v06,m12,2011-09-07,MCI
019_S_4285,v01,sc,2011-10-05,MCI
002_S_4229,v03,bl,2011-09-27,MCI
002_S_4225,v03,bl,2011-10-04,CN
031_S_4218,v03,bl,2011-09-30,CN
073_S_4259,v01,sc,2011-10-07,MCI
023_S_0887,v06,m60,2011-10-05,Dementia
023_S_4115,v03,bl,2011-10-06,MCI
031_S_0867,v06,m60,2011-10-10,MCI
019_S_4293,v01,sc,2011-10-07,MCI
135_S_4281,v01,sc,2011-10-06,MCI
021_S_2077,v06,m12,2011-10-10,MCI
003_S_4288,v01,sc,2011-10-06,CN
072_S_2083,v06,m12,2011-10-10,MCI
072_S_4206,v03,bl,2011-10-10,MCI
072_S_2072,v06,m12,2011-10-10,MCI
037_S_0150,v06,m60,2011-09-03,MCI
130_S_4294,v01,sc,2011-10-07,MCI
037_S_0539,v06,m60,2011-09-16,Dementia
037_S_0552,v06,m60,2011-07-24,Dementia
037_S_0303,v06,m60,2011-07-23,CN
072_S_4226,v03,bl,2011-10-12,MCI
137_S_4211,v03,bl,2011-10-02,Dementia
129_S_4220,v03,bl,2011-10-12,MCI
073_S_4300,v01,sc,2011-10-13,MCI
037_S_4214,v03,bl,2011-10-11,MCI
037_S_4146,v03,bl,2011-10-12,MCI
141_S_0717,v06,m60,2011-10-06,MCI
082_S_4244,v01,sc,2011-10-13,MCI
094_S_4282,v01,sc,2011-10-13,Dementia
082_S_4224,v03,bl,2011-10-13,CN
029_S_4307,v01,sc,2011-10-13,Dementia
002_S_4219,v03,bl,2011-09-27,MCI
033_S_0906,v06,m60,2011-10-12,Dementia
011_S_4222,v03,bl,2011-10-13,CN
067_S_4310,v01,sc,2011-10-14,MCI
014_S_4306,v01,sc,2011-10-13,CN
021_S_2100,v06,m12,2011-10-11,MCI
023_S_2068,v06,m12,2011-10-13,MCI
137_S_4303,v01,sc,2011-10-13,MCI
123_S_2055,v06,m12,2011-09-20,MCI
020_S_4317,v01,sc,2011-10-18,CN
127_S_4301,v01,sc,2011-10-18,MCI
022_S_4291,v01,sc,2011-10-18,CN
020_S_4322,v01,sc,2011-10-18,CN
073_S_4312,v01,sc,2011-10-20,MCI
073_S_4311,v01,sc,2011-10-20,MCI
127_S_4210,v03,bl,2011-10-19,MCI
013_S_4268,v01,sc,2011-10-18,MCI
032_S_4304,v01,sc,2011-10-19,CN
137_S_4299,v01,sc,2011-10-12,MCI
094_S_4234,v01,sc,2011-10-19,CN
094_S_4295,v01,sc,2011-10-19,MCI
011_S_4235,v03,bl,2011-10-19,MCI
129_S_4314,v01,sc,2011-10-19,MCI
037_S_4302,v01,sc,2011-10-14,MCI
016_S_0359,v06,m60,2011-09-29,CN
011_S_0021,v06,m72,2011-10-19,CN
135_S_4309,v01,sc,2011-10-18,MCI
002_S_4237,v03,bl,2011-10-13,MCI
011_S_4326,v01,sc,2011-10-20,MCI
029_S_4327,v01,sc,2011-10-20,MCI
002_S_4251,v03,bl,2011-10-07,MCI
002_S_4262,v03,bl,2011-10-11,CN
098_S_4215,v03,bl,2011-10-03,Dementia
098_S_2052,v06,m12,2011-10-14,MCI
098_S_4003,v05,m06,2011-10-07,CN
137_S_4258,v03,bl,2011-10-19,Dementia
033_S_0923,v06,m60,2011-10-19,CN
041_S_4200,v03,bl,2011-10-20,CN
033_S_0922,v06,m60,2011-10-19,Dementia
153_S_4297,v01,sc,2011-10-11,MCI
041_S_4271,v03,bl,2011-10-20,MCI
016_S_2284,v06,m12,2011-09-08,MCI
018_S_4313,v01,sc,2011-10-24,CN
018_S_4257,v01,sc,2011-10-10,CN
037_S_4001,v05,m06,2011-10-12,Dementia
141_S_4160,v03,bl,2011-10-11,MCI
098_S_2047,v06,m12,2011-10-01,MCI
023_S_0031,v06,m72,2011-10-23,CN
109_S_4260,v03,bl,2011-10-25,MCI
098_S_2079,v06,m12,2011-10-25,MCI
116_S_4010,v05,m06,2011-10-25,CN
098_S_4095,v03,bl,2011-10-25,Dementia
137_S_4331,v01,sc,2011-10-25,MCI
127_S_4198,v03,bl,2011-10-26,CN
127_S_4240,v03,bl,2011-10-26,MCI
073_S_0311,v06,m60,2011-10-26,CN
153_S_4323,v01,sc,2011-10-19,CN
116_S_4325,v01,sc,2011-10-26,MCI
031_S_4021,v05,m06,2011-10-26,CN
128_S_2045,v06,m12,2011-10-21,MCI
009_S_4324,v01,sc,2011-10-26,MCI
123_S_4170,v03,bl,2011-09-14,MCI
014_S_4263,v03,bl,2011-10-25,MCI
014_S_4328,v01,sc,2011-10-20,MCI
073_S_0089,v06,m72,2011-10-26,CN
021_S_4254,v03,bl,2011-10-11,CN
098_S_4201,v03,bl,2011-10-04,Dementia
098_S_0667,v06,m60,2011-10-27,Dementia
012_S_4316,v01,sc,2011-10-18,CN
019_S_4252,v03,bl,2011-10-28,Dementia
023_S_4122,v03,bl,2011-10-28,MCI
022_S_4320,v01,sc,2011-10-28,CN
116_S_4338,v01,sc,2011-10-31,Dementia
021_S_4335,v01,sc,2011-10-25,CN
068_S_4332,v01,sc,2011-10-31,MCI
082_S_4339,v01,sc,2011-10-31,CN
018_S_4349,v01,sc,2011-11-07,CN
009_S_4337,v01,sc,2011-11-01,CN
032_S_2119,v06,m12,2011-11-02,MCI
006_S_4346,v01,sc,2011-11-02,MCI
003_S_4354,v01,sc,2011-11-01,MCI
082_S_2099,v06,m12,2011-11-02,MCI
099_S_4334,v01,sc,2011-11-02,MCI
137_S_4351,v01,sc,2011-11-01,MCI
029_S_0843,v06,m60,2011-11-03,MCI
130_S_4343,v01,sc,2011-10-28,CN
135_S_4281,v03,bl,2011-10-31,MCI
021_S_4276,v03,bl,2011-10-21,CN
021_S_4245,v03,bl,2011-11-04,MCI
021_S_2125,v06,m12,2011-10-24,MCI
135_S_4356,v01,sc,2011-11-06,MCI
129_S_4287,v03,bl,2011-11-07,MCI
073_S_4360,v01,sc,2011-11-07,MCI
002_S_4270,v03,bl,2011-11-07,CN
011_S_4366,v01,sc,2011-11-07,MCI
036_S_0869,v06,m60,2011-11-03,Dementia
006_S_4357,v01,sc,2011-11-08,CN
006_S_4153,v03,bl,2011-11-08,Dementia
003_S_4350,v01,sc,2011-10-31,CN
011_S_4278,v03,bl,2011-11-08,CN
031_S_4024,v05,m06,2011-11-08,Dementia
032_S_4348,v01,sc,2011-11-09,CN
019_S_4367,v01,sc,2011-11-08,CN
129_S_4369,v01,sc,2011-11-08,CN
016_S_4353,v01,sc,2011-11-01,Dementia
007_S_4272,v03,bl,2011-11-10,MCI
009_S_4358,v01,sc,2011-11-10,CN
019_S_4285,v03,bl,2011-11-04,MCI
006_S_4363,v01,sc,2011-11-10,MCI
094_S_4342,v01,sc,2011-11-10,MCI
041_S_1260,v06,m48,2011-11-10,MCI
082_S_2121,v06,m12,2011-11-09,MCI
129_S_4371,v01,sc,2011-11-10,CN
002_S_4374,v01,sc,2011-11-10,MCI
153_S_4372,v01,sc,2011-11-10,CN
130_S_4352,v01,sc,2011-11-01,CN
021_S_2142,v06,m12,2011-11-04,MCI
014_S_4284,v01,sc,2011-10-05,MCI
099_S_0051,v06,m72,2011-08-08,Dementia
100_S_4329,v01,sc,2011-11-14,MCI
109_S_4378,v01,sc,2011-11-15,Dementia
941_S_4292,v01,sc,2011-11-15,CN
007_S_2058,v06,m12,2011-11-15,MCI
007_S_0698,v06,m60,2011-11-15,MCI
007_S_2106,v06,m12,2011-11-15,MCI
032_S_0978,v06,m60,2011-11-16,Dementia
941_S_4365,v01,sc,2011-11-15,CN
067_S_4310,v03,bl,2011-11-16,MCI
098_S_4286,v01,sc,2011-10-05,MCI
029_S_4384,v01,sc,2011-11-15,CN
068_S_4340,v01,sc,2011-11-17,CN
127_S_1427,v06,m48,2011-08-24,Dementia
136_S_4189,v03,bl,2011-11-15,MCI
009_S_4359,v01,sc,2011-11-18,MCI
073_S_4382,v01,sc,2011-11-18,CN
033_S_1098,v06,m60,2011-11-16,CN
012_S_4128,v03,bl,2011-11-21,MCI
941_S_4255,v03,bl,2011-11-14,CN
135_S_4309,v03,bl,2011-11-14,MCI
036_S_4389,v01,sc,2011-11-21,CN
123_S_4362,v01,sc,2011-11-04,CN
033_S_1016,v06,m60,2011-11-16,CN
941_S_4376,v01,sc,2011-11-22,CN
116_S_4338,v03,bl,2011-11-22,Dementia
082_S_4244,v03,bl,2011-11-23,MCI
024_S_0985,v06,m60,2011-11-22,MCI
024_S_4280,v03,bl,2011-11-23,Dementia
153_S_2109,v06,m12,2011-11-23,MCI
023_S_0926,v06,m60,2011-11-21,CN
114_S_4379,v01,sc,2011-11-21,Dementia
129_S_4396,v01,sc,2011-11-28,CN
941_S_4377,v01,sc,2011-11-28,MCI
100_S_0015,v06,m72,2011-11-29,MCI
941_S_2060,v06,m12,2011-11-17,MCI
109_S_4380,v01,sc,2011-11-28,MCI
153_S_2148,v06,m12,2011-11-23,MCI
073_S_4393,v01,sc,2011-11-29,CN
072_S_4383,v01,sc,2011-11-28,MCI
072_S_4007,v05,m06,2011-11-29,MCI
072_S_4390,v01,sc,2011-11-29,MCI
014_S_4401,v01,sc,2011-11-28,CN
072_S_2093,v06,m12,2011-11-30,MCI
127_S_1419,v06,m48,2011-11-30,MCI
021_S_4402,v01,sc,2011-11-28,MCI
094_S_4234,v03,bl,2012-06-13,CN
123_S_4127,v03,bl,2011-08-16,MCI
011_S_4366,v03,bl,2011-12-01,MCI
024_S_4392,v01,sc,2011-12-01,MCI
007_S_4387,v01,sc,2011-11-21,CN
073_S_4403,v01,sc,2011-12-01,MCI
072_S_2116,v06,m12,2011-11-29,MCI
014_S_4328,v03,bl,2011-12-01,MCI
018_S_4400,v01,sc,2011-12-02,CN
018_S_4399,v01,sc,2011-12-02,CN
135_S_4406,v01,sc,2011-11-30,MCI
013_S_4395,v01,sc,2011-11-30,MCI
127_S_4301,v03,bl,2011-11-22,MCI
127_S_0925,v06,m60,2011-11-30,MCI
009_S_4388,v01,sc,2011-12-02,CN
129_S_4409,v01,sc,2011-11-30,Dementia
003_S_4373,v01,sc,2011-11-10,Dementia
130_S_4415,v01,sc,2011-12-05,MCI
021_S_2124,v06,m12,2011-11-08,MCI
031_S_4029,v05,m06,2011-12-05,MCI
136_S_4408,v01,sc,2011-12-02,MCI
032_S_4277,v03,bl,2011-12-07,CN
032_S_4386,v01,sc,2011-12-07,CN
116_S_4043,v05,m06,2011-12-07,CN
137_S_4299,v03,bl,2011-12-05,MCI
037_S_4410,v01,sc,2011-12-07,CN
137_S_4303,v03,bl,2011-12-05,MCI
033_S_1116,v06,m60,2011-12-02,Dementia
098_S_4370,v01,sc,2011-12-07,CN
067_S_2196,v06,m12,2011-12-07,MCI
135_S_4356,v03,bl,2011-11-28,MCI
006_S_0498,v06,m60,2011-12-08,CN
006_S_0731,v06,m60,2011-12-08,CN
006_S_4192,v03,bl,2011-12-08,Dementia
006_S_4346,v03,bl,2011-12-08,MCI
005_S_0553,v06,m60,2011-12-08,CN
005_S_4185,v03,bl,2011-12-08,MCI
141_S_1052,v06,m60,2011-12-08,MCI
029_S_4290,v03,bl,2011-12-08,CN
005_S_0572,v06,m60,2011-12-08,Dementia
035_S_4256,v01,sc,2011-12-08,MCI
005_S_0610,v06,m60,2011-12-08,CN
114_S_4404,v01,sc,2011-12-02,MCI
129_S_4422,v01,sc,2011-12-07,CN
082_S_4339,v03,bl,2011-12-08,CN
024_S_2239,v06,m12,2011-12-09,MCI
021_S_4419,v01,sc,2011-12-06,MCI
012_S_4425,v01,sc,2011-12-09,CN
021_S_4421,v01,sc,2011-12-07,CN
041_S_4375,v01,sc,2011-12-12,MCI
018_S_4313,v03,bl,2011-12-02,CN
003_S_4288,v03,bl,2011-12-13,CN
037_S_4028,v05,m06,2011-12-05,CN
036_S_4430,v01,sc,2011-12-12,MCI
082_S_4428,v01,sc,2011-12-12,CN
037_S_4030,v05,m06,2011-12-05,MCI
037_S_4015,v05,m06,2011-12-05,MCI
068_S_4424,v01,sc,2011-12-13,CN
141_S_4423,v01,sc,2011-12-12,MCI
032_S_4429,v01,sc,2011-12-14,CN
022_S_4320,v03,bl,2011-12-14,CN
021_S_4335,v03,bl,2011-11-30,CN
067_S_2195,v06,m12,2011-12-14,MCI
023_S_4164,v03,bl,2011-12-13,CN
023_S_4034,v05,m06,2011-12-13,MCI
011_S_4075,v05,m06,2011-12-14,CN
014_S_4039,v05,m06,2011-12-14,Dementia
041_S_4427,v01,sc,2011-12-16,CN
141_S_4426,v01,sc,2011-12-16,MCI
031_S_4032,v05,m06,2011-12-16,CN
067_S_4054,v05,m06,2011-12-16,MCI
067_S_0059,v06,m72,2011-12-16,CN
014_S_4079,v05,m06,2011-12-15,MCI
067_S_0056,v06,m72,2011-12-16,CN
130_S_4405,v01,sc,2011-12-02,MCI
011_S_1080,v06,m60,2011-12-15,Dementia
019_S_4293,v03,bl,2011-12-16,MCI
014_S_4080,v05,m06,2011-12-19,CN
073_S_4259,v03,bl,2011-12-16,MCI
073_S_4300,v03,bl,2011-12-16,MCI
007_S_4387,v03,bl,2011-12-19,CN
019_S_4367,v03,bl,2011-12-19,CN
137_S_0994,v06,m60,2011-12-16,Dementia
135_S_4406,v03,bl,2011-12-13,MCI
137_S_4331,v03,bl,2011-12-16,MCI
022_S_4266,v03,bl,2011-11-30,CN
129_S_4369,v03,bl,2011-12-14,CN
129_S_4396,v03,bl,2011-12-14,CN
141_S_0697,v06,m60,2011-10-21,Dementia
031_S_4042,v05,m06,2011-12-21,MCI
003_S_4441,v01,sc,2011-12-20,CN
136_S_4433,v01,sc,2011-12-16,CN
941_S_4292,v03,bl,2011-12-20,CN
014_S_4401,v03,bl,2011-12-19,CN
072_S_4391,v01,sc,2011-12-21,CN
023_S_1046,v06,m60,2011-12-21,MCI
136_S_4269,v03,bl,2011-12-09,CN
129_S_4073,v05,m06,2011-12-21,MCI
041_S_1418,v06,m48,2011-12-22,MCI
072_S_4394,v01,sc,2011-12-22,MCI
141_S_4438,v01,sc,2011-12-22,MCI
005_S_0602,v06,m60,2011-12-23,CN
011_S_0023,v06,m72,2011-12-22,CN
005_S_0546,v06,m60,2011-12-08,MCI
141_S_4232,v03,bl,2011-12-20,MCI
129_S_4371,v03,bl,2011-12-21,CN
010_S_4345,v01,sc,2011-11-22,CN
129_S_4422,v03,bl,2011-12-28,CN
009_S_1030,v06,m60,2011-11-14,Dementia
073_S_4443,v01,sc,2012-01-03,MCI
098_S_4018,v05,m06,2011-11-28,CN
024_S_4084,v05,m06,2012-01-04,CN
031_S_1066,v06,m60,2012-01-05,Dementia
094_S_4434,v01,sc,2012-01-04,MCI
037_S_4308,v01,sc,2012-01-04,CN
094_S_4440,v01,sc,2012-01-04,MCI
094_S_4282,v03,bl,2012-01-04,Dementia
073_S_4311,v03,bl,2012-01-04,MCI
094_S_4089,v05,m06,2012-01-04,Dementia
002_S_4447,v01,sc,2012-01-03,MCI
073_S_4312,v03,bl,2012-01-04,MCI
128_S_0205,v06,m72,2012-01-04,CN
128_S_0138,v06,m72,2012-01-04,CN
128_S_1407,v06,m48,2012-01-04,Dementia
128_S_2123,v06,m12,2012-01-04,CN
128_S_0863,v06,m60,2012-01-04,CN
128_S_1406,v06,m48,2012-01-04,MCI
128_S_2036,v06,m12,2012-01-04,MCI
013_S_4268,v03,bl,2012-01-04,MCI
098_S_4275,v03,bl,2011-12-15,CN
029_S_0914,v06,m60,2012-01-05,MCI
022_S_4444,v01,sc,2012-01-04,MCI
014_S_4058,v05,m06,2012-01-06,MCI
023_S_4241,v01,sc,2012-01-05,MCI
135_S_4446,v01,sc,2012-01-05,CN
002_S_4450,v01,sc,2012-01-05,MCI
012_S_4188,v03,bl,2012-01-03,MCI
023_S_0042,v11,m72,2012-01-06,Dementia
012_S_4026,v05,m06,2012-01-09,CN
006_S_4449,v01,sc,2012-01-09,CN
002_S_1155,v06,m60,2012-01-09,MCI
006_S_4363,v03,bl,2012-01-10,MCI
037_S_4381,v01,sc,2012-01-09,MCI
016_S_4009,v05,m06,2011-12-20,Dementia
082_S_4428,v03,bl,2012-01-09,CN
126_S_4458,v01,sc,2012-01-10,MCI
109_S_4454,v01,sc,2012-01-10,MCI
116_S_4453,v01,sc,2012-01-10,CN
141_S_4456,v01,sc,2012-01-09,MCI
130_S_4417,v01,sc,2011-12-06,MCI
130_S_4468,v01,sc,2012-01-11,MCI
941_S_4365,v03,bl,2012-01-10,CN
072_S_4445,v01,sc,2011-12-22,MCI
035_S_4457,v01,sc,2012-01-11,CN
035_S_4464,v01,sc,2012-01-11,CN
130_S_4352,v03,bl,2012-01-11,CN
109_S_4455,v01,sc,2012-01-12,MCI
023_S_4448,v01,sc,2012-01-12,CN
128_S_0522,v06,m72,2012-01-12,MCI
128_S_1043,v06,m60,2012-01-12,Dementia
137_S_4466,v01,sc,2012-01-11,CN
011_S_4105,v05,m06,2012-01-12,CN
007_S_4467,v01,sc,2012-01-11,MCI
099_S_4086,v03,bl,2011-07-19,CN
029_S_4385,v01,sc,2012-01-12,CN
029_S_4327,v03,bl,2012-01-12,MCI
128_S_0230,v06,m72,2012-01-12,Dementia
010_S_0420,v06,m60,2011-10-26,CN
141_S_0915,v06,m60,2012-01-11,Dementia
114_S_0378,v06,m72,2012-01-16,Dementia
006_S_4357,v03,bl,2012-01-17,CN
019_S_4477,v01,sc,2012-01-13,Dementia
109_S_4471,v01,sc,2012-01-17,MCI
003_S_0908,v06,m60,2012-01-11,MCI
014_S_4093,v05,m06,2012-01-15,CN
014_S_2185,v06,m12,2012-01-15,MCI
073_S_4360,v03,bl,2012-01-18,MCI
094_S_2238,v06,m12,2012-01-18,MCI
137_S_4482,v01,sc,2012-01-12,CN
036_S_4491,v01,sc,2012-01-19,CN
029_S_4279,v03,bl,2012-01-19,CN
068_S_2168,v06,m12,2012-01-18,MCI
068_S_2171,v06,m12,2012-01-18,MCI
068_S_2184,v06,m12,2012-01-18,MCI
068_S_4332,v03,bl,2012-01-18,MCI
068_S_4217,v03,bl,2012-01-18,MCI
068_S_2187,v06,m12,2012-01-18,MCI
068_S_4061,v05,m06,2012-01-18,MCI
116_S_4483,v01,sc,2012-01-17,CN
031_S_4476,v01,sc,2012-01-19,MCI
031_S_4474,v01,sc,2012-01-19,CN
031_S_2233,v06,m12,2012-01-19,MCI
002_S_4473,v01,sc,2012-01-12,MCI
137_S_4351,v03,bl,2012-01-13,MCI
021_S_4402,v03,bl,2011-12-19,MCI
068_S_4174,v03,bl,2012-01-18,CN
068_S_4274,v03,bl,2012-01-18,MCI
068_S_4340,v03,bl,2012-01-18,CN
068_S_4424,v03,bl,2012-01-18,CN
068_S_0872,v06,m60,2012-01-18,Dementia
068_S_0802,v06,m60,2012-01-18,MCI
099_S_4463,v01,sc,2012-01-13,MCI
099_S_4104,v03,bl,2011-07-12,CN
041_S_4427,v03,bl,2012-01-19,CN
141_S_1004,v06,m60,2012-01-20,Dementia
006_S_4485,v01,sc,2012-01-23,CN
003_S_4441,v03,bl,2012-01-18,CN
094_S_4459,v01,sc,2012-01-23,CN
126_S_4494,v01,sc,2012-01-23,Dementia
094_S_4460,v01,sc,2012-01-23,CN
022_S_1097,v06,m60,2012-01-23,Dementia
041_S_4060,v05,m06,2012-01-24,CN
100_S_0069,v06,m72,2012-01-23,MCI
024_S_4392,v03,bl,2012-01-24,MCI
072_S_4057,v05,m06,2012-01-23,Dementia
041_S_4037,v05,m06,2012-01-24,CN
072_S_4391,v03,bl,2012-01-24,CN
072_S_4390,v03,bl,2012-01-24,MCI
022_S_4291,v03,bl,2012-01-24,CN
099_S_4475,v01,sc,2012-01-17,MCI
041_S_4014,v05,m06,2012-01-24,CN
109_S_4499,v01,sc,2012-01-24,CN
035_S_2061,v06,m12,2011-11-30,MCI
072_S_2164,v06,m12,2012-01-17,MCI
035_S_2074,v06,m12,2012-01-24,MCI
035_S_0555,v06,m60,2012-01-24,MCI
035_S_0997,v06,m60,2012-01-24,Dementia
072_S_4063,v05,m06,2012-01-19,MCI
016_S_4097,v05,m06,2012-01-17,CN
099_S_4480,v01,sc,2012-01-17,MCI
082_S_4497,v01,sc,2012-01-25,Dementia
010_S_4442,v01,sc,2012-01-20,CN
072_S_4462,v01,sc,2012-01-24,MCI
072_S_4383,v03,bl,2012-01-24,MCI
041_S_4004,v05,m06,2012-01-24,MCI
041_S_4041,v05,m06,2012-01-25,MCI
007_S_4488,v01,sc,2012-01-19,CN
036_S_4389,v03,bl,2012-01-20,CN
031_S_4496,v01,sc,2012-01-25,CN
072_S_4394,v03,bl,2012-01-24,MCI
126_S_4507,v01,sc,2012-01-26,MCI
072_S_4102,v05,m06,2012-01-17,MCI
022_S_1394,v06,m48,2012-01-27,Dementia
037_S_4432,v01,sc,2012-01-25,MCI
098_S_4506,v01,sc,2012-01-25,CN
033_S_4508,v01,sc,2012-01-26,CN
041_S_4051,v05,m06,2012-01-27,MCI
033_S_4505,v01,sc,2012-01-25,CN
135_S_4489,v01,sc,2012-01-25,MCI
126_S_4514,v01,sc,2012-01-30,MCI
130_S_4415,v03,bl,2012-01-27,MCI
041_S_4495,v01,sc,2012-01-30,MCI
007_S_4516,v01,sc,2012-01-30,CN
116_S_4092,v05,m06,2012-01-30,CN
003_S_4354,v03,bl,2012-01-24,MCI
072_S_4465,v01,sc,2012-01-30,MCI
126_S_4458,v03,bl,2012-01-31,MCI
011_S_4519,v01,sc,2012-01-30,Dementia
003_S_0907,v06,m60,2012-01-25,CN
073_S_4382,v03,bl,2012-01-31,CN
099_S_1034,v06,m60,2011-06-22,MCI
032_S_4386,v03,bl,2012-02-01,CN
137_S_4520,v01,sc,2012-01-31,CN
012_S_4094,v05,m06,2012-02-01,Dementia
009_S_4324,v03,bl,2011-12-02,MCI
009_S_4337,v03,bl,2011-12-08,CN
130_S_4405,v03,bl,2012-02-01,MCI
153_S_4372,v03,bl,2011-12-07,CN
006_S_4515,v01,sc,2012-02-01,MCI
012_S_4012,v05,m06,2012-02-01,MCI
068_S_4431,v01,sc,2012-02-01,MCI
037_S_0566,v06,m60,2011-10-24,MCI
094_S_4486,v01,sc,2012-02-01,MCI
036_S_1023,v06,m60,2012-01-26,CN
003_S_4373,v03,bl,2012-01-31,Dementia
116_S_4453,v03,bl,2012-02-01,CN
127_S_4500,v01,sc,2012-02-01,Dementia
941_S_4376,v03,bl,2012-02-02,CN
941_S_4036,v05,m06,2012-02-02,MCI
128_S_2220,v06,m12,2012-02-02,MCI
016_S_4353,v03,bl,2012-01-24,Dementia
128_S_2130,v06,m12,2012-02-02,MCI
128_S_2151,v06,m12,2012-02-03,MCI
141_S_4426,v03,bl,2012-02-02,MCI
099_S_2205,v06,m12,2011-12-15,MCI
073_S_4393,v03,bl,2011-12-20,CN
073_S_4403,v03,bl,2012-01-31,MCI
011_S_4120,v05,m06,2012-02-06,CN
021_S_4419,v03,bl,2011-12-22,MCI
003_S_4524,v01,sc,2012-02-03,MCI
135_S_4446,v03,bl,2012-01-23,CN
099_S_4157,v03,bl,2011-09-15,MCI
137_S_4529,v01,sc,2012-02-06,MCI
041_S_4510,v01,sc,2012-02-06,MCI
022_S_0096,v06,m72,2012-02-07,CN
041_S_4509,v01,sc,2012-02-07,CN
023_S_4502,v01,sc,2012-02-06,MCI
037_S_4410,v03,bl,2012-01-17,CN
037_S_4302,v03,bl,2012-01-17,MCI
109_S_4531,v01,sc,2012-02-07,MCI
099_S_4202,v03,bl,2011-10-10,MCI
130_S_4294,v03,bl,2012-02-03,MCI
130_S_0886,v06,m60,2012-02-06,CN
036_S_4535,v01,sc,2012-02-07,MCI
009_S_4530,v01,sc,2012-02-06,MCI
006_S_4528,v01,sc,2012-02-08,MCI
123_S_4526,v01,sc,2012-02-03,Dementia
032_S_1169,v06,m60,2012-02-08,MCI
130_S_4250,v03,bl,2012-02-08,MCI
037_S_1078,v06,m60,2012-02-08,Dementia
073_S_4155,v05,m06,2012-02-08,CN
021_S_4421,v03,bl,2012-01-11,CN
137_S_4536,v01,sc,2012-02-08,MCI
036_S_4538,v01,sc,2012-02-08,MCI
009_S_4388,v03,bl,2012-02-09,CN
009_S_4359,v03,bl,2012-01-17,MCI
126_S_1187,v06,m60,2012-02-09,MCI
029_S_4384,v03,bl,2012-02-09,CN
023_S_4020,v05,m06,2012-02-03,CN
072_S_4522,v01,sc,2012-02-09,MCI
116_S_1232,v06,m60,2012-02-08,CN
024_S_4158,v05,m06,2012-02-10,CN
099_S_4205,v03,bl,2011-11-04,MCI
141_S_4456,v03,bl,2012-02-10,MCI
016_S_4121,v05,m06,2012-01-23,CN
016_S_4532,v01,sc,2012-02-07,CN
011_S_4547,v01,sc,2012-02-13,MCI
007_S_4467,v03,bl,2012-02-08,MCI
002_S_4521,v01,sc,2012-01-31,MCI
126_S_4507,v03,bl,2012-02-14,MCI
116_S_4537,v01,sc,2012-02-14,Dementia
041_S_4523,v01,sc,2012-02-14,MCI
073_S_4540,v01,sc,2012-02-14,MCI
100_S_4469,v01,sc,2012-02-15,CN
100_S_4492,v01,sc,2012-02-14,CN
100_S_4511,v01,sc,2012-02-14,CN
099_S_2063,v06,m12,2011-10-31,MCI
126_S_4494,v03,bl,2012-02-15,Dementia
019_S_4548,v01,sc,2012-02-13,MCI
014_S_0169,v06,m72,2012-02-16,MCI
021_S_2150,v06,m12,2012-02-14,CN
094_S_2201,v06,m12,2012-02-15,CN
094_S_4503,v01,sc,2012-02-15,CN
099_S_2146,v06,m12,2011-11-30,MCI
006_S_4546,v01,sc,2012-02-15,Dementia
021_S_0984,v06,m60,2012-01-12,CN
128_S_0770,v06,m60,2012-02-14,MCI
153_S_4297,v03,bl,2011-11-08,MCI
019_S_4477,v03,bl,2012-02-16,Dementia
029_S_4307,v03,bl,2012-02-16,Dementia
128_S_4553,v01,sc,2012-02-16,MCI
128_S_0135,v06,m72,2012-02-14,MCI
002_S_4447,v03,bl,2012-02-06,MCI
023_S_0126,v06,m72,2012-02-16,Dementia
033_S_4505,v03,bl,2012-02-15,CN
011_S_2274,v06,m12,2012-02-16,Dementia
153_S_4133,v05,m06,2012-02-17,MCI
130_S_4542,v01,sc,2012-02-10,MCI
130_S_4417,v03,bl,2012-02-10,MCI
073_S_4552,v01,sc,2012-02-17,CN
067_S_4072,v05,m06,2012-02-20,MCI
033_S_4508,v03,bl,2012-02-15,CN
003_S_4555,v01,sc,2012-02-17,CN
141_S_4438,v03,bl,2012-02-06,MCI
116_S_1249,v06,m60,2012-02-15,CN
009_S_4543,v01,sc,2012-02-12,MCI
012_S_4544,v01,sc,2012-02-13,Dementia
023_S_4448,v03,bl,2012-02-21,CN
116_S_4483,v03,bl,2012-02-21,CN
129_S_4220,v05,m06,2012-02-17,MCI
141_S_2210,v06,m12,2012-02-20,MCI
141_S_4423,v03,bl,2012-02-21,MCI
141_S_4053,v05,m06,2012-02-17,MCI
126_S_4514,v03,bl,2012-02-22,MCI
013_S_4416,v01,sc,2011-12-12,CN
013_S_4395,v03,bl,2012-02-21,MCI
109_S_4380,v03,bl,2012-01-26,MCI
135_S_4489,v03,bl,2012-02-13,MCI
036_S_4430,v03,bl,2012-02-15,MCI
036_S_4491,v03,bl,2012-02-21,CN
128_S_0200,v06,m72,2012-02-23,MCI
012_S_4545,v01,sc,2012-02-13,CN
036_S_4562,v01,sc,2012-02-22,MCI
129_S_2332,v06,m12,2012-02-22,MCI
041_S_4513,v01,sc,2012-02-23,MCI
099_S_4498,v01,sc,2012-02-27,MCI
128_S_0225,v06,m72,2012-02-21,MCI
128_S_4571,v01,sc,2012-02-23,MCI
073_S_2153,v06,m12,2012-02-24,MCI
021_S_4558,v01,sc,2012-02-20,CN
016_S_4533,v01,sc,2012-02-07,MCI
053_S_4557,v01,sc,2012-02-21,MCI
072_S_4539,v01,sc,2012-02-24,MCI
099_S_4565,v01,sc,2012-02-27,MCI
003_S_4119,v05,m06,2012-02-23,CN
941_S_4377,v03,bl,2012-02-23,MCI
007_S_4568,v01,sc,2012-02-23,Dementia
007_S_4488,v03,bl,2012-02-16,CN
014_S_4576,v01,sc,2012-02-27,CN
114_S_4404,v03,bl,2012-01-26,MCI
073_S_4559,v01,sc,2012-02-27,CN
073_S_4443,v03,bl,2012-02-27,MCI
073_S_2190,v06,m12,2012-02-27,MCI
035_S_4414,v01,sc,2012-02-27,MCI
009_S_4564,v01,sc,2012-02-27,MCI
002_S_4473,v03,bl,2012-02-16,MCI
116_S_4167,v05,m06,2012-02-28,MCI
067_S_2304,v06,m12,2012-02-29,MCI
114_S_0166,v06,m72,2012-02-29,MCI
153_S_4139,v05,m06,2012-02-20,CN
014_S_4577,v01,sc,2012-02-28,CN
023_S_4243,v03,bl,2012-02-29,MCI
013_S_4570,v01,sc,2012-02-29,CN
116_S_4175,v05,m06,2012-02-29,MCI
023_S_4478,v01,sc,2012-03-01,MCI
098_S_4050,v05,m06,2011-11-29,CN
029_S_4585,v01,sc,2012-03-01,CN
098_S_0896,v06,m60,2011-12-01,CN
006_S_4449,v03,bl,2012-03-01,CN
128_S_4586,v01,sc,2012-03-01,CN
006_S_4485,v03,bl,2012-03-01,CN
006_S_4515,v03,bl,2012-03-01,MCI
006_S_1130,v06,m60,2012-03-01,Dementia
023_S_0061,v06,m72,2012-02-07,CN
032_S_4429,v03,bl,2012-03-02,CN
135_S_4566,v01,sc,2012-02-29,CN
033_S_4177,v05,m06,2012-03-01,CN
033_S_4176,v05,m06,2012-03-01,CN
033_S_4179,v05,m06,2012-03-02,CN
094_S_4560,v01,sc,2012-03-02,CN
131_S_0123,v06,m72,2012-03-02,MCI
094_S_4434,v03,bl,2012-03-02,MCI
018_S_4257,v03,bl,2011-11-10,CN
018_S_4349,v03,bl,2011-11-23,CN
018_S_4399,v03,bl,2011-12-29,CN
018_S_4400,v03,bl,2011-12-28,CN
018_S_2133,v06,m12,2012-03-05,MCI
018_S_2155,v06,m12,2012-03-05,MCI
018_S_2180,v06,m12,2011-01-27,MCI
037_S_0377,v06,m72,2012-03-02,MCI
024_S_4169,v05,m06,2012-03-05,MCI
072_S_4131,v05,m06,2012-03-05,MCI
053_S_4578,v01,sc,2012-02-28,CN
100_S_4551,v01,sc,2012-03-06,CN
022_S_2263,v06,m12,2012-03-06,MCI
137_S_4587,v01,sc,2012-03-02,CN
022_S_4444,v03,bl,2012-03-06,MCI
128_S_4553,v03,bl,2012-03-06,MCI
007_S_4516,v03,bl,2012-03-05,CN
029_S_4385,v03,bl,2012-03-07,CN
002_S_1261,v06,m60,2012-02-21,CN
067_S_2301,v06,m12,2012-03-02,MCI
072_S_4462,v03,bl,2012-03-07,MCI
072_S_4465,v03,bl,2012-03-07,MCI
003_S_1122,v06,m60,2012-01-20,MCI
073_S_0746,v06,m60,2012-03-07,MCI
072_S_4569,v01,sc,2012-03-07,MCI
031_S_4590,v01,sc,2012-03-08,MCI
016_S_4591,v01,sc,2012-03-05,Dementia
018_S_4597,v01,sc,2012-03-12,MCI
109_S_4455,v03,bl,2012-03-05,MCI
098_S_4059,v05,m06,2011-12-14,MCI
031_S_4476,v03,bl,2012-03-08,MCI
031_S_4474,v03,bl,2012-03-08,CN
072_S_4445,v03,bl,2012-02-06,MCI
098_S_0160,v11,m72,2012-02-28,Dementia
072_S_4522,v03,bl,2012-03-09,MCI
031_S_4496,v03,bl,2012-03-09,CN
013_S_4579,v01,sc,2012-03-07,CN
032_S_4348,v03,bl,2011-03-09,CN
130_S_4589,v01,sc,2012-03-05,Dementia
023_S_4501,v01,sc,2012-03-08,Dementia
153_S_4172,v05,m06,2012-03-07,Dementia
022_S_2167,v06,m12,2012-03-09,MCI
141_S_1255,v06,m60,2012-03-09,Dementia
035_S_4588,v01,sc,2012-03-09,MCI
153_S_4077,v05,m06,2012-02-29,MCI
035_S_4582,v01,sc,2012-03-09,MCI
128_S_4599,v01,sc,2012-03-07,CN
016_S_4584,v01,sc,2012-03-01,MCI
041_S_4143,v05,m06,2012-03-09,MCI
016_S_4575,v01,sc,2012-02-27,MCI
037_S_4308,v03,bl,2012-03-05,CN
082_S_4208,v05,m06,2012-03-12,CN
153_S_4125,v05,m06,2012-02-29,CN
073_S_4216,v05,m06,2012-03-12,MCI
127_S_2213,v06,m12,2012-02-29,MCI
041_S_4510,v03,bl,2012-03-12,MCI
137_S_4596,v01,sc,2012-03-07,MCI
137_S_4466,v03,bl,2012-03-08,CN
041_S_4513,v03,bl,2012-03-12,MCI
100_S_1286,v06,m60,2012-03-13,CN
136_S_4517,v01,sc,2012-03-13,MCI
130_S_4605,v01,sc,2012-03-12,MCI
128_S_4603,v01,sc,2012-03-13,MCI
135_S_4598,v01,sc,2012-03-13,CN
013_S_4580,v01,sc,2012-03-07,CN
128_S_4607,v01,sc,2012-03-13,CN
941_S_4420,v01,sc,2012-03-14,MCI
073_S_2225,v06,m12,2012-03-14,MCI
127_S_0112,v06,m72,2012-02-29,CN
127_S_4604,v01,sc,2012-03-14,CN
128_S_0229,v06,m72,2012-03-14,CN
009_S_4612,v01,sc,2012-03-14,CN
016_S_4601,v01,sc,2012-03-08,MCI
007_S_4611,v01,sc,2012-03-14,MCI
128_S_4581,v01,sc,2012-03-15,MCI
116_S_1271,v11,m60,2012-03-14,Dementia
127_S_2234,v06,m12,2012-02-29,CN
127_S_1032,v06,m60,2012-02-29,MCI
021_S_0159,v06,m72,2012-03-08,CN
153_S_4151,v05,m06,2012-03-14,CN
099_S_4480,v03,bl,2012-03-05,MCI
002_S_4171,v03,bl,2011-08-25,MCI
002_S_1280,v06,m60,2012-03-01,CN
127_S_4148,v05,m06,2012-02-29,CN
094_S_2216,v06,m12,2012-03-16,MCI
020_S_4619,v01,sc,2012-03-01,MCI
014_S_4615,v01,sc,2012-03-15,Dementia
109_S_4594,v01,sc,2012-03-13,MCI
099_S_4463,v03,bl,2012-02-01,MCI
021_S_0178,v06,m72,2012-03-08,MCI
031_S_4149,v05,m06,2012-03-19,MCI
031_S_4194,v05,m06,2012-03-19,MCI
130_S_4343,v03,bl,2012-02-21,CN
007_S_0101,v06,m72,2012-03-19,Dementia
153_S_4621,v01,sc,2012-03-19,MCI
007_S_4620,v01,sc,2012-03-19,CN
082_S_4090,v05,m06,2012-01-04,CN
024_S_4223,v05,m06,2012-03-20,Dementia
099_S_4475,v03,bl,2012-03-01,MCI
009_S_4530,v03,bl,2012-02-27,MCI
007_S_4568,v03,bl,2012-03-19,Dementia
002_S_4213,v05,m06,2012-03-15,CN
114_S_1118,v06,m60,2012-03-22,MCI
114_S_0416,v06,m72,2012-03-21,CN
013_S_4616,v01,sc,2012-03-21,CN
011_S_4547,v03,bl,2012-03-21,MCI
009_S_2208,v06,m12,2012-01-09,MCI
082_S_1256,v06,m48,2011-04-21,CN
052_S_4626,v01,sc,2012-03-20,MCI
128_S_4609,v01,sc,2012-03-21,CN
128_S_4636,v01,sc,2012-03-21,MCI
127_S_4618,v01,sc,2012-03-22,CN
014_S_2308,v06,m12,2012-03-19,MCI
137_S_4623,v01,sc,2012-03-20,MCI
005_S_4617,v01,sc,2012-03-22,Dementia
073_S_4614,v01,sc,2012-03-22,MCI
072_S_4606,v01,sc,2012-03-22,MCI
072_S_4613,v01,sc,2012-03-22,MCI
941_S_4187,v05,m06,2012-03-20,MCI
072_S_4610,v01,sc,2012-03-22,MCI
116_S_4195,v05,m06,2012-03-22,Dementia
016_S_4583,v01,sc,2012-02-29,Dementia
007_S_4637,v01,sc,2012-03-22,CN
009_S_0842,v06,m60,2011-10-24,CN
024_S_4622,v01,sc,2012-03-26,MCI
137_S_4482,v03,bl,2012-03-23,CN
013_S_4595,v01,sc,2012-03-21,MCI
109_S_4531,v03,bl,2012-03-22,MCI
130_S_4542,v03,bl,2012-03-26,MCI
116_S_4625,v01,sc,2012-03-26,Dementia
037_S_4071,v05,m06,2012-03-16,CN
116_S_4635,v01,sc,2012-03-26,MCI
009_S_4543,v03,bl,2012-03-21,MCI
037_S_0454,v06,m72,2012-03-16,MCI
037_S_4432,v03,bl,2012-03-16,MCI
130_S_4641,v01,sc,2012-03-23,Dementia
067_S_4184,v05,m06,2012-03-23,MCI
137_S_4632,v01,sc,2012-03-21,CN
114_S_1106,v06,m60,2012-03-21,MCI
067_S_4212,v05,m06,2012-03-23,MCI
153_S_4159,v05,m06,2012-03-07,MCI
068_S_4431,v03,bl,2012-03-21,MCI
068_S_4174,v05,m06,2012-03-21,CN
068_S_0127,v11,m72,2012-03-21,MCI
098_S_4506,v03,bl,2012-03-15,CN
068_S_2248,v06,m12,2012-03-21,MCI
012_S_1212,v06,m60,2012-03-27,CN
022_S_4608,v01,sc,2012-03-21,MCI
003_S_4644,v01,sc,2012-03-27,CN
072_S_4539,v03,bl,2012-03-23,MCI
021_S_4633,v01,sc,2012-03-21,MCI
002_S_4521,v03,bl,2012-02-23,MCI
003_S_4555,v03,bl,2012-03-23,CN
012_S_4643,v01,sc,2012-03-27,CN
128_S_4647,v01,sc,2012-03-28,MCI
941_S_1195,v06,m60,2012-03-29,CN
129_S_4287,v05,m06,2012-03-28,MCI
127_S_4645,v01,sc,2012-03-29,CN
006_S_4150,v05,m06,2012-03-29,CN
116_S_4199,v05,m06,2012-03-28,MCI
029_S_4652,v01,sc,2012-03-29,CN
023_S_4241,v03,bl,2012-03-29,MCI
129_S_2347,v06,m12,2012-03-28,MCI
002_S_4654,v01,sc,2012-03-29,MCI
123_S_0108,v06,m72,2011-02-15,Dementia
003_S_0981,v06,m60,2012-03-29,CN
109_S_4593,v01,sc,2012-03-30,CN
100_S_4512,v01,sc,2012-04-01,MCI
128_S_4653,v01,sc,2012-03-29,MCI
099_S_4157,v05,m06,2012-03-27,MCI
003_S_1057,v06,m60,2012-03-08,Dementia
012_S_4642,v01,sc,2012-03-26,CN
014_S_4577,v03,bl,2012-04-02,CN
014_S_4576,v03,bl,2012-04-02,CN
012_S_4128,v05,m06,2012-03-28,MCI
109_S_4499,v03,bl,2012-03-27,CN
032_S_2240,v06,m12,2012-04-04,MCI
023_S_0058,v11,m72,2012-04-03,CN
130_S_4660,v01,sc,2012-04-03,Dementia
094_S_4162,v05,m06,2012-04-04,MCI
031_S_4590,v03,bl,2012-04-05,MCI
023_S_4035,v05,m06,2012-04-05,MCI
011_S_4366,v05,m06,2012-04-04,MCI
002_S_4662,v01,sc,2012-04-03,MCI
135_S_4657,v01,sc,2012-04-05,Dementia
135_S_4658,v01,sc,2012-04-06,MCI
021_S_4558,v03,bl,2012-03-26,CN
031_S_4203,v05,m06,2012-04-09,MCI
021_S_4659,v01,sc,2012-04-03,MCI
137_S_4631,v01,sc,2012-03-21,MCI
128_S_4671,v01,sc,2012-04-10,MCI
126_S_4675,v01,sc,2012-04-10,MCI
128_S_4571,v03,bl,2012-04-10,MCI
002_S_4229,v05,m06,2012-04-10,MCI
006_S_4153,v05,m06,2012-04-11,Dementia
053_S_4661,v01,sc,2012-04-03,MCI
053_S_4557,v03,bl,2012-03-29,MCI
053_S_4578,v03,bl,2012-04-11,CN
137_S_4672,v01,sc,2012-04-09,Dementia
099_S_4498,v03,bl,2012-04-10,MCI
137_S_4678,v01,sc,2012-04-11,MCI
041_S_4629,v01,sc,2012-04-12,MCI
128_S_4607,v03,bl,2012-04-12,CN
019_S_4548,v03,bl,2012-04-12,MCI
023_S_4115,v05,m06,2012-04-12,MCI
128_S_4599,v03,bl,2012-03-29,CN
128_S_4603,v03,bl,2012-04-12,MCI
137_S_4536,v03,bl,2012-04-09,MCI
021_S_0276,v06,m72,2012-04-05,MCI
123_S_4127,v05,m06,2012-02-15,MCI
123_S_4526,v03,bl,2012-02-14,Dementia
024_S_4674,v01,sc,2012-04-13,MCI
123_S_4170,v05,m06,2012-03-09,MCI
037_S_4146,v05,m06,2012-03-27,MCI
007_S_4611,v03,bl,2012-04-09,MCI
037_S_4381,v03,bl,2012-03-27,MCI
135_S_4676,v01,sc,2012-04-12,Dementia
135_S_4566,v03,bl,2012-03-26,CN
021_S_4254,v05,m06,2012-04-04,CN
126_S_4686,v01,sc,2012-04-16,Dementia
037_S_4001,v11,m12,2012-03-27,Dementia
114_S_4379,v03,bl,2012-01-26,Dementia
002_S_4219,v05,m06,2012-04-10,MCI
941_S_4420,v03,bl,2012-04-16,MCI
011_S_4235,v05,m06,2012-04-17,MCI
018_S_0142,v06,m72,2012-03-23,MCI
011_S_4222,v05,m06,2012-04-17,CN
128_S_4636,v03,bl,2012-04-17,MCI
019_S_4680,v01,sc,2012-04-11,MCI
070_S_4692,v01,sc,2012-04-17,Dementia
135_S_4598,v03,bl,2012-04-09,CN
007_S_1206,v06,m60,2012-03-19,CN
100_S_4556,v01,sc,2012-04-20,MCI
019_S_4549,v01,sc,2012-04-18,Dementia
031_S_4218,v05,m06,2012-04-18,CN
099_S_0291,v06,m72,2012-04-18,MCI
094_S_4630,v01,sc,2012-04-18,MCI
094_S_4503,v03,bl,2012-04-18,CN
094_S_4649,v01,sc,2012-04-18,CN
094_S_4677,v01,sc,2012-04-18,MCI
094_S_4282,v05,m06,2012-04-18,Dementia
002_S_1268,v06,m60,2012-03-13,MCI
136_S_4433,v03,bl,2012-04-18,CN
070_S_4697,v01,sc,2012-04-19,MCI
014_S_4668,v01,sc,2012-04-09,MCI
007_S_4620,v03,bl,2012-04-18,CN
007_S_4637,v03,bl,2012-04-18,CN
128_S_4609,v03,bl,2012-04-19,CN
137_S_4520,v03,bl,2012-04-18,CN
023_S_4502,v03,bl,2012-04-20,MCI
010_S_4345,v03,bl,2012-03-19,CN
002_S_4251,v05,m06,2012-04-17,MCI
128_S_0227,v06,m72,2012-04-05,Dementia
135_S_4281,v05,m06,2012-04-19,MCI
003_S_4350,v03,bl,2011-12-15,CN
072_S_0315,v11,m72,2012-04-20,CN
129_S_1246,v11,m60,2012-04-23,MCI
135_S_4689,v01,sc,2012-04-20,MCI
072_S_4007,v11,m12,2012-03-27,MCI
002_S_4225,v05,m06,2012-04-12,CN
098_S_4215,v05,m06,2012-04-04,Dementia
098_S_4201,v05,m06,2012-04-11,Dementia
098_S_4003,v11,m12,2012-04-19,CN
021_S_4245,v05,m06,2012-04-11,MCI
070_S_4704,v01,sc,2012-04-25,CN
116_S_4625,v03,bl,2012-04-24,Dementia
116_S_4635,v03,bl,2012-04-25,MCI
020_S_4685,v01,sc,2012-04-10,CN
098_S_0172,v11,m72,2012-04-04,CN
137_S_4596,v03,bl,2012-04-25,MCI
109_S_2200,v06,m12,2011-12-14,MCI
018_S_4597,v03,bl,2012-03-30,MCI
018_S_4696,v01,sc,2012-04-26,Dementia
128_S_0272,v06,m72,2012-04-26,CN
014_S_4263,v05,m06,2012-04-25,MCI
099_S_4022,v05,m06,2011-10-24,MCI
020_S_1288,v06,m60,2012-03-27,CN
041_S_4200,v05,m06,2012-04-25,CN
041_S_4138,v05,m06,2012-03-29,MCI
016_S_4650,v01,sc,2012-03-29,MCI
094_S_4560,v03,bl,2012-04-30,CN
094_S_4234,v05,m06,2012-06-13,CN
031_S_4024,v11,m12,2012-04-30,Dementia
031_S_4005,v11,m12,2012-04-30,Dementia
099_S_4565,v03,bl,2012-04-27,MCI
126_S_4712,v01,sc,2012-04-30,MCI
037_S_4706,v01,sc,2012-04-30,MCI
007_S_4272,v05,m06,2012-04-30,MCI
036_S_4714,v01,sc,2012-04-30,MCI
036_S_4715,v01,sc,2012-04-30,MCI
099_S_0352,v11,m72,2012-04-16,CN
003_S_4136,v05,m06,2012-03-06,Dementia
036_S_4562,v03,bl,2012-04-12,MCI
024_S_4280,v05,m06,2012-05-01,Dementia
073_S_4614,v03,bl,2012-05-01,MCI
070_S_4708,v01,sc,2012-04-27,MCI
016_S_4646,v01,sc,2012-03-27,MCI
128_S_4653,v03,bl,2012-05-01,MCI
116_S_4010,v11,m12,2012-05-01,CN
005_S_4707,v01,sc,2012-05-01,Dementia
116_S_1243,v06,m60,2012-03-15,Dementia
016_S_4584,v03,bl,2012-04-12,MCI
016_S_4591,v03,bl,2012-04-05,Dementia
073_S_4559,v03,bl,2012-05-02,CN
016_S_4687,v01,sc,2012-05-03,CN
126_S_4675,v03,bl,2012-05-03,MCI
029_S_1318,v06,m60,2012-04-26,MCI
006_S_4713,v01,sc,2012-05-03,MCI
006_S_4546,v03,bl,2012-05-03,Dementia
114_S_0173,v06,m72,2012-05-03,CN
018_S_0055,v06,m72,2012-05-02,MCI
067_S_4717,v01,sc,2012-05-03,Dementia
099_S_4022,v11,m12,2012-04-26,MCI
016_S_4688,v01,sc,2012-05-03,CN
041_S_4720,v01,sc,2012-05-03,MCI
013_S_4702,v01,sc,2012-05-01,MCI
130_S_4250,v05,m06,2012-05-03,MCI
130_S_0289,v06,m72,2012-05-01,Dementia
130_S_4641,v03,bl,2012-05-03,Dementia
130_S_0232,v06,m72,2012-05-03,MCI
130_S_0285,v06,m72,2012-05-03,MCI
130_S_4589,v03,bl,2012-05-03,Dementia
130_S_4605,v03,bl,2012-05-03,MCI
031_S_4721,v01,sc,2012-05-07,MCI
016_S_4638,v01,sc,2012-03-22,CN
002_S_4262,v05,m06,2012-04-19,CN
031_S_4021,v11,m12,2012-04-26,CN
031_S_0294,v11,m72,2012-04-18,Dementia
109_S_4594,v03,bl,2012-05-07,MCI
023_S_4669,v01,sc,2012-05-04,MCI
027_S_0408,v06,m72,2012-04-30,Dementia
021_S_4718,v01,sc,2012-05-01,Dementia
130_S_4730,v01,sc,2012-05-08,Dementia
128_S_4724,v01,sc,2012-05-04,MCI
135_S_4710,v01,sc,2012-05-03,MCI
014_S_4615,v03,bl,2012-05-08,Dementia
002_S_4237,v05,m06,2012-05-03,MCI
002_S_4654,v03,bl,2012-04-26,MCI
141_S_4711,v01,sc,2012-05-05,MCI
131_S_0384,v06,m72,2012-04-26,CN
070_S_4719,v01,sc,2012-05-09,Dementia
126_S_4686,v03,bl,2012-05-09,Dementia
130_S_4468,v03,bl,2012-05-08,MCI
100_S_4469,v03,bl,2012-05-08,CN
116_S_4732,v01,sc,2012-05-09,Dementia
018_S_4696,v03,bl,2012-05-09,Dementia
135_S_4657,v03,bl,2012-04-30,Dementia
153_S_4621,v03,bl,2012-04-18,MCI
099_S_4076,v05,m06,2012-01-09,CN
128_S_4671,v03,bl,2012-05-09,MCI
135_S_4722,v01,sc,2012-05-09,MCI
135_S_4723,v01,sc,2012-05-09,MCI
041_S_4629,v03,bl,2012-05-03,MCI
099_S_4205,v05,m06,2012-05-10,MCI
130_S_2373,v06,m12,2012-05-11,MCI
130_S_4352,v05,m06,2012-05-11,CN
137_S_4623,v03,bl,2012-05-09,MCI
137_S_0301,v11,m72,2012-05-09,CN
099_S_4202,v05,m06,2012-04-09,MCI
137_S_0972,v06,m60,2012-05-01,MCI
137_S_4211,v05,m06,2012-05-09,Dementia
014_S_4328,v05,m06,2012-04-26,MCI
011_S_4278,v05,m06,2012-05-10,CN
005_S_4168,v05,m06,2012-04-16,MCI
027_S_4729,v01,sc,2012-05-07,MCI
137_S_4672,v03,bl,2012-05-08,Dementia
067_S_4728,v01,sc,2012-05-11,Dementia
100_S_4701,v01,sc,2012-05-08,MCI
129_S_4396,v05,m06,2012-05-10,CN
127_S_4197,v05,m06,2012-03-27,MCI
013_S_1186,v06,m60,2012-03-21,MCI
002_S_0295,v11,m72,2012-05-10,CN
022_S_4173,v05,m06,2012-03-28,CN
130_S_0969,v06,m60,2012-04-06,CN
099_S_4086,v05,m06,2012-01-30,CN
016_S_4651,v01,sc,2012-05-10,MCI
022_S_1351,v06,m60,2012-05-15,Dementia
022_S_0130,v06,m72,2012-05-15,CN
036_S_4736,v01,sc,2012-05-14,MCI
126_S_4712,v03,bl,2012-05-15,MCI
012_S_4643,v03,bl,2012-05-14,CN
099_S_4104,v05,m06,2012-01-16,CN
016_S_2007,v11,m24,2012-03-21,MCI
126_S_2360,v06,m12,2012-05-14,MCI
006_S_4192,v05,m06,2012-05-16,Dementia
041_S_4271,v05,m06,2012-05-16,MCI
041_S_4004,v11,m12,2012-05-16,MCI
002_S_0413,v11,m72,2012-05-15,CN
098_S_0171,v11,m72,2012-05-09,CN
014_S_4668,v03,bl,2012-05-16,MCI
126_S_4743,v01,sc,2012-05-17,MCI
019_S_4252,v05,m06,2012-05-15,Dementia
135_S_4676,v03,bl,2012-05-07,Dementia
052_S_1352,v06,m60,2012-05-17,CN
127_S_4604,v03,bl,2012-05-17,CN
127_S_4645,v03,bl,2012-05-17,CN
127_S_4210,v05,m06,2012-05-17,MCI
127_S_4240,v05,m06,2012-05-17,Dementia
127_S_4500,v03,bl,2012-05-17,Dementia
127_S_0259,v06,m72,2012-05-17,CN
018_S_4733,v01,sc,2012-05-17,Dementia
137_S_4299,v05,m06,2012-05-17,MCI
067_S_4310,v05,m06,2012-05-18,MCI
128_S_4742,v01,sc,2012-05-16,MCI
019_S_4285,v05,m06,2012-05-18,MCI
019_S_4293,v05,m06,2012-05-18,MCI
128_S_4745,v01,sc,2012-05-17,MCI
036_S_4740,v01,sc,2012-05-16,Dementia
006_S_4679,v01,sc,2012-05-21,MCI
013_S_4731,v01,sc,2012-05-14,CN
070_S_4692,v03,bl,2012-05-17,Dementia
036_S_4538,v03,bl,2012-05-17,MCI
021_S_4744,v01,sc,2012-05-17,MCI
005_S_4185,v05,m06,2012-04-16,MCI
005_S_0448,v06,m72,2012-04-30,MCI
131_S_0441,v06,m72,2012-05-17,CN
010_S_4442,v03,bl,2012-05-01,CN
072_S_4610,v03,bl,2012-04-11,MCI
072_S_4206,v05,m06,2012-03-26,MCI
027_S_4734,v01,sc,2012-05-10,MCI
023_S_4501,v03,bl,2012-05-21,Dementia
116_S_4338,v05,m06,2012-05-22,Dementia
116_S_4043,v11,m12,2012-05-22,CN
128_S_0545,v06,m72,2012-05-22,CN
052_S_1346,v06,m60,2012-05-22,Dementia
052_S_4626,v03,bl,2012-05-22,MCI
098_S_4018,v11,m12,2012-05-21,CN
098_S_4275,v05,m06,2012-05-10,CN
072_S_4103,v05,m06,2012-02-27,CN
072_S_4613,v03,bl,2012-04-12,MCI
135_S_4309,v05,m06,2012-05-17,MCI
127_S_4624,v01,sc,2012-05-23,MCI
127_S_4749,v01,sc,2012-05-23,Dementia
094_S_2367,v06,m12,2012-05-23,MCI
072_S_4694,v01,sc,2012-05-22,MCI
094_S_4737,v01,sc,2012-05-23,Dementia
135_S_4689,v03,bl,2012-05-14,MCI
072_S_4226,v05,m06,2012-05-22,MCI
073_S_4739,v01,sc,2012-05-22,CN
073_S_4748,v01,sc,2012-05-22,MCI
002_S_4270,v05,m06,2012-05-01,CN
073_S_4393,v05,m06,2012-05-23,CN
073_S_4259,v05,m06,2012-05-23,MCI
024_S_4674,v03,bl,2012-05-24,MCI
009_S_4741,v01,sc,2012-05-21,MCI
012_S_4545,v03,bl,2012-05-21,CN
012_S_4188,v05,m06,2012-05-21,MCI
002_S_4746,v01,sc,2012-05-17,MCI
100_S_4700,v01,sc,2012-05-24,MCI
029_S_4585,v03,bl,2012-05-24,CN
141_S_4752,v01,sc,2012-05-21,MCI
137_S_4756,v01,sc,2012-05-21,Dementia
082_S_4766,v01,sc,2012-05-24,MCI
137_S_4258,v05,m06,2012-04-27,Dementia
031_S_4029,v11,m12,2012-05-25,MCI
031_S_4032,v11,m12,2012-05-25,CN
031_S_4042,v11,m12,2012-05-25,MCI
126_S_4743,v03,bl,2012-05-29,MCI
018_S_4733,v03,bl,2012-05-29,Dementia
941_S_4764,v01,sc,2012-05-29,MCI
073_S_4762,v01,sc,2012-05-29,CN
073_S_4552,v03,bl,2012-05-15,CN
022_S_4196,v05,m06,2012-04-03,CN
013_S_4761,v01,sc,2012-05-29,MCI
013_S_4595,v03,bl,2012-05-29,MCI
013_S_4768,v01,sc,2012-05-29,MCI
019_S_4367,v05,m06,2012-05-30,CN
137_S_4303,v05,m06,2012-05-29,MCI
032_S_0214,v06,m72,2012-05-30,Dementia
032_S_2247,v06,m12,2012-05-30,MCI
136_S_4408,v03,bl,2012-05-03,MCI
128_S_4772,v01,sc,2012-05-29,Dementia
027_S_4757,v11,m12,2013-06-03,MCI
082_S_4339,v05,m06,2012-05-30,CN
136_S_4517,v03,bl,2012-05-31,MCI
128_S_4774,v01,sc,2012-05-30,Dementia
100_S_0296,v06,m72,2012-05-31,MCI
029_S_4652,v03,bl,2012-05-31,CN
127_S_4765,v01,sc,2012-06-01,MCI
021_S_4659,v03,bl,2012-04-30,MCI
135_S_4356,v05,m06,2012-05-29,MCI
067_S_4767,v01,sc,2012-06-01,MCI
128_S_0715,v06,m72,2012-05-31,MCI
941_S_4100,v05,m06,2012-06-01,CN
013_S_4681,v01,sc,2012-04-18,CN
037_S_4750,v01,sc,2012-06-04,MCI
153_S_4372,v05,m06,2012-05-24,CN
128_S_1242,v06,m60,2012-05-31,CN
130_S_4660,v03,bl,2012-05-30,Dementia
036_S_4714,v03,bl,2012-06-05,MCI
127_S_4198,v05,m06,2012-06-06,CN
127_S_0260,v06,m72,2012-06-06,CN
037_S_4770,v01,sc,2012-06-06,Dementia
100_S_4512,v03,bl,2012-05-31,CN
127_S_4301,v05,m06,2012-06-06,MCI
013_S_4695,v01,sc,2012-06-06,CN
013_S_4580,v03,bl,2012-06-06,CN
073_S_4777,v01,sc,2012-06-06,MCI
073_S_4795,v01,sc,2012-06-06,CN
135_S_4406,v05,m06,2012-06-06,MCI
128_S_4792,v01,sc,2012-06-05,Dementia
135_S_4722,v03,bl,2012-06-04,MCI
135_S_4723,v03,bl,2012-06-05,MCI
036_S_4715,v03,bl,2012-06-06,MCI
027_S_4729,v03,bl,2012-06-04,MCI
012_S_4012,v11,m12,2012-06-04,MCI
136_S_4727,v01,sc,2012-05-07,CN
136_S_4726,v01,sc,2012-05-07,CN
041_S_4720,v03,bl,2012-06-08,MCI
041_S_4014,v11,m12,2012-06-08,CN
070_S_4793,v01,sc,2012-06-06,MCI
070_S_4798,v01,sc,2012-06-07,MCI
002_S_4799,v01,sc,2012-06-07,MCI
141_S_4803,v01,sc,2012-06-12,MCI
023_S_0217,v06,m72,2012-06-12,Dementia
023_S_0331,v11,m72,2012-06-12,Dementia
070_S_4708,v03,bl,2012-05-23,MCI
100_S_4556,v03,bl,2012-06-13,MCI
007_S_1222,v06,m60,2012-05-22,CN
067_S_4054,v11,m12,2012-06-13,CN
094_S_4787,v01,sc,2012-06-13,MCI
036_S_4808,v01,sc,2012-06-13,MCI
035_S_4784,v01,sc,2012-06-14,MCI
130_S_4294,v05,m06,2012-05-30,MCI
018_S_4809,v01,sc,2012-06-18,MCI
007_S_4387,v05,m06,2012-06-11,CN
053_S_2357,v06,m12,2012-05-23,MCI
035_S_4082,v05,m06,2012-06-14,CN
941_S_4255,v05,m06,2012-06-14,CN
013_S_4791,v01,sc,2012-06-13,MCI
035_S_4256,v03,bl,2012-01-24,MCI
035_S_4414,v03,bl,2012-06-14,MCI
035_S_4582,v03,bl,2012-06-14,MCI
073_S_4540,v03,bl,2012-06-14,MCI
013_S_2324,v06,m12,2012-06-15,MCI
023_S_4716,v01,sc,2012-06-06,CN
141_S_4232,v05,m06,2012-06-05,MCI
023_S_4122,v05,m06,2012-06-08,MCI
022_S_4266,v05,m06,2012-05-30,CN
023_S_4693,v01,sc,2012-06-14,CN
128_S_4742,v03,bl,2012-06-14,MCI
003_S_4350,v05,m06,2012-06-06,CN
123_S_4806,v01,sc,2012-06-12,MCI
116_S_4732,v03,bl,2012-06-15,Dementia
141_S_4711,v03,bl,2012-06-01,MCI
021_S_4276,v05,m06,2012-05-17,CN
027_S_4757,v05,m06,2012-12-13,MCI
116_S_0382,v11,m72,2012-06-18,CN
021_S_4335,v05,m06,2012-05-14,CN
021_S_4718,v03,bl,2012-05-29,Dementia
009_S_4814,v01,sc,2012-06-18,MCI
099_S_4076,v11,m12,2012-06-18,CN
035_S_0292,v11,m72,2012-06-18,Dementia
116_S_0361,v11,m72,2012-06-05,Dementia
036_S_4736,v03,bl,2012-06-19,MCI
123_S_4780,v01,sc,2012-06-01,MCI
021_S_4744,v03,bl,2012-06-11,MCI
006_S_4346,v05,m06,2012-06-19,MCI
022_S_4805,v01,sc,2012-06-20,MCI
128_S_4745,v03,bl,2012-06-19,MCI
022_S_2379,v06,m12,2012-06-18,MCI
141_S_4160,v05,m06,2012-04-09,MCI
128_S_2002,v06,m24,2012-06-13,MCI
037_S_0467,v11,m72,2012-06-20,Dementia
137_S_4815,v01,sc,2012-06-18,MCI
005_S_4707,v03,bl,2012-06-20,Dementia
035_S_4783,v01,sc,2012-06-20,Dementia
013_S_4616,v03,bl,2012-06-13,CN
013_S_4268,v05,m06,2012-06-13,MCI
070_S_4797,v01,sc,2012-06-18,CN
127_S_0684,v06,m60,2012-06-21,CN
011_S_4812,v01,sc,2012-06-21,Dementia
053_S_4813,v01,sc,2012-06-15,MCI
073_S_4794,v01,sc,2012-06-21,CN
082_S_4224,v05,m06,2012-04-18,CN
027_S_4801,v01,sc,2012-06-11,Dementia
019_S_4549,v03,bl,2012-05-25,Dementia
019_S_4680,v03,bl,2012-06-22,MCI
036_S_4820,v01,sc,2012-06-21,Dementia
082_S_4244,v05,m06,2012-05-30,MCI
137_S_4816,v01,sc,2012-06-19,MCI
141_S_4053,v11,m12,2012-06-22,MCI
130_S_4817,v01,sc,2012-06-21,MCI
021_S_4419,v05,m06,2012-06-19,MCI
070_S_4719,v03,bl,2012-06-14,Dementia
123_S_4362,v03,bl,2011-12-02,CN
098_S_4050,v11,m12,2012-06-22,CN
011_S_4075,v11,m12,2012-06-22,CN
123_S_4096,v05,m06,2012-02-08,MCI
009_S_4324,v05,m06,2012-05-18,MCI
009_S_4337,v05,m06,2012-06-02,CN
009_S_4612,v03,bl,2012-04-16,CN
011_S_4827,v01,sc,2012-06-26,Dementia
137_S_4587,v03,bl,2012-06-14,CN
082_S_4428,v05,m06,2012-06-25,CN
067_S_4728,v03,bl,2012-06-22,Dementia
021_S_0337,v06,m72,2012-04-24,CN
141_S_4819,v01,sc,2012-06-26,MCI
072_S_4769,v01,sc,2012-06-28,MCI
126_S_0605,v06,m72,2012-06-28,CN
029_S_4290,v05,m06,2012-06-28,CN
128_S_4832,v01,sc,2012-06-27,CN
128_S_4586,v03,bl,2012-06-26,CN
031_S_0618,v11,m72,2012-06-29,CN
031_S_2018,v11,m24,2012-06-29,MCI
031_S_4721,v03,bl,2012-06-29,MCI
032_S_4755,v01,sc,2012-06-29,Dementia
036_S_2378,v06,m12,2012-06-26,MCI
018_S_4809,v03,bl,2012-06-29,MCI
137_S_4631,v03,bl,2012-06-12,MCI
052_S_4807,v01,sc,2012-06-29,MCI
003_S_2374,v06,m12,2012-05-18,MCI
002_S_4746,v03,bl,2012-06-14,MCI
128_S_4842,v01,sc,2012-06-29,MCI
019_S_4835,v01,sc,2012-07-02,CN
003_S_4840,v01,sc,2012-06-23,CN
137_S_4678,v03,bl,2012-06-14,MCI
127_S_4829,v01,sc,2012-07-02,Dementia
153_S_4838,v01,sc,2012-07-02,MCI
006_S_4679,v03,bl,2012-07-03,MCI
006_S_4713,v03,bl,2012-07-03,MCI
006_S_4357,v05,m06,2012-07-03,CN
006_S_4363,v05,m06,2012-07-03,MCI
067_S_4767,v03,bl,2012-07-06,MCI
003_S_4839,v01,sc,2012-06-29,CN
032_S_4823,v01,sc,2012-07-05,MCI
016_S_4646,v03,bl,2012-07-05,MCI
128_S_4792,v03,bl,2012-06-28,Dementia
016_S_4638,v03,bl,2012-06-15,CN
016_S_4601,v03,bl,2012-06-12,MCI
016_S_4583,v03,bl,2012-07-05,Dementia
016_S_1326,v06,m60,2012-07-05,Dementia
067_S_4782,v01,sc,2012-07-06,MCI
027_S_4804,v01,sc,2012-06-26,MCI
941_S_1202,v11,m60,2012-07-09,MCI
012_S_4026,v11,m12,2012-07-06,CN
027_S_4802,v01,sc,2012-06-26,Dementia
011_S_4845,v01,sc,2012-07-10,Dementia
082_S_4090,v11,m12,2012-07-09,CN
036_S_4389,v05,m06,2012-07-09,CN
018_S_4349,v05,m06,2012-07-10,CN
127_S_4843,v01,sc,2012-07-09,CN
941_S_4365,v05,m06,2012-07-09,CN
941_S_4764,v03,bl,2012-07-09,MCI
070_S_4856,v01,sc,2012-07-11,CN
116_S_4855,v01,sc,2012-07-11,CN
127_S_4844,v01,sc,2012-07-09,MCI
027_S_0307,v06,m72,2012-06-19,MCI
027_S_0644,v06,m72,2012-06-25,MCI
126_S_0680,v06,m72,2012-07-12,CN
021_S_4857,v01,sc,2012-07-11,MCI
024_S_4392,v05,m06,2012-07-12,MCI
014_S_4039,v11,m12,2012-06-19,Dementia
014_S_4401,v05,m06,2012-06-22,CN
014_S_0548,v11,m72,2012-07-03,Dementia
014_S_4058,v11,m12,2012-06-22,MCI
052_S_0951,v06,m72,2012-07-13,CN
099_S_4086,v11,m12,2012-07-09,CN
052_S_0989,v06,m72,2012-07-13,MCI
052_S_0952,v06,m72,2012-07-13,Dementia
052_S_0671,v06,m72,2012-07-13,MCI
073_S_4825,v01,sc,2012-07-13,MCI
041_S_4060,v11,m12,2012-07-13,CN
027_S_4754,v01,sc,2012-05-21,CN
099_S_4104,v11,m12,2012-07-11,CN
002_S_4799,v03,bl,2012-07-03,MCI
123_S_0113,v06,m72,2012-03-08,CN
123_S_0072,v06,m72,2012-01-10,CN
014_S_4093,v11,m12,2012-07-05,CN
073_S_4382,v05,m06,2012-07-11,CN
027_S_4758,v01,sc,2012-05-22,CN
023_S_4796,v01,sc,2012-07-17,MCI
012_S_4849,v01,sc,2012-07-17,MCI
018_S_4400,v05,m06,2012-07-17,CN
137_S_4852,v01,sc,2012-07-09,MCI
128_S_4772,v03,bl,2012-07-17,Dementia
018_S_4313,v05,m06,2012-07-17,CN
137_S_4351,v05,m06,2012-06-21,MCI
137_S_4632,v03,bl,2012-07-16,CN
137_S_4756,v03,bl,2012-07-16,Dementia
073_S_4311,v05,m06,2012-07-11,MCI
073_S_4312,v05,m06,2012-07-11,MCI
073_S_4300,v05,m06,2012-07-11,MCI
073_S_4853,v01,sc,2012-07-17,Dementia
073_S_2264,v06,m12,2012-07-11,MCI
032_S_4277,v05,m06,2012-07-18,CN
032_S_4386,v05,m06,2012-07-18,CN
032_S_4348,v05,m06,2012-07-18,CN
029_S_4279,v05,m06,2012-07-18,CN
136_S_4836,v01,sc,2012-06-28,MCI
023_S_4164,v05,m06,2012-07-18,CN
023_S_4020,v11,m12,2012-07-18,CN
018_S_4868,v01,sc,2012-07-19,MCI
014_S_4079,v11,m12,2012-07-10,MCI
137_S_4331,v05,m06,2012-06-20,MCI
007_S_2394,v06,m12,2012-07-12,MCI
009_S_2381,v06,m12,2012-06-05,MCI
009_S_4741,v03,bl,2012-06-27,MCI
041_S_4041,v11,m12,2012-07-13,MCI
029_S_2376,v06,m12,2012-07-19,MCI
014_S_4080,v11,m12,2012-07-19,CN
941_S_4292,v05,m06,2012-07-20,CN
941_S_4376,v05,m06,2012-07-20,CN
009_S_4388,v05,m06,2012-07-11,MCI
067_S_0257,v11,m72,2012-07-23,CN
128_S_4774,v03,bl,2012-07-20,Dementia
129_S_4422,v05,m06,2012-07-20,CN
006_S_4867,v01,sc,2012-07-24,Dementia
021_S_4633,v03,bl,2012-07-23,MCI
070_S_4798,v03,bl,2012-07-06,MCI
036_S_4878,v01,sc,2012-07-23,CN
024_S_4084,v11,m12,2012-07-24,CN
129_S_4073,v11,m12,2012-07-23,MCI
123_S_4806,v03,bl,2012-07-20,MCI
123_S_2363,v06,m12,2012-05-04,MCI
057_S_4888,v01,sc,2012-07-25,MCI
070_S_4793,v03,bl,2012-07-02,MCI
052_S_4885,v01,sc,2012-07-25,MCI
029_S_4327,v05,m06,2012-07-25,MCI
057_S_2398,v06,m12,2012-07-25,Dementia
127_S_4765,v03,bl,2012-07-09,MCI
129_S_4371,v05,m06,2012-07-18,CN
037_S_4706,v03,bl,2012-07-12,MCI
123_S_1300,v06,m60,2012-03-30,MCI
035_S_4114,v05,m06,2012-06-18,MCI
130_S_4817,v03,bl,2012-07-20,MCI
126_S_4891,v01,sc,2012-07-26,MCI
035_S_4464,v03,bl,2012-06-14,CN
016_S_4009,v11,m12,2012-07-26,Dementia
130_S_4883,v01,sc,2012-07-24,MCI
137_S_0686,v11,m72,2012-07-24,CN
128_S_4832,v03,bl,2012-07-26,CN
016_S_1117,v11,m60,2012-07-26,Dementia
035_S_0156,v06,m72,2012-06-18,CN
011_S_4845,v03,bl,2012-07-26,Dementia
011_S_4120,v11,m12,2012-07-26,CN
135_S_4863,v01,sc,2012-07-27,Dementia
003_S_4524,v03,bl,2012-06-19,MCI
123_S_4780,v03,bl,2012-07-26,MCI
027_S_4873,v01,sc,2012-07-19,MCI
036_S_4894,v01,sc,2012-07-26,Dementia
126_S_4896,v01,sc,2012-07-30,MCI
027_S_4864,v01,sc,2012-07-16,MCI
003_S_1074,v06,m60,2012-06-15,CN
094_S_4858,v01,sc,2012-07-30,MCI
094_S_4434,v05,m06,2012-07-30,MCI
094_S_4737,v03,bl,2012-07-30,Dementia
128_S_4890,v01,sc,2012-07-30,MCI
027_S_4869,v01,sc,2012-07-19,MCI
037_S_4410,v05,m06,2012-07-05,CN
037_S_4302,v05,m06,2012-06-27,MCI
027_S_4801,v03,bl,2012-07-16,Dementia
016_S_4887,v01,sc,2012-07-27,Dementia
011_S_4893,v01,sc,2012-07-31,MCI
023_S_4866,v01,sc,2012-07-30,CN
023_S_4034,v11,m12,2012-07-30,MCI
126_S_4458,v05,m06,2012-07-31,MCI
041_S_4874,v01,sc,2012-07-30,MCI
041_S_4037,v11,m12,2012-07-25,CN
003_S_4872,v01,sc,2012-07-25,CN
003_S_4892,v01,sc,2012-07-26,Dementia
072_S_4871,v01,sc,2012-07-31,MCI
123_S_0298,v06,m72,2012-04-18,CN
027_S_4804,v03,bl,2012-07-24,MCI
057_S_4897,v01,sc,2012-08-01,MCI
010_S_0161,v11,m72,2012-07-31,Dementia
068_S_4859,v01,sc,2012-08-01,Dementia
130_S_4730,v03,bl,2012-07-20,Dementia
130_S_4343,v05,m06,2012-07-20,CN
032_S_4755,v03,bl,2012-08-01,Dementia
032_S_4823,v03,bl,2012-08-01,MCI
002_S_2010,v11,m24,2012-07-12,CN
036_S_2380,v06,m12,2012-07-31,MCI
141_S_4423,v05,m06,2012-08-01,MCI
067_S_4072,v11,m12,2012-07-27,MCI
116_S_4453,v05,m06,2012-08-02,CN
018_S_4257,v05,m06,2012-05-15,CN
011_S_4827,v03,bl,2012-08-02,Dementia
018_S_4399,v05,m06,2012-06-25,CN
036_S_4430,v05,m06,2012-08-02,Dementia
033_S_0741,v11,m72,2012-08-01,CN
116_S_4898,v01,sc,2012-08-03,MCI
033_S_0734,v11,m72,2012-08-01,CN
010_S_4481,v01,sc,2012-07-31,MCI
003_S_4900,v01,sc,2012-08-03,CN
021_S_4402,v05,m06,2012-07-30,MCI
021_S_0626,v11,m72,2012-08-01,MCI
019_S_4835,v03,bl,2012-08-01,CN
018_S_4889,v01,sc,2012-08-06,MCI
123_S_4904,v01,sc,2012-08-06,MCI
109_S_4380,v05,m06,2012-08-07,MCI
135_S_4489,v05,m06,2012-08-02,MCI
070_S_4856,v03,bl,2012-08-03,CN
153_S_4133,v11,m12,2012-08-07,MCI
037_S_0501,v06,m72,2012-05-14,MCI
037_S_4214,v05,m06,2012-04-26,CN
037_S_4015,v11,m12,2012-04-26,MCI
123_S_4127,v11,m12,2012-08-03,MCI
029_S_4384,v05,m06,2012-08-08,CN
126_S_4507,v05,m06,2012-08-08,MCI
009_S_4903,v01,sc,2012-08-08,MCI
100_S_4775,v01,sc,2012-08-08,CN
002_S_0685,v11,m72,2012-07-24,CN
116_S_4092,v11,m12,2012-07-31,MCI
011_S_4906,v01,sc,2012-08-07,Dementia
012_S_0637,v11,m72,2012-08-08,CN
129_S_4369,v05,m06,2012-08-08,CN
116_S_4175,v11,m12,2012-08-09,MCI
123_S_4096,v11,m12,2012-08-09,Dementia
126_S_0709,v06,m72,2012-08-09,MCI
098_S_4059,v11,m12,2012-08-08,MCI
033_S_4505,v05,m06,2012-08-08,CN
036_S_4491,v05,m06,2012-08-09,CN
016_S_2031,v11,m24,2012-08-01,MCI
022_S_4291,v05,m06,2012-08-10,CN
141_S_1378,v11,m60,2012-08-10,MCI
016_S_4688,v03,bl,2012-08-08,CN
022_S_4320,v05,m06,2012-08-10,CN
036_S_4820,v03,bl,2012-08-09,Dementia
018_S_4868,v03,bl,2012-08-09,MCI
031_S_4474,v05,m06,2012-08-13,MCI
126_S_4494,v05,m06,2012-08-13,Dementia
041_S_4876,v01,sc,2012-08-08,MCI
016_S_4901,v01,sc,2012-08-10,MCI
033_S_4508,v05,m06,2012-08-10,CN
057_S_4909,v01,sc,2012-08-14,MCI
037_S_4028,v11,m12,2012-05-07,CN
141_S_4907,v01,sc,2012-05-12,MCI
141_S_4426,v05,m06,2012-08-12,MCI
153_S_4151,v11,m12,2012-08-14,CN
116_S_4855,v03,bl,2012-08-14,CN
037_S_4071,v11,m12,2012-08-10,CN
037_S_4030,v11,m12,2012-08-10,MCI
024_S_4905,v01,sc,2012-08-16,Dementia
036_S_4878,v03,bl,2012-08-14,CN
094_S_4649,v03,bl,2012-08-15,CN
041_S_0679,v11,m72,2012-08-16,MCI
067_S_4782,v03,bl,2012-08-15,MCI
135_S_4446,v05,m06,2012-08-09,CN
098_S_0667,v11,m72,2012-08-14,Dementia
041_S_4051,v11,m12,2012-08-16,MCI
027_S_4802,v03,bl,2012-07-26,Dementia
029_S_4307,v05,m06,2012-08-16,Dementia
007_S_4911,v01,sc,2012-08-16,Dementia
041_S_4427,v05,m06,2012-08-17,CN
016_S_4902,v01,sc,2012-08-17,MCI
011_S_4912,v01,sc,2012-08-17,Dementia
057_S_4897,v03,bl,2012-08-20,MCI
128_S_4842,v03,bl,2012-08-03,MCI
002_S_4447,v05,m06,2012-08-14,MCI
011_S_4105,v11,m12,2012-08-20,CN
007_S_4467,v05,m06,2012-08-21,MCI
037_S_4879,v01,sc,2012-08-20,Dementia
141_S_4438,v05,m06,2012-08-21,MCI
037_S_4770,v03,bl,2012-08-08,Dementia
037_S_4381,v05,m06,2012-08-20,MCI
031_S_4476,v05,m06,2012-08-22,MCI
031_S_2022,v11,m24,2012-08-22,MCI
029_S_2395,v06,m12,2012-08-22,MCI
012_S_4094,v11,m12,2012-08-22,Dementia
128_S_1408,v06,m60,2012-08-22,MCI
094_S_4089,v11,m12,2012-08-23,Dementia
002_S_0729,v11,m72,2012-08-07,Dementia
041_S_4877,v01,sc,2012-08-23,MCI
126_S_4891,v03,bl,2012-08-23,MCI
094_S_4630,v03,bl,2012-08-24,MCI
141_S_2333,v06,m12,2012-08-24,MCI
035_S_4256,v05,m06,2012-08-24,MCI
041_S_4876,v03,bl,2012-08-22,MCI
024_S_4158,v11,m12,2012-08-27,CN
019_S_4477,v05,m06,2012-08-24,Dementia
126_S_4514,v05,m06,2012-08-27,MCI
126_S_4896,v03,bl,2012-08-27,MCI
114_S_4404,v05,m06,2012-08-23,MCI
141_S_4456,v05,m06,2012-08-24,MCI
027_S_4919,v01,sc,2012-08-23,MCI
007_S_4516,v05,m06,2012-08-27,CN
014_S_0558,v11,m72,2012-08-17,Dementia
057_S_4888,v03,bl,2012-08-27,MCI
031_S_4496,v05,m06,2012-08-29,CN
007_S_4488,v05,m06,2012-08-22,CN
002_S_4171,v01,sc,2011-08-04,MCI
014_S_0563,v11,m72,2012-08-23,Dementia
130_S_4468,v05,m06,2012-08-27,MCI
021_S_4924,v01,sc,2012-08-28,Dementia
013_S_4395,v05,m06,2012-08-29,MCI
135_S_4863,v03,bl,2012-08-20,Dementia
013_S_4579,v03,bl,2012-08-29,CN
029_S_4385,v05,m06,2012-08-30,CN
073_S_4739,v03,bl,2012-08-30,CN
141_S_0767,v11,m72,2012-08-30,CN
013_S_4917,v01,sc,2012-08-29,MCI
057_S_4909,v03,bl,2012-08-30,MCI
127_S_4928,v01,sc,2012-08-30,MCI
023_S_4913,v01,sc,2012-08-31,MCI
014_S_0658,v11,m72,2012-08-30,Dementia
041_S_1418,v11,m60,2012-08-09,MCI
068_S_4914,v01,sc,2012-08-29,MCI
032_S_4921,v01,sc,2012-08-31,CN
003_S_4119,v11,m12,2012-08-28,CN
053_S_4661,v03,bl,2012-06-18,MCI
051_S_4929,v01,sc,2012-08-30,MCI
941_S_4036,v11,m12,2012-08-31,MCI
130_S_4405,v05,m06,2012-08-31,MCI
130_S_4415,v05,m06,2012-08-31,MCI
041_S_4874,v03,bl,2012-08-27,MCI
941_S_4377,v05,m06,2012-08-31,MCI
116_S_4927,v01,sc,2012-08-30,MCI
116_S_4898,v03,bl,2012-08-28,MCI
073_S_4762,v03,bl,2012-09-04,CN
005_S_4910,v01,sc,2012-08-16,Dementia
027_S_4926,v01,sc,2012-08-28,MCI
037_S_0588,v11,m72,2012-08-22,Dementia
116_S_4483,v05,m06,2012-09-05,CN
116_S_4167,v11,m12,2012-09-05,Dementia
011_S_4906,v03,bl,2012-09-05,Dementia
027_S_4923,v01,sc,2012-08-27,CN
027_S_4881,v01,sc,2012-07-24,CN
130_S_4925,v01,sc,2012-08-28,MCI
022_S_4444,v05,m06,2012-09-07,MCI
022_S_4922,v01,sc,2012-09-07,MCI
003_S_4900,v03,bl,2012-09-05,CN
052_S_4807,v03,bl,2012-08-09,MCI
018_S_4889,v03,bl,2012-08-20,MCI
141_S_4803,v03,bl,2012-09-07,MCI
033_S_4179,v11,m12,2012-09-05,CN
007_S_4911,v03,bl,2012-09-10,Dementia
010_S_0419,v11,m72,2012-09-10,CN
023_S_4448,v05,m06,2012-08-20,CN
016_S_4121,v11,m12,2012-09-10,CN
021_S_4857,v03,bl,2012-08-13,MCI
036_S_4894,v03,bl,2012-09-07,Dementia
033_S_4176,v11,m12,2012-09-07,CN
130_S_4542,v05,m06,2012-09-07,Dementia
136_S_4189,v05,m06,2012-08-02,Dementia
033_S_4177,v11,m12,2012-09-06,CN
053_S_4813,v03,bl,2012-07-20,MCI
003_S_4081,v11,m12,2012-08-24,CN
023_S_4243,v05,m06,2012-09-10,MCI
082_S_4208,v11,m12,2012-09-12,CN
037_S_4432,v05,m06,2012-09-12,Dementia
011_S_4949,v01,sc,2012-09-11,Dementia
027_S_4943,v01,sc,2012-09-06,MCI
027_S_4873,v03,bl,2012-08-15,MCI
016_S_4951,v01,sc,2012-09-14,CN
016_S_4952,v01,sc,2012-09-14,CN
067_S_4948,v01,sc,2012-09-14,Dementia
031_S_4947,v01,sc,2012-09-14,MCI
099_S_2042,v11,m24,2012-08-21,MCI
067_S_4918,v01,sc,2012-09-14,MCI
003_S_4872,v03,bl,2012-09-14,CN
052_S_4885,v03,bl,2012-09-14,MCI
072_S_2027,v11,m24,2012-09-11,MCI
072_S_2037,v11,m24,2012-09-11,MCI
072_S_4063,v11,m12,2012-09-11,MCI
072_S_4383,v05,m06,2012-09-11,MCI
024_S_4905,v03,bl,2012-09-17,Dementia
128_S_4950,v01,sc,2012-09-11,MCI
137_S_0722,v11,m72,2012-08-31,CN
031_S_4149,v11,m12,2012-09-17,MCI
003_S_4892,v03,bl,2012-09-14,Dementia
003_S_4644,v03,bl,2012-05-14,CN
041_S_4510,v05,m06,2012-09-17,MCI
127_S_4940,v01,sc,2012-09-17,Dementia
027_S_4936,v01,sc,2012-09-04,MCI
027_S_4938,v01,sc,2012-09-04,Dementia
137_S_0800,v11,m72,2012-08-24,MCI
135_S_4954,v01,sc,2012-09-17,Dementia
006_S_4867,v03,bl,2012-09-18,Dementia
072_S_4394,v05,m06,2012-09-11,MCI
072_S_4445,v05,m06,2012-09-11,MCI
072_S_4462,v05,m06,2012-09-11,MCI
072_S_4103,v11,m12,2012-09-11,CN
072_S_4871,v03,bl,2012-09-11,MCI
072_S_4390,v05,m06,2012-09-11,MCI
072_S_4769,v03,bl,2012-09-11,MCI
072_S_4694,v03,bl,2012-09-11,MCI
072_S_4102,v11,m12,2012-09-11,Dementia
072_S_4057,v11,m12,2012-09-11,Dementia
072_S_4131,v11,m12,2012-09-11,Dementia
072_S_4522,v05,m06,2012-09-11,MCI
027_S_4955,v01,sc,2012-09-13,MCI
002_S_4473,v05,m06,2012-08-23,MCI
002_S_4521,v05,m06,2012-09-04,MCI
072_S_4391,v05,m06,2012-09-11,CN
072_S_2026,v11,m24,2012-09-11,MCI
137_S_1414,v11,m60,2012-08-21,MCI
094_S_4162,v11,m12,2012-09-19,MCI
012_S_4849,v03,bl,2012-09-14,MCI
137_S_4466,v05,m06,2012-08-27,CN
011_S_4547,v05,m06,2012-09-20,MCI
011_S_4912,v03,bl,2012-09-14,Dementia
137_S_0668,v11,m72,2012-08-22,CN
114_S_2392,v06,m12,2012-09-20,MCI
137_S_4852,v03,bl,2012-09-19,MCI
067_S_4184,v11,m12,2012-09-20,MCI
067_S_4212,v11,m12,2012-09-20,MCI
137_S_4816,v03,bl,2012-09-17,MCI
037_S_4953,v01,sc,2012-09-21,MCI
024_S_4223,v11,m12,2012-09-24,Dementia
006_S_4960,v01,sc,2012-09-24,MCI
041_S_4143,v11,m12,2012-09-21,MCI
135_S_4566,v05,m06,2012-09-19,CN
136_S_4939,v01,sc,2012-09-06,CN
009_S_4958,v01,sc,2012-09-24,MCI
072_S_4941,v01,sc,2012-09-24,MCI
073_S_4777,v03,bl,2012-09-24,MCI
073_S_4443,v05,m06,2012-09-24,MCI
073_S_4360,v05,m06,2012-09-24,MCI
073_S_4216,v11,m12,2012-09-24,MCI
037_S_0552,v11,m72,2012-09-21,Dementia
116_S_0752,v11,m72,2012-09-18,Dementia
021_S_4924,v03,bl,2012-09-24,Dementia
116_S_4195,v11,m12,2012-09-18,Dementia
073_S_4853,v03,bl,2012-09-24,Dementia
073_S_4825,v03,bl,2012-09-24,MCI
072_S_4539,v05,m06,2012-09-05,MCI
014_S_4576,v05,m06,2012-09-25,CN
002_S_4229,v11,m12,2012-09-13,MCI
016_S_4963,v01,sc,2012-09-25,Dementia
136_S_4932,v01,sc,2012-08-30,MCI
023_S_0031,v11,m84,2012-09-25,CN
128_S_2036,v11,m24,2012-09-26,MCI
128_S_4553,v05,m06,2012-09-26,MCI
128_S_4969,v01,sc,2012-09-26,MCI
002_S_4213,v11,m12,2012-09-20,CN
130_S_4971,v01,sc,2012-09-25,Dementia
007_S_4568,v05,m06,2012-09-25,Dementia
137_S_4536,v05,m06,2012-09-26,MCI
137_S_4482,v05,m06,2012-09-26,CN
137_S_4815,v03,bl,2012-09-26,MCI
027_S_4964,v01,sc,2012-09-18,Dementia
037_S_4879,v03,bl,2012-09-26,Dementia
012_S_4545,v05,m06,2012-09-28,CN
012_S_4128,v11,m12,2012-09-28,MCI
012_S_4188,v11,m12,2012-09-28,MCI
023_S_4241,v05,m06,2012-09-28,MCI
027_S_4962,v01,sc,2012-09-17,Dementia
136_S_4269,v05,m06,2012-08-09,CN
136_S_0107,v11,m72,2012-09-06,MCI
109_S_4531,v05,m06,2012-09-13,MCI
136_S_4848,v01,sc,2012-07-05,MCI
123_S_4526,v05,m06,2012-08-14,Dementia
141_S_0717,v11,m72,2012-10-01,MCI
141_S_4976,v01,sc,2012-10-01,MCI
129_S_0778,v11,m72,2012-09-26,Dementia
129_S_4220,v11,m12,2012-09-26,MCI
099_S_4480,v05,m06,2012-09-05,MCI
021_S_4558,v05,m06,2012-10-01,CN
027_S_4919,v03,bl,2012-09-17,MCI
109_S_4499,v05,m06,2012-10-02,MCI
037_S_4750,v03,bl,2012-09-17,MCI
130_S_4984,v01,sc,2012-10-03,Dementia
027_S_4966,v01,sc,2012-09-20,MCI
116_S_4199,v11,m12,2012-09-28,MCI
006_S_4449,v05,m06,2012-10-03,CN
006_S_4485,v05,m06,2012-10-03,CN
006_S_4546,v05,m06,2012-10-03,Dementia
006_S_0498,v11,m72,2012-10-03,CN
006_S_0731,v11,m72,2012-10-03,CN
006_S_4153,v11,m12,2012-10-03,Dementia
036_S_4899,v01,sc,2012-10-03,MCI
033_S_0906,v11,m72,2012-10-03,Dementia
006_S_4515,v05,m06,2012-10-03,Dementia
100_S_4970,v01,sc,2012-10-03,MCI
029_S_0824,v11,m72,2012-10-03,CN
073_S_4552,v05,m06,2012-10-03,CN
073_S_4614,v05,m06,2012-10-03,MCI
007_S_4620,v05,m06,2012-10-03,CN
033_S_0923,v11,m72,2012-10-03,CN
127_S_4624,v03,bl,2012-09-27,MCI
011_S_0008,v11,m84,2012-10-04,CN
011_S_0002,v11,m84,2012-10-04,MCI
002_S_2073,v11,m24,2012-09-18,MCI
051_S_4980,v01,sc,2012-10-02,Dementia
011_S_4893,v03,bl,2012-10-04,MCI
053_S_4578,v05,m06,2012-10-03,CN
037_S_4308,v05,m06,2012-09-26,CN
037_S_4146,v11,m12,2012-09-19,MCI
941_S_4187,v11,m12,2012-10-05,MCI
941_S_4100,v11,m12,2012-08-31,CN
136_S_4956,v01,sc,2012-09-13,MCI
136_S_4837,v01,sc,2012-06-28,CN
037_S_0150,v11,m72,2012-08-26,MCI
141_S_4907,v03,bl,2012-10-05,MCI
005_S_2390,v06,m12,2012-07-30,MCI
005_S_4168,v11,m12,2012-10-05,MCI
005_S_4185,v11,m12,2012-10-05,MCI
021_S_4254,v11,m12,2012-10-03,CN
014_S_4577,v05,m06,2012-10-04,MCI
073_S_4986,v01,sc,2012-10-08,MCI
022_S_4805,v03,bl,2012-10-02,MCI
027_S_4869,v03,bl,2012-09-10,MCI
002_S_4219,v11,m12,2012-10-02,MCI
053_S_2396,v06,m12,2012-07-27,MCI
031_S_4194,v11,m12,2012-10-10,MCI
031_S_4218,v11,m12,2012-10-10,MCI
136_S_4972,v01,sc,2012-09-27,CN
036_S_4562,v05,m06,2012-10-09,MCI
136_S_4847,v01,sc,2012-07-05,CN
082_S_4224,v11,m12,2012-10-11,CN
098_S_2079,v11,m24,2012-10-03,MCI
013_S_4985,v01,sc,2012-10-10,MCI
019_S_4548,v05,m06,2012-10-10,MCI
013_S_4917,v03,bl,2012-10-10,MCI
011_S_0021,v11,m84,2012-10-11,CN
011_S_4235,v11,m12,2012-10-11,MCI
023_S_4035,v11,m12,2012-10-11,Dementia
041_S_4513,v05,m06,2012-10-11,MCI
018_S_4597,v05,m06,2012-09-28,MCI
023_S_4115,v11,m12,2012-10-02,MCI
130_S_4982,v01,sc,2012-10-02,Dementia
116_S_4635,v05,m06,2012-10-09,MCI
041_S_4974,v01,sc,2012-10-11,MCI
136_S_4993,v01,sc,2012-10-11,Dementia
009_S_4543,v05,m06,2012-09-12,MCI
009_S_4814,v03,bl,2012-07-26,MCI
130_S_4997,v01,sc,2012-10-15,Dementia
033_S_0922,v11,m72,2012-10-10,Dementia
136_S_0186,v11,m72,2012-10-11,CN
127_S_1427,v11,m60,2012-09-27,Dementia
100_S_4884,v01,sc,2012-10-15,MCI
012_S_4987,v01,sc,2012-10-10,MCI
027_S_4957,v01,sc,2012-09-13,Dementia
041_S_4989,v01,sc,2012-10-15,MCI
009_S_0751,v11,m72,2012-09-05,CN
037_S_4214,v11,m12,2012-10-01,MCI
037_S_0539,v11,m72,2012-10-10,Dementia
052_S_4944,v01,sc,2012-10-16,MCI
013_S_4791,v03,bl,2012-10-16,MCI
057_S_0934,v06,m72,2012-10-16,CN
127_S_4992,v01,sc,2012-10-17,Dementia
126_S_2405,v06,m12,2012-10-09,MCI
127_S_4240,v11,m12,2012-10-17,Dementia
010_S_4345,v05,m06,2012-10-17,CN
127_S_4148,v11,m12,2012-10-17,CN
031_S_4203,v11,m12,2012-10-17,Dementia
031_S_0867,v11,m72,2012-10-17,MCI
136_S_4860,v01,sc,2012-07-12,CN
031_S_4590,v05,m06,2012-10-17,MCI
020_S_4920,v01,sc,2012-08-23,MCI
116_S_4625,v05,m06,2012-10-17,Dementia
002_S_4225,v11,m12,2012-10-11,CN
052_S_4945,v01,sc,2012-10-18,MCI
128_S_2045,v11,m24,2012-10-18,MCI
128_S_4599,v05,m06,2012-10-18,CN
041_S_0125,v11,m72,2012-10-17,CN
137_S_4258,v11,m12,2012-10-15,Dementia
003_S_4441,v05,m06,2012-10-18,CN
033_S_0920,v06,m72,2012-10-18,CN
130_S_2403,v06,m12,2012-10-19,MCI
002_S_4262,v11,m12,2012-10-18,CN
009_S_5000,v01,sc,2012-10-19,MCI
127_S_4928,v03,bl,2012-10-17,MCI
021_S_2077,v11,m24,2012-10-18,MCI
094_S_4560,v05,m06,2012-10-22,CN
094_S_4503,v05,m06,2012-10-22,CN
073_S_4311,v11,m12,2012-10-22,MCI
135_S_4598,v05,m06,2012-10-16,CN
021_S_4245,v11,m12,2012-10-08,MCI
007_S_4611,v05,m06,2012-10-15,MCI
014_S_4263,v11,m12,2012-10-24,MCI
051_S_5005,v01,sc,2012-10-19,Dementia
016_S_4902,v03,bl,2012-10-22,MCI
013_S_4580,v05,m06,2012-10-23,CN
051_S_4929,v03,bl,2012-10-17,MCI
014_S_4615,v05,m06,2012-10-18,Dementia
023_S_4796,v03,bl,2012-10-22,MCI
011_S_4949,v03,bl,2012-10-23,Dementia
053_S_4557,v05,m06,2012-10-22,MCI
032_S_4921,v03,bl,2012-10-24,CN
032_S_0677,v11,m72,2012-10-24,CN
032_S_4429,v05,m06,2012-10-24,CN
023_S_2068,v11,m24,2012-10-22,MCI
009_S_4612,v05,m06,2012-10-10,CN
153_S_4838,v03,bl,2012-10-15,MCI
011_S_4222,v11,m12,2012-10-23,CN
067_S_4918,v03,bl,2012-10-18,MCI
128_S_4609,v05,m06,2012-10-24,CN
033_S_5013,v01,sc,2012-10-24,Dementia
022_S_5004,v01,sc,2012-10-23,MCI
135_S_4954,v03,bl,2012-10-15,Dementia
099_S_4994,v01,sc,2012-10-11,Dementia
130_S_5011,v01,sc,2012-10-23,MCI
041_S_4200,v11,m12,2012-10-22,CN
130_S_4990,v01,sc,2012-10-09,Dementia
019_S_5012,v01,sc,2012-10-26,Dementia
033_S_5017,v01,sc,2012-10-25,Dementia
130_S_4250,v11,m12,2012-10-26,MCI
006_S_4192,v11,m12,2012-10-29,Dementia
024_S_4169,v11,m12,2012-10-29,MCI
016_S_5007,v01,sc,2012-10-29,MCI
014_S_4668,v05,m06,2012-10-24,MCI
003_S_4152,v11,m12,2012-10-09,Dementia
002_S_5018,v01,sc,2012-10-25,Dementia
135_S_4281,v11,m12,2012-10-25,MCI
036_S_0869,v11,m72,2012-10-30,Dementia
007_S_4272,v11,m12,2012-10-30,MCI
007_S_4637,v05,m06,2012-10-30,CN
137_S_4211,v11,m12,2012-10-16,Dementia
137_S_4672,v05,m06,2012-10-16,Dementia
023_S_0887,v11,m72,2012-10-29,Dementia
082_S_5014,v01,sc,2012-10-31,MCI
027_S_4943,v03,bl,2012-10-04,MCI
130_S_4925,v03,bl,2012-10-19,MCI
019_S_4285,v11,m12,2012-10-30,MCI
019_S_4293,v11,m12,2012-10-31,MCI
019_S_4549,v05,m06,2012-10-31,Dementia
135_S_5015,v01,sc,2012-10-30,Dementia
006_S_4150,v11,m12,2012-10-31,CN
135_S_4657,v05,m06,2012-10-29,Dementia
022_S_4196,v11,m12,2012-10-01,CN
019_S_5019,v01,sc,2012-10-30,Dementia
130_S_5006,v01,sc,2012-10-19,Dementia
036_S_4538,v05,m06,2012-11-01,MCI
021_S_4276,v11,m12,2012-10-22,CN
011_S_4278,v11,m12,2012-11-01,CN
019_S_4680,v05,m06,2012-11-01,MCI
018_S_4257,v11,m12,2012-10-25,CN
009_S_4530,v05,m06,2012-08-29,Dementia
018_S_4696,v05,m06,2012-10-02,Dementia
009_S_4359,v05,m06,2012-07-23,MCI
016_S_4591,v05,m06,2012-11-02,Dementia
016_S_4584,v05,m06,2012-11-02,MCI
016_S_4887,v03,bl,2012-11-02,Dementia
006_S_4960,v03,bl,2012-11-05,MCI
027_S_4926,v03,bl,2012-09-25,MCI
027_S_4955,v03,bl,2012-10-10,MCI
051_S_1072,v06,m72,2012-10-31,MCI
127_S_4500,v05,m06,2012-09-12,Dementia
126_S_4675,v05,m06,2012-11-01,MCI
022_S_4173,v11,m12,2012-09-28,CN
027_S_4938,v03,bl,2012-10-02,Dementia
130_S_4641,v05,m06,2012-11-06,Dementia
130_S_4883,v03,bl,2012-11-06,MCI
126_S_4686,v05,m06,2012-11-06,Dementia
027_S_4966,v03,bl,2012-10-18,MCI
027_S_4962,v03,bl,2012-10-15,Dementia
051_S_1123,v06,m72,2012-10-31,MCI
052_S_4626,v05,m06,2012-11-06,MCI
141_S_4983,v01,sc,2012-10-19,MCI
041_S_4271,v11,m12,2012-11-05,MCI
003_S_4288,v05,m06,2012-05-24,CN
027_S_4936,v03,bl,2012-10-01,MCI
027_S_4964,v03,bl,2012-10-17,Dementia
094_S_4234,v11,m12,2012-11-07,CN
036_S_4899,v03,bl,2012-11-06,MCI
141_S_4160,v11,m12,2012-10-23,MCI
100_S_4469,v05,m06,2012-11-08,CN
012_S_4643,v05,m06,2012-11-06,CN
137_S_4587,v05,m06,2012-10-18,CN
941_S_4764,v05,m06,2012-11-09,MCI
941_S_4420,v05,m06,2012-11-09,MCI
009_S_5027,v01,sc,2012-11-08,Dementia
024_S_0985,v11,m72,2012-11-09,Dementia
137_S_4299,v11,m12,2012-11-06,MCI
002_S_4654,v05,m06,2012-10-23,MCI
082_S_5029,v01,sc,2012-11-07,Dementia
136_S_4931,v01,sc,2012-08-30,CN
135_S_4676,v05,m06,2012-11-06,Dementia
027_S_0835,v06,m72,2012-09-20,Dementia
027_S_4998,v01,sc,2012-10-16,CN
027_S_4933,v01,sc,2012-09-30,CN
041_S_5026,v05,m06,2013-07-12,MCI
127_S_5028,v01,sc,2012-11-12,Dementia
082_S_2121,v11,m24,2012-11-08,MCI
013_S_4595,v05,m06,2012-11-12,MCI
013_S_4616,v05,m06,2012-11-12,CN
011_S_4366,v11,m12,2012-11-13,Dementia
023_S_4502,v05,m06,2012-11-07,Dementia
127_S_0684,v11,m72,2012-11-07,CN
003_S_4288,v11,m12,2012-11-01,CN
033_S_1016,v11,m72,2012-11-14,CN
003_S_4555,v05,m06,2012-11-14,CN
023_S_4501,v05,m06,2012-11-14,Dementia
129_S_4287,v11,m12,2012-11-14,MCI
033_S_1116,v11,m72,2012-11-14,Dementia
024_S_4280,v11,m12,2012-11-15,Dementia
099_S_2146,v11,m24,2012-11-15,CN
021_S_2125,v11,m24,2012-10-24,MCI
029_S_0843,v11,m72,2012-11-15,MCI
041_S_4974,v03,bl,2012-11-09,MCI
127_S_4843,v03,bl,2012-11-08,CN
127_S_4844,v03,bl,2012-11-08,MCI
037_S_4706,v05,m06,2012-11-10,MCI
137_S_4303,v11,m12,2012-11-08,MCI
003_S_4136,v11,m12,2012-09-07,Dementia
031_S_4947,v03,bl,2012-11-16,MCI
003_S_4354,v05,m06,2012-07-10,MCI
016_S_5032,v01,sc,2012-11-16,Dementia
016_S_5031,v01,sc,2012-11-16,MCI
037_S_4302,v11,m12,2012-11-07,MCI
067_S_4310,v11,m12,2012-11-16,CN
135_S_4309,v11,m12,2012-11-15,MCI
021_S_2100,v11,m24,2012-11-08,MCI
021_S_4659,v05,m06,2012-11-15,MCI
135_S_4689,v05,m06,2012-11-16,Dementia
137_S_0994,v11,m72,2012-11-14,Dementia
005_S_5038,v01,sc,2012-11-19,Dementia
021_S_2142,v11,m24,2012-11-08,MCI
098_S_4981,v01,sc,2012-10-02,CN
021_S_4335,v11,m12,2012-11-14,CN
098_S_4215,v11,m12,2012-10-17,Dementia
070_S_5040,v01,sc,2012-11-19,CN
029_S_4585,v05,m06,2012-11-20,CN
098_S_2047,v11,m24,2012-09-18,Dementia
127_S_4210,v11,m12,2012-10-24,MCI
116_S_4338,v11,m12,2012-11-20,Dementia
013_S_4268,v11,m12,2012-11-21,CN
019_S_4252,v11,m12,2012-11-21,Dementia
019_S_4367,v11,m12,2012-11-21,CN
098_S_4506,v05,m06,2012-09-25,CN
072_S_4465,v05,m06,2012-08-22,MCI
072_S_4226,v11,m12,2012-10-17,MCI
128_S_4653,v05,m06,2012-11-09,MCI
128_S_4671,v05,m06,2012-11-09,MCI
128_S_4636,v05,m06,2012-11-16,MCI
128_S_2123,v11,m24,2012-11-09,MCI
072_S_4206,v11,m12,2012-10-09,MCI
072_S_4941,v03,bl,2012-10-26,MCI
027_S_1045,v06,m72,2012-11-15,MCI
067_S_5042,v01,sc,2012-11-20,Dementia
073_S_5023,v01,sc,2012-11-05,CN
094_S_4858,v03,bl,2012-11-26,MCI
073_S_4300,v11,m12,2012-11-26,MCI
073_S_4312,v11,m12,2012-11-26,MCI
073_S_2182,v06,m12,2012-11-26,MCI
100_S_5036,v01,sc,2012-11-27,MCI
100_S_4512,v05,m06,2012-11-27,MCI
073_S_5016,v01,sc,2012-11-27,Dementia
073_S_4995,v01,sc,2012-11-27,MCI
073_S_4559,v05,m06,2012-11-27,CN
126_S_4743,v05,m06,2012-11-27,MCI
130_S_4352,v11,m12,2012-11-26,CN
024_S_2239,v11,m24,2012-11-28,MCI
024_S_4674,v05,m06,2012-11-28,MCI
036_S_4715,v05,m06,2012-11-27,MCI
130_S_2391,v06,m12,2012-07-20,MCI
033_S_5013,v03,bl,2012-11-28,Dementia
094_S_4737,v05,m06,2012-11-28,Dementia
099_S_4205,v11,m12,2012-10-24,MCI
002_S_4237,v11,m12,2012-11-01,MCI
002_S_5018,v03,bl,2012-11-15,Dementia
033_S_5017,v03,bl,2012-11-28,Dementia
099_S_4463,v05,m06,2012-09-12,MCI
114_S_5047,v01,sc,2012-11-29,MCI
067_S_2196,v11,m24,2012-11-29,MCI
082_S_5014,v03,bl,2012-11-29,MCI
141_S_0915,v11,m72,2012-11-30,Dementia
135_S_5015,v03,bl,2012-11-26,Dementia
035_S_4114,v11,m12,2012-11-30,Dementia
035_S_4783,v03,bl,2012-11-30,Dementia
035_S_4414,v05,m06,2012-11-30,Dementia
035_S_4784,v03,bl,2012-11-30,MCI
035_S_4464,v05,m06,2012-11-30,CN
035_S_4082,v11,m12,2012-11-30,CN
035_S_4582,v05,m06,2012-11-30,MCI
141_S_1004,v11,m72,2012-11-30,Dementia
021_S_2124,v11,m24,2012-11-14,MCI
020_S_5039,v01,sc,2012-11-30,Dementia
082_S_2099,v11,m24,2012-12-03,MCI
035_S_2061,v11,m24,2012-11-30,MCI
036_S_4714,v05,m06,2012-12-04,MCI
067_S_4728,v05,m06,2012-11-30,Dementia
941_S_4255,v11,m12,2012-12-04,CN
127_S_4301,v11,m12,2012-11-28,MCI
009_S_5037,v01,sc,2012-11-16,Dementia
041_S_5026,v03,bl,2012-11-30,MCI
002_S_4270,v11,m12,2012-11-13,CN
127_S_4940,v03,bl,2012-11-28,Dementia
127_S_4992,v03,bl,2012-11-28,Dementia
032_S_0978,v11,m72,2012-12-05,Dementia
029_S_4652,v05,m06,2012-12-05,CN
067_S_2195,v11,m24,2012-12-05,MCI
037_S_0566,v11,m72,2012-12-05,Dementia
128_S_1406,v11,m60,2012-12-05,Dementia
016_S_4646,v05,m06,2012-12-06,MCI
036_S_4736,v05,m06,2012-12-06,MCI
029_S_4290,v11,m12,2012-12-06,CN
141_S_4976,v03,bl,2012-12-02,MCI
014_S_4401,v11,m12,2012-12-05,CN
003_S_4350,v11,m12,2012-12-07,CN
041_S_4720,v05,m06,2012-12-07,MCI
041_S_4629,v05,m06,2012-12-07,MCI
041_S_4138,v11,m12,2012-12-07,MCI
130_S_4589,v05,m06,2012-12-05,Dementia
041_S_4989,v03,bl,2012-12-07,MCI
130_S_4343,v11,m12,2012-12-10,CN
128_S_5052,v01,sc,2012-12-04,Dementia
099_S_4157,v11,m12,2012-09-25,MCI
941_S_2060,v11,m24,2012-12-06,MCI
099_S_4202,v11,m12,2012-10-22,MCI
153_S_4159,v11,m12,2012-08-28,MCI
153_S_4372,v11,m12,2012-12-10,CN
129_S_4371,v11,m12,2012-12-05,CN
153_S_4297,v05,m06,2012-06-06,MCI
135_S_4356,v11,m12,2012-11-28,MCI
135_S_4722,v05,m06,2012-12-05,MCI
082_S_4339,v11,m12,2012-12-10,CN
135_S_4723,v05,m06,2012-12-05,MCI
019_S_5019,v03,bl,2012-12-03,Dementia
141_S_4232,v11,m12,2012-12-11,MCI
126_S_4712,v05,m06,2012-12-04,MCI
126_S_2407,v06,m12,2012-12-10,MCI
024_S_5054,v01,sc,2012-12-12,Dementia
014_S_4328,v11,m12,2012-11-28,MCI
037_S_1078,v11,m72,2012-11-28,Dementia
013_S_2389,v06,m12,2012-12-12,MCI
099_S_4475,v05,m06,2012-09-19,MCI
067_S_4767,v05,m06,2012-12-12,MCI
005_S_0572,v11,m72,2012-10-05,Dementia
114_S_4379,v05,m06,2012-12-11,Dementia
027_S_5046,v01,sc,2012-11-20,MCI
027_S_5043,v01,sc,2012-11-19,MCI
019_S_5012,v03,bl,2012-12-14,Dementia
116_S_4732,v05,m06,2012-12-14,Dementia
127_S_5056,v01,sc,2012-12-14,Dementia
073_S_4986,v03,bl,2012-12-14,MCI
073_S_0311,v11,m72,2012-12-15,CN
073_S_4795,v03,bl,2012-12-15,CN
020_S_4920,v03,bl,2012-11-08,MCI
031_S_4721,v05,m06,2012-12-17,MCI
031_S_4024,v21,m24,2012-12-17,Dementia
123_S_4904,v03,bl,2012-09-24,MCI
137_S_4520,v05,m06,2012-12-14,CN
137_S_4596,v05,m06,2012-12-14,MCI
135_S_4406,v11,m12,2012-12-13,MCI
005_S_4707,v05,m06,2012-12-18,Dementia
005_S_4910,v03,bl,2012-10-10,Dementia
005_S_0610,v11,m72,2012-11-14,CN
005_S_0602,v11,m72,2012-12-12,CN
033_S_1098,v11,m72,2012-12-18,CN
027_S_2219,v06,m24,2012-12-07,MCI
114_S_0416,v11,m84,2012-12-21,CN
114_S_1118,v11,m72,2012-12-21,MCI
073_S_4259,v11,m12,2012-12-27,MCI
137_S_4623,v05,m06,2012-11-12,MCI
137_S_4632,v05,m06,2012-12-17,CN
016_S_4952,v03,bl,2012-12-26,CN
016_S_4951,v03,bl,2012-12-26,CN
036_S_1023,v11,m72,2013-01-02,CN
094_S_4630,v05,m06,2013-01-02,MCI
094_S_4649,v05,m06,2013-01-02,CN
099_S_2063,v11,m24,2012-10-19,MCI
137_S_4678,v05,m06,2012-11-26,MCI
016_S_5057,v01,sc,2012-12-26,Dementia
137_S_4351,v11,m12,2012-12-11,CN
128_S_4571,v05,m06,2012-11-07,MCI
003_S_4644,v05,m06,2012-12-18,CN
013_S_4985,v03,bl,2012-12-19,MCI
141_S_4711,v05,m06,2013-01-03,MCI
067_S_4782,v05,m06,2013-01-03,MCI
128_S_0863,v11,m72,2012-10-18,CN
137_S_4631,v05,m06,2012-12-05,MCI
137_S_4756,v05,m06,2012-12-04,Dementia
128_S_4774,v05,m06,2012-01-04,Dementia
128_S_0522,v11,m84,2013-01-04,MCI
128_S_0138,v11,m84,2013-01-04,CN
109_S_4455,v05,m06,2012-10-04,MCI
128_S_4792,v05,m06,2013-01-04,Dementia
128_S_4772,v05,m06,2013-01-04,Dementia
128_S_0205,v11,m84,2013-01-04,CN
128_S_4742,v05,m06,2013-01-04,MCI
137_S_4331,v11,m12,2013-01-04,MCI
027_S_4757,v03,bl,2012-06-14,MCI
018_S_4400,v11,m12,2013-01-03,CN
018_S_2155,v11,m24,2012-12-13,MCI
022_S_5004,v03,bl,2012-12-10,MCI
002_S_4746,v05,m06,2012-12-11,MCI
027_S_4729,v05,m06,2012-12-04,MCI
011_S_0023,v11,m84,2013-01-08,CN
130_S_4730,v05,m06,2013-01-07,Dementia
127_S_5028,v03,bl,2013-01-09,Dementia
127_S_5058,v01,sc,2013-01-09,Dementia
129_S_4369,v11,m12,2012-12-27,CN
023_S_4164,v11,m12,2013-01-09,CN
003_S_4373,v05,m06,2012-12-04,Dementia
013_S_4579,v05,m06,2013-01-08,MCI
130_S_4971,v03,bl,2013-01-10,Dementia
052_S_5062,v01,sc,2013-01-10,Dementia
027_S_0074,v06,m84,2012-12-13,CN
024_S_4392,v11,m12,2013-01-11,MCI
021_S_4421,v05,m06,2012-07-19,CN
027_S_5060,v01,sc,2013-01-07,MCI
041_S_4427,v11,m12,2013-01-11,CN
130_S_5059,v01,sc,2012-01-03,Dementia
041_S_4877,v03,bl,2013-01-11,MCI
128_S_4607,v05,m06,2012-11-14,MCI
082_S_4428,v11,m12,2013-01-09,CN
023_S_0926,v11,m72,2013-01-15,CN
036_S_5063,v01,sc,2013-01-15,Dementia
052_S_4945,v03,bl,2013-01-04,MCI
070_S_5040,v03,bl,2012-12-17,CN
127_S_4604,v05,m06,2013-01-16,CN
127_S_1032,v11,m72,2013-01-16,MCI
127_S_0925,v11,m72,2013-01-16,MCI
052_S_4944,v03,bl,2013-01-09,MCI
098_S_0896,v11,m72,2012-11-28,CN
006_S_4357,v11,m12,2013-01-16,CN
006_S_4713,v05,m06,2013-01-16,MCI
006_S_4679,v05,m06,2013-01-16,MCI
021_S_4718,v05,m06,2012-12-03,Dementia
021_S_4744,v05,m06,2012-12-04,MCI
010_S_4442,v05,m06,2013-01-17,CN
067_S_0056,v11,m84,2012-12-20,MCI
067_S_0059,v11,m84,2012-12-20,MCI
029_S_4327,v11,m12,2013-01-16,MCI
128_S_2130,v11,m24,2013-01-17,MCI
128_S_4586,v05,m06,2013-01-17,CN
018_S_2180,v11,m24,2013-01-10,MCI
018_S_4313,v11,m12,2012-11-28,CN
018_S_4349,v11,m12,2012-11-28,CN
018_S_4733,v05,m06,2012-11-26,Dementia
018_S_4809,v05,m06,2013-01-03,MCI
129_S_4396,v11,m12,2012-12-27,CN
022_S_2087,v06,m24,2012-12-07,MCI
029_S_4279,v11,m12,2013-01-17,CN
051_S_1331,v06,m60,2012-09-12,Dementia
129_S_4422,v11,m12,2013-01-09,CN
128_S_5066,v01,sc,2012-12-12,MCI
013_S_1186,v11,m72,2013-01-30,MCI
070_S_4793,v05,m06,2013-01-10,MCI
027_S_2183,v06,m24,2012-12-14,MCI
019_S_4835,v05,m06,2013-01-18,CN
141_S_1052,v11,m72,2012-01-16,MCI
123_S_0106,v06,m72,2012-01-25,MCI
941_S_4365,v11,m12,2013-01-21,CN
022_S_4922,v03,bl,2012-10-19,MCI
036_S_4389,v11,m12,2013-01-22,CN
007_S_4387,v11,m12,2013-01-21,CN
053_S_4813,v05,m06,2013-01-14,MCI
053_S_4661,v05,m06,2012-12-05,Dementia
006_S_4346,v11,m12,2013-01-22,MCI
006_S_4363,v11,m12,2013-01-22,MCI
053_S_0919,v06,m72,2012-11-27,MCI
053_S_5070,v01,sc,2013-01-18,Dementia
123_S_4780,v05,m06,2012-12-10,MCI
123_S_4806,v05,m06,2013-01-10,MCI
123_S_2055,v11,m24,2012-09-12,MCI
123_S_0072,v11,m84,2013-01-08,CN
013_S_4395,v11,m12,2013-01-23,MCI
021_S_0984,v11,m72,2012-12-11,CN
021_S_4421,v11,m12,2013-01-11,CN
099_S_0051,v11,m84,2012-12-13,Dementia
027_S_5072,v01,sc,2013-01-22,CN
002_S_1155,v11,m72,2012-12-20,MCI
024_S_5054,v03,bl,2013-01-28,Dementia
099_S_4498,v05,m06,2012-10-16,MCI
094_S_2201,v11,m24,2013-01-28,CN
099_S_4565,v05,m06,2012-10-17,MCI
021_S_4419,v11,m12,2012-12-17,CN
068_S_4968,v01,sc,2013-01-29,Dementia
099_S_4994,v03,bl,2012-12-17,Dementia
037_S_4410,v11,m12,2013-01-10,CN
116_S_4453,v11,m12,2013-01-24,CN
135_S_4446,v11,m12,2013-01-22,CN
127_S_5067,v01,sc,2013-01-30,Dementia
003_S_4354,v11,m12,2013-01-17,MCI
013_S_5071,v01,sc,2013-01-30,Dementia
003_S_1122,v11,m72,2013-01-18,MCI
003_S_0908,v11,m72,2013-01-23,MCI
128_S_4832,v05,m06,2013-02-01,CN
021_S_2150,v11,m24,2013-02-01,CN
128_S_0230,v11,m84,2013-01-31,Dementia
018_S_5074,v01,sc,2013-01-24,Dementia
005_S_0553,v11,m72,2012-12-21,CN
018_S_4399,v11,m12,2013-01-10,CN
005_S_0546,v11,m72,2012-11-12,MCI
011_S_4845,v05,m06,2013-01-30,MCI
141_S_4438,v11,m12,2013-01-30,MCI
127_S_4765,v05,m06,2013-01-16,MCI
022_S_4291,v11,m12,2013-02-04,CN
023_S_0042,v21,m84,2013-02-05,Dementia
099_S_2205,v11,m24,2012-12-13,MCI
150_S_5080,v01,sc,2013-01-30,Dementia
052_S_4959,v01,sc,2013-02-05,Dementia
036_S_4878,v05,m06,2013-02-05,CN
126_S_4458,v11,m12,2013-02-05,Dementia
130_S_4417,v05,m06,2012-08-31,MCI
100_S_5075,v01,sc,2013-01-31,CN
100_S_5073,v01,sc,2013-02-06,MCI
027_S_5079,v01,sc,2013-01-29,CN
027_S_5083,v01,sc,2013-02-04,CN
036_S_4820,v05,m06,2013-02-05,Dementia
033_S_5087,v01,sc,2013-02-07,Dementia
029_S_0914,v11,m72,2013-02-07,MCI
116_S_4855,v05,m06,2013-02-12,CN
114_S_4404,v11,m12,2013-02-07,MCI
114_S_5047,v03,bl,2013-02-07,MCI
126_S_4896,v05,m06,2013-02-06,MCI
114_S_1106,v11,m72,2013-02-07,Dementia
114_S_0378,v11,m84,2013-02-07,Dementia
023_S_0061,v11,m84,2013-02-07,MCI
031_S_1066,v11,m72,2013-02-09,Dementia
031_S_2233,v11,m24,2013-02-09,MCI
031_S_4476,v11,m12,2013-02-09,MCI
126_S_4494,v11,m12,2013-02-07,Dementia
019_S_5089,v01,sc,2013-02-11,CN
014_S_0519,v11,m72,2013-02-04,CN
012_S_4987,v03,bl,2013-02-10,MCI
116_S_1232,v11,m72,2013-02-12,CN
029_S_4384,v11,m12,2013-02-12,CN
941_S_4376,v11,m12,2013-01-25,CN
033_S_4505,v11,m12,2013-02-13,CN
032_S_0479,v11,m72,2013-02-13,CN
032_S_4277,v11,m12,2013-02-13,CN
032_S_2119,v11,m24,2013-02-13,MCI
002_S_4799,v05,m06,2013-01-08,MCI
126_S_1187,v11,m72,2013-02-13,MCI
128_S_2151,v11,m24,2013-02-13,MCI
036_S_5063,v03,bl,2013-02-11,Dementia
027_S_5092,v01,sc,2013-02-07,CN
128_S_1407,v11,m60,2013-02-13,Dementia
128_S_2220,v11,m24,2013-02-13,MCI
005_S_5038,v03,bl,2013-01-03,Dementia
041_S_5078,v01,sc,2013-02-01,CN
037_S_0454,v11,m84,2013-01-31,MCI
037_S_4381,v11,m12,2013-01-31,CN
007_S_4488,v11,m12,2013-02-14,CN
013_S_5085,v01,sc,2013-02-13,MCI
116_S_1249,v11,m72,2013-02-14,CN
027_S_5093,v01,sc,2013-02-11,CN
029_S_4307,v11,m12,2013-02-14,Dementia
130_S_4417,v11,m12,2013-02-11,MCI
127_S_4645,v05,m06,2013-02-15,CN
127_S_5067,v03,bl,2013-02-15,Dementia
127_S_5058,v03,bl,2013-02-15,Dementia
027_S_5064,v01,sc,2013-01-14,MCI
057_S_4888,v05,m06,2013-02-14,Dementia
027_S_4802,v05,m06,2013-01-10,Dementia
027_S_4804,v05,m06,2013-01-22,MCI
027_S_4801,v05,m06,2013-01-21,Dementia
010_S_0420,v11,m72,2013-02-15,MCI
033_S_4508,v11,m12,2013-02-15,CN
135_S_4489,v11,m12,2013-02-13,MCI
041_S_5082,v01,sc,2013-02-18,CN
099_S_4463,v11,m12,2013-02-18,MCI
941_S_4292,v11,m12,2013-02-15,CN
036_S_4491,v11,m12,2013-02-12,CN
011_S_4827,v05,m06,2013-02-19,Dementia
037_S_4770,v05,m06,2013-01-16,Dementia
126_S_4891,v05,m06,2013-02-19,MCI
051_S_5005,v03,bl,2013-02-12,Dementia
009_S_4903,v03,bl,2012-10-09,MCI
100_S_5076,v01,sc,2013-02-21,CN
031_S_5098,v01,sc,2013-02-21,Dementia
009_S_5000,v03,bl,2012-11-19,MCI
009_S_0842,v11,m72,2012-10-31,MCI
100_S_5091,v01,sc,2013-02-21,CN
114_S_0173,v11,m84,2013-02-21,CN
070_S_4856,v05,m06,2013-02-04,CN
016_S_4688,v05,m06,2013-02-22,CN
009_S_5037,v03,bl,2013-02-21,Dementia
127_S_5095,v01,sc,2013-02-22,Dementia
135_S_4863,v05,m06,2013-02-20,Dementia
130_S_4415,v11,m12,2013-02-22,MCI
130_S_4405,v11,m12,2013-02-22,MCI
130_S_4468,v11,m12,2013-02-22,MCI
021_S_5099,v01,sc,2013-02-19,MCI
099_S_4498,v11,m12,2013-02-21,MCI
021_S_4402,v11,m12,2013-02-12,Dementia
002_S_4473,v11,m12,2013-02-05,MCI
036_S_4430,v11,m12,2013-02-18,MCI
022_S_0096,v11,m84,2013-02-26,CN
127_S_5056,v03,bl,2013-02-15,Dementia
037_S_0377,v11,m84,2013-02-25,MCI
037_S_4308,v11,m12,2013-02-23,CN
022_S_1097,v11,m72,2013-02-05,Dementia
022_S_4266,v11,m12,2013-02-19,CN
114_S_0166,v11,m84,2013-02-21,Dementia
022_S_4444,v11,m12,2013-02-27,MCI
009_S_5027,v03,bl,2013-01-10,Dementia
057_S_1269,v06,m72,2013-02-27,MCI
057_S_4897,v05,m06,2013-02-28,MCI
021_S_0159,v11,m84,2013-02-27,CN
007_S_4516,v11,m12,2013-02-26,CN
022_S_4320,v11,m12,2013-02-28,CN
128_S_0135,v11,m84,2013-02-27,Dementia
013_S_5104,v01,sc,2013-02-27,CN
011_S_2274,v11,m24,2013-02-23,MCI
128_S_5066,v03,bl,2013-02-27,MCI
019_S_4477,v11,m12,2013-02-22,Dementia
007_S_1206,v11,m72,2013-02-20,CN
082_S_5108,v01,sc,2013-02-28,CN
027_S_2245,v06,m24,2013-01-21,MCI
051_S_5077,v01,sc,2013-01-25,Dementia
027_S_5109,v01,sc,2013-02-28,CN
014_S_0169,v11,m84,2013-02-28,MCI
027_S_4873,v05,m06,2013-02-18,MCI
023_S_4448,v11,m12,2013-02-28,CN
037_S_4750,v05,m06,2013-02-18,MCI
023_S_4243,v11,m12,2013-02-28,MCI
012_S_1212,v11,m72,2013-02-14,CN
099_S_4565,v11,m12,2013-02-28,MCI
137_S_4466,v11,m12,2013-03-01,CN
126_S_4514,v11,m12,2013-02-21,MCI
036_S_5112,v01,sc,2013-03-04,Dementia
041_S_4513,v11,m12,2013-03-01,MCI
127_S_0112,v11,m84,2013-03-05,MCI
053_S_5070,v03,bl,2013-02-28,Dementia
073_S_5090,v01,sc,2013-02-19,Dementia
016_S_5007,v03,bl,2013-03-06,MCI
027_S_5110,v01,sc,2013-02-28,CN
022_S_2263,v11,m24,2013-03-05,CN
002_S_4447,v11,m12,2013-02-12,MCI
137_S_4815,v05,m06,2013-03-04,MCI
029_S_4385,v11,m12,2013-03-06,CN
031_S_5111,v01,sc,2013-03-07,CN
031_S_4042,v21,m24,2013-03-07,Dementia
057_S_4909,v05,m06,2013-03-07,MCI
023_S_4122,v11,m12,2013-03-06,MCI
041_S_5100,v01,sc,2013-03-07,CN
109_S_2200,v11,m24,2013-03-07,MCI
027_S_5083,v03,bl,2013-03-04,CN
128_S_4842,v05,m06,2013-02-15,MCI
019_S_4548,v11,m12,2013-03-08,MCI
128_S_0225,v11,m84,2013-03-06,MCI
033_S_5087,v03,bl,2013-03-11,Dementia
094_S_2238,v11,m24,2013-03-11,MCI
094_S_4503,v11,m12,2013-03-11,CN
094_S_4434,v11,m12,2013-03-11,MCI
127_S_2213,v11,m24,2013-03-08,MCI
041_S_5097,v01,sc,2013-03-11,CN
098_S_4965,v01,sc,2012-09-19,MCI
013_S_5071,v03,bl,2013-03-06,Dementia
041_S_4874,v05,m06,2013-03-08,MCI
041_S_4876,v05,m06,2013-03-08,MCI
127_S_4197,v11,m12,2013-03-08,MCI
036_S_4894,v05,m06,2013-03-12,Dementia
127_S_2234,v11,m24,2013-03-08,CN
027_S_5079,v03,bl,2013-02-26,CN
100_S_5096,v01,sc,2013-03-12,CN
100_S_5102,v01,sc,2013-03-12,CN
100_S_5103,v01,sc,2013-03-12,CN
037_S_4432,v11,m12,2013-03-05,Dementia
027_S_5105,v01,sc,2013-02-26,MCI
011_S_4906,v05,m06,2013-03-14,Dementia
127_S_4624,v05,m06,2013-01-16,CN
109_S_4380,v11,m12,2013-03-14,CN
012_S_5121,v01,sc,2013-03-14,CN
130_S_5115,v01,sc,2013-03-08,CN
053_S_4557,v11,m12,2013-03-14,MCI
029_S_1318,v11,m72,2013-03-14,Dementia
019_S_4549,v11,m12,2013-03-14,Dementia
027_S_5118,v01,sc,2013-03-07,CN
041_S_4510,v11,m12,2013-03-14,MCI
021_S_0178,v11,m84,2013-03-14,MCI
027_S_0120,v06,m84,2013-02-22,CN
021_S_5099,v03,bl,2013-03-14,MCI
052_S_5107,v01,sc,2013-03-10,Dementia
027_S_0116,v06,m84,2013-02-07,MCI
136_S_5002,v01,sc,2012-10-18,CN
109_S_4499,v11,m12,2013-03-19,CN
136_S_4822,v01,sc,2012-06-25,CN
100_S_5106,v01,sc,2013-03-19,Dementia
021_S_4857,v05,m06,2013-03-19,Dementia
099_S_4475,v11,m12,2013-03-11,MCI
032_S_4386,v11,m12,2013-03-20,CN
032_S_4429,v11,m12,2013-03-20,CN
009_S_5125,v01,sc,2013-03-18,CN
007_S_4467,v11,m12,2013-03-05,MCI
128_S_0200,v11,m84,2013-03-20,MCI
128_S_0229,v11,m84,2013-03-20,CN
002_S_1280,v11,m72,2013-02-21,CN
073_S_4382,v11,m12,2013-03-20,CN
012_S_4849,v05,m06,2013-03-14,MCI
013_S_4917,v05,m06,2013-03-20,MCI
021_S_5129,v01,sc,2013-03-20,CN
013_S_5117,v01,sc,2013-03-13,CN
099_S_4480,v11,m12,2013-02-26,MCI
024_S_4905,v05,m06,2013-03-22,Dementia
941_S_1195,v11,m72,2013-03-15,CN
941_S_4377,v11,m12,2013-03-15,MCI
027_S_4926,v05,m06,2013-03-19,MCI
005_S_5119,v01,sc,2013-03-22,Dementia
073_S_2191,v06,m12,2013-03-22,MCI
027_S_5093,v03,bl,2013-03-19,CN
098_S_5048,v01,sc,2012-11-27,MCI
018_S_4889,v05,m06,2013-03-25,MCI
018_S_4868,v05,m06,2013-03-25,MCI
018_S_4597,v11,m12,2013-03-25,MCI
018_S_0142,v11,m84,2013-03-25,MCI
129_S_1246,v21,m72,2013-03-13,MCI
135_S_5113,v01,sc,2013-03-22,CN
941_S_5124,v01,sc,2013-03-26,CN
126_S_4507,v11,m12,2013-03-25,MCI
007_S_1222,v11,m72,2013-03-26,CN
137_S_0972,v11,m72,2013-01-04,MCI
137_S_4816,v05,m06,2013-03-11,MCI
032_S_1169,v11,m72,2013-03-27,MCI
032_S_4823,v05,m06,2013-03-27,MCI
128_S_5123,v01,sc,2013-03-20,Dementia
137_S_4482,v11,m12,2013-03-12,CN
009_S_4324,v11,m12,2012-11-14,MCI
116_S_4898,v05,m06,2013-03-27,MCI
009_S_4958,v03,bl,2012-10-12,MCI
009_S_4337,v11,m12,2012-11-07,MCI
067_S_2301,v11,m24,2013-03-08,MCI
067_S_2304,v11,m24,2013-03-13,MCI
150_S_5134,v01,sc,2013-03-28,CN
029_S_5135,v01,sc,2013-03-28,MCI
003_S_5130,v01,sc,2013-04-03,CN
023_S_4796,v05,m06,2013-03-27,Dementia
137_S_4536,v11,m12,2013-03-19,MCI
137_S_4852,v05,m06,2013-03-20,MCI
137_S_4520,v11,m12,2013-03-25,CN
130_S_4605,v05,m06,2013-03-26,MCI
128_S_4553,v11,m12,2013-03-20,MCI
037_S_4001,v21,m24,2013-03-20,Dementia
023_S_4241,v11,m12,2013-03-28,MCI
130_S_4605,v11,m12,2013-04-01,MCI
130_S_4984,v03,bl,2013-04-01,Dementia
027_S_5127,v01,sc,2013-03-20,CN
023_S_4502,v11,m12,2013-03-28,Dementia
011_S_4547,v11,m12,2013-03-28,MCI
020_S_5140,v01,sc,2013-04-03,CN
135_S_4566,v11,m12,2013-03-27,CN
130_S_5142,v01,sc,2013-04-04,CN
131_S_5138,v01,sc,2013-04-02,Dementia
127_S_5095,v03,bl,2013-03-22,Dementia
031_S_4496,v11,m12,2013-04-04,CN
036_S_4562,v11,m12,2013-04-04,MCI
007_S_4611,v11,m12,2013-04-02,MCI
130_S_5059,v03,bl,2013-04-04,Dementia
003_S_0981,v11,m72,2013-03-29,CN
002_S_4521,v11,m12,2013-03-14,MCI
016_S_1326,v11,m72,2013-03-28,Dementia
130_S_4984,v05,m06,2013-04-04,Dementia
127_S_4940,v05,m06,2013-04-05,Dementia
041_S_5131,v01,sc,2013-03-28,CN
072_S_4613,v05,m06,2013-04-08,MCI
129_S_2332,v11,m24,2013-03-29,MCI
002_S_1261,v11,m72,2013-03-07,CN
027_S_4938,v05,m06,2013-04-01,Dementia
013_S_5137,v01,sc,2013-04-03,CN
130_S_5006,v03,bl,2013-04-07,Dementia
003_S_4900,v05,m06,2013-02-14,CN
131_S_5148,v01,sc,2013-04-08,CN
036_S_5149,v01,sc,2013-04-08,Dementia
007_S_4911,v05,m06,2013-04-01,Dementia
011_S_4912,v05,m06,2013-03-28,Dementia
009_S_5147,v01,sc,2013-04-08,CN
016_S_4591,v11,m12,2013-04-09,Dementia
007_S_0101,v11,m84,2013-04-09,Dementia
127_S_4198,v11,m12,2013-03-08,CN
027_S_4919,v05,m06,2013-03-20,MCI
131_S_0384,v11,m84,2013-04-08,CN
128_S_4599,v11,m12,2013-04-10,CN
016_S_4902,v05,m06,2013-04-10,MCI
073_S_4825,v05,m06,2013-04-10,MCI
073_S_5016,v03,bl,2013-04-10,Dementia
014_S_2185,v11,m24,2013-02-08,MCI
014_S_4576,v11,m12,2013-04-05,CN
003_S_5150,v01,sc,2013-04-09,CN
005_S_0448,v11,m84,2013-04-05,MCI
116_S_1243,v11,m72,2013-04-05,Dementia
003_S_5154,v01,sc,2013-04-11,CN
041_S_5141,v01,sc,2013-04-11,CN
006_S_5153,v01,sc,2013-04-11,CN
129_S_2347,v11,m24,2013-03-29,MCI
023_S_0126,v11,m84,2013-04-09,Dementia
041_S_5097,v03,bl,2013-04-02,CN
010_S_4345,v11,m12,2013-04-11,CN
041_S_5078,v03,bl,2013-04-11,CN
135_S_4598,v11,m12,2013-03-28,CN
027_S_5109,v03,bl,2013-04-01,CN
135_S_5145,v01,sc,2013-04-11,CN
127_S_5132,v01,sc,2013-04-05,CN
153_S_4838,v05,m06,2013-03-20,MCI
027_S_5128,v01,sc,2013-03-20,CN
021_S_4558,v11,m12,2013-04-09,CN
052_S_1352,v11,m72,2013-04-08,CN
052_S_4807,v05,m06,2013-04-15,MCI
052_S_4885,v05,m06,2013-04-15,MCI
041_S_4877,v05,m06,2013-04-04,MCI
027_S_5110,v03,bl,2013-04-03,CN
003_S_4441,v11,m12,2013-04-12,CN
011_S_4893,v05,m06,2013-04-16,MCI
130_S_4990,v03,bl,2013-02-22,Dementia
041_S_5082,v03,bl,2013-04-16,CN
037_S_5126,v01,sc,2013-04-15,CN
130_S_4542,v11,m12,2013-03-25,Dementia
009_S_4359,v11,m12,2013-02-08,MCI
013_S_4791,v05,m06,2013-04-17,MCI
027_S_5118,v03,bl,2013-04-03,CN
013_S_4595,v11,m12,2013-04-17,Dementia
029_S_5158,v01,sc,2013-04-18,CN
027_S_4936,v05,m06,2013-04-08,MCI
041_S_5100,v03,bl,2013-04-18,CN
027_S_4962,v05,m06,2013-04-08,Dementia
037_S_4879,v05,m06,2013-03-20,Dementia
021_S_5129,v03,bl,2013-04-03,CN
021_S_0276,v11,m84,2013-04-16,MCI
128_S_4636,v11,m12,2013-04-19,MCI
128_S_4607,v11,m12,2013-04-17,MCI
116_S_4625,v11,m12,2013-04-10,Dementia
135_S_5113,v03,bl,2013-04-15,CN
073_S_2153,v11,m24,2013-04-22,MCI
094_S_2216,v11,m24,2013-04-22,Dementia
094_S_4858,v05,m06,2013-04-22,MCI
094_S_4560,v11,m12,2013-04-22,CN
116_S_4483,v11,m12,2013-04-11,CN
131_S_0123,v11,m84,2013-04-22,MCI
072_S_4610,v05,m06,2013-04-22,MCI
098_S_0171,v21,m84,2013-04-10,MCI
007_S_4637,v11,m12,2013-04-22,CN
023_S_5120,v01,sc,2013-04-22,Dementia
006_S_1130,v11,m72,2013-04-23,Dementia
006_S_4449,v11,m12,2013-04-23,CN
006_S_4485,v11,m12,2013-04-23,CN
006_S_4515,v11,m12,2013-04-23,Dementia
006_S_4867,v05,m06,2013-04-23,Dementia
072_S_0315,v21,m84,2013-04-11,CN
072_S_4390,v11,m12,2012-12-11,MCI
072_S_2116,v11,m24,2012-11-26,MCI
072_S_4610,v11,m12,2013-04-09,MCI
126_S_4675,v11,m12,2013-04-23,MCI
003_S_0907,v11,m72,2013-03-27,CN
072_S_2083,v11,m24,2012-09-11,MCI
009_S_5161,v01,sc,2013-04-23,CN
014_S_0520,v11,m72,2013-01-31,MCI
002_S_4654,v11,m12,2013-04-16,MCI
072_S_4613,v11,m12,2013-04-10,MCI
072_S_2164,v11,m24,2012-12-13,MCI
072_S_2072,v11,m24,2012-09-18,MCI
072_S_4007,v21,m24,2013-04-01,MCI
067_S_5159,v01,sc,2013-04-24,CN
002_S_5152,v01,sc,2013-04-09,CN
099_S_0352,v21,m84,2013-04-24,CN
014_S_2308,v11,m24,2013-04-15,MCI
072_S_4462,v11,m12,2013-02-20,MCI
023_S_0331,v21,m84,2013-04-25,Dementia
072_S_4539,v11,m12,2013-03-21,MCI
072_S_4522,v11,m12,2013-03-05,MCI
009_S_4543,v11,m12,2013-03-20,MCI
072_S_4383,v11,m12,2012-12-18,MCI
012_S_5157,v01,sc,2013-04-25,CN
009_S_1030,v11,m72,2012-11-08,Dementia
009_S_4814,v05,m06,2013-02-12,MCI
009_S_4388,v11,m12,2013-02-14,CN
009_S_4741,v05,m06,2013-01-17,Dementia
009_S_2208,v11,m24,2013-01-09,MCI
003_S_5165,v01,sc,2013-04-25,Dementia
003_S_4872,v05,m06,2013-04-24,CN
037_S_5162,v01,sc,2013-04-22,Dementia
035_S_0156,v11,m84,2013-02-27,MCI
035_S_0555,v11,m72,2013-01-08,MCI
035_S_2074,v11,m24,2012-12-10,MCI
035_S_4783,v05,m06,2013-01-25,Dementia
035_S_4256,v11,m12,2013-01-25,MCI
035_S_4784,v05,m06,2013-02-27,Dementia
035_S_4582,v11,m12,2013-04-01,MCI
014_S_4577,v11,m12,2013-04-26,MCI
013_S_4580,v11,m12,2013-04-23,CN
020_S_4920,v05,m06,2013-04-26,MCI
013_S_4985,v05,m06,2013-04-23,MCI
002_S_1268,v11,m72,2013-03-14,Dementia
072_S_4769,v05,m06,2013-01-23,MCI
072_S_4941,v05,m06,2013-04-17,MCI
031_S_4590,v11,m12,2013-04-29,MCI
072_S_2093,v11,m24,2012-10-11,MCI
031_S_4005,v21,m24,2013-04-29,Dementia
072_S_4445,v11,m12,2013-02-04,MCI
031_S_4947,v05,m06,2013-04-29,Dementia
130_S_4925,v05,m06,2013-04-26,MCI
072_S_4394,v11,m12,2013-01-15,MCI
072_S_4391,v11,m12,2013-01-14,CN
027_S_4964,v05,m06,2013-04-22,Dementia
072_S_4465,v11,m12,2013-02-27,MCI
135_S_4954,v05,m06,2013-04-15,Dementia
100_S_5122,v01,sc,2013-03-29,Dementia
073_S_4762,v05,m06,2013-04-30,CN
027_S_4869,v05,m06,2013-04-17,MCI
126_S_4712,v11,m12,2013-04-30,Dementia
053_S_4578,v11,m12,2013-04-10,CN
037_S_5164,v01,sc,2013-04-24,Dementia
131_S_5138,v03,bl,2013-04-30,Dementia
029_S_5166,v01,sc,2013-04-25,CN
022_S_4805,v05,m06,2013-05-01,MCI
022_S_2167,v11,m24,2013-05-01,MCI
116_S_4010,v21,m24,2013-04-22,CN
116_S_4635,v11,m12,2013-04-29,MCI
027_S_4966,v05,m06,2013-04-25,MCI
137_S_4672,v11,m12,2013-05-01,Dementia
127_S_4604,v11,m12,2013-05-03,CN
068_S_5146,v01,sc,2013-05-02,Dementia
130_S_5175,v01,sc,2013-05-03,CN
137_S_0301,v21,m84,2013-04-19,CN
033_S_4691,v01,sc,2013-05-02,MCI
127_S_4500,v11,m12,2013-05-03,Dementia
073_S_5167,v01,sc,2013-05-03,CN
014_S_4615,v11,m12,2013-04-23,Dementia
041_S_5173,v01,sc,2013-05-02,CN
013_S_5171,v01,sc,2013-05-01,CN
010_S_5163,v01,sc,2013-05-06,Dementia
013_S_4616,v11,m12,2013-05-01,CN
130_S_5142,v03,bl,2013-05-03,CN
027_S_5170,v01,sc,2013-04-29,CN
136_S_4189,v11,m12,2013-05-01,Dementia
114_S_5172,v01,sc,2013-05-07,CN
027_S_5127,v03,bl,2013-04-17,CN
016_S_4584,v11,m12,2013-05-07,MCI
016_S_4887,v05,m06,2013-05-07,Dementia
137_S_4596,v11,m12,2013-04-12,MCI
941_S_5133,v01,sc,2013-04-01,CN
002_S_5178,v01,sc,2013-05-07,CN
021_S_5177,v01,sc,2013-05-06,CN
941_S_4420,v11,m12,2013-04-30,MCI
041_S_4989,v05,m06,2013-05-07,MCI
022_S_0130,v11,m84,2013-05-03,CN
009_S_5176,v01,sc,2013-05-06,CN
067_S_5160,v01,sc,2013-05-03,MCI
005_S_5119,v03,bl,2013-04-22,Dementia
005_S_4910,v05,m06,2013-04-18,Dementia
011_S_4949,v05,m06,2013-05-09,Dementia
082_S_5179,v01,sc,2013-05-07,CN
114_S_4379,v11,m12,2013-05-09,Dementia
127_S_4992,v05,m06,2013-05-03,Dementia
037_S_0501,v11,m84,2013-05-08,MCI
037_S_4015,v21,m24,2013-05-08,Dementia
135_S_4657,v11,m12,2013-04-29,Dementia
019_S_5180,v01,sc,2013-05-08,CN
027_S_5169,v01,sc,2013-04-29,CN
051_S_4980,v03,bl,2012-11-28,Dementia
137_S_4587,v11,m12,2013-05-06,CN
041_S_4974,v05,m06,2013-05-09,MCI
007_S_4620,v11,m12,2013-05-13,CN
153_S_4077,v11,m12,2012-07-16,MCI
012_S_4012,v21,m24,2013-05-13,MCI
012_S_4545,v11,m12,2013-05-13,CN
052_S_1250,v06,m72,2013-05-13,CN
052_S_4959,v03,bl,2013-05-13,Dementia
052_S_2249,v06,m24,2013-05-13,MCI
052_S_4626,v11,m12,2013-05-13,MCI
052_S_1346,v11,m72,2013-05-13,Dementia
067_S_4918,v05,m06,2013-05-10,Dementia
009_S_5147,v03,bl,2013-05-02,CN
126_S_4686,v11,m12,2013-05-07,Dementia
029_S_5186,v01,sc,2013-05-09,CN
009_S_5125,v03,bl,2013-04-11,CN
003_S_5187,v01,sc,2013-05-10,Dementia
023_S_4501,v11,m12,2013-05-13,Dementia
082_S_5184,v05,m06,2013-12-12,Dementia
003_S_4555,v11,m12,2013-05-14,CN
027_S_4955,v05,m06,2013-05-06,MCI
137_S_4623,v11,m12,2013-05-13,MCI
073_S_2191,v11,m24,2013-05-15,MCI
036_S_5112,v03,bl,2013-05-14,Dementia
036_S_4899,v05,m06,2013-05-14,Dementia
019_S_4680,v11,m12,2013-05-06,Dementia
035_S_4785,v01,sc,2013-05-16,CN
127_S_4645,v11,m12,2013-05-17,CN
031_S_4021,v21,m24,2013-05-17,CN
031_S_4032,v21,m24,2013-05-17,CN
031_S_4029,v21,m24,2013-05-17,MCI
127_S_0260,v11,m84,2013-05-17,CN
019_S_5012,v05,m06,2013-05-17,Dementia
019_S_5019,v05,m06,2013-05-17,Dementia
021_S_5194,v01,sc,2013-05-17,CN
130_S_5006,v05,m06,2013-05-17,Dementia
024_S_4674,v11,m12,2013-05-20,MCI
135_S_4676,v11,m12,2013-05-06,Dementia
130_S_4294,v11,m12,2013-05-20,MCI
010_S_4442,v11,m12,2013-05-20,CN
127_S_5185,v01,sc,2013-05-17,CN
135_S_4689,v11,m12,2013-05-17,Dementia
037_S_4706,v11,m12,2013-05-18,Dementia
037_S_0303,v21,m84,2013-05-18,CN
141_S_4426,v11,m12,2013-02-13,MCI
941_S_5124,v03,bl,2013-05-17,CN
007_S_4568,v11,m12,2013-05-16,Dementia
007_S_5196,v01,sc,2013-05-20,Dementia
941_S_5193,v01,sc,2013-05-21,CN
126_S_4743,v11,m12,2013-05-21,MCI
009_S_4958,v05,m06,2013-04-17,Dementia
073_S_4777,v05,m06,2013-05-21,MCI
073_S_4155,v11,m12,2013-05-21,CN
033_S_5198,v01,sc,2013-05-22,CN
002_S_0413,v21,m84,2013-05-14,CN
029_S_4585,v11,m12,2013-05-22,CN
052_S_5062,v03,bl,2013-05-22,Dementia
013_S_5192,v01,sc,2013-05-22,CN
027_S_2336,v06,m24,2013-04-16,MCI
013_S_5137,v03,bl,2013-05-22,CN
013_S_5182,v01,sc,2013-05-22,CN
137_S_4678,v11,m12,2013-05-22,MCI
029_S_5135,v03,bl,2013-05-16,MCI
127_S_5168,v01,sc,2013-05-23,Dementia
016_S_5057,v03,bl,2013-05-22,Dementia
016_S_4638,v05,m06,2013-05-22,CN
067_S_5159,v03,bl,2013-05-23,CN
057_S_5199,v01,sc,2013-05-23,CN
073_S_2225,v11,m24,2013-05-28,MCI
027_S_5197,v01,sc,2013-05-21,CN
073_S_2190,v11,m24,2013-05-28,MCI
073_S_4739,v05,m06,2013-05-28,CN
073_S_4739,v11,m12,2013-05-16,CN
073_S_4552,v11,m12,2013-05-28,CN
116_S_0361,v21,m84,2013-05-13,Dementia
067_S_5205,v01,sc,2013-05-30,Dementia
131_S_0441,v11,m84,2013-05-08,CN
002_S_5018,v05,m06,2013-05-16,Dementia
031_S_4721,v11,m12,2013-05-30,MCI
126_S_2360,v11,m24,2013-05-28,MCI
003_S_5130,v03,bl,2013-05-30,CN
053_S_5208,v01,sc,2013-05-28,Dementia
130_S_4990,v05,m06,2013-05-06,Dementia
036_S_4714,v11,m12,2013-05-29,MCI
067_S_4728,v11,m12,2013-05-31,Dementia
012_S_4643,v11,m12,2013-06-03,CN
126_S_5214,v01,sc,2013-06-03,CN
012_S_4987,v05,m06,2013-06-03,MCI
012_S_5121,v03,bl,2013-06-03,CN
036_S_5210,v01,sc,2013-05-30,Dementia
073_S_5023,v03,bl,2013-06-03,CN
016_S_4951,v05,m06,2013-06-03,CN
053_S_5202,v01,sc,2013-05-23,CN
012_S_5195,v01,sc,2013-06-04,CN
013_S_4579,v11,m12,2013-06-04,MCI
141_S_4711,v11,m12,2013-06-05,MCI
072_S_5207,v01,sc,2013-06-04,CN
127_S_5200,v01,sc,2013-06-05,CN
094_S_4649,v11,m12,2013-06-05,CN
016_S_4952,v05,m06,2013-06-04,CN
067_S_5212,v01,sc,2013-06-05,CN
094_S_5155,v01,sc,2013-06-05,CN
098_S_4018,v21,m24,2013-05-06,CN
127_S_5201,v01,sc,2013-06-05,CN
016_S_4646,v11,m12,2013-06-05,MCI
016_S_0702,v11,m72,2013-05-06,Dementia
135_S_5015,v05,m06,2013-06-04,Dementia
036_S_4538,v11,m12,2013-05-30,MCI
098_S_4003,v21,m24,2013-05-08,CN
027_S_4943,v05,m06,2013-05-01,Dementia
141_S_4803,v05,m06,2013-01-23,MCI
020_S_5203,v01,sc,2013-06-07,CN
020_S_5140,v03,bl,2013-06-07,CN
082_S_5184,v03,bl,2013-06-07,Dementia
041_S_5204,v01,sc,2013-06-05,CN
041_S_5141,v03,bl,2013-06-05,CN
041_S_5131,v03,bl,2013-06-05,CN
041_S_4720,v11,m12,2013-06-05,MCI
116_S_0382,v21,m84,2013-06-05,CN
036_S_4715,v11,m12,2013-06-06,MCI
027_S_5169,v03,bl,2013-05-29,CN
018_S_2133,v11,m24,2012-12-18,MCI
002_S_4746,v11,m12,2013-06-06,MCI
073_S_5215,v01,sc,2013-06-06,CN
006_S_4960,v05,m06,2013-06-11,MCI
029_S_5219,v01,sc,2013-06-06,CN
053_S_2357,v11,m24,2013-06-11,MCI
067_S_5160,v03,bl,2013-06-12,MCI
003_S_4644,v11,m12,2013-06-07,CN
002_S_5178,v03,bl,2013-05-28,CN
036_S_4736,v11,m12,2013-06-12,MCI
057_S_5199,v03,bl,2013-06-13,CN
009_S_5224,v01,sc,2013-06-12,Dementia
052_S_5229,v01,sc,2013-06-13,CN
127_S_5218,v01,sc,2013-06-14,CN
002_S_5230,v01,sc,2013-06-13,CN
033_S_5017,v05,m06,2013-06-10,Dementia
127_S_5228,v01,sc,2013-06-14,CN
037_S_4028,v21,m24,2013-06-07,CN
037_S_4030,v21,m24,2013-06-07,MCI
037_S_5162,v03,bl,2013-06-10,Dementia
023_S_4020,v21,m24,2013-06-12,CN
005_S_5038,v05,m06,2013-06-17,Dementia
135_S_4722,v11,m12,2013-06-12,MCI
023_S_5220,v01,sc,2013-06-18,CN
003_S_4892,v05,m06,2013-04-24,Dementia
098_S_5225,v01,sc,2013-06-12,Dementia
051_S_4929,v05,m06,2013-05-28,MCI
131_S_5223,v01,sc,2013-06-12,CN
051_S_5005,v05,m06,2013-06-05,Dementia
130_S_5175,v03,bl,2013-06-11,CN
135_S_4723,v11,m12,2013-06-12,MCI
033_S_5013,v05,m06,2013-06-12,Dementia
131_S_5148,v03,bl,2013-05-06,CN
036_S_5210,v03,bl,2013-06-20,Dementia
027_S_0408,v11,m84,2013-05-06,Dementia
141_S_4976,v05,m06,2013-06-19,MCI
029_S_4652,v11,m12,2013-06-20,MCI
009_S_4903,v05,m06,2013-04-23,MCI
009_S_5027,v05,m06,2013-05-22,Dementia
067_S_4767,v11,m12,2013-06-19,CN
011_S_4075,v21,m24,2013-06-20,CN
128_S_4653,v11,m12,2013-06-20,MCI
128_S_0227,v11,m84,2013-06-20,Dementia
027_S_4729,v11,m12,2013-05-20,MCI
033_S_5235,v01,sc,2013-06-19,CN
003_S_5165,v03,bl,2013-06-20,Dementia
137_S_4631,v11,m12,2013-06-17,MCI
068_S_5206,v01,sc,2013-06-19,Dementia
094_S_4630,v11,m12,2013-06-21,MCI
127_S_5028,v05,m06,2013-06-14,Dementia
127_S_4928,v05,m06,2013-06-14,Dementia
021_S_5236,v01,sc,2013-06-19,CN
073_S_5227,v01,sc,2013-06-21,CN
021_S_5237,v01,sc,2012-06-20,CN
023_S_5120,v03,bl,2013-06-20,Dementia
012_S_4026,v21,m24,2013-06-24,CN
012_S_5213,v01,sc,2013-06-23,CN
128_S_4671,v11,m12,2013-06-24,MCI
128_S_0272,v11,m84,2013-06-24,CN
128_S_1242,v11,m72,2013-06-24,CN
114_S_5234,v01,sc,2013-06-24,CN
128_S_5123,v03,bl,2013-06-24,Dementia
073_S_0089,v11,m84,2013-04-12,CN
037_S_0467,v21,m84,2013-06-11,Dementia
073_S_4559,v11,m12,2013-06-21,CN
016_S_5031,v03,bl,2013-06-25,MCI
128_S_5217,v01,sc,2013-06-24,CN
123_S_0113,v11,m84,2013-03-05,CN
073_S_4614,v11,m12,2013-06-21,MCI
003_S_5209,v01,sc,2013-06-21,CN
126_S_5243,v01,sc,2013-06-26,CN
067_S_4054,v21,m24,2013-06-26,CN
023_S_5241,v01,sc,2013-06-26,Dementia
018_S_5240,v01,sc,2013-06-24,Dementia
127_S_5132,v03,bl,2013-06-14,CN
036_S_5248,v01,sc,2013-06-27,CN
029_S_5166,v03,bl,2013-06-27,CN
022_S_4922,v05,m06,2013-06-27,MCI
027_S_5170,v03,bl,2013-05-29,CN
003_S_5154,v03,bl,2013-06-27,CN
002_S_4799,v11,m12,2013-06-25,CN
019_S_5242,v01,sc,2013-06-27,CN
137_S_4632,v11,m12,2013-06-21,CN
127_S_5185,v03,bl,2013-06-28,CN
082_S_5029,v03,bl,2012-12-13,Dementia
007_S_5196,v03,bl,2013-06-27,Dementia
082_S_2307,v06,m12,2012-04-03,MCI
127_S_5233,v01,sc,2013-06-28,CN
941_S_5193,v03,bl,2013-06-27,CN
941_S_4764,v11,m12,2013-06-27,MCI
137_S_4756,v11,m12,2013-06-24,Dementia
009_S_5252,v01,sc,2013-07-01,Dementia
016_S_5251,v01,sc,2013-07-01,Dementia
037_S_5222,v01,sc,2013-07-01,CN
082_S_5014,v05,m06,2013-06-19,MCI
137_S_4862,v01,sc,2013-06-26,CN
109_S_5254,v01,sc,2013-07-02,CN
153_S_4621,v05,m06,2012-11-01,MCI
002_S_5256,v01,sc,2013-07-02,CN
033_S_5198,v03,bl,2013-06-18,CN
012_S_5157,v03,bl,2013-07-02,CN
003_S_5150,v03,bl,2013-07-01,CN
003_S_5187,v03,bl,2013-07-01,Dementia
123_S_1300,v11,m72,2013-03-20,MCI
041_S_4014,v21,m24,2013-07-05,CN
041_S_0125,v21,m84,2013-07-05,CN
041_S_4004,v21,m24,2013-07-05,MCI
009_S_2381,v11,m24,2013-06-13,Dementia
123_S_4904,v05,m06,2013-03-26,MCI
041_S_5253,v01,sc,2013-07-05,CN
041_S_5244,v01,sc,2013-07-05,CN
041_S_4060,v21,m24,2013-07-05,CN
041_S_4037,v21,m24,2013-07-05,CN
073_S_5167,v03,bl,2013-06-21,CN
041_S_4041,v21,m24,2013-07-08,Dementia
094_S_2367,v11,m24,2013-07-10,MCI
024_S_5054,v05,m06,2013-07-10,Dementia
153_S_5232,v01,sc,2013-06-17,CN
033_S_5259,v01,sc,2013-07-08,CN
016_S_4009,v21,m24,2013-07-10,Dementia
073_S_4393,v11,m12,2013-07-10,CN
130_S_5258,v01,sc,2013-07-08,CN
130_S_5231,v01,sc,2013-07-11,Dementia
126_S_0680,v11,m84,2013-07-09,MCI
123_S_0298,v11,m84,2013-04-24,CN
153_S_5261,v01,sc,2013-07-11,CN
041_S_5026,v01,sc,2012-11-12,MCI
123_S_4806,v11,m12,2013-07-09,MCI
153_S_4621,v11,m12,2013-06-25,MCI
003_S_4373,v11,m12,2012-12-04,Dementia
082_S_2307,v11,m24,2013-03-28,MCI
116_S_4043,v21,m24,2013-07-15,CN
153_S_4172,v11,m12,2012-08-16,Dementia
007_S_5265,v01,sc,2013-07-15,CN
082_S_4244,v11,m12,2012-11-15,MCI
153_S_4125,v11,m12,2012-07-17,CN
153_S_2109,v11,m24,2012-11-06,MCI
024_S_4084,v21,m24,2013-07-16,CN
002_S_5230,v03,bl,2013-07-11,CN
003_S_4828,v01,sc,2012-06-26,MCI
127_S_4765,v11,m12,2013-07-12,MCI
041_S_4051,v21,m24,2013-07-15,MCI
126_S_5214,v03,bl,2013-07-10,CN
116_S_4732,v11,m12,2013-07-17,Dementia
031_S_0618,v21,m84,2013-07-17,CN
067_S_5205,v03,bl,2013-07-23,Dementia
129_S_4073,v21,m24,2013-07-16,MCI
005_S_4707,v11,m12,2013-07-18,Dementia
005_S_2390,v11,m24,2013-07-18,MCI
027_S_5197,v03,bl,2013-06-18,CN
027_S_4757,v01,sc,2012-05-22,MCI
013_S_5264,v01,sc,2013-07-17,MCI
100_S_5075,v03,bl,2013-06-27,CN
109_S_4880,v01,sc,2013-07-19,CN
018_S_0055,v11,m84,2013-07-22,MCI
018_S_5262,v01,sc,2013-07-22,CN
073_S_4777,v11,m12,2013-07-17,MCI
009_S_5176,v03,bl,2013-06-12,CN
031_S_2018,v21,m36,2013-07-22,CN
031_S_0294,v21,m84,2013-07-22,Dementia
130_S_4730,v11,m12,2013-06-14,Dementia
116_S_5268,v01,sc,2013-07-22,Dementia
098_S_4275,v11,m12,2013-07-09,CN
127_S_5266,v01,sc,2013-07-19,CN
100_S_5091,v03,bl,2013-06-27,CN
153_S_5267,v01,sc,2013-07-23,CN
012_S_5195,v03,bl,2013-07-23,CN
036_S_5271,v01,sc,2013-07-22,CN
057_S_2398,v11,m24,2013-07-24,Dementia
123_S_4170,v11,m12,2012-09-14,MCI
067_S_5257,v01,sc,2013-07-24,CN
070_S_5040,v05,m06,2013-07-23,CN
114_S_5234,v03,bl,2013-07-19,CN
126_S_0605,v11,m84,2013-07-24,MCI
002_S_2010,v21,m36,2013-07-18,CN
128_S_0545,v11,m84,2013-07-23,CN
114_S_5247,v01,sc,2013-07-19,CN
033_S_5235,v03,bl,2013-07-23,CN
073_S_5090,v03,bl,2013-07-22,Dementia
029_S_5219,v03,bl,2013-07-25,CN
011_S_4845,v11,m12,2013-07-25,Dementia
130_S_4817,v05,m06,2013-07-23,MCI
029_S_2376,v11,m24,2013-07-25,MCI
123_S_0106,v11,m84,2013-01-22,MCI
153_S_2148,v11,m24,2013-01-29,MCI
128_S_2002,v11,m36,2013-07-26,MCI
036_S_2378,v11,m24,2013-07-19,MCI
150_S_5276,v01,sc,2013-07-26,CN
127_S_5228,v03,bl,2013-07-12,CN
114_S_5047,v05,m06,2013-07-19,MCI
018_S_5250,v01,sc,2013-07-22,CN
094_S_4089,v21,m24,2013-07-29,Dementia
123_S_2363,v11,m24,2013-05-02,MCI
135_S_5269,v01,sc,2013-07-26,CN
100_S_5246,v01,sc,2013-07-29,CN
016_S_2031,v21,m36,2013-07-29,MCI
100_S_5096,v03,bl,2013-06-27,CN
128_S_4571,v11,m12,2013-07-30,MCI
135_S_5273,v01,sc,2013-07-29,CN
128_S_4742,v11,m12,2013-07-30,MCI
135_S_5275,v01,sc,2013-07-30,Dementia
128_S_4832,v11,m12,2013-07-30,CN
100_S_5102,v03,bl,2013-06-27,CN
123_S_4526,v11,m12,2013-02-12,Dementia
009_S_4530,v11,m12,2013-04-01,Dementia
009_S_4612,v11,m12,2013-05-02,CN
009_S_5000,v05,m06,2013-06-25,MCI
099_S_4076,v21,m24,2013-07-18,CN
130_S_4817,v11,m12,2013-07-26,MCI
130_S_4971,v05,m06,2013-07-31,Dementia
032_S_5263,v01,sc,2013-07-31,CN
128_S_4586,v11,m12,2013-07-30,CN
053_S_5272,v01,sc,2013-07-24,CN
022_S_2379,v11,m24,2013-08-01,MCI
019_S_4835,v11,m12,2013-08-01,CN
037_S_4770,v11,m12,2013-07-26,Dementia
100_S_5106,v03,bl,2013-08-01,Dementia
099_S_4104,v21,m24,2013-07-31,CN
067_S_5212,v03,bl,2013-08-01,CN
128_S_4772,v11,m12,2013-07-30,Dementia
067_S_4072,v21,m24,2013-08-02,MCI
027_S_5277,v01,sc,2013-07-29,CN
135_S_5274,v01,sc,2013-07-31,MCI
127_S_5056,v05,m06,2013-08-02,Dementia
003_S_4119,v21,m24,2013-07-31,CN
128_S_4774,v11,m12,2013-08-02,Dementia
036_S_5248,v03,bl,2013-08-01,CN
011_S_4120,v21,m24,2013-08-05,CN
011_S_4105,v21,m24,2013-08-05,CN
011_S_4827,v11,m12,2013-08-05,Dementia
031_S_2022,v21,m36,2013-08-05,CN
002_S_5256,v03,bl,2013-07-30,CN
100_S_5280,v01,sc,2013-08-02,CN
027_S_0307,v11,m84,2013-07-02,MCI
127_S_5200,v03,bl,2013-08-02,CN
137_S_0686,v21,m84,2013-07-29,CN
009_S_5224,v03,bl,2013-07-26,Dementia
109_S_5255,v01,sc,2013-07-19,CN
127_S_4624,v11,m12,2013-08-07,CN
099_S_4086,v21,m24,2013-08-06,CN
116_S_4092,v21,m24,2013-07-30,MCI
053_S_5281,v01,sc,2013-08-07,CN
067_S_4782,v11,m12,2013-08-08,MCI
029_S_5158,v03,bl,2013-08-08,CN
053_S_5208,v03,bl,2013-07-04,Dementia
116_S_4855,v11,m12,2013-08-08,CN
021_S_5177,v03,bl,2013-06-06,CN
021_S_0337,v11,m84,2013-05-13,CN
021_S_5194,v03,bl,2013-06-09,CN
021_S_4659,v11,m12,2013-05-09,MCI
127_S_5067,v05,m06,2013-08-09,Dementia
127_S_0259,v11,m84,2013-03-29,CN
082_S_4090,v21,m24,2013-08-05,CN
082_S_5278,v01,sc,2013-08-05,CN
127_S_5058,v05,m06,2013-08-09,Dementia
082_S_5279,v01,sc,2013-08-07,CN
021_S_4718,v11,m12,2013-05-21,Dementia
022_S_5004,v05,m06,2013-08-13,MCI
130_S_0505,v06,m72,2013-07-22,MCI
007_S_2394,v11,m24,2013-08-06,MCI
130_S_5231,v03,bl,2013-07-29,Dementia
012_S_4094,v21,m24,2013-08-09,Dementia
036_S_5271,v03,bl,2013-08-06,CN
022_S_4805,v11,m12,2013-08-15,MCI
007_S_5265,v03,bl,2013-08-15,CN
126_S_4896,v11,m12,2013-08-15,MCI
036_S_5283,v01,sc,2013-08-15,CN
006_S_5153,v03,bl,2013-08-19,CN
037_S_5126,v03,bl,2013-05-31,CN
019_S_5242,v03,bl,2013-08-20,CN
130_S_4982,v03,bl,2013-08-20,Dementia
029_S_2395,v11,m24,2013-08-15,MCI
003_S_4900,v11,m12,2013-08-16,CN
033_S_5270,v01,sc,2013-07-23,CN
023_S_5284,v01,sc,2013-08-20,CN
082_S_5282,v01,sc,2013-08-16,CN
130_S_2373,v11,m24,2013-06-17,MCI
109_S_4594,v11,m12,2013-05-07,MCI
109_S_4455,v11,m12,2013-05-15,MCI
002_S_0729,v21,m84,2013-08-08,Dementia
035_S_4786,v01,sc,2013-07-08,MCI
041_S_5244,v03,bl,2013-08-21,CN
041_S_5204,v03,bl,2013-08-21,CN
036_S_5063,v05,m06,2013-08-13,Dementia
036_S_2380,v11,m24,2013-08-13,MCI
027_S_4801,v11,m12,2013-07-25,Dementia
098_S_5286,v01,sc,2013-08-21,MCI
041_S_5253,v03,bl,2013-08-21,CN
057_S_4888,v11,m12,2013-08-20,Dementia
126_S_0709,v11,m84,2013-08-21,MCI
070_S_4856,v11,m12,2013-08-15,CN
051_S_5285,v01,sc,2013-08-20,CN
126_S_5243,v03,bl,2013-08-26,CN
153_S_5261,v03,bl,2013-08-14,CN
033_S_5259,v03,bl,2013-08-26,CN
024_S_4905,v11,m12,2013-08-27,Dementia
036_S_4820,v11,m12,2013-08-20,Dementia
033_S_0734,v21,m84,2013-08-19,CN
037_S_4750,v11,m12,2013-08-12,CN
137_S_4815,v11,m12,2013-08-23,MCI
033_S_0741,v21,m84,2013-08-16,CN
057_S_4909,v11,m12,2013-08-22,MCI
027_S_4804,v11,m12,2013-07-22,MCI
036_S_4894,v11,m12,2013-08-26,Dementia
037_S_5222,v03,bl,2013-08-12,CN
032_S_5289,v01,sc,2013-08-28,CN
057_S_4897,v11,m12,2013-08-28,MCI
003_S_5209,v03,bl,2013-08-16,CN
024_S_5290,v01,sc,2013-08-29,CN
027_S_5288,v01,sc,2013-08-23,CN
053_S_5287,v01,sc,2013-08-23,CN
036_S_4878,v11,m12,2013-08-29,CN
016_S_5032,v03,bl,2013-08-19,Dementia
031_S_4149,v21,m24,2013-08-30,MCI
135_S_5269,v03,bl,2013-08-20,CN
024_S_4158,v21,m24,2013-09-03,CN
116_S_4167,v21,m24,2013-09-03,Dementia
013_S_5171,v03,bl,2013-09-03,CN
013_S_4917,v11,m12,2013-09-03,MCI
068_S_4217,v05,m06,2013-06-26,MCI
068_S_4061,v11,m12,2013-08-26,MCI
068_S_0473,v11,m72,2013-06-26,CN
068_S_0127,v21,m84,2013-06-26,MCI
068_S_0210,v06,m72,2013-06-26,MCI
068_S_2248,v11,m24,2013-06-26,Dementia
012_S_5213,v03,bl,2013-09-04,CN
114_S_2392,v11,m24,2013-09-04,MCI
012_S_4849,v11,m12,2013-09-04,MCI
012_S_0637,v21,m84,2013-09-04,CN
135_S_4863,v11,m12,2013-08-21,Dementia
011_S_4906,v11,m12,2013-09-05,Dementia
027_S_5277,v03,bl,2013-08-28,CN
053_S_5202,v03,bl,2013-07-02,CN
129_S_0778,v21,m84,2013-09-04,Dementia
082_S_5278,v03,bl,2013-09-04,CN
036_S_5283,v03,bl,2013-09-06,CN
016_S_4121,v21,m24,2013-09-06,CN
016_S_5032,v05,m06,2013-09-06,Dementia
098_S_4050,v21,m24,2013-06-25,CN
135_S_5273,v03,bl,2013-08-20,CN
033_S_4176,v21,m24,2013-09-04,CN
098_S_4506,v11,m12,2013-08-07,MCI
003_S_4872,v11,m12,2013-08-30,CN
135_S_5275,v03,bl,2013-08-27,Dementia
116_S_4195,v21,m24,2013-09-09,Dementia
127_S_4148,v21,m24,2013-08-30,CN
003_S_1074,v11,m72,2013-08-30,MCI
128_S_4842,v11,m12,2013-09-09,MCI
128_S_1408,v11,m72,2013-09-09,MCI
128_S_5066,v05,m06,2013-09-09,MCI
014_S_4079,v21,m24,2013-07-10,Dementia
006_S_4679,v11,m12,2013-09-10,MCI
006_S_4713,v11,m12,2013-09-10,MCI
035_S_4785,v03,bl,2013-06-24,CN
023_S_4035,v21,m24,2013-09-06,Dementia
035_S_4464,v11,m12,2013-02-21,CN
035_S_4414,v11,m12,2013-03-14,Dementia
057_S_5292,v01,sc,2013-09-05,CN
016_S_4638,v11,m12,2013-09-10,CN
014_S_4058,v21,m24,2013-07-18,Dementia
053_S_5272,v03,bl,2013-09-04,CN
053_S_2396,v11,m24,2013-07-26,MCI
013_S_5071,v05,m06,2013-09-11,Dementia
137_S_1414,v21,m72,2013-08-28,MCI
098_S_2047,v21,m36,2013-09-03,Dementia
021_S_4744,v11,m12,2013-06-03,MCI
021_S_5236,v03,bl,2013-07-11,CN
021_S_5237,v03,bl,2013-07-10,CN
007_S_0698,v21,m84,2013-09-12,MCI
035_S_0292,v21,m84,2013-05-01,Dementia
035_S_4082,v21,m24,2013-07-10,CN
035_S_4114,v21,m24,2013-09-12,Dementia
035_S_4784,v11,m12,2013-09-10,Dementia
041_S_4143,v21,m24,2013-09-10,MCI
041_S_5078,v05,m06,2013-09-10,CN
041_S_4874,v11,m12,2013-09-10,MCI
041_S_5082,v05,m06,2013-09-10,CN
100_S_4556,v05,m06,2013-02-15,MCI
100_S_4556,v11,m12,2013-09-04,CN
127_S_4843,v11,m12,2013-09-13,CN
067_S_4212,v21,m24,2013-09-12,CN
127_S_4844,v11,m12,2013-09-13,MCI
033_S_5087,v05,m06,2013-09-06,Dementia
127_S_1427,v21,m72,2013-08-30,Dementia
003_S_2374,v11,m24,2013-09-13,MCI
137_S_4862,v03,bl,2013-09-13,MCI
033_S_4177,v21,m24,2013-09-06,CN
127_S_5266,v03,bl,2013-08-30,CN
068_S_0473,v21,m84,2013-09-16,CN
067_S_4184,v21,m24,2013-09-12,MCI
116_S_4898,v11,m12,2013-09-16,MCI
137_S_0668,v21,m84,2013-08-29,CN
137_S_4816,v11,m12,2013-08-30,MCI
016_S_4902,v11,m12,2013-09-17,MCI
016_S_5007,v05,m06,2013-09-16,MCI
137_S_0722,v21,m84,2013-09-16,CN
020_S_5183,v01,sc,2013-09-18,CN
032_S_4755,v05,m06,2013-09-18,Dementia
020_S_5203,v03,bl,2013-09-18,CN
100_S_4469,v11,m12,2013-09-04,CN
100_S_4512,v11,m12,2013-09-04,MCI
137_S_0800,v21,m84,2013-09-06,MCI
073_S_5227,v03,bl,2013-08-21,CN
024_S_4169,v21,m24,2013-09-20,MCI
033_S_4179,v21,m24,2013-09-20,CN
002_S_4213,v21,m24,2013-09-12,CN
027_S_5079,v05,m06,2013-09-03,CN
014_S_4668,v11,m12,2013-06-20,Dementia
014_S_0557,v21,m84,2013-05-14,MCI
027_S_5291,v01,sc,2013-08-29,CN
011_S_0008,v21,m96,2013-09-23,CN
011_S_0002,v21,m96,2013-09-23,CN
005_S_4168,v21,m24,2013-09-25,MCI
011_S_4912,v11,m12,2013-09-23,Dementia
011_S_4222,v21,m24,2013-09-26,CN
067_S_0257,v21,m84,2013-09-25,CN
051_S_5293,v01,sc,2013-09-12,CN
130_S_4641,v11,m12,2013-04-16,Dementia
022_S_4173,v21,m24,2013-09-27,CN
009_S_4741,v11,m12,2013-07-23,MCI
014_S_4039,v21,m24,2013-06-25,Dementia
130_S_4883,v05,m06,2013-08-23,MCI
130_S_5059,v05,m06,2013-08-23,Dementia
010_S_0420,v21,m84,2013-09-25,MCI
010_S_0419,v21,m84,2013-09-25,CN
010_S_0161,v21,m84,2013-09-25,Dementia
130_S_4660,v05,m06,2013-08-23,Dementia
130_S_5258,v03,bl,2013-09-30,CN
130_S_4997,v03,bl,2013-08-22,Dementia
009_S_0751,v21,m84,2013-09-29,CN
009_S_4814,v11,m12,2013-08-20,MCI
009_S_5252,v03,bl,2013-08-15,Dementia
037_S_4071,v21,m24,2013-09-28,MCI
130_S_4984,v11,m12,2013-09-30,Dementia
137_S_4852,v11,m12,2013-09-25,MCI
037_S_4146,v21,m24,2013-09-28,MCI
027_S_4802,v11,m12,2013-07-18,Dementia
073_S_4853,v11,m12,2013-08-30,Dementia
153_S_4838,v11,m12,2013-09-12,MCI
153_S_4077,v21,m24,2013-07-23,MCI
153_S_4125,v21,m24,2013-08-28,CN
153_S_4159,v21,m24,2013-09-17,MCI
153_S_4151,v21,m24,2013-09-10,CN
153_S_4133,v21,m24,2013-08-01,MCI
153_S_5267,v03,bl,2013-09-03,CN
029_S_0824,v21,m84,2013-10-03,CN
002_S_4229,v21,m24,2013-09-26,MCI
024_S_5290,v03,bl,2013-10-04,CN
002_S_2073,v21,m36,2013-10-01,MCI
073_S_0746,v11,m72,2013-03-08,MCI
041_S_5097,v05,m06,2013-10-04,CN
041_S_4138,v21,m24,2013-10-04,MCI
041_S_4876,v11,m12,2013-10-04,MCI
041_S_4877,v11,m12,2013-10-04,MCI
041_S_5100,v05,m06,2013-10-04,CN
073_S_2264,v11,m24,2013-04-09,MCI
073_S_4762,v11,m12,2013-09-04,CN
126_S_4891,v11,m12,2013-09-27,MCI
041_S_0679,v21,m84,2013-08-21,MCI
135_S_5113,v05,m06,2013-10-01,CN
073_S_4443,v11,m12,2013-09-30,MCI
037_S_0566,v21,m84,2013-10-07,Dementia
129_S_4220,v21,m24,2013-10-02,MCI
127_S_5095,v05,m06,2013-09-20,Dementia
023_S_0887,v21,m84,2013-10-07,Dementia
073_S_4825,v11,m12,2013-10-08,MCI
003_S_4081,v21,m24,2013-10-07,CN
073_S_4360,v11,m12,2013-10-09,MCI
003_S_4892,v11,m12,2013-10-07,Dementia
012_S_4128,v21,m24,2013-09-24,MCI
033_S_0906,v21,m84,2013-10-09,Dementia
068_S_4968,v03,bl,2013-10-09,Dementia
068_S_4859,v03,bl,2013-10-09,Dementia
068_S_4424,v05,m06,2013-10-09,CN
068_S_4274,v11,m12,2013-10-09,MCI
068_S_4174,v11,m12,2013-10-09,CN
068_S_4134,v11,m12,2013-10-09,MCI
068_S_4067,v11,m12,2013-10-09,MCI
068_S_2193,v06,m12,2013-10-09,MCI
068_S_2316,v06,m12,2013-10-09,Dementia
068_S_2187,v11,m24,2013-10-09,MCI
068_S_2315,v06,m12,2013-10-09,MCI
053_S_4661,v11,m12,2013-06-12,Dementia
053_S_5287,v03,bl,2013-10-02,CN
053_S_4813,v11,m12,2013-07-31,MCI
053_S_5070,v05,m06,2013-09-10,Dementia
153_S_4172,v21,m24,2013-09-11,Dementia
051_S_5294,v01,sc,2013-10-01,CN
051_S_4980,v05,m06,2013-06-20,Dementia
127_S_5218,v03,bl,2013-08-09,CN
013_S_4791,v11,m12,2013-10-09,MCI
127_S_0684,v21,m84,2013-08-13,CN
098_S_2079,v21,m36,2013-10-09,MCI
007_S_4911,v11,m12,2013-10-07,Dementia
116_S_0752,v21,m84,2013-10-15,Dementia
032_S_0214,v11,m84,2013-10-16,Dementia
032_S_0677,v21,m84,2013-10-16,CN
013_S_5137,v05,m06,2013-10-09,CN
031_S_4203,v21,m24,2013-10-16,Dementia
031_S_4218,v21,m24,2013-10-16,MCI
031_S_4194,v21,m24,2013-10-16,MCI
072_S_5207,v03,bl,2013-08-08,CN
031_S_0867,v21,m84,2013-10-16,MCI
072_S_4206,v21,m24,2013-10-03,MCI
072_S_4871,v05,m06,2013-03-12,MCI
072_S_4063,v21,m24,2013-08-21,MCI
072_S_4057,v21,m24,2013-08-06,Dementia
072_S_4103,v21,m24,2013-09-26,CN
099_S_4157,v21,m24,2013-10-10,MCI
072_S_2083,v21,m36,2013-10-16,MCI
072_S_2072,v21,m36,2013-10-16,MCI
072_S_2037,v21,m36,2013-09-19,MCI
072_S_4769,v11,m12,2013-09-19,MCI
130_S_0969,v11,m72,2013-10-16,CN
130_S_2391,v11,m24,2013-10-01,MCI
027_S_5288,v03,bl,2013-09-25,CN
033_S_0922,v21,m84,2013-10-16,Dementia
072_S_4871,v11,m12,2013-10-02,MCI
032_S_4755,v11,m12,2013-10-18,Dementia
032_S_4921,v05,m06,2013-10-18,CN
032_S_4921,v11,m12,2013-10-18,CN
032_S_4823,v11,m12,2013-10-18,MCI
005_S_5119,v05,m06,2013-10-18,Dementia
005_S_4185,v21,m24,2013-10-03,MCI
005_S_0572,v21,m84,2013-10-18,Dementia
005_S_4910,v11,m12,2013-10-03,Dementia
127_S_4210,v21,m24,2013-10-21,MCI
023_S_4115,v21,m24,2013-10-17,MCI
023_S_0926,v21,m84,2013-10-17,CN
135_S_4954,v11,m12,2013-10-15,Dementia
002_S_4225,v21,m24,2013-10-10,CN
127_S_4240,v21,m24,2013-10-21,Dementia
127_S_4940,v11,m12,2013-10-21,Dementia
127_S_4197,v21,m24,2013-10-21,MCI
098_S_4215,v21,m24,2013-10-16,Dementia
130_S_2403,v11,m24,2013-10-18,MCI
130_S_4982,v05,m06,2013-09-30,Dementia
022_S_4922,v11,m12,2013-10-23,MCI
033_S_0920,v11,m84,2013-10-18,MCI
011_S_4235,v21,m24,2013-10-23,MCI
011_S_4893,v11,m12,2013-10-23,MCI
057_S_0934,v11,m84,2013-10-23,CN
082_S_5279,v03,bl,2013-10-23,CN
027_S_4919,v11,m12,2013-09-26,MCI
082_S_4224,v21,m24,2013-10-24,CN
002_S_4237,v21,m24,2013-10-22,MCI
128_S_2036,v21,m36,2013-10-21,MCI
041_S_5131,v05,m06,2013-10-24,CN
022_S_4196,v21,m24,2013-10-25,CN
123_S_4127,v21,m24,2013-10-10,MCI
123_S_4780,v11,m12,2013-07-31,MCI
123_S_4096,v21,m24,2013-08-30,Dementia
033_S_0923,v21,m84,2013-10-25,CN
002_S_4262,v21,m24,2013-10-24,MCI
016_S_5251,v03,bl,2013-10-24,Dementia
016_S_5057,v05,m06,2013-10-25,Dementia
003_S_4136,v21,m24,2013-10-21,Dementia
123_S_2055,v21,m36,2013-09-20,MCI
123_S_4904,v11,m12,2013-10-10,MCI
123_S_4170,v21,m24,2013-09-27,MCI
027_S_4869,v11,m12,2013-09-16,MCI
016_S_0359,v21,m84,2013-10-28,CN
016_S_4887,v11,m12,2013-10-28,Dementia
041_S_4271,v21,m24,2013-10-16,MCI
041_S_4200,v21,m24,2013-10-28,CN
041_S_5141,v05,m06,2013-10-28,CN
067_S_4918,v11,m12,2013-10-30,Dementia
126_S_2405,v11,m24,2013-10-29,MCI
024_S_0985,v21,m84,2013-10-30,Dementia
029_S_0843,v21,m84,2013-10-30,MCI
023_S_4796,v11,m12,2013-10-21,Dementia
023_S_0031,v21,m96,2013-10-21,CN
027_S_4964,v11,m12,2013-10-07,Dementia
082_S_4208,v21,m24,2013-10-30,CN
036_S_4899,v11,m12,2013-10-31,MCI
009_S_0842,v21,m84,2013-11-01,MCI
027_S_4955,v11,m12,2013-10-21,MCI
027_S_5109,v05,m06,2013-09-26,CN
129_S_4287,v21,m24,2013-10-31,MCI
024_S_4280,v21,m24,2013-11-04,Dementia
023_S_2068,v21,m36,2013-11-02,MCI
012_S_4188,v21,m24,2013-11-04,MCI
100_S_5280,v03,bl,2013-10-07,CN
137_S_4258,v21,m24,2013-10-22,Dementia
137_S_4211,v21,m24,2013-10-23,Dementia
022_S_5004,v11,m12,2013-11-06,MCI
011_S_0021,v21,m96,2013-11-06,CN
011_S_4278,v21,m24,2013-11-06,CN
011_S_4949,v11,m12,2013-11-06,Dementia
128_S_2045,v21,m36,2013-11-06,MCI
067_S_5159,v05,m06,2013-11-07,CN
037_S_4214,v21,m24,2013-10-31,MCI
067_S_4310,v21,m24,2013-11-08,CN
019_S_4252,v21,m24,2013-10-30,Dementia
016_S_2007,v21,m36,2013-10-25,CN
023_S_5241,v03,bl,2013-11-08,Dementia
041_S_4989,v11,m12,2013-10-28,MCI
036_S_5112,v05,m06,2013-11-11,Dementia
068_S_4340,v11,m12,2013-10-09,CN
007_S_4272,v21,m24,2013-11-08,MCI
073_S_4216,v21,m24,2013-11-12,MCI
013_S_4985,v11,m12,2013-11-13,MCI
057_S_5292,v03,bl,2013-11-13,CN
135_S_4281,v21,m24,2013-11-04,MCI
073_S_5016,v05,m06,2013-10-18,Dementia
019_S_4285,v21,m24,2013-11-13,MCI
116_S_4199,v21,m24,2013-12-11,MCI
016_S_5031,v05,m06,2013-10-28,MCI
130_S_5142,v05,m06,2013-10-25,CN
057_S_5295,v01,sc,2013-11-14,CN
009_S_5125,v05,m06,2013-10-16,CN
009_S_5147,v05,m06,2013-11-11,CN
029_S_4290,v21,m24,2013-11-14,CN
020_S_4920,v11,m12,2013-11-13,MCI
073_S_0311,v21,m84,2013-11-13,CN
019_S_4293,v21,m24,2013-11-15,Dementia
016_S_4951,v11,m12,2013-11-15,CN
019_S_5019,v11,m12,2013-11-15,Dementia
016_S_4952,v11,m12,2013-11-15,CN
094_S_4858,v11,m12,2013-11-15,MCI
073_S_4259,v21,m24,2013-11-06,MCI
002_S_4270,v21,m24,2013-11-12,CN
041_S_4974,v11,m12,2013-11-15,MCI
099_S_2063,v21,m36,2013-11-06,MCI
009_S_5037,v05,m06,2013-08-21,Dementia
099_S_4202,v21,m24,2013-10-22,MCI
131_S_5138,v05,m06,2013-10-23,Dementia
082_S_4244,v21,m24,2013-11-21,MCI
033_S_1016,v21,m84,2013-11-20,CN
014_S_4263,v21,m24,2013-11-14,Dementia
051_S_1123,v11,m84,2013-11-21,MCI
082_S_2121,v21,m36,2013-11-14,MCI
136_S_4189,v21,m24,2013-11-06,Dementia
116_S_4338,v21,m24,2013-11-25,Dementia
135_S_4309,v21,m24,2013-11-13,MCI
012_S_5121,v05,m06,2013-11-25,MCI
024_S_2239,v21,m36,2013-11-26,MCI
002_S_5018,v11,m12,2013-11-19,Dementia
033_S_5017,v11,m12,2013-11-22,Dementia
094_S_4162,v21,m24,2013-11-27,Dementia
032_S_5263,v03,bl,2013-11-27,CN
094_S_4234,v21,m24,2013-11-27,CN
032_S_2119,v21,m36,2013-11-27,MCI
032_S_4277,v21,m24,2013-11-27,MCI
033_S_5013,v11,m12,2013-11-26,Dementia
126_S_2407,v11,m24,2013-11-26,MCI
129_S_4369,v21,m24,2013-11-27,CN
129_S_4371,v21,m24,2013-11-27,CN
013_S_4268,v21,m24,2013-11-26,CN
082_S_5014,v11,m12,2013-11-25,MCI
003_S_1057,v11,m72,2013-11-26,Dementia
057_S_5199,v05,m06,2013-12-03,CN
007_S_5196,v05,m06,2013-12-03,Dementia
020_S_5140,v05,m06,2013-12-03,CN
023_S_0042,v31,m96,2013-12-04,Dementia
009_S_4958,v11,m12,2013-10-22,Dementia
053_S_5296,v01,sc,2013-11-29,CN
029_S_5135,v05,m06,2013-12-04,MCI
067_S_2196,v21,m36,2013-12-04,MCI
099_S_0051,v21,m96,2013-11-26,Dementia
130_S_0969,v21,m84,2013-10-25,CN
036_S_5210,v05,m06,2013-12-05,Dementia
009_S_4903,v11,m12,2013-10-23,MCI
018_S_4733,v11,m12,2013-12-06,Dementia
018_S_4809,v11,m12,2013-12-06,MCI
018_S_4868,v11,m12,2013-12-06,MCI
018_S_4889,v11,m12,2013-12-06,MCI
073_S_4795,v11,m12,2013-12-05,CN
130_S_5006,v11,m12,2013-12-05,Dementia
130_S_4352,v21,m24,2013-12-05,CN
130_S_4294,v21,m24,2013-12-05,MCI
128_S_0138,v21,m96,2012-12-06,CN
127_S_4198,v21,m24,2013-12-06,CN
127_S_4992,v11,m12,2013-12-06,Dementia
099_S_4205,v21,m24,2013-12-04,MCI
135_S_5015,v11,m12,2013-11-25,Dementia
127_S_5185,v05,m06,2013-12-06,CN
127_S_4928,v11,m12,2013-12-06,Dementia
027_S_4926,v11,m12,2013-09-24,MCI
037_S_5162,v05,m06,2013-11-20,Dementia
057_S_5295,v03,bl,2013-12-11,CN
128_S_5123,v05,m06,2013-12-10,Dementia
009_S_1030,v21,m84,2013-11-22,Dementia
037_S_5126,v05,m06,2013-11-11,CN
127_S_5132,v05,m06,2013-12-06,CN
094_S_4282,v21,m24,2013-12-11,Dementia
099_S_2146,v21,m36,2013-12-06,CN
073_S_0089,v21,m96,2013-11-22,CN
128_S_2123,v21,m36,2013-12-10,MCI
137_S_4299,v21,m24,2013-12-04,MCI
135_S_4406,v21,m24,2013-12-05,Dementia
082_S_5184,v01,sc,2013-05-13,Dementia
129_S_4396,v21,m24,2013-12-11,CN
137_S_0994,v21,m84,2013-12-03,Dementia
067_S_5205,v05,m06,2013-12-12,Dementia
029_S_5166,v05,m06,2013-12-12,CN
137_S_4351,v21,m24,2013-12-10,CN
136_S_4269,v21,m24,2013-12-12,CN
137_S_4331,v21,m24,2013-12-04,MCI
153_S_4372,v21,m24,2013-12-11,CN
153_S_2109,v21,m36,2013-10-24,MCI
127_S_0925,v21,m84,2013-12-06,MCI
127_S_1032,v21,m84,2013-12-06,MCI
073_S_5167,v05,m06,2013-12-13,CN
130_S_4660,v11,m12,2013-08-23,Dementia
068_S_4217,v11,m12,2013-12-05,MCI
114_S_1106,v21,m84,2013-12-18,Dementia
135_S_4356,v21,m24,2013-12-09,MCI
033_S_1098,v21,m84,2013-12-11,CN
153_S_2148,v21,m36,2013-12-18,MCI
003_S_5150,v05,m06,2013-12-11,CN
116_S_4175,v21,m24,2013-12-18,MCI
941_S_4292,v21,m24,2013-10-02,CN
114_S_0416,v21,m96,2013-12-18,CN
141_S_0767,v21,m84,2013-11-01,CN
003_S_4350,v21,m24,2013-12-17,CN
128_S_1406,v21,m72,2013-12-19,Dementia
128_S_0205,v21,m96,2013-12-19,CN
027_S_2183,v11,m36,2013-12-11,MCI
027_S_5169,v05,m06,2013-12-10,CN
027_S_5197,v05,m06,2013-12-12,CN
021_S_0626,v21,m84,2013-08-06,MCI
021_S_5099,v05,m06,2013-10-02,MCI
002_S_5178,v05,m06,2013-12-12,CN
021_S_5129,v05,m06,2013-10-07,CN
053_S_5296,v03,bl,2013-12-18,CN
053_S_5208,v05,m06,2013-12-19,Dementia
053_S_0919,v11,m84,2013-12-19,MCI
053_S_5202,v05,m06,2013-12-17,CN
021_S_4245,v21,m24,2013-10-11,MCI
021_S_4254,v21,m24,2013-10-08,CN
021_S_4276,v21,m24,2013-10-22,CN
021_S_2100,v21,m36,2013-10-15,MCI
021_S_2125,v21,m36,2013-10-24,MCI
021_S_2077,v21,m36,2013-10-16,MCI
021_S_2142,v21,m36,2013-11-05,MCI
012_S_4987,v11,m12,2013-12-27,MCI
012_S_5157,v05,m06,2013-12-27,CN
021_S_2124,v21,m36,2013-11-12,MCI
027_S_4936,v11,m12,2013-09-17,MCI
027_S_4962,v11,m12,2013-10-07,Dementia
141_S_1052,v21,m84,2013-12-30,MCI
021_S_2150,v21,m36,2013-12-02,MCI
027_S_5118,v05,m06,2013-10-17,CN
141_S_0915,v21,m84,2013-12-23,Dementia
023_S_0058,v31,m96,2013-12-22,CN
027_S_5110,v05,m06,2013-10-14,CN
003_S_5165,v05,m06,2013-12-24,Dementia
003_S_5130,v05,m06,2013-10-29,CN
027_S_4938,v11,m12,2013-10-14,Dementia
073_S_4382,v21,m24,2013-12-30,CN
019_S_4367,v21,m24,2014-01-03,CN
021_S_4335,v21,m24,2013-11-07,CN
073_S_4393,v21,m24,2013-12-30,CN
073_S_4986,v11,m12,2013-12-16,MCI
021_S_4419,v21,m24,2013-12-17,CN
073_S_4312,v21,m24,2013-12-12,MCI
027_S_5170,v05,m06,2013-11-13,CN
023_S_0061,v21,m96,2014-01-04,Dementia
073_S_4311,v21,m24,2014-01-06,MCI
141_S_4160,v21,m24,2013-12-10,MCI
141_S_1004,v21,m84,2014-01-07,Dementia
023_S_4164,v21,m24,2014-01-07,CN
007_S_4387,v21,m24,2014-01-07,CN
033_S_5198,v05,m06,2014-01-07,CN
003_S_5154,v05,m06,2013-01-07,CN
041_S_1418,v21,m72,2013-12-23,MCI
128_S_0522,v21,m96,2014-01-08,CN
029_S_4327,v21,m24,2014-01-08,MCI
127_S_5200,v05,m06,2014-01-08,CN
003_S_0908,v21,m84,2014-01-08,MCI
128_S_1407,v21,m72,2014-01-09,Dementia
127_S_5028,v11,m12,2014-01-08,Dementia
127_S_4301,v21,m24,2013-12-06,MCI
051_S_4929,v11,m12,2013-11-21,MCI
012_S_5195,v05,m06,2014-01-02,CN
024_S_4392,v21,m24,2014-01-13,MCI
100_S_5091,v05,m06,2014-01-13,CN
051_S_5285,v03,bl,2013-12-02,CN
100_S_5106,v05,m06,2014-01-13,Dementia
100_S_5102,v05,m06,2014-01-13,CN
100_S_5075,v05,m06,2014-01-13,CN
100_S_5096,v05,m06,2014-01-13,MCI
073_S_5023,v11,m12,2014-01-13,CN
941_S_4036,v21,m24,2014-01-14,MCI
024_S_5054,v11,m12,2014-01-14,Dementia
033_S_5235,v05,m06,2014-01-15,CN
129_S_4422,v21,m24,2014-01-10,CN
005_S_5038,v11,m12,2014-01-15,Dementia
005_S_0546,v21,m84,2013-12-20,MCI
005_S_0602,v21,m84,2013-12-20,MCI
005_S_0610,v21,m84,2013-12-20,CN
005_S_0553,v21,m84,2013-12-20,CN
126_S_4507,v21,m24,2014-01-17,Dementia
036_S_1023,v21,m84,2014-01-20,CN
006_S_4150,v21,m24,2014-01-21,CN
006_S_4153,v21,m24,2014-01-21,Dementia
137_S_0972,v21,m84,2014-01-06,MCI
006_S_0498,v21,m84,2014-01-21,CN
006_S_0731,v21,m84,2014-01-21,CN
006_S_4192,v21,m24,2014-01-21,Dementia
006_S_4867,v11,m12,2014-01-21,Dementia
006_S_5153,v05,m06,2014-01-21,CN
027_S_4966,v11,m12,2013-10-29,MCI
003_S_5187,v05,m06,2014-01-21,Dementia
123_S_0072,v21,m96,2014-01-22,CN
016_S_5032,v11,m12,2014-01-20,Dementia
029_S_0914,v21,m84,2014-01-22,MCI
067_S_5212,v05,m06,2014-01-22,CN
016_S_1117,v31,m84,2014-01-20,Dementia
114_S_4404,v21,m24,2014-01-23,MCI
126_S_5243,v05,m06,2014-01-27,CN
002_S_5230,v05,m06,2014-01-23,CN
129_S_4073,v31,m36,2014-01-24,MCI
126_S_1187,v21,m84,2014-01-28,MCI
036_S_4389,v21,m24,2014-01-27,CN
037_S_4879,v11,m12,2013-09-09,Dementia
029_S_5219,v05,m06,2014-01-23,CN
073_S_4300,v21,m24,2014-01-28,MCI
073_S_4360,v21,m24,2014-01-28,MCI
109_S_4531,v11,m12,2013-03-25,MCI
013_S_4395,v21,m24,2014-01-28,MCI
130_S_4405,v21,m24,2014-01-27,MCI
073_S_5090,v05,m06,2014-01-29,Dementia
067_S_2195,v21,m36,2014-01-23,MCI
135_S_4446,v21,m24,2014-01-27,CN
082_S_4339,v21,m24,2013-12-18,CN
127_S_5067,v11,m12,2014-01-31,Dementia
127_S_5228,v05,m06,2014-01-31,CN
127_S_5058,v11,m12,2014-01-31,Dementia
127_S_5218,v05,m06,2014-01-31,CN
036_S_5271,v05,m06,2014-02-03,CN
126_S_4458,v21,m24,2014-02-03,Dementia
114_S_1118,v21,m84,2014-01-23,MCI
114_S_0378,v21,m96,2014-01-31,Dementia
006_S_4357,v21,m24,2014-02-04,CN
006_S_4960,v11,m12,2014-02-04,CN
006_S_4346,v21,m24,2014-02-04,MCI
006_S_4363,v21,m24,2014-02-04,MCI
082_S_5029,v05,m06,2013-06-28,Dementia
116_S_4453,v21,m24,2014-02-04,CN
009_S_5000,v11,m12,2013-11-20,MCI
009_S_4324,v21,m24,2013-12-16,Dementia
082_S_5282,v03,bl,2013-09-09,CN
002_S_1155,v21,m84,2014-01-09,MCI
014_S_4328,v21,m24,2013-12-02,MCI
003_S_1122,v21,m84,2014-01-31,MCI
029_S_5158,v05,m06,2014-02-05,CN
016_S_5007,v11,m12,2014-02-05,MCI
029_S_4384,v21,m24,2014-02-05,CN
013_S_5171,v05,m06,2014-02-05,CN
011_S_0023,v21,m96,2014-01-17,CN
022_S_4266,v21,m24,2013-12-06,CN
067_S_0056,v21,m96,2014-02-06,CN
067_S_0059,v21,m96,2014-02-06,CN
036_S_4430,v21,m24,2014-02-07,Dementia
003_S_4441,v21,m24,2014-01-29,CN
094_S_2238,v21,m36,2014-02-10,MCI
022_S_0096,v21,m96,2014-02-10,CN
052_S_4807,v11,m12,2014-02-07,MCI
014_S_2185,v21,m36,2014-02-05,MCI
072_S_4390,v21,m24,2014-01-06,MCI
130_S_5258,v05,m06,2014-02-10,CN
072_S_4383,v21,m24,2014-01-06,MCI
014_S_4401,v21,m24,2014-02-04,CN
072_S_2116,v21,m36,2013-11-14,MCI
072_S_4462,v21,m24,2014-02-05,MCI
072_S_2093,v21,m36,2013-10-23,MCI
007_S_4467,v21,m24,2014-02-11,MCI
007_S_1206,v21,m84,2014-02-11,CN
072_S_2164,v21,m36,2013-12-12,MCI
007_S_5265,v05,m06,2014-02-11,CN
009_S_5027,v11,m12,2014-01-22,Dementia
009_S_2208,v21,m36,2013-12-19,MCI
009_S_4564,v03,bl,2012-03-21,MCI
072_S_4391,v21,m24,2014-01-14,CN
072_S_4226,v21,m24,2013-10-25,MCI
072_S_5207,v05,m06,2014-01-21,MCI
072_S_4941,v11,m12,2013-10-25,MCI
031_S_4947,v11,m12,2014-02-11,MCI
003_S_4288,v21,m24,2014-02-11,MCI
003_S_4354,v21,m24,2014-01-14,MCI
072_S_4445,v21,m24,2014-01-28,MCI
072_S_4394,v21,m24,2014-01-21,MCI
022_S_2263,v21,m36,2014-02-11,CN
114_S_5047,v11,m12,2014-01-16,MCI
037_S_4302,v21,m24,2014-01-30,MCI
109_S_4455,v21,m24,2014-02-11,MCI
013_S_5071,v11,m12,2014-02-12,Dementia
116_S_4483,v21,m24,2014-02-13,CN
941_S_4255,v21,m24,2014-02-13,CN
036_S_5248,v05,m06,2014-02-11,CN
073_S_5227,v05,m06,2014-02-13,CN
021_S_5177,v05,m06,2013-12-02,CN
019_S_4477,v21,m24,2014-02-14,Dementia
021_S_5194,v05,m06,2013-12-13,CN
073_S_2182,v11,m24,2013-12-06,MCI
021_S_0984,v21,m84,2013-12-18,Dementia
021_S_4402,v21,m24,2014-01-06,Dementia
021_S_4421,v21,m24,2014-01-07,CN
021_S_5237,v05,m06,2014-01-14,CN
033_S_5259,v05,m06,2014-02-14,CN
036_S_4491,v21,m24,2014-02-18,CN
128_S_2220,v21,m36,2014-02-14,MCI
135_S_4489,v21,m24,2014-02-04,MCI
126_S_4494,v21,m24,2014-02-10,Dementia
109_S_2200,v21,m36,2014-01-31,MCI
128_S_0230,v21,m96,2014-02-12,Dementia
128_S_2130,v21,m36,2014-01-29,MCI
036_S_5283,v05,m06,2014-02-20,CN
035_S_4783,v11,m12,2013-09-18,Dementia
019_S_5242,v05,m06,2014-01-14,CN
019_S_5012,v11,m12,2013-12-09,Dementia
033_S_4505,v21,m24,2014-02-19,CN
021_S_4857,v11,m12,2013-10-01,Dementia
023_S_4448,v21,m24,2014-02-19,CN
126_S_4514,v21,m24,2014-02-24,MCI
153_S_5261,v05,m06,2014-02-24,CN
037_S_4410,v21,m24,2014-02-14,CN
007_S_4516,v21,m24,2014-02-25,CN
012_S_1212,v21,m84,2014-02-25,CN
036_S_5063,v11,m12,2014-02-24,Dementia
099_S_4463,v21,m24,2014-02-20,MCI
067_S_2301,v21,m36,2014-02-26,CN
003_S_5209,v05,m06,2014-02-25,CN
109_S_4380,v21,m24,2014-02-26,MCI
041_S_5253,v05,m06,2014-02-20,CN
013_S_1186,v21,m84,2014-02-19,MCI
135_S_5273,v05,m06,2014-02-19,MCI
007_S_1222,v21,m84,2014-02-27,CN
135_S_5269,v05,m06,2014-02-20,CN
129_S_2332,v21,m36,2014-02-26,MCI
002_S_4447,v21,m24,2014-02-18,MCI
018_S_2133,v21,m36,2013-12-05,MCI
018_S_2155,v21,m36,2014-02-03,MCI
018_S_2180,v21,m36,2014-01-07,MCI
018_S_4313,v21,m24,2013-12-12,CN
018_S_4399,v21,m24,2013-12-19,CN
018_S_4400,v21,m24,2014-01-28,CN
127_S_5056,v11,m12,2014-02-28,Dementia
127_S_2213,v21,m36,2014-02-07,MCI
127_S_0112,v21,m96,2014-02-28,MCI
127_S_5266,v05,m06,2014-02-28,CN
033_S_4508,v21,m24,2014-02-26,CN
035_S_2074,v21,m36,2013-12-03,MCI
035_S_2061,v21,m36,2013-09-19,MCI
035_S_4785,v05,m06,2013-12-13,CN
941_S_5193,v05,m06,2014-03-03,CN
073_S_2153,v21,m36,2014-03-04,MCI
029_S_4385,v21,m24,2014-03-13,MCI
116_S_1232,v21,m84,2014-03-03,CN
022_S_0130,v21,m96,2014-03-06,CN
002_S_4473,v21,m24,2014-02-20,MCI
135_S_5275,v05,m06,2014-02-25,Dementia
022_S_4320,v21,m24,2014-03-10,CN
027_S_2245,v11,m36,2014-01-13,MCI
022_S_2167,v21,m36,2014-03-10,MCI
027_S_2219,v11,m36,2013-12-09,MCI
027_S_4873,v11,m12,2013-12-05,MCI
131_S_0123,v21,m96,2014-03-10,Dementia
094_S_2201,v21,m36,2014-03-10,CN
035_S_0156,v21,m96,2014-03-10,MCI
027_S_5127,v05,m06,2013-12-03,CN
027_S_5093,v05,m06,2013-09-18,CN
052_S_0671,v11,m84,2014-03-07,Dementia
052_S_4885,v11,m12,2013-08-13,MCI
052_S_4944,v05,m06,2013-08-13,MCI
052_S_5062,v05,m06,2013-10-30,Dementia
130_S_4883,v11,m12,2013-10-24,MCI
130_S_5231,v05,m06,2014-02-07,Dementia
094_S_4434,v21,m24,2014-03-12,MCI
100_S_0069,v21,m96,2014-03-13,CN
100_S_5280,v05,m06,2014-03-13,CN
002_S_4171,v21,m24,2014-03-05,Dementia
041_S_5078,v11,m12,2014-02-28,CN
002_S_4521,v21,m24,2014-02-27,MCI
052_S_4959,v05,m06,2014-01-03,Dementia
027_S_1045,v11,m84,2014-02-03,MCI
041_S_5244,v05,m06,2014-03-13,CN
041_S_5082,v11,m12,2014-03-13,CN
041_S_4510,v21,m24,2014-03-13,MCI
027_S_0120,v11,m96,2014-02-24,CN
027_S_0074,v11,m96,2014-01-16,CN
027_S_5277,v05,m06,2014-03-10,CN
073_S_0746,v21,m84,2014-03-14,MCI
130_S_4250,v21,m24,2013-11-05,Dementia
033_S_5087,v11,m12,2014-03-14,Dementia
052_S_4945,v05,m06,2013-10-29,MCI
002_S_1280,v21,m84,2014-03-11,CN
130_S_4415,v21,m24,2014-02-07,Dementia
137_S_4862,v05,m06,2014-02-19,MCI
116_S_1249,v21,m84,2014-02-24,MCI
067_S_2304,v21,m36,2014-03-19,MCI
109_S_4531,v21,m24,2014-03-18,MCI
073_S_2264,v21,m36,2014-03-20,MCI
052_S_4945,v11,m12,2014-01-03,MCI
052_S_4944,v11,m12,2014-01-31,MCI
130_S_4468,v21,m24,2014-02-27,MCI
027_S_5093,v11,m12,2014-03-04,CN
052_S_1352,v21,m84,2014-04-14,CN
023_S_4243,v21,m24,2014-03-20,Dementia
027_S_5079,v11,m12,2014-03-18,CN
019_S_4548,v21,m24,2014-03-21,MCI
041_S_5097,v11,m12,2014-03-20,CN
027_S_0116,v11,m96,2014-03-19,MCI
041_S_4513,v21,m24,2014-03-19,MCI
023_S_0126,v21,m96,2014-03-20,Dementia
011_S_4547,v21,m24,2014-03-20,MCI
127_S_4500,v21,m24,2014-02-07,Dementia
153_S_5267,v05,m06,2014-03-18,CN
094_S_2216,v21,m36,2014-03-24,Dementia
023_S_1190,v31,m84,2014-03-04,MCI
018_S_5240,v03,bl,2013-08-26,Dementia
018_S_5250,v03,bl,2013-09-05,CN
018_S_5262,v03,bl,2013-09-03,CN
018_S_0142,v21,m96,2014-02-27,MCI
098_S_4275,v21,m24,2014-01-28,CN
127_S_2234,v21,m36,2014-03-21,CN
130_S_4542,v21,m24,2014-03-24,Dementia
013_S_2389,v11,m24,2014-03-19,MCI
129_S_1246,v31,m84,2014-03-05,MCI
011_S_2274,v21,m36,2014-03-20,MCI
024_S_5290,v05,m06,2014-03-27,CN
006_S_4485,v21,m24,2014-03-27,CN
006_S_4515,v21,m24,2014-03-27,Dementia
010_S_4345,v21,m24,2014-03-27,CN
099_S_4480,v21,m24,2014-03-06,MCI
128_S_5066,v11,m12,2014-03-21,MCI
128_S_0225,v21,m96,2014-03-27,MCI
051_S_5294,v03,bl,2014-01-20,CN
127_S_5095,v11,m12,2014-03-21,Dementia
003_S_4555,v21,m24,2014-03-20,CN
073_S_4443,v21,m24,2014-03-27,MCI
029_S_4279,v21,m24,2014-03-19,CN
073_S_4559,v21,m24,2014-03-26,CN
041_S_5100,v11,m12,2014-03-28,CN
070_S_5040,v11,m12,2014-01-28,CN
032_S_4386,v21,m24,2014-04-02,CN
032_S_1169,v21,m84,2014-04-02,MCI
032_S_2247,v11,m24,2014-04-02,MCI
041_S_4427,v21,m24,2014-03-28,CN
072_S_4522,v21,m24,2014-03-13,MCI
072_S_4465,v21,m24,2014-03-13,MCI
002_S_1261,v21,m84,2014-03-06,CN
027_S_5083,v11,m12,2014-04-01,CN
007_S_4488,v21,m24,2014-04-01,CN
116_S_1243,v21,m84,2014-04-03,Dementia
051_S_4980,v11,m12,2014-02-25,Dementia
037_S_5222,v05,m06,2014-02-19,CN
051_S_5005,v11,m12,2014-01-21,Dementia
072_S_4539,v21,m24,2014-03-13,MCI
128_S_4599,v21,m24,2014-04-04,CN
128_S_4553,v21,m24,2014-04-04,MCI
128_S_0200,v21,m96,2014-04-04,MCI
136_S_0186,v31,m96,2014-03-20,CN
012_S_5213,v05,m06,2014-04-04,CN
068_S_0127,v31,m96,2014-04-04,MCI
068_S_0802,v11,m72,2014-04-04,MCI
068_S_0802,v21,m84,2014-04-04,MCI
068_S_2168,v21,m36,2014-04-04,MCI
068_S_4061,v21,m24,2014-04-04,MCI
068_S_4134,v21,m24,2014-04-04,MCI
068_S_4217,v21,m24,2014-04-04,MCI
068_S_4968,v05,m06,2014-04-04,Dementia
068_S_5146,v03,bl,2014-04-04,Dementia
068_S_5206,v03,bl,2014-04-04,Dementia
037_S_4381,v21,m24,2014-04-04,MCI
016_S_4584,v21,m24,2014-04-07,Dementia
007_S_4568,v21,m24,2014-04-01,Dementia
082_S_2307,v21,m36,2014-03-24,MCI
012_S_4545,v21,m24,2014-04-04,CN
082_S_5278,v05,m06,2014-04-09,CN
023_S_0331,v31,m96,2014-04-09,Dementia
037_S_0377,v21,m96,2014-02-24,MCI
036_S_4562,v21,m24,2014-04-07,MCI
129_S_2347,v21,m36,2014-04-10,MCI
007_S_2106,v21,m36,2013-11-08,Dementia
137_S_4520,v21,m24,2014-03-19,CN
037_S_4432,v21,m24,2014-03-19,Dementia
027_S_5109,v11,m12,2014-04-07,CN
127_S_4604,v21,m24,2014-04-04,CN
123_S_1300,v21,m84,2014-03-28,MCI
135_S_5113,v11,m12,2014-04-02,CN
123_S_0106,v21,m96,2014-01-28,MCI
123_S_0113,v21,m96,2014-03-04,CN
123_S_4526,v21,m24,2014-02-18,Dementia
027_S_5288,v05,m06,2014-02-03,CN
027_S_5118,v11,m12,2014-04-09,CN
041_S_5131,v11,m12,2014-04-15,CN
073_S_2225,v21,m36,2014-04-10,MCI
123_S_0298,v21,m96,2014-04-16,CN
003_S_0981,v21,m84,2014-04-15,CN
128_S_0229,v21,m96,2014-04-17,CN
128_S_4571,v21,m24,2014-04-17,MCI
021_S_5236,v05,m06,2014-01-13,CN
052_S_4959,v11,m12,2014-03-18,Dementia
135_S_4566,v21,m24,2014-04-07,MCI
007_S_4620,v21,m24,2014-04-22,CN
135_S_4598,v21,m24,2014-04-21,CN
014_S_0169,v21,m96,2014-03-24,MCI
098_S_0896,v21,m84,2013-11-13,CN
141_S_4232,v21,m24,2014-03-11,MCI
002_S_5256,v05,m06,2014-02-06,CN
137_S_4596,v21,m24,2014-04-15,Dementia
137_S_0301,v31,m96,2014-04-14,CN
019_S_4680,v21,m24,2014-04-21,Dementia
021_S_0178,v21,m96,2014-03-07,MCI
009_S_5125,v11,m12,2014-04-08,CN
009_S_4543,v21,m24,2014-03-26,CN
009_S_5224,v05,m06,2014-02-06,Dementia
098_S_2052,v21,m36,2013-09-24,MCI
009_S_5176,v05,m06,2013-12-12,CN
009_S_4388,v21,m24,2014-01-28,MCI
021_S_0159,v21,m96,2014-03-24,CN
023_S_4502,v21,m24,2014-04-25,Dementia
021_S_5099,v11,m12,2014-03-25,MCI
941_S_4365,v21,m24,2014-04-25,CN
082_S_5282,v05,m06,2014-04-25,CN
137_S_4466,v21,m24,2014-04-14,CN
021_S_0276,v21,m96,2014-04-03,Dementia
027_S_5127,v11,m12,2014-04-23,CN
021_S_5129,v11,m12,2014-04-17,CN
941_S_1195,v21,m84,2014-04-25,CN
109_S_4499,v21,m24,2014-04-29,CN
116_S_4010,v31,m36,2014-04-18,CN
941_S_5124,v05,m06,2014-04-30,CN
941_S_5124,v11,m12,2014-04-25,CN
003_S_5130,v11,m12,2014-04-29,CN
002_S_4654,v21,m24,2014-04-29,MCI
052_S_1346,v21,m84,2014-04-08,Dementia
123_S_2363,v21,m36,2014-05-02,MCI
137_S_4536,v21,m24,2014-05-01,MCI
137_S_4482,v21,m24,2014-05-01,CN
128_S_4607,v21,m24,2014-05-01,CN
014_S_2308,v21,m36,2014-03-20,MCI
014_S_4576,v21,m24,2014-04-15,CN
082_S_4428,v21,m24,2014-05-05,CN
128_S_4653,v21,m24,2014-05-01,MCI
141_S_2210,v21,m36,2014-05-05,Dementia
027_S_5110,v11,m12,2014-04-29,CN
094_S_4560,v21,m24,2014-05-07,CN
141_S_2333,v21,m36,2014-05-06,MCI
027_S_2336,v11,m36,2014-04-21,MCI
135_S_4657,v21,m24,2014-04-28,Dementia
126_S_4675,v21,m24,2014-05-07,Dementia
099_S_4498,v21,m24,2014-04-10,MCI
116_S_4625,v21,m24,2014-04-23,Dementia
116_S_4635,v21,m24,2014-04-30,MCI
131_S_0384,v21,m96,2014-05-08,CN
131_S_0441,v21,m96,2014-05-08,CN
052_S_5062,v11,m12,2014-05-07,Dementia
057_S_5292,v05,m06,2014-05-08,CN
114_S_0166,v21,m96,2014-04-02,Dementia
002_S_0413,v31,m96,2014-05-01,CN
127_S_5132,v11,m12,2014-05-09,CN
127_S_4645,v21,m24,2014-05-09,CN
127_S_0260,v21,m96,2014-05-09,CN
037_S_1078,v21,m84,2014-04-04,Dementia
127_S_0259,v21,m96,2014-05-09,MCI
130_S_4982,v11,m12,2014-05-05,Dementia
130_S_5142,v11,m12,2014-05-09,CN
100_S_1286,v21,m84,2014-05-12,CN
100_S_4469,v21,m24,2014-05-12,CN
100_S_0296,v21,m96,2014-05-12,MCI
016_S_5251,v05,m06,2014-05-09,Dementia
013_S_4595,v21,m24,2014-05-13,Dementia
013_S_5137,v11,m12,2014-05-13,CN
013_S_4580,v21,m24,2014-05-13,CN
023_S_4501,v21,m24,2014-05-13,Dementia
099_S_0352,v31,m96,2014-04-14,CN
137_S_4623,v21,m24,2014-05-13,MCI
035_S_4582,v21,m24,2014-05-16,MCI
035_S_0292,v31,m96,2014-05-16,Dementia
109_S_4594,v21,m24,2014-05-19,MCI
128_S_4636,v21,m24,2014-05-01,MCI
032_S_5289,v03,bl,2014-05-19,CN
032_S_0214,v21,m96,2014-05-21,Dementia
032_S_4429,v21,m24,2014-05-21,CN
032_S_5263,v05,m06,2014-05-21,CN
029_S_4585,v21,m24,2014-05-21,CN
073_S_2191,v21,m36,2014-05-21,MCI
021_S_4659,v21,m24,2014-04-17,MCI
032_S_5289,v05,m06,2014-05-21,CN
041_S_4720,v21,m24,2014-05-15,MCI
099_S_4565,v21,m24,2014-04-15,MCI
029_S_5135,v11,m12,2014-05-22,MCI
024_S_4674,v21,m24,2014-05-23,MCI
094_S_2367,v21,m36,2014-05-23,MCI
126_S_2360,v21,m36,2014-05-26,MCI
135_S_4676,v21,m24,2014-05-12,Dementia
021_S_0337,v21,m96,2014-04-24,CN
094_S_4503,v21,m24,2014-05-28,CN
128_S_5123,v11,m12,2014-05-28,Dementia
013_S_4616,v21,m24,2014-05-28,CN
114_S_0173,v21,m96,2014-05-28,MCI
128_S_0227,v21,m96,2014-05-01,Dementia
073_S_4552,v21,m24,2014-05-08,CN
014_S_4577,v21,m24,2014-04-16,MCI
130_S_4641,v21,m24,2014-05-05,MCI
137_S_4587,v21,m24,2014-05-20,CN
128_S_0272,v21,m96,2014-06-03,CN
067_S_4054,v31,m36,2014-06-03,CN
041_S_4004,v31,m36,2014-06-03,MCI
135_S_4689,v21,m24,2014-05-28,Dementia
098_S_4003,v31,m36,2014-04-15,CN
036_S_4715,v21,m24,2014-06-02,Dementia
067_S_4767,v21,m24,2014-06-09,CN
037_S_4030,v31,m36,2014-05-25,Dementia
094_S_4630,v21,m24,2014-06-11,MCI
013_S_4579,v21,m24,2014-06-11,MCI
037_S_4308,v21,m24,2014-04-09,CN
141_S_4426,v21,m24,2014-05-30,Dementia
073_S_4614,v21,m24,2014-04-15,MCI
016_S_5057,v11,m12,2014-05-30,Dementia
016_S_4591,v21,m24,2014-05-30,Dementia
116_S_0361,v31,m96,2014-06-09,Dementia
036_S_4538,v21,m24,2014-06-06,MCI
036_S_4714,v21,m24,2014-06-10,MCI
126_S_0605,v21,m96,2014-06-20,MCI
005_S_5119,v11,m12,2014-05-20,Dementia
005_S_0448,v21,m96,2014-05-20,Dementia
022_S_2379,v21,m36,2014-06-17,MCI
135_S_4722,v21,m24,2014-06-16,MCI
135_S_4723,v21,m24,2014-06-16,MCI
098_S_4506,v21,m24,2014-03-26,Dementia
018_S_4597,v21,m24,2014-06-27,MCI
018_S_4696,v21,m24,2014-06-27,Dementia
018_S_4809,v21,m24,2014-06-27,MCI
012_S_4012,v31,m36,2014-06-26,MCI
012_S_5121,v11,m12,2014-06-26,MCI
036_S_4736,v21,m24,2014-06-30,MCI
100_S_4512,v21,m24,2014-07-01,MCI
100_S_4556,v21,m24,2014-07-01,CN
100_S_5096,v11,m12,2014-07-01,MCI
128_S_4742,v21,m24,2014-07-01,MCI
073_S_4739,v21,m24,2014-07-02,CN
941_S_4764,v21,m24,2014-07-03,MCI
027_S_0307,v21,m96,2014-06-24,MCI
137_S_4678,v21,m24,2014-07-01,MCI
941_S_2060,v21,m36,2014-07-03,MCI
941_S_4187,v21,m24,2014-07-03,MCI
137_S_4672,v21,m24,2014-04-21,Dementia
941_S_4100,v21,m24,2014-07-03,CN
941_S_4376,v21,m24,2014-07-03,CN
128_S_2002,v21,m48,2014-07-03,MCI
052_S_1250,v11,m84,2014-05-22,CN
057_S_2398,v21,m36,2014-07-11,Dementia
036_S_2378,v21,m36,2014-07-09,MCI
016_S_5031,v11,m12,2014-07-07,MCI
002_S_4746,v21,m24,2014-06-26,MCI
013_S_2389,v21,m36,2014-07-16,MCI
941_S_4036,v31,m36,2014-07-18,MCI
037_S_0501,v21,m96,2014-07-09,Dementia
006_S_4713,v21,m24,2014-07-22,CN
006_S_4679,v21,m24,2014-07-22,MCI
067_S_4782,v21,m24,2014-07-22,MCI
002_S_4799,v21,m24,2014-07-01,CN
073_S_4777,v21,m24,2014-07-25,MCI
126_S_0709,v21,m96,2014-07-28,MCI
123_S_4780,v21,m24,2014-07-28,MCI
005_S_2390,v21,m36,2014-07-29,MCI
137_S_4631,v21,m24,2014-06-30,MCI
067_S_4072,v31,m36,2014-07-29,CN
126_S_4712,v21,m24,2014-07-29,Dementia
137_S_4632,v21,m24,2014-07-09,CN
128_S_4586,v21,m24,2014-07-31,CN
036_S_4878,v21,m24,2014-08-04,CN
128_S_0545,v21,m96,2014-07-29,MCI
012_S_4643,v21,m24,2014-07-31,CN
116_S_4092,v31,m36,2014-08-04,MCI
041_S_4041,v31,m36,2014-08-06,Dementia
021_S_4744,v21,m24,2014-06-10,MCI
027_S_4757,v21,m24,2014-08-11,Dementia
041_S_0679,v31,m96,2014-08-07,MCI
126_S_4891,v21,m24,2014-08-11,MCI
022_S_4805,v21,m24,2014-07-17,MCI
053_S_4578,v21,m24,2014-04-08,CN
053_S_5070,v11,m12,2014-02-22,Dementia
053_S_4557,v21,m24,2014-03-13,MCI
053_S_5272,v05,m06,2014-03-04,CN
053_S_4661,v21,m24,2014-06-17,Dementia
053_S_2396,v21,m36,2014-08-08,MCI
057_S_4888,v21,m24,2014-08-15,Dementia
012_S_4094,v31,m36,2014-08-14,Dementia
073_S_4762,v21,m24,2014-07-15,CN
941_S_4187,v31,m36,2014-08-20,MCI
019_S_4835,v21,m24,2014-08-22,CN
052_S_4807,v21,m24,2014-08-20,MCI
067_S_5160,v11,m12,2014-06-11,MCI
137_S_0686,v31,m96,2014-08-27,CN
137_S_4862,v11,m12,2014-08-27,MCI
137_S_0800,v31,m96,2014-08-27,MCI
123_S_4806,v21,m24,2014-09-02,MCI
116_S_4898,v21,m24,2014-08-25,MCI
116_S_4175,v31,m36,2014-09-02,MCI
027_S_4873,v21,m24,2014-08-27,MCI
116_S_4167,v31,m36,2014-09-02,Dementia
116_S_4855,v21,m24,2014-08-25,MCI
053_S_4813,v21,m24,2014-08-08,CN
007_S_5196,v11,m12,2014-08-12,Dementia
007_S_4611,v21,m24,2014-08-12,MCI
007_S_4637,v21,m24,2014-08-12,CN
007_S_2394,v21,m36,2014-08-12,MCI
127_S_4197,v31,m36,2014-08-29,MCI
128_S_4842,v21,m24,2014-09-04,MCI
127_S_0684,v31,m96,2014-08-29,CN
130_S_2373,v21,m36,2014-05-12,MCI
037_S_4071,v31,m36,2014-09-02,MCI
012_S_4128,v31,m36,2014-09-10,MCI
137_S_4815,v21,m24,2014-09-02,Dementia
130_S_4883,v21,m24,2014-09-10,MCI
021_S_4857,v21,m24,2014-07-24,Dementia
123_S_4127,v31,m36,2014-09-15,MCI
127_S_4624,v21,m24,2014-08-29,CN
003_S_1074,v21,m84,2014-08-13,MCI
130_S_0505,v11,m84,2014-02-04,MCI
021_S_0626,v31,m96,2014-08-20,Dementia
067_S_0257,v31,m96,2014-09-09,CN
024_S_4169,v31,m36,2014-09-19,MCI
067_S_4184,v31,m36,2014-09-19,CN
067_S_4212,v31,m36,2014-09-18,CN
052_S_4885,v21,m24,2014-09-16,MCI
016_S_4902,v21,m24,2014-09-15,Dementia
016_S_2031,v31,m48,2014-09-10,MCI
016_S_4646,v21,m24,2014-08-18,MCI
123_S_4170,v31,m36,2014-09-22,MCI
135_S_5273,v11,m12,2014-08-29,MCI
127_S_1427,v31,m84,2014-08-29,Dementia
126_S_4896,v21,m24,2014-09-02,MCI
037_S_4706,v21,m24,2014-05-12,MCI
037_S_0303,v31,m96,2014-06-07,CN
041_S_4051,v31,m36,2014-09-26,MCI
094_S_4649,v21,m24,2014-09-29,CN
041_S_4876,v21,m24,2014-09-25,MCI
094_S_4162,v31,m36,2014-09-29,Dementia
130_S_0285,v11,m84,2014-09-22,Dementia
041_S_4143,v31,m36,2014-09-29,MCI
041_S_4874,v21,m24,2014-09-29,MCI
027_S_4869,v21,m24,2014-09-25,MCI
027_S_4936,v21,m24,2014-09-24,Dementia
027_S_4919,v21,m24,2014-09-16,MCI
023_S_4035,v31,m36,2014-09-30,Dementia
129_S_0778,v31,m96,2014-09-24,Dementia
031_S_4590,v21,m24,2014-10-02,MCI
031_S_4476,v21,m24,2014-10-02,MCI
036_S_2380,v21,m36,2014-10-02,MCI
129_S_4220,v31,m36,2014-10-03,MCI
052_S_0671,v21,m96,2014-09-24,Dementia
052_S_2249,v11,m36,2014-01-03,MCI
052_S_4626,v21,m24,2014-06-04,MCI
127_S_4210,v31,m36,2014-10-03,MCI
099_S_2146,v31,m48,2014-10-06,CN
127_S_4928,v21,m24,2014-09-19,Dementia
003_S_2374,v21,m36,2014-10-07,MCI
128_S_4832,v21,m24,2014-10-02,CN
002_S_2073,v31,m48,2014-10-07,CN
128_S_1408,v21,m84,2014-10-02,MCI
023_S_4115,v31,m36,2014-10-02,MCI
009_S_5147,v11,m12,2014-05-14,CN
127_S_4843,v21,m24,2014-08-29,CN
127_S_4844,v21,m24,2014-08-29,MCI
082_S_5029,v11,m12,2014-03-24,Dementia
009_S_0751,v31,m96,2014-09-03,CN
037_S_4750,v21,m24,2014-08-25,CN
009_S_4359,v21,m24,2014-01-16,MCI
009_S_4612,v21,m24,2014-04-18,CN
009_S_4741,v21,m24,2014-07-14,Dementia
009_S_5252,v05,m06,2014-02-27,Dementia
051_S_1072,v11,m84,2013-12-10,MCI
127_S_4765,v21,m24,2014-06-26,MCI
098_S_2052,v31,m48,2014-09-17,MCI
009_S_2381,v21,m36,2014-05-23,Dementia
009_S_5037,v11,m12,2014-02-12,Dementia
027_S_4926,v21,m24,2014-10-07,MCI
037_S_0150,v31,m96,2014-06-06,MCI
137_S_0722,v31,m96,2014-10-13,MCI
012_S_4188,v31,m36,2014-10-13,Dementia
130_S_4817,v21,m24,2014-10-13,MCI
137_S_4816,v21,m24,2014-10-13,Dementia
137_S_1414,v31,m84,2014-10-13,MCI
137_S_4303,v21,m24,2014-10-13,Dementia
137_S_0668,v31,m96,2014-10-13,CN
018_S_4889,v21,m24,2014-08-13,MCI
018_S_4868,v21,m24,2014-07-31,MCI
018_S_4349,v21,m24,2014-10-13,CN
018_S_0055,v21,m96,2014-06-26,MCI
037_S_0467,v31,m96,2014-06-18,Dementia
123_S_2055,v31,m48,2014-10-15,MCI
033_S_0923,v31,m96,2014-10-01,CN
037_S_5126,v11,m12,2014-05-05,CN
037_S_4015,v31,m36,2014-06-20,Dementia
128_S_2045,v31,m48,2014-10-15,MCI
005_S_4168,v31,m36,2014-09-25,MCI
005_S_4185,v31,m36,2014-09-25,MCI
130_S_2403,v21,m36,2014-10-17,Dementia
127_S_4240,v31,m36,2014-10-17,Dementia
035_S_4414,v21,m24,2014-05-16,Dementia
041_S_4877,v21,m24,2014-10-17,MCI
041_S_4271,v31,m36,2014-10-17,MCI
041_S_1418,v31,m84,2014-10-17,MCI
035_S_4464,v21,m24,2014-01-06,CN
035_S_4114,v31,m36,2014-07-08,Dementia
099_S_4157,v31,m36,2014-10-09,Dementia
130_S_4250,v31,m36,2014-10-17,Dementia
016_S_2007,v31,m48,2014-07-31,MCI
099_S_4202,v31,m36,2014-10-15,MCI
037_S_0566,v31,m96,2014-08-06,Dementia
130_S_4660,v21,m24,2014-05-09,Dementia
098_S_2079,v31,m48,2014-10-06,MCI
130_S_5258,v11,m12,2014-10-23,CN
130_S_4417,v21,m24,2014-10-23,MCI
116_S_4199,v31,m36,2014-10-17,MCI
130_S_5175,v05,m06,2014-10-24,CN
099_S_4205,v31,m36,2014-10-27,MCI
128_S_0770,v21,m84,2014-10-27,MCI
002_S_4229,v31,m36,2014-10-16,MCI
022_S_4291,v21,m24,2014-02-18,CN
135_S_4281,v31,m36,2014-10-20,MCI
128_S_2036,v31,m48,2014-10-29,MCI
013_S_4791,v21,m24,2014-10-29,MCI
073_S_4216,v31,m36,2014-09-17,MCI
051_S_4929,v21,m24,2014-10-30,Dementia
027_S_4729,v21,m24,2014-06-16,Dementia
068_S_4968,v11,m12,2014-10-31,Dementia
068_S_4914,v03,bl,2014-10-31,MCI
068_S_4431,v21,m24,2014-10-31,MCI
068_S_4424,v21,m24,2014-10-31,CN
068_S_4067,v31,m36,2014-10-31,MCI
068_S_4061,v31,m36,2014-10-31,CN
068_S_0473,v31,m96,2014-10-31,CN
002_S_4262,v31,m36,2014-10-23,MCI
037_S_0454,v21,m96,2014-05-08,MCI
007_S_0698,v31,m96,2014-11-03,Dementia
022_S_4444,v21,m24,2014-03-25,MCI
128_S_2123,v31,m48,2014-11-03,MCI
129_S_4287,v31,m36,2014-11-06,MCI
021_S_2100,v31,m48,2014-11-05,MCI
033_S_0920,v21,m96,2014-11-05,MCI
022_S_4922,v21,m24,2014-11-04,MCI
023_S_4122,v31,m36,2014-11-13,MCI
021_S_2077,v31,m48,2014-10-21,MCI
130_S_4925,v11,m12,2013-10-20,MCI
013_S_4268,v31,m36,2014-11-12,CN
137_S_4299,v31,m36,2014-11-17,MCI
024_S_2239,v31,m48,2014-11-20,MCI
011_S_4235,v31,m36,2014-11-17,MCI
011_S_4893,v21,m24,2014-11-17,MCI
094_S_4858,v21,m24,2014-11-21,MCI
033_S_1016,v31,m96,2014-11-19,CN
135_S_4309,v31,m36,2014-11-17,MCI
019_S_4293,v31,m36,2014-11-14,MCI
021_S_4245,v31,m36,2014-10-23,MCI
073_S_4300,v31,m36,2014-11-12,MCI
135_S_4356,v31,m36,2014-11-25,MCI
099_S_2063,v31,m48,2014-11-20,MCI
126_S_2407,v21,m36,2014-12-01,MCI
037_S_4214,v31,m36,2014-12-01,MCI
021_S_2124,v31,m48,2014-11-21,MCI
013_S_4985,v21,m24,2014-12-03,MCI
023_S_2068,v31,m48,2014-12-05,MCI
127_S_4301,v31,m36,2014-11-12,MCI
126_S_2405,v21,m36,2014-12-09,MCI
027_S_1045,v21,m96,2014-12-04,MCI
023_S_4796,v21,m24,2014-12-10,Dementia
073_S_5023,v21,m24,2014-12-10,CN
027_S_2183,v21,m48,2014-12-08,MCI
021_S_2150,v31,m48,2014-11-20,MCI
067_S_2196,v31,m48,2014-12-03,MCI
127_S_1032,v31,m96,2014-12-12,MCI
021_S_4402,v31,m36,2014-12-11,Dementia
137_S_4331,v31,m36,2014-12-09,MCI
006_S_4960,v21,m24,2014-12-16,CN
037_S_4146,v31,m36,2014-10-17,MCI
067_S_2195,v31,m48,2014-12-16,Dementia
053_S_0919,v21,m96,2014-12-01,MCI
137_S_0972,v31,m96,2014-12-18,Dementia
073_S_4795,v21,m24,2014-12-19,CN
021_S_0984,v31,m96,2014-12-09,Dementia
130_S_4925,v21,m24,2014-10-14,MCI
114_S_2392,v21,m36,2014-11-05,MCI
033_S_1098,v31,m96,2014-12-24,MCI
135_S_4406,v31,m36,2014-12-17,Dementia
073_S_4986,v21,m24,2014-12-03,MCI
130_S_4294,v31,m36,2014-12-23,MCI
114_S_5234,v05,m06,2014-11-05,CN
127_S_0925,v31,m96,2014-12-05,MCI
006_S_4363,v31,m36,2015-01-06,Dementia
067_S_0056,v31,m108,2015-01-07,CN
067_S_0059,v31,m108,2015-01-07,CN
137_S_0994,v31,m96,2014-12-10,Dementia
021_S_4419,v31,m36,2015-01-06,CN
041_S_4974,v21,m24,2015-01-09,MCI
003_S_0908,v31,m96,2015-01-09,MCI
041_S_5141,v11,m12,2014-05-09,CN
027_S_2219,v21,m48,2015-01-07,MCI
073_S_4311,v31,m36,2015-01-14,MCI
006_S_4346,v31,m36,2015-01-14,Dementia
072_S_2037,v31,m48,2014-09-23,MCI
072_S_4063,v31,m36,2014-07-30,MCI
072_S_2072,v31,m48,2014-09-30,MCI
072_S_2093,v31,m48,2014-11-26,MCI
072_S_2083,v31,m48,2014-10-23,MCI
072_S_4206,v31,m36,2014-10-02,MCI
072_S_4613,v21,m24,2014-05-22,MCI
072_S_0315,v31,m96,2014-04-29,CN
072_S_4769,v21,m24,2014-07-29,MCI
072_S_4941,v21,m24,2014-11-13,MCI
072_S_2116,v31,m48,2014-11-11,MCI
041_S_4989,v21,m24,2015-01-13,MCI
031_S_4021,v31,m36,2015-01-16,CN
031_S_4029,v31,m36,2015-01-16,MCI
031_S_4947,v21,m24,2015-01-16,Dementia
003_S_1122,v31,m96,2015-01-15,MCI
014_S_0658,v31,m96,2014-10-03,Dementia
002_S_1155,v31,m96,2015-01-08,MCI
067_S_4310,v31,m36,2015-01-16,CN
007_S_4272,v31,m36,2015-01-20,MCI
027_S_4804,v21,m24,2014-08-11,MCI
027_S_2245,v21,m48,2015-01-15,MCI
027_S_4966,v21,m24,2015-01-05,MCI
005_S_0602,v31,m96,2014-12-19,MCI
005_S_0610,v31,m96,2014-12-19,CN
052_S_2249,v21,m48,2015-01-22,MCI
052_S_4944,v21,m24,2015-01-22,MCI
052_S_4945,v21,m24,2015-01-22,Dementia
073_S_4312,v31,m36,2015-01-27,MCI
041_S_0125,v41,m108,2015-01-30,CN
003_S_4872,v21,m24,2015-01-22,CN
018_S_2133,v31,m48,2014-12-09,MCI
018_S_2155,v31,m48,2014-12-16,MCI
012_S_4849,v21,m24,2015-01-29,MCI
018_S_2180,v31,m48,2015-01-06,CN
003_S_4354,v31,m36,2015-01-15,MCI
114_S_5047,v21,m24,2015-01-29,MCI
130_S_4971,v11,m12,2014-09-16,Dementia
013_S_4395,v31,m36,2015-02-04,MCI
127_S_2213,v31,m48,2015-01-23,MCI
128_S_2220,v31,m48,2015-01-30,MCI
009_S_0842,v31,m96,2014-10-15,MCI
009_S_1030,v31,m96,2014-11-27,Dementia
009_S_2208,v31,m48,2014-12-02,MCI
009_S_4359,v31,m36,2015-01-27,CN
009_S_5000,v21,m24,2014-12-04,MCI
128_S_0205,v31,m108,2015-02-06,CN
128_S_2130,v31,m48,2015-02-09,Dementia
128_S_0230,v31,m108,2015-02-06,Dementia
141_S_1052,v31,m96,2014-01-14,MCI
022_S_2263,v31,m48,2015-02-10,CN
135_S_4489,v31,m36,2015-02-03,MCI
137_S_4351,v31,m36,2015-02-11,CN
127_S_2234,v31,m48,2015-01-23,CN
073_S_0746,v31,m96,2015-01-28,MCI
027_S_0074,v21,m108,2015-02-05,CN
126_S_1187,v31,m96,2015-02-13,MCI
126_S_4458,v31,m36,2015-02-13,Dementia
126_S_4507,v31,m36,2015-02-13,Dementia
002_S_4447,v31,m36,2015-02-03,MCI
153_S_2109,v31,m48,2014-11-24,MCI
109_S_4380,v31,m36,2015-02-09,MCI
114_S_4404,v31,m36,2015-02-11,MCI
114_S_1118,v31,m96,2015-02-12,MCI
011_S_2274,v31,m48,2015-02-10,Dementia
135_S_4446,v31,m36,2015-02-10,MCI
041_S_5026,v11,m12,2013-12-06,Dementia
094_S_4434,v31,m36,2015-02-18,Dementia
153_S_4838,v21,m24,2014-08-25,MCI
009_S_4388,v31,m36,2015-02-11,MCI
012_S_4987,v21,m24,2015-02-19,MCI
020_S_5203,v05,m06,2013-12-10,CN
130_S_4343,v21,m24,2015-02-13,CN
130_S_4417,v31,m36,2015-02-20,MCI
130_S_4415,v31,m36,2015-02-20,Dementia
002_S_4521,v31,m36,2015-02-10,Dementia
082_S_2121,v31,m48,2015-01-10,MCI
009_S_4324,v31,m36,2014-11-21,Dementia
002_S_4473,v31,m36,2015-02-12,MCI
072_S_4394,v31,m36,2015-02-16,MCI
072_S_4522,v31,m36,2015-02-19,MCI
072_S_2164,v31,m48,2015-02-23,MCI
072_S_5207,v11,m12,2014-07-28,MCI
072_S_4871,v21,m24,2014-08-14,MCI
072_S_4390,v31,m36,2014-12-10,MCI
072_S_4226,v31,m36,2014-10-20,MCI
072_S_4462,v31,m36,2014-12-03,Dementia
036_S_4430,v31,m36,2015-02-24,Dementia
141_S_4160,v31,m36,2015-02-25,MCI
035_S_2074,v31,m48,2014-12-01,MCI
072_S_4383,v31,m36,2015-02-24,MCI
130_S_0505,v21,m96,2015-02-25,MCI
126_S_4514,v31,m36,2015-02-27,MCI
128_S_5066,v21,m24,2015-02-26,MCI
130_S_4990,v11,m12,2015-02-25,Dementia
100_S_0069,v31,m108,2015-01-30,CN
027_S_0120,v21,m108,2015-02-24,CN
027_S_5079,v21,m24,2015-02-26,CN
067_S_2304,v31,m48,2015-02-27,CN
099_S_0051,v31,m108,2015-02-04,Dementia
123_S_0106,v31,m108,2015-03-05,Dementia
035_S_4784,v21,m24,2014-10-06,Dementia
035_S_2061,v31,m48,2014-10-06,MCI
067_S_2301,v31,m48,2015-03-04,MCI
041_S_5078,v21,m24,2015-03-05,CN
027_S_5093,v21,m24,2015-03-02,CN
099_S_4463,v31,m36,2015-02-17,MCI
041_S_5082,v21,m24,2015-03-05,CN
037_S_0377,v31,m108,2015-02-20,MCI
005_S_0553,v31,m96,2015-01-07,CN
137_S_4536,v31,m36,2015-03-10,MCI
021_S_5099,v21,m24,2015-03-03,MCI
128_S_0225,v31,m108,2015-03-13,MCI
021_S_0159,v31,m108,2015-03-05,CN
011_S_4547,v31,m36,2015-03-17,MCI
022_S_4444,v31,m36,2015-03-17,MCI
073_S_4360,v31,m36,2015-03-16,MCI
023_S_0061,v31,m108,2015-03-12,Dementia
131_S_0123,v31,m108,2015-03-18,Dementia
022_S_2087,v21,m48,2014-10-24,Dementia
016_S_5007,v21,m24,2015-03-16,MCI
041_S_5100,v21,m24,2015-03-19,CN
051_S_1123,v21,m96,2015-03-24,Dementia
073_S_2264,v31,m48,2015-02-27,MCI
021_S_0178,v31,m108,2015-03-19,MCI
094_S_2216,v31,m48,2015-03-25,Dementia
007_S_4611,v31,m36,2015-03-23,MCI
018_S_0142,v31,m108,2015-02-04,MCI
130_S_4542,v31,m36,2015-03-26,Dementia
141_S_4426,v31,m36,2015-03-16,MCI
116_S_1249,v31,m96,2015-03-12,Dementia
051_S_1072,v21,m96,2015-03-26,MCI
135_S_4566,v31,m36,2015-03-26,MCI
013_S_1186,v31,m96,2015-04-01,Dementia
007_S_4467,v31,m36,2015-03-31,MCI
128_S_4553,v31,m36,2015-04-06,MCI
041_S_4510,v31,m36,2015-04-06,MCI
041_S_4513,v31,m36,2015-04-06,MCI
041_S_5097,v21,m24,2015-04-06,MCI
021_S_0276,v31,m108,2015-03-24,Dementia
109_S_2200,v31,m48,2014-12-09,MCI
129_S_2332,v31,m48,2015-04-07,MCI
094_S_2201,v31,m48,2015-04-08,CN
094_S_2238,v31,m48,2015-04-08,MCI
052_S_1346,v31,m96,2015-04-07,Dementia
109_S_4455,v31,m36,2015-04-09,MCI
123_S_1300,v31,m96,2015-04-10,MCI
031_S_2233,v21,m36,2015-04-10,MCI
031_S_4721,v31,m36,2015-04-10,MCI
031_S_4005,v31,m36,2015-04-10,MCI
031_S_4496,v21,m24,2015-04-10,CN
031_S_4590,v31,m36,2015-04-10,MCI
031_S_4149,v31,m36,2015-04-10,MCI
023_S_0126,v31,m108,2015-04-08,Dementia
109_S_4531,v31,m36,2015-04-10,MCI
010_S_0420,v31,m96,2015-04-13,MCI
037_S_0150,v41,m108,2015-03-18,MCI
023_S_4502,v31,m36,2015-04-16,Dementia
031_S_4218,v31,m36,2015-04-16,MCI
031_S_2233,v31,m48,2015-04-16,CN
037_S_1078,v31,m96,2015-03-30,Dementia
037_S_4432,v31,m36,2015-04-03,Dementia
116_S_4635,v31,m36,2015-04-16,MCI
027_S_5083,v21,m24,2015-03-17,CN
098_S_4506,v31,m36,2015-03-25,Dementia
082_S_1256,v11,m60,2012-03-19,CN
128_S_4571,v31,m36,2015-04-20,MCI
137_S_4596,v31,m36,2015-04-21,Dementia
029_S_0914,v31,m96,2015-03-18,Dementia
099_S_4498,v31,m36,2015-04-21,MCI
002_S_1280,v31,m96,2015-04-23,CN
131_S_0384,v31,m108,2015-04-16,CN
153_S_4621,v21,m24,2014-05-16,MCI
013_S_4595,v31,m36,2015-04-29,Dementia
027_S_2336,v21,m48,2015-04-09,MCI
068_S_2187,v31,m48,2015-04-30,MCI
052_S_1352,v31,m96,2015-04-29,CN
052_S_4626,v31,m36,2015-04-29,MCI
128_S_4653,v31,m36,2015-05-01,MCI
109_S_4594,v31,m36,2015-05-04,MCI
135_S_5113,v21,m24,2015-04-15,CN
023_S_0331,v41,m108,2015-05-05,Dementia
037_S_4381,v31,m36,2015-04-23,CN
037_S_4015,v41,m48,2015-04-23,Dementia
021_S_4659,v31,m36,2015-04-21,Dementia
141_S_2210,v31,m48,2015-04-09,MCI
141_S_4711,v21,m24,2014-06-19,MCI
036_S_4538,v31,m36,2015-05-07,MCI
126_S_4675,v31,m36,2015-05-11,Dementia
127_S_0260,v31,m108,2015-05-14,CN
003_S_1074,v31,m96,2015-04-29,MCI
002_S_4654,v31,m36,2015-04-28,MCI
027_S_5109,v21,m24,2015-04-23,CN
016_S_5031,v21,m24,2015-04-29,Dementia
027_S_5127,v21,m24,2015-05-07,CN
027_S_5110,v21,m24,2015-05-14,CN
135_S_4689,v31,m36,2015-05-21,Dementia
137_S_4623,v31,m36,2015-05-14,Dementia
127_S_0259,v31,m108,2015-05-01,Dementia
012_S_4012,v41,m48,2015-05-26,MCI
126_S_4712,v31,m36,2015-05-26,Dementia
073_S_2182,v31,m48,2015-03-02,MCI
024_S_4674,v31,m36,2015-05-22,MCI
073_S_0089,v31,m108,2015-02-18,CN
128_S_0200,v31,m108,2015-05-13,MCI
128_S_4636,v31,m36,2015-05-29,MCI
073_S_4443,v31,m36,2015-03-26,MCI
073_S_2225,v31,m48,2015-04-11,MCI
014_S_0169,v31,m108,2015-03-03,MCI
014_S_4263,v31,m36,2015-02-14,Dementia
014_S_2185,v31,m48,2015-03-05,MCI
014_S_2308,v31,m48,2015-05-05,MCI
021_S_0337,v31,m108,2015-05-07,CN
130_S_5142,v21,m24,2015-05-15,CN
130_S_2373,v31,m48,2015-06-02,MCI
036_S_4715,v31,m36,2015-06-01,Dementia
068_S_4424,v31,m36,2015-05-20,CN
021_S_4744,v31,m36,2015-05-21,MCI
012_S_5121,v21,m24,2015-06-03,Dementia
116_S_0361,v41,m108,2015-05-20,Dementia
116_S_0382,v41,m108,2015-05-18,CN
116_S_4043,v41,m48,2015-05-21,CN
068_S_0127,v41,m108,2015-05-15,MCI
137_S_4678,v31,m36,2015-06-02,MCI
036_S_4714,v31,m36,2015-06-08,MCI
128_S_4607,v31,m36,2015-06-11,CN
041_S_4060,v41,m48,2015-06-05,CN
041_S_4014,v41,m48,2015-06-11,CN
033_S_5198,v21,m24,2015-06-10,CN
023_S_1190,v41,m96,2015-06-11,MCI
098_S_4018,v41,m48,2015-06-10,CN
067_S_4767,v31,m36,2015-06-08,CN
123_S_2363,v31,m48,2015-06-01,MCI
128_S_0545,v31,m108,2015-06-17,MCI
037_S_4706,v31,m36,2015-06-11,MCI
072_S_4613,v31,m36,2015-05-11,MCI
036_S_4736,v31,m36,2015-06-16,MCI
057_S_5199,v21,m24,2015-06-18,CN
135_S_4722,v31,m36,2015-06-18,MCI
135_S_4723,v31,m36,2015-06-18,MCI
130_S_5175,v21,m24,2015-06-15,CN
128_S_2002,v31,m60,2015-06-22,MCI
037_S_4030,v41,m48,2015-06-11,Dementia
035_S_4414,v31,m36,2015-04-08,Dementia
002_S_0413,v41,m108,2015-06-02,CN
126_S_2360,v31,m48,2015-06-26,MCI
137_S_4631,v31,m36,2015-06-23,MCI
021_S_5177,v21,m24,2015-06-11,CN
941_S_5124,v21,m24,2015-05-01,CN
128_S_4742,v31,m36,2015-06-30,MCI
035_S_0555,v31,m96,2015-06-30,MCI
941_S_4764,v31,m36,2015-06-18,MCI
067_S_5159,v21,m24,2015-06-05,CN
127_S_5185,v21,m24,2015-06-26,CN
002_S_1261,v31,m96,2015-06-02,CN
127_S_4765,v31,m36,2015-06-26,Dementia
027_S_5118,v21,m24,2015-05-21,CN
016_S_4638,v31,m36,2015-06-29,MCI
126_S_5214,v21,m24,2015-06-29,MCI
127_S_5228,v21,m24,2015-07-09,CN
941_S_5193,v21,m24,2015-06-11,CN
127_S_0112,v31,m108,2015-06-26,MCI
127_S_5132,v21,m24,2015-07-09,CN
036_S_2378,v31,m48,2015-07-08,CN
067_S_4054,v41,m48,2015-07-09,CN
018_S_4809,v31,m36,2015-07-10,MCI
018_S_0055,v31,m108,2015-07-10,MCI
003_S_4555,v41,m48,2018-11-15,CN
041_S_4004,v41,m48,2015-07-13,MCI
041_S_4041,v41,m48,2015-07-13,Dementia
941_S_4036,v41,m48,2015-06-26,MCI
073_S_5167,v21,m24,2015-06-26,CN
007_S_2394,v31,m48,2015-07-14,MCI
027_S_5197,v21,m24,2015-07-02,CN
041_S_4720,v31,m36,2015-07-15,Dementia
027_S_4729,v31,m36,2015-06-18,Dementia
027_S_5169,v21,m24,2015-06-11,CN
098_S_4050,v41,m48,2015-06-30,CN
116_S_4092,v41,m48,2015-07-15,MCI
126_S_0605,v31,m108,2015-06-30,MCI
037_S_5126,v21,m24,2015-05-17,CN
029_S_5166,v21,m24,2015-07-23,MCI
005_S_0448,v31,m108,2015-05-01,Dementia
005_S_2390,v31,m48,2015-07-23,MCI
068_S_2184,v31,m48,2015-07-24,MCI
068_S_4431,v31,m36,2015-07-10,MCI
068_S_2315,v31,m48,2015-07-21,MCI
057_S_2398,v31,m48,2015-07-24,Dementia
037_S_0454,v31,m108,2015-07-23,MCI
037_S_4028,v41,m48,2015-07-23,CN
037_S_0467,v41,m108,2015-07-16,Dementia
009_S_2381,v31,m48,2015-06-11,Dementia
009_S_5176,v21,m24,2015-07-02,CN
009_S_4543,v31,m36,2015-04-02,CN
009_S_4741,v31,m36,2015-06-06,Dementia
021_S_5194,v21,m24,2015-06-18,CN
123_S_4780,v31,m36,2015-07-28,MCI
067_S_4782,v31,m36,2015-07-23,MCI
073_S_5227,v21,m24,2015-07-28,MCI
020_S_5203,v21,m24,2015-07-29,CN
020_S_5140,v21,m24,2015-07-29,CN
021_S_5237,v21,m24,2015-07-15,CN
035_S_4082,v41,m48,2015-07-28,CN
067_S_4072,v41,m48,2015-07-24,CN
099_S_4076,v41,m48,2015-07-06,CN
032_S_4823,v31,m36,2015-07-02,Dementia
114_S_2392,v31,m48,2015-07-29,MCI
114_S_0166,v31,m108,2015-07-29,Dementia
123_S_4806,v31,m36,2015-08-05,MCI
126_S_4891,v31,m36,2015-08-10,MCI
021_S_5236,v21,m24,2015-07-24,CN
094_S_2367,v31,m48,2015-08-10,Dementia
128_S_4842,v31,m36,2015-08-10,CN
114_S_5234,v21,m24,2015-07-29,MCI
099_S_4086,v41,m48,2015-07-22,CN
033_S_0734,v41,m108,2015-08-12,CN
016_S_2007,v41,m60,2015-08-10,Dementia
128_S_1408,v31,m96,2015-08-13,MCI
012_S_5157,v21,m24,2015-08-14,CN
012_S_5195,v21,m24,2015-08-14,CN
024_S_4084,v41,m48,2015-08-06,CN
011_S_4120,v41,m48,2015-08-18,CN
011_S_4105,v41,m48,2015-08-18,CN
033_S_0741,v41,m108,2015-08-14,MCI
021_S_0626,v41,m108,2015-08-11,Dementia
002_S_2010,v41,m60,2015-07-14,CN
002_S_4799,v31,m36,2015-07-14,MCI
036_S_2380,v31,m48,2015-08-19,MCI
002_S_5178,v21,m24,2015-07-16,CN
072_S_4539,v31,m36,2015-03-24,MCI
024_S_4169,v41,m48,2015-08-21,MCI
027_S_5170,v21,m24,2015-08-19,CN
130_S_2391,v21,m36,2014-09-13,MCI
068_S_4332,v31,m36,2015-07-24,MCI
130_S_4817,v31,m36,2015-07-17,MCI
094_S_4630,v31,m36,2015-08-24,MCI
127_S_1427,v41,m96,2015-08-25,Dementia
941_S_4187,v41,m48,2015-08-21,MCI
135_S_5273,v21,m24,2015-08-26,MCI
035_S_4114,v41,m48,2015-08-26,Dementia
035_S_4785,v21,m24,2015-08-26,CN
035_S_4784,v31,m36,2015-08-26,Dementia
023_S_4020,v41,m48,2015-08-10,CN
126_S_5243,v21,m24,2015-08-31,CN
019_S_5242,v21,m24,2015-08-13,CN
941_S_4100,v41,m48,2015-08-28,MCI
027_S_5277,v21,m24,2015-08-31,CN
052_S_0671,v31,m108,2015-08-13,Dementia
052_S_4807,v31,m36,2015-08-04,Dementia
130_S_4883,v31,m36,2015-08-28,MCI
037_S_4750,v31,m36,2015-08-30,CN
037_S_0566,v41,m108,2015-08-17,Dementia
022_S_2379,v31,m48,2015-09-04,MCI
007_S_0698,v41,m108,2015-08-31,Dementia
057_S_4888,v31,m36,2015-09-02,Dementia
073_S_2191,v31,m48,2015-09-08,MCI
073_S_4777,v31,m36,2015-09-08,MCI
021_S_4857,v31,m36,2015-08-06,Dementia
002_S_5256,v11,m12,2015-09-08,CN
002_S_4746,v31,m36,2015-08-27,Dementia
052_S_4885,v31,m36,2015-09-09,MCI
024_S_4158,v41,m48,2015-09-10,CN
126_S_4896,v31,m36,2015-09-10,MCI
135_S_5269,v21,m24,2015-09-01,CN
037_S_5222,v21,m24,2015-09-09,CN
010_S_0419,v41,m108,2015-09-15,CN
010_S_0420,v41,m108,2015-09-15,MCI
073_S_4614,v31,m36,2015-07-28,MCI
041_S_5131,v21,m24,2015-09-16,CN
041_S_4037,v41,m48,2015-09-16,CN
033_S_5259,v21,m24,2015-08-28,CN
116_S_4167,v41,m48,2015-09-15,Dementia
116_S_4175,v41,m48,2015-09-15,MCI
116_S_4855,v31,m36,2015-09-15,MCI
127_S_4210,v41,m48,2015-09-22,MCI
123_S_4127,v41,m48,2015-09-22,MCI
006_S_4713,v31,m36,2015-09-23,CN
029_S_4652,v31,m36,2015-09-24,MCI
029_S_5135,v21,m24,2015-09-24,CN
027_S_5288,v21,m24,2015-09-24,CN
006_S_5153,v21,m24,2015-09-29,CN
037_S_4146,v41,m48,2015-09-18,MCI
037_S_0501,v31,m108,2015-09-22,Dementia
129_S_0778,v41,m108,2015-09-29,Dementia
137_S_0800,v41,m108,2015-09-17,MCI
137_S_1414,v41,m96,2015-08-25,MCI
137_S_4862,v21,m24,2015-09-02,MCI
153_S_4125,v41,m48,2015-09-21,CN
153_S_4838,v31,m36,2015-09-21,MCI
153_S_4621,v31,m36,2015-05-04,MCI
153_S_4077,v41,m48,2015-07-27,MCI
137_S_0668,v41,m108,2015-09-15,CN
024_S_5290,v21,m24,2015-10-05,CN
123_S_4170,v41,m48,2015-10-05,MCI
003_S_4119,v31,m36,2015-10-02,CN
003_S_4288,v41,m48,2015-11-30,CN
067_S_4212,v41,m48,2015-10-05,CN
016_S_4121,v41,m48,2015-09-28,MCI
067_S_4184,v41,m48,2015-10-05,CN
137_S_4815,v31,m36,2015-08-31,Dementia
041_S_4051,v41,m48,2015-10-05,MCI
130_S_5258,v21,m24,2015-08-11,CN
137_S_4816,v31,m36,2015-09-16,Dementia
073_S_4216,v41,m48,2015-10-09,MCI
027_S_4936,v31,m36,2015-10-07,Dementia
002_S_5256,v21,m24,2015-09-08,CN
094_S_4162,v41,m48,2015-10-13,Dementia
002_S_2073,v41,m60,2015-09-29,CN
129_S_4220,v41,m48,2015-10-13,MCI
116_S_4898,v31,m36,2015-10-13,MCI
027_S_4926,v31,m36,2015-10-06,MCI
027_S_4873,v31,m36,2015-10-05,MCI
116_S_4199,v41,m48,2015-10-06,MCI
012_S_5213,v21,m24,2015-10-14,CN
029_S_5158,v21,m24,2015-09-10,CN
068_S_4340,v31,m36,2015-10-09,CN
068_S_4217,v41,m48,2015-09-02,MCI
011_S_4893,v31,m36,2015-10-20,MCI
011_S_0002,v41,m120,2015-10-20,CN
011_S_4235,v41,m48,2015-10-20,MCI
011_S_4222,v41,m48,2015-10-20,CN
126_S_2405,v31,m48,2015-10-20,MCI
005_S_4168,v41,m48,2015-09-21,CN
005_S_4185,v41,m48,2015-10-02,MCI
021_S_4254,v41,m48,2015-10-01,CN
127_S_5266,v21,m24,2015-10-20,CN
002_S_4229,v41,m48,2015-10-01,MCI
057_S_0934,v31,m108,2015-10-22,CN
128_S_2036,v41,m60,2015-10-22,CN
128_S_2045,v41,m60,2015-10-23,MCI
135_S_4281,v41,m48,2015-10-20,MCI
012_S_4094,v41,m48,2015-10-13,Dementia
023_S_4796,v31,m36,2015-10-22,Dementia
027_S_4869,v31,m36,2015-10-15,MCI
019_S_4293,v41,m48,2015-10-29,Dementia
027_S_4966,v31,m36,2015-10-19,MCI
018_S_4868,v31,m36,2015-08-17,MCI
018_S_4889,v31,m36,2015-09-08,MCI
041_S_5141,v21,m24,2015-10-14,CN
021_S_2100,v41,m60,2015-10-19,MCI
021_S_2077,v41,m60,2015-10-05,MCI
037_S_4214,v41,m48,2015-10-29,CN
002_S_4213,v41,m48,2015-09-24,CN
127_S_4197,v41,m48,2015-10-20,MCI
127_S_5200,v21,m24,2015-10-20,CN
032_S_2119,v41,m60,2015-11-06,MCI
003_S_4900,v31,m36,2015-10-30,CN
011_S_0008,v41,m120,2015-11-10,MCI
011_S_0021,v41,m120,2015-11-10,CN
011_S_4278,v41,m48,2015-11-10,CN
098_S_2052,v41,m60,2015-11-10,MCI
099_S_4205,v41,m48,2015-11-11,MCI
002_S_4262,v41,m48,2015-10-08,MCI
126_S_0680,v31,m108,2015-11-19,MCI
135_S_4309,v41,m48,2015-11-10,MCI
027_S_4919,v31,m36,2015-11-12,MCI
007_S_5265,v21,m24,2015-11-10,CN
099_S_2146,v41,m60,2015-10-27,CN
127_S_4624,v31,m36,2015-10-27,MCI
024_S_2239,v41,m60,2015-11-20,MCI
032_S_5289,v21,m24,2015-11-20,CN
067_S_4310,v41,m48,2015-11-23,CN
007_S_4272,v41,m48,2015-11-10,MCI
041_S_4143,v41,m48,2015-11-30,MCI
041_S_4874,v31,m36,2015-11-30,MCI
041_S_0679,v41,m108,2015-11-30,MCI
041_S_5253,v21,m24,2015-11-30,CN
041_S_5244,v21,m24,2015-11-30,CN
094_S_4858,v31,m36,2015-11-30,MCI
128_S_2123,v41,m60,2015-11-30,MCI
029_S_2376,v31,m48,2015-11-19,MCI
029_S_5219,v21,m24,2015-11-19,CN
003_S_5209,v21,m24,2018-11-15,CN
021_S_4276,v41,m48,2015-10-14,CN
041_S_4876,v31,m36,2015-11-30,MCI
041_S_1418,v41,m96,2015-11-30,MCI
057_S_5292,v21,m24,2015-12-03,CN
003_S_0908,v41,m108,2015-12-02,MCI
003_S_4081,v41,m48,2015-10-02,CN
002_S_5230,v21,m24,2015-10-29,CN
037_S_4071,v41,m48,2015-11-25,MCI
135_S_4356,v41,m48,2015-12-08,MCI
007_S_4387,v41,m48,2015-12-08,CN
057_S_5295,v21,m24,2015-12-09,CN
012_S_0637,v41,m108,2015-12-10,CN
012_S_4849,v31,m36,2015-12-10,MCI
012_S_4188,v41,m48,2015-12-10,Dementia
072_S_2072,v41,m60,2015-09-21,MCI
072_S_4941,v31,m36,2015-10-28,MCI
072_S_2116,v41,m60,2015-11-05,MCI
072_S_4063,v41,m48,2015-07-08,MCI
072_S_4390,v41,m48,2015-11-17,MCI
072_S_4613,v41,m48,2015-10-28,MCI
072_S_4871,v31,m36,2015-11-12,MCI
072_S_4522,v41,m48,2015-09-21,MCI
072_S_2037,v41,m60,2015-11-11,MCI
012_S_4128,v41,m48,2015-12-10,MCI
006_S_0731,v41,m108,2015-12-14,CN
006_S_4150,v41,m48,2015-12-14,CN
006_S_4346,v41,m48,2015-12-14,Dementia
006_S_4357,v41,m48,2015-12-14,CN
941_S_4255,v41,m48,2015-11-20,CN
941_S_2060,v41,m60,2015-10-30,MCI
006_S_4679,v31,m36,2015-12-15,MCI
006_S_4960,v31,m36,2015-12-15,CN
002_S_4225,v41,m48,2015-10-20,CN
137_S_4299,v41,m48,2015-11-05,MCI
053_S_5272,v21,m24,2015-09-29,CN
053_S_5287,v21,m24,2015-10-06,CN
002_S_4270,v41,m48,2015-12-01,MCI
053_S_4813,v31,m36,2015-09-10,MCI
053_S_5202,v21,m24,2015-09-28,CN
053_S_2357,v31,m48,2015-06-26,MCI
053_S_4661,v31,m36,2015-07-08,Dementia
127_S_0925,v41,m108,2015-11-17,Dementia
037_S_4302,v41,m48,2015-12-08,MCI
019_S_4367,v41,m48,2015-12-14,CN
137_S_4331,v41,m48,2015-12-10,Dementia
137_S_4351,v41,m48,2015-12-10,CN
127_S_4301,v41,m48,2015-11-17,MCI
003_S_4350,v41,m48,2015-12-15,CN
003_S_2374,v31,m48,2015-12-16,MCI
016_S_4902,v31,m36,2015-12-18,Dementia
016_S_4952,v31,m36,2015-12-10,CN
027_S_1045,v31,m108,2015-12-17,MCI
027_S_4804,v31,m36,2015-12-14,MCI
027_S_2183,v31,m60,2015-12-07,MCI
067_S_2195,v41,m60,2015-12-14,Dementia
126_S_2407,v31,m48,2015-12-21,MCI
021_S_4335,v41,m48,2015-11-09,CN
021_S_2124,v41,m60,2015-11-16,MCI
127_S_2213,v41,m60,2015-12-22,MCI
127_S_1032,v41,m108,2015-12-22,MCI
127_S_4928,v31,m36,2015-12-22,Dementia
021_S_0984,v41,m108,2015-12-04,Dementia
021_S_4419,v41,m48,2015-12-17,CN
021_S_4245,v41,m48,2015-11-12,Dementia
037_S_1078,v41,m108,2015-12-26,Dementia
013_S_5171,v21,m24,2015-09-09,CN
073_S_4986,v31,m36,2016-01-06,MCI
027_S_2245,v31,m60,2016-01-06,MCI
016_S_4951,v31,m36,2015-12-10,CN
018_S_2133,v41,m60,2016-01-11,MCI
018_S_2180,v41,m60,2016-01-11,CN
073_S_4311,v41,m48,2016-01-15,MCI
129_S_4287,v41,m48,2016-01-07,MCI
018_S_4349,v41,m48,2016-01-11,CN
018_S_4399,v41,m48,2016-01-11,CN
036_S_1023,v31,m96,2016-01-07,CN
033_S_0920,v31,m108,2016-01-13,Dementia
033_S_4176,v41,m48,2016-01-04,CN
018_S_4313,v41,m48,2016-01-01,CN
127_S_4148,v41,m48,2016-01-12,CN
073_S_4312,v41,m48,2016-01-15,MCI
052_S_4945,v31,m36,2016-01-18,Dementia
018_S_4400,v41,m48,2016-01-11,CN
100_S_5280,v21,m24,2015-12-08,CN
100_S_5091,v21,m24,2015-07-30,CN
100_S_5075,v21,m24,2015-07-30,CN
067_S_0056,v41,m120,2016-01-20,CN
067_S_0059,v41,m120,2016-01-20,CN
098_S_0896,v41,m108,2016-01-20,MCI
098_S_4275,v41,m48,2016-01-20,MCI
099_S_0051,v41,m120,2016-01-27,Dementia
032_S_5263,v11,m12,2016-01-27,CN
033_S_4179,v41,m48,2016-01-12,CN
126_S_1187,v41,m108,2016-01-29,MCI
127_S_4844,v31,m36,2016-01-12,Dementia
073_S_4393,v41,m48,2016-01-20,CN
041_S_4271,v41,m48,2016-02-01,MCI
126_S_4507,v41,m48,2016-02-01,Dementia
127_S_4198,v41,m48,2016-02-02,CN
041_S_4200,v41,m48,2016-02-01,CN
067_S_2196,v41,m60,2016-02-01,MCI
005_S_0602,v41,m108,2015-12-17,MCI
029_S_0914,v41,m108,2016-01-28,Dementia
029_S_0843,v41,m108,2016-01-28,Dementia
029_S_0824,v41,m108,2016-01-28,CN
029_S_4385,v41,m48,2016-01-28,Dementia
114_S_5047,v31,m36,2016-01-25,MCI
114_S_0416,v41,m120,2016-01-25,CN
128_S_2130,v41,m60,2016-02-08,Dementia
109_S_4380,v41,m48,2016-02-04,MCI
032_S_1169,v41,m108,2016-02-03,MCI
036_S_4430,v41,m48,2016-02-10,Dementia
041_S_4138,v41,m48,2016-02-11,MCI
002_S_1155,v41,m108,2016-01-12,MCI
041_S_4974,v31,m36,2016-02-01,MCI
009_S_5000,v31,m36,2016-02-12,MCI
009_S_4324,v41,m48,2016-02-12,Dementia
007_S_1222,v41,m108,2016-02-11,CN
003_S_4354,v41,m48,2016-02-11,MCI
128_S_2220,v41,m60,2016-02-09,MCI
003_S_0907,v41,m108,2016-02-09,CN
037_S_4410,v41,m48,2016-02-05,CN
037_S_4381,v41,m48,2016-02-05,CN
126_S_4458,v41,m48,2016-02-16,Dementia
033_S_4505,v41,m48,2016-02-17,CN
003_S_1122,v41,m108,2016-02-18,MCI
003_S_4441,v41,m48,2016-02-16,CN
009_S_4359,v41,m48,2016-02-19,MCI
126_S_4514,v41,m48,2016-02-22,MCI
033_S_4508,v41,m48,2016-02-22,CN
094_S_2201,v41,m60,2016-02-24,CN
135_S_4489,v41,m48,2016-02-22,MCI
094_S_2238,v41,m60,2016-02-24,MCI
009_S_4388,v41,m48,2016-02-25,MCI
007_S_4488,v41,m48,2016-02-22,CN
135_S_4446,v41,m48,2016-02-18,MCI
072_S_4465,v31,m36,2015-04-14,MCI
072_S_4465,v41,m48,2016-02-18,MCI
109_S_2200,v41,m60,2015-12-04,MCI
128_S_5066,v31,m36,2016-03-04,MCI
036_S_4491,v41,m48,2016-03-02,CN
032_S_4386,v41,m48,2016-03-07,CN
123_S_0072,v41,m120,2016-03-02,CN
018_S_0142,v41,m120,2016-03-09,Dementia
018_S_2155,v41,m60,2016-01-11,MCI
011_S_2274,v41,m60,2016-02-29,Dementia
073_S_4382,v41,m48,2016-03-09,CN
131_S_0123,v41,m120,2016-03-09,Dementia
073_S_4360,v41,m48,2016-03-09,MCI
114_S_0166,v41,m120,2016-03-08,Dementia
114_S_4404,v41,m48,2016-03-08,MCI
109_S_4499,v41,m48,2016-03-10,CN
067_S_2301,v41,m60,2016-03-03,MCI
072_S_2093,v41,m60,2016-02-15,MCI
072_S_0315,v41,m108,2016-02-22,CN
072_S_4391,v31,m36,2016-02-16,CN
072_S_4226,v41,m48,2016-03-10,MCI
072_S_4206,v41,m48,2016-03-10,MCI
072_S_4539,v41,m48,2016-03-11,MCI
072_S_2164,v41,m60,2016-03-10,MCI
114_S_0173,v41,m120,2016-03-10,MCI
072_S_4394,v41,m48,2016-02-15,MCI
109_S_4455,v41,m48,2016-03-07,MCI
128_S_0205,v41,m120,2016-03-08,CN
021_S_0178,v41,m120,2016-02-29,CN
941_S_1195,v41,m108,2016-03-01,CN
099_S_4463,v41,m48,2016-03-03,MCI
094_S_2216,v41,m60,2016-03-16,Dementia
053_S_4557,v31,m36,2015-04-30,MCI
128_S_0138,v41,m120,2016-03-01,MCI
041_S_4513,v41,m48,2016-03-17,CN
041_S_4989,v31,m36,2016-03-17,MCI
041_S_4427,v41,m48,2016-03-17,CN
109_S_4531,v41,m48,2016-03-21,MCI
141_S_2210,v41,m60,2016-03-12,MCI
067_S_2304,v41,m60,2016-03-18,MCI
141_S_4160,v41,m48,2016-03-17,MCI
041_S_4510,v41,m48,2016-03-21,MCI
141_S_2333,v31,m48,2016-03-18,MCI
006_S_0498,v41,m108,2016-03-22,CN
006_S_4485,v41,m48,2016-03-22,CN
037_S_0150,v51,m120,2016-03-20,MCI
027_S_0256,v06,m84,2013-06-21,Dementia
128_S_0200,v41,m120,2016-03-23,MCI
128_S_4553,v41,m48,2016-03-23,MCI
027_S_2219,v31,m60,2015-12-22,MCI
037_S_4432,v41,m48,2016-03-07,Dementia
037_S_4308,v41,m48,2016-03-20,CN
011_S_4547,v41,m48,2016-03-28,MCI
053_S_5296,v21,m24,2016-01-15,CN
012_S_1212,v41,m108,2016-03-22,CN
072_S_4383,v41,m48,2016-04-05,MCI
135_S_4598,v41,m48,2016-03-22,CN
128_S_0225,v41,m120,2016-04-06,MCI
073_S_2182,v41,m60,2016-04-07,MCI
009_S_4543,v41,m48,2016-03-30,CN
018_S_4597,v41,m48,2016-04-08,Dementia
073_S_2191,v41,m60,2016-04-11,MCI
021_S_0276,v41,m120,2016-04-04,Dementia
007_S_4516,v41,m48,2016-04-11,CN
007_S_4620,v41,m48,2016-04-11,CN
127_S_4843,v31,m36,2016-03-15,CN
137_S_4466,v41,m48,2016-03-14,CN
141_S_1378,v31,m84,2014-07-02,MCI
128_S_0522,v41,m120,2016-04-13,MCI
023_S_0031,v41,m120,2016-04-11,CN
002_S_4473,v41,m48,2016-03-01,MCI
035_S_4582,v31,m36,2015-06-29,MCI
073_S_2225,v41,m60,2016-04-15,MCI
073_S_2264,v41,m60,2016-04-15,MCI
029_S_4384,v41,m48,2016-03-29,CN
029_S_4290,v41,m48,2015-12-03,CN
032_S_2247,v41,m60,2016-04-13,MCI
137_S_4520,v41,m48,2016-04-21,CN
128_S_0229,v41,m120,2016-04-20,MCI
002_S_4521,v41,m48,2016-03-24,Dementia
029_S_2395,v41,m60,2016-04-21,MCI
023_S_0126,v41,m120,2016-04-22,Dementia
023_S_4164,v41,m48,2016-04-21,CN
023_S_4115,v41,m48,2016-04-21,MCI
023_S_4502,v41,m48,2016-04-22,Dementia
012_S_4545,v41,m48,2016-04-22,CN
128_S_4636,v41,m48,2016-04-25,MCI
099_S_4498,v41,m48,2016-04-26,MCI
003_S_1074,v41,m108,2016-03-29,Dementia
019_S_4548,v31,m36,2015-03-19,MCI
032_S_0214,v41,m120,2016-04-28,Dementia
007_S_4611,v41,m48,2016-04-26,MCI
032_S_4429,v41,m48,2016-04-28,CN
023_S_0061,v41,m120,2016-04-29,Dementia
002_S_4654,v41,m48,2016-04-19,MCI
019_S_4548,v41,m48,2016-03-15,MCI
037_S_4015,v51,m60,2016-04-11,Dementia
109_S_4594,v41,m48,2016-05-02,MCI
131_S_0441,v41,m120,2016-05-02,CN
068_S_2316,v31,m48,2015-10-09,Dementia
127_S_0259,v41,m120,2016-04-21,Dementia
023_S_1190,v51,m108,2016-05-05,MCI
023_S_4035,v41,m48,2016-05-05,Dementia
116_S_1232,v41,m108,2016-03-10,CN
128_S_4653,v41,m48,2016-05-13,MCI
098_S_4003,v51,m60,2016-04-19,CN
126_S_4675,v41,m48,2016-05-11,Dementia
137_S_4482,v41,m48,2016-04-20,CN
126_S_4712,v41,m48,2016-05-17,Dementia
128_S_0272,v41,m120,2016-05-18,CN
037_S_0303,v51,m120,2016-05-04,CN
116_S_4483,v41,m48,2016-03-04,CN
116_S_1249,v41,m108,2016-05-05,Dementia
098_S_2079,v41,m60,2015-10-19,MCI
021_S_4659,v41,m48,2016-05-04,Dementia
036_S_4714,v41,m48,2016-05-23,Dementia
127_S_4604,v41,m48,2016-04-21,CN
128_S_4607,v41,m48,2016-05-24,CN
003_S_4644,v41,m48,2016-05-24,CN
024_S_4674,v41,m48,2016-05-26,MCI
137_S_4536,v41,m48,2016-05-10,MCI
135_S_4723,v41,m48,2016-05-10,MCI
027_S_2336,v31,m60,2016-05-06,MCI
135_S_4722,v41,m48,2016-05-10,MCI
137_S_4587,v41,m48,2016-05-05,CN
051_S_5285,v21,m24,2016-05-19,MCI
022_S_5004,v21,m24,2014-11-14,MCI
007_S_4637,v41,m48,2016-05-31,CN
036_S_4538,v41,m48,2016-06-06,MCI
137_S_4623,v41,m48,2016-04-28,Dementia
036_S_4715,v41,m48,2016-06-06,Dementia
126_S_2360,v41,m60,2016-06-03,MCI
029_S_4585,v41,m48,2016-06-08,CN
128_S_0545,v41,m120,2016-06-08,MCI
023_S_4448,v41,m48,2016-05-31,CN
123_S_0113,v31,m108,2016-05-26,CN
123_S_2363,v41,m60,2016-05-19,MCI
123_S_1300,v41,m108,2016-05-30,MCI
094_S_4234,v31,m36,2016-06-17,CN
094_S_4434,v41,m48,2016-06-17,MCI
094_S_2367,v41,m60,2016-06-17,MCI
094_S_4503,v31,m36,2016-06-17,CN
127_S_0112,v41,m120,2016-03-15,Dementia
068_S_0473,v51,m120,2016-04-29,CN
021_S_4744,v41,m48,2016-06-14,MCI
128_S_2002,v41,m72,2016-06-23,MCI
128_S_4571,v41,m48,2016-06-23,MCI
128_S_4742,v41,m48,2016-06-17,MCI
037_S_0377,v41,m120,2016-06-20,MCI
037_S_0467,v51,m120,2016-06-20,Dementia
037_S_4030,v51,m60,2016-06-20,Dementia
123_S_0298,v41,m120,2016-06-27,CN
010_S_4345,v31,m36,2016-06-28,CN
002_S_4746,v41,m48,2016-06-23,MCI
006_S_4713,v41,m48,2016-07-05,CN
012_S_5121,v31,m36,2016-06-30,Dementia
012_S_4643,v41,m48,2016-06-30,CN
013_S_4395,v41,m48,2016-01-19,MCI
126_S_0605,v41,m120,2016-07-06,MCI
941_S_4376,v41,m48,2016-06-28,CN
073_S_4559,v41,m48,2016-07-08,CN
126_S_5214,v31,m36,2016-07-08,MCI
036_S_2378,v41,m60,2016-07-11,CN
126_S_0680,v41,m120,2016-07-13,MCI
067_S_4767,v41,m48,2016-07-15,CN
128_S_4586,v41,m48,2016-07-15,CN
002_S_4799,v41,m48,2016-07-14,MCI
941_S_4292,v41,m48,2016-07-19,CN
051_S_1123,v31,m108,2016-07-15,Dementia
051_S_5294,v21,m24,2016-07-15,CN
022_S_0096,v41,m120,2016-04-06,CN
073_S_0746,v41,m108,2016-07-20,MCI
037_S_0454,v41,m120,2016-07-19,MCI
137_S_4631,v41,m48,2016-06-15,Dementia
016_S_5031,v31,m36,2016-04-04,Dementia
137_S_4632,v41,m48,2016-07-15,CN
116_S_4635,v41,m48,2016-05-16,MCI
035_S_0292,v41,m108,2015-09-01,Dementia
012_S_4094,v51,m60,2016-08-01,Dementia
130_S_5142,v31,m36,2016-07-30,CN
130_S_4817,v41,m48,2016-07-30,MCI
024_S_4169,v51,m60,2016-08-02,MCI
128_S_1408,v41,m108,2016-08-02,MCI
128_S_4832,v41,m48,2016-08-02,CN
128_S_4842,v41,m48,2016-08-02,CN
007_S_2394,v41,m60,2016-08-02,MCI
941_S_4036,v51,m60,2016-06-27,MCI
036_S_5271,v31,m36,2016-08-03,CN
032_S_0677,v51,m120,2016-08-05,CN
021_S_4857,v41,m48,2016-08-02,Dementia
037_S_4706,v41,m48,2016-06-07,CN
126_S_4891,v41,m48,2016-08-08,MCI
070_S_4856,v31,m36,2015-09-15,CN
070_S_5040,v31,m36,2016-03-18,CN
033_S_0741,v51,m120,2016-08-10,MCI
127_S_4624,v41,m48,2016-07-19,MCI
053_S_5202,v31,m36,2016-08-16,CN
053_S_4813,v41,m48,2016-08-16,MCI
053_S_4578,v41,m48,2016-04-15,CN
053_S_0919,v31,m108,2016-01-12,MCI
053_S_2357,v41,m60,2016-08-16,MCI
127_S_4765,v41,m48,2016-08-03,Dementia
035_S_0555,v41,m108,2016-08-02,Dementia
127_S_2234,v41,m60,2016-07-05,CN
053_S_4557,v41,m48,2016-04-15,MCI
035_S_2061,v41,m60,2016-08-02,MCI
035_S_4464,v41,m48,2016-08-02,CN
035_S_0156,v31,m108,2016-08-17,MCI
036_S_5283,v31,m36,2016-08-22,CN
035_S_0156,v41,m120,2016-08-17,MCI
035_S_4414,v41,m48,2016-08-17,Dementia
073_S_4552,v41,m48,2016-08-24,CN
057_S_4888,v41,m48,2016-08-10,Dementia
035_S_4114,v51,m60,2016-08-02,MCI
135_S_5273,v31,m36,2016-08-25,MCI
035_S_4582,v41,m48,2016-08-18,Dementia
131_S_0384,v41,m120,2016-05-04,CN
073_S_4443,v41,m48,2016-08-11,MCI
012_S_4987,v31,m36,2016-09-08,MCI
116_S_4453,v41,m48,2016-03-30,CN
126_S_4896,v41,m48,2016-09-07,MCI
005_S_0610,v51,m120,2016-09-09,CN
005_S_0602,v51,m120,2016-09-09,MCI
005_S_4168,v51,m60,2016-09-09,CN
022_S_2263,v41,m60,2016-02-11,CN
022_S_2167,v31,m48,2014-12-19,MCI
068_S_0127,v51,m120,2016-04-24,MCI
022_S_4173,v41,m48,2016-06-06,CN
022_S_4266,v41,m48,2015-11-15,CN
002_S_2073,v51,m72,2016-09-27,CN
123_S_4127,v51,m60,2016-09-28,MCI
068_S_0210,v31,m108,2015-09-11,MCI
068_S_0802,v41,m108,2015-09-02,MCI
067_S_4072,v51,m60,2016-07-28,CN
067_S_4782,v41,m48,2016-08-05,MCI
068_S_2168,v41,m60,2015-09-02,MCI
068_S_2187,v41,m60,2016-05-18,CN
068_S_4061,v41,m48,2015-09-02,MCI
068_S_4067,v41,m48,2015-09-02,MCI
019_S_4835,v41,m48,2016-07-15,CN
011_S_4893,v41,m48,2016-10-03,Dementia
011_S_0002,v51,m132,2016-10-03,MCI
073_S_4614,v41,m48,2016-10-03,MCI
127_S_1427,v51,m108,2016-09-13,Dementia
126_S_2405,v41,m60,2016-10-03,MCI
009_S_4741,v41,m48,2016-09-30,Dementia
068_S_4431,v41,m48,2016-07-06,MCI
018_S_4809,v41,m48,2016-10-05,MCI
018_S_4868,v41,m48,2016-10-05,MCI
018_S_4889,v41,m48,2016-10-05,MCI
127_S_4928,v41,m48,2016-09-27,Dementia
099_S_2146,v51,m72,2016-10-07,CN
127_S_4197,v51,m60,2016-10-07,MCI
016_S_0359,v51,m120,2016-07-21,CN
127_S_4645,v41,m48,2016-10-07,CN
135_S_4281,v51,m60,2016-10-18,MCI
033_S_0920,v41,m120,2016-10-19,Dementia
137_S_0668,v51,m120,2016-09-15,CN
011_S_4235,v51,m60,2016-10-21,MCI
002_S_4262,v51,m60,2016-10-20,Dementia
002_S_4229,v51,m60,2016-10-25,MCI
005_S_4185,v51,m60,2016-10-27,MCI
127_S_0684,v51,m120,2016-09-13,CN
116_S_4092,v51,m60,2016-10-18,MCI
068_S_2315,v41,m60,2016-11-04,MCI
033_S_1016,v51,m120,2016-11-04,CN
127_S_4210,v51,m60,2016-10-07,MCI
036_S_2380,v41,m60,2016-11-09,MCI
005_S_0553,v51,m120,2016-08-15,CN
005_S_2390,v41,m60,2016-08-15,MCI
072_S_4063,v51,m60,2016-02-17,MCI
094_S_4162,v51,m60,2016-11-28,Dementia
094_S_4630,v41,m48,2016-11-28,MCI
094_S_4649,v31,m36,2016-11-28,CN
073_S_4777,v41,m48,2016-11-28,Dementia
126_S_2407,v41,m60,2016-11-29,MCI
135_S_4309,v51,m60,2016-11-29,MCI
123_S_0106,v41,m120,2016-03-05,Dementia
127_S_4301,v51,m60,2016-12-06,MCI
099_S_4205,v51,m60,2016-12-08,MCI
135_S_4356,v51,m60,2016-12-12,MCI
098_S_0896,v51,m120,2016-11-16,MCI
033_S_1098,v51,m120,2016-12-06,Dementia
129_S_4422,v41,m48,2016-01-28,CN
036_S_1023,v41,m108,2017-01-10,CN
137_S_4815,v41,m48,2016-11-19,Dementia
127_S_0925,v51,m120,2017-01-24,Dementia
127_S_1032,v51,m120,2017-01-24,Dementia
031_S_4476,v31,m36,2017-01-26,MCI
032_S_5263,v21,m24,2017-01-26,MCI
127_S_2234,v51,m72,2017-01-24,CN
100_S_0296,v41,m120,2017-01-27,MCI
031_S_4005,v41,m48,2017-01-30,MCI
100_S_1286,v41,m108,2017-01-30,CN
100_S_4556,v31,m36,2015-07-30,CN
014_S_4401,v41,m48,2017-02-02,CN
014_S_2308,v41,m60,2017-02-02,MCI
100_S_4556,v41,m48,2017-02-02,CN
137_S_4816,v41,m48,2016-09-29,Dementia
031_S_2022,v31,m48,2017-02-07,CN
035_S_2061,v51,m72,2017-02-08,MCI
035_S_0555,v51,m120,2017-01-18,MCI
068_S_0210,v41,m120,2016-11-04,CN
068_S_4061,v51,m60,2016-11-23,MCI
006_S_4960,v41,m48,2017-02-28,CN
003_S_4872,v41,m48,2016-09-09,CN
003_S_4119,v41,m48,2016-08-23,CN
037_S_4071,v51,m60,2017-03-02,MCI
100_S_4512,v31,m36,2015-07-30,MCI
100_S_4512,v41,m48,2017-04-08,MCI
137_S_4862,v31,m36,2016-08-31,MCI
129_S_4287,v51,m60,2017-02-14,MCI
036_S_2380,v51,m72,2017-05-05,MCI
022_S_4320,v41,m48,2016-06-06,CN
022_S_4444,v41,m48,2016-06-06,CN
022_S_2087,v31,m60,2016-06-06,Dementia
022_S_2379,v41,m60,2016-06-20,MCI
022_S_5004,v31,m36,2016-06-06,MCI
068_S_2184,v41,m60,2016-11-16,MCI
022_S_4291,v41,m48,2016-06-06,CN
126_S_2360,v51,m72,2017-06-08,MCI
094_S_4858,v41,m48,2017-06-20,MCI
137_S_0800,v51,m120,2017-06-09,MCI
057_S_5199,v41,m48,2017-06-28,CN
057_S_4888,v51,m60,2017-08-24,Dementia
126_S_2405,v51,m72,2017-10-16,MCI
127_S_2213,v51,m72,2017-11-21,Dementia
009_S_0842,v41,m108,2018-04-26,CN
114_S_2392,v41,m60,2017-03-01,MCI
100_S_0069,v41,m120,2016-07-19,CN
100_S_5102,v21,m24,2015-06-10,CN
100_S_5096,v21,m24,2015-06-11,MCI
098_S_2079,v51,m72,2018-08-21,MCI
116_S_4167,v51,m60,2018-07-11,Dementia
082_S_5282,v21,m24,2015-11-25,CN
116_S_4199,v51,m60,2018-07-11,MCI
116_S_4855,v41,m48,2018-10-30,MCI
130_S_4343,v41,m48,2019-03-22,CN
003_S_5154,v21,m24,2015-07-10,CN
003_S_4081,v51,m60,2018-11-15,CN
003_S_0908,v51,m120,2016-10-12,MCI
003_S_2374,v41,m60,2018-11-16,MCI
003_S_5130,v31,m36,2018-11-16,CN
082_S_4428,v41,m48,2015-11-30,CN
082_S_0363,v06,m72,2012-04-16,MCI
003_S_5154,v31,m36,2016-09-01,CN
130_S_4405,v41,m48,2016-02-05,MCI
130_S_4352,v41,m48,2019-02-22,CN
130_S_4294,v41,m48,2019-02-22,MCI
137_S_0686,v51,m120,2016-08-31,CN
130_S_2373,v41,m60,2016-07-29,Dementia
130_S_4417,v41,m48,2019-02-25,MCI
130_S_4542,v41,m48,2019-02-25,Dementia
130_S_0969,v41,m108,2019-02-25,CN
130_S_4415,v41,m48,2019-02-25,Dementia
052_S_1352,v41,m108,2016-03-23,MCI
130_S_2391,v31,m48,2019-02-27,MCI
052_S_4944,v31,m36,2016-05-02,MCI
052_S_4626,v41,m48,2016-04-21,MCI
052_S_2249,v31,m60,2016-02-02,MCI
022_S_2167,v41,m60,2015-12-23,MCI
041_S_4004,v51,m60,2019-02-27,CN
052_S_4885,v41,m48,2016-11-18,Dementia
013_S_5137,v31,m36,2016-07-20,CN
003_S_0981,v31,m96,2015-12-01,CN
053_S_0919,v41,m120,2016-11-10,MCI
053_S_2396,v41,m60,2016-09-09,MCI
053_S_4557,v51,m60,2017-03-22,MCI
082_S_1256,v31,m84,2014-05-12,CN
130_S_2391,v41,m60,2019-04-15,Dementia
027_S_2183,init,m72,2017-01-13,MCI
027_S_2219,init,m72,2017-01-24,MCI
027_S_2245,init,m72,2017-01-04,MCI
027_S_4804,init,m54,2016-12-21,MCI
027_S_4869,init,m54,2017-01-20,MCI
027_S_4873,init,m54,2016-12-02,Dementia
027_S_4919,init,m48,2016-12-02,MCI
027_S_6001,bl,bl,2017-01-19,CN
027_S_6001,sc,sc,2016-12-13,CN
027_S_6002,bl,bl,2017-02-02,MCI
027_S_6002,sc,sc,2017-01-03,MCI
027_S_0074,init,m132,2017-01-17,CN
037_S_1078,init,m120,2017-03-01,Dementia
002_S_1261,init,m120,2017-03-14,MCI
002_S_1280,init,m120,2017-03-02,CN
037_S_4214,init,m66,2017-03-01,CN
037_S_4302,init,m60,2017-02-04,MCI
002_S_4473,init,m60,2017-03-07,MCI
016_S_4951,init,m48,2017-02-14,CN
016_S_4952,init,m48,2017-02-21,CN
027_S_5083,init,m48,2017-02-22,CN
024_S_6005,sc,sc,2017-02-28,CN
002_S_6006,sc,sc,2017-03-16,Dementia
129_S_4422,init,m60,2017-03-21,MCI
002_S_6007,sc,sc,2017-03-23,CN
027_S_4926,init,m54,2017-02-20,MCI
027_S_5093,init,m48,2017-03-09,CN
141_S_6008,sc,sc,2017-03-23,CN
022_S_0096,init,m132,2017-03-27,CN
022_S_5004,init,m54,2017-03-27,MCI
002_S_6009,sc,sc,2017-03-30,CN
024_S_2239,init,m78,2017-04-03,MCI
021_S_4254,init,m66,2017-03-29,CN
037_S_0377,init,m132,2017-04-07,MCI
021_S_4276,init,m66,2017-04-07,CN
037_S_4410,init,m60,2017-04-07,CN
002_S_6007,bl,bl,2017-04-11,CN
022_S_6013,sc,sc,2017-04-18,Dementia
002_S_1155,init,m126,2017-04-20,MCI
022_S_2263,init,m72,2017-05-01,CN
037_S_0303,init,m132,2017-04-12,CN
002_S_4654,init,m60,2017-05-02,MCI
130_S_4817,init,m60,2017-04-18,MCI
024_S_6005,bl,bl,2017-05-03,CN
002_S_6011,sc,sc,2017-04-25,CN
002_S_6012,sc,sc,2017-04-27,CN
141_S_6015,sc,sc,2017-04-28,CN
941_S_6017,sc,sc,2017-05-04,MCI
027_S_0120,init,m132,2017-03-29,CN
099_S_6016,sc,sc,2017-05-04,CN
037_S_4071,init,m66,2017-05-05,MCI
027_S_5109,init,m48,2017-04-05,CN
027_S_5079,init,m48,2017-04-28,CN
037_S_5222,init,m42,2017-05-08,CN
130_S_6019,sc,sc,2017-05-17,CN
130_S_6023,sc,sc,2017-05-19,CN
037_S_5126,init,m48,2017-05-08,CN
129_S_2332,init,m72,2017-05-22,CN
099_S_6025,sc,sc,2017-05-22,CN
002_S_6021,sc,sc,2017-05-23,CN
130_S_6027,sc,sc,2017-05-23,CN
130_S_6028,sc,sc,2017-05-23,CN
019_S_4367,init,m66,2017-05-25,CN
002_S_4799,init,m60,2017-05-18,CN
021_S_0178,init,m132,2017-04-20,CN
021_S_4419,init,m66,2017-04-15,CN
021_S_0626,init,m126,2017-03-28,Dementia
141_S_6008,bl,bl,2017-05-26,CN
141_S_1052,init,m126,2017-05-30,MCI
141_S_1378,init,m120,2017-06-02,MCI
032_S_5289,init,m42,2017-05-31,CN
141_S_6015,bl,bl,2017-05-26,CN
021_S_0159,init,m132,2017-05-09,CN
021_S_4335,init,m66,2017-05-30,CN
002_S_5178,init,m48,2017-05-30,CN
002_S_6009,bl,bl,2017-05-16,CN
022_S_6013,bl,bl,2017-06-05,Dementia
941_S_6017,bl,bl,2017-06-01,MCI
027_S_5169,init,m48,2017-05-25,CN
002_S_6030,sc,sc,2017-06-08,CN
037_S_6032,sc,sc,2017-06-09,CN
130_S_6037,sc,sc,2017-06-12,CN
141_S_0767,init,m126,2017-05-26,CN
129_S_4369,init,m66,2017-06-13,CN
041_S_4051,init,m72,2017-06-08,CN
027_S_5197,init,m48,2017-06-05,CN
099_S_6038,sc,sc,2017-06-13,CN
019_S_4293,init,m66,2017-06-16,Dementia
021_S_4659,init,m60,2017-06-09,Dementia
024_S_6033,sc,sc,2017-06-19,MCI
027_S_6034,sc,sc,2017-06-02,MCI
002_S_0413,init,m132,2017-06-15,CN
021_S_0337,init,m132,2017-06-19,CN
141_S_6041,sc,sc,2017-06-22,MCI
067_S_4767,init,m60,2017-06-21,CN
021_S_5177,init,m48,2017-06-23,CN
941_S_5193,init,m48,2017-06-09,CN
037_S_6031,sc,sc,2017-06-15,CN
941_S_6044,sc,sc,2017-06-26,CN
041_S_5141,init,m48,2017-06-26,CN
041_S_0679,init,m132,2017-06-26,CN
002_S_6040,sc,sc,2017-07-06,MCI
135_S_5113,init,m48,2017-07-05,CN
037_S_6046,sc,sc,2017-07-07,CN
024_S_6033,bl,bl,2017-07-10,MCI
009_S_4324,init,m66,2017-07-10,Dementia
027_S_5170,init,m48,2017-06-21,CN
141_S_6042,sc,sc,2017-07-12,CN
032_S_2119,init,m78,2017-07-13,MCI
141_S_4160,init,m66,2017-06-22,MCI
941_S_4187,init,m72,2017-06-05,CN
019_S_4548,init,m66,2017-07-14,MCI
941_S_6052,sc,sc,2017-07-11,MCI
003_S_6036,sc,sc,2017-07-14,CN
941_S_6044,bl,bl,2017-07-12,CN
941_S_6054,sc,sc,2017-07-17,CN
009_S_0751,init,m132,2017-07-12,CN
067_S_6045,sc,sc,2017-07-19,CN
002_S_6053,sc,sc,2017-07-18,CN
041_S_4037,init,m72,2017-07-13,CN
041_S_5100,init,m54,2017-07-13,CN
130_S_6047,sc,sc,2017-06-28,MCI
009_S_4388,init,m66,2017-07-19,CN
114_S_0416,init,m132,2017-07-10,Dementia
027_S_5118,init,m54,2017-07-18,CN
027_S_6034,bl,bl,2017-07-27,MCI
114_S_2392,init,m72,2017-07-25,MCI
135_S_4446,init,m66,2017-06-13,MCI
135_S_4489,init,m66,2017-06-06,MCI
009_S_4612,init,m66,2017-07-26,CN
135_S_4722,init,m60,2017-06-20,MCI
135_S_4723,init,m60,2017-06-20,MCI
141_S_6048,sc,sc,2017-07-31,CN
941_S_6052,bl,bl,2017-07-28,MCI
941_S_6058,sc,sc,2017-07-31,CN
002_S_6030,bl,bl,2017-07-25,CN
024_S_4674,init,m60,2017-08-03,MCI
021_S_4744,init,m60,2017-07-13,MCI
021_S_5194,init,m48,2017-07-17,CN
168_S_6051,sc,sc,2017-07-26,CN
019_S_4835,init,m60,2017-08-04,CN
301_S_6056,sc,sc,2017-07-24,MCI
137_S_6060,sc,sc,2017-08-02,CN
032_S_0677,init,m132,2017-08-03,CN
022_S_2379,init,m72,2017-08-07,CN
114_S_6039,sc,sc,2017-06-14,Dementia
141_S_6061,sc,sc,2017-08-08,CN
002_S_5230,init,m48,2017-08-03,CN
130_S_6037,bl,bl,2017-07-28,CN
130_S_6043,sc,sc,2017-06-22,CN
941_S_4292,init,m66,2017-08-10,CN
007_S_4387,init,m72,2017-10-24,CN
168_S_6051,bl,bl,2017-10-25,CN
130_S_6043,bl,bl,2017-08-14,CN
021_S_5236,init,m48,2017-07-27,CN
014_S_2308,init,m78,2017-08-15,MCI
014_S_4576,init,m66,2017-08-15,CN
007_S_2394,init,m72,2017-08-15,MCI
002_S_4213,init,m72,2017-08-10,CN
099_S_6016,bl,bl,2017-08-16,CN
005_S_6093,sc,sc,2017-10-25,CN
941_S_6054,bl,bl,2017-08-15,CN
941_S_6068,sc,sc,2017-08-16,MCI
068_S_0802,init,m132,2017-08-03,MCI
068_S_2187,init,m78,2017-08-03,MCI
067_S_2301,init,m78,2017-08-17,CN
021_S_5237,init,m48,2017-08-08,MCI
067_S_6045,bl,bl,2017-08-17,CN
037_S_4308,init,m66,2017-08-16,CN
135_S_4598,init,m66,2017-07-24,CN
037_S_6031,bl,bl,2017-08-10,CN
002_S_6066,sc,sc,2017-08-15,CN
002_S_6070,sc,sc,2017-08-17,CN
130_S_6072,sc,sc,2017-08-22,Dementia
114_S_6057,sc,sc,2017-08-11,CN
114_S_6063,sc,sc,2017-08-21,CN
022_S_6069,sc,sc,2017-08-21,CN
941_S_4365,init,m66,2017-08-28,MCI
141_S_6041,bl,bl,2017-08-16,MCI
002_S_6053,bl,bl,2017-08-24,CN
941_S_6068,bl,bl,2017-08-31,MCI
011_S_4547,init,m66,2017-08-23,Dementia
130_S_6105,sc,sc,2017-10-23,CN
130_S_6072,bl,bl,2017-09-05,Dementia
024_S_4084,init,m72,2017-09-07,CN
067_S_4782,init,m60,2017-09-06,MCI
011_S_4827,init,m60,2017-09-01,Dementia
014_S_2185,init,m78,2017-09-06,MCI
014_S_4401,init,m66,2017-09-06,CN
022_S_6069,bl,bl,2017-09-11,CN
041_S_4060,init,m72,2017-09-12,CN
041_S_4138,init,m72,2017-09-06,Dementia
041_S_4143,init,m72,2017-07-13,Dementia
041_S_4874,init,m60,2017-09-06,CN
041_S_4876,init,m60,2017-06-30,MCI
041_S_5078,init,m54,2017-09-06,CN
041_S_5253,init,m48,2017-09-12,CN
002_S_6066,bl,bl,2017-09-07,CN
018_S_4399,init,m66,2017-09-18,CN
018_S_4868,init,m60,2017-09-18,MCI
007_S_4488,init,m66,2017-09-12,CN
012_S_6073,sc,sc,2017-09-19,MCI
014_S_6076,sc,sc,2017-09-14,CN
141_S_6075,sc,sc,2017-11-10,MCI
006_S_0731,init,m132,2017-09-21,CN
035_S_2061,init,m84,2017-09-21,MCI
006_S_4485,init,m66,2017-09-21,CN
099_S_6025,bl,bl,2017-09-21,CN
941_S_6058,bl,bl,2017-08-16,CN
024_S_4169,init,m72,2017-09-22,MCI
007_S_5265,init,m48,2017-09-18,CN
027_S_5277,init,m48,2017-08-15,MCI
135_S_4356,init,m72,2017-09-18,MCI
068_S_0127,init,m138,2017-09-26,MCI
141_S_6061,bl,bl,2017-09-26,CN
130_S_6019,bl,bl,2017-09-27,CN
037_S_6032,bl,bl,2017-08-25,CN
129_S_6082,sc,sc,2017-09-26,CN
127_S_5185,init,m48,2017-09-12,CN
130_S_6035,sc,sc,2017-06-06,CN
941_S_6080,sc,sc,2017-09-25,CN
130_S_4417,init,m66,2017-08-11,MCI
003_S_6067,sc,sc,2017-08-24,CN
116_S_6074,sc,sc,2017-09-11,CN
067_S_6078,sc,sc,2017-09-29,CN
002_S_4229,init,m72,2017-09-14,MCI
007_S_0698,init,m132,2017-09-28,Dementia
067_S_2196,init,m84,2017-10-04,MCI
037_S_0454,init,m132,2017-09-27,MCI
037_S_0467,init,m138,2017-09-19,MCI
009_S_5176,init,m54,2017-09-27,CN
168_S_6059,sc,sc,2017-10-03,CN
168_S_6062,sc,sc,2017-09-27,CN
168_S_6064,sc,sc,2017-09-26,CN
168_S_6065,sc,sc,2017-09-27,CN
037_S_6083,sc,sc,2017-10-05,MCI
036_S_6088,sc,sc,2017-10-05,CN
127_S_4148,init,m72,2017-08-29,CN
014_S_6087,sc,sc,2017-10-04,MCI
129_S_6089,sc,sc,2017-10-11,CN
129_S_6090,sc,sc,2017-10-11,CN
036_S_4715,init,m66,2017-10-12,Dementia
094_S_2201,init,m78,2017-10-13,CN
035_S_4114,init,m72,2017-10-11,MCI
168_S_6049,sc,sc,2017-10-13,CN
941_S_6080,bl,bl,2017-10-16,CN
168_S_6085,sc,sc,2017-10-13,CN
941_S_6094,sc,sc,2017-10-13,CN
099_S_4076,init,m78,2017-10-12,CN
007_S_4637,init,m66,2017-10-11,CN
019_S_6095,sc,sc,2017-10-16,MCI
018_S_2155,init,m84,2017-10-18,MCI
018_S_4400,init,m66,2017-10-18,CN
127_S_5132,init,m48,2017-08-29,CN
024_S_5290,init,m48,2017-10-18,CN
036_S_6099,sc,sc,2017-10-18,MCI
123_S_0298,init,m138,2017-10-19,CN
123_S_4170,init,m72,2017-10-19,MCI
116_S_6100,sc,sc,2017-10-18,Dementia
033_S_0734,init,m132,2017-10-13,CN
020_S_5203,init,m54,2017-10-19,CN
168_S_6086,sc,sc,2017-10-20,CN
127_S_5266,init,m48,2017-09-12,CN
005_S_6084,sc,sc,2017-10-25,CN
003_S_6091,sc,sc,2017-10-18,CN
068_S_4340,init,m66,2017-08-03,CN
141_S_6075,bl,bl,2017-10-23,MCI
094_S_6096,sc,sc,2017-10-25,Dementia
002_S_6103,sc,sc,2017-10-24,CN
068_S_2184,init,m84,2017-10-25,CN
068_S_2315,init,m78,2017-10-25,CN
068_S_4061,init,m78,2017-10-25,CN
068_S_4067,init,m72,2017-10-25,MCI
068_S_4332,init,m66,2017-08-03,CN
035_S_4414,init,m66,2017-10-26,Dementia
068_S_4424,init,m66,2017-10-25,CN
068_S_4431,init,m66,2017-10-25,MCI
068_S_0473,init,m138,2017-10-25,CN
114_S_5047,init,m54,2017-10-12,MCI
135_S_6110,sc,sc,2017-10-30,MCI
123_S_0072,init,m144,2017-10-31,CN
941_S_4100,init,m72,2017-10-26,MCI
027_S_5288,init,m48,2017-09-11,CN
014_S_6076,bl,bl,2017-10-31,CN
036_S_4538,init,m66,2017-11-02,MCI
099_S_6077,sc,sc,2017-10-25,CN
135_S_6104,sc,sc,2017-10-25,CN
127_S_0684,init,m132,2017-09-12,CN
011_S_0002,init,m144,2017-11-01,MCI
941_S_6094,bl,bl,2017-11-03,CN
130_S_6047,bl,bl,2017-10-03,MCI
130_S_6111,sc,sc,2017-10-26,CN
130_S_6114,sc,sc,2017-10-30,CN
130_S_2373,init,m72,2017-09-29,Dementia
130_S_2403,init,m66,2017-10-03,Dementia
130_S_4343,init,m66,2017-10-18,CN
130_S_4352,init,m66,2017-09-29,CN
130_S_4405,init,m66,2017-10-03,MCI
116_S_6119,sc,sc,2017-11-06,CN
130_S_0969,init,m126,2017-10-03,CN
130_S_4415,init,m66,2017-10-03,Dementia
130_S_4883,init,m60,2017-10-03,CN
130_S_5175,init,m48,2017-09-29,CN
130_S_5258,init,m48,2017-10-03,CN
099_S_6038,bl,bl,2017-11-08,CN
123_S_6118,sc,sc,2017-11-07,CN
023_S_2068,init,m84,2017-10-20,MCI
130_S_6035,bl,bl,2017-10-13,CN
099_S_6097,sc,sc,2017-11-08,CN
127_S_5200,init,m48,2017-08-29,CN
023_S_1190,init,m132,2017-10-27,Dementia
035_S_0156,init,m138,2017-11-08,MCI
127_S_4210,init,m72,2017-10-10,MCI
007_S_6120,sc,sc,2017-11-07,CN
036_S_4430,init,m66,2017-11-09,Dementia
099_S_4086,init,m78,2017-11-15,CN
036_S_4389,init,m72,2017-11-14,CN
100_S_4556,init,m66,2017-11-07,CN
011_S_4893,init,m60,2017-11-15,Dementia
023_S_4502,init,m66,2017-11-16,Dementia
032_S_6055,sc,sc,2018-08-09,MCI
135_S_6104,bl,bl,2017-11-14,CN
099_S_2146,init,m84,2017-10-24,CN
032_S_4277,init,m66,2017-08-24,CN
114_S_4404,init,m66,2017-11-15,Dementia
114_S_6039,bl,bl,2017-11-15,Dementia
002_S_6103,bl,bl,2017-11-21,CN
037_S_6115,sc,sc,2017-11-15,CN
168_S_6098,sc,sc,2017-11-17,CN
037_S_6125,sc,sc,2017-11-15,MCI
094_S_6122,sc,sc,2017-11-27,CN
011_S_6130,sc,sc,2017-11-22,CN
116_S_6133,sc,sc,2017-11-27,CN
041_S_6136,sc,sc,2017-11-28,CN
141_S_6116,sc,sc,2017-11-27,CN
020_S_6140,sc,sc,2017-11-29,CN
137_S_4351,init,m72,2017-11-29,MCI
137_S_4482,init,m66,2017-11-29,CN
137_S_4520,init,m66,2017-11-29,CN
137_S_4536,init,m66,2017-11-29,MCI
033_S_5198,init,m54,2017-11-21,CN
137_S_6106,sc,sc,2017-11-29,CN
116_S_6129,sc,sc,2017-11-16,CN
037_S_4028,init,m78,2017-11-17,CN
037_S_4030,init,m78,2017-10-23,Dementia
037_S_6083,bl,bl,2017-11-29,MCI
135_S_6110,bl,bl,2017-11-27,MCI
003_S_6092,sc,sc,2017-12-01,CN
130_S_6105,bl,bl,2017-12-01,CN
067_S_6117,sc,sc,2017-11-03,CN
098_S_4003,init,m78,2017-12-07,CN
023_S_4448,init,m72,2017-12-04,CN
127_S_4765,init,m60,2017-08-29,Dementia
168_S_6107,sc,sc,2017-12-07,CN
168_S_6108,sc,sc,2017-12-07,CN
036_S_6134,sc,sc,2017-11-27,MCI
131_S_6143,sc,sc,2017-12-06,MCI
037_S_6144,sc,sc,2017-12-06,CN
129_S_6146,sc,sc,2017-12-06,CN
127_S_5228,init,m48,2017-11-14,CN
018_S_2180,init,m84,2017-12-12,MCI
018_S_4313,init,m72,2017-12-11,CN
018_S_4889,init,m66,2017-12-11,MCI
036_S_6088,bl,bl,2017-11-30,CN
100_S_4469,init,m66,2017-12-01,CN
009_S_6149,sc,sc,2017-12-11,CN
099_S_6097,bl,bl,2017-12-13,CN
141_S_6116,bl,bl,2017-12-13,CN
137_S_6135,sc,sc,2017-12-05,CN
098_S_6155,sc,sc,2017-12-12,MCI
035_S_6156,sc,sc,2017-12-13,CN
168_S_6059,bl,bl,2017-12-07,CN
168_S_6062,bl,bl,2017-12-07,CN
011_S_4105,init,m72,2017-12-18,CN
127_S_4604,init,m66,2017-09-12,CN
002_S_6139,sc,sc,2017-12-05,MCI
127_S_4301,init,m72,2017-11-21,MCI
007_S_4620,init,m66,2017-12-05,CN
014_S_6145,sc,sc,2017-12-06,CN
127_S_0259,init,m138,2017-11-14,Dementia
033_S_1016,init,m132,2017-12-05,CN
033_S_1098,init,m132,2017-12-01,Dementia
129_S_4396,init,m72,2017-12-20,CN
003_S_4900,init,m60,2017-12-20,CN
027_S_4919,y1,m60,2017-12-14,MCI
033_S_5259,init,m54,2017-11-27,CN
168_S_6121,sc,sc,2017-12-20,CN
168_S_6128,sc,sc,2017-12-20,CN
168_S_6142,sc,sc,2017-12-20,Dementia
168_S_6151,sc,sc,2017-12-20,CN
041_S_6159,sc,sc,2017-12-15,CN
035_S_6160,sc,sc,2017-12-20,CN
023_S_4164,init,m72,2017-12-18,CN
003_S_5130,init,m54,2017-12-20,CN
168_S_6085,bl,bl,2017-12-07,CN
141_S_2333,init,m78,2017-12-21,MCI
037_S_6141,sc,sc,2017-12-21,MCI
094_S_6152,sc,sc,2018-01-02,CN
007_S_1222,init,m132,2018-01-03,CN
027_S_2183,y1,m84,2017-12-27,MCI
011_S_4278,init,m72,2017-12-18,CN
035_S_4464,init,m72,2018-01-03,CN
116_S_6100,bl,bl,2018-01-02,Dementia
014_S_6109,sc,sc,2017-10-26,CN
123_S_6118,bl,bl,2018-01-03,CN
014_S_6148,sc,sc,2017-12-07,CN
130_S_6161,sc,sc,2017-12-21,CN
035_S_4785,init,m54,2018-01-04,CN
036_S_6134,bl,bl,2018-01-09,MCI
130_S_6137,sc,sc,2017-11-28,CN
005_S_0610,init,m132,2017-09-14,CN
005_S_4168,init,m72,2017-10-11,CN
033_S_4176,init,m78,2018-01-10,CN
082_S_4428,init,m72,2017-12-18,CN
301_S_6056,bl,bl,2019-04-04,MCI
005_S_6084,bl,bl,2017-11-13,CN
141_S_6150,sc,sc,2018-01-11,CN
100_S_6164,sc,sc,2018-01-10,CN
141_S_6171,sc,sc,2018-01-11,CN
005_S_0602,init,m138,2017-11-16,MCI
005_S_4185,init,m72,2017-10-11,MCI
141_S_6172,sc,sc,2018-01-15,CN
036_S_6179,sc,sc,2018-01-16,Dementia
094_S_4649,init,m66,2018-01-17,CN
094_S_6162,sc,sc,2018-01-17,CN
141_S_6178,sc,sc,2018-01-16,CN
037_S_0150,init,m138,2017-12-13,Dementia
027_S_2245,y1,m84,2018-01-03,MCI
023_S_4115,init,m78,2018-01-19,MCI
037_S_4706,init,m66,2017-10-30,MCI
094_S_2238,init,m84,2018-01-22,MCI
116_S_6133,bl,bl,2018-01-18,CN
032_S_4429,init,m72,2017-12-14,CN
141_S_6177,sc,sc,2018-01-16,CN
141_S_6181,sc,sc,2018-01-18,CN
070_S_6191,sc,sc,2018-01-18,CN
116_S_4453,init,m72,2018-01-22,CN
129_S_6146,bl,bl,2018-01-24,CN
127_S_0112,init,m138,2017-12-05,Dementia
127_S_6024,bl,bl,2017-12-05,CN
168_S_6064,bl,bl,2018-01-25,CN
168_S_6131,sc,sc,2018-01-25,CN
168_S_6142,bl,bl,2018-01-25,Dementia
035_S_6195,sc,sc,2018-01-24,CN
094_S_4234,init,m72,2018-01-29,MCI
019_S_6186,sc,sc,2018-01-26,CN
036_S_6189,sc,sc,2018-01-22,CN
127_S_6173,sc,sc,2018-01-30,CN
041_S_6192,sc,sc,2018-01-29,CN
305_S_6157,sc,sc,2018-01-31,CN
007_S_4272,init,m72,2018-02-23,MCI
027_S_4869,y1,m66,2018-01-22,MCI
129_S_6082,bl,bl,2017-12-12,CN
022_S_6112,sc,sc,2017-12-20,CN
027_S_6183,sc,sc,2018-01-18,CN
024_S_6184,sc,sc,2018-02-01,CN
035_S_6200,sc,sc,2018-01-31,CN
033_S_4177,init,m78,2018-01-24,CN
027_S_6002,y1,m12,2018-01-29,MCI
041_S_6136,bl,bl,2018-02-02,CN
009_S_6163,sc,sc,2018-01-31,CN
033_S_4179,init,m78,2018-01-28,CN
041_S_5097,init,m60,2018-01-29,CN
014_S_6199,sc,sc,2018-01-31,CN
127_S_6167,sc,sc,2018-01-30,CN
141_S_6176,sc,sc,2018-01-29,CN
141_S_6198,sc,sc,2018-01-29,CN
127_S_6168,sc,sc,2018-02-06,CN
020_S_6185,sc,sc,2018-02-07,CN
941_S_4036,init,m78,2017-11-27,MCI
941_S_5124,init,m54,2017-12-28,CN
007_S_6120,bl,bl,2017-11-27,CN
018_S_6207,sc,sc,2018-02-09,CN
027_S_2219,y1,m84,2018-02-06,MCI
100_S_5091,init,m54,2018-02-07,CN
003_S_6158,sc,sc,2018-02-13,CN
301_S_6224,sc,sc,2018-02-09,CN
070_S_6229,sc,sc,2018-02-13,MCI
003_S_4119,init,m72,2017-11-01,CN
127_S_6147,sc,sc,2018-02-14,CN
009_S_6212,sc,sc,2018-02-12,CN
032_S_1169,init,m132,2018-02-15,MCI
127_S_4928,init,m60,2017-09-12,Dementia
003_S_6014,sc,sc,2018-02-14,CN
168_S_6065,bl,bl,2017-11-17,CN
131_S_6154,sc,sc,2018-01-10,CN
027_S_6183,bl,bl,2018-02-09,CN
082_S_6197,sc,sc,2018-02-14,CN
014_S_6210,sc,sc,2014-02-14,CN
070_S_6236,sc,sc,2018-02-15,MCI
153_S_6237,sc,sc,2018-02-15,CN
100_S_1286,init,m132,2018-02-07,CN
100_S_6165,sc,sc,2018-02-16,MCI
129_S_6228,sc,sc,2018-02-15,CN
006_S_0498,init,m132,2018-02-20,CN
024_S_6202,sc,sc,2018-02-20,CN
067_S_6117,bl,bl,2018-02-21,CN
024_S_6184,bl,bl,2018-02-21,CN
019_S_6186,bl,bl,2018-02-20,CN
041_S_6192,bl,bl,2018-02-20,CN
006_S_6209,sc,sc,2018-02-22,CN
109_S_6213,sc,sc,2018-02-21,CN
041_S_6226,sc,sc,2018-02-15,CN
036_S_6231,sc,sc,2018-02-13,Dementia
006_S_6234,sc,sc,2018-02-22,CN
168_S_6131,bl,bl,2018-02-23,CN
168_S_6151,bl,bl,2018-02-23,CN
100_S_6164,bl,bl,2018-02-22,CN
168_S_6180,sc,sc,2018-02-23,MCI
032_S_6211,sc,sc,2018-02-22,CN
141_S_6235,sc,sc,2018-02-22,CN
006_S_6243,sc,sc,2018-02-26,MCI
067_S_2304,init,m78,2018-02-21,MCI
114_S_6057,bl,bl,2018-02-27,CN
168_S_6233,sc,sc,2018-02-27,CN
009_S_6163,bl,bl,2018-02-27,CN
305_S_6188,sc,sc,2018-02-27,CN
141_S_6178,bl,bl,2018-03-01,CN
141_S_6253,sc,sc,2018-03-01,CN
114_S_6063,bl,bl,2018-03-01,CN
020_S_6185,bl,bl,2018-02-14,CN
020_S_6227,sc,sc,2018-02-28,CN
011_S_0021,init,m144,2018-02-26,CN
100_S_0069,init,m144,2018-02-07,MCI
003_S_6067,bl,bl,2018-03-02,CN
003_S_6158,bl,bl,2018-03-02,CN
099_S_6175,sc,sc,2018-03-05,CN
003_S_6256,sc,sc,2018-03-06,CN
002_S_1280,y1,m132,2018-03-01,CN
114_S_5234,init,m48,2018-02-01,MCI
024_S_6202,bl,bl,2018-03-07,CN
129_S_6244,sc,sc,2018-03-07,CN
003_S_6257,sc,sc,2018-03-07,CN
131_S_0384,init,m138,2018-02-28,CN
002_S_1261,y1,m132,2018-03-06,MCI
003_S_4288,init,m72,2018-03-06,CN
003_S_4350,init,m72,2018-03-08,CN
003_S_4441,init,m60,2018-03-08,CN
003_S_4644,init,m60,2018-03-08,CN
020_S_5140,init,m54,2018-03-08,CN
114_S_6113,sc,sc,2018-03-08,CN
037_S_6187,sc,sc,2018-03-07,CN
006_S_6209,bl,bl,2018-03-07,CN
006_S_6234,bl,bl,2018-03-07,CN
006_S_6252,sc,sc,2018-03-08,MCI
301_S_6265,sc,sc,2018-03-07,CN
033_S_6266,sc,sc,2018-03-07,CN
098_S_6267,sc,sc,2018-03-07,CN
023_S_6270,sc,sc,2018-03-09,CN
037_S_6204,sc,sc,2018-03-08,CN
009_S_6212,bl,bl,2018-03-12,CN
003_S_6258,sc,sc,2018-03-08,MCI
035_S_0555,init,m132,2018-03-01,Dementia
014_S_6145,bl,bl,2018-03-14,CN
014_S_6148,bl,bl,2018-03-14,CN
094_S_6190,sc,sc,2018-03-14,CN
094_S_6242,sc,sc,2018-03-14,CN
153_S_6274,sc,sc,2018-03-13,MCI
006_S_6277,sc,sc,2018-03-14,CN
018_S_2133,init,m84,2018-03-15,Dementia
018_S_6207,bl,bl,2018-03-15,CN
037_S_6115,bl,bl,2018-03-06,CN
037_S_6125,bl,bl,2018-03-06,MCI
127_S_6203,sc,sc,2018-03-16,CN
301_S_6224,bl,bl,2018-03-16,CN
007_S_6255,sc,sc,2018-03-05,CN
094_S_6269,sc,sc,2018-03-16,CN
094_S_6275,sc,sc,2018-03-16,CN
129_S_4422,y1,m72,2018-03-19,Dementia
141_S_6240,sc,sc,2018-03-16,CN
114_S_6251,sc,sc,2018-03-15,CN
094_S_6250,sc,sc,2018-03-19,CN
020_S_6282,sc,sc,2018-03-20,CN
022_S_5004,y1,m66,2018-03-14,MCI
070_S_6236,bl,bl,2018-03-12,MCI
032_S_6279,sc,sc,2018-03-22,CN
305_S_6157,bl,bl,2018-02-21,CN
131_S_6170,sc,sc,2018-03-21,CN
036_S_6179,bl,bl,2018-03-07,Dementia
067_S_0056,init,m144,2018-02-21,MCI
067_S_0059,init,m144,2018-02-21,MCI
003_S_2374,init,m72,2018-02-14,MCI
067_S_4184,init,m72,2018-02-21,CN
006_S_4357,init,m72,2018-03-27,CN
116_S_6119,bl,bl,2018-02-15,CN
003_S_0908,init,m132,2018-03-28,MCI
041_S_1418,init,m120,2018-03-08,MCI
024_S_2239,y1,m90,2018-03-28,MCI
041_S_4004,init,m78,2018-03-08,CN
041_S_4200,init,m72,2018-03-08,CN
041_S_4427,init,m66,2018-03-08,CN
041_S_4510,init,m66,2018-03-08,MCI
041_S_4513,init,m66,2018-02-19,CN
003_S_6014,bl,bl,2018-03-28,CN
014_S_6199,bl,bl,2018-03-28,CN
109_S_6215,sc,sc,2018-02-27,MCI
109_S_6219,sc,sc,2018-03-27,MCI
129_S_6228,bl,bl,2018-03-28,CN
070_S_6229,bl,bl,2018-03-27,MCI
037_S_6248,sc,sc,2018-03-26,CN
003_S_6259,sc,sc,2018-03-23,CN
006_S_6291,sc,sc,2018-03-28,MCI
003_S_6261,sc,sc,2018-03-30,CN
036_S_4491,init,m72,2018-03-15,CN
035_S_6200,bl,bl,2018-04-02,CN
109_S_6220,sc,sc,2018-04-03,MCI
127_S_6232,sc,sc,2018-04-03,CN
009_S_6286,sc,sc,2018-04-02,CN
168_S_6049,bl,bl,2018-04-04,CN
127_S_6147,bl,bl,2018-04-03,CN
168_S_6180,bl,bl,2018-04-04,MCI
036_S_6189,bl,bl,2018-02-28,CN
129_S_6244,bl,bl,2018-04-04,CN
129_S_6288,sc,sc,2018-03-28,CN
029_S_6289,sc,sc,2018-03-27,CN
068_S_0210,init,m138,2017-12-07,MCI
127_S_6168,bl,bl,2018-04-03,CN
127_S_6173,bl,bl,2018-04-03,CN
003_S_6257,bl,bl,2018-04-05,CN
033_S_6298,sc,sc,2018-04-04,CN
035_S_6306,sc,sc,2018-04-05,CN
003_S_1074,init,m126,2018-04-05,Dementia
082_S_2121,init,m90,2018-03-08,MCI
109_S_6218,sc,sc,2018-04-06,CN
100_S_6273,sc,sc,2018-03-21,CN
301_S_6297,sc,sc,2018-04-04,MCI
003_S_0981,init,m132,2018-04-06,CN
003_S_1122,init,m126,2018-04-06,MCI
305_S_6188,bl,bl,2018-03-29,CN
007_S_6255,bl,bl,2018-04-03,CN
082_S_6283,sc,sc,2018-04-02,CN
129_S_2332,y1,m84,2018-04-11,CN
022_S_6280,sc,sc,2018-03-19,MCI
082_S_5278,init,m54,2018-04-06,CN
006_S_6243,bl,bl,2018-04-12,MCI
135_S_6284,sc,sc,2018-04-10,Dementia
032_S_6290,sc,sc,2018-04-12,CN
032_S_6294,sc,sc,2018-04-12,CN
070_S_4856,init,m66,2018-04-10,CN
129_S_6288,bl,bl,2018-04-11,CN
032_S_6293,sc,sc,2018-04-12,CN
168_S_6281,sc,sc,2018-04-13,CN
019_S_6315,sc,sc,2018-04-13,MCI
130_S_6319,sc,sc,2018-04-13,CN
041_S_6159,bl,bl,2018-04-15,CN
041_S_6292,sc,sc,2018-03-29,CN
011_S_6303,sc,sc,2018-04-16,Dementia
041_S_6314,sc,sc,2018-04-10,CN
127_S_2234,init,m84,2018-04-03,CN
153_S_6237,bl,bl,2018-04-12,CN
153_S_6274,bl,bl,2018-04-02,MCI
041_S_4041,init,m78,2018-04-16,Dementia
041_S_4271,init,m72,2018-04-16,MCI
041_S_4974,init,m60,2018-04-16,Dementia
036_S_6231,bl,bl,2018-04-12,Dementia
052_S_6296,sc,sc,2018-04-12,CN
109_S_6299,sc,sc,2018-04-17,MCI
135_S_6302,sc,sc,2018-04-16,CN
052_S_6305,sc,sc,2018-04-12,Dementia
007_S_6310,sc,sc,2018-04-09,CN
021_S_6312,sc,sc,2018-04-10,CN
021_S_0626,y1,m138,2018-04-03,Dementia
116_S_4175,init,m78,2018-03-19,Dementia
116_S_4483,init,m72,2018-04-11,CN
003_S_6258,bl,bl,2018-04-13,MCI
100_S_6273,bl,bl,2018-04-17,CN
129_S_6304,sc,sc,2018-04-18,CN
100_S_6308,sc,sc,2018-04-17,CN
014_S_6322,sc,sc,2018-04-17,Dementia
007_S_6323,sc,sc,2018-04-17,CN
029_S_2395,init,m78,2018-04-19,MCI
082_S_4224,init,m78,2018-03-22,CN
029_S_4585,init,m66,2018-04-23,CN
029_S_5158,init,m54,2018-04-23,CN
168_S_6233,bl,bl,2018-04-20,CN
168_S_6285,sc,sc,2018-04-20,CN
082_S_6287,sc,sc,2018-04-19,CN
029_S_6289,bl,bl,2018-03-27,CN
114_S_6309,sc,sc,2018-04-18,CN
305_S_6313,sc,sc,2018-04-20,CN
177_S_6328,sc,sc,2018-04-20,CN
036_S_6316,sc,sc,2018-04-11,CN
023_S_0031,init,m150,2018-04-25,CN
941_S_4255,init,m78,2018-04-16,CN
002_S_6007,y1,m12,2018-04-17,CN
003_S_6259,bl,bl,2018-04-24,CN
168_S_6318,sc,sc,2018-04-25,CN
014_S_6325,sc,sc,2018-04-18,Dementia
130_S_6111,bl,bl,2018-04-13,CN
023_S_6334,sc,sc,2018-04-25,MCI
116_S_4043,init,m78,2018-04-11,CN
037_S_6216,sc,sc,2018-04-18,Dementia
100_S_6332,sc,sc,2018-04-25,CN
037_S_6271,sc,sc,2018-04-24,CN
941_S_1195,init,m132,2018-04-02,CN
027_S_6317,sc,sc,2018-04-11,CN
301_S_6326,sc,sc,2018-04-26,CN
941_S_6333,sc,sc,2018-04-24,CN
029_S_4290,init,m72,2018-04-26,MCI
027_S_4926,y1,m66,2018-04-18,MCI
098_S_6343,sc,sc,2018-04-30,CN
027_S_6327,sc,sc,2018-04-19,CN
153_S_6336,sc,sc,2018-04-25,MCI
941_S_6345,sc,sc,2018-05-02,MCI
006_S_6252,bl,bl,2018-05-03,MCI
006_S_6277,bl,bl,2018-05-03,CN
305_S_6313,bl,bl,2018-05-02,CN
130_S_6329,sc,sc,2018-04-20,MCI
023_S_6346,sc,sc,2018-05-02,CN
070_S_5040,init,m66,2018-05-04,CN
099_S_6175,bl,bl,2018-05-01,CN
007_S_6341,sc,sc,2018-04-30,MCI
037_S_6141,bl,bl,2018-04-27,MCI
018_S_4349,init,m78,2018-05-07,CN
029_S_5219,init,m54,2018-04-26,MCI
130_S_6161,bl,bl,2018-04-30,CN
021_S_6312,bl,bl,2018-05-04,MCI
168_S_6320,sc,sc,2018-05-07,CN
168_S_6321,sc,sc,2018-05-07,CN
018_S_6351,sc,sc,2018-05-07,CN
037_S_0377,y1,m144,2018-04-05,MCI
037_S_6046,bl,bl,2018-04-27,CN
114_S_6113,bl,bl,2018-05-03,CN
098_S_0896,init,m138,2018-03-26,MCI
002_S_1155,y1,m138,2018-05-08,MCI
100_S_6308,bl,bl,2018-05-08,CN
020_S_6358,sc,sc,2018-05-08,CN
003_S_4354,init,m66,2018-05-09,MCI
029_S_4384,init,m72,2018-05-10,CN
301_S_6297,bl,bl,2018-05-03,MCI
135_S_6359,sc,sc,2018-05-10,CN
135_S_6360,sc,sc,2018-05-10,CN
130_S_6372,sc,sc,2018-05-09,CN
116_S_6340,sc,sc,2018-04-30,CN
014_S_6366,sc,sc,2018-05-10,CN
006_S_6375,sc,sc,2018-05-10,CN
033_S_6352,sc,sc,2018-05-04,CN
098_S_6362,sc,sc,2018-05-08,CN
011_S_6367,sc,sc,2018-05-14,CN
002_S_4654,y1,m72,2018-05-15,MCI
003_S_5154,init,m60,2018-05-16,CN
037_S_6144,bl,bl,2018-05-09,CN
135_S_6284,bl,bl,2018-05-07,Dementia
019_S_6315,bl,bl,2018-05-17,MCI
168_S_6350,sc,sc,2018-05-17,CN
023_S_6356,sc,sc,2018-05-11,MCI
033_S_6266,bl,bl,2018-05-18,CN
041_S_6226,bl,bl,2018-05-11,CN
041_S_6292,bl,bl,2018-05-11,CN
100_S_6349,sc,sc,2018-05-16,CN
023_S_6369,sc,sc,2018-05-11,MCI
035_S_6380,sc,sc,2018-05-21,MCI
070_S_6386,sc,sc,2018-05-21,CN
037_S_6230,sc,sc,2018-05-18,Dementia
141_S_6240,bl,bl,2018-04-23,CN
141_S_6253,bl,bl,2018-04-23,CN
011_S_6303,bl,bl,2018-05-14,Dementia
027_S_6327,bl,bl,2018-05-21,CN
941_S_6333,bl,bl,2018-05-04,CN
099_S_6344,sc,sc,2018-05-22,CN
941_S_6345,bl,bl,2018-05-14,MCI
027_S_6370,sc,sc,2018-05-09,MCI
168_S_6371,sc,sc,2018-05-22,CN
023_S_6374,sc,sc,2018-05-10,CN
123_S_0106,init,m138,2017-06-28,Dementia
037_S_6222,sc,sc,2018-05-02,MCI
129_S_6304,bl,bl,2018-05-23,CN
003_S_6260,sc,sc,2018-05-22,CN
035_S_6306,bl,bl,2018-05-24,CN
041_S_6354,sc,sc,2018-05-21,CN
070_S_6394,sc,sc,2018-05-24,CN
116_S_6395,sc,sc,2018-05-24,CN
137_S_4587,init,m66,2018-05-09,CN
094_S_6269,bl,bl,2018-05-25,CN
168_S_6281,bl,bl,2018-05-25,CN
168_S_6320,bl,bl,2018-05-25,CN
941_S_6384,sc,sc,2018-05-21,CN
941_S_6392,sc,sc,2018-05-23,MCI
027_S_6317,bl,bl,2018-05-24,CN
127_S_6330,sc,sc,2018-05-29,CN
305_S_6378,sc,sc,2018-05-18,MCI
127_S_6241,sc,sc,2018-05-30,MCI
041_S_6401,sc,sc,2018-05-25,CN
153_S_6336,bl,bl,2018-05-09,MCI
135_S_6389,sc,sc,2018-05-29,Dementia
005_S_6393,sc,sc,2018-05-30,CN
009_S_6402,sc,sc,2018-05-30,MCI
126_S_4507,init,m78,2018-05-30,Dementia
007_S_6310,bl,bl,2018-05-08,CN
177_S_6335,sc,sc,2018-04-25,CN
130_S_6361,sc,sc,2018-05-08,CN
099_S_6396,sc,sc,2018-06-01,CN
128_S_4842,init,m66,2018-06-04,CN
018_S_6351,bl,bl,2018-06-04,CN
016_S_6381,sc,sc,2018-05-24,CN
024_S_6385,sc,sc,2018-06-04,CN
023_S_6399,sc,sc,2018-06-04,CN
023_S_6400,sc,sc,2018-06-04,CN
177_S_6408,sc,sc,2018-06-01,CN
018_S_6414,sc,sc,2018-06-04,MCI
123_S_1300,init,m120,2017-06-26,MCI
006_S_4150,init,m72,2018-06-05,CN
006_S_4713,init,m66,2018-06-05,CN
003_S_6264,sc,sc,2018-06-04,Dementia
168_S_6318,bl,bl,2018-06-05,CN
011_S_6367,bl,bl,2018-06-04,CN
006_S_6383,sc,sc,2018-06-05,CN
941_S_6384,bl,bl,2018-06-05,CN
130_S_6390,sc,sc,2018-05-23,CN
002_S_6404,sc,sc,2018-05-29,CN
130_S_6319,bl,bl,2018-05-18,CN
099_S_6379,sc,sc,2018-06-05,MCI
130_S_6391,sc,sc,2018-05-23,CN
100_S_6349,bl,bl,2018-06-06,CN
305_S_6378,bl,bl,2018-06-06,MCI
007_S_6421,sc,sc,2018-06-05,MCI
135_S_4489,y1,m78,2018-06-01,MCI
126_S_4514,init,m78,2018-06-08,MCI
177_S_6328,bl,bl,2018-06-08,CN
127_S_6331,sc,sc,2018-06-05,CN
007_S_6341,bl,bl,2018-06-07,MCI
098_S_6343,bl,bl,2018-06-08,CN
098_S_6362,bl,bl,2018-06-08,CN
023_S_6407,sc,sc,2018-06-08,CN
135_S_6411,sc,sc,2018-06-04,CN
941_S_6422,sc,sc,2018-06-06,CN
014_S_6424,sc,sc,2018-06-08,CN
002_S_4799,y1,m72,2018-05-31,CN
003_S_6268,sc,sc,2018-06-08,MCI
301_S_6326,bl,bl,2018-06-11,MCI
023_S_6334,bl,bl,2018-06-04,MCI
177_S_6335,bl,bl,2018-06-06,CN
070_S_6386,bl,bl,2018-06-11,CN
011_S_6418,sc,sc,2018-06-11,CN
130_S_6431,sc,sc,2018-06-08,MCI
067_S_6138,sc,sc,2018-06-12,CN
014_S_6437,sc,sc,2018-06-12,CN
094_S_6275,bl,bl,2018-06-13,CN
082_S_6283,bl,bl,2018-06-12,CN
094_S_6419,sc,sc,2018-06-13,CN
114_S_6251,bl,bl,2018-06-14,CN
114_S_6347,sc,sc,2018-05-10,Dementia
023_S_6356,bl,bl,2018-06-14,MCI
067_S_6442,sc,sc,2018-06-15,CN
067_S_6443,sc,sc,2018-06-15,CN
023_S_6444,sc,sc,2018-06-14,CN
020_S_6282,bl,bl,2018-05-16,CN
168_S_6321,bl,bl,2018-05-25,CN
168_S_6350,bl,bl,2018-06-15,CN
135_S_6360,bl,bl,2018-06-06,CN
168_S_6371,bl,bl,2018-06-15,CN
168_S_6413,sc,sc,2018-06-15,CN
177_S_6420,sc,sc,2018-06-05,CN
005_S_6427,sc,sc,2018-06-11,MCI
007_S_6323,bl,bl,2018-06-12,CN
023_S_6346,bl,bl,2018-06-18,CN
020_S_6449,sc,sc,2018-06-18,CN
094_S_6250,bl,bl,2018-06-20,CN
135_S_6411,bl,bl,2018-06-19,CN
094_S_6417,sc,sc,2018-06-20,CN
129_S_6452,sc,sc,2018-06-18,CN
941_S_6454,sc,sc,2018-06-19,CN
177_S_6409,sc,sc,2018-06-04,CN
153_S_6450,sc,sc,2018-06-20,MCI
023_S_0926,init,m138,2018-06-22,MCI
033_S_6298,bl,bl,2018-06-20,CN
033_S_6352,bl,bl,2018-06-20,CN
094_S_6440,sc,sc,2018-06-21,CN
007_S_6455,sc,sc,2018-06-19,CN
116_S_6464,sc,sc,2018-06-20,CN
032_S_6211,bl,bl,2018-05-16,CN
070_S_6394,bl,bl,2018-06-25,CN
011_S_6418,bl,bl,2018-06-25,CN
941_S_6422,bl,bl,2018-06-22,CN
177_S_6448,sc,sc,2018-06-15,CN
002_S_6456,sc,sc,2018-06-19,CN
011_S_6465,sc,sc,2018-06-25,CN
012_S_4094,init,m72,2017-09-26,Dementia
032_S_5289,y1,m54,2018-06-21,CN
041_S_6447,sc,sc,2018-06-18,CN
130_S_6469,sc,sc,2018-06-25,CN
941_S_6471,sc,sc,2018-06-26,CN
024_S_4674,y1,m72,2018-06-27,MCI
131_S_6143,bl,bl,2018-06-20,MCI
131_S_6170,bl,bl,2018-06-13,CN
094_S_6278,bl,bl,2018-06-11,CN
036_S_6316,bl,bl,2018-06-14,CN
037_S_6377,sc,sc,2018-06-29,Dementia
023_S_6400,bl,bl,2018-06-27,CN
003_S_6432,sc,sc,2018-06-27,MCI
135_S_6446,sc,sc,2018-06-21,MCI
153_S_6451,sc,sc,2018-06-28,MCI
067_S_6474,sc,sc,2018-06-27,MCI
035_S_6480,sc,sc,2018-06-27,MCI
019_S_6483,sc,sc,2018-06-29,MCI
003_S_6256,bl,bl,2018-07-02,CN
135_S_6359,bl,bl,2018-06-05,CN
002_S_6404,bl,bl,2018-06-26,CN
036_S_6466,sc,sc,2018-06-22,CN
020_S_6470,sc,sc,2018-06-25,CN
135_S_6473,sc,sc,2018-06-29,CN
116_S_4199,init,m78,2018-03-27,CN
006_S_4960,init,m66,2018-07-03,CN
006_S_6291,bl,bl,2018-07-03,MCI
168_S_6426,sc,sc,2018-07-03,MCI
027_S_6434,sc,sc,2018-06-11,MCI
006_S_6441,sc,sc,2018-07-03,MCI
035_S_6488,sc,sc,2018-07-02,CN
114_S_6309,bl,bl,2018-07-05,CN
041_S_6314,bl,bl,2018-07-02,CN
041_S_6354,bl,bl,2018-05-31,CN
114_S_6429,sc,sc,2018-07-05,CN
114_S_6462,sc,sc,2018-07-05,CN
341_S_6494,sc,sc,2018-07-06,CN
016_S_6381,bl,bl,2018-05-31,CN
003_S_6260,bl,bl,2018-07-03,CN
024_S_6385,bl,bl,2018-07-09,CN
141_S_6416,sc,sc,2018-06-01,CN
116_S_6439,sc,sc,2018-07-03,CN
941_S_6052,y1,m12,2018-07-02,MCI
116_S_6428,sc,sc,2018-06-06,MCI
305_S_6438,sc,sc,2018-07-10,CN
024_S_6472,sc,sc,2018-07-10,CN
003_S_6479,sc,sc,2018-07-06,MCI
094_S_6485,sc,sc,2018-07-09,CN
006_S_6500,sc,sc,2018-07-10,CN
013_S_6206,sc,sc,2018-07-11,MCI
135_S_6389,bl,bl,2018-07-02,Dementia
129_S_6457,sc,sc,2018-07-11,CN
129_S_6459,sc,sc,2018-07-11,CN
027_S_6463,sc,sc,2018-06-20,MCI
094_S_6468,sc,sc,2018-07-05,CN
033_S_6497,sc,sc,2018-07-09,MCI
301_S_6501,sc,sc,2018-07-10,CN
023_S_6374,bl,bl,2018-07-11,CN
116_S_6458,sc,sc,2018-07-03,CN
168_S_6467,sc,sc,2018-07-10,MCI
099_S_6476,sc,sc,2018-07-12,CN
035_S_6480,bl,bl,2018-07-12,MCI
128_S_0205,init,m150,2018-07-13,CN
126_S_0605,init,m144,2018-07-13,MCI
019_S_4835,y1,m72,2018-07-13,CN
024_S_6033,y1,m12,2018-07-13,CN
127_S_6365,sc,sc,2018-06-12,CN
014_S_6502,sc,sc,2018-07-13,CN
003_S_6307,sc,sc,2018-07-16,CN
130_S_6372,bl,bl,2018-07-13,CN
099_S_6396,bl,bl,2018-07-16,CN
007_S_6421,bl,bl,2018-07-10,MCI
035_S_6488,bl,bl,2018-07-16,CN
941_S_6495,sc,sc,2018-07-09,CN
941_S_6496,sc,sc,2018-07-09,CN
941_S_6499,sc,sc,2018-07-10,CN
135_S_4722,y1,m72,2018-07-06,MCI
135_S_4723,y1,m72,2018-07-06,MCI
037_S_6187,bl,bl,2018-07-10,CN
082_S_6197,bl,bl,2018-07-10,CN
100_S_6477,sc,sc,2018-07-03,CN
301_S_6508,sc,sc,2018-07-12,MCI
128_S_0272,init,m144,2018-07-18,CN
126_S_0680,init,m144,2018-07-18,MCI
009_S_4324,y1,m78,2018-07-11,Dementia
126_S_5214,init,m60,2018-07-18,MCI
041_S_6401,bl,bl,2018-06-28,CN
141_S_6423,sc,sc,2018-07-18,CN
127_S_6436,sc,sc,2018-07-18,CN
135_S_6446,bl,bl,2018-07-10,MCI
020_S_6504,sc,sc,2018-07-11,CN
012_S_6073,bl,bl,2018-07-19,MCI
127_S_6232,bl,bl,2018-06-05,CN
009_S_6402,bl,bl,2018-07-12,MCI
177_S_6408,bl,bl,2018-07-10,CN
116_S_6517,sc,sc,2018-07-18,CN
141_S_1052,y1,m138,2018-07-20,MCI
041_S_5100,y1,m66,2018-07-18,CN
941_S_6471,bl,bl,2018-07-18,CN
020_S_6513,sc,sc,2018-07-18,CN
009_S_0751,y1,m144,2018-07-16,CN
127_S_6203,bl,bl,2018-04-25,CN
109_S_6221,sc,sc,2018-07-23,MCI
007_S_6515,sc,sc,2018-07-16,CN
301_S_6530,sc,sc,2018-07-20,CN
041_S_0679,y1,m144,2018-07-18,CN
153_S_6450,bl,bl,2018-07-18,MCI
130_S_6329,bl,bl,2018-07-20,MCI
168_S_6426,bl,bl,2018-07-12,MCI
002_S_6456,bl,bl,2018-07-10,CN
128_S_2002,init,m96,2018-07-26,CN
023_S_6369,bl,bl,2018-07-25,MCI
023_S_6399,bl,bl,2018-07-25,CN
177_S_6409,bl,bl,2018-07-24,CN
029_S_6505,sc,sc,2018-07-26,CN
027_S_6516,sc,sc,2018-07-16,CN
014_S_6522,sc,sc,2018-07-26,CN
116_S_6532,sc,sc,2018-07-25,CN
023_S_6535,sc,sc,2018-07-25,MCI
019_S_4293,y1,m78,2018-06-15,Dementia
941_S_6454,bl,bl,2018-07-11,CN
168_S_6467,bl,bl,2018-07-27,MCI
019_S_6483,bl,bl,2018-07-27,MCI
941_S_6495,bl,bl,2018-07-25,CN
941_S_6496,bl,bl,2018-07-25,CN
135_S_6509,sc,sc,2018-07-16,CN
135_S_6510,sc,sc,2018-07-19,CN
941_S_6514,sc,sc,2018-07-16,CN
116_S_6537,sc,sc,2018-07-25,CN
109_S_6405,sc,sc,2018-07-27,CN
109_S_6213,bl,bl,2018-04-05,CN
109_S_6300,sc,sc,2018-07-26,MCI
109_S_6376,sc,sc,2018-07-27,MCI
033_S_6497,bl,bl,2018-07-30,MCI
141_S_6520,sc,sc,2018-07-20,CN
003_S_1122,y1,m138,2018-08-01,MCI
082_S_4090,init,m84,2018-06-27,CN
067_S_4212,init,m72,2018-02-21,CN
082_S_6287,bl,bl,2018-06-21,CN
127_S_6348,sc,sc,2018-07-31,CN
127_S_6357,sc,sc,2018-07-31,CN
027_S_6370,bl,bl,2018-07-27,MCI
082_S_6415,sc,sc,2018-07-31,CN
003_S_6432,bl,bl,2018-08-02,MCI
027_S_6463,bl,bl,2018-08-02,MCI
941_S_6499,bl,bl,2018-07-23,CN
007_S_6521,sc,sc,2018-07-17,CN
070_S_6542,sc,sc,2018-07-30,CN
135_S_6544,sc,sc,2018-08-01,MCI
003_S_4872,init,m72,2018-08-02,CN
052_S_4944,init,m60,2018-04-03,MCI
094_S_6417,bl,bl,2018-08-03,CN
094_S_6419,bl,bl,2018-08-03,CN
005_S_6427,bl,bl,2018-08-03,MCI
129_S_6452,bl,bl,2018-07-20,CN
129_S_6457,bl,bl,2018-07-16,CN
129_S_6459,bl,bl,2018-07-26,CN
035_S_6551,sc,sc,2018-08-02,CN
109_S_6406,sc,sc,2018-08-31,MCI
127_S_6330,bl,bl,2018-07-31,CN
941_S_6546,sc,sc,2018-08-01,CN
116_S_6550,sc,sc,2018-08-07,MCI
052_S_6412,sc,sc,2018-06-13,CN
024_S_6472,bl,bl,2018-08-08,CN
023_S_6547,sc,sc,2018-08-08,CN
070_S_6548,sc,sc,2018-08-02,CN
082_S_5282,init,m54,2018-06-14,CN
011_S_6465,bl,bl,2018-08-06,CN
131_S_6519,sc,sc,2018-07-18,CN
126_S_4891,init,m72,2018-08-07,MCI
019_S_6533,sc,sc,2018-08-10,MCI
010_S_6555,sc,sc,2018-08-10,CN
128_S_2123,init,m90,2018-08-13,MCI
094_S_6468,bl,bl,2018-08-13,CN
094_S_6485,bl,bl,2018-08-13,CN
168_S_6492,sc,sc,2018-08-13,CN
070_S_6548,bl,bl,2018-08-13,CN
126_S_6559,sc,sc,2018-08-13,CN
141_S_4160,y1,m84,2018-08-14,MCI
021_S_4744,y1,m72,2018-07-31,MCI
126_S_4896,init,m72,2018-08-08,MCI
021_S_5177,y1,m60,2018-07-19,CN
037_S_6271,bl,bl,2018-07-31,CN
020_S_6358,bl,bl,2018-06-21,CN
127_S_6433,sc,sc,2018-08-14,Dementia
020_S_6566,sc,sc,2018-08-15,CN
128_S_4742,init,m72,2018-08-15,MCI
109_S_6363,sc,sc,2018-08-14,MCI
341_S_6494,bl,bl,2018-08-16,CN
941_S_6514,bl,bl,2018-08-07,CN
032_S_6526,sc,sc,2018-07-30,CN
021_S_5194,y1,m60,2018-08-07,CN
037_S_6204,bl,bl,2018-07-10,CN
037_S_6216,bl,bl,2018-08-13,Dementia
037_S_6222,bl,bl,2018-08-13,MCI
003_S_6268,bl,bl,2018-08-16,MCI
003_S_6307,bl,bl,2018-08-16,CN
168_S_6413,bl,bl,2018-07-31,CN
141_S_6423,bl,bl,2018-08-15,CN
098_S_6534,sc,sc,2018-08-17,MCI
168_S_6541,sc,sc,2018-08-17,MCI
037_S_1078,y1,m132,2018-02-19,Dementia
007_S_2394,y1,m84,2018-08-16,MCI
032_S_6279,bl,bl,2018-08-09,CN
135_S_6509,bl,bl,2018-08-06,CN
137_S_6557,sc,sc,2018-08-10,MCI
021_S_5237,y1,m60,2018-08-15,MCI
301_S_6056,y1,m12,2018-08-21,MCI
941_S_6068,y1,m12,2018-08-14,MCI
127_S_6241,bl,bl,2018-06-19,MCI
067_S_6529,sc,sc,2018-08-21,MCI
116_S_6543,sc,sc,2018-08-21,Dementia
135_S_6545,sc,sc,2018-08-21,Dementia
067_S_4782,y1,m72,2018-08-22,MCI
305_S_6498,sc,sc,2018-07-20,MCI
141_S_6416,bl,bl,2018-08-22,CN
035_S_6551,bl,bl,2018-08-23,CN
070_S_6542,bl,bl,2018-08-24,CN
116_S_6543,bl,bl,2018-08-22,Dementia
168_S_6561,sc,sc,2018-08-27,CN
116_S_6428,bl,bl,2018-07-11,MCI
127_S_6436,bl,bl,2018-08-28,CN
177_S_6448,bl,bl,2018-08-15,CN
135_S_6510,bl,bl,2018-08-10,CN
127_S_6512,sc,sc,2018-08-28,MCI
033_S_6572,sc,sc,2018-08-27,CN
127_S_0112,y1,m150,2018-08-28,Dementia
116_S_0382,init,m144,2018-08-28,CN
127_S_6348,bl,bl,2018-08-28,CN
116_S_6439,bl,bl,2018-08-28,CN
114_S_6487,sc,sc,2018-08-27,CN
116_S_6550,bl,bl,2018-08-21,MCI
941_S_6570,sc,sc,2018-08-24,CN
036_S_2380,init,m84,2018-06-19,MCI
032_S_4277,y1,m78,2018-08-30,CN
135_S_4356,y1,m84,2018-08-30,MCI
032_S_6293,bl,bl,2018-08-30,CN
099_S_6476,bl,bl,2018-08-30,CN
007_S_6455,bl,bl,2018-08-28,CN
019_S_6573,sc,sc,2018-08-29,Dementia
016_S_6571,sc,sc,2018-08-24,MCI
114_S_6524,sc,sc,2018-08-31,CN
019_S_6533,bl,bl,2018-09-04,MCI
010_S_6567,sc,sc,2018-09-04,CN
057_S_0934,init,m144,2018-09-04,CN
114_S_6347,bl,bl,2018-08-18,Dementia
114_S_6368,sc,sc,2018-08-18,Dementia
037_S_6377,bl,bl,2018-09-04,Dementia
067_S_6518,sc,sc,2018-09-05,CN
037_S_6552,sc,sc,2018-08-31,MCI
100_S_6493,sc,sc,2018-09-05,CN
082_S_6563,sc,sc,2018-08-30,CN
027_S_6577,sc,sc,2018-08-29,CN
027_S_6582,sc,sc,2018-09-05,CN
941_S_4365,y1,m78,2018-08-28,MCI
128_S_4607,init,m72,2018-08-02,CN
032_S_6294,bl,bl,2018-09-06,CN
082_S_6415,bl,bl,2018-08-24,CN
941_S_6574,sc,sc,2018-08-31,CN
941_S_6575,sc,sc,2018-08-31,CN
941_S_6580,sc,sc,2018-08-31,CN
127_S_4198,init,m72,2017-11-09,MCI
109_S_6217,sc,sc,2018-04-06,MCI
168_S_6492,bl,bl,2018-09-10,CN
007_S_6515,bl,bl,2018-08-28,CN
067_S_6528,sc,sc,2018-09-10,CN
137_S_6576,sc,sc,2018-08-28,MCI
941_S_4376,init,m78,2018-08-07,CN
002_S_5230,y1,m60,2018-08-09,CN
006_S_6375,bl,bl,2018-09-11,CN
067_S_6442,bl,bl,2018-09-10,CN
006_S_6500,bl,bl,2018-09-11,CN
941_S_6570,bl,bl,2018-09-10,CN
941_S_6581,sc,sc,2018-09-05,CN
041_S_4138,y1,m84,2018-09-04,Dementia
067_S_6138,bl,bl,2018-09-12,CN
006_S_6441,bl,bl,2018-09-12,MCI
067_S_6474,bl,bl,2018-09-12,MCI
109_S_6364,sc,sc,2018-09-13,MCI
027_S_6516,bl,bl,2018-08-30,CN
014_S_6584,sc,sc,2018-09-11,MCI
135_S_4446,y1,m78,2018-09-11,MCI
126_S_5243,init,m60,2018-09-14,CN
082_S_6564,sc,sc,2018-09-10,CN
109_S_4380,init,m72,2018-03-09,MCI
941_S_6546,bl,bl,2018-08-24,CN
126_S_6559,bl,bl,2018-09-14,CN
029_S_6579,sc,sc,2018-09-17,MCI
109_S_4499,init,m72,2018-09-18,MCI
019_S_6585,sc,sc,2018-09-17,Dementia
116_S_6517,bl,bl,2018-09-11,CN
057_S_5292,init,m60,2018-09-17,CN
068_S_2187,y1,m90,2018-08-27,CN
005_S_6393,bl,bl,2018-07-16,CN
019_S_6573,bl,bl,2018-09-21,Dementia
100_S_6578,sc,sc,2018-09-20,CN
014_S_6437,bl,bl,2018-09-20,CN
941_S_6574,bl,bl,2018-09-18,CN
941_S_6575,bl,bl,2018-09-18,CN
941_S_6580,bl,bl,2018-09-14,CN
033_S_6572,bl,bl,2018-09-24,CN
941_S_6581,bl,bl,2018-09-25,CN
002_S_4229,y1,m84,2018-09-20,MCI
019_S_4548,y1,m78,2018-08-03,MCI
305_S_6498,bl,bl,2018-09-26,MCI
023_S_6535,bl,bl,2018-09-26,MCI
135_S_6545,bl,bl,2018-09-14,Dementia
023_S_6547,bl,bl,2018-09-17,CN
130_S_6558,sc,sc,2018-08-10,CN
135_S_6586,sc,sc,2018-09-19,MCI
098_S_6593,sc,sc,2018-09-24,MCI
012_S_4188,init,m72,2018-09-27,Dementia
033_S_6594,sc,sc,2018-09-25,Dementia
053_S_6598,sc,sc,2018-09-27,MCI
016_S_4902,init,m72,2018-07-30,Dementia
035_S_4114,y1,m84,2018-09-26,MCI
005_S_4168,y1,m84,2018-10-01,CN
005_S_4185,y1,m84,2018-10-01,MCI
127_S_6433,bl,bl,2018-09-04,Dementia
067_S_6443,bl,bl,2018-10-01,CN
014_S_6502,bl,bl,2018-09-25,CN
131_S_6519,bl,bl,2018-08-29,CN
127_S_6549,sc,sc,2018-10-03,Dementia
082_S_6563,bl,bl,2018-10-01,CN
168_S_6591,sc,sc,2018-10-03,MCI
068_S_4332,y1,m78,2018-08-27,CN
018_S_2155,y1,m90,2018-10-05,MCI
018_S_2180,y1,m90,2018-10-05,MCI
018_S_4400,y1,m78,2018-10-05,MCI
018_S_4868,y1,m72,2018-10-05,MCI
020_S_6470,bl,bl,2018-10-03,CN
100_S_6493,bl,bl,2018-10-04,CN
100_S_6578,bl,bl,2018-10-03,CN
014_S_6424,bl,bl,2018-10-05,CN
130_S_6604,sc,sc,2018-10-08,MCI
033_S_0734,y1,m144,2018-10-08,CN
041_S_1418,y1,m132,2018-10-03,MCI
041_S_4143,y1,m84,2018-10-03,Dementia
041_S_4874,y1,m72,2018-10-03,CN
067_S_6529,bl,bl,2018-10-10,MCI
127_S_4197,init,m72,2017-10-10,Dementia
127_S_6357,bl,bl,2018-09-04,CN
130_S_6481,sc,sc,2018-06-28,MCI
012_S_6503,sc,sc,2018-07-10,MCI
020_S_6513,bl,bl,2018-10-03,CN
014_S_6522,bl,bl,2018-10-11,CN
020_S_6566,bl,bl,2018-10-03,CN
098_S_6601,sc,sc,2018-10-12,Dementia
341_S_6605,sc,sc,2018-10-10,MCI
035_S_0156,y1,m150,2018-10-15,MCI
037_S_0467,y1,m150,2018-09-21,Dementia
031_S_0618,init,m144,2018-10-15,CN
037_S_4030,y1,m90,2018-10-01,Dementia
037_S_4214,y1,m84,2018-10-01,CN
020_S_6504,bl,bl,2018-10-03,CN
123_S_0106,y1,m150,2018-10-17,Dementia
135_S_6473,bl,bl,2018-10-16,CN
130_S_6611,sc,sc,2018-10-16,MCI
127_S_1427,init,m120,2017-09-12,Dementia
127_S_5266,y1,m60,2018-10-03,CN
027_S_6582,bl,bl,2018-10-17,CN
032_S_6600,sc,sc,2018-10-18,Dementia
032_S_6602,sc,sc,2018-10-18,Dementia
018_S_6414,bl,bl,2018-10-05,MCI
027_S_6577,bl,bl,2018-10-11,CN
006_S_6610,sc,sc,2018-10-16,MCI
135_S_6544,bl,bl,2018-09-21,MCI
029_S_6505,bl,bl,2018-10-23,CN
128_S_2220,init,m90,2018-10-24,MCI
020_S_6227,bl,bl,2018-10-24,CN
301_S_6592,sc,sc,2018-10-22,Dementia
130_S_6614,sc,sc,2018-10-22,MCI
007_S_0698,y1,m144,2018-10-25,Dementia
007_S_4488,y1,m78,2018-10-25,CN
007_S_5265,y1,m60,2018-10-25,CN
114_S_6429,bl,bl,2018-10-23,CN
135_S_6586,bl,bl,2018-10-23,MCI
052_S_1352,init,m138,2018-10-18,MCI
301_S_6615,sc,sc,2018-10-23,MCI
128_S_2130,init,m90,2018-10-29,MCI
130_S_4405,y1,m78,2018-10-11,MCI
007_S_4637,y1,m78,2018-10-29,CN
020_S_6449,bl,bl,2018-10-03,CN
098_S_6534,bl,bl,2018-10-30,MCI
033_S_6625,sc,sc,2018-11-01,CN
012_S_6503,bl,bl,2018-08-30,MCI
129_S_6621,sc,sc,2018-10-29,CN
037_S_4706,y1,m78,2018-10-31,MCI
067_S_4767,y1,m72,2018-11-06,CN
024_S_5290,y1,m60,2018-11-06,CN
114_S_6039,y1,m12,2018-11-02,Dementia
116_S_6624,sc,sc,2018-10-30,CN
067_S_2304,y1,m90,2018-11-07,CN
068_S_0127,y1,m150,2018-11-08,MCI
053_S_4813,init,m72,2018-11-05,MCI
099_S_6038,y1,m12,2018-11-08,CN
067_S_6528,bl,bl,2018-11-07,CN
168_S_6591,bl,bl,2018-11-08,MCI
114_S_6597,sc,sc,2018-10-29,MCI
168_S_6619,sc,sc,2018-11-08,MCI
135_S_6622,sc,sc,2018-11-02,MCI
003_S_6479,bl,bl,2018-11-08,MCI
135_S_6104,y1,m12,2018-11-08,CN
033_S_5259,y1,m60,2018-10-30,CN
003_S_6606,sc,sc,2018-11-13,MCI
082_S_6629,sc,sc,2018-11-12,CN
033_S_5198,y1,m66,2018-11-08,CN
141_S_6589,sc,sc,2018-11-14,CN
037_S_6627,sc,sc,2018-11-12,MCI
109_S_6373,sc,sc,2018-07-17,MCI
053_S_6598,bl,bl,2018-11-05,MCI
135_S_6110,y1,m12,2018-11-15,MCI
341_S_6605,bl,bl,2018-11-15,MCI
153_S_6633,sc,sc,2018-11-14,MCI
014_S_6076,y1,m12,2018-11-16,CN
082_S_6564,bl,bl,2018-10-06,CN
011_S_6618,sc,sc,2018-11-19,MCI
012_S_5195,init,m66,2018-11-19,CN
012_S_6073,y1,m12,2018-11-19,MCI
301_S_6592,bl,bl,2018-11-20,Dementia
053_S_5272,init,m60,2018-11-22,CN
037_S_6620,sc,sc,2018-11-12,MCI
031_S_4149,init,m84,2018-11-26,Dementia
031_S_4721,init,m78,2018-11-26,Dementia
027_S_5093,y1,m66,2018-11-20,CN
011_S_4949,init,m66,2018-11-19,Dementia
116_S_6624,bl,bl,2018-11-20,CN
305_S_6631,sc,sc,2018-11-26,MCI
002_S_4225,init,m84,2018-11-08,Dementia
019_S_6635,sc,sc,2018-11-28,MCI
053_S_5296,init,m60,2018-11-28,CN
130_S_6612,sc,sc,2018-11-27,MCI
135_S_6622,bl,bl,2018-11-28,MCI
010_S_0420,init,m144,2018-11-13,MCI
014_S_2308,y1,m90,2018-11-29,MCI
035_S_6641,sc,sc,2018-11-28,MCI
301_S_6615,bl,bl,2018-12-03,MCI
114_S_2392,y1,m84,2018-10-18,MCI
067_S_4072,init,m72,2018-12-05,CN
003_S_6264,bl,bl,2018-09-27,Dementia
130_S_6647,sc,sc,2018-12-04,MCI
128_S_0200,init,m150,2018-12-06,MCI
033_S_1098,y1,m144,2018-12-04,Dementia
114_S_6487,bl,bl,2018-12-04,CN
114_S_6595,sc,sc,2018-10-22,Dementia
130_S_6611,bl,bl,2018-12-06,MCI
014_S_4576,y1,m78,2018-11-29,CN
130_S_6646,sc,sc,2018-12-03,MCI
099_S_6632,sc,sc,2018-12-10,MCI
031_S_4021,init,m90,2018-11-26,CN
168_S_6634,sc,sc,2018-12-07,MCI
035_S_6650,sc,sc,2018-12-10,Dementia
031_S_2018,init,m102,2018-12-12,CN
002_S_6652,sc,sc,2018-12-11,MCI
014_S_2185,y1,m96,2018-11-29,Dementia
037_S_6083,y1,m12,2018-12-04,MCI
082_S_6629,bl,bl,2018-12-10,CN
003_S_6644,sc,sc,2018-12-13,CN
341_S_6653,sc,sc,2018-12-12,CN
116_S_4855,init,m66,2018-10-30,CN
003_S_2374,y1,m90,2018-12-14,MCI
012_S_4094,y1,m90,2018-12-18,Dementia
027_S_6640,sc,sc,2018-11-28,MCI
027_S_6643,sc,sc,2018-11-29,MCI
027_S_6648,sc,sc,2018-12-04,Dementia
098_S_6655,sc,sc,2018-12-19,Dementia
137_S_4862,init,m60,2018-10-05,MCI
098_S_6601,bl,bl,2018-12-19,Dementia
098_S_4506,init,m78,2018-12-11,MCI
052_S_6412,bl,bl,2018-11-26,CN
141_S_6116,y1,m12,2018-12-17,CN
003_S_0908,y1,m144,2018-12-13,MCI
020_S_5203,y1,m66,2018-12-13,CN
027_S_4919,y2,m78,2019-01-02,MCI
141_S_2333,y1,m90,2019-01-04,MCI
029_S_5135,init,m66,2019-05-09,MCI
027_S_2245,y2,m96,2019-01-07,MCI
011_S_4827,y1,m72,2018-09-17,Dementia
067_S_6518,bl,bl,2019-01-09,CN
006_S_6651,sc,sc,2018-12-13,MCI
002_S_6652,bl,bl,2019-01-08,MCI
018_S_4889,y1,m78,2019-01-10,MCI
035_S_6660,sc,sc,2019-01-07,Dementia
023_S_6661,sc,sc,2019-01-07,Dementia
036_S_4538,y1,m78,2018-12-20,Dementia
007_S_4620,y1,m78,2019-01-08,CN
007_S_6120,y1,m12,2019-01-08,CN
341_S_6653,bl,bl,2019-01-09,CN
153_S_6665,sc,sc,2019-01-10,Dementia
137_S_6637,sc,sc,2018-11-27,MCI
941_S_4036,y1,m90,2018-11-20,MCI
007_S_4387,y1,m84,2019-01-08,CN
007_S_6521,bl,bl,2019-01-08,CN
129_S_6621,bl,bl,2018-12-17,CN
109_S_6221,bl,bl,2019-01-15,MCI
027_S_6643,bl,bl,2019-01-14,MCI
019_S_6668,sc,sc,2014-01-14,MCI
006_S_6672,sc,sc,2019-01-15,MCI
941_S_4100,y1,m90,2018-11-19,MCI
036_S_6088,y1,m12,2018-12-12,CN
123_S_4127,init,m84,2018-11-14,MCI
027_S_6640,bl,bl,2019-01-09,MCI
006_S_6674,sc,sc,2019-01-16,MCI
006_S_6677,sc,sc,2019-01-17,MCI
023_S_4115,y1,m90,2019-01-16,Dementia
127_S_4645,init,m72,2019-01-22,CN
006_S_6610,bl,bl,2019-01-22,MCI
027_S_0074,y2,m156,2019-01-22,CN
035_S_6641,bl,bl,2019-01-23,MCI
114_S_6462,bl,bl,2019-01-23,CN
114_S_6524,bl,bl,2019-01-23,CN
003_S_6606,bl,bl,2019-01-24,MCI
099_S_6632,bl,bl,2019-01-24,MCI
033_S_4179,y1,m90,2019-01-15,MCI
002_S_6676,sc,sc,2019-01-17,MCI
003_S_6678,sc,sc,2019-01-25,MCI
020_S_6185,y1,m12,2019-01-23,CN
019_S_6635,bl,bl,2019-01-29,MCI
100_S_0069,y1,m156,2019-01-29,MCI
002_S_6680,sc,sc,2019-01-22,CN
168_S_6619,bl,bl,2018-12-13,MCI
129_S_6666,sc,sc,2019-01-08,MCI
126_S_6683,sc,sc,2019-01-29,Dementia
035_S_0555,y1,m144,2019-01-30,Dementia
007_S_4272,y1,m84,2019-01-22,MCI
003_S_4354,y1,m84,2019-01-31,MCI
109_S_6218,bl,bl,2019-01-29,CN
127_S_0259,y1,m150,2018-11-13,Dementia
153_S_6679,sc,sc,2019-01-25,MCI
067_S_0056,y1,m156,2019-02-05,MCI
027_S_6002,y2,m24,2019-01-31,MCI
027_S_6648,bl,bl,2019-01-17,Dementia
031_S_2233,init,m96,2019-02-07,CN
027_S_4869,y2,m78,2019-01-23,MCI
094_S_6278,sc,sc,2018-05-02,CN
109_S_6364,bl,bl,2019-01-25,MCI
109_S_6376,bl,bl,2019-01-25,MCI
003_S_6490,sc,sc,2018-08-28,CN
098_S_6658,sc,sc,2019-02-07,Dementia
109_S_6373,bl,bl,2019-01-25,MCI
131_S_6616,sc,sc,2019-01-30,MCI
006_S_6657,sc,sc,2018-12-19,MCI
006_S_6681,sc,sc,2019-01-24,MCI
006_S_6682,sc,sc,2019-01-24,MCI
010_S_4345,init,m84,2019-02-12,CN
068_S_4431,y1,m84,2019-02-12,MCI
141_S_6589,bl,bl,2019-02-12,CN
130_S_6612,bl,bl,2019-02-07,MCI
341_S_6686,sc,sc,2019-02-06,MCI
130_S_6688,sc,sc,2019-02-07,MCI
023_S_4502,y1,m78,2018-11-12,Dementia
019_S_6668,bl,bl,2019-02-14,MCI
033_S_4176,y1,m90,2019-02-06,CN
012_S_4643,init,m66,2018-12-18,CN
012_S_5157,init,m66,2019-02-18,CN
027_S_2219,y2,m96,2019-02-14,MCI
003_S_6644,bl,bl,2019-02-07,CN
023_S_6661,bl,bl,2019-02-20,Dementia
127_S_6549,bl,bl,2018-11-13,Dementia
019_S_6630,sc,sc,2019-02-22,MCI
141_S_6061,y1,m18,2019-01-17,MCI
098_S_6593,bl,bl,2019-02-25,MCI
127_S_4197,y1,m84,2019-01-08,Dementia
116_S_6133,y1,m12,2019-02-11,CN
130_S_6639,sc,sc,2018-11-30,MCI
126_S_6683,bl,bl,2019-02-27,Dementia
023_S_1190,y1,m144,2019-02-27,Dementia
011_S_4278,y1,m90,2019-02-25,MCI
109_S_6220,bl,bl,2019-01-25,MCI
168_S_6541,bl,bl,2018-09-28,MCI
153_S_6694,sc,sc,2019-02-27,Dementia
116_S_6100,y1,m12,2019-01-29,Dementia
009_S_6163,y1,m12,2019-02-27,CN
137_S_6654,sc,sc,2018-12-21,MCI
002_S_6695,sc,sc,2019-02-28,MCI
168_S_6634,bl,bl,2019-03-06,MCI
341_S_6686,bl,bl,2019-03-06,MCI
135_S_6687,sc,sc,2019-03-05,Dementia
141_S_6178,y1,m12,2019-03-07,CN
033_S_6697,sc,sc,2019-03-07,MCI
070_S_6236,y1,m12,2019-03-07,MCI
130_S_6688,bl,bl,2019-03-08,MCI
301_S_6698,sc,sc,2019-03-08,MCI
123_S_4170,y1,m90,2019-03-12,MCI
036_S_4430,y1,m84,2019-02-25,Dementia
114_S_5234,y1,m66,2019-02-21,MCI
023_S_6702,sc,sc,2019-03-13,MCI
018_S_2133,y1,m96,2019-03-18,Dementia
032_S_6600,bl,bl,2019-03-07,Dementia
032_S_6602,bl,bl,2019-03-07,Dementia
135_S_6687,bl,bl,2019-03-12,Dementia
137_S_4631,init,m66,2019-08-07,Dementia
033_S_6705,sc,sc,2019-03-19,Dementia
006_S_6689,sc,sc,2019-02-13,Dementia
037_S_4214,y2,m90,2019-02-20,CN
002_S_1280,y2,m144,2019-03-05,CN
137_S_4299,init,m72,2019-08-07,MCI
035_S_6660,bl,bl,2019-03-25,Dementia
109_S_6300,bl,bl,2019-03-05,MCI
041_S_6447,bl,bl,2019-01-10,CN
024_S_6005,y2,m24,2019-03-29,CN
109_S_6405,bl,bl,2019-03-28,CN
153_S_6679,bl,bl,2019-03-07,MCI
135_S_6703,sc,sc,2019-03-22,MCI
019_S_6712,sc,sc,2019-03-29,Dementia
002_S_1261,y2,m144,2019-03-14,MCI
130_S_4294,init,m72,2017-11-15,Dementia
027_S_4926,y2,m78,2019-03-11,MCI
022_S_2263,y1,m84,2018-05-01,CN
137_S_6685,sc,sc,2019-04-01,MCI
129_S_6704,sc,sc,2019-04-03,CN
130_S_4294,y1,m90,2019-04-02,Dementia
168_S_6180,y1,m12,2019-04-01,MCI
070_S_6229,y1,m12,2019-04-02,MCI
031_S_6715,sc,sc,2019-04-04,MCI
053_S_4578,init,m84,2019-04-02,CN
127_S_4210,y1,m84,2019-01-08,MCI
011_S_6714,sc,sc,2019-04-08,CN
137_S_4466,init,m72,2019-08-07,CN
130_S_6072,y1,m12,2019-04-09,Dementia
098_S_4275,init,m84,2019-04-10,CN
029_S_5219,y1,m66,2019-04-10,MCI
098_S_6707,sc,sc,2019-04-10,MCI
051_S_6719,sc,sc,2019-04-10,MCI
014_S_6145,y1,m12,2019-04-11,CN
100_S_6713,sc,sc,2019-04-10,Dementia
016_S_6708,sc,sc,2019-03-28,Dementia
068_S_0802,y1,m150,2019-03-08,MCI
016_S_6710,sc,sc,2019-03-27,MCI
126_S_6721,sc,sc,2019-04-16,Dementia
141_S_0767,y2,m150,2019-04-17,CN
141_S_1052,y2,m150,2019-04-17,MCI
098_S_6655,bl,bl,2019-04-10,Dementia
006_S_6696,sc,sc,2019-03-19,MCI
029_S_2395,y1,m90,2019-04-18,MCI
029_S_4290,y1,m90,2019-04-18,MCI
003_S_4441,y2,m84,2019-04-16,CN
127_S_5185,y1,m60,2019-01-22,CN
114_S_6597,bl,bl,2019-04-18,MCI
035_S_6722,sc,sc,2019-04-18,CN
021_S_4254,y2,m90,2019-04-02,MCI
129_S_4422,y2,m84,2019-04-08,Dementia
082_S_6690,sc,sc,2019-04-22,Dementia
023_S_6723,sc,sc,2019-04-19,MCI
126_S_6724,sc,sc,2019-04-23,MCI
002_S_6695,bl,bl,2019-04-08,MCI
116_S_4175,y1,m90,2019-04-09,Dementia
014_S_6199,y1,m12,2019-04-24,MCI
033_S_6697,bl,bl,2019-04-24,MCI
016_S_6711,sc,sc,2019-04-17,CN
032_S_1169,y1,m144,2019-04-25,MCI
021_S_4276,y2,m90,2019-04-16,CN
022_S_6716,sc,sc,2019-04-05,MCI
023_S_0031,y1,m162,2019-05-01,CN
006_S_6657,bl,bl,2019-04-30,MCI
032_S_6699,sc,sc,2019-04-25,CN
023_S_6702,bl,bl,2019-05-01,MCI
032_S_6709,sc,sc,2019-04-25,CN
116_S_4043,y1,m90,2019-01-28,CN
116_S_4855,y1,m78,2019-04-09,CN
135_S_6703,bl,bl,2019-04-09,MCI
037_S_6125,y1,m12,2019-04-04,CN
029_S_6289,y1,m12,2019-05-06,CN
021_S_6312,y1,m12,2019-04-30,MCI
013_S_6206,bl,bl,2018-07-11,MCI
126_S_6721,bl,bl,2019-05-07,Dementia
041_S_0679,y2,m150,2019-05-01,CN
006_S_0731,y1,m144,2019-01-23,CN
037_S_6141,y1,m12,2019-04-09,MCI
006_S_6209,y1,m12,2019-05-08,CN
006_S_6243,y1,m12,2019-05-08,MCI
941_S_6254,sc,sc,2019-05-08,CN
941_S_6607,sc,sc,2018-10-15,CN
033_S_6705,bl,bl,2019-05-09,Dementia
006_S_6727,sc,sc,2019-04-24,MCI
137_S_6654,bl,bl,2019-05-01,MCI
098_S_6658,bl,bl,2019-05-10,Dementia
100_S_6713,bl,bl,2019-05-10,Dementia
130_S_4817,y1,m72,2019-05-13,MCI
130_S_4817,y2,m84,2019-05-13,MCI
032_S_6700,sc,sc,2019-05-09,MCI
032_S_6701,sc,sc,2019-05-09,CN
002_S_6007,y2,m24,2019-04-30,CN
036_S_6179,y1,m12,2019-05-14,Dementia
130_S_4417,y1,m78,2019-05-10,MCI
033_S_6298,y1,m12,2019-05-10,CN
006_S_6672,bl,bl,2019-05-16,MCI
035_S_6722,bl,bl,2019-05-15,CN
021_S_0159,y2,m156,2019-05-09,CN
035_S_6730,sc,sc,2019-05-09,CN
006_S_6677,bl,bl,2019-05-16,MCI
003_S_1122,y2,m150,2019-05-20,MCI
127_S_4301,y1,m84,2018-03-19,MCI
019_S_4367,y2,m90,2019-05-22,CN
029_S_4384,y1,m84,2019-05-28,CN
127_S_5200,y1,m60,2019-02-06,CN
130_S_6047,y1,m12,2019-05-24,MCI
007_S_6255,y1,m12,2019-05-28,CN
003_S_6258,y1,m12,2019-05-29,MCI
135_S_6284,y1,m12,2019-05-13,Dementia
301_S_6297,y1,m12,2019-05-28,MCI
019_S_6315,y1,m12,2019-05-29,MCI
023_S_6334,y1,m12,2019-05-24,MCI
153_S_6336,y1,m12,2019-05-20,MCI
305_S_6378,y1,m12,2019-05-24,MCI
006_S_6651,bl,bl,2019-05-22,MCI
006_S_6681,bl,bl,2019-05-28,MCI
041_S_6731,sc,sc,2019-05-16,MCI
027_S_6733,sc,sc,2019-05-21,Dementia
035_S_6739,sc,sc,2019-05-23,CN
021_S_4419,y2,m90,2019-05-13,CN
041_S_5097,y1,m72,2019-04-25,CN
082_S_6690,bl,bl,2019-05-16,Dementia
041_S_4037,y2,m96,2019-05-09,CN
116_S_4199,y1,m90,2019-04-22,MCI
129_S_6704,bl,bl,2019-05-22,CN
141_S_1378,y2,m144,2019-06-03,MCI
141_S_6008,y2,m24,2019-06-03,CN
141_S_6015,y2,m24,2019-06-03,CN
033_S_6741,sc,sc,2019-05-29,Dementia
098_S_0896,y1,m150,2019-06-04,Dementia
127_S_1427,y1,m132,2018-10-16,Dementia
041_S_4271,y1,m84,2019-04-29,MCI
024_S_6745,sc,sc,2019-06-04,MCI
057_S_6746,sc,sc,2019-06-04,Dementia
011_S_6303,y1,m12,2019-05-20,Dementia
011_S_6714,bl,bl,2019-06-03,CN
032_S_6717,sc,sc,2019-05-30,CN
023_S_6723,bl,bl,2019-06-04,MCI
094_S_6736,sc,sc,2019-05-23,Dementia
035_S_6751,sc,sc,2019-06-05,CN
301_S_6326,y1,m12,2019-06-05,MCI
010_S_0419,init,m156,2019-06-04,CN
135_S_4489,y2,m90,2019-05-29,MCI
126_S_4507,y1,m84,2019-06-10,Dementia
126_S_4514,y1,m90,2019-06-10,MCI
067_S_6525,sc,sc,2019-06-10,MCI
021_S_0337,y2,m156,2019-05-23,CN
002_S_1155,y2,m150,2019-05-13,MCI
002_S_4654,y2,m84,2019-05-28,MCI
002_S_4799,y2,m84,2019-06-06,CN
082_S_4428,y2,m102,2020-06-08,CN
036_S_6466,bl,bl,2023-05-02,CN
130_S_5175,y2,m72,2019-06-07,CN
002_S_6009,y2,m24,2019-05-21,CN
153_S_6274,y1,m12,2019-06-05,MCI
007_S_6341,y1,m12,2019-06-11,MCI
033_S_6497,y1,m12,2019-06-11,Dementia
016_S_6613,sc,sc,2018-10-16,MCI
137_S_6659,sc,sc,2019-01-18,MCI
016_S_6708,bl,bl,2019-04-23,Dementia
051_S_6719,bl,bl,2019-06-10,MCI
126_S_6724,bl,bl,2019-06-13,MCI
098_S_6734,sc,sc,2019-06-04,CN
301_S_6753,sc,sc,2019-06-10,MCI
153_S_6755,sc,sc,2019-06-11,MCI
019_S_6757,sc,sc,2019-06-14,MCI
127_S_5132,y2,m72,2020-08-06,MCI
033_S_6352,y1,m12,2019-06-14,CN
137_S_6693,sc,sc,2019-02-22,MCI
012_S_6760,sc,sc,2019-06-18,MCI
024_S_2239,y2,m102,2019-06-19,MCI
941_S_6345,y1,m12,2019-05-15,Dementia
131_S_6692,sc,sc,2019-02-28,CN
341_S_6762,sc,sc,2019-06-19,Dementia
051_S_6761,sc,sc,2019-06-19,MCI
941_S_5193,y2,m72,2019-06-21,CN
941_S_6254,bl,bl,2019-05-22,CN
941_S_6333,y1,m12,2019-05-14,CN
135_S_6360,y1,m12,2019-06-19,CN
305_S_6742,sc,sc,2019-06-21,MCI
341_S_6764,sc,sc,2019-06-24,MCI
135_S_4722,y2,m84,2019-06-25,MCI
135_S_4723,y2,m84,2019-06-12,MCI
024_S_4674,y2,m84,2019-06-20,MCI
041_S_6401,y1,m12,2019-05-14,CN
035_S_6730,bl,bl,2019-06-26,CN
128_S_2002,y1,m108,2019-07-01,CN
941_S_4187,y2,m96,2019-06-25,CN
027_S_6733,bl,bl,2019-06-18,Dementia
130_S_6019,y2,m24,2019-07-02,CN
006_S_6277,y1,m12,2019-07-02,CN
126_S_4514,y2,m102,2020-09-14,MCI
019_S_6757,bl,bl,2019-06-28,MCI
006_S_6234,y1,m12,2019-07-03,CN
023_S_6356,y1,m12,2019-07-03,MCI
023_S_6369,y1,m12,2019-07-03,MCI
006_S_6674,bl,bl,2019-07-03,MCI
006_S_6682,bl,bl,2019-07-03,MCI
006_S_6689,bl,bl,2019-07-03,Dementia
116_S_6750,sc,sc,2019-07-03,CN
019_S_4548,y2,m90,2019-07-05,MCI
018_S_6414,y1,m12,2019-07-05,CN
129_S_2332,y2,m96,2019-05-22,CN
129_S_4369,y2,m90,2019-07-08,CN
135_S_6359,y1,m12,2019-06-26,CN
057_S_6746,bl,bl,2019-07-08,Dementia
009_S_0751,y2,m156,2019-07-02,CN
129_S_6288,y1,m12,2019-05-22,CN
041_S_6731,bl,bl,2019-06-17,MCI
014_S_6765,sc,sc,2019-06-27,MCI
027_S_5118,y2,m72,2019-05-16,CN
003_S_4644,y2,m84,2019-07-02,CN
027_S_5083,y2,m72,2019-05-01,CN
029_S_6726,sc,sc,2019-07-11,MCI
036_S_2380,y1,m96,2019-06-06,MCI
130_S_4352,y2,m90,2019-06-21,CN
135_S_6389,y1,m12,2019-07-09,Dementia
305_S_6744,sc,sc,2019-06-28,MCI
035_S_6751,bl,bl,2019-07-11,CN
010_S_6748,sc,sc,2019-07-09,MCI
027_S_5109,y2,m72,2019-05-15,CN
007_S_6421,y1,m12,2019-06-27,MCI
100_S_6767,sc,sc,2019-07-15,MCI
016_S_6773,sc,sc,2019-07-15,CN
126_S_6774,sc,sc,2019-07-15,MCI
016_S_6771,sc,sc,2019-07-10,MCI
126_S_0680,y1,m156,2019-07-17,MCI
082_S_5282,y1,m72,2019-06-17,CN
023_S_6399,y1,m12,2019-07-17,CN
035_S_6739,bl,bl,2019-07-16,CN
129_S_6763,sc,sc,2019-07-17,Dementia
082_S_4224,y1,m90,2019-06-15,CN
021_S_5177,y2,m72,2019-06-24,CN
135_S_6446,y1,m12,2019-07-11,MCI
013_S_6768,sc,sc,2019-07-17,Dementia
126_S_0605,y1,m156,2019-07-22,Dementia
003_S_4354,y2,m90,2019-07-09,MCI
135_S_4446,y2,m90,2019-07-15,MCI
011_S_6367,y1,m12,2019-07-22,CN
009_S_4324,y2,m90,2019-07-10,Dementia
130_S_6037,y2,m24,2019-07-23,CN
035_S_6488,y1,m12,2019-07-23,CN
128_S_2220,y1,m102,2019-07-24,MCI
003_S_6260,y1,m12,2019-07-23,CN
009_S_6402,y1,m12,2019-07-17,MCI
153_S_6781,sc,sc,2019-07-23,MCI
129_S_6452,y1,m12,2019-07-24,CN
141_S_6779,sc,sc,2019-07-24,MCI
941_S_4292,y2,m90,2019-07-24,CN
135_S_5113,y2,m78,2019-07-18,CN
116_S_6775,sc,sc,2019-07-25,MCI
035_S_6782,sc,sc,2019-07-24,CN
109_S_6406,bl,bl,2019-04-17,MCI
032_S_5289,y2,m66,2019-07-03,CN
099_S_6175,y1,m12,2019-07-29,CN
130_S_6329,y1,m12,2019-07-29,MCI
099_S_6396,y1,m12,2019-07-29,CN
032_S_6709,bl,bl,2019-07-16,CN
168_S_6735,sc,sc,2019-07-05,Dementia
168_S_6754,sc,sc,2019-07-05,Dementia
168_S_6142,y1,m18,2019-07-26,Dementia
301_S_6777,sc,sc,2019-08-01,MCI
007_S_2394,y2,m96,2019-08-01,MCI
027_S_6034,y2,m24,2019-07-26,MCI
941_S_6054,y2,m24,2019-07-31,CN
067_S_4767,y2,m84,2019-07-31,CN
067_S_6525,bl,bl,2019-07-10,MCI
016_S_6789,sc,sc,2019-08-02,MCI
016_S_6790,sc,sc,2019-08-01,CN
098_S_6707,bl,bl,2019-08-05,MCI
032_S_6728,sc,sc,2019-07-11,MCI
141_S_6787,sc,sc,2019-07-26,MCI
021_S_0178,y2,m156,2019-06-10,CN
135_S_4598,y2,m90,2019-08-05,CN
019_S_4835,y2,m84,2019-08-06,CN
006_S_6291,y1,m12,2019-08-07,MCI
003_S_6432,y1,m12,2019-08-07,MCI
035_S_6480,y1,m12,2019-08-06,MCI
027_S_6788,sc,sc,2019-07-29,MCI
023_S_6792,sc,sc,2019-08-06,CN
027_S_6793,sc,sc,2019-08-01,MCI
037_S_0377,y2,m156,2019-07-11,MCI
067_S_2301,y2,m102,2019-08-07,CN
024_S_4084,y2,m96,2019-08-08,CN
024_S_6033,y2,m24,2019-08-08,MCI
037_S_6216,y1,m12,2019-07-30,Dementia
036_S_6231,y1,m18,2019-08-06,Dementia
003_S_6268,y1,m12,2019-08-07,MCI
129_S_6784,sc,sc,2019-08-07,Dementia
023_S_6795,sc,sc,2019-08-08,CN
009_S_4612,y2,m90,2019-08-05,CN
126_S_5214,y1,m72,2019-08-09,MCI
127_S_6241,y1,m12,2019-08-06,MCI
135_S_6509,y1,m12,2019-08-06,CN
116_S_6750,bl,bl,2019-07-18,CN
130_S_0969,y2,m150,2019-08-09,CN
130_S_2403,y2,m96,2019-08-09,Dementia
341_S_6764,bl,bl,2019-08-12,MCI
137_S_6794,sc,sc,2019-08-06,CN
130_S_2373,y1,m84,2019-08-13,Dementia
018_S_4399,y2,m90,2019-08-15,CN
052_S_4944,y1,m78,2019-07-28,MCI
127_S_6330,y1,m12,2019-06-24,CN
305_S_6744,bl,bl,2019-07-29,MCI
016_S_6799,sc,sc,2019-08-16,CN
128_S_4742,y1,m84,2019-08-15,MCI
024_S_6385,y1,m12,2019-08-16,CN
305_S_6742,bl,bl,2019-08-13,MCI
129_S_6763,bl,bl,2019-08-07,Dementia
041_S_1418,y2,m144,2019-07-26,MCI
014_S_2308,y2,m102,2019-08-20,MCI
130_S_2373,y2,m96,2019-08-13,Dementia
012_S_4643,y1,m84,2019-08-19,CN
021_S_5194,y2,m72,2019-07-23,CN
019_S_6483,y1,m12,2019-08-19,MCI
130_S_6604,bl,bl,2019-08-20,MCI
006_S_6770,sc,sc,2019-07-10,MCI
022_S_6796,sc,sc,2019-08-19,Dementia
022_S_6797,sc,sc,2019-08-19,CN
002_S_0413,y2,m162,2019-08-22,CN
041_S_5100,y2,m78,2019-07-22,CN
021_S_5237,y2,m72,2019-07-31,MCI
099_S_6016,y2,m24,2019-08-21,CN
032_S_6211,y1,m12,2019-07-03,CN
036_S_6316,y1,m12,2019-08-20,CN
037_S_6204,y1,m12,2019-08-20,CN
037_S_6377,y1,m12,2019-08-22,Dementia
016_S_6802,sc,sc,2019-08-21,CN
032_S_6699,bl,bl,2019-08-26,CN
130_S_4417,y2,m90,2019-08-27,MCI
041_S_5078,y2,m78,2019-07-30,CN
003_S_6307,y1,m12,2019-08-27,CN
127_S_4198,y1,m84,2019-02-06,MCI
127_S_6436,y1,m12,2019-08-27,CN
013_S_6780,sc,sc,2019-08-28,CN
041_S_6785,sc,sc,2019-08-02,CN
041_S_6786,sc,sc,2019-07-30,CN
014_S_2185,y2,m102,2019-08-29,Dementia
127_S_2234,y1,m96,2019-03-19,CN
014_S_4401,y2,m90,2019-08-29,CN
022_S_6013,y2,m24,2019-08-26,Dementia
029_S_6726,bl,bl,2019-08-29,MCI
022_S_2263,y2,m96,2019-08-26,CN
022_S_5004,y2,m78,2019-08-26,MCI
130_S_5258,y2,m72,2019-07-02,CN
130_S_6072,y2,m24,2019-08-30,Dementia
135_S_6510,y1,m12,2019-08-23,CN
098_S_6747,sc,sc,2019-08-14,MCI
126_S_4891,y1,m84,2019-08-16,Dementia
037_S_6187,y1,m12,2019-08-26,CN
027_S_6788,bl,bl,2019-09-04,MCI
016_S_6800,sc,sc,2019-08-19,MCI
016_S_6809,sc,sc,2019-09-05,MCI
041_S_4874,y2,m84,2019-08-21,CN
126_S_4896,y1,m84,2019-09-06,MCI
019_S_6533,y1,m12,2019-09-05,MCI
041_S_6801,sc,sc,2019-08-20,CN
301_S_6056,y2,m24,2019-09-10,MCI
131_S_6616,bl,bl,2019-04-11,MCI
301_S_6777,bl,bl,2019-09-10,MCI
301_S_6811,sc,sc,2019-09-10,MCI
127_S_4148,y2,m96,2019-09-10,CN
127_S_4604,y2,m90,2019-09-10,CN
027_S_5169,y2,m72,2019-08-14,CN
006_S_6252,y1,m12,2019-08-27,Dementia
100_S_6273,y1,m18,2019-09-11,CN
012_S_6503,y1,m12,2019-09-09,MCI
035_S_6551,y1,m12,2019-08-22,CN
010_S_6748,bl,bl,2019-09-11,MCI
012_S_6760,bl,bl,2019-09-09,MCI
014_S_6765,bl,bl,2019-09-11,MCI
941_S_4376,y1,m90,2019-08-07,CN
020_S_6513,y1,m12,2019-09-09,CN
131_S_6805,sc,sc,2019-08-28,MCI
014_S_4576,y2,m90,2019-09-13,CN
126_S_5243,y1,m72,2019-09-13,CN
024_S_5290,y2,m72,2019-09-16,CN
029_S_6798,sc,sc,2019-09-16,MCI
003_S_4288,y2,m96,2019-09-16,CN
002_S_6030,y2,m24,2019-09-17,CN
114_S_6039,y2,m24,2019-09-09,Dementia
114_S_6758,sc,sc,2019-09-10,MCI
341_S_6820,sc,sc,2019-09-19,Dementia
023_S_6535,y1,m12,2019-09-19,MCI
022_S_6796,bl,bl,2019-09-16,Dementia
022_S_6797,bl,bl,2019-09-16,CN
016_S_6771,bl,bl,2019-07-31,MCI
127_S_5200,y2,m72,2019-09-03,CN
941_S_6068,y2,m24,2019-09-10,MCI
135_S_6545,y1,m12,2019-09-13,Dementia
011_S_6618,bl,bl,2019-02-04,MCI
016_S_6816,sc,sc,2019-09-20,MCI
003_S_6264,y1,m12,2019-09-20,Dementia
137_S_4299,y1,m84,2019-08-07,MCI
114_S_6251,y1,m12,2019-09-18,CN
006_S_6727,bl,bl,2019-09-17,MCI
006_S_6770,bl,bl,2019-09-17,MCI
941_S_6803,sc,sc,2019-08-27,MCI
130_S_6823,sc,sc,2019-09-24,MCI
022_S_6822,sc,sc,2019-09-23,CN
033_S_6824,sc,sc,2019-09-24,Dementia
011_S_6465,y1,m12,2019-08-05,CN
018_S_4400,y2,m90,2019-09-27,MCI
051_S_6761,bl,bl,2019-09-27,MCI
041_S_4060,y2,m96,2019-09-11,CN
057_S_5292,y1,m72,2019-09-30,CN
037_S_5126,y2,m78,2019-09-30,CN
037_S_5222,y2,m72,2019-09-30,CN
027_S_6370,y1,m12,2019-09-30,MCI
041_S_5253,y2,m72,2019-09-27,CN
153_S_6755,bl,bl,2019-07-25,MCI
941_S_6803,bl,bl,2019-09-17,MCI
033_S_6572,y1,m12,2019-09-26,CN
002_S_4213,y2,m96,2019-09-24,CN
129_S_6784,bl,bl,2019-10-02,Dementia
012_S_4643,y2,m90,2019-10-02,CN
027_S_5170,y2,m78,2019-09-18,CN
128_S_2123,y1,m108,2019-09-30,MCI
003_S_6067,y2,m24,2019-10-04,CN
068_S_2187,y2,m108,2019-10-07,MCI
051_S_5285,y1,m66,2019-06-12,Dementia
168_S_6426,y1,m12,2019-10-07,MCI
168_S_6467,y1,m12,2019-10-07,MCI
100_S_6493,y1,m12,2019-10-03,CN
305_S_6498,y1,m12,2019-10-09,MCI
168_S_6754,bl,bl,2019-10-07,Dementia
168_S_6815,sc,sc,2019-10-07,MCI
123_S_6825,sc,sc,2019-10-02,Dementia
020_S_5203,y2,m78,2019-10-08,CN
127_S_6433,y1,m12,2019-10-08,Dementia
128_S_2130,y1,m102,2019-10-15,MCI
114_S_6813,sc,sc,2019-10-08,CN
032_S_0677,y2,m156,2019-10-01,CN
035_S_4114,y2,m96,2019-10-08,Dementia
041_S_4271,y2,m96,2019-10-07,Dementia
135_S_4356,y2,m96,2019-09-23,MCI
135_S_6544,y1,m12,2019-10-02,MCI
032_S_6717,bl,bl,2019-10-01,CN
168_S_6817,sc,sc,2019-10-15,MCI
014_S_6522,y1,m12,2019-10-17,CN
127_S_0684,y2,m156,2019-10-08,CN
016_S_6773,bl,bl,2019-09-11,CN
041_S_6785,bl,bl,2019-10-10,CN
033_S_0734,y2,m156,2019-10-21,CN
007_S_4488,y2,m90,2019-10-21,CN
127_S_1427,y2,m144,2019-10-22,Dementia
068_S_4340,y2,m96,2019-10-21,CN
007_S_4387,y2,m96,2019-10-21,CN
127_S_5228,y2,m72,2019-10-08,CN
007_S_5265,y2,m72,2019-10-21,CN
168_S_6285,bl,bl,2018-05-17,CN
341_S_6820,bl,bl,2019-10-23,Dementia
018_S_2180,y2,m102,2019-10-24,MCI
018_S_4313,y2,m96,2019-10-24,CN
068_S_4332,y2,m96,2019-10-21,CN
041_S_4427,y2,m90,2019-10-24,CN
168_S_6051,y2,m24,2019-10-21,CN
168_S_6541,y1,m12,2019-10-21,MCI
168_S_6735,bl,bl,2019-10-21,Dementia
032_S_6804,sc,sc,2019-10-17,MCI
003_S_4119,y2,m96,2019-10-24,CN
022_S_6822,bl,bl,2019-10-21,CN
168_S_6827,sc,sc,2019-10-24,Dementia
168_S_6828,sc,sc,2019-10-24,Dementia
014_S_6831,sc,sc,2019-10-24,CN
016_S_6800,bl,bl,2019-09-26,MCI
168_S_6821,sc,sc,2019-10-28,MCI
141_S_6061,y2,m24,2020-09-22,MCI
941_S_6080,y2,m24,2019-10-25,CN
041_S_6786,bl,bl,2019-10-11,CN
041_S_6801,bl,bl,2019-10-23,CN
137_S_6826,sc,sc,2019-10-02,CN
037_S_6031,y2,m24,2019-10-21,CN
012_S_6073,y2,m24,2019-10-30,Dementia
006_S_6696,bl,bl,2019-10-10,MCI
023_S_1190,y2,m156,2019-10-30,Dementia
067_S_2304,y2,m102,2019-09-18,MCI
082_S_4428,y1,m90,2019-10-07,CN
100_S_4469,y2,m90,2019-11-01,CN
053_S_4813,y1,m90,2019-10-31,MCI
067_S_6474,y1,m12,2019-09-18,MCI
053_S_6598,y1,m12,2019-10-31,MCI
305_S_6810,sc,sc,2019-10-30,Dementia
168_S_6828,bl,bl,2019-10-31,Dementia
041_S_5141,y2,m78,2019-11-04,CN
033_S_5259,y2,m72,2019-10-22,CN
032_S_6279,y1,m12,2019-10-17,MCI
129_S_6830,sc,sc,2019-11-04,MCI
035_S_0156,y2,m162,2019-11-04,MCI
014_S_6076,y2,m24,2019-11-05,CN
003_S_6479,y1,m12,2019-11-04,MCI
003_S_0908,y2,m156,2019-11-04,MCI
031_S_0618,y1,m156,2019-11-07,CN
018_S_2155,y2,m108,2020-11-09,MCI
031_S_4021,y1,m102,2019-11-07,CN
135_S_6586,y1,m12,2019-10-25,MCI
007_S_4637,y2,m90,2019-10-22,CN
127_S_6512,y1,m12,2019-10-08,MCI
099_S_4076,y2,m102,2019-11-11,CN
003_S_4350,y2,m96,2019-11-08,CN
051_S_5294,y1,m66,2019-06-18,MCI
037_S_6222,y1,m12,2019-09-08,MCI
135_S_6622,y1,m12,2019-10-31,MCI
114_S_4404,y1,m84,2019-12-18,Dementia
041_S_4513,y2,m90,2019-11-13,CN
131_S_6805,bl,bl,2019-11-07,MCI
941_S_6580,y1,m12,2019-09-24,CN
016_S_5057,init,m78,2019-07-22,Dementia
168_S_6059,y2,m24,2019-11-14,CN
341_S_6605,y1,m12,2019-11-12,MCI
016_S_6834,sc,sc,2019-11-13,CN
003_S_4900,y2,m84,2019-11-15,CN
141_S_6075,y2,m24,2019-11-13,MCI
141_S_6779,bl,bl,2019-11-13,MCI
127_S_6549,y1,m12,2019-10-22,Dementia
099_S_2146,y2,m108,2019-11-18,CN
002_S_5230,y2,m78,2019-10-17,CN
068_S_2184,y2,m108,2019-11-14,CN
016_S_4902,y1,m84,2019-10-16,Dementia
002_S_6066,y2,m24,2019-11-12,CN
002_S_6053,y2,m24,2019-11-05,CN
301_S_6592,y1,m12,2019-11-19,Dementia
003_S_6833,sc,sc,2019-11-12,Dementia
127_S_4210,y2,m96,2019-10-22,MCI
037_S_0467,y2,m162,2019-11-18,Dementia
016_S_6836,sc,sc,2019-11-24,MCI
020_S_5140,y2,m78,2019-11-21,CN
016_S_6790,bl,bl,2019-11-25,MCI
006_S_0731,y2,m156,2019-11-27,CN
068_S_4061,y2,m102,2019-11-27,CN
002_S_4229,y2,m96,2019-11-14,MCI
033_S_5198,y2,m78,2019-11-26,CN
114_S_6758,bl,bl,2019-10-31,MCI
016_S_6799,bl,bl,2019-09-11,CN
114_S_6813,bl,bl,2019-11-26,CN
168_S_6817,bl,bl,2019-11-27,MCI
032_S_4277,y2,m90,2019-11-07,CN
032_S_6293,y1,m12,2019-11-07,CN
012_S_6837,sc,sc,2019-12-02,Dementia
006_S_6441,y1,m12,2019-12-03,MCI
016_S_6789,bl,bl,2019-09-27,MCI
016_S_6802,bl,bl,2019-09-25,CN
100_S_4556,y2,m90,2019-11-20,CN
016_S_6816,bl,bl,2019-12-04,MCI
130_S_6105,y2,m24,2019-12-04,CN
130_S_6604,y1,m12,2019-12-04,MCI
031_S_6838,sc,sc,2019-11-26,Dementia
037_S_4028,y2,m102,2019-11-21,CN
020_S_6227,y2,m30,2020-09-01,CN
305_S_6810,bl,bl,2019-12-02,Dementia
135_S_6110,y2,m24,2019-11-14,MCI
137_S_6812,sc,sc,2019-10-01,Dementia
129_S_6830,bl,bl,2019-12-09,MCI
130_S_6388,sc,sc,2018-05-21,CN
016_S_6839,sc,sc,2019-12-10,Dementia
301_S_6615,y1,m12,2019-12-10,MCI
135_S_6840,sc,sc,2019-12-05,Dementia
023_S_4448,y2,m96,2019-12-11,CN
301_S_6811,bl,bl,2019-12-11,MCI
033_S_1016,y2,m156,2019-12-12,CN
033_S_1098,y2,m156,2019-12-10,Dementia
130_S_6391,bl,bl,2019-12-16,CN
129_S_6621,y1,m12,2019-12-09,CN
135_S_6104,y2,m24,2019-11-18,CN
018_S_4889,y2,m90,2019-12-18,MCI
022_S_6069,y2,m30,2019-12-16,CN
099_S_6097,y2,m24,2019-12-18,CN
153_S_6633,bl,bl,2018-12-20,MCI
068_S_0473,y2,m162,2019-12-16,CN
041_S_4051,y2,m96,2019-05-20,CN
023_S_4164,y2,m96,2019-12-13,CN
003_S_5130,y2,m78,2019-12-19,MCI
127_S_5185,y2,m72,2019-11-12,CN
002_S_6103,y2,m24,2019-12-19,CN
168_S_6591,y1,m12,2019-12-16,MCI
153_S_6694,bl,bl,2019-02-27,Dementia
003_S_6833,bl,bl,2019-12-18,Dementia
168_S_6065,y2,m24,2019-12-23,CN
168_S_6619,y1,m12,2019-12-23,MCI
002_S_5178,y2,m78,2019-12-09,CN
168_S_6821,bl,bl,2019-12-16,MCI
135_S_6840,bl,bl,2019-12-16,Dementia
137_S_4351,y2,m96,2020-01-02,MCI
114_S_4404,y2,m90,2019-12-18,Dementia
067_S_4782,y2,m84,2019-11-04,MCI
041_S_4200,y2,m96,2019-12-23,CN
002_S_4225,y1,m96,2019-12-12,Dementia
037_S_4706,y2,m90,2019-12-30,MCI
037_S_6083,y2,m24,2019-12-30,MCI
022_S_6716,bl,bl,2020-01-13,MCI
032_S_6804,bl,bl,2019-12-02,MCI
052_S_6832,sc,sc,2019-12-20,MCI
067_S_0056,y2,m168,2019-12-11,MCI
137_S_4631,y1,m78,2019-01-16,Dementia
137_S_4862,y1,m72,2019-10-02,Dementia
130_S_6043,y2,m24,2019-12-20,CN
130_S_6047,y2,m24,2019-12-22,MCI
098_S_6734,bl,bl,2020-01-08,CN
067_S_0059,y2,m168,2020-01-08,MCI
128_S_2036,init,m108,2020-01-09,MCI
027_S_2245,y3,m108,2020-01-08,MCI
027_S_5288,y2,m72,2019-10-01,CN
116_S_6775,bl,bl,2019-12-19,MCI
014_S_6831,bl,bl,2020-01-09,CN
003_S_6606,y1,m12,2020-01-10,MCI
052_S_6844,sc,sc,2020-01-07,MCI
305_S_6845,sc,sc,2020-01-02,MCI
032_S_6602,y1,m12,2020-01-13,Dementia
006_S_4485,y2,m90,2020-01-15,CN
006_S_6610,y1,m12,2020-01-15,MCI
023_S_4115,y2,m102,2020-01-15,Dementia
029_S_5135,y1,m78,2020-01-16,MCI
024_S_6846,sc,sc,2020-01-16,MCI
130_S_6027,bl,bl,2020-01-17,CN
006_S_0498,y2,m156,2020-01-21,CN
012_S_4094,y2,m102,2020-01-20,Dementia
020_S_6185,y2,m24,2020-01-16,CN
098_S_6534,y1,m12,2020-01-21,MCI
052_S_6832,bl,bl,2020-01-09,MCI
012_S_6837,bl,bl,2020-01-20,Dementia
114_S_2392,y2,m96,2019-10-16,MCI
035_S_4464,y2,m96,2020-01-21,CN
130_S_6027,y2,m24,2019-11-12,CN
029_S_6798,bl,bl,2020-01-22,MCI
099_S_6038,y2,m24,2020-01-22,CN
052_S_6844,bl,bl,2020-01-13,MCI
022_S_6847,sc,sc,2020-01-21,MCI
019_S_6635,y1,m12,2020-01-24,MCI
006_S_4713,y2,m90,2020-01-28,CN
114_S_6595,bl,bl,2020-01-27,Dementia
168_S_6843,sc,sc,2020-01-28,Dementia
305_S_6850,sc,sc,2020-01-27,Dementia
013_S_6768,bl,bl,2020-01-29,Dementia
035_S_0555,y2,m156,2020-01-23,Dementia
007_S_4620,y2,m90,2020-01-21,CN
941_S_6094,y2,m24,2019-11-12,CN
041_S_6136,y2,m24,2020-01-27,CN
041_S_6159,y2,m24,2020-01-28,CN
941_S_6575,y1,m12,2019-09-16,CN
305_S_6845,bl,bl,2020-01-29,MCI
016_S_6809,bl,bl,2020-01-31,MCI
016_S_6834,bl,bl,2020-01-31,CN
016_S_6839,bl,bl,2020-01-31,Dementia
024_S_6846,bl,bl,2020-02-03,MCI
168_S_6062,y2,m24,2020-02-03,CN
099_S_6632,y1,m12,2020-01-28,MCI
168_S_6843,bl,bl,2020-02-03,Dementia
016_S_6853,sc,sc,2020-02-04,CN
027_S_6842,sc,sc,2020-01-09,MCI
129_S_6848,sc,sc,2020-02-05,MCI
033_S_4179,y2,m102,2020-01-24,MCI
027_S_6849,sc,sc,2020-01-21,Dementia
941_S_6854,sc,sc,2020-02-04,Dementia
032_S_6700,bl,bl,2020-01-27,MCI
027_S_4919,y3,m90,2020-01-27,MCI
027_S_5093,y2,m84,2020-01-24,CN
168_S_6142,y2,m24,2020-02-11,Dementia
027_S_2219,y3,m108,2020-02-03,MCI
141_S_6116,y2,m24,2020-02-11,CN
141_S_2333,y2,m102,2020-02-11,MCI
100_S_6164,y2,m24,2020-02-12,CN
002_S_6652,y1,m12,2020-02-06,CN
013_S_6780,bl,bl,2020-02-14,CN
131_S_6170,y1,m18,2020-01-30,CN
129_S_6852,sc,sc,2020-02-18,MCI
033_S_6859,sc,sc,2020-02-18,CN
100_S_5091,y2,m78,2020-02-12,CN
013_S_5171,init,m60,2018-06-11,CN
100_S_0069,y2,m168,2020-02-12,MCI
041_S_5097,y2,m84,2020-01-21,CN
024_S_6184,y2,m24,2020-02-10,CN
033_S_4177,y2,m102,2020-02-20,CN
129_S_6146,y2,m24,2020-02-25,CN
035_S_6200,y2,m24,2020-02-24,CN
067_S_6529,y1,m18,2020-02-24,MCI
019_S_6668,y1,m12,2020-02-24,MCI
013_S_6725,sc,sc,2019-04-24,MCI
027_S_6842,bl,bl,2020-02-18,MCI
022_S_6847,bl,bl,2020-02-24,MCI
305_S_6850,bl,bl,2020-02-19,Dementia
127_S_6024,y2,m24,2019-12-17,CN
126_S_6683,y1,m12,2020-02-28,Dementia
129_S_6857,sc,sc,2020-02-25,MCI
053_S_6861,sc,sc,2020-02-28,MCI
068_S_0127,y2,m168,2020-02-25,MCI
131_S_0384,y2,m162,2020-01-08,CN
029_S_2395,y2,m102,2020-03-02,MCI
098_S_4003,y2,m102,2020-03-03,CN
137_S_4536,y1,m78,2020-03-03,MCI
099_S_6025,y2,m30,2020-03-03,CN
098_S_6593,y1,m12,2020-03-03,MCI
137_S_4536,y2,m90,2020-03-03,MCI
168_S_6634,y1,m12,2020-03-03,Dementia
168_S_6851,sc,sc,2020-03-03,MCI
013_S_4580,init,m66,2018-03-27,CN
019_S_6186,y2,m24,2020-03-02,CN
168_S_6151,y2,m24,2020-03-02,CN
305_S_6157,y2,m24,2020-02-28,CN
094_S_6867,sc,sc,2020-03-05,Dementia
168_S_6860,sc,sc,2020-03-09,MCI
941_S_4036,y2,m102,2020-02-19,MCI
130_S_6688,y1,m12,2020-03-10,MCI
027_S_6849,bl,bl,2020-03-03,Dementia
941_S_6854,bl,bl,2020-03-04,Dementia
022_S_6863,sc,sc,2020-03-09,MCI
130_S_4294,y2,m96,2020-03-11,Dementia
109_S_4499,y1,m96,2020-03-03,MCI
029_S_4585,y2,m90,2020-03-11,CN
027_S_4869,y3,m90,2020-02-13,MCI
027_S_6183,y2,m24,2020-03-02,CN
023_S_6661,y1,m12,2020-03-10,Dementia
002_S_6864,sc,sc,2020-03-03,MCI
014_S_6145,y2,m24,2020-03-12,CN
070_S_6236,y2,m24,2020-03-12,MCI
027_S_6643,y1,m12,2020-01-31,MCI
033_S_6266,y2,m24,2020-03-17,CN
007_S_1222,y2,m156,2020-03-20,CN
033_S_4176,y2,m102,2020-02-12,CN
007_S_4272,y2,m96,2020-03-20,MCI
041_S_6192,y2,m24,2020-03-23,CN
123_S_6118,y2,m24,2020-01-08,CN
116_S_4043,y2,m102,2020-02-18,CN
029_S_5219,y2,m78,2020-03-26,MCI
057_S_6869,sc,sc,2020-03-16,Dementia
131_S_6616,y1,m12,2020-03-12,MCI
123_S_0072,y2,m162,2019-10-16,CN
013_S_2389,init,m78,2020-03-11,CN
123_S_4170,y2,m96,2019-10-25,MCI
123_S_4127,y1,m96,2019-10-18,MCI
123_S_6825,bl,bl,2019-10-10,Dementia
123_S_0106,y2,m162,2019-10-10,Dementia
116_S_4453,y2,m96,2020-05-14,CN
116_S_6543,y1,m12,2019-08-05,Dementia
116_S_6100,y2,m24,2020-01-27,Dementia
019_S_6315,y2,m24,2020-05-20,MCI
301_S_6297,y2,m24,2020-05-20,MCI
116_S_6133,y2,m24,2020-05-20,CN
116_S_4855,y2,m90,2020-02-20,CN
116_S_6550,y1,m12,2019-08-26,MCI
941_S_6058,y2,m24,2019-08-14,CN
305_S_6871,sc,sc,2020-06-08,MCI
019_S_4548,y3,m102,2020-06-22,MCI
116_S_6428,y1,m12,2020-06-16,MCI
129_S_6848,bl,bl,2020-06-22,MCI
168_S_6873,sc,sc,2020-06-29,MCI
129_S_6852,bl,bl,2020-06-22,MCI
130_S_2373,y3,m108,2020-07-06,Dementia
033_S_6705,y1,m12,2020-06-25,Dementia
168_S_6874,sc,sc,2020-06-29,MCI
168_S_6875,sc,sc,2020-07-06,MCI
033_S_6298,y2,m24,2020-07-07,CN
036_S_6876,sc,sc,2020-07-02,MCI
168_S_6860,bl,bl,2020-06-29,MCI
099_S_6175,y2,m24,2020-07-10,CN
135_S_4722,y3,m96,2020-06-30,MCI
036_S_6878,sc,sc,2020-07-15,MCI
135_S_4723,y3,m96,2020-06-30,MCI
135_S_6446,y2,m24,2020-07-14,MCI
305_S_6313,y2,m24,2020-06-08,CN
141_S_6240,y2,m30,2020-07-22,CN
033_S_6352,y2,m24,2020-07-17,CN
099_S_6396,y2,m24,2020-07-23,CN
168_S_6873,bl,bl,2020-07-17,MCI
168_S_6874,bl,bl,2020-07-17,MCI
007_S_6255,y2,m24,2020-07-28,CN
177_S_6335,y2,m24,2020-07-22,CN
128_S_4607,y1,m90,2019-11-11,CN
035_S_6480,y2,m24,2020-07-29,MCI
035_S_6488,y2,m24,2020-07-29,CN
116_S_6439,y2,m24,2020-08-03,CN
116_S_4199,y2,m102,2020-08-03,MCI
129_S_6228,y2,m24,2020-08-05,CN
177_S_6409,y2,m24,2020-07-24,CN
305_S_6877,sc,sc,2020-07-23,MCI
127_S_6147,y2,m24,2020-08-06,CN
020_S_6449,y2,m24,2020-07-29,CN
032_S_6600,y1,m12,2020-02-20,Dementia
032_S_6855,sc,sc,2020-03-12,Dementia
305_S_6378,y2,m24,2020-08-07,MCI
019_S_6483,y2,m24,2020-08-06,MCI
305_S_6871,bl,bl,2020-08-07,MCI
135_S_6389,y2,m24,2020-07-28,Dementia
033_S_6497,y2,m24,2020-08-07,Dementia
036_S_6878,bl,bl,2020-08-10,MCI
135_S_6509,y2,m24,2020-08-12,CN
129_S_6244,y2,m30,2020-08-05,CN
941_S_6254,y1,m12,2020-08-17,CN
141_S_6872,sc,sc,2020-02-06,CN
099_S_6476,y2,m24,2020-08-19,CN
020_S_6470,y2,m24,2020-08-12,CN
305_S_6879,sc,sc,2020-08-19,MCI
021_S_4254,y3,m108,2020-08-17,MCI
135_S_6510,y2,m24,2020-08-20,CN
135_S_4489,y3,m102,2020-08-18,MCI
007_S_6341,y2,m24,2020-08-19,MCI
019_S_6757,y1,m12,2020-08-24,MCI
130_S_4417,y3,m102,2020-08-27,MCI
130_S_6047,y3,m36,2020-08-24,MCI
168_S_6875,bl,bl,2020-08-28,MCI
129_S_6457,y2,m24,2020-08-11,CN
305_S_6742,y1,m12,2020-08-31,MCI
305_S_6744,y1,m12,2020-08-31,CN
036_S_6179,y2,m30,2020-09-03,Dementia
036_S_6885,sc,sc,2020-09-02,MCI
070_S_6886,sc,sc,2020-09-02,CN
305_S_6881,sc,sc,2020-08-24,Dementia
305_S_6882,sc,sc,2020-08-31,MCI
123_S_6884,sc,sc,2020-09-08,MCI
141_S_6253,y2,m30,2020-09-08,CN
131_S_6519,y2,m24,2020-09-09,CN
036_S_4538,y2,m102,2020-09-15,Dementia
037_S_6144,y2,m24,2020-05-19,MCI
127_S_6241,y2,m24,2020-09-01,Dementia
007_S_6310,y2,m24,2020-09-01,CN
116_S_6775,y1,m12,2020-09-17,MCI
021_S_6312,y2,m30,2020-09-09,MCI
305_S_6879,bl,bl,2020-09-14,MCI
021_S_5237,y3,m84,2020-09-15,MCI
141_S_6178,y2,m24,2020-09-24,CN
135_S_6411,y2,m24,2020-08-18,MCI
141_S_6872,bl,bl,2020-09-22,CN
126_S_4896,y2,m96,2020-09-16,MCI
126_S_5243,y2,m84,2020-09-16,CN
057_S_5292,y2,m84,2020-09-25,CN
002_S_1280,y3,m156,2020-03-10,CN
126_S_0680,y2,m168,2020-09-28,MCI
126_S_4507,y2,m102,2020-09-28,Dementia
036_S_6885,bl,bl,2020-09-28,MCI
036_S_6887,sc,sc,2020-09-18,MCI
033_S_6889,sc,sc,2020-09-25,MCI
127_S_2234,y2,m108,2020-09-29,CN
131_S_6143,y1,m12,2019-09-26,MCI
177_S_6448,y2,m24,2020-09-16,CN
305_S_6877,bl,bl,2020-08-31,MCI
137_S_6880,sc,sc,2020-09-02,MCI
123_S_6888,sc,sc,2020-10-01,MCI
007_S_6323,y2,m30,2020-09-22,CN
007_S_6455,y2,m24,2020-09-30,CN
022_S_6796,y1,m12,2020-09-30,Dementia
022_S_6863,bl,bl,2020-09-29,Dementia
941_S_6333,y2,m30,2020-09-16,CN
114_S_6347,y1,m12,2020-06-02,Dementia
135_S_6544,y2,m24,2020-09-30,MCI
137_S_4520,y2,m90,2020-09-24,CN
041_S_6401,y2,m24,2020-10-08,CN
033_S_6572,y2,m24,2020-10-01,CN
022_S_6716,y1,m12,2020-10-08,MCI
035_S_4785,y2,m78,2019-11-06,MCI
020_S_6513,y2,m24,2020-08-18,CN
137_S_6883,sc,sc,2020-09-24,MCI
037_S_6377,y2,m24,2020-10-06,Dementia
020_S_6504,y2,m24,2020-10-12,CN
941_S_6345,y2,m30,2020-10-14,Dementia
941_S_6454,y2,m24,2020-10-14,CN
941_S_6546,y2,m24,2020-10-14,CN
036_S_6189,y2,m30,2020-10-15,MCI
129_S_6857,bl,bl,2020-10-12,MCI
036_S_6887,bl,bl,2020-10-09,MCI
070_S_6886,bl,bl,2020-10-07,CN
082_S_6287,y2,m24,2020-07-27,CN
041_S_6354,y2,m24,2020-10-15,CN
941_S_6580,y2,m24,2020-10-22,CN
135_S_6586,y2,m24,2020-10-13,MCI
130_S_6823,bl,bl,2020-10-22,MCI
021_S_6890,sc,sc,2020-10-14,MCI
013_S_4268,init,m84,2018-11-19,CN
013_S_4395,init,m78,2018-07-13,CN
126_S_6724,y1,m12,2020-10-26,Dementia
168_S_6320,y2,m30,2020-10-21,CN
168_S_6321,y2,m30,2020-10-21,CN
168_S_6467,y2,m24,2020-10-21,Dementia
068_S_2315,y3,m114,2020-10-21,MCI
168_S_6049,y2,m30,2020-10-21,CN
168_S_6180,y2,m30,2020-10-21,MCI
168_S_6233,y2,m30,2020-10-21,CN
168_S_6371,y2,m30,2020-10-29,MCI
168_S_6413,y2,m24,2020-10-21,CN
129_S_6459,y2,m24,2020-10-28,CN
168_S_6754,y1,m12,2020-10-21,Dementia
129_S_6763,y1,m12,2020-10-28,Dementia
123_S_6891,sc,sc,2020-10-29,Dementia
127_S_6203,y2,m30,2020-10-13,CN
014_S_6765,y1,m12,2020-10-27,MCI
041_S_6785,y1,m12,2020-10-30,CN
024_S_6202,y2,m24,2020-11-02,CN
007_S_6515,y2,m24,2020-10-14,CN
016_S_6816,y1,m12,2020-11-02,MCI
035_S_4785,y3,m90,2020-11-02,MCI
027_S_6788,y1,m12,2020-10-29,MCI
027_S_6516,y2,m24,2020-11-03,CN
041_S_6786,y1,m12,2020-11-05,CN
036_S_6894,sc,sc,2020-11-05,MCI
018_S_2155,y3,m120,2020-11-09,MCI
018_S_2180,y3,m114,2020-11-09,MCI
099_S_6691,sc,sc,2020-11-09,MCI
033_S_6889,bl,bl,2020-11-06,MCI
014_S_6437,y2,m24,2020-11-11,CN
114_S_6347,y2,m24,2020-10-22,Dementia
126_S_6559,y2,m24,2020-11-04,MCI
053_S_6861,bl,bl,2020-03-10,MCI
126_S_4891,y2,m96,2020-11-17,Dementia
127_S_6549,y2,m24,2020-10-30,Dementia
068_S_2187,y3,m120,2020-11-19,MCI
024_S_2239,y3,m120,2020-11-18,MCI
127_S_6348,y2,m24,2020-10-30,CN
127_S_6433,y2,m24,2020-10-30,Dementia
168_S_6541,y2,m24,2020-11-19,MCI
168_S_6591,y2,m24,2020-11-19,MCI
168_S_6735,y1,m12,2020-11-19,Dementia
127_S_6436,y2,m24,2020-10-20,CN
127_S_6330,y2,m30,2020-09-29,CN
141_S_6779,y1,m12,2020-11-06,MCI
141_S_6895,sc,sc,2020-11-24,Dementia
116_S_6517,y2,m24,2020-11-25,CN
041_S_6226,y2,m24,2020-11-23,CN
036_S_6894,bl,bl,2020-12-03,MCI
053_S_4813,y2,m102,2020-12-02,MCI
041_S_6731,y1,m12,2020-11-23,MCI
041_S_6314,y2,m24,2020-12-07,CN
099_S_6691,bl,bl,2020-12-07,MCI
135_S_6110,y3,m36,2020-11-23,MCI
027_S_6733,y1,m18,2020-11-13,Dementia
027_S_6577,y2,m24,2020-12-02,CN
068_S_0127,y3,m174,2020-12-11,MCI
168_S_6350,y2,m30,2020-12-11,CN
168_S_6619,y2,m24,2020-12-11,MCI
168_S_6828,y1,m12,2020-12-11,Dementia
127_S_6168,y2,m24,2020-08-05,CN
037_S_6222,y2,m30,2020-12-10,Dementia
129_S_6452,y2,m24,2020-12-14,CN
129_S_6830,y1,m12,2020-12-14,MCI
021_S_6890,bl,bl,2020-12-14,MCI
041_S_6801,y1,m12,2020-12-17,CN
016_S_6381,y2,m30,2020-11-13,CN
016_S_6789,y1,m12,2020-11-13,MCI
016_S_6790,y1,m12,2020-11-13,MCI
016_S_6892,sc,sc,2020-11-13,CN
301_S_6224,y2,m36,2020-12-21,CN
127_S_6173,y2,m24,2020-09-29,MCI
127_S_6357,y2,m24,2020-12-22,CN
168_S_6821,y1,m12,2020-12-23,MCI
129_S_6784,y1,m12,2020-11-10,Dementia
024_S_6385,y2,m30,2021-01-04,CN
021_S_6896,sc,sc,2020-12-15,CN
305_S_6188,y2,m30,2020-08-31,CN
137_S_6893,sc,sc,2021-01-04,MCI
037_S_4706,y3,m102,2020-12-26,MCI
036_S_6897,sc,sc,2021-01-07,MCI
168_S_6085,y2,m24,2021-01-08,CN
128_S_4607,y2,m96,2021-01-10,CN
127_S_6512,y2,m24,2020-10-20,MCI
114_S_0416,y2,m156,2021-01-08,CN
114_S_6251,y2,m30,2021-01-08,CN
027_S_2245,y4,m120,2021-01-05,MCI
114_S_6429,y2,m24,2021-01-08,CN
114_S_6462,y2,m24,2021-01-08,CN
099_S_6632,y2,m24,2021-01-13,Dementia
018_S_4349,y2,m102,2021-01-14,CN
018_S_4400,y3,m108,2021-01-14,MCI
018_S_4889,y3,m102,2021-01-14,MCI
027_S_4919,y4,m102,2021-01-12,MCI
018_S_6414,y2,m24,2021-01-14,CN
114_S_6063,y2,m24,2020-06-02,CN
114_S_6113,y2,m30,2020-09-04,CN
114_S_6597,y1,m12,2020-09-14,MCI
305_S_6810,y1,m12,2021-01-18,Dementia
019_S_6635,y2,m24,2021-01-20,MCI
305_S_6845,y1,m12,2021-01-22,MCI
941_S_6574,y2,m24,2020-10-27,CN
941_S_6575,y2,m24,2020-10-27,CN
036_S_6088,y2,m36,2021-01-25,CN
020_S_6901,sc,sc,2021-01-26,MCI
027_S_4869,y4,m102,2021-02-01,MCI
027_S_0074,y4,m180,2021-01-11,CN
014_S_2308,y3,m120,2021-02-04,MCI
019_S_6668,y2,m24,2021-02-05,Dementia
021_S_6896,bl,bl,2021-02-03,CN
305_S_6899,sc,sc,2021-02-08,MCI
168_S_6902,sc,sc,2021-02-08,MCI
114_S_2392,y3,m108,2021-02-04,MCI
114_S_6487,y2,m24,2021-02-04,CN
114_S_6524,y2,m24,2021-02-04,CN
016_S_6904,sc,sc,2021-02-09,MCI
123_S_4170,y3,m108,2020-10-19,MCI
114_S_6309,y2,m30,2021-02-11,CN
036_S_2380,y2,m114,2021-01-13,Dementia
035_S_6905,sc,sc,2021-02-10,Dementia
114_S_6057,y2,m24,2020-06-02,CN
168_S_6634,y2,m24,2021-02-22,Dementia
941_S_4187,y3,m108,2020-12-23,CN
941_S_6471,y2,m24,2020-12-22,CN
941_S_6581,y2,m24,2020-12-22,CN
036_S_6897,bl,bl,2021-02-22,MCI
036_S_4389,y2,m108,2021-02-24,CN
037_S_6216,y2,m30,2020-11-11,Dementia
130_S_6612,y1,m12,2020-02-05,MCI
070_S_6911,sc,sc,2021-02-25,MCI
027_S_6842,y1,m12,2021-02-25,MCI
168_S_6908,sc,sc,2021-03-04,MCI
941_S_6499,y2,m24,2021-03-05,CN
021_S_6910,sc,sc,2021-02-24,CN
007_S_4272,y3,m114,2021-03-07,MCI
053_S_5296,y2,m84,2021-03-02,CN
137_S_6903,sc,sc,2021-03-11,MCI
036_S_6916,sc,sc,2021-03-11,MCI
129_S_6852,y1,m12,2021-03-15,MCI
129_S_6857,y1,m12,2021-03-15,MCI
070_S_6911,bl,bl,2021-03-11,MCI
021_S_6914,sc,sc,2021-03-08,CN
941_S_4036,y3,m114,2021-03-17,MCI
027_S_4926,y4,m102,2021-02-18,MCI
020_S_6901,bl,bl,2021-03-15,MCI
037_S_4214,y4,m114,2021-03-15,CN
941_S_6854,y1,m12,2021-03-16,Dementia
021_S_6918,sc,sc,2021-03-15,CN
003_S_6915,sc,sc,2021-03-19,CN
114_S_6597,y2,m24,2021-03-01,MCI
941_S_1195,y2,m162,2020-08-31,CN
027_S_2219,y4,m126,2021-03-24,MCI
127_S_5132,y3,m90,2020-12-22,MCI
131_S_6805,y1,m12,2020-11-04,MCI
037_S_6125,y3,m36,2021-03-22,CN
014_S_6920,sc,sc,2021-03-18,CN
127_S_6173,y3,m36,2021-03-23,MCI
126_S_6683,y2,m24,2021-03-30,Dementia
067_S_6912,sc,sc,2021-03-17,MCI
114_S_6917,sc,sc,2021-03-30,CN
003_S_6924,sc,sc,2021-03-30,CN
070_S_6229,y3,m36,2021-03-31,MCI
168_S_6908,bl,bl,2021-04-01,MCI
011_S_4278,y2,m96,2021-04-05,MCI
057_S_6869,bl,bl,2021-03-31,Dementia
070_S_6923,sc,sc,2021-03-29,Dementia
022_S_0096,y4,m180,2021-04-05,CN
073_S_6673,sc,sc,2021-03-12,MCI
137_S_6919,sc,sc,2021-04-09,MCI
021_S_4276,y4,m114,2021-03-25,CN
168_S_6921,sc,sc,2021-04-08,Dementia
053_S_4578,y2,m108,2021-03-31,CN
027_S_5093,y4,m96,2021-03-26,CN
301_S_6297,y3,m36,2021-04-14,CN
035_S_6927,sc,sc,2021-04-12,Dementia
070_S_6236,y3,m36,2021-04-14,MCI
021_S_6910,bl,bl,2021-04-07,CN
024_S_6033,y3,m42,2021-04-21,CN
021_S_6918,bl,bl,2021-04-07,CN
022_S_5004,y4,m102,2021-04-15,MCI
027_S_6582,y2,m24,2020-12-14,CN
022_S_2263,y4,m120,2021-04-23,CN
135_S_6703,y2,m24,2021-04-20,MCI
016_S_6931,sc,sc,2021-04-20,CN
003_S_4441,y4,m108,2021-04-08,CN
027_S_6001,y4,m48,2021-04-23,MCI
027_S_6643,y2,m24,2021-02-15,MCI
016_S_6839,y1,m12,2021-03-25,Dementia
016_S_5057,y1,m96,2021-02-25,Dementia
003_S_6258,y3,m36,2021-04-16,MCI
137_S_6906,sc,sc,2021-04-27,MCI
016_S_6936,sc,sc,2021-04-28,MCI
035_S_6937,sc,sc,2021-04-26,MCI
014_S_6935,sc,sc,2021-04-26,CN
128_S_0205,y2,m174,2021-05-01,CN
016_S_6800,y1,m18,2021-03-08,Dementia
016_S_6926,sc,sc,2021-04-12,MCI
016_S_6939,sc,sc,2021-05-04,MCI
033_S_6705,y2,m24,2021-05-03,Dementia
168_S_6921,bl,bl,2021-05-06,Dementia
137_S_6693,bl,bl,2021-01-22,MCI
035_S_6722,y2,m24,2021-04-28,CN
003_S_6915,bl,bl,2021-05-05,CN
003_S_6924,bl,bl,2021-05-05,CN
023_S_4115,y3,m114,2021-04-30,Dementia
021_S_4419,y4,m114,2021-04-21,CN
027_S_6640,y2,m30,2021-05-04,Dementia
153_S_6679,y1,m24,2021-05-10,MCI
016_S_6943,sc,sc,2021-05-10,CN
036_S_6916,bl,bl,2021-04-15,MCI
036_S_6922,sc,sc,2021-03-25,MCI
003_S_6014,y2,m24,2020-03-16,CN
126_S_6721,y2,m24,2021-05-13,Dementia
021_S_6914,bl,bl,2021-04-09,CN
035_S_6948,sc,sc,2021-05-13,CN
021_S_0159,y4,m180,2021-04-27,CN
041_S_6292,y2,m30,2020-10-22,CN
128_S_4742,y2,m96,2021-05-15,MCI
137_S_4520,y3,m102,2021-05-16,CN
137_S_4536,y3,m102,2021-05-16,MCI
137_S_4631,y2,m90,2021-05-16,Dementia
137_S_4862,y2,m90,2021-05-16,Dementia
137_S_6693,y1,m12,2021-05-16,MCI
027_S_5083,y4,m96,2021-05-13,CN
016_S_6934,sc,sc,2021-04-22,CN
021_S_6940,sc,sc,2021-05-04,CN
035_S_6946,sc,sc,2021-05-11,CN
035_S_6947,sc,sc,2021-05-18,MCI
035_S_6950,sc,sc,2021-05-17,CN
023_S_6334,y3,m36,2021-05-19,MCI
070_S_6942,sc,sc,2021-05-10,CN
021_S_0178,y4,m180,2021-04-20,CN
129_S_2332,y4,m120,2021-05-24,CN
098_S_4506,y1,m90,2021-05-24,MCI
037_S_5126,y4,m96,2021-05-20,CN
098_S_6658,y1,m12,2021-05-24,Dementia
024_S_6846,y1,m18,2021-05-27,MCI
341_S_6653,y2,m30,2021-05-22,CN
168_S_6318,y2,m36,2021-05-20,CN
168_S_6938,sc,sc,2021-05-20,Dementia
127_S_5132,y4,m96,2021-05-27,MCI
129_S_6621,y2,m30,2021-05-26,CN
129_S_6704,y2,m24,2021-05-26,CN
035_S_6953,sc,sc,2021-05-25,MCI
003_S_6954,sc,sc,2021-05-26,MCI
021_S_0337,y4,m180,2021-05-25,CN
014_S_6944,sc,sc,2021-06-02,MCI
021_S_6940,bl,bl,2021-06-02,CN
035_S_6947,bl,bl,2021-06-07,MCI
024_S_4674,y3,m108,2021-06-09,MCI
341_S_6494,y2,m24,2021-06-10,CN
070_S_6942,bl,bl,2021-05-28,CN
135_S_4489,y4,m114,2021-05-20,MCI
301_S_6326,y3,m36,2021-06-15,CN
073_S_6925,sc,sc,2021-04-07,CN
073_S_2182,init,m108,2021-02-10,MCI
135_S_6411,y3,m36,2021-06-09,MCI
022_S_6847,y1,m12,2021-06-03,MCI
073_S_6907,sc,sc,2021-03-24,CN
073_S_6929,sc,sc,2021-05-03,MCI
341_S_6960,sc,sc,2021-06-16,CN
141_S_6964,sc,sc,2021-06-16,MCI
027_S_6965,sc,sc,2021-06-14,Dementia
033_S_6969,sc,sc,2021-06-15,CN
037_S_6956,sc,sc,2021-06-15,CN
003_S_6959,sc,sc,2021-06-16,CN
941_S_6962,sc,sc,2021-06-09,Dementia
070_S_6966,sc,sc,2021-06-14,CN
016_S_6971,sc,sc,2021-06-17,CN
127_S_5266,y2,m72,2021-06-08,CN
073_S_6669,sc,sc,2021-03-20,MCI
019_S_6315,y3,m36,2021-06-11,MCI
073_S_6670,sc,sc,2021-03-24,CN
023_S_6702,y2,m24,2021-06-16,MCI
027_S_6961,sc,sc,2021-06-07,MCI
035_S_6948,bl,bl,2021-06-10,CN
126_S_4514,y3,m114,2021-06-24,MCI
021_S_5177,y4,m96,2021-06-16,CN
035_S_6967,sc,sc,2021-06-14,CN
019_S_6757,y2,m24,2021-06-28,MCI
022_S_6716,y2,m24,2021-06-17,MCI
035_S_6730,y2,m24,2021-06-29,CN
035_S_6927,bl,bl,2021-06-25,Dementia
027_S_6961,bl,bl,2021-06-24,MCI
033_S_6976,sc,sc,2021-06-30,Dementia
041_S_4051,y4,m120,2021-06-01,CN
024_S_6472,y2,m36,2021-07-01,CN
023_S_6661,y2,m24,2021-07-02,Dementia
016_S_6941,sc,sc,2021-05-21,CN
341_S_6979,sc,sc,2021-06-30,CN
027_S_5169,y4,m96,2021-05-18,CN
053_S_6861,y1,m12,2021-07-06,MCI
037_S_6974,sc,sc,2021-06-30,CN
037_S_6977,sc,sc,2021-06-30,CN
021_S_6978,sc,sc,2021-06-30,CN
027_S_6965,bl,bl,2021-07-06,Dementia
037_S_5222,y4,m96,2021-06-23,CN
341_S_6981,sc,sc,2021-07-10,CN
129_S_4369,y4,m114,2021-06-28,CN
027_S_6370,y3,m36,2021-07-12,MCI
070_S_6966,bl,bl,2021-07-12,CN
305_S_6850,y1,m12,2021-03-10,Dementia
009_S_0751,y4,m180,2021-06-29,MCI
082_S_2121,y1,m102,2019-06-13,MCI
019_S_4548,y4,m114,2021-07-14,MCI
126_S_6724,y2,m24,2021-07-15,Dementia
109_S_4380,y1,m96,2020-03-03,MCI
135_S_4722,y4,m108,2021-06-17,MCI
135_S_4723,y4,m108,2021-06-17,MCI
082_S_6283,y2,m24,2020-10-26,CN
135_S_6446,y3,m36,2021-07-06,MCI
067_S_6957,sc,sc,2021-06-04,CN
067_S_6958,sc,sc,2021-06-04,CN
037_S_6963,sc,sc,2021-07-19,CN
024_S_6005,y4,m54,2021-07-21,CN
127_S_6241,y3,m36,2021-07-19,Dementia
007_S_6341,y3,m36,2021-07-19,Dementia
941_S_6962,bl,bl,2021-07-13,Dementia
141_S_6964,bl,bl,2021-07-20,MCI
014_S_6988,sc,sc,2021-07-27,CN
141_S_0767,y4,m180,2021-07-27,CN
021_S_6987,sc,sc,2021-07-22,CN
141_S_2333,y3,m126,2021-07-26,MCI
135_S_4598,y4,m114,2021-07-20,CN
135_S_5113,y4,m96,2021-07-12,CN
131_S_6616,y2,m24,2021-03-18,MCI
035_S_6950,bl,bl,2021-07-29,CN
014_S_6990,sc,sc,2021-07-29,CN
141_S_6008,y4,m48,2021-07-30,CN
141_S_6015,y4,m48,2021-07-28,CN
941_S_6054,y4,m48,2021-08-03,CN
130_S_6019,y4,m48,2021-07-02,CN
130_S_6037,y4,m48,2021-07-21,CN
941_S_6058,y4,m48,2021-08-04,CN
009_S_6402,y3,m36,2021-07-21,MCI
014_S_6920,bl,bl,2021-08-05,CN
033_S_6969,bl,bl,2021-07-22,CN
029_S_5219,y3,m96,2021-08-09,MCI
019_S_6483,y3,m36,2021-08-09,MCI
033_S_6976,bl,bl,2021-08-09,Dementia
024_S_4084,y4,m120,2021-08-12,CN
067_S_6117,y4,m42,2021-08-17,CN
067_S_6442,y2,m36,2021-08-17,CN
067_S_6443,y2,m36,2021-08-17,CN
123_S_6884,bl,bl,2020-09-23,MCI
123_S_6888,bl,bl,2020-10-07,MCI
123_S_6891,bl,bl,2020-11-12,Dementia
041_S_5141,y4,m114,2022-01-04,CN
051_S_5294,y2,m78,2022-11-29,MCI
021_S_6978,bl,bl,2021-08-05,CN
067_S_6989,sc,sc,2021-08-17,MCI
941_S_6254,y2,m24,2021-08-17,CN
126_S_0605,y3,m180,2021-08-18,Dementia
141_S_1052,y4,m174,2021-08-19,MCI
126_S_4891,y3,m108,2021-08-18,Dementia
941_S_6068,y3,m48,2021-08-18,Dementia
029_S_6726,y1,m24,2021-08-19,MCI
037_S_6951,sc,sc,2021-08-16,CN
067_S_2304,y3,m126,2021-08-25,MCI
003_S_6996,sc,sc,2021-08-23,CN
027_S_5118,y4,m102,2021-08-24,CN
114_S_6917,bl,bl,2021-08-17,CN
021_S_6994,sc,sc,2021-08-11,CN
067_S_6525,y1,m24,2021-08-26,CN
067_S_6528,y2,m36,2021-08-26,CN
013_S_6970,sc,sc,2021-08-05,MCI
037_S_6993,sc,sc,2021-08-25,CN
941_S_6998,sc,sc,2021-08-30,CN
037_S_6222,y3,m36,2021-08-26,MCI
037_S_6991,sc,sc,2021-08-30,CN
021_S_6987,bl,bl,2021-08-11,CN
037_S_6995,sc,sc,2021-08-30,CN
941_S_4365,y4,m114,2021-08-31,Dementia
037_S_6992,sc,sc,2021-09-01,CN
035_S_6999,sc,sc,2021-08-30,CN
035_S_7000,sc,sc,2021-09-01,MCI
033_S_6497,y3,m36,2021-08-16,Dementia
100_S_6349,y2,m36,2021-09-03,CN
035_S_6480,y3,m36,2021-08-03,MCI
023_S_6369,y3,m36,2021-09-03,MCI
129_S_6784,y2,m24,2021-09-08,Dementia
022_S_6796,y2,m24,2021-09-03,Dementia
100_S_6713,y1,m30,2021-09-03,Dementia
127_S_4148,y4,m120,2021-08-31,CN
116_S_6750,y2,m24,2021-07-15,CN
073_S_6928,sc,sc,2021-06-17,CN
035_S_7001,sc,sc,2021-09-09,Dementia
027_S_5109,y4,m96,2021-03-18,CN
014_S_6148,y2,m42,2021-09-16,CN
014_S_6424,y2,m36,2021-09-16,CN
073_S_6952,sc,sc,2021-06-21,CN
073_S_6973,sc,sc,2021-07-09,Dementia
035_S_7004,sc,sc,2021-09-14,CN
036_S_6878,y1,m12,2021-09-15,MCI
003_S_6268,y3,m36,2021-08-24,MCI
003_S_6954,bl,bl,2021-06-22,MCI
067_S_6957,bl,bl,2021-09-20,CN
067_S_6958,bl,bl,2021-09-20,CN
007_S_5265,y4,m96,2021-09-21,MCI
082_S_6629,y1,m12,2020-02-05,CN
009_S_4612,y4,m114,2021-08-09,CN
003_S_6264,y2,m24,2020-10-12,Dementia
135_S_7003,sc,sc,2021-09-20,Dementia
027_S_7007,sc,sc,2021-09-20,MCI
126_S_0680,y3,m180,2021-09-23,MCI
035_S_6999,bl,bl,2021-09-23,CN
135_S_6544,y3,m36,2021-09-09,MCI
021_S_6994,bl,bl,2021-09-21,CN
123_S_4127,y2,m108,2020-10-21,MCI
301_S_6056,y4,m48,2021-09-20,MCI
100_S_6493,y2,m36,2021-09-27,CN
027_S_7009,sc,sc,2021-09-23,MCI
941_S_4187,y4,m120,2021-09-28,CN
003_S_6959,bl,bl,2021-09-29,CN
003_S_7010,sc,sc,2021-09-23,CN
067_S_6529,y2,m36,2021-09-28,Dementia
067_S_7008,sc,sc,2021-09-29,MCI
082_S_5282,y2,m84,2020-10-20,MCI
114_S_2392,y4,m120,2021-09-27,MCI
099_S_6016,y4,m48,2021-09-30,CN
003_S_4288,y4,m120,2021-10-04,CN
941_S_4292,y4,m120,2021-10-05,CN
941_S_6044,y4,m48,2021-10-04,CN
941_S_6998,bl,bl,2021-10-05,CN
035_S_7000,bl,bl,2021-10-04,MCI
126_S_7015,sc,sc,2021-09-28,MCI
003_S_6996,bl,bl,2021-10-05,CN
037_S_7006,sc,sc,2021-10-04,CN
022_S_6069,y4,m48,2021-09-30,CN
022_S_6797,y2,m24,2021-09-30,CN
021_S_5237,y4,m96,2021-10-01,Dementia
006_S_0731,y4,m180,2021-10-10,CN
006_S_4713,y4,m108,2021-10-10,CN
006_S_6234,y2,m42,2021-10-10,CN
006_S_6243,y2,m42,2021-08-31,CN
006_S_6682,y2,m30,2021-09-26,CN
006_S_6770,y2,m24,2021-10-10,Dementia
016_S_6941,bl,bl,2021-10-06,CN
016_S_6943,bl,bl,2021-09-15,CN
341_S_7018,sc,sc,2021-10-09,CN
019_S_7016,sc,sc,2021-09-30,CN
067_S_4782,y3,m108,2021-10-11,Dementia
128_S_2002,y2,m132,2021-10-13,CN
067_S_6474,y2,m36,2021-10-12,MCI
023_S_6535,y3,m36,2021-10-13,Dementia
029_S_6798,y1,m24,2021-10-13,MCI
016_S_6931,bl,bl,2021-09-30,CN
067_S_7020,sc,sc,2021-10-13,MCI
037_S_6031,y4,m48,2021-10-12,CN
141_S_6416,y2,m36,2021-10-13,CN
067_S_6986,sc,sc,2021-10-14,MCI
135_S_7003,bl,bl,2021-10-13,Dementia
037_S_7011,sc,sc,2021-10-12,CN
037_S_7012,sc,sc,2021-10-12,CN
035_S_7019,sc,sc,2021-10-11,MCI
035_S_7021,sc,sc,2021-10-13,MCI
007_S_4387,y4,m120,2021-10-18,CN
007_S_4488,y4,m114,2021-10-18,CN
003_S_6067,y4,m48,2021-10-20,CN
941_S_6422,y2,m30,2020-10-19,CN
027_S_7007,bl,bl,2021-10-19,MCI
036_S_6885,y1,m12,2021-10-19,MCI
018_S_4399,y4,m114,2021-10-22,CN
018_S_6351,y2,m24,2021-10-22,CN
135_S_6586,y3,m36,2021-10-12,MCI
305_S_6899,bl,bl,2021-03-10,MCI
128_S_2123,y2,m132,2021-10-26,MCI
067_S_6989,bl,bl,2021-10-26,MCI
141_S_7013,sc,sc,2021-10-25,MCI
036_S_7023,sc,sc,2021-10-25,MCI
301_S_6777,y2,m24,2021-10-06,MCI
036_S_6887,y1,m12,2021-10-20,MCI
011_S_4278,y3,m120,2021-10-29,MCI
035_S_4785,y4,m102,2021-10-27,MCI
018_S_2180,y5,m144,2023-02-23,MCI
019_S_7016,bl,bl,2021-10-27,MCI
341_S_6960,bl,bl,2021-10-30,CN
022_S_6863,y1,m12,2021-10-28,Dementia
024_S_2239,y4,m132,2021-11-02,MCI
003_S_0908,y4,m180,2021-10-27,MCI
128_S_2130,y2,m126,2021-10-27,Dementia
024_S_7025,sc,sc,2021-11-04,MCI
003_S_4900,y4,m108,2021-11-05,CN
941_S_6080,y4,m48,2021-11-01,CN
037_S_6956,bl,bl,2021-11-01,CN
033_S_6889,y1,m12,2021-11-08,MCI
035_S_7001,bl,bl,2021-11-08,Dementia
027_S_7024,sc,sc,2021-10-28,CN
067_S_6986,bl,bl,2021-11-01,MCI
127_S_5185,y4,m102,2021-10-05,CN
135_S_6104,y4,m48,2021-11-03,CN
341_S_7026,sc,sc,2021-11-11,MCI
341_S_6981,bl,bl,2021-11-13,CN
003_S_4119,y4,m120,2021-11-12,CN
003_S_7010,bl,bl,2021-11-04,CN
011_S_4105,y2,m102,2021-11-11,CN
035_S_7004,bl,bl,2021-11-16,CN
052_S_7027,sc,sc,2021-11-16,MCI
003_S_1122,y4,m174,2021-11-17,MCI
003_S_4354,y4,m114,2021-11-16,Dementia
100_S_4469,y4,m114,2021-11-09,CN
127_S_5200,y4,m96,2021-10-05,CN
067_S_7008,bl,bl,2021-11-15,MCI
141_S_7013,bl,bl,2021-11-16,MCI
036_S_7023,bl,bl,2021-11-17,MCI
341_S_7018,bl,bl,2021-11-20,CN
027_S_7024,bl,bl,2021-11-19,CN
067_S_7029,sc,sc,2021-11-22,MCI
013_S_6975,sc,sc,2021-08-05,Dementia
003_S_4350,y4,m120,2021-11-19,CN
024_S_7025,bl,bl,2021-11-24,MCI
067_S_7020,bl,bl,2021-11-29,MCI
100_S_4556,y4,m114,2021-11-29,CN
035_S_7030,sc,sc,2021-11-29,CN
099_S_6025,y4,m48,2021-12-01,CN
130_S_6604,y2,m24,2021-02-10,MCI
141_S_6116,y4,m48,2021-12-01,CN
037_S_4028,y4,m126,2021-11-30,CN
037_S_6963,bl,bl,2021-11-30,CN
035_S_7031,sc,sc,2021-12-01,MCI
067_S_2301,y4,m126,2021-12-06,CN
007_S_4637,y4,m114,2021-12-06,MCI
011_S_4949,y2,m90,2021-12-06,Dementia
127_S_5228,y4,m102,2021-11-23,CN
027_S_6788,y2,m30,2021-11-29,Dementia
052_S_6832,y1,m12,2021-03-15,MCI
052_S_6844,y1,m18,2021-06-21,MCI
037_S_6993,bl,bl,2021-12-06,CN
037_S_6995,bl,bl,2021-12-06,CN
033_S_5198,y4,m102,2021-11-29,CN
067_S_4212,y4,m120,2021-12-08,CN
099_S_6038,y4,m48,2021-12-03,CN
126_S_6559,y3,m36,2021-12-09,MCI
012_S_6760,y1,m12,2020-12-07,MCI
129_S_6830,y2,m24,2021-12-08,MCI
021_S_6890,y1,m12,2021-12-01,MCI
126_S_7015,bl,bl,2021-12-09,MCI
131_S_7032,sc,sc,2021-12-02,MCI
131_S_6805,y2,m24,2021-12-10,Dementia
041_S_7017,sc,sc,2020-12-14,CN
099_S_4076,y4,m126,2021-12-16,MCI
037_S_6974,bl,bl,2021-12-15,CN
037_S_6977,bl,bl,2021-12-15,CN
123_S_6891,y1,m12,2021-11-01,Dementia
123_S_0072,y4,m186,2021-10-12,CN
123_S_4170,y4,m120,2021-11-05,MCI
123_S_6825,y1,m12,2020-10-08,Dementia
031_S_4149,y1,m96,2021-12-28,Dementia
135_S_6622,y3,m36,2021-12-08,MCI
131_S_6153,sc,sc,2018-01-10,CN
073_S_0089,init,m162,2019-02-26,CN
131_S_6170,y2,m42,2022-01-05,CN
016_S_7002,sc,sc,2021-09-14,MCI
011_S_4105,y4,m126,2022-01-07,MCI
011_S_7022,sc,sc,2022-01-07,CN
037_S_6991,bl,bl,2022-01-04,CN
037_S_7011,bl,bl,2022-01-06,CN
114_S_6813,y2,m24,2022-01-10,CN
123_S_6888,y1,m12,2021-10-18,MCI
036_S_6894,y1,m12,2022-01-12,MCI
007_S_4620,y4,m114,2022-01-18,CN
123_S_4127,y3,m120,2021-09-28,MCI
016_S_7005,sc,sc,2021-09-22,MCI
016_S_7039,sc,sc,2022-01-20,Dementia
021_S_6896,y1,m12,2022-01-24,CN
023_S_4448,y4,m120,2022-01-25,CN
013_S_5171,y1,m72,2019-09-16,CN
033_S_1016,y4,m180,2021-12-16,CN
023_S_4164,y4,m120,2022-01-25,CN
053_S_4813,y3,m114,2021-10-28,MCI
018_S_2155,y4,m132,2022-01-31,MCI
027_S_2245,y5,m132,2022-01-27,MCI
018_S_4313,y4,m120,2022-01-31,CN
003_S_5130,y4,m102,2022-01-28,CN
023_S_4115,y4,m126,2022-01-28,Dementia
073_S_4795,init,m84,2019-11-21,CN
073_S_5167,init,m78,2020-01-15,CN
019_S_6635,y3,m36,2022-02-02,MCI
007_S_4272,y4,m120,2022-01-26,MCI
027_S_4919,y5,m114,2022-01-31,MCI
100_S_5091,y4,m102,2022-02-07,CN
100_S_6164,y4,m48,2022-02-07,CN
127_S_6512,y3,m36,2022-01-24,MCI
073_S_4393,init,m96,2020-02-07,CN
067_S_7033,bl,bl,2022-02-08,Dementia
073_S_4216,init,m102,2020-01-30,MCI
073_S_4382,init,m96,2020-01-09,CN
941_S_7041,sc,sc,2022-02-09,MCI
010_S_6748,y1,m24,2021-12-10,MCI
037_S_6951,bl,bl,2022-02-08,CN
037_S_6992,bl,bl,2022-02-08,CN
027_S_5170,y4,m96,2021-06-17,CN
067_S_7029,bl,bl,2022-02-15,MCI
036_S_7044,sc,sc,2022-02-14,MCI
941_S_6094,y4,m54,2022-02-15,CN
041_S_0679,y4,m186,2022-02-14,CN
073_S_6669,bl,bl,2021-06-07,MCI
073_S_6670,bl,bl,2021-06-07,CN
941_S_7046,sc,sc,2022-02-16,CN
941_S_6854,y2,m24,2022-02-22,Dementia
035_S_7019,bl,bl,2022-02-10,MCI
073_S_2191,init,m108,2020-03-02,MCI
035_S_4464,y4,m120,2022-01-11,CN
073_S_4614,init,m102,2021-01-01,MCI
003_S_4644,y4,m108,2022-01-26,CN
131_S_7032,bl,bl,2022-02-23,MCI
018_S_4400,y4,m120,2022-02-25,MCI
018_S_4889,y4,m114,2022-02-25,MCI
941_S_7041,bl,bl,2022-02-09,MCI
129_S_7042,sc,sc,2022-02-28,CN
035_S_7043,sc,sc,2022-02-14,CN
007_S_1222,y4,m180,2022-03-01,CN
006_S_6209,y4,m48,2022-02-24,CN
036_S_6897,y1,m12,2022-02-23,MCI
021_S_7045,sc,sc,2022-02-17,CN
035_S_7049,sc,sc,2022-03-01,MCI
031_S_6870,sc,sc,2022-03-03,CN
035_S_7050,sc,sc,2022-03-03,CN
033_S_6266,y4,m48,2022-03-04,CN
129_S_6146,y4,m48,2022-02-28,CN
941_S_7051,sc,sc,2022-03-07,CN
011_S_7028,sc,sc,2022-03-04,CN
130_S_5258,y4,m96,2021-06-28,MCI
006_S_6277,y2,m24,2022-03-13,CN
006_S_6500,y2,m36,2022-03-13,CN
036_S_6316,y3,m42,2022-03-07,CN
041_S_5100,y4,m108,2022-03-15,CN
099_S_6632,y3,m36,2022-03-10,Dementia
941_S_1195,y4,m180,2022-03-16,CN
941_S_4036,y4,m126,2022-03-16,MCI
041_S_6785,y2,m30,2022-03-01,CN
116_S_6133,y4,m48,2022-03-17,CN
021_S_7047,sc,sc,2022-02-22,CN
073_S_7052,sc,sc,2022-03-17,MCI
018_S_2180,y4,m132,2022-03-20,MCI
116_S_6428,y2,m24,2022-06-30,MCI
037_S_7006,bl,bl,2022-03-03,CN
011_S_7048,sc,sc,2022-03-11,CN
067_S_7061,sc,sc,2022-03-23,CN
027_S_4869,y5,m114,2022-03-02,MCI
027_S_4926,y5,m114,2022-03-01,MCI
027_S_5288,y4,m96,2021-10-06,CN
027_S_6034,y4,m48,2021-06-28,Dementia
035_S_6200,y4,m48,2022-03-04,CN
021_S_7045,bl,bl,2022-03-17,CN
027_S_7054,sc,sc,2022-03-11,MCI
126_S_7060,sc,sc,2022-03-22,MCI
027_S_6733,y2,m36,2022-03-30,Dementia
941_S_7051,bl,bl,2022-03-30,CN
021_S_7055,sc,sc,2022-03-14,CN
067_S_7063,sc,sc,2022-03-29,CN
027_S_2219,y5,m138,2022-03-30,MCI
073_S_6673,bl,bl,2021-04-14,MCI
129_S_6852,y2,m24,2022-03-21,Dementia
006_S_6681,y2,m30,2022-04-04,CN
006_S_6689,y2,m30,2022-03-13,Dementia
027_S_7054,bl,bl,2022-04-04,MCI
003_S_6014,y4,m48,2022-04-04,CN
006_S_6291,y2,m24,2022-04-05,CN
006_S_6610,y2,m42,2022-04-05,MCI
006_S_6651,y2,m36,2022-04-05,MCI
006_S_6657,y1,m36,2022-04-05,CN
941_S_4255,y4,m126,2022-04-06,CN
100_S_6273,y2,m48,2022-04-06,CN
100_S_6308,y2,m48,2022-04-06,CN
135_S_6703,y3,m36,2022-03-28,MCI
057_S_6869,y1,m12,2022-04-06,Dementia
941_S_7046,bl,bl,2022-02-16,CN
067_S_7059,sc,sc,2022-04-06,CN
024_S_6202,y4,m48,2022-03-31,CN
116_S_4453,y4,m120,2022-01-18,CN
116_S_6775,y2,m24,2021-09-09,MCI
027_S_6842,y2,m24,2022-03-03,MCI
021_S_7062,sc,sc,2022-03-23,CN
033_S_7066,sc,sc,2022-04-12,Dementia
116_S_6550,y2,m24,2020-08-25,MCI
116_S_6550,y3,m36,2021-08-12,MCI
036_S_7067,sc,sc,2022-04-11,MCI
036_S_7070,sc,sc,2022-04-13,MCI
067_S_7069,sc,sc,2022-04-18,MCI
073_S_0089,y2,m186,2021-08-21,CN
018_S_6414,y3,m48,2022-04-20,CN
041_S_4200,y4,m126,2022-03-24,CN
041_S_4874,y4,m114,2022-04-05,CN
035_S_7073,sc,sc,2022-04-20,MCI
041_S_6786,y2,m30,2022-04-06,CN
036_S_6916,y1,m12,2022-04-20,MCI
003_S_6258,y4,m48,2022-04-21,MCI
027_S_7071,sc,sc,2022-04-18,MCI
941_S_7074,sc,sc,2022-04-26,CN
099_S_6175,y4,m48,2022-04-28,CN
073_S_6673,y1,m12,2022-04-18,MCI
073_S_5167,y2,m102,2021-12-08,CN
114_S_6063,y4,m48,2022-04-28,CN
099_S_6097,y4,m54,2022-05-02,CN
027_S_6183,y4,m48,2022-04-28,CN
073_S_7056,sc,sc,2022-04-04,MCI
036_S_7075,sc,sc,2022-04-27,MCI
007_S_6255,y4,m48,2022-05-03,CN
035_S_7031,bl,bl,2022-02-28,MCI
041_S_5253,y4,m102,2022-03-28,MCI
035_S_7076,sc,sc,2022-05-05,CN
941_S_5193,y4,m96,2021-09-08,CN
070_S_6236,y4,m48,2022-04-28,MCI
126_S_7060,bl,bl,2022-05-06,MCI
027_S_6001,y5,m66,2022-05-05,MCI
127_S_6147,y4,m48,2022-02-21,CN
129_S_6857,y2,m24,2022-05-02,MCI
070_S_6911,y1,m12,2022-05-02,Dementia
037_S_7012,bl,bl,2022-05-09,CN
021_S_7055,bl,bl,2022-04-19,CN
035_S_7021,bl,bl,2022-05-12,MCI
016_S_7039,bl,bl,2022-03-10,Dementia
021_S_7062,bl,bl,2022-04-22,CN
003_S_6259,y4,m48,2022-05-13,CN
016_S_6939,bl,bl,2022-03-08,Dementia
016_S_6839,y2,m24,2022-03-08,Dementia
011_S_7048,bl,bl,2022-05-17,CN
033_S_7066,bl,bl,2022-05-17,Dementia
941_S_7074,bl,bl,2022-05-02,CN
016_S_6773,y2,m24,2021-10-14,CN
035_S_7077,sc,sc,2022-05-11,CN
007_S_6310,y4,m48,2022-05-19,CN
067_S_7059,bl,bl,2022-05-23,CN
027_S_7071,bl,bl,2022-05-23,MCI
127_S_4210,y4,m120,2022-04-19,MCI
070_S_5040,y4,m114,2022-05-20,CN
127_S_6173,y4,m48,2022-04-19,MCI
003_S_6256,y4,m48,2022-05-24,CN
127_S_6024,y4,m48,2022-03-21,CN
127_S_6168,y4,m48,2022-03-21,CN
129_S_6228,y4,m48,2022-05-25,CN
129_S_6288,y4,m48,2022-05-25,CN
941_S_6384,y4,m48,2022-05-25,CN
024_S_6846,y2,m30,2022-05-23,MCI
129_S_7042,bl,bl,2022-05-02,CN
033_S_7079,sc,sc,2022-05-23,MCI
014_S_7080,sc,sc,2022-05-25,CN
135_S_4489,y5,m126,2022-05-25,MCI
023_S_6334,y4,m48,2022-05-22,MCI
135_S_7058,sc,sc,2022-03-23,Dementia
070_S_4856,y4,m120,2022-05-22,CN
027_S_6327,y4,m48,2022-05-24,MCI
007_S_6341,y4,m48,2022-05-24,Dementia
067_S_7068,sc,sc,2022-06-01,CN
126_S_7083,sc,sc,2022-05-31,MCI
123_S_6118,y4,m54,2022-03-31,CN
035_S_6306,y4,m48,2022-06-02,CN
014_S_2308,y4,m132,2022-06-07,MCI
014_S_4401,y4,m120,2022-06-07,CN
014_S_6935,bl,bl,2022-05-31,CN
014_S_6944,bl,bl,2022-06-07,MCI
014_S_7072,sc,sc,2022-06-07,CN
129_S_6244,y4,m48,2022-06-08,CN
037_S_6046,y4,m48,2022-06-03,CN
073_S_6929,bl,bl,2021-06-03,MCI
024_S_4674,y4,m120,2022-06-14,MCI
022_S_5004,y5,m114,2022-06-13,MCI
003_S_5154,y4,m108,2022-06-14,CN
023_S_6346,y4,m48,2022-06-13,CN
135_S_6360,y4,m48,2022-06-06,CN
023_S_6374,y4,m48,2022-06-13,CN
051_S_6761,y1,m12,2022-06-15,MCI
035_S_6947,y1,m12,2022-06-13,MCI
035_S_7050,bl,bl,2022-06-13,CN
067_S_7061,bl,bl,2022-06-13,MCI
035_S_7073,bl,bl,2022-06-22,MCI
941_S_7085,sc,sc,2022-06-13,MCI
941_S_7087,sc,sc,2022-06-15,CN
011_S_7089,sc,sc,2022-03-04,CN
127_S_4604,y4,m114,2022-05-02,CN
053_S_7086,sc,sc,2022-06-22,MCI
127_S_2234,y4,m132,2022-03-21,CN
033_S_7088,sc,sc,2022-06-17,MCI
941_S_7091,sc,sc,2022-06-22,CN
036_S_7070,bl,bl,2022-05-05,MCI
127_S_0684,y4,m186,2022-06-28,MCI
127_S_5132,y5,m108,2022-06-28,MCI
003_S_1122,y5,m186,2022-06-28,MCI
033_S_4176,y4,m126,2022-06-28,CN
941_S_6962,y1,m12,2022-06-29,Dementia
035_S_7043,bl,bl,2022-06-29,CN
033_S_7079,bl,bl,2022-06-28,MCI
021_S_7092,sc,sc,2022-06-23,CN
023_S_6399,y4,m48,2022-07-01,CN
037_S_7035,sc,sc,2022-06-23,CN
033_S_7095,sc,sc,2022-07-01,CN
023_S_6702,y3,m36,2022-07-01,MCI
070_S_7078,sc,sc,2022-05-19,MCI
135_S_4722,y5,m120,2022-06-21,MCI
135_S_4723,y5,m120,2022-06-21,MCI
135_S_6359,y4,m48,2022-06-20,CN
305_S_6498,y3,m36,2021-11-08,MCI
305_S_6378,y3,m36,2021-10-27,MCI
128_S_4742,y3,m120,2022-07-09,MCI
073_S_4795,y2,m108,2021-11-24,CN
070_S_6229,y4,m48,2021-03-31,MCI
023_S_6400,y4,m48,2022-07-01,CN
019_S_6757,y3,m36,2022-07-11,MCI
941_S_7085,bl,bl,2022-07-11,MCI
114_S_6113,y4,m48,2022-07-12,CN
073_S_6907,bl,bl,2021-10-09,CN
041_S_5097,y4,m108,2022-07-12,CN
126_S_6724,y3,m36,2022-07-11,Dementia
305_S_6871,y1,m12,2022-07-11,MCI
073_S_6952,bl,bl,2021-08-27,CN
067_S_7094,sc,sc,2022-07-13,CN
029_S_4384,y4,m126,2022-07-11,CN
099_S_6396,y4,m48,2022-07-18,CN
073_S_6925,bl,bl,2021-06-01,CN
016_S_6926,bl,bl,2021-08-27,MCI
073_S_7082,sc,sc,2022-06-09,CN
067_S_7096,sc,sc,2022-07-18,CN
009_S_0751,y5,m192,2022-07-12,MCI
041_S_6136,y4,m54,2022-07-19,CN
135_S_6411,y4,m48,2022-06-17,Dementia
051_S_6719,y1,m12,2022-07-19,MCI
041_S_6731,y2,m36,2022-07-13,MCI
067_S_6980,sc,sc,2022-07-19,CN
126_S_7083,bl,bl,2022-07-15,MCI
014_S_6076,y4,m54,2022-07-20,CN
007_S_6323,y4,m48,2022-07-19,CN
135_S_6446,y4,m48,2022-07-14,MCI
014_S_6765,y2,m30,2022-07-20,MCI
014_S_6988,bl,bl,2022-07-20,CN
021_S_6978,y1,m12,2022-07-18,CN
128_S_2220,y3,m138,2022-07-25,Dementia
127_S_6241,y4,m48,2022-07-19,Dementia
035_S_6488,y4,m48,2022-07-12,CN
073_S_4393,y2,m120,2022-02-09,CN
013_S_4395,y3,m132,2025-05-19,CN
305_S_6188,y4,m48,2022-07-11,CN
116_S_6439,y4,m48,2022-07-25,CN
130_S_6688,y2,m24,2022-06-21,CN
130_S_6688,y3,m42,2022-06-21,CN
305_S_6742,y2,m24,2022-07-11,MCI
305_S_6744,y2,m24,2022-07-11,MCI
305_S_6810,y2,m24,2022-07-11,MCI
305_S_6899,y1,m12,2022-07-11,MCI
003_S_4872,y4,m120,2022-07-27,CN
035_S_6927,y1,m12,2022-07-11,Dementia
021_S_7092,bl,bl,2022-07-12,CN
014_S_4576,y4,m120,2022-07-28,CN
033_S_6969,y1,m12,2022-07-26,MCI
014_S_7072,bl,bl,2022-07-28,CN
014_S_7080,bl,bl,2022-07-28,CN
073_S_2182,y1,m120,2021-02-10,MCI
041_S_5078,y4,m114,2022-07-22,CN
073_S_6929,y1,m12,2022-06-08,CN
019_S_6483,y4,m48,2022-07-28,MCI
023_S_6369,y4,m48,2022-08-02,MCI
037_S_7035,bl,bl,2022-08-01,CN
073_S_7081,sc,sc,2022-06-09,MCI
073_S_7093,sc,sc,2022-07-18,MCI
128_S_0205,y4,m198,2022-07-28,CN
126_S_0605,y4,m192,2022-07-15,Dementia
057_S_0934,y4,m186,2022-08-10,CN
126_S_4514,y4,m126,2022-08-08,MCI
126_S_4891,y4,m120,2022-08-09,Dementia
041_S_6292,y4,m48,2022-08-04,CN
070_S_6386,y4,m48,2022-07-28,CN
130_S_6611,y1,m18,2021-03-05,MCI
153_S_6755,y3,m36,2022-08-04,Dementia
067_S_7068,bl,bl,2022-08-05,MCI
070_S_7078,bl,bl,2022-07-21,MCI
033_S_7100,sc,sc,2022-08-08,CN
068_S_2184,y4,m138,2022-08-15,CN
068_S_2315,y4,m132,2022-08-15,MCI
941_S_4365,y5,m126,2022-08-11,Dementia
041_S_4513,y4,m120,2022-04-05,MCI
168_S_6059,y4,m54,2022-08-15,CN
168_S_6065,y4,m54,2022-08-15,CN
941_S_6068,y4,m60,2022-08-17,Dementia
168_S_6151,y4,m54,2022-08-15,CN
168_S_6180,y3,m54,2022-08-15,MCI
013_S_6206,y1,m12,2019-04-30,MCI
168_S_6320,y4,m48,2022-08-15,CN
168_S_6321,y4,m48,2022-08-15,CN
941_S_6333,y4,m54,2022-08-17,MCI
168_S_6350,y4,m48,2022-08-18,MCI
941_S_6454,y4,m48,2022-08-17,CN
007_S_6455,y4,m48,2022-08-15,CN
168_S_6828,y2,m30,2022-08-15,Dementia
305_S_6871,y2,m24,2022-08-12,CN
033_S_6976,y1,m12,2022-08-09,Dementia
013_S_7057,sc,sc,2022-08-18,Dementia
073_S_7082,bl,bl,2022-07-28,CN
341_S_7102,sc,sc,2022-08-13,CN
007_S_2394,y5,m132,2022-08-24,CN
941_S_6471,y4,m48,2022-08-24,CN
012_S_6503,y2,m24,2020-12-07,MCI
153_S_7104,sc,sc,2022-08-22,CN
035_S_7105,sc,sc,2022-08-22,MCI
035_S_6551,y4,m48,2022-08-22,CN
153_S_6274,y4,m54,2022-08-25,MCI
073_S_2182,y2,m132,2022-01-26,MCI
033_S_7088,bl,bl,2022-08-05,MCI
135_S_6509,y4,m48,2022-08-09,CN
016_S_4951,y2,m78,2019-06-10,CN
012_S_4188,y2,m96,2019-12-02,Dementia
126_S_4896,y4,m120,2022-09-07,MCI
941_S_6054,y5,m60,2022-08-05,CN
131_S_6519,y4,m48,2022-09-01,CN
168_S_6541,y3,m42,2022-09-07,MCI
016_S_4952,y2,m78,2019-06-10,CN
003_S_6260,y4,m48,2022-09-07,CN
003_S_6268,y4,m48,2022-08-30,MCI
135_S_6510,y4,m48,2022-08-24,CN
941_S_7106,sc,sc,2022-09-08,MCI
013_S_7097,sc,sc,2022-09-12,MCI
013_S_7103,sc,sc,2022-09-12,CN
029_S_5219,y4,m108,2022-09-14,MCI
012_S_6503,y3,m36,2022-09-14,MCI
012_S_6503,y4,m48,2022-09-14,MCI
073_S_7052,bl,bl,2022-03-17,MCI
126_S_0605,y5,m204,2023-06-27,Dementia
035_S_6999,y1,m12,2022-09-14,CN
023_S_6535,y4,m48,2022-09-20,MCI
041_S_6801,y2,m30,2022-09-19,CN
114_S_2392,y5,m132,2022-08-29,MCI
009_S_6402,y4,m48,2022-09-20,MCI
016_S_6941,y1,m12,2022-07-18,CN
033_S_7100,bl,bl,2022-09-21,CN
041_S_6226,y4,m48,2022-09-22,CN
100_S_6713,y2,m42,2022-09-22,Dementia
016_S_6934,bl,bl,2021-06-07,CN
023_S_6547,y4,m48,2022-09-28,CN
941_S_6580,y4,m48,2022-09-27,CN
027_S_6961,y1,m12,2022-09-27,MCI
941_S_6499,y4,m48,2022-09-28,CN
941_S_6570,y4,m48,2022-09-28,CN
035_S_7000,y1,m12,2022-09-23,MCI
941_S_4187,y5,m132,2022-10-11,CN
135_S_4356,y5,m132,2022-09-12,MCI
007_S_5265,y5,m108,2022-10-04,Dementia
041_S_6192,y4,m54,2022-10-06,CN
114_S_6309,y4,m48,2022-09-20,CN
021_S_6312,y4,m54,2022-09-19,MCI
041_S_6401,y4,m48,2022-10-10,CN
135_S_6544,y4,m48,2022-09-27,MCI
941_S_6546,y4,m48,2022-10-11,CN
305_S_6744,y3,m36,2022-08-16,MCI
022_S_6847,y2,m30,2022-09-29,MCI
305_S_6877,y1,m12,2021-11-01,MCI
016_S_6892,bl,bl,2021-02-17,CN
016_S_6909,sc,sc,2021-03-04,CN
016_S_6926,y1,m12,2022-07-20,MCI
035_S_7076,bl,bl,2022-10-07,CN
129_S_6304,y4,m48,2022-10-10,CN
013_S_4580,y1,m114,2022-10-13,CN
153_S_6336,y4,m54,2022-10-13,MCI
941_S_6422,y4,m54,2022-10-13,CN
011_S_7089,bl,bl,2022-03-04,CN
033_S_7114,sc,sc,2022-10-13,CN
116_S_4043,y4,m126,2022-02-16,CN
005_S_4168,y2,m132,2022-10-21,MCI
116_S_4199,y4,m126,2022-03-28,MCI
116_S_4855,y4,m114,2022-04-07,CN
127_S_6203,y4,m54,2022-10-03,CN
041_S_6354,y4,m48,2022-10-17,CN
005_S_6393,y2,m54,2022-10-21,CN
941_S_6581,y4,m48,2022-10-19,CN
021_S_6994,y1,m12,2022-10-03,CN
016_S_7014,sc,sc,2021-09-27,MCI
011_S_7112,sc,sc,2022-10-12,CN
035_S_7115,sc,sc,2022-10-18,CN
033_S_6352,y4,m54,2022-10-25,CN
033_S_6889,y2,m24,2022-10-12,MCI
035_S_6480,y4,m48,2022-08-03,MCI
016_S_6939,y1,m12,2022-07-07,MCI
007_S_4637,y5,m126,2022-10-25,Dementia
129_S_6457,y4,m48,2022-10-26,CN
129_S_6459,y4,m48,2022-10-26,CN
016_S_6790,y2,m30,2022-03-15,MCI
016_S_6834,y2,m30,2022-07-18,MCI
007_S_6515,y4,m48,2022-10-25,CN
129_S_6452,y4,m48,2022-10-10,CN
019_S_7016,y1,m12,2022-10-28,MCI
033_S_7116,sc,sc,2022-10-28,Dementia
003_S_0908,y5,m192,2022-11-01,MCI
123_S_4170,y5,m132,2022-10-24,MCI
127_S_6330,y4,m54,2022-10-17,MCI
127_S_6512,y4,m48,2022-10-31,MCI
052_S_7037,sc,sc,2022-01-21,MCI
135_S_6586,y4,m48,2022-10-25,MCI
126_S_5243,y4,m108,2022-11-03,CN
006_S_6375,y2,m24,2020-09-21,CN
016_S_6789,y2,m30,2022-03-01,MCI
033_S_6572,y4,m48,2022-10-31,CN
941_S_6574,y4,m48,2022-11-04,CN
941_S_6575,y4,m48,2022-11-04,CN
016_S_6816,y2,m24,2021-11-19,MCI
135_S_6473,y4,m48,2022-11-01,CN
052_S_7037,bl,bl,2022-01-21,MCI
035_S_7105,bl,bl,2022-10-20,MCI
053_S_7109,sc,sc,2022-11-07,Dementia
057_S_5292,y4,m108,2022-11-09,CN
067_S_7033,sc,sc,2021-12-08,Dementia
052_S_7036,sc,sc,2022-01-10,MCI
013_S_7107,sc,sc,2022-11-16,MCI
019_S_4548,y5,m126,2022-11-17,MCI
035_S_4785,y5,m114,2022-11-16,MCI
022_S_6716,y3,m36,2022-11-17,MCI
033_S_7114,bl,bl,2022-11-21,CN
003_S_6307,y4,m48,2022-11-21,CN
126_S_6559,y4,m48,2022-11-25,MCI
126_S_7015,y1,m12,2022-11-25,MCI
127_S_6357,y4,m48,2022-11-28,CN
035_S_7001,y1,m12,2022-11-03,Dementia
053_S_7086,bl,bl,2022-11-18,MCI
153_S_7099,sc,sc,2022-08-11,MCI
153_S_7113,sc,sc,2022-12-08,CN
013_S_7118,sc,sc,2022-11-11,CN
005_S_0602,y1,m150,2024-02-14,MCI
035_S_7049,bl,bl,2022-09-13,MCI
099_S_6476,y4,m54,2023-01-16,CN
018_S_2155,y5,m144,2022-11-21,Dementia
131_S_6805,y3,m36,2023-01-19,Dementia
035_S_7120,sc,sc,2023-01-19,Dementia
007_S_4272,y5,m132,2023-01-20,Dementia
082_S_2121,y2,m138,2022-02-16,MCI
114_S_6429,y4,m48,2023-01-25,CN
019_S_6635,y4,m48,2023-01-30,MCI
114_S_6917,y1,m18,2023-02-01,CN
114_S_6057,y4,m54,2022-10-26,CN
035_S_7121,sc,sc,2023-02-09,MCI
082_S_7117,sc,sc,2023-01-12,MCI
082_S_6415,y2,m42,2022-04-14,CN
013_S_7110,sc,sc,2023-03-08,MCI
035_S_7123,sc,sc,2023-02-28,CN
082_S_7117,bl,bl,2023-01-12,MCI
057_S_6869,y2,m24,2023-03-29,Dementia
035_S_7021,y1,m12,2023-03-20,MCI
035_S_7121,bl,bl,2023-03-29,MCI
019_S_6668,y4,m48,2023-04-04,Dementia
018_S_4400,y5,m132,2023-02-24,MCI
018_S_4889,y5,m126,2023-02-25,MCI
941_S_4036,y5,m144,2023-04-13,MCI
116_S_0382,y2,m180,2022-11-09,CN
082_S_7122,sc,sc,2023-02-17,CN
006_S_6243,y3,m54,2023-04-30,CN
006_S_6291,y3,m54,2023-04-30,MCI
006_S_6770,y3,m36,2022-11-14,Dementia
033_S_7066,y1,m12,2023-04-28,Dementia
135_S_6703,y4,m48,2023-04-17,MCI
082_S_4090,y2,m138,2022-10-19,CN
131_S_7032,y1,m12,2023-02-15,MCI
114_S_6462,y4,m48,2023-05-16,CN
041_S_4513,y5,m132,2023-04-17,MCI
041_S_6314,y4,m54,2023-02-13,CN
007_S_6341,y5,m60,2023-05-16,Dementia
126_S_7060,y1,m12,2023-05-17,MCI
005_S_6427,y2,m54,2023-05-22,MCI
041_S_5253,y5,m114,2023-04-13,MCI
153_S_6237,y4,m60,2023-05-23,CN
035_S_7123,bl,bl,2023-05-18,CN
130_S_6043,y4,m48,2023-05-30,CN
130_S_4352,y4,m114,2023-05-30,CN
130_S_6604,y3,m36,2021-02-10,MCI
130_S_6612,y2,m24,2021-03-04,MCI
168_S_6085,y4,m66,2023-06-02,CN
035_S_6722,y4,m48,2023-05-24,CN
035_S_6947,y2,m24,2023-05-24,MCI
035_S_7073,y1,m12,2023-05-31,MCI
168_S_6371,y3,m60,2023-06-09,MCI
127_S_6241,y5,m60,2023-06-13,Dementia
116_S_6453,sc,sc,2018-06-18,MCI
082_S_6564,y2,m48,2023-03-01,CN
035_S_6948,y2,m24,2023-06-08,CN
068_S_4340,y4,m138,2023-06-22,CN
168_S_6735,y2,m42,2023-06-22,Dementia
033_S_7079,y1,m12,2023-06-21,MCI
168_S_6619,y3,m54,2023-06-22,MCI
012_S_4643,y4,m114,2022-09-20,CN
126_S_4514,y5,m138,2023-06-27,MCI
341_S_6605,y2,m24,2020-12-02,MCI
168_S_6634,y3,m54,2023-06-29,Dementia
114_S_5047,y1,m78,2023-06-29,Dementia
123_S_7125,sc,sc,2023-05-03,MCI
016_S_6971,bl,bl,2021-06-24,CN
082_S_6563,y1,m12,2023-07-07,CN
168_S_6908,y1,m30,2023-07-11,Dementia
129_S_6830,y3,m36,2023-07-12,MCI
126_S_7083,y1,m12,2023-07-17,MCI
035_S_6950,y2,m24,2023-07-18,CN
053_S_5272,y2,m102,2023-07-21,CN
033_S_6969,y2,m24,2023-07-12,MCI
033_S_6976,y2,m24,2023-07-20,Dementia
033_S_7088,y1,m12,2023-07-11,Dementia
168_S_6180,y4,m66,2023-07-31,MCI
135_S_6411,y5,m60,2023-06-23,Dementia
052_S_2249,init,m90,2018-08-27,MCI
019_S_6483,y5,m60,2023-07-24,Dementia
126_S_4891,y5,m132,2023-08-08,Dementia
035_S_6480,y5,m60,2023-08-01,MCI
135_S_6446,y5,m60,2023-07-12,MCI
041_S_6731,y3,m48,2023-08-04,Dementia
018_S_4349,y4,m126,2022-05-12,CN
019_S_6757,y4,m48,2023-08-16,MCI
016_S_6853,bl,bl,2020-06-25,MCI
016_S_6949,sc,sc,2021-06-15,MCI
168_S_6051,y4,m60,2022-10-07,CN
035_S_6999,y2,m24,2023-09-26,CN
035_S_6927,y2,m24,2023-07-07,Dementia
126_S_4896,y5,m132,2023-10-11,MCI
035_S_7000,y2,m24,2023-10-04,Dementia
019_S_7016,y2,m24,2023-11-17,MCI
135_S_6544,y5,m60,2023-10-20,MCI
126_S_6559,y5,m60,2023-11-27,MCI
035_S_7105,y1,m12,2023-10-18,MCI
126_S_7015,y2,m24,2023-12-12,MCI
137_S_4631,y3,m102,2023-12-03,Dementia
137_S_4482,y2,m90,2023-12-03,CN
153_S_6336,y5,m66,2023-11-16,MCI
137_S_6880,bl,bl,2023-12-03,MCI
082_S_7122,bl,bl,2023-04-14,CN
109_S_6220,y1,m12,2020-03-03,MCI
019_S_6668,y5,m60,2024-02-20,Dementia
123_S_7125,bl,bl,2023-07-31,MCI
126_S_7060,y2,m24,2024-04-02,MCI
114_S_6251,y4,m54,2024-04-10,CN
114_S_6524,y4,m48,2024-04-10,CN
053_S_6598,y3,m42,2023-01-23,MCI
003_S_6972,sc,sc,2021-06-30,MCI
013_S_5171,y2,m96,2021-08-19,CN
013_S_6865,sc,sc,2020-02-03,MCI
011_S_6618,y1,m12,2021-10-29,MCI
013_S_7124,sc,sc,2023-04-20,MCI
301_S_6297,y4,m48,2024-05-29,CN
126_S_7083,y2,m24,2024-07-17,MCI
123_S_4127,y5,m144,2023-10-19,MCI
153_S_6755,y4,m48,2023-07-06,Dementia
168_S_6062,y4,m66,2023-04-04,CN
068_S_0127,y4,m204,2024-08-26,MCI
068_S_4332,y4,m144,2024-08-26,CN
168_S_6049,y4,m60,2024-08-26,CN
168_S_6591,y3,m42,2024-08-26,MCI
168_S_6821,y2,m48,2024-08-26,MCI
168_S_6874,y1,m30,2023-04-04,MCI
168_S_6754,y2,m36,2024-08-27,Dementia
168_S_6875,y1,m30,2023-04-04,MCI
094_S_2238,y1,m96,2019-03-06,MCI
130_S_4817,y4,m108,2021-05-10,MCI
168_S_6921,y1,m18,2024-08-24,Dementia
130_S_5175,y4,m96,2025-01-02,CN
130_S_6611,y2,m30,2025-01-02,MCI
130_S_6539,sc,sc,2018-07-27,MCI
153_S_7104,bl,bl,2022-12-01,CN
011_S_6303,y4,m54,2022-10-25,Dementia
094_S_6269,y2,m48,2022-06-16,CN
094_S_2238,y2,m138,2025-03-18,MCI
094_S_6275,y2,m48,2025-03-18,CN
094_S_6468,y2,m48,2025-03-18,CN
094_S_6736,bl,bl,2025-03-18,Dementia
153_S_6274,y5,m66,2023-11-06,MCI
109_S_4380,y2,m120,2025-04-11,MCI
109_S_6221,y1,m48,2025-04-11,MCI
109_S_6300,y1,m36,2025-04-11,MCI
073_S_4552,init,m96,2020-02-12,CN
082_S_6629,y2,m36,2022-01-28,CN
020_S_7098,sc,sc,2022-07-22,CN
941_S_10001,4_sc,sc,2023-07-25,Dementia
941_S_6254,4_init,m48,2023-07-24,CN
941_S_10002,4_sc,sc,2023-08-15,MCI
941_S_10004,4_sc,sc,2023-08-24,MCI
941_S_10003,4_sc,sc,2023-08-25,MCI
941_S_6570,4_init,m60,2023-09-11,CN
941_S_6333,4_init,m66,2023-09-12,CN
941_S_10010,4_sc,sc,2023-09-14,CN
073_S_10006,4_sc,sc,2023-09-07,CN
941_S_10011,4_sc,sc,2023-09-14,MCI
941_S_10002,4_bl,bl,2023-09-21,MCI
941_S_7074,4_init,m18,2023-09-19,CN
941_S_10003,4_bl,bl,2023-09-21,MCI
033_S_10005,4_sc,sc,2023-09-15,MCI
033_S_7100,4_init,m12,2023-09-15,CN
033_S_10008,4_sc,sc,2023-09-12,MCI
033_S_10009,4_sc,sc,2023-09-12,CN
941_S_10013,4_sc,sc,2023-09-21,Dementia
941_S_6998,4_init,m24,2023-09-25,CN
941_S_10012,4_sc,sc,2023-09-20,MCI
941_S_10015,4_sc,sc,2023-09-28,MCI
941_S_6471,4_init,m60,2023-09-26,CN
033_S_10016,4_sc,sc,2023-10-04,MCI
941_S_10001,4_bl,bl,2023-10-05,Dementia
941_S_10004,4_bl,bl,2023-10-04,MCI
007_S_4637,4_init,m138,2023-10-10,Dementia
021_S_7092,4_init,m18,2023-10-12,CN
073_S_10017,4_sc,sc,2023-10-13,MCI
021_S_6978,4_init,m24,2023-10-19,CN
941_S_10011,4_bl,bl,2023-10-23,MCI
033_S_10005,4_bl,bl,2023-10-10,MCI
941_S_6574,4_init,m60,2023-11-01,CN
033_S_10008,4_bl,bl,2023-11-30,MCI
033_S_10009,4_bl,bl,2023-10-26,MCI
941_S_6575,4_init,m60,2023-11-02,MCI
941_S_10019,4_sc,sc,2023-11-03,MCI
033_S_6352,4_init,m66,2023-11-03,CN
033_S_10016,4_bl,bl,2023-11-06,MCI
021_S_6994,4_init,m24,2023-10-31,CN
941_S_6546,4_init,m60,2023-11-08,CN
021_S_7055,4_init,m18,2023-10-30,CN
021_S_7045,4_init,m18,2023-10-31,CN
033_S_10021,4_sc,sc,2023-11-08,Dementia
007_S_2394,4_init,m150,2023-10-31,CN
033_S_7114,4_init,m12,2023-11-10,CN
941_S_6422,4_init,m66,2023-11-14,CN
021_S_0337,4_init,m210,2023-11-15,CN
033_S_10022,4_sc,sc,2023-11-13,MCI
023_S_4448,4_init,m138,2023-11-16,CN
941_S_10023,4_sc,sc,2023-11-20,Dementia
941_S_6080,4_init,m72,2023-11-13,MCI
014_S_6145,4_init,m66,2023-11-28,CN
021_S_4276,4_init,m144,2023-11-21,CN
035_S_7004,4_init,m24,2023-11-29,CN
941_S_10024,4_sc,sc,2023-12-04,Dementia
123_S_6888,4_init,m36,2023-12-05,MCI
033_S_10014,4_sc,sc,2023-09-25,MCI
073_S_0089,4_init,m216,2023-12-15,CN
011_S_7112,4_init,,2023-11-29,CN
021_S_6940,4_init,m30,2023-12-28,CN
014_S_6424,4_init,m60,2023-12-07,CN
016_S_6773,4_init,m54,2023-12-06,CN
021_S_6890,4_init,m36,2023-12-11,MCI
100_S_5091,4_init,m126,2023-12-11,CN
033_S_10021,4_bl,bl,2023-12-13,Dementia
073_S_7082,4_init,m12,2023-09-27,CN
941_S_6581,4_init,m60,2023-12-14,CN
033_S_10027,4_sc,sc,2023-12-13,Dementia
011_S_10026,4_sc,sc,2023-12-05,Dementia
073_S_10017,4_bl,bl,2023-11-06,MCI
073_S_10006,4_bl,bl,2023-11-06,CN
023_S_6535,4_init,m66,2023-12-14,MCI
023_S_4164,4_init,m144,2023-12-14,CN
021_S_6914,4_init,m30,2023-12-12,CN
016_S_6816,4_init,m48,2023-12-13,MCI
033_S_5198,4_init,m126,2023-12-20,CN
007_S_4387,4_init,m144,2023-12-13,CN
033_S_10025,4_sc,sc,2024-01-02,MCI
035_S_10030,4_sc,sc,2024-01-03,CN
035_S_10031,4_sc,sc,2024-01-04,CN
035_S_10032,4_sc,sc,2024-01-08,CN
941_S_10037,4_sc,sc,2024-01-11,MCI
100_S_10028,4_sc,sc,2024-01-12,CN
033_S_10025,4_bl,bl,2024-01-02,MCI
011_S_7089,4_init,m18,2023-12-06,CN
011_S_6303,4_init,m66,2024-01-08,Dementia
033_S_6572,4_init,m66,2024-01-16,CN
035_S_10031,4_bl,bl,2024-01-17,CN
011_S_10033,4_sc,sc,2024-01-09,Dementia
035_S_6730,4_init,m54,2024-01-16,CN
016_S_6941,4_init,m30,2024-01-17,CN
003_S_4900,4_init,m138,2024-01-19,CN
023_S_4115,4_init,m150,2024-01-19,MCI
023_S_6702,4_init,m54,2024-01-19,MCI
116_S_6133,4_init,m72,2024-01-19,CN
941_S_10039,4_sc,sc,2024-01-22,MCI
941_S_10038,4_sc,sc,2024-01-22,MCI
100_S_10034,4_sc,sc,2024-01-23,CN
129_S_6146,4_init,m72,2024-01-24,CN
100_S_4556,4_init,m138,2024-01-24,CN
006_S_6243,4_init,m66,2023-12-20,CN
011_S_10041,4_sc,sc,2024-01-24,CN
100_S_10029,4_sc,sc,2024-01-23,Dementia
011_S_10044,4_sc,sc,2024-01-29,Dementia
941_S_10023,4_bl,bl,2024-01-31,Dementia
011_S_10045,4_sc,sc,2024-01-31,CN
129_S_6304,4_init,m72,2024-01-30,CN
035_S_10030,4_bl,bl,2024-01-31,CN
007_S_1222,4_init,m204,2024-01-30,MCI
941_S_10051,4_sc,sc,2024-02-06,Dementia
100_S_6164,4_init,m72,2024-02-07,CN
023_S_6346,4_init,m66,2024-02-07,CN
023_S_6374,4_init,m66,2024-02-07,CN
035_S_10052,4_sc,sc,2024-02-06,MCI
003_S_0908,4_init,m204,2024-02-06,MCI
007_S_4272,4_init,m150,2024-02-05,Dementia
035_S_10053,4_sc,sc,2024-02-07,MCI
035_S_10048,4_sc,sc,2024-02-05,MCI
137_S_6919,4_init,m30,2024-02-07,MCI
033_S_10049,4_sc,sc,2024-02-07,Dementia
003_S_10042,4_sc,sc,2024-02-13,CN
035_S_6200,4_init,m72,2024-02-12,CN
005_S_4168,4_init,m150,2024-02-14,MCI
033_S_6889,4_init,m36,2023-10-09,MCI
941_S_10039,4_bl,bl,2024-02-16,MCI
941_S_10024,4_bl,bl,2024-02-19,Dementia
100_S_10035,4_sc,sc,2024-02-20,CN
037_S_10050,4_sc,sc,2024-02-19,CN
941_S_10051,4_bl,bl,2024-02-20,Dementia
100_S_10028,4_bl,bl,2024-02-20,CN
016_S_6934,4_init,m36,2024-02-21,CN
014_S_6765,4_init,m54,2024-02-22,MCI
100_S_10034,4_bl,bl,2024-02-22,CN
073_S_10047,4_sc,sc,2024-02-13,CN
073_S_10054,4_sc,sc,2024-02-26,CN
100_S_6273,4_init,m72,2024-02-08,CN
035_S_10048,4_bl,bl,2024-02-22,MCI
035_S_10052,4_bl,bl,2024-02-27,MCI
023_S_6369,4_init,m66,2024-02-28,MCI
941_S_10065,4_sc,sc,2024-03-01,CN
021_S_7062,4_init,m24,2024-02-27,CN
941_S_6094,4_init,m78,2024-03-04,CN
021_S_10059,4_sc,sc,2024-02-23,CN
129_S_6288,4_init,m72,2024-02-16,CN
131_S_7032,4_init,m24,2024-02-15,MCI
021_S_10064,4_sc,sc,2024-02-28,CN
037_S_10061,4_sc,sc,2024-03-06,CN
023_S_6547,4_init,m66,2024-03-06,CN
033_S_10027,4_bl,bl,2023-12-13,Dementia
033_S_10049,4_bl,bl,2024-02-07,Dementia
100_S_6308,4_init,m72,2024-03-06,CN
941_S_10038,4_bl,bl,2024-03-07,MCI
035_S_10053,4_bl,bl,2024-02-28,MCI
035_S_10067,4_sc,sc,2024-03-04,CN
035_S_10068,4_sc,sc,2024-03-05,CN
100_S_10036,4_sc,sc,2024-03-07,CN
003_S_6259,4_init,m72,2024-03-08,CN
073_S_10060,4_sc,sc,2024-03-04,CN
033_S_6266,4_init,m72,2024-02-28,CN
016_S_10071,4_sc,sc,2024-03-12,MCI
035_S_7121,4_init,m12,2024-03-12,MCI
073_S_10069,4_sc,sc,2024-03-12,Dementia
006_S_6291,4_init,m72,2024-03-20,CN
006_S_4713,4_init,m138,2024-03-20,Dementia
021_S_10059,4_bl,bl,2024-03-20,CN
941_S_6054,4_init,m78,2024-03-20,CN
022_S_10040,4_sc,sc,2024-03-20,CN
022_S_10043,4_sc,sc,2024-03-20,CN
022_S_10046,4_sc,sc,2024-03-20,CN
022_S_10055,4_sc,sc,2024-03-20,CN
035_S_7043,4_init,m24,2024-03-18,CN
016_S_6789,4_init,m54,2024-03-20,MCI
070_S_10080,4_sc,sc,2024-03-20,MCI
021_S_10064,4_bl,bl,2024-03-20,CN
007_S_10075,4_sc,sc,2024-03-26,Dementia
016_S_6790,4_init,m54,2024-03-25,MCI
941_S_10085,4_sc,sc,2024-03-26,Dementia
941_S_4036,4_init,m150,2024-03-27,MCI
037_S_10062,4_sc,sc,2024-03-28,CN
033_S_10083,4_sc,sc,2024-03-25,MCI
137_S_10057,4_sc,sc,2024-04-01,MCI
037_S_10086,4_sc,sc,2024-04-02,CN
035_S_10068,4_bl,bl,2024-03-27,CN
073_S_10074,4_sc,sc,2024-03-25,CN
033_S_10092,4_sc,sc,2024-02-04,CN
021_S_6896,4_init,m36,2024-03-28,CN
137_S_10079,4_sc,sc,2024-04-03,CN
023_S_10094,4_sc,sc,2024-04-03,CN
023_S_6334,4_init,m72,2024-04-03,MCI
023_S_6399,4_init,m72,2024-04-03,CN
023_S_6400,4_init,m72,2024-04-03,CN
035_S_10093,4_sc,sc,2024-04-02,CN
035_S_10096,4_sc,sc,2024-04-03,CN
073_S_10084,4_sc,sc,2024-03-26,MCI
035_S_10067,4_bl,bl,2024-03-26,CN
100_S_6349,4_init,m72,2024-04-04,CN
003_S_10042,4_bl,bl,2024-04-02,CN
003_S_6014,4_init,m72,2024-04-05,CN
003_S_1122,4_init,m204,2024-04-05,MCI
033_S_10095,4_sc,sc,2024-04-03,MCI
016_S_6926,4_init,m30,2024-04-03,MCI
021_S_6987,4_init,m30,2024-03-26,CN
941_S_10085,4_bl,bl,2024-04-09,Dementia
037_S_10063,4_sc,sc,2024-04-10,CN
003_S_6644,4_init,m60,2024-03-22,MCI
941_S_10065,4_bl,bl,2024-04-12,CN
135_S_6703,4_init,m60,2024-03-28,MCI
033_S_10099,4_sc,sc,2024-04-15,CN
100_S_0069,4_init,m216,2024-04-08,MCI
073_S_10054,4_bl,bl,2024-03-19,CN
100_S_4469,4_init,m144,2024-04-04,CN
100_S_10029,4_bl,bl,2024-04-04,Dementia
135_S_10097,4_sc,sc,2024-03-28,MCI
941_S_10103,4_sc,sc,2024-04-17,MCI
035_S_7123,4_init,m12,2024-04-16,CN
137_S_6906,4_init,m30,2024-03-28,CN
014_S_6920,4_init,m30,2024-04-11,MCI
019_S_10102,4_sc,sc,2024-04-17,MCI
007_S_10075,4_bl,bl,2024-04-22,Dementia
005_S_6427,4_init,m66,2024-04-18,MCI
033_S_10107,4_sc,sc,2024-04-23,Dementia
129_S_6704,4_init,m60,2024-04-24,CN
035_S_10093,4_bl,bl,2024-04-22,CN
036_S_7070,4_init,m24,2024-04-24,Dementia
073_S_10047,4_bl,bl,2024-04-25,MCI
003_S_4441,4_init,m144,2024-04-25,CN
941_S_10111,4_sc,sc,2024-04-25,MCI
019_S_10106,4_sc,sc,2024-04-23,CN
003_S_5154,4_init,m132,2024-04-25,CN
003_S_10073,4_sc,sc,2024-04-25,CN
073_S_10105,4_sc,sc,2024-04-23,Dementia
070_S_5040,4_init,m138,2024-04-29,CN
036_S_10112,4_sc,sc,2024-04-29,MCI
035_S_10096,4_bl,bl,2024-04-23,CN
016_S_6381,4_init,m72,2024-04-24,CN
022_S_10056,4_sc,sc,2024-04-22,CN
129_S_6621,4_init,m66,2024-05-01,CN
003_S_10082,4_sc,sc,2024-04-30,CN
389_S_10070,4_sc,sc,2024-04-16,MCI
036_S_6878,4_init,m42,2024-04-22,Dementia
389_S_10076,4_sc,sc,2024-05-02,MCI
035_S_6722,4_init,m60,2024-05-01,CN
941_S_6384,4_init,m72,2024-05-02,CN
037_S_10087,4_sc,sc,2024-05-02,CN
941_S_10103,4_bl,bl,2024-05-01,MCI
137_S_10078,4_sc,sc,2024-05-01,CN
005_S_10100,4_sc,sc,2024-05-02,CN
022_S_10066,4_sc,sc,2024-05-03,CN
129_S_6459,4_init,m66,2024-05-03,CN
135_S_4722,4_init,m144,2024-04-24,MCI
005_S_6393,4_init,m72,2024-05-02,CN
135_S_4723,4_init,m144,2024-04-24,MCI
129_S_6457,4_init,m72,2024-05-02,CN
137_S_6903,4_init,m30,2024-05-02,CN
137_S_10077,4_sc,sc,2024-05-06,CN
021_S_10114,4_sc,sc,2024-05-02,CN
014_S_4401,4_init,m144,2024-05-07,CN
033_S_10092,4_bl,bl,2024-05-03,CN
033_S_10118,4_sc,sc,2024-05-08,MCI
129_S_7042,4_init,m24,2024-05-10,CN
073_S_10088,4_sc,sc,2024-04-01,CN
016_S_6809,4_init,m54,2024-05-15,MCI
099_S_4076,4_init,m156,2024-05-15,MCI
019_S_10102,4_bl,bl,2024-05-16,MCI
035_S_6306,4_init,m72,2024-05-14,CN
135_S_6359,4_init,m72,2024-05-14,CN
141_S_6116,4_init,m78,2024-05-21,CN
100_S_6713,4_init,m60,2024-05-07,Dementia
100_S_10091,4_sc,sc,2024-05-17,CN
301_S_10123,4_sc,sc,2024-05-21,MCI
033_S_10121,4_sc,sc,2024-05-20,MCI
027_S_5093,4_init,m132,2024-05-22,CN
082_S_6563,4_init,m66,2024-04-22,CN
129_S_6857,4_init,m48,2024-05-22,MCI
016_S_10124,4_sc,sc,2024-05-22,MCI
007_S_6341,4_init,m72,2024-05-21,Dementia
073_S_10113,4_sc,sc,2024-04-30,CN
027_S_0074,4_init,m222,2024-05-28,CN
130_S_10129,4_sc,sc,2024-05-28,CN
941_S_7051,4_init,m24,2024-05-29,MCI
035_S_6947,4_init,m36,2024-05-29,MCI
037_S_10098,4_sc,sc,2024-05-30,MCI
036_S_10133,4_sc,sc,2024-06-03,Dementia
027_S_5083,4_init,m132,2024-06-03,CN
037_S_10117,4_sc,sc,2024-06-05,CN
073_S_10120,4_sc,sc,2024-05-14,MCI
027_S_4926,4_init,m138,2024-06-04,MCI
941_S_10135,4_sc,sc,2024-06-06,Dementia
035_S_7073,4_init,m24,2024-06-05,MCI
135_S_4489,4_init,m150,2024-05-29,MCI
135_S_6586,4_init,m66,2024-05-29,MCI
127_S_6241,4_init,m72,2024-06-12,Dementia
016_S_10138,4_sc,sc,2024-06-12,MCI
035_S_7050,4_init,m24,2024-06-11,CN
035_S_6948,4_init,m36,2024-06-12,CN
014_S_6502,4_init,m66,2024-06-14,MCI
027_S_5170,4_init,m132,2024-06-11,CN
014_S_6437,4_init,m66,2024-04-09,CN
033_S_7079,4_init,m24,2024-06-13,MCI
019_S_10141,4_sc,sc,2024-06-13,MCI
052_S_6412,4_init,m66,2024-06-17,CN
027_S_5109,4_init,m132,2024-06-13,CN
100_S_10108,4_sc,sc,2024-06-17,CN
003_S_6258,4_init,m72,2024-05-14,MCI
019_S_10145,4_sc,sc,2024-06-20,CN
301_S_10139,4_sc,sc,2024-06-20,CN
100_S_10109,4_sc,sc,2024-06-24,CN
941_S_10148,4_sc,sc,2024-06-24,Dementia
027_S_2245,4_init,m162,2024-06-25,MCI
021_S_10146,4_sc,sc,2024-06-25,CN
033_S_10147,4_sc,sc,2024-06-24,Dementia
033_S_10144,4_sc,sc,2024-06-25,Dementia
033_S_10150,4_sc,sc,2024-06-25,CN
130_S_6688,4_init,m66,2024-06-25,CN
073_S_5167,4_init,m132,2024-05-22,CN
129_S_10151,4_sc,sc,2024-06-28,MCI
070_S_6966,4_init,m30,2024-04-05,CN
027_S_5169,4_init,m132,2024-06-27,CN
032_S_4429,4_init,m150,2024-07-02,CN
022_S_10132,4_sc,sc,2024-07-03,CN
014_S_10157,4_sc,sc,2024-07-02,MCI
019_S_10152,4_sc,sc,2024-06-26,MCI
070_S_6229,4_init,m78,2024-07-02,MCI
052_S_7037,4_init,m30,2024-06-24,MCI
052_S_10159,4_sc,sc,2024-07-08,MCI
005_S_10101,4_sc,sc,2024-07-09,CN
098_S_6534,4_init,m66,2024-07-09,CN
035_S_6488,4_init,m72,2024-07-08,CN
037_S_6046,4_init,m72,2024-07-09,MCI
037_S_6115,4_init,m78,2024-06-24,CN
012_S_6503,4_init,m72,2024-07-11,MCI
941_S_10163,4_sc,sc,2024-07-12,CN
003_S_10158,4_sc,sc,2024-07-11,CN
073_S_10134,4_sc,sc,2024-06-19,CN
021_S_10161,4_sc,sc,2024-07-11,CN
019_S_10164,4_sc,sc,2024-07-12,Dementia
126_S_10166,4_sc,sc,2024-07-15,CN
036_S_10165,4_sc,sc,2024-07-15,MCI
036_S_6887,4_init,m42,2024-06-18,Dementia
126_S_4514,4_init,m150,2024-07-16,MCI
135_S_6360,4_init,m72,2024-06-19,CN
135_S_6446,4_init,m72,2024-07-10,MCI
098_S_6362,4_init,m72,2024-07-02,MCI
018_S_4399,4_init,m150,2024-07-17,CN
007_S_10130,4_sc,sc,2024-07-16,CN
035_S_6950,4_init,m36,2024-07-16,CN
052_S_10168,4_sc,sc,2024-07-16,CN
126_S_6721,4_init,m60,2024-07-17,Dementia
941_S_10169,4_sc,sc,2024-07-16,Dementia
098_S_6734,4_init,m60,2024-07-18,CN
099_S_6175,4_init,m72,2024-07-17,MCI
016_S_10174,4_sc,sc,2024-07-17,MCI
033_S_10175,4_sc,sc,2024-07-17,CN
941_S_6254,4_m12,m60,2024-07-23,CN
027_S_4919,4_init,m144,2024-07-09,Dementia
035_S_6480,4_init,m72,2024-07-17,MCI
014_S_10180,4_sc,sc,2024-07-24,CN
027_S_6516,4_init,m72,2024-07-25,CN
135_S_5113,4_init,m138,2024-07-17,CN
003_S_6256,4_init,m72,2024-07-15,CN
037_S_6125,4_init,m78,2024-07-23,CN
037_S_6222,4_init,m66,2024-07-09,Dementia
033_S_6969,4_init,m36,2024-07-11,MCI
033_S_6976,4_init,m36,2024-07-29,MCI
033_S_10170,4_sc,sc,2024-07-29,CN
011_S_0021,4_init,m228,2024-07-29,CN
052_S_4944,4_init,m138,2024-07-24,MCI
035_S_6751,4_init,m60,2024-07-24,CN
037_S_7006,4_init,m30,2024-05-29,CN
027_S_6643,4_init,m66,2024-06-28,MCI
052_S_10185,4_sc,sc,2024-07-29,CN
052_S_10188,4_sc,sc,2024-07-31,CN
082_S_10137,4_sc,sc,2024-06-06,CN
073_S_6925,4_init,m36,2024-06-19,CN
016_S_10189,4_sc,sc,2024-07-31,MCI
036_S_6916,4_init,m42,2024-08-05,Dementia
016_S_10190,4_sc,sc,2024-07-31,CN
035_S_10193,4_sc,sc,2024-08-06,MCI
130_S_10192,4_sc,sc,2024-08-06,CN
029_S_5219,4_init,m132,2024-08-08,MCI
033_S_10196,4_sc,sc,2024-08-07,MCI
941_S_10198,4_sc,sc,2024-08-08,CN
301_S_10194,4_sc,sc,2024-08-06,Dementia
029_S_10197,4_sc,sc,2024-08-08,MCI
073_S_10167,4_sc,sc,2024-07-16,MCI
073_S_10172,4_sc,sc,2024-07-25,CN
073_S_10089,4_sc,sc,2024-04-01,CN
011_S_6367,4_init,m72,2024-08-08,CN
016_S_6931,4_init,m36,2024-08-07,CN
052_S_10195,4_sc,sc,2024-08-07,MCI
052_S_10202,4_sc,sc,2024-08-12,CN
022_S_10143,4_sc,sc,2024-08-12,CN
022_S_10136,4_sc,sc,2024-08-12,CN
126_S_10201,4_sc,sc,2024-08-12,CN
941_S_6454,4_m12,m72,2024-08-13,CN
007_S_6323,4_init,m72,2024-08-08,CN
123_S_0072,4_init,m222,2024-08-12,CN
129_S_10203,4_sc,sc,2024-08-13,CN
130_S_6604,4_init,m72,2024-08-13,MCI
036_S_10206,4_sc,sc,2024-08-14,Dementia
135_S_6509,4_init,m72,2024-08-07,CN
012_S_6760,4_init,m60,2024-08-10,MCI
036_S_4389,4_init,m150,2024-08-13,CN
011_S_6418,4_init,m72,2024-08-19,CN
016_S_10207,4_sc,sc,2024-08-14,CN
005_S_10205,4_sc,sc,2024-08-15,MCI
941_S_10212,4_sc,sc,2024-08-19,MCI
099_S_6396,4_init,m72,2024-08-14,CN
041_S_5100,4_init,m132,2024-03-06,CN
137_S_10058,4_sc,sc,2024-08-20,CN
137_S_10081,4_sc,sc,2024-08-20,CN
041_S_6401,4_init,m72,2024-04-09,CN
033_S_10215,4_sc,sc,2024-08-20,CN
052_S_10211,4_sc,sc,2024-08-19,CN
036_S_6189,4_init,m78,2024-08-20,CN
098_S_6343,4_init,m72,2024-08-06,CN
007_S_6515,4_init,m72,2024-08-20,CN
018_S_4889,4_init,m144,2024-07-23,MCI
033_S_10217,4_sc,sc,2024-08-21,CN
130_S_10214,4_sc,sc,2024-08-20,MCI
141_S_6240,4_init,m72,2024-08-15,MCI
073_S_6952,4_init,m36,2024-07-12,CN
033_S_7088,4_init,m24,2024-06-17,Dementia
141_S_0767,4_init,m216,2024-08-26,CN
135_S_6510,4_init,m72,2024-08-14,CN
135_S_10204,4_sc,sc,2024-08-20,MCI
130_S_10216,4_sc,sc,2024-08-21,CN
012_S_10213,4_sc,sc,2024-08-27,MCI
941_S_6333,4_m12,m78,2024-08-27,CN
941_S_6570,4_m12,m72,2024-08-28,CN
033_S_10210,4_sc,sc,2024-08-19,MCI
023_S_10173,4_sc,sc,2024-08-28,CN
023_S_10179,4_sc,sc,2024-07-24,CN
035_S_6551,4_init,m72,2024-08-14,CN
014_S_6076,4_init,m78,2024-08-28,CN
037_S_10171,4_sc,sc,2024-08-29,Dementia
033_S_10231,4_sc,sc,2024-08-28,MCI
941_S_6471,4_m12,m72,2024-09-03,CN
130_S_5175,4_init,m132,2024-08-29,CN
014_S_10236,4_sc,sc,2024-09-04,Dementia
052_S_10238,4_sc,sc,2024-09-04,CN
067_S_7059,4_init,m24,2024-08-28,CN
027_S_6965,4_init,m36,2024-09-04,Dementia
130_S_10226,4_sc,sc,2024-08-28,MCI
041_S_0679,4_init,m210,2024-05-03,CN
082_S_10200,4_sc,sc,2024-09-03,CN
082_S_10199,4_sc,sc,2024-08-26,CN
041_S_6226,4_init,m72,2024-04-07,CN
301_S_10230,4_sc,sc,2024-09-06,CN
041_S_6292,4_init,m72,2024-05-02,CN
305_S_6871,4_init,m48,2024-09-04,MCI
027_S_6327,4_init,m78,2024-09-06,Dementia
011_S_6465,4_init,m72,2024-09-09,MCI
027_S_6582,4_init,m72,2024-09-09,CN
052_S_10242,4_sc,sc,2024-09-09,CN
126_S_0605,4_init,m216,2024-09-06,Dementia
941_S_10002,4_m12,m12,2024-09-09,MCI
022_S_10181,4_sc,sc,2024-09-10,MCI
016_S_10239,4_sc,sc,2024-09-04,MCI
027_S_6183,4_init,m78,2024-09-06,CN
035_S_10241,4_sc,sc,2024-09-09,CN
052_S_10246,4_sc,sc,2024-09-10,CN
941_S_7074,4_m12,m30,2024-09-09,CN
007_S_6455,4_init,m72,2024-09-11,CN
033_S_10229,4_sc,sc,2024-09-05,MCI
073_S_10228,4_sc,sc,2024-09-03,MCI
941_S_10003,4_m12,m12,2024-09-11,MCI
100_S_10110,4_sc,sc,2024-09-12,CN
123_S_10248,4_sc,sc,2024-09-10,CN
389_S_10115,4_sc,sc,2024-09-12,MCI
073_S_10177,4_sc,sc,2024-07-23,CN
389_S_10119,4_sc,sc,2024-09-16,CN
389_S_10127,4_sc,sc,2024-09-20,MCI
389_S_10140,4_sc,sc,2024-09-12,CN
035_S_6999,4_init,m36,2024-09-16,CN
126_S_4891,4_init,m144,2024-09-17,Dementia
141_S_6015,4_init,m90,2024-09-18,CN
033_S_10249,4_sc,sc,2024-09-12,Dementia
033_S_10255,4_sc,sc,2024-09-17,CN
011_S_10257,4_sc,sc,2024-09-18,Dementia
041_S_10104,4_sc,sc,2024-09-18,CN
041_S_6785,4_init,m54,2024-09-19,CN
041_S_10125,4_sc,sc,2024-06-21,CN
007_S_4488,4_init,m150,2024-09-18,CN
100_S_10232,4_sc,sc,2024-09-19,CN
389_S_10142,4_sc,sc,2024-09-20,Dementia
389_S_10162,4_sc,sc,2024-09-20,Dementia
389_S_10191,4_sc,sc,2024-09-20,Dementia
389_S_10160,4_sc,sc,2024-09-16,CN
301_S_6056,4_init,m84,2024-09-05,MCI
041_S_6314,4_init,m78,2024-09-20,CN
041_S_4051,4_init,m156,2024-09-17,CN
041_S_6159,4_init,m78,2024-08-15,CN
041_S_4200,4_init,m156,2024-09-20,Dementia
041_S_6786,4_init,m60,2024-09-20,CN
006_S_6375,4_init,m72,2024-09-23,CN
130_S_10264,4_sc,sc,2024-09-24,MCI
033_S_10265,4_sc,sc,2024-09-24,Dementia
019_S_6483,4_init,m72,2024-09-16,Dementia
037_S_4028,4_init,m156,2024-08-20,CN
011_S_10261,4_sc,sc,2024-09-24,CN
018_S_2155,4_init,m162,2024-09-25,Dementia
011_S_4278,4_init,m156,2024-09-23,Dementia
003_S_4081,4_init,m156,2024-09-25,MCI
070_S_6542,4_init,m72,2024-09-25,CN
018_S_4349,4_init,m156,2024-09-25,MCI
052_S_10267,4_sc,sc,2024-09-25,CN
057_S_5292,4_init,m132,2024-09-25,MCI
141_S_6253,4_init,m78,2024-09-25,CN
003_S_4288,4_init,m156,2024-09-27,CN
019_S_10263,4_sc,sc,2024-09-24,CN
135_S_4598,4_init,m150,2024-09-17,CN
126_S_10271,4_sc,sc,2024-09-30,MCI
027_S_6788,4_init,m60,2024-09-26,Dementia
067_S_6958,4_init,m36,2024-09-30,CN
027_S_10272,4_sc,sc,2024-09-30,CN
052_S_10252,4_sc,sc,2024-09-16,CN
052_S_10273,4_sc,sc,2024-09-30,CN
052_S_10275,4_sc,sc,2024-10-01,CN
941_S_10279,4_sc,sc,2024-10-02,Dementia
067_S_6957,4_init,m36,2024-10-02,CN
073_S_10254,4_sc,sc,2024-09-24,CN
011_S_10278,4_sc,sc,2024-10-03,CN
033_S_10276,4_sc,sc,2024-10-01,MCI
033_S_10008,4_m12,m12,2024-10-03,MCI
073_S_10245,4_sc,sc,2024-09-10,MCI
027_S_6842,4_init,m54,2024-10-03,MCI
011_S_7048,4_init,m42,2024-09-27,CN
033_S_7066,4_init,m30,2024-09-17,Dementia
035_S_10274,4_sc,sc,2024-09-30,CN
126_S_4896,4_init,m144,2024-10-07,MCI
033_S_6889,4_m12,m48,2024-10-04,MCI
006_S_6209,4_init,m78,2024-10-03,CN
006_S_6657,4_init,m66,2024-10-03,CN
006_S_6234,4_init,m78,2024-10-03,CN
941_S_6422,4_m12,m78,2024-10-29,CN
012_S_10277,4_sc,sc,2024-10-07,CN
389_S_10208,4_sc,sc,2024-10-07,CN
389_S_10156,4_sc,sc,2024-10-07,MCI
389_S_10183,4_sc,sc,2024-10-07,Dementia
003_S_6268,4_init,m72,2024-10-04,MCI
009_S_10262,4_sc,sc,2024-10-01,CN
073_S_10178,4_sc,sc,2024-08-08,MCI
021_S_10270,4_sc,sc,2024-10-07,CN
052_S_10284,4_sc,sc,2024-10-08,CN
032_S_6699,4_init,m60,2024-10-08,CN
070_S_4856,4_init,m144,2024-10-02,CN
007_S_4637,4_m12,m150,2024-10-08,Dementia
011_S_6618,4_init,m72,2024-10-04,Dementia
941_S_6998,4_m12,m36,2024-10-09,CN
052_S_10281,4_sc,sc,2024-10-07,CN
070_S_6942,4_init,m42,2024-10-09,CN
114_S_10283,4_sc,sc,2024-10-08,CN
041_S_6731,4_init,m60,2024-09-17,MCI
006_S_6689,4_init,m66,2024-09-12,Dementia
041_S_4874,4_init,m144,2024-10-10,CN
100_S_5075,4_init,m132,2024-09-26,MCI
067_S_2301,4_init,m162,2024-10-02,CN
123_S_10290,4_sc,sc,2024-10-10,CN
052_S_10286,4_sc,sc,2024-10-09,CN
005_S_10288,4_sc,sc,2024-10-10,CN
035_S_7105,4_init,m24,2024-10-09,MCI
021_S_6978,4_m12,m36,2024-10-14,CN
035_S_4464,4_init,m150,2024-10-10,CN
037_S_10116,4_sc,sc,2024-10-10,CN
037_S_7011,4_init,m30,2024-10-10,CN
067_S_7020,4_init,m36,2024-10-15,MCI
033_S_10005,4_m12,m12,2024-10-15,MCI
082_S_6415,4_init,m72,2024-08-13,CN
052_S_10260,4_sc,sc,2024-10-15,MCI
022_S_10186,4_sc,sc,2024-10-16,CN
022_S_10256,4_sc,sc,2024-10-16,CN
070_S_10298,4_sc,sc,2024-10-16,CN
033_S_10297,4_sc,sc,2024-10-15,MCI
011_S_4105,4_init,m156,2024-10-16,CN
012_S_10244,4_sc,sc,2024-10-02,CN
941_S_10011,4_m12,m12,2024-10-18,MCI
019_S_10303,4_sc,sc,2024-10-17,MCI
114_S_10299,4_sc,sc,2024-10-18,Dementia
027_S_6961,4_init,m42,2024-10-15,MCI
941_S_10001,4_m12,m12,2024-10-16,Dementia
021_S_10293,4_sc,sc,2024-10-14,CN
128_S_2123,4_init,m168,2024-08-28,MCI
114_S_10305,4_sc,sc,2024-10-21,CN
137_S_10250,4_sc,sc,2024-10-21,MCI
941_S_10309,4_sc,sc,2024-10-21,MCI
305_S_10282,4_sc,sc,2024-10-22,CN
137_S_4351,4_init,m156,2024-10-16,MCI
067_S_6525,4_init,m66,2024-10-21,CN
137_S_6693,4_init,m60,2024-10-18,Dementia
052_S_10307,4_sc,sc,2024-10-21,CN
014_S_10317,4_sc,sc,2024-10-23,CN
141_S_6872,4_init,m48,2024-10-22,CN
052_S_10315,4_sc,sc,2024-10-23,MCI
073_S_4393,4_init,m144,2024-03-04,CN
341_S_6494,4_init,m72,2024-09-17,CN
036_S_6885,4_init,m48,2024-10-23,Dementia
036_S_10314,4_sc,sc,2024-10-23,MCI
002_S_6007,4_init,m90,2024-10-21,MCI
301_S_10247,4_sc,sc,2024-10-15,MCI
003_S_6067,4_init,m84,2024-10-24,CN
128_S_0200,4_init,m222,2024-09-11,MCI
012_S_10287,4_sc,sc,2024-10-24,MCI
012_S_10313,4_sc,sc,2024-10-24,CN
012_S_10312,4_sc,sc,2024-10-24,CN
941_S_10304,4_sc,sc,2024-10-18,CN
036_S_10322,4_sc,sc,2024-10-28,Dementia
130_S_6111,4_init,m78,2024-10-28,CN
016_S_10324,4_sc,sc,2024-10-28,CN
037_S_4214,4_init,m156,2024-10-30,CN
033_S_10016,4_m12,m12,2024-10-30,MCI
114_S_10321,4_sc,sc,2024-10-28,CN
014_S_7072,4_init,m24,2024-10-31,CN
123_S_10292,4_sc,sc,2024-10-11,MCI
035_S_10329,4_sc,sc,2024-10-31,Dementia
082_S_2121,4_init,m162,2024-11-01,MCI
082_S_10219,4_sc,sc,2024-10-02,Dementia
082_S_4428,4_init,m150,2024-10-29,CN
021_S_7055,4_m12,m30,2024-10-17,CN
135_S_6544,4_init,m72,2024-10-30,MCI
099_S_6097,4_init,m84,2024-11-04,CN
011_S_10294,4_sc,sc,2024-10-31,CN
082_S_6283,4_init,m72,2024-07-29,CN
014_S_10335,4_sc,sc,2024-11-04,CN
033_S_10326,4_sc,sc,2024-10-29,CN
003_S_4644,4_init,m144,2024-01-10,CN
037_S_10225,4_sc,sc,2024-10-31,CN
037_S_10131,4_sc,sc,2024-10-31,CN
027_S_10316,4_sc,sc,2024-11-05,CN
018_S_6414,4_init,m78,2024-11-06,CN
033_S_6352,4_m12,m78,2024-11-06,MCI
033_S_7100,4_m12,m24,2024-11-06,CN
033_S_7114,4_m12,m24,2024-11-06,CN
019_S_10338,4_sc,sc,2024-11-05,CN
035_S_10340,4_sc,sc,2024-11-06,MCI
011_S_10296,4_sc,sc,2024-11-06,Dementia
005_S_10240,4_sc,sc,2024-11-07,CN
052_S_10339,4_sc,sc,2024-11-06,CN
014_S_10325,4_sc,sc,2024-11-07,CN
014_S_10345,4_sc,sc,2024-11-07,CN
082_S_10221,4_sc,sc,2024-10-09,CN
052_S_10331,4_sc,sc,2024-11-04,CN
035_S_7076,4_init,m24,2024-10-24,CN
003_S_6915,4_init,m42,2024-11-07,CN
027_S_7024,4_init,m36,2024-11-07,MCI
052_S_6844,4_init,m60,2024-11-05,Dementia
021_S_6994,4_m12,m36,2024-10-23,CN
135_S_4356,4_init,m156,2024-10-21,MCI
305_S_10311,4_sc,sc,2024-11-05,CN
016_S_10334,4_sc,sc,2024-11-04,MCI
009_S_0751,4_init,m216,2024-10-01,MCI
130_S_10337,4_sc,sc,2024-11-07,CN
027_S_10289,4_sc,sc,2024-11-12,MCI
014_S_6988,4_init,m24,2024-11-12,CN
014_S_4576,4_init,m144,2024-11-12,CN
014_S_6935,4_init,m30,2024-11-12,CN
014_S_6831,4_init,m54,2024-11-12,CN
130_S_10344,4_sc,sc,2024-11-07,CN
033_S_10187,4_sc,sc,2024-11-12,MCI
033_S_10353,4_sc,sc,2024-11-12,CN
137_S_10285,4_sc,sc,2024-10-29,MCI
007_S_5265,4_init,m132,2024-11-12,Dementia
389_S_10251,4_sc,sc,2024-11-04,Dementia
114_S_10342,4_sc,sc,2024-11-12,CN
014_S_10355,4_sc,sc,2024-11-13,CN
021_S_0337,4_m12,m222,2024-11-06,CN
027_S_6577,4_init,m72,2024-11-14,CN
052_S_10349,4_sc,sc,2024-11-11,CN
141_S_6178,4_init,m78,2024-11-13,CN
941_S_6080,4_m12,m84,2024-11-14,MCI
005_S_10301,4_sc,sc,2024-11-14,CN
022_S_10306,4_sc,sc,2024-11-14,CN
022_S_10227,4_sc,sc,2024-11-14,CN
022_S_10323,4_sc,sc,2024-11-14,CN
128_S_4607,4_init,m144,2024-11-14,CN
022_S_6069,4_init,m78,2024-11-14,CN
022_S_6797,4_init,m54,2024-11-14,CN
052_S_10354,4_sc,sc,2024-11-13,MCI
941_S_6499,4_m12,m78,2024-11-15,CN
941_S_6581,4_m12,m72,2024-11-15,CN
033_S_10328,4_sc,sc,2024-10-31,MCI
057_S_0934,4_init,m216,2024-11-13,CN
035_S_10364,4_sc,sc,2024-11-18,CN
037_S_10243,4_sc,sc,2024-11-14,CN
141_S_6416,4_init,m72,2024-11-15,CN
019_S_7016,4_init,m36,2024-11-18,MCI
094_S_4649,4_init,m150,2024-11-18,CN
116_S_10365,4_sc,sc,2024-11-18,CN
037_S_5222,4_init,m132,2024-11-19,CN
037_S_5126,4_init,m138,2024-11-19,CN
041_S_10320,4_sc,sc,2024-11-20,CN
131_S_10369,4_sc,sc,2024-11-19,CN
033_S_5198,4_m12,m138,2024-11-18,CN
036_S_10372,4_sc,sc,2024-11-20,MCI
021_S_6914,4_m12,m42,2024-11-19,CN
070_S_6236,4_init,m78,2024-11-20,Dementia
007_S_2394,4_m12,m162,2024-11-07,MCI
123_S_10363,4_sc,sc,2024-11-18,CN
123_S_10350,4_sc,sc,2024-11-11,CN
100_S_10319,4_sc,sc,2024-11-18,CN
032_S_6211,4_init,m78,2024-11-20,CN
082_S_6629,4_init,m66,2024-11-21,CN
023_S_4448,4_m12,m156,2024-11-21,CN
005_S_10300,4_sc,sc,2024-11-21,CN
003_S_4872,4_init,m144,2024-11-15,CN
941_S_10309,4_bl,bl,2024-11-22,MCI
021_S_10293,4_bl,bl,2024-11-05,CN
067_S_10360,4_sc,sc,2024-11-20,CN
032_S_6293,4_init,m72,2024-11-22,CN
123_S_10292,4_bl,bl,2024-11-18,MCI
098_S_10357,4_sc,sc,2024-11-19,CN
129_S_6452,4_init,m78,2024-11-19,CN
036_S_10314,4_bl,bl,2024-11-20,MCI
019_S_10303,4_bl,bl,2024-11-21,MCI
129_S_10151,4_bl,bl,2024-11-08,MCI
014_S_10351,4_sc,sc,2024-11-14,Dementia
019_S_10263,4_bl,bl,2024-11-05,CN
941_S_10212,4_bl,bl,2024-10-31,MCI
941_S_6574,4_m12,m72,2024-11-20,CN
082_S_10153,4_sc,sc,2024-09-25,Dementia
018_S_2180,4_init,m168,2025-03-26,MCI
100_S_10347,4_sc,sc,2024-11-25,CN
100_S_10110,4_bl,bl,2024-11-25,CN
941_S_6575,4_m12,m72,2024-11-22,MCI
941_S_10198,4_bl,bl,2024-11-20,CN
067_S_10375,4_sc,sc,2024-11-25,CN
011_S_10359,4_sc,sc,2024-11-18,MCI
033_S_10379,4_sc,sc,2024-11-21,CN
941_S_10111,4_bl,bl,2024-10-31,MCI
941_S_10135,4_bl,bl,2024-10-31,Dementia
941_S_10148,4_bl,bl,2024-10-31,Dementia
941_S_10169,4_bl,bl,2024-10-31,Dementia
941_S_10279,4_bl,bl,2024-11-05,Dementia
027_S_10316,4_bl,bl,2024-11-14,CN
027_S_10272,4_bl,bl,2024-11-04,CN
035_S_10340,4_bl,bl,2024-11-20,MCI
035_S_10382,4_sc,sc,2024-11-25,CN
021_S_10270,4_bl,bl,2024-11-04,CN
021_S_10161,4_bl,bl,2024-07-23,CN
021_S_10146,4_bl,bl,2024-07-08,CN
021_S_10114,4_bl,bl,2024-05-16,CN
011_S_10278,4_bl,bl,2024-10-31,CN
014_S_10180,4_bl,bl,2024-11-26,CN
014_S_10236,4_bl,bl,2024-11-26,Dementia
098_S_10358,4_sc,sc,2024-11-26,CN
006_S_6651,4_init,m66,2024-10-31,MCI
006_S_6681,4_init,m66,2024-10-31,CN
941_S_6854,4_m12,m54,2024-11-26,Dementia
301_S_10370,4_sc,sc,2024-11-27,CN
037_S_10233,4_sc,sc,2024-11-26,CN
037_S_10234,4_sc,sc,2024-11-26,CN
037_S_6963,4_init,m36,2024-11-26,CN
114_S_10383,4_sc,sc,2024-11-26,CN
389_S_10346,4_sc,sc,2024-11-26,Dementia
073_S_10105,4_bl,bl,2024-11-22,Dementia
073_S_10172,4_bl,bl,2024-11-22,CN
073_S_10088,4_bl,bl,2024-11-22,CN
114_S_10380,4_sc,sc,2024-11-25,CN
052_S_10387,4_sc,sc,2024-11-27,CN
027_S_10289,4_bl,bl,2024-11-28,MCI
067_S_10374,4_sc,sc,2024-11-26,Dementia
036_S_10322,4_bl,bl,2024-12-02,MCI
005_S_10100,4_bl,bl,2024-10-31,CN
005_S_10101,4_bl,bl,2024-10-31,CN
033_S_10175,4_bl,bl,2024-08-22,CN
033_S_10196,4_bl,bl,2024-09-09,CN
033_S_10144,4_bl,bl,2024-08-19,Dementia
033_S_10215,4_bl,bl,2024-10-03,CN
033_S_10229,4_bl,bl,2024-10-04,MCI
033_S_10276,4_bl,bl,2024-11-18,MCI
033_S_10118,4_bl,bl,2024-06-12,MCI
005_S_10302,4_sc,sc,2024-10-31,CN
094_S_6275,4_init,m78,2024-12-03,CN
033_S_10328,4_bl,bl,2024-12-03,MCI
033_S_10391,4_sc,sc,2024-12-03,CN
114_S_10283,4_bl,bl,2024-11-18,CN
099_S_6016,4_init,m90,2024-12-04,CN
126_S_5243,4_init,m132,2024-12-05,CN
941_S_6580,4_m12,m72,2024-12-05,CN
099_S_6025,4_init,m84,2024-12-05,CN
126_S_6559,4_init,m72,2024-12-03,MCI
126_S_7015,4_init,m36,2024-12-03,MCI
002_S_1280,4_init,m210,2024-11-11,CN
389_S_10070,4_bl,bl,2024-12-05,MCI
389_S_10076,4_bl,bl,2024-12-05,MCI
389_S_10115,4_bl,bl,2024-12-05,MCI
389_S_10119,4_bl,bl,2024-12-05,MCI
389_S_10156,4_bl,bl,2024-12-05,MCI
135_S_10332,4_sc,sc,2024-11-20,MCI
389_S_10127,4_bl,bl,2024-12-05,MCI
003_S_10158,4_bl,bl,2024-09-13,CN
003_S_10073,4_bl,bl,2024-05-31,CN
123_S_10350,4_bl,bl,2024-12-03,CN
123_S_4127,4_init,m156,2024-10-15,MCI
123_S_6118,4_init,m84,2024-11-25,CN
023_S_10094,4_bl,bl,2024-12-05,CN
405_S_10397,4_sc,sc,2024-12-05,CN
019_S_10395,4_sc,sc,2024-12-05,CN
003_S_10082,4_bl,bl,2024-06-12,CN
389_S_10140,4_bl,bl,2024-12-05,MCI
389_S_10160,4_bl,bl,2024-12-05,CN
389_S_10208,4_bl,bl,2024-12-05,CN
389_S_10251,4_bl,bl,2024-12-06,MCI
035_S_10274,4_bl,bl,2024-10-21,CN
005_S_10237,4_sc,sc,2024-11-21,CN
035_S_4785,4_init,m138,2024-11-18,MCI
126_S_10271,4_bl,bl,2024-10-31,MCI
021_S_10376,4_sc,sc,2024-11-22,MCI
130_S_10192,4_bl,bl,2024-12-09,CN
130_S_10337,4_bl,bl,2024-12-09,CN
014_S_10157,4_bl,bl,2024-12-09,MCI
037_S_10050,4_bl,bl,2024-12-03,CN
027_S_10362,4_sc,sc,2024-12-09,CN
126_S_10166,4_bl,bl,2024-11-13,CN
019_S_10152,4_bl,bl,2024-12-10,MCI
019_S_10164,4_bl,bl,2024-12-09,Dementia
019_S_10106,4_bl,bl,2024-12-10,CN
019_S_10145,4_bl,bl,2024-12-10,CN
301_S_10389,4_sc,sc,2024-12-09,MCI
011_S_10385,4_sc,sc,2024-12-09,CN
019_S_10338,4_bl,bl,2024-12-09,CN
129_S_6228,4_init,m78,2024-11-19,CN
005_S_10205,4_bl,bl,2024-10-31,MCI
035_S_10364,4_bl,bl,2024-12-10,CN
016_S_6816,4_m12,m60,2024-12-09,MCI
005_S_10288,4_bl,bl,2024-11-07,CN
011_S_10384,4_sc,sc,2024-12-09,CN
052_S_10400,4_sc,sc,2024-12-09,CN
022_S_10343,4_sc,sc,2024-12-12,CN
022_S_10348,4_sc,sc,2024-12-12,CN
005_S_10302,4_bl,bl,2024-12-12,CN
022_S_10381,4_sc,sc,2024-12-12,MCI
022_S_10181,4_bl,bl,2024-12-12,MCI
022_S_10361,4_sc,sc,2024-12-12,MCI
033_S_10099,4_bl,bl,2024-05-20,CN
033_S_10170,4_bl,bl,2024-08-22,CN
033_S_10210,4_bl,bl,2024-09-25,MCI
033_S_10249,4_bl,bl,2024-10-25,Dementia
037_S_6995,4_init,m36,2024-12-10,CN
021_S_6940,4_m12,m42,2024-12-03,CN
126_S_10201,4_bl,bl,2024-11-13,CN
014_S_10325,4_bl,bl,2024-12-12,CN
007_S_10258,4_sc,sc,2024-12-04,CN
021_S_10406,4_sc,sc,2024-12-12,CN
082_S_10153,4_bl,bl,2025-03-28,Dementia
137_S_6654,4_init,m66,2024-12-16,MCI
014_S_10409,4_sc,sc,2024-12-16,CN
094_S_6485,4_init,m78,2024-12-16,CN
123_S_10363,4_bl,bl,2024-12-16,CN
100_S_10108,4_bl,bl,2024-12-16,CN
100_S_10091,4_bl,bl,2024-12-16,CN
100_S_10036,4_bl,bl,2024-12-16,MCI
027_S_10362,4_bl,bl,2024-12-16,CN
082_S_10199,4_bl,bl,2024-11-11,CN
037_S_10253,4_sc,sc,2024-12-11,CN
035_S_7021,4_init,m30,2024-12-12,MCI
037_S_10061,4_bl,bl,2024-12-12,CN
037_S_10062,4_bl,bl,2024-12-12,CN
037_S_10063,4_bl,bl,2024-12-12,CN
037_S_10086,4_bl,bl,2024-12-12,CN
037_S_10087,4_bl,bl,2024-12-12,CN
123_S_10290,4_bl,bl,2024-11-06,CN
127_S_6357,4_init,m78,2024-12-13,CN
016_S_10324,4_bl,bl,2024-12-11,CN
003_S_7010,4_init,m36,2024-12-16,CN
052_S_10195,4_bl,bl,2024-12-17,MCI
041_S_10327,4_sc,sc,2024-12-18,CN
021_S_7045,4_m12,m30,2024-11-06,CN
052_S_10286,4_bl,bl,2024-12-16,CN
021_S_6890,4_m12,m48,2024-12-10,CN
041_S_10330,4_sc,sc,2024-12-18,CN
018_S_2133,4_init,m168,2024-12-18,Dementia
018_S_6351,4_init,m78,2024-12-18,CN
002_S_4213,4_init,m156,2024-11-18,CN
037_S_10209,4_sc,sc,2024-12-17,CN
100_S_10393,4_sc,sc,2024-12-16,CN
033_S_10009,4_m12,m12,2024-12-28,MCI
011_S_10296,4_bl,bl,2024-11-25,Dementia
130_S_10216,4_bl,bl,2024-12-19,CN
130_S_10344,4_bl,bl,2024-12-19,CN
130_S_10214,4_bl,bl,2024-12-19,MCI
130_S_10264,4_bl,bl,2024-12-19,MCI
100_S_10109,4_bl,bl,2024-12-16,CN
007_S_10258,4_bl,bl,2024-12-18,CN
100_S_10319,4_bl,bl,2024-12-19,CN
035_S_10382,4_bl,bl,2024-12-19,CN
073_S_10333,4_sc,sc,2024-11-05,CN
052_S_10185,4_bl,bl,2024-12-19,CN
123_S_10248,4_bl,bl,2024-12-10,CN
098_S_10392,4_sc,sc,2025-01-22,MCI
123_S_10401,4_sc,sc,2024-12-10,Dementia
037_S_6083,4_init,m84,2024-12-10,MCI
016_S_6773,4_m12,m66,2024-12-20,CN
036_S_10372,4_bl,bl,2024-12-18,MCI
011_S_10371,4_sc,sc,2024-12-16,CN
052_S_10411,4_sc,sc,2024-12-17,CN
011_S_10041,4_bl,bl,2024-12-23,CN
073_S_10336,4_sc,sc,2024-11-05,CN
114_S_10380,4_bl,bl,2024-12-18,CN
114_S_10305,4_bl,bl,2024-12-17,CN
114_S_10342,4_bl,bl,2024-12-16,CN
073_S_4795,4_init,m144,2024-12-19,CN
011_S_10257,4_bl,bl,2024-12-30,Dementia
114_S_10412,4_sc,sc,2024-12-19,CN
301_S_10247,4_bl,bl,2024-12-30,MCI
114_S_10413,4_sc,sc,2024-12-19,CN
023_S_6535,4_m12,m72,2025-01-02,Dementia
037_S_10098,4_bl,bl,2024-12-10,MCI
135_S_10204,4_bl,bl,2024-09-24,MCI
301_S_10370,4_bl,bl,2025-01-03,CN
305_S_10282,4_bl,bl,2025-01-03,CN
006_S_6500,4_init,m72,2024-12-18,CN
035_S_6927,4_init,m42,2024-12-09,Dementia
005_S_10421,4_sc,sc,2025-01-06,CN
098_S_10390,4_sc,sc,2025-01-06,CN
131_S_10369,4_bl,bl,2025-01-06,CN
033_S_10025,4_m12,m12,2024-12-11,MCI
301_S_10123,4_bl,bl,2025-01-03,MCI
137_S_10077,4_bl,bl,2025-01-07,CN
301_S_6777,4_init,m60,2025-01-03,Dementia
301_S_10194,4_bl,bl,2025-01-03,Dementia
301_S_10139,4_bl,bl,2025-01-03,CN
035_S_10193,4_bl,bl,2024-11-04,MCI
036_S_10424,4_sc,sc,2025-01-06,Dementia
128_S_4742,4_init,m144,2025-01-07,MCI
135_S_10332,4_bl,bl,2024-12-18,MCI
037_S_10117,4_bl,bl,2024-12-19,CN
114_S_2392,4_init,m156,2025-01-08,MCI
023_S_6702,4_m12,m66,2025-01-02,MCI
098_S_4275,4_init,m156,2024-11-15,CN
100_S_10356,4_sc,sc,2025-01-08,CN
082_S_10200,4_bl,bl,2024-09-11,CN
082_S_10222,4_sc,sc,2024-10-30,MCI
014_S_6424,4_m12,m78,2025-01-09,CN
014_S_10434,4_sc,sc,2025-01-09,CN
082_S_10220,4_sc,sc,2024-09-13,CN
005_S_10301,4_bl,bl,2025-01-09,CN
082_S_10155,4_sc,sc,2024-07-29,MCI
003_S_4119,4_init,m156,2024-12-20,CN
141_S_6964,4_init,m36,2025-01-08,Dementia
100_S_5091,4_m12,m138,2024-12-19,CN
130_S_10433,4_sc,sc,2025-01-09,CN
033_S_10021,4_m12,m12,2024-12-20,Dementia
019_S_10395,4_bl,bl,2025-01-09,CN
082_S_10218,4_sc,sc,2024-09-13,MCI
114_S_6462,4_init,m72,2024-12-11,CN
082_S_10154,4_sc,sc,2024-08-01,MCI
027_S_10430,4_sc,sc,2025-01-10,CN
021_S_10376,4_bl,bl,2024-12-16,MCI
052_S_10425,4_sc,sc,2025-01-06,CN
137_S_10057,4_bl,bl,2025-01-08,MCI
137_S_10079,4_bl,bl,2025-01-08,CN
052_S_10431,4_sc,sc,2025-01-08,CN
098_S_10357,4_bl,bl,2025-01-10,CN
033_S_10353,4_bl,bl,2024-12-20,CN
016_S_10429,4_sc,sc,2025-01-09,CN
052_S_10211,4_bl,bl,2025-01-09,CN
941_S_10304,4_bl,bl,2025-01-13,CN
037_S_10243,4_bl,bl,2025-01-10,CN
131_S_10436,4_sc,sc,2025-01-13,MCI
014_S_10422,4_sc,sc,2025-01-14,CN
114_S_6813,4_init,m60,2024-12-11,CN
027_S_10438,4_sc,sc,2025-01-14,CN
073_S_10352,4_sc,sc,2024-11-12,MCI
123_S_10401,4_bl,bl,2025-01-03,Dementia
073_S_10388,4_sc,sc,2024-12-03,MCI
011_S_10371,4_bl,bl,2025-01-15,CN
114_S_10383,4_bl,bl,2025-01-14,CN
067_S_6989,4_init,m36,2025-01-15,MCI
033_S_10391,4_bl,bl,2025-01-15,CN
052_S_10202,4_bl,bl,2024-12-09,CN
082_S_10221,4_bl,bl,2025-01-13,CN
022_S_10432,4_sc,sc,2025-01-16,MCI
022_S_10403,4_sc,sc,2025-01-16,CN
032_S_6804,4_init,m60,2025-01-16,CN
405_S_10444,4_sc,sc,2025-01-16,CN
019_S_10443,4_sc,sc,2025-01-16,MCI
114_S_10442,4_sc,sc,2025-01-16,CN
405_S_10445,4_sc,sc,2025-01-16,CN
114_S_6113,4_init,m78,2025-01-16,CN
114_S_6063,4_init,m78,2025-01-16,CN
016_S_6941,4_m12,m42,2025-01-16,CN
123_S_6825,4_init,m60,2024-11-12,Dementia
016_S_10441,4_sc,sc,2025-01-15,CN
116_S_6439,4_init,m78,2024-11-14,CN
141_S_10451,4_sc,sc,2025-01-14,CN
067_S_10360,4_bl,bl,2025-01-22,CN
141_S_10453,4_sc,sc,2024-12-19,CN
012_S_10454,4_sc,sc,2025-01-23,CN
123_S_6888,4_m12,m48,2024-11-25,MCI
114_S_10321,4_bl,bl,2025-01-23,CN
005_S_10300,4_bl,bl,2025-01-23,CN
022_S_0096,4_init,m216,2025-01-24,CN
019_S_10456,4_sc,sc,2025-01-23,CN
035_S_10455,4_sc,sc,2025-01-22,MCI
067_S_10375,4_bl,bl,2025-01-24,CN
141_S_10458,4_sc,sc,2025-01-24,CN
129_S_6146,4_m12,m84,2025-01-24,CN
027_S_7071,4_init,m30,2024-12-11,MCI
123_S_10450,4_sc,sc,2025-01-21,MCI
022_S_5004,4_init,m138,2025-01-27,CN
033_S_6572,4_m12,m78,2025-01-27,CN
100_S_10232,4_bl,bl,2025-01-27,CN
033_S_10379,4_bl,bl,2025-01-24,CN
082_S_7117,4_init,m12,2024-02-16,CN
027_S_10457,4_sc,sc,2025-01-27,MCI
003_S_4350,4_init,m156,2025-01-17,CN
016_S_10452,4_sc,sc,2025-01-24,MCI
024_S_4084,4_init,m162,2025-01-28,CN
052_S_10449,4_sc,sc,2025-01-21,CN
021_S_10437,4_sc,sc,2025-01-13,MCI
018_S_10435,4_sc,sc,2025-01-29,CN
070_S_10377,4_sc,sc,2025-01-30,CN
002_S_5178,4_init,m138,2024-12-04,MCI
129_S_6304,4_m12,m84,2025-02-03,CN
023_S_6346,4_m12,m78,2025-01-29,CN
941_S_10470,4_sc,sc,2025-02-03,Dementia
011_S_10261,4_bl,bl,2024-11-20,CN
011_S_7089,4_m12,m30,2025-01-27,CN
098_S_10358,4_bl,bl,2025-02-04,CN
405_S_10397,4_bl,bl,2025-02-04,CN
131_S_7032,4_m12,m36,2025-02-03,Dementia
114_S_6429,4_init,m72,2024-11-14,CN
114_S_6917,4_init,m42,2024-12-19,CN
019_S_10471,4_sc,sc,2025-02-03,MCI
137_S_10447,4_sc,sc,2025-02-05,CN
114_S_6487,4_init,m72,2024-12-16,CN
137_S_10285,4_bl,bl,2025-02-05,MCI
014_S_10477,4_sc,sc,2025-02-05,CN
002_S_6053,4_init,m90,2025-01-14,CN
027_S_10430,4_bl,bl,2025-02-05,CN
023_S_4115,4_m12,m162,2025-02-05,MCI
014_S_10476,4_sc,sc,2025-02-05,MCI
016_S_10429,4_bl,bl,2025-01-29,CN
052_S_10354,4_bl,bl,2025-01-28,MCI
052_S_10242,4_bl,bl,2025-01-31,CN
027_S_10438,4_bl,bl,2025-02-06,CN
005_S_10240,4_bl,bl,2025-02-06,MCI
005_S_10446,4_sc,sc,2025-02-06,MCI
114_S_6251,4_init,m78,2025-01-27,CN
130_S_10433,4_bl,bl,2025-02-07,CN
067_S_10475,4_sc,sc,2025-02-07,CN
073_S_10460,4_sc,sc,2025-01-28,MCI
029_S_10478,4_sc,sc,2025-02-10,CN
035_S_10455,4_bl,bl,2025-02-10,MCI
002_S_0413,4_init,m228,2025-02-10,CN
052_S_10273,4_bl,bl,2025-01-27,CN
052_S_10469,4_sc,sc,2025-02-03,CN
073_S_10352,4_bl,bl,2024-12-19,MCI
067_S_10474,4_sc,sc,2025-02-10,MCI
073_S_10017,4_m12,m12,2024-12-12,MCI
022_S_10440,4_sc,sc,2025-02-11,CN
022_S_10461,4_sc,sc,2025-02-11,CN
022_S_10473,4_sc,sc,2025-02-11,CN
098_S_10392,4_bl,bl,2025-02-11,CN
116_S_6550,4_init,m78,2025-01-29,CN
100_S_6164,4_m12,m84,2025-02-10,CN
029_S_4585,4_init,m150,2025-02-11,CN
027_S_10457,4_bl,bl,2025-02-10,MCI
100_S_4556,4_m12,m150,2025-02-10,CN
941_S_10039,4_m12,m12,2025-02-11,MCI
100_S_6493,4_m12,m72,2024-12-19,CN
100_S_10394,4_sc,sc,2025-02-10,Dementia
073_S_10120,4_bl,bl,2024-11-22,MCI
073_S_10113,4_bl,bl,2024-06-19,CN
131_S_10436,4_bl,bl,2025-02-10,MCI
137_S_4631,4_init,m150,2025-02-11,Dementia
035_S_10048,4_m12,m12,2025-02-12,MCI
005_S_10421,4_bl,bl,2025-02-13,CN
131_S_10485,4_sc,sc,2025-02-12,MCI
099_S_10466,4_sc,sc,2025-02-12,MCI
130_S_10490,4_sc,sc,2025-02-13,CN
036_S_10133,4_bl,bl,2025-02-14,Dementia
036_S_10165,4_bl,bl,2025-02-14,MCI
011_S_10384,4_bl,bl,2025-02-13,CN
016_S_10174,4_bl,bl,2024-08-27,MCI
014_S_10351,4_bl,bl,2025-02-13,Dementia
941_S_10038,4_m12,m12,2025-02-17,MCI
027_S_10494,4_sc,sc,2025-02-17,CN
135_S_10459,4_sc,sc,2025-02-11,MCI
123_S_10450,4_bl,bl,2025-02-13,MCI
036_S_10497,4_sc,sc,2025-02-17,MCI
019_S_10443,4_bl,bl,2025-02-17,MCI
003_S_10426,4_sc,sc,2025-02-18,MCI
941_S_10484,4_sc,sc,2025-02-12,CN
099_S_6476,4_init,m78,2025-02-17,CN
021_S_10406,4_bl,bl,2025-01-14,CN
381_S_10486,4_sc,sc,2025-02-12,MCI
014_S_10501,4_sc,sc,2025-02-18,MCI
129_S_10498,4_sc,sc,2025-02-19,CN
073_S_10465,4_sc,sc,2025-02-13,MCI
130_S_6319,4_init,m78,2025-02-20,MCI
003_S_4900,4_m12,m150,2025-02-18,CN
005_S_10446,4_bl,bl,2025-02-20,MCI
153_S_6336,4_init,m84,2025-03-05,MCI
114_S_10412,4_bl,bl,2025-02-19,CN
021_S_10437,4_bl,bl,2025-02-18,MCI
098_S_10479,4_sc,sc,2025-02-21,CN
082_S_10219,4_bl,bl,2024-11-06,Dementia
941_S_7046,4_init,m36,2025-02-24,CN
035_S_10241,4_bl,bl,2024-11-04,CN
941_S_10051,4_m12,m12,2025-02-19,Dementia
027_S_10520,4_sc,sc,2025-02-24,CN
381_S_10487,4_sc,sc,2025-02-12,MCI
941_S_10534,4_sc,sc,2025-02-25,CN
041_S_10448,4_sc,sc,2025-02-20,CN
130_S_10533,4_sc,sc,2025-02-25,MCI
037_S_6993,4_init,m36,2025-02-18,CN
019_S_10531,4_sc,sc,2025-02-25,CN
405_S_10539,4_sc,sc,2025-02-25,CN
003_S_0908,4_m12,m222,2025-02-14,MCI
082_S_6564,4_init,m72,2024-09-18,CN
123_S_10523,4_sc,sc,2025-02-26,MCI
141_S_10535,4_sc,sc,2025-02-26,CN
137_S_6919,4_m12,m42,2025-02-25,MCI
129_S_10537,4_sc,sc,2025-02-26,CN
035_S_7004,4_m12,m36,2025-01-14,CN
129_S_10527,4_sc,sc,2025-02-26,CN
127_S_1427,4_init,m210,2025-02-26,Dementia
016_S_10124,4_bl,bl,2025-02-26,MCI
016_S_10138,4_bl,bl,2025-02-26,MCI
016_S_10189,4_bl,bl,2025-02-26,MCI
016_S_10190,4_bl,bl,2025-02-26,CN
016_S_10207,4_bl,bl,2025-02-26,CN
127_S_4604,4_init,m156,2025-02-26,CN
114_S_10557,4_sc,sc,2025-02-27,CN
052_S_10267,4_bl,bl,2025-01-15,CN
052_S_10159,4_bl,bl,2025-02-19,MCI
036_S_10544,4_sc,sc,2025-02-26,CN
129_S_6288,4_m12,m84,2025-02-26,CN
006_S_10504,4_sc,sc,2025-02-27,MCI
123_S_10547,4_sc,sc,2025-02-28,CN
381_S_10488,4_sc,sc,2025-02-13,CN
035_S_10030,4_m12,m12,2025-01-27,CN
018_S_10435,4_bl,bl,2025-03-02,CN
036_S_10545,4_sc,sc,2025-02-26,CN
035_S_10530,4_sc,sc,2025-02-24,MCI
135_S_10459,4_bl,bl,2025-02-25,MCI
127_S_6147,4_init,m84,2025-02-26,CN
082_S_10220,4_bl,bl,2025-03-03,CN
014_S_6437,4_m12,m78,2025-03-03,CN
014_S_4401,4_m12,m156,2025-03-03,CN
082_S_10137,4_bl,bl,2025-03-03,CN
082_S_10155,4_bl,bl,2025-03-03,MCI
082_S_10154,4_bl,bl,2025-03-03,MCI
082_S_10223,4_sc,sc,2024-12-18,CN
012_S_10287,4_bl,bl,2025-02-18,MCI
019_S_10456,4_bl,bl,2025-02-18,CN
012_S_10472,4_sc,sc,2025-02-19,CN
082_S_7122,4_init,m12,2024-07-19,CN
016_S_10525,4_sc,sc,2025-02-26,MCI
023_S_6374,4_m12,m78,2025-01-29,CN
052_S_10548,4_sc,sc,2025-02-26,CN
032_S_10522,4_sc,sc,2025-03-04,Dementia
405_S_10516,4_sc,sc,2025-03-04,CN
067_S_10508,4_sc,sc,2025-03-05,CN
035_S_10052,4_m12,m12,2025-02-19,MCI
381_S_10489,4_sc,sc,2025-03-13,MCI
381_S_10492,4_sc,sc,2025-02-14,MCI
381_S_10493,4_sc,sc,2025-02-14,MCI
381_S_10495,4_sc,sc,2025-02-17,MCI
381_S_10496,4_sc,sc,2025-02-17,MCI
381_S_10499,4_sc,sc,2025-02-18,MCI
381_S_10500,4_sc,sc,2025-02-18,Dementia
381_S_10502,4_sc,sc,2025-02-18,MCI
381_S_10505,4_sc,sc,2025-02-19,CN
024_S_6005,4_init,m96,2025-03-06,CN
016_S_10441,4_bl,bl,2025-02-20,MCI
035_S_10586,4_sc,sc,2025-03-05,CN
035_S_10031,4_m12,m12,2025-01-27,CN
381_S_10507,4_sc,sc,2025-02-19,MCI
381_S_10509,4_sc,sc,2025-02-19,MCI
381_S_10510,4_sc,sc,2025-02-19,MCI
033_S_10049,4_m12,m12,2025-03-06,Dementia
381_S_10506,4_sc,sc,2025-02-19,MCI
014_S_10570,4_sc,sc,2025-03-06,MCI
381_S_10584,4_sc,sc,2025-03-05,MCI
381_S_10585,4_sc,sc,2025-03-05,MCI
130_S_10592,4_sc,sc,2025-03-06,CN
381_S_10589,4_sc,sc,2025-03-06,Dementia
381_S_10590,4_sc,sc,2025-03-06,MCI
098_S_10491,4_sc,sc,2025-03-07,CN
381_S_10594,4_sc,sc,2025-03-07,CN
381_S_10511,4_sc,sc,2025-02-20,Dementia
381_S_10512,4_sc,sc,2025-02-20,CN
381_S_10513,4_sc,sc,2025-02-20,MCI
381_S_10514,4_sc,sc,2025-02-20,MCI
381_S_10515,4_sc,sc,2025-02-20,MCI
381_S_10517,4_sc,sc,2025-02-21,MCI
381_S_10519,4_sc,sc,2025-02-24,Dementia
381_S_10521,4_sc,sc,2025-02-24,MCI
381_S_10524,4_sc,sc,2025-02-24,MCI
019_S_10471,4_bl,bl,2025-03-03,MCI
114_S_10442,4_bl,bl,2025-02-19,CN
007_S_4272,4_m12,m162,2025-02-06,Dementia
003_S_10042,4_m12,m12,2025-02-19,CN
016_S_10452,4_bl,bl,2025-03-10,MCI
006_S_4713,4_m12,m150,2025-02-11,Dementia
381_S_10596,4_sc,sc,2025-03-10,MCI
007_S_10467,4_sc,sc,2025-03-11,CN
036_S_10595,4_sc,sc,2025-03-10,CN
381_S_10598,4_sc,sc,2025-03-11,MCI
381_S_10599,4_sc,sc,2025-03-11,CN
381_S_10600,4_sc,sc,2025-03-11,MCI
141_S_10602,4_sc,sc,2025-03-12,MCI
023_S_10179,4_bl,bl,2025-03-12,CN
023_S_6369,4_m12,m78,2025-03-12,MCI
022_S_10481,4_sc,sc,2025-03-12,MCI
022_S_10132,4_bl,bl,2025-03-12,CN
023_S_6334,4_m12,m84,2025-03-13,MCI
031_S_10601,4_sc,sc,2025-03-11,CN
135_S_10561,4_sc,sc,2025-03-03,MCI
301_S_6811,4_init,m60,2025-03-14,MCI
027_S_10520,4_bl,bl,2025-03-13,CN
381_S_10526,4_sc,sc,2025-02-24,MCI
381_S_10528,4_sc,sc,2025-02-24,MCI
381_S_10532,4_sc,sc,2025-02-25,MCI
941_S_10484,4_bl,bl,2025-03-10,CN
070_S_10080,4_bl,bl,2025-03-17,MCI
114_S_10615,4_sc,sc,2025-03-18,CN
305_S_10396,4_sc,sc,2025-03-10,CN
941_S_10470,4_bl,bl,2025-03-03,Dementia
027_S_10618,4_sc,sc,2025-03-25,CN
011_S_6303,4_m12,m78,2025-01-14,Dementia
114_S_10468,4_sc,sc,2025-03-18,MCI
073_S_10529,4_sc,sc,2025-02-25,CN
941_S_10534,4_bl,bl,2025-03-17,CN
033_S_6266,4_m12,m84,2025-03-10,CN
082_S_7117,4_m12,m24,2025-03-18,CN
305_S_10404,4_sc,sc,2025-01-24,CN
014_S_10317,4_bl,bl,2025-03-19,CN
305_S_10311,4_bl,bl,2025-02-14,CN
067_S_6529,4_init,m78,2025-03-19,Dementia
116_S_10621,4_sc,sc,2025-03-17,CN
035_S_10053,4_m12,m12,2025-03-12,MCI
129_S_10498,4_bl,bl,2025-03-19,CN
129_S_10527,4_bl,bl,2025-03-19,CN
003_S_6259,4_m12,m84,2025-03-19,CN
006_S_6291,4_m12,m84,2025-03-19,MCI
381_S_10617,4_sc,sc,2025-03-14,MCI
052_S_10387,4_bl,bl,2025-03-18,CN
381_S_10616,4_sc,sc,2025-03-14,MCI
016_S_6934,4_m12,m48,2025-03-14,CN
381_S_10614,4_sc,sc,2025-03-14,MCI
381_S_10613,4_sc,sc,2025-03-14,MCI
141_S_10626,4_sc,sc,2025-03-25,CN
381_S_10610,4_sc,sc,2025-03-13,Dementia
131_S_10627,4_sc,sc,2025-03-19,MCI
381_S_10609,4_sc,sc,2025-03-13,MCI
100_S_10034,4_m12,m12,2025-03-19,CN
100_S_6273,4_m12,m84,2025-03-19,CN
381_S_10608,4_sc,sc,2025-03-13,MCI
141_S_10453,4_bl,bl,2025-03-21,CN
381_S_10607,4_sc,sc,2025-03-13,CN
381_S_10606,4_sc,sc,2025-03-12,MCI
381_S_10604,4_sc,sc,2025-03-12,MCI
035_S_7121,4_m12,m24,2025-03-20,MCI
035_S_10586,4_bl,bl,2025-03-19,CN
381_S_10603,4_sc,sc,2025-03-12,MCI
129_S_10537,4_bl,bl,2025-03-19,CN
021_S_7062,4_m12,m36,2025-03-12,CN
016_S_10625,4_sc,sc,2025-03-21,CN
021_S_10059,4_m12,m12,2025-03-21,CN
127_S_2234,4_init,m168,2025-03-21,CN
052_S_10238,4_bl,bl,2025-03-18,CN
073_S_10333,4_bl,bl,2025-02-20,CN
052_S_10339,4_bl,bl,2025-03-20,CN
009_S_10280,4_sc,sc,2024-10-08,CN
098_S_10542,4_sc,sc,2025-03-24,CN
098_S_10543,4_sc,sc,2025-03-24,CN
153_S_10367,4_sc,sc,2025-03-06,CN
099_S_10503,4_sc,sc,2025-03-24,CN
941_S_6094,4_m12,m90,2025-03-25,CN
123_S_10523,4_bl,bl,2025-03-24,MCI
141_S_10535,4_bl,bl,2025-03-25,CN
011_S_10483,4_sc,sc,2025-03-24,MCI
114_S_10557,4_bl,bl,2025-03-25,CN
082_S_10223,4_bl,bl,2025-03-25,CN
052_S_10281,4_bl,bl,2025-03-24,CN
941_S_10085,4_m12,m12,2025-03-26,Dementia
014_S_6988,4_m12,m42,2025-03-26,MCI
027_S_10635,4_sc,sc,2025-03-25,CN
073_S_10460,4_bl,bl,2025-03-10,MCI
003_S_10593,4_sc,sc,2025-03-26,CN
029_S_10478,4_bl,bl,2025-03-26,CN
018_S_4400,4_init,m156,2025-03-26,MCI
130_S_10490,4_bl,bl,2025-03-27,CN
003_S_6644,4_m12,m72,2025-03-26,MCI
003_S_10622,4_sc,sc,2025-03-27,CN
301_S_10623,4_sc,sc,2025-03-27,MCI
153_S_10407,4_sc,sc,2025-03-27,CN
301_S_10577,4_sc,sc,2025-03-14,CN
036_S_10642,4_sc,sc,2025-03-26,CN
067_S_10605,4_sc,sc,2025-03-28,MCI
123_S_10647,4_sc,sc,2025-03-28,CN
036_S_10544,4_bl,bl,2025-03-27,CN
036_S_10545,4_bl,bl,2025-03-27,CN
037_S_10463,4_sc,sc,2025-03-31,CN
381_S_10541,4_sc,sc,2025-02-25,MCI
381_S_10549,4_sc,sc,2025-02-26,MCI
098_S_10479,4_bl,bl,2025-03-31,CN
123_S_10547,4_bl,bl,2025-03-25,CN
381_S_10540,4_sc,sc,2025-02-25,MCI
067_S_10643,4_sc,sc,2025-03-31,CN
126_S_7060,4_init,m36,2025-04-01,Dementia
381_S_10536,4_sc,sc,2025-02-25,CN
941_S_4036,4_m12,m162,2025-03-20,MCI
123_S_10648,4_sc,sc,2025-03-31,CN
381_S_10550,4_sc,sc,2025-02-26,Dementia
082_S_10636,4_sc,sc,2025-04-01,CN
022_S_10348,4_bl,bl,2025-04-01,CN
130_S_10533,4_bl,bl,2025-04-01,MCI
381_S_10566,4_sc,sc,2025-03-03,MCI
381_S_10567,4_sc,sc,2025-03-03,MCI
381_S_10571,4_sc,sc,2025-03-04,MCI
381_S_10573,4_sc,sc,2025-03-04,MCI
381_S_10575,4_sc,sc,2025-03-04,MCI
381_S_10576,4_sc,sc,2025-03-04,Dementia
381_S_10578,4_sc,sc,2025-03-04,MCI
037_S_10464,4_sc,sc,2025-03-25,CN
036_S_10649,4_sc,sc,2025-04-01,CN
381_S_10551,4_sc,sc,2025-02-26,CN
381_S_10552,4_sc,sc,2025-03-26,MCI
381_S_10554,4_sc,sc,2025-02-26,Dementia
381_S_10555,4_sc,sc,2025-02-26,Dementia
011_S_10359,4_bl,bl,2025-04-02,MCI
019_S_10531,4_bl,bl,2025-03-27,CN
381_S_10558,4_sc,sc,2025-02-27,MCI
073_S_10177,4_bl,bl,2024-12-10,CN
381_S_10538,4_sc,sc,2025-02-25,MCI
116_S_10654,4_sc,sc,2025-04-02,CN
381_S_10581,4_sc,sc,2025-03-04,Dementia
381_S_10556,4_sc,sc,2025-02-27,MCI
381_S_10565,4_sc,sc,2025-03-03,MCI
381_S_10574,4_sc,sc,2025-03-04,MCI
003_S_10426,4_bl,bl,2025-04-03,MCI
031_S_10651,4_sc,sc,2025-04-01,CN
021_S_10628,4_sc,sc,2025-03-28,MCI
057_S_6869,4_init,m48,2025-04-04,Dementia
381_S_10546,4_sc,sc,2025-02-26,Dementia
041_S_5253,4_init,m138,2024-10-02,MCI
041_S_5078,4_init,m138,2024-10-02,CN
941_S_5124,4_m12,m144,2025-04-07,CN
941_S_5124,4_init,m132,2024-02-23,CN
381_S_10559,4_sc,sc,2025-03-27,MCI
941_S_10659,4_sc,sc,2025-04-04,CN
031_S_10652,4_sc,sc,2025-04-02,CN
381_S_10560,4_sc,sc,2025-02-27,MCI
036_S_10662,4_sc,sc,2025-04-07,CN
098_S_10480,4_sc,sc,2025-04-03,CN
381_S_10563,4_sc,sc,2025-03-03,MCI
381_S_10564,4_sc,sc,2025-03-03,MCI
027_S_10494,4_bl,bl,2025-04-07,CN
003_S_6014,4_m12,m84,2025-04-07,CN
031_S_10660,4_sc,sc,2025-04-04,CN
137_S_6906,4_m12,m42,2025-04-07,CN
022_S_10186,4_bl,bl,2025-04-08,CN
031_S_10661,4_sc,sc,2025-04-04,MCI
024_S_6202,4_init,m84,2025-04-03,CN
381_S_10579,4_sc,sc,2025-03-04,CN
381_S_10582,4_sc,sc,2025-04-04,Dementia
941_S_6384,4_m12,m84,2025-04-09,CN
070_S_10655,4_sc,sc,2025-04-03,CN
037_S_10234,4_bl,bl,2025-04-01,CN
037_S_10233,4_bl,bl,2025-04-01,CN
037_S_4706,4_init,m156,2025-04-01,MCI
037_S_10611,4_sc,sc,2025-03-26,CN
013_S_6970,4_init,,2025-03-04,MCI
027_S_10618,4_bl,bl,2025-04-09,CN
094_S_6269,4_init,m84,2025-04-09,CN
381_S_10572,4_sc,sc,2025-03-04,MCI
041_S_6136,4_init,m84,2024-11-10,CN
022_S_10046,4_bl,bl,2025-04-10,CN
022_S_10256,4_bl,bl,2025-04-10,CN
022_S_10381,4_bl,bl,2025-04-10,MCI
041_S_10104,4_bl,bl,2024-11-10,CN
036_S_10595,4_bl,bl,2025-04-10,CN
041_S_10327,4_bl,bl,2025-01-30,CN
941_S_10065,4_m12,m12,2025-04-11,CN
041_S_10583,4_sc,sc,2025-04-03,CN
135_S_6473,4_init,m78,2025-04-02,CN
135_S_10561,4_bl,bl,2025-03-26,MCI
067_S_10640,4_sc,sc,2025-04-11,CN
014_S_6935,4_m12,m42,2025-04-11,CN
005_S_10237,4_bl,bl,2025-04-08,CN
041_S_10330,4_bl,bl,2025-01-31,CN
116_S_6517,4_init,m78,2025-04-10,CN
007_S_10467,4_bl,bl,2025-04-15,CN
129_S_6621,4_m12,m78,2025-04-15,CN
130_S_10592,4_bl,bl,2025-04-15,CN
100_S_10029,4_m12,m12,2025-04-08,Dementia
114_S_10615,4_bl,bl,2025-04-10,CN
032_S_10638,4_sc,sc,2025-04-15,CN
114_S_10675,4_sc,sc,2025-04-15,CN
011_S_10588,4_sc,sc,2025-04-16,CN
014_S_10687,4_sc,sc,2025-04-16,CN
389_S_10378,4_sc,sc,2024-09-20,MCI
130_S_10682,4_sc,sc,2025-04-15,MCI
100_S_6713,4_m12,m72,2025-04-16,Dementia
100_S_10657,4_sc,sc,2025-04-16,CN
027_S_10685,4_sc,sc,2025-04-16,CN
037_S_10568,4_sc,sc,2025-04-08,CN
021_S_6987,4_m12,m42,2025-04-09,CN
109_S_6221,4_init,m72,2025-04-15,MCI
109_S_4380,4_init,m156,2025-04-15,CN
052_S_10307,4_bl,bl,2025-04-09,CN
389_S_10122,4_sc,sc,2025-04-17,CN
067_S_10474,4_bl,bl,2025-04-16,MCI
027_S_10688,4_sc,sc,2025-04-17,CN
135_S_10667,4_sc,sc,2025-04-10,CN
021_S_6896,4_m12,m48,2025-04-10,CN
041_S_10448,4_bl,bl,2025-04-21,CN
116_S_10641,4_sc,sc,2025-04-17,CN
052_S_10349,4_bl,bl,2025-03-31,CN
013_S_10680,4_sc,sc,2025-04-15,MCI
009_S_10620,4_sc,sc,2025-04-18,MCI
021_S_10668,4_sc,sc,2025-04-08,CN
098_S_10631,4_sc,sc,2025-04-21,CN
098_S_10542,4_bl,bl,2025-04-17,CN
006_S_10504,4_bl,bl,2025-04-15,MCI
041_S_10634,4_sc,sc,2025-04-22,CN
070_S_10298,4_bl,bl,2025-02-24,CN
005_S_10646,4_sc,sc,2025-04-17,CN
073_S_10597,4_sc,sc,2025-03-11,MCI
098_S_10390,4_bl,bl,2025-04-22,MCI
098_S_10543,4_bl,bl,2025-04-17,CN
123_S_10678,4_sc,sc,2025-04-22,MCI
052_S_10672,4_sc,sc,2025-04-14,CN
405_S_10445,4_bl,bl,2025-04-22,CN
405_S_10444,4_bl,bl,2025-04-22,CN
036_S_10642,4_bl,bl,2025-04-23,CN
099_S_10503,4_bl,bl,2025-04-22,CN
067_S_10475,4_bl,bl,2025-04-23,CN
116_S_6750,4_init,m66,2025-03-06,CN
027_S_10635,4_bl,bl,2025-04-22,CN
021_S_10064,4_m12,m12,2025-03-28,CN
031_S_10699,4_sc,sc,2025-04-23,CN
011_S_10483,4_bl,bl,2025-04-23,MCI
012_S_10454,4_bl,bl,2025-04-22,CN
130_S_10696,4_sc,sc,2025-04-22,CN
031_S_4021,4_init,m168,2025-04-18,CN
035_S_6200,4_m12,m84,2025-02-10,CN
014_S_10409,4_bl,bl,2025-04-23,CN
023_S_6547,4_m12,m78,2025-04-24,CN
137_S_10428,4_sc,sc,2025-02-27,CN
099_S_10466,4_bl,bl,2025-04-25,MCI
116_S_6133,4_m12,m84,2025-04-24,MCI
052_S_10697,4_sc,sc,2025-04-23,CN
033_S_10693,4_sc,sc,2025-04-21,Dementia
381_S_10496,4_bl,bl,2025-03-13,MCI
381_S_10500,4_bl,bl,2025-03-11,Dementia
381_S_10502,4_bl,bl,2025-03-14,MCI
116_S_10683,4_sc,sc,2025-04-23,CN
052_S_10400,4_bl,bl,2025-04-02,MCI
082_S_6563,4_m12,m78,2025-04-25,CN
941_S_10111,4_m12,m12,2025-04-28,MCI
153_S_10408,4_sc,sc,2025-04-04,CN
123_S_10647,4_bl,bl,2025-04-28,CN
123_S_10648,4_bl,bl,2025-05-01,CN
100_S_6349,4_m12,m84,2025-04-28,CN
027_S_10711,4_sc,sc,2025-04-29,CN
052_S_10695,4_sc,sc,2025-04-22,CN
131_S_10627,4_bl,bl,2025-04-28,MCI
019_S_10705,4_sc,sc,2025-04-28,CN
016_S_10625,4_bl,bl,2025-04-18,CN
381_S_10486,4_bl,bl,2025-03-10,MCI
381_S_10487,4_bl,bl,2025-03-10,MCI
381_S_10488,4_bl,bl,2025-03-21,CN
381_S_10492,4_bl,bl,2025-03-12,MCI
381_S_10493,4_bl,bl,2025-03-12,MCI
052_S_10692,4_sc,sc,2025-04-21,MCI
031_S_10601,4_bl,bl,2025-04-28,CN
137_S_10671,4_sc,sc,2025-04-30,MCI
070_S_10377,4_bl,bl,2025-04-29,CN
031_S_10720,4_sc,sc,2025-04-29,CN
035_S_10721,4_sc,sc,2025-04-29,CN
334_S_10727,4_sc,sc,2025-04-30,Dementia
037_S_10612,4_sc,sc,2025-04-29,CN
027_S_10719,4_sc,sc,2025-04-30,CN
123_S_10726,4_sc,sc,2025-05-01,CN
014_S_6920,4_m12,m48,2025-04-29,MCI
141_S_10451,4_bl,bl,2025-04-30,MCI
003_S_4441,4_m12,m156,2025-04-24,CN
158_S_10691,4_sc,sc,2025-04-21,CN
033_S_10027,4_m12,m12,2025-03-13,Dementia
158_S_10690,4_sc,sc,2025-04-21,CN
035_S_10530,4_bl,bl,2025-04-29,MCI
016_S_10706,4_sc,sc,2025-04-30,CN
036_S_10649,4_bl,bl,2025-04-30,CN
036_S_7070,4_m12,m36,2025-04-30,MCI
031_S_10718,4_sc,sc,2025-04-29,CN
941_S_10771,4_sc,sc,2025-05-02,CN
036_S_10703,4_sc,sc,2025-04-25,CN
002_S_6103,4_init,m90,2025-03-20,CN
127_S_6512,4_init,m78,2025-04-17,MCI
123_S_10776,4_sc,sc,2025-05-02,Dementia
123_S_10783,4_sc,sc,2025-05-02,CN
027_S_10728,4_sc,sc,2025-05-02,CN
941_S_10659,4_bl,bl,2025-05-30,CN
031_S_10733,4_sc,sc,2025-05-05,CN
031_S_10731,4_sc,sc,2025-05-05,CN
032_S_10669,4_sc,sc,2025-05-05,CN
130_S_10760,4_sc,sc,2025-05-01,MCI
021_S_10673,4_sc,sc,2025-04-14,CN
405_S_10516,4_bl,bl,2025-05-01,CN
405_S_10539,4_bl,bl,2025-04-24,CN
301_S_10762,4_sc,sc,2025-05-06,CN
135_S_10681,4_sc,sc,2025-04-19,CN
037_S_10580,4_sc,sc,2025-04-15,CN
153_S_10414,4_sc,sc,2025-04-30,CN
301_S_10769,4_sc,sc,2025-05-07,CN
027_S_10751,4_sc,sc,2025-05-06,CN
135_S_10667,4_bl,bl,2025-05-07,CN
135_S_4722,4_m12,m156,2025-04-28,MCI
135_S_4723,4_m12,m156,2025-04-28,MCI
389_S_10183,4_bl,bl,2025-01-24,Dementia
126_S_10788,4_sc,sc,2025-05-09,MCI
005_S_10658,4_sc,sc,2025-05-12,MCI
005_S_4168,4_m12,m162,2025-05-12,MCI
005_S_6427,4_m12,m78,2025-05-12,MCI
027_S_10734,4_sc,sc,2025-05-12,CN
036_S_10662,4_bl,bl,2025-05-07,CN
021_S_10628,4_bl,bl,2025-04-15,MCI
012_S_10701,4_sc,sc,2025-05-12,MCI
012_S_10702,4_sc,sc,2025-05-12,CN
014_S_10753,4_sc,sc,2025-05-13,CN
022_S_10306,4_bl,bl,2025-05-13,CN
022_S_6716,4_init,m54,2025-05-13,CN
389_S_10587,4_sc,sc,2025-05-13,MCI
073_S_6929,4_init,m36,2024-08-09,MCI
003_S_10622,4_bl,bl,2025-05-13,CN
109_S_10755,4_sc,sc,2025-05-13,CN
027_S_10767,4_sc,sc,2025-05-13,CN
014_S_4576,4_m12,m156,2025-05-13,CN
381_S_10495,4_bl,bl,2025-03-13,MCI
033_S_10793,4_sc,sc,2025-05-12,Dementia
389_S_10191,4_bl,bl,2025-05-13,Dementia
037_S_6187,4_init,m78,2025-05-14,CN
037_S_10630,4_sc,sc,2025-05-01,CN
037_S_10131,4_bl,bl,2025-05-14,CN
024_S_7025,4_init,m42,2025-05-15,MCI
031_S_10758,4_sc,sc,2025-05-01,CN
381_S_10536,4_bl,bl,2025-03-19,CN
032_S_10757,4_sc,sc,2025-05-15,CN
301_S_10770,4_sc,sc,2025-05-13,CN
381_S_10538,4_bl,bl,2025-03-19,MCI
381_S_10499,4_bl,bl,2025-03-14,MCI
135_S_10681,4_bl,bl,2025-05-14,CN
153_S_10417,4_sc,,2025-05-08,MCI
021_S_10774,4_sc,sc,2025-05-07,CN
023_S_10715,4_sc,sc,2025-05-15,CN
130_S_6329,4_init,m84,2025-05-15,MCI
020_S_6449,4_init,m78,2025-03-03,CN
129_S_6459,4_m12,m84,2025-05-07,CN
003_S_6996,4_init,m42,2025-05-16,CN
019_S_10797,4_sc,sc,2025-05-16,MCI
082_S_10777,4_sc,sc,2025-05-14,MCI
099_S_10679,4_sc,sc,2025-05-16,MCI
002_S_6404,4_init,m84,2025-05-13,CN
082_S_2121,4_m12,m174,2025-05-12,MCI
012_S_10794,4_sc,sc,2025-05-20,CN
031_S_10651,4_bl,bl,2025-05-20,CN
123_S_10796,4_sc,sc,2025-05-20,MCI
073_S_10663,4_sc,sc,2025-04-08,MCI
014_S_10570,4_bl,bl,2025-05-20,MCI
052_S_10252,4_bl,bl,2025-05-13,CN
016_S_6926,4_m12,m48,2025-05-16,MCI
027_S_10800,4_sc,sc,2025-05-21,Dementia
019_S_10102,4_m12,m12,2025-05-20,MCI
019_S_10802,4_sc,sc,2025-05-21,MCI
381_S_10517,4_bl,bl,2025-03-20,MCI
381_S_10505,4_bl,bl,2025-03-20,CN
098_S_10632,4_sc,sc,2025-05-21,CN
126_S_7083,4_init,m36,2025-06-18,MCI
123_S_10776,4_bl,bl,2025-06-18,Dementia
131_S_10801,4_sc,sc,2025-05-20,Dementia
153_S_10367,4_bl,bl,2025-05-22,CN
381_S_10559,4_bl,bl,2025-05-15,MCI
301_S_10762,4_bl,bl,2025-05-21,CN
381_S_10560,4_bl,bl,2025-05-14,MCI
127_S_6203,4_init,m84,2025-05-16,CN
037_S_6031,4_init,m90,2025-05-20,CN
037_S_7012,4_init,m36,2025-05-15,CN
027_S_10728,4_bl,bl,2025-05-27,CN
129_S_7042,4_m12,m36,2025-05-23,CN
153_S_6237,4_init,m84,2025-05-27,CN
036_S_10703,4_bl,bl,2025-05-21,CN
052_S_10431,4_bl,bl,2025-05-20,CN
014_S_6831,4_m12,m66,2025-05-28,CN
003_S_10593,4_bl,bl,2025-05-27,CN
389_S_10664,4_sc,sc,2025-05-28,MCI
129_S_6704,4_m12,m72,2025-05-06,CN
389_S_10676,4_sc,sc,2025-05-28,Dementia
129_S_6857,4_m12,m60,2025-05-14,Dementia
067_S_7029,4_init,m36,2025-05-28,CN
301_S_10798,4_sc,sc,2025-05-21,Dementia
073_S_10529,4_bl,bl,2025-04-17,CN
073_S_10597,4_bl,bl,2025-04-24,MCI
023_S_10752,4_sc,sc,2025-05-29,CN
023_S_6400,4_m12,m84,2025-05-29,CN
023_S_6399,4_m12,m84,2025-05-29,CN
013_S_10644,4_sc,sc,2025-05-02,CN
123_S_10726,4_bl,bl,2025-05-30,CN
013_S_10689,4_sc,sc,2025-05-19,CN
013_S_10789,4_sc,sc,2025-05-20,MCI
013_S_10645,4_sc,sc,2025-05-12,CN
035_S_10721,4_bl,bl,2025-05-19,CN
381_S_10506,4_bl,bl,2025-03-17,MCI
027_S_5093,4_m12,m144,2025-05-28,CN
036_S_10808,4_sc,sc,2025-05-28,CN
027_S_0074,4_m12,m234,2025-05-28,CN
005_S_10646,4_bl,bl,2025-05-29,CN
127_S_5200,4_init,m138,2025-05-02,CN
021_S_10668,4_bl,bl,2025-05-08,CN
334_S_10813,4_sc,sc,2025-06-02,Dementia
013_S_10698,4_sc,sc,2025-04-23,Dementia
007_S_10075,4_m12,m12,2025-06-03,Dementia
126_S_10722,4_sc,sc,2025-06-03,CN
037_S_10639,4_sc,sc,2025-05-29,MCI
127_S_5132,4_init,m144,2025-05-16,Dementia
114_S_10675,4_bl,bl,2025-06-04,CN
052_S_10246,4_bl,bl,2025-05-07,CN
052_S_10168,4_bl,bl,2025-03-26,CN
013_S_10704,4_sc,sc,2025-05-19,MCI
068_S_0127,4_init,m222,2025-06-02,MCI
027_S_10711,4_bl,bl,2025-06-04,CN
068_S_4340,4_init,m150,2025-06-02,CN
019_S_10106,4_m12,m12,2025-06-03,CN
082_S_4428,4_m12,m162,2025-06-04,CN
126_S_10788,4_bl,bl,2025-06-05,MCI
021_S_10114,4_m12,m12,2025-06-02,CN
073_S_10465,4_bl,bl,2025-04-10,MCI
022_S_10432,4_bl,bl,2025-06-05,MCI
022_S_0096,4_m12,m234,2025-06-05,CN
067_S_6528,4_init,m78,2025-06-04,CN
005_S_10658,4_bl,bl,2025-06-05,MCI
123_S_10783,4_bl,bl,2025-06-06,CN
116_S_10747,4_sc,sc,2025-06-05,CN
036_S_10812,4_sc,sc,2025-06-02,MCI
005_S_10805,4_sc,sc,2025-06-05,MCI
027_S_10685,4_bl,bl,2025-05-29,CN
123_S_10816,4_sc,sc,2025-06-06,MCI
027_S_5083,4_m12,m150,2025-06-05,CN
027_S_5170,4_m12,m144,2025-06-06,CN
131_S_10815,4_sc,sc,2025-06-02,MCI
129_S_6457,4_m12,m84,2025-05-09,CN
381_S_10507,4_bl,bl,2025-05-27,MCI
381_S_10509,4_bl,bl,2025-03-20,MCI
381_S_10510,4_bl,bl,2025-03-17,MCI
032_S_4429,4_m12,m162,2025-06-09,CN
067_S_10778,4_sc,sc,2025-05-28,CN
032_S_10787,4_sc,sc,2025-06-09,MCI
052_S_10411,4_bl,bl,2025-06-02,CN
098_S_10666,4_sc,sc,2025-06-03,CN
941_S_7051,4_m12,m36,2025-06-09,MCI
033_S_10693,4_bl,bl,2025-06-05,Dementia
070_S_10655,4_bl,bl,2025-06-05,CN
381_S_10513,4_bl,bl,2025-03-18,MCI
010_S_6748,4_init,m72,2025-06-03,MCI
301_S_10769,4_bl,bl,2025-06-10,CN
094_S_6468,4_init,m84,2025-06-10,CN
027_S_10767,4_bl,bl,2025-06-10,CN
137_S_6903,4_m12,m42,2025-06-06,CN
137_S_10057,4_m12,m12,2025-06-06,MCI
052_S_10548,4_bl,bl,2025-06-03,CN
381_S_10515,4_bl,bl,2025-03-18,MCI
381_S_10528,4_bl,bl,2025-03-19,MCI
135_S_10819,4_sc,sc,2025-06-10,MCI
009_S_10656,4_sc,sc,2025-06-10,MCI
137_S_10671,4_bl,bl,2025-06-11,MCI
036_S_10818,4_sc,sc,2025-06-04,CN
123_S_10821,4_sc,sc,2025-06-12,MCI
041_S_10717,4_sc,sc,2025-06-06,CN
141_S_10602,4_bl,bl,2025-06-12,MCI
381_S_10532,4_bl,bl,2025-03-19,MCI
041_S_10730,4_sc,sc,2025-06-10,CN
941_S_6254,4_m24,m72,2025-06-12,MCI
141_S_6116,4_m12,m90,2025-06-12,CN
041_S_10712,4_sc,sc,2025-05-22,CN
137_S_10670,4_sc,sc,2025-06-13,CN
141_S_10458,4_bl,bl,2025-06-13,CN
041_S_10320,4_bl,bl,2025-06-13,CN
168_S_6049,4_init,m72,2025-06-16,CN
168_S_6051,4_init,m84,2025-06-16,CN
168_S_6062,4_init,m78,2025-06-16,CN
168_S_6065,4_init,m78,2025-06-16,CN
168_S_6085,4_init,m78,2025-06-16,CN
168_S_6180,4_init,m78,2025-06-16,MCI
168_S_6320,4_init,m72,2025-06-16,CN
168_S_6321,4_init,m72,2025-06-16,CN
168_S_6371,4_init,m72,2025-06-16,MCI
168_S_6619,4_init,m66,2025-06-16,MCI
168_S_6874,4_init,m54,2025-06-16,MCI
168_S_6875,4_init,m54,2025-06-16,MCI
168_S_6908,4_init,m42,2025-06-16,Dementia
168_S_6921,4_init,m36,2025-06-16,Dementia
035_S_6947,4_m12,m48,2025-06-09,MCI
027_S_10751,4_bl,bl,2025-06-16,CN
027_S_5109,4_m12,m144,2025-06-16,CN
052_S_10425,4_bl,bl,2025-06-17,CN
021_S_10673,4_bl,bl,2025-05-12,CN
031_S_10834,4_sc,sc,2025-06-17,MCI
116_S_4199,4_init,m162,2025-06-16,MCI
016_S_10706,4_bl,bl,2025-06-13,CN
141_S_6240,4_m12,m84,2025-06-17,MCI
021_S_10774,4_bl,bl,2025-06-06,CN
033_S_10736,4_sc,sc,2025-06-17,MCI
037_S_10266,4_sc,sc,2025-06-16,CN
114_S_10799,4_sc,sc,2025-06-17,CN
022_S_10343,4_bl,bl,2025-06-18,CN
022_S_10323,4_bl,bl,2025-06-18,CN
022_S_10461,4_bl,bl,2025-06-18,CN
114_S_10841,4_sc,sc,2025-06-17,Dementia
031_S_10699,4_bl,bl,2025-06-18,CN
126_S_4514,4_m12,m162,2025-06-18,MCI
014_S_10729,4_sc,sc,2025-06-18,CN
098_S_10562,4_sc,sc,2025-06-17,MCI
036_S_10849,4_sc,sc,2025-06-18,Dementia
052_S_10692,4_bl,bl,2025-06-18,MCI
010_S_10839,4_sc,sc,2025-06-17,MCI
003_S_5154,4_m12,m144,2025-06-16,CN
082_S_10840,4_sc,sc,2025-06-18,MCI
126_S_10725,4_sc,sc,2025-06-23,CN
099_S_10804,4_sc,sc,2025-06-23,MCI
027_S_10719,4_bl,bl,2025-06-23,CN
019_S_10864,4_sc,sc,2025-06-20,MCI
027_S_5169,4_m12,m144,2025-06-23,CN
067_S_7068,4_init,m36,2025-06-23,MCI
305_S_10404,4_bl,bl,2025-06-20,CN
126_S_10722,4_bl,bl,2025-06-23,CN
011_S_10386,4_sc,sc,2025-06-19,CN
382_S_10851,4_sc,sc,2025-06-18,MCI
013_S_10686,4_sc,sc,2025-04-16,CN
027_S_10855,4_sc,sc,2025-06-25,MCI
010_S_10825,4_sc,sc,2025-06-12,Dementia
036_S_10863,4_sc,sc,2025-06-24,CN
014_S_10729,4_bl,bl,2025-06-26,CN
014_S_6502,4_m12,m84,2025-06-26,MCI
305_S_10674,4_sc,sc,2025-06-20,CN
005_S_10805,4_bl,bl,2025-06-26,MCI
073_S_10637,4_sc,sc,2025-05-15,CN
073_S_10228,4_bl,bl,2025-05-15,MCI
020_S_6504,4_init,m84,2025-06-23,CN
035_S_7073,4_m12,m36,2025-06-09,MCI
381_S_10511,4_bl,bl,2025-03-11,Dementia
033_S_10738,4_sc,sc,2025-06-04,MCI
033_S_10741,4_sc,sc,2025-06-26,CN
158_S_10723,4_sc,sc,2025-04-29,CN
135_S_10823,4_sc,sc,2025-06-13,MCI
013_S_10810,4_sc,sc,2025-06-30,CN
158_S_10700,4_sc,sc,2025-04-24,CN
013_S_10807,4_sc,sc,2025-06-30,MCI
099_S_10679,4_bl,bl,2025-06-30,MCI
099_S_6038,4_init,m90,2025-06-30,CN
013_S_10710,4_sc,sc,2025-04-28,CN
031_S_10731,4_bl,bl,2025-06-27,CN
011_S_10041,4_m12,m12,2025-06-30,CN
158_S_10714,4_sc,sc,2025-04-29,MCI
027_S_4926,4_m12,m156,2025-06-30,MCI
098_S_10633,4_sc,sc,2025-06-30,CN
098_S_10665,4_sc,sc,2025-06-30,CN
301_S_10770,4_bl,bl,2025-06-30,CN
301_S_10875,4_sc,sc,2025-06-30,MCI
067_S_10643,4_bl,bl,2025-06-30,CN
158_S_10843,4_sc,sc,2025-06-17,MCI
130_S_10760,4_bl,bl,2025-07-01,MCI
010_S_10866,4_sc,sc,2025-06-25,MCI
010_S_10859,4_sc,sc,2025-06-23,MCI
027_S_2245,4_m12,m174,2025-07-01,MCI
405_S_10763,4_sc,sc,2025-07-01,MCI
010_S_10871,4_sc,sc,2025-06-30,Dementia
158_S_10724,4_sc,sc,2025-04-29,CN
033_S_10735,4_sc,sc,2025-06-11,CN
019_S_10797,4_bl,bl,2025-07-02,MCI
158_S_10749,4_sc,sc,2025-05-01,CN
067_S_7008,4_init,m36,2025-06-27,MCI
003_S_10082,4_m12,m12,2025-07-01,CN
158_S_10759,4_sc,sc,2025-05-01,CN
003_S_10073,4_m12,m12,2025-07-01,CN
158_S_10766,4_sc,sc,2025-05-01,CN
158_S_10768,4_sc,sc,2025-05-01,CN
098_S_10491,4_bl,bl,2025-05-25,CN
073_S_10047,4_m12,m12,2025-04-10,MCI
158_S_10775,4_sc,sc,2025-05-02,CN
019_S_10802,4_bl,bl,2025-07-03,MCI
036_S_10812,4_bl,bl,2025-06-18,MCI
031_S_10720,4_bl,bl,2025-07-02,CN
141_S_7013,4_init,m42,2025-07-01,Dementia
067_S_10844,4_sc,sc,2025-07-02,MCI
033_S_10739,4_sc,sc,2025-06-24,CN
033_S_10740,4_sc,sc,2025-06-10,CN
082_S_10809,4_sc,sc,2025-06-26,MCI
033_S_10737,4_sc,sc,2025-06-18,CN
013_S_5171,4_init,m138,2025-04-21,CN
941_S_10893,4_sc,sc,2025-07-03,MCI
023_S_10715,4_bl,bl,2025-07-03,CN
404_S_10891,4_sc,sc,2025-07-03,MCI
305_S_10709,4_sc,sc,2025-07-03,MCI
135_S_10819,4_bl,bl,2025-06-24,MCI
158_S_10782,4_sc,sc,2025-04-30,MCI
135_S_4489,4_m12,m162,2025-06-02,MCI
123_S_10796,4_bl,bl,2025-07-07,MCI
002_S_1155,4_init,m222,2025-06-16,MCI
013_S_10833,4_sc,sc,2025-06-13,CN
033_S_10118,4_m12,m12,2025-06-16,MCI
014_S_10753,4_bl,bl,2025-07-07,CN
334_S_10727,4_bl,bl,2025-07-08,Dementia
033_S_10738,4_bl,bl,2025-06-04,MCI
404_S_10894,4_sc,sc,2025-07-08,MCI
032_S_10848,4_sc,sc,2025-07-07,MCI
381_S_10514,4_bl,bl,2025-03-17,MCI
099_S_10804,4_bl,bl,2025-07-07,MCI
016_S_10884,4_sc,sc,2025-07-01,CN
381_S_10519,4_bl,bl,2025-03-18,Dementia
127_S_6348,4_init,m84,2025-07-08,CN
381_S_10521,4_bl,bl,2025-07-01,MCI
305_S_10713,4_sc,sc,2025-06-27,CN
013_S_4580,4_init,m162,2025-04-28,CN
052_S_10275,4_bl,bl,2025-06-20,CN
381_S_10524,4_bl,bl,2025-07-01,MCI
073_S_6929,4_m12,m48,2025-05-27,MCI
126_S_10725,4_bl,bl,2025-07-09,CN
404_S_10895,4_sc,sc,2025-07-09,MCI
381_S_10550,4_bl,bl,2025-03-17,Dementia
135_S_10832,4_sc,sc,2025-06-17,Dementia
027_S_10734,4_bl,bl,2025-07-09,CN
381_S_10551,4_bl,bl,2025-07-02,CN
381_S_10555,4_bl,bl,2025-06-30,Dementia
381_S_10554,4_bl,bl,2025-06-30,Dementia
010_S_10870,4_sc,sc,2025-07-02,MCI
381_S_10578,4_bl,bl,2025-07-02,MCI
381_S_10579,4_bl,bl,2025-06-30,CN
137_S_10822,4_sc,sc,2025-07-09,CN
020_S_6513,4_init,m78,2025-02-28,CN
023_S_10752,4_bl,bl,2025-07-09,CN
010_S_10857,4_sc,sc,2025-07-09,MCI
389_S_10860,4_sc,sc,2025-07-14,Dementia
033_S_6976,4_m12,m48,2025-07-08,MCI
035_S_6488,4_m12,m84,2025-07-07,CN
381_S_10589,4_bl,bl,2025-07-02,Dementia
381_S_10590,4_bl,bl,2025-07-02,MCI
158_S_10754,4_sc,sc,2025-05-01,MCI
019_S_10705,4_bl,bl,2025-06-30,CN
073_S_10811,4_sc,sc,2025-06-17,MCI
052_S_10188,4_bl,bl,2025-06-20,CN
031_S_10758,4_bl,bl,2025-07-16,CN
137_S_10447,4_bl,bl,2025-07-15,CN
130_S_10696,4_bl,bl,2025-07-15,CN
020_S_6227,4_init,m84,2025-01-06,CN
073_S_10887,4_sc,sc,2025-06-24,MCI
041_S_10772,4_sc,sc,2025-06-01,CN
033_S_7088,4_m12,m36,2025-07-14,Dementia
014_S_10687,4_bl,bl,2025-07-16,CN
011_S_6367,4_m12,m84,2025-07-16,CN
035_S_6730,4_m12,m66,2025-01-27,CN
381_S_10549,4_bl,bl,2025-07-14,MCI
114_S_6524,4_init,m78,2025-07-17,CN
301_S_10139,4_m12,m12,2025-07-15,CN
035_S_6306,4_m12,m84,2025-05-16,CN
126_S_6721,4_m12,m72,2025-07-21,Dementia
010_S_10858,4_sc,sc,2025-07-10,MCI
036_S_10849,4_bl,bl,2025-07-16,Dementia
305_S_10806,4_sc,sc,2025-07-17,MCI
033_S_10742,4_sc,sc,2025-07-11,MCI
020_S_5203,4_init,m144,2025-04-24,CN
404_S_10898,4_sc,sc,2025-07-16,MCI
036_S_6916,4_m12,m54,2025-07-18,Dementia
129_S_10151,4_m12,m12,2025-07-18,MCI
082_S_10777,4_bl,bl,2025-07-18,MCI
010_S_10824,4_sc,sc,2025-06-12,MCI
003_S_1122,4_m12,m222,2025-07-01,Dementia
114_S_10841,4_bl,bl,2025-07-16,Dementia
404_S_10852,4_sc,sc,2025-07-21,Dementia
016_S_10879,4_sc,sc,2025-07-10,Dementia
135_S_6360,4_m12,m84,2025-07-01,CN
027_S_4919,4_m12,m156,2025-07-22,Dementia
135_S_6359,4_m12,m84,2025-05-15,CN
135_S_6586,4_m12,m78,2025-06-19,MCI
016_S_10880,4_sc,sc,2025-07-11,CN
033_S_6969,4_m12,m48,2025-07-17,MCI
036_S_10872,4_sc,sc,2025-07-21,Dementia
130_S_6688,4_m12,m78,2025-07-22,CN
011_S_0021,4_m12,m234,2025-07-18,CN
941_S_6058,4_m24,m96,2025-07-22,CN
405_S_10873,4_sc,sc,2025-07-23,MCI
027_S_6516,4_m12,m84,2025-07-24,CN
036_S_10133,4_m12,m12,2025-07-23,Dementia
024_S_10878,4_sc,sc,2025-07-24,MCI
100_S_10036,4_m12,m12,2025-07-22,MCI
020_S_6185,4_init,m90,2025-07-16,CN
116_S_10877,4_sc,sc,2025-07-23,MCI
381_S_10598,4_bl,bl,2025-07-22,MCI
131_S_10815,4_bl,bl,2025-07-23,MCI
381_S_10546,4_bl,bl,2025-07-14,Dementia
381_S_10600,4_bl,bl,2025-07-22,MCI
381_S_10603,4_bl,bl,2025-07-17,MCI
003_S_6256,4_m12,m84,2025-07-25,CN
067_S_6138,4_init,m84,2025-07-25,CN
021_S_10146,4_m12,m12,2025-07-22,CN
010_S_10868,4_sc,sc,2025-07-18,MCI
035_S_10096,4_m12,m12,2025-04-23,CN
035_S_10068,4_m12,m12,2025-03-31,CN
033_S_10793,4_bl,bl,2025-07-08,Dementia
019_S_10145,4_m12,m12,2025-07-29,CN
006_S_6689,4_m12,m78,2025-07-22,Dementia
405_S_10865,4_sc,sc,2025-07-29,Dementia
021_S_10161,4_m12,m12,2025-07-25,CN
405_S_10854,4_sc,sc,2025-07-29,MCI
305_S_10845,4_sc,sc,2025-07-24,MCI
010_S_10869,4_sc,sc,2025-07-16,MCI
381_S_10563,4_bl,bl,2025-07-21,MCI
381_S_10575,4_bl,bl,2025-07-17,MCI
014_S_7072,4_m12,m36,2025-07-30,CN
116_S_10748,4_sc,sc,2025-07-09,CN
035_S_6480,4_m12,m84,2025-07-23,MCI
941_S_6454,4_m24,m84,2025-07-31,CN
100_S_10356,4_bl,bl,2025-07-31,MCI
022_S_10888,4_sc,sc,2025-07-31,Dementia
022_S_10876,4_sc,sc,2025-07-31,MCI
018_S_4399,4_m12,m162,2025-08-01,CN
011_S_6418,4_m12,m84,2025-07-31,CN
023_S_10094,4_m12,m12,2025-07-30,CN
010_S_10867,4_sc,sc,2025-07-22,MCI
381_S_10564,4_bl,bl,2025-07-22,MCI
009_S_10291,4_sc,sc,2024-10-11,MCI
135_S_10832,4_bl,bl,2025-07-23,Dementia
135_S_6446,4_m12,m84,2025-07-16,MCI
135_S_10823,4_bl,bl,2025-07-10,MCI
381_S_10571,4_bl,bl,2025-07-21,MCI
033_S_4176,4_init,m168,2025-07-22,Dementia
381_S_10566,4_bl,bl,2025-03-18,MCI
037_S_10209,4_bl,bl,2025-04-15,CN
381_S_10576,4_bl,bl,2025-07-24,Dementia
067_S_10605,4_bl,bl,2025-07-30,MCI
067_S_2304,4_init,m174,2025-07-30,CN
033_S_10736,4_bl,bl,2025-08-04,MCI
100_S_0069,4_m12,m228,2025-08-04,MCI
100_S_5075,4_m12,m144,2025-08-04,CN
067_S_10778,4_bl,bl,2025-08-04,CN
037_S_6992,4_init,m42,2025-07-16,CN
027_S_10855,4_bl,bl,2025-08-05,MCI
032_S_6699,4_m12,m72,2025-08-04,CN
131_S_10801,4_bl,bl,2025-08-04,Dementia
013_S_10689,4_bl,bl,2025-06-24,CN
135_S_5269,4_init,m144,2025-08-05,MCI
073_S_7082,4_m12,m24,2024-09-20,CN
127_S_6436,4_init,m84,2025-07-08,CN
381_S_10599,4_bl,bl,2025-07-21,CN
082_S_10137,4_m12,m12,2025-07-25,CN
010_S_10859,4_bl,bl,2025-07-29,MCI
009_S_10656,4_bl,bl,2025-07-10,MCI
009_S_10280,4_bl,bl,2025-07-16,CN
405_S_10842,4_sc,sc,2025-08-05,MCI
003_S_4119,4_m12,m168,2025-08-06,CN
016_S_10885,4_sc,sc,2025-08-07,MCI
009_S_6402,4_init,m78,2025-07-22,MCI
010_S_10857,4_bl,bl,2025-08-07,MCI
003_S_4644,4_m12,m156,2025-08-07,CN
005_S_10835,4_sc,sc,2025-08-08,Dementia
116_S_10761,4_sc,sc,2025-08-08,CN
013_S_10644,4_bl,bl,2025-07-14,CN
123_S_10821,4_bl,bl,2025-08-07,MCI
041_S_10708,4_sc,sc,2025-07-29,CN
033_S_10144,4_m12,m12,2025-07-31,Dementia
381_S_10585,4_bl,bl,2025-07-23,MCI
013_S_10807,4_bl,bl,2025-07-11,MCI
067_S_7059,4_m12,m36,2025-08-11,CN
305_S_6313,4_init,m84,2025-08-11,CN
158_S_10861,4_sc,sc,2025-06-19,MCI
158_S_10817,4_sc,sc,2025-06-05,MCI
158_S_10862,4_sc,sc,2025-07-14,MCI
082_S_10840,4_bl,bl,2025-08-11,MCI
158_S_10850,4_sc,sc,2025-06-18,MCI
024_S_2239,4_init,m174,2025-08-07,CN
135_S_5113,4_m12,m150,2025-07-30,CN
135_S_6509,4_m12,m84,2025-08-05,CN
135_S_6510,4_m12,m84,2025-07-31,CN
301_S_10875,4_bl,bl,2025-08-12,MCI
114_S_6597,4_init,m78,2025-08-13,MCI
082_S_6287,4_init,m84,2025-07-28,CN
082_S_10636,4_bl,bl,2025-06-09,CN
022_S_10361,4_bl,bl,2025-08-13,MCI
082_S_6283,4_m12,m84,2025-06-17,CN
082_S_7122,4_m12,m24,2025-07-07,CN
013_S_2389,4_init,m168,2025-08-01,CN
035_S_10067,4_m12,m12,2025-04-01,CN
041_S_10773,4_sc,sc,2025-06-13,CN
126_S_0605,4_m12,m228,2025-08-15,Dementia
126_S_4891,4_m12,m156,2025-08-15,Dementia
016_S_10881,4_sc,sc,2025-07-15,CN
016_S_10882,4_sc,sc,2025-07-17,CN
381_S_10582,4_bl,bl,2025-07-24,Dementia
016_S_10124,4_m12,m12,2025-06-23,MCI
010_S_10868,4_bl,bl,2025-08-12,MCI
109_S_10779,4_sc,sc,2025-08-15,MCI
381_S_10604,4_bl,bl,2025-07-23,MCI
381_S_10607,4_bl,bl,2025-07-23,CN
013_S_6768,4_init,m72,2025-07-09,Dementia
109_S_10780,4_sc,sc,2025-08-15,MCI
404_S_10846,4_sc,sc,2025-08-05,Dementia
022_S_10440,4_bl,bl,2025-08-18,CN
037_S_10639,4_bl,bl,2025-08-12,MCI
305_S_10709,4_bl,bl,2025-08-07,MCI
019_S_10864,4_bl,bl,2025-08-18,MCI
010_S_10858,4_bl,bl,2025-08-19,MCI
010_S_10871,4_bl,bl,2025-08-18,Dementia
019_S_10164,4_m12,m12,2025-08-20,Dementia
003_S_10158,4_m12,m12,2025-08-18,CN
036_S_10872,4_bl,bl,2025-08-20,Dementia
010_S_10824,4_bl,bl,2025-08-13,MCI
153_S_10407,4_bl,bl,2025-06-05,CN
067_S_4184,4_init,m168,2025-08-13,CN
003_S_6067,4_m12,m96,2025-08-21,CN
381_S_10613,4_bl,bl,2025-07-23,MCI
381_S_10614,4_bl,bl,2025-07-22,MCI
010_S_10839,4_bl,bl,2025-07-23,MCI
381_S_10616,4_bl,bl,2025-07-24,MCI
130_S_4294,4_init,m162,2025-08-22,Dementia
010_S_10825,4_bl,bl,2025-07-31,Dementia
404_S_10853,4_sc,sc,2025-08-25,MCI
010_S_10869,4_bl,bl,2025-08-11,MCI
010_S_10870,4_bl,bl,2025-08-14,MCI
130_S_6604,4_m12,m84,2025-08-26,Dementia
127_S_6168,4_init,m90,2025-08-26,CN
127_S_6433,4_init,m84,2025-08-26,Dementia
010_S_10866,4_bl,bl,2025-08-18,MCI
010_S_10867,4_bl,bl,2025-08-12,MCI
073_S_10134,4_bl,bl,2024-07-11,CN
073_S_10811,4_bl,bl,2025-08-05,MCI
067_S_10640,4_bl,bl,2025-08-26,CN
024_S_10878,4_bl,bl,2025-08-22,MCI
024_S_6385,4_init,m84,2025-08-13,CN
018_S_4889,4_m12,m156,2025-08-26,MCI
018_S_2155,4_m12,m174,2025-08-26,Dementia
100_S_4469,4_m12,m156,2025-08-04,CN
114_S_0416,4_init,m234,2025-08-13,Dementia
114_S_2392,4_m12,m168,2025-08-27,CN
114_S_6309,4_init,m84,2025-08-28,CN
016_S_10879,4_bl,bl,2025-08-18,Dementia
027_S_6327,4_m12,m90,2025-09-02,Dementia
027_S_6183,4_m12,m90,2025-09-02,CN
381_S_10617,4_bl,bl,2025-07-21,MCI
941_S_10169,4_m12,m12,2025-08-12,Dementia
082_S_6415,4_m12,m84,2025-08-29,CN
941_S_10212,4_m12,m12,2025-09-03,MCI
082_S_6564,4_m12,m84,2025-09-03,CN
116_S_10654,4_bl,bl,2025-07-30,CN
082_S_10809,4_bl,bl,2025-09-04,MCI
126_S_10166,4_m12,m12,2025-09-04,CN
019_S_10152,4_m12,m12,2025-09-05,MCI
052_S_10284,4_bl,bl,2025-08-29,CN
941_S_6570,4_m24,m84,2025-09-08,CN
027_S_6582,4_m12,m84,2025-09-04,CN
057_S_5292,4_m12,m144,2025-09-02,Dementia
130_S_5175,4_m12,m144,2025-08-29,CN
052_S_6412,4_m12,m78,2025-05-26,CN
404_S_10853,4_bl,bl,2025-09-09,MCI
941_S_10002,4_m24,m24,2025-09-09,MCI
067_S_4782,4_init,m156,2025-09-08,Dementia
053_S_5296,4_init,m138,2025-09-09,CN
052_S_10672,4_bl,bl,2025-08-26,MCI
053_S_6861,4_init,m60,2025-09-09,MCI
053_S_7086,4_init,m30,2025-09-09,Dementia
382_S_10851,4_bl,bl,2025-09-09,MCI
099_S_6396,4_m12,m84,2025-09-10,CN
941_S_10003,4_m24,m24,2025-09-10,MCI
941_S_7074,4_m24,m42,2025-09-09,CN
022_S_10403,4_bl,bl,2025-09-11,CN
153_S_10417,4_bl,bl,2025-08-14,MCI
011_S_6465,4_m12,m84,2025-09-10,CN
404_S_10891,4_bl,bl,2025-09-10,MCI
305_S_10806,4_bl,bl,2025-09-02,MCI
941_S_6998,4_m24,m48,2025-09-12,CN
128_S_4742,4_m12,m156,2025-09-09,MCI
305_S_10845,4_bl,bl,2025-08-29,MCI
404_S_10898,4_bl,bl,2025-09-08,MCI
109_S_10779,4_bl,bl,2025-09-12,MCI
128_S_2123,4_m12,m180,2025-09-12,MCI
005_S_10835,4_bl,bl,2025-09-12,Dementia
404_S_10894,4_bl,bl,2025-09-12,MCI
404_S_10846,4_bl,bl,2025-09-15,Dementia
109_S_10756,4_sc,sc,2025-05-13,CN
033_S_10742,4_bl,bl,2025-09-02,MCI
135_S_4598,4_m12,m162,2025-09-10,CN
037_S_6222,4_m12,m84,2025-07-15,Dementia
037_S_6271,4_init,m78,2025-08-26,CN
037_S_6144,4_init,m90,2025-08-26,CN
037_S_6956,4_init,m42,2025-08-26,CN
037_S_4381,4_init,m162,2025-07-15,CN
037_S_10463,4_bl,bl,2025-08-26,CN
405_S_10763,4_bl,bl,2025-09-17,MCI
389_S_10587,4_bl,bl,2025-06-24,MCI
389_S_10676,4_bl,bl,2025-09-17,Dementia
389_S_10860,4_bl,bl,2025-09-17,Dementia
168_S_6541,4_init,m84,2025-09-17,Dementia
168_S_6821,4_init,m66,2025-09-17,MCI
033_S_10196,4_m12,m12,2025-09-02,CN
016_S_10885,4_bl,bl,2025-08-18,MCI
098_S_10480,4_bl,bl,2025-07-16,CN
098_S_6734,4_m12,m72,2025-07-16,CN
041_S_6401,4_m12,m84,2025-09-12,CN
022_S_10143,4_bl,bl,2025-09-23,CN
016_S_10138,4_m12,m12,2025-07-18,Dementia
405_S_10865,4_bl,bl,2025-09-22,Dementia
041_S_6292,4_m12,m90,2025-09-11,CN
016_S_6790,4_m12,m72,2025-07-28,MCI
067_S_4212,4_init,m168,2025-09-22,CN
020_S_5140,4_init,m138,2025-09-12,CN
020_S_6470,4_init,m84,2025-09-12,CN
041_S_6226,4_m12,m90,2025-09-15,CN
052_S_7037,4_m12,m42,2025-08-26,MCI
041_S_6785,4_m12,m54,2025-05-21,CN
098_S_10633,4_bl,bl,2025-09-19,CN
098_S_10666,4_bl,bl,2025-09-19,CN
035_S_7043,4_m12,m36,2025-03-14,CN
389_S_10378,4_bl,bl,2025-06-02,MCI
035_S_10093,4_m12,m12,2025-04-14,CN
041_S_10717,4_bl,bl,2025-07-01,CN
035_S_6722,4_m12,m72,2025-04-17,CN
158_S_10714,4_bl,bl,2025-08-11,MCI
041_S_6786,4_m12,m72,2025-09-23,CN
052_S_4944,4_m12,m150,2025-07-15,MCI
158_S_10861,4_bl,bl,2025-08-19,MCI
126_S_10201,4_m12,m12,2025-09-24,CN
158_S_10817,4_bl,bl,2025-08-19,MCI
158_S_10754,4_bl,bl,2025-08-18,MCI
158_S_10850,4_bl,bl,2025-08-18,MCI
158_S_10782,4_bl,bl,2025-08-12,MCI
033_S_10175,4_m12,m12,2025-09-24,CN
158_S_10862,4_bl,bl,2025-08-19,MCI
158_S_10843,4_bl,bl,2025-08-13,MCI
016_S_6931,4_m12,m54,2025-08-20,CN
041_S_10712,4_bl,bl,2025-06-23,CN
941_S_10001,4_m24,m24,2025-09-26,Dementia
041_S_10634,4_bl,bl,2025-06-12,CN
041_S_10773,4_bl,bl,2025-08-22,CN
041_S_10772,4_bl,bl,2025-09-04,CN
041_S_0679,4_m12,m228,2024-09-25,CN
016_S_6381,4_m12,m84,2025-08-04,CN
033_S_10229,4_m12,m12,2025-09-25,MCI
006_S_6375,4_m12,m84,2025-09-29,CN
135_S_10204,4_m12,m12,2025-09-29,MCI
098_S_10562,4_bl,bl,2025-09-19,CN
041_S_10708,4_bl,bl,2025-09-18,CN
041_S_10583,4_bl,bl,2025-05-07,CN
405_S_10854,4_bl,bl,2025-09-30,MCI
130_S_10192,4_m12,m12,2025-09-30,CN
002_S_4799,4_init,m156,2025-09-22,CN
116_S_10641,4_bl,bl,2025-06-18,CN
009_S_10620,4_bl,bl,2025-08-01,MCI
022_S_6069,4_m12,m90,2025-10-01,CN
022_S_6797,4_m12,m66,2025-10-01,CN
128_S_4607,4_m12,m156,2025-10-01,CN
022_S_10473,4_bl,bl,2025-10-01,CN
073_S_10006,4_m12,m12,2024-11-22,CN
027_S_6788,4_m12,m72,2025-09-23,Dementia
019_S_6483,4_m12,m84,2025-10-01,Dementia
012_S_10244,4_bl,bl,2025-10-02,CN
941_S_6333,4_m24,m90,2025-10-03,CN
014_S_10157,4_m12,m12,2025-10-03,MCI
067_S_6117,4_init,m90,2025-09-21,CN
405_S_10842,4_bl,bl,2025-10-06,MCI
011_S_10261,4_m12,m12,2025-10-02,CN
126_S_4896,4_m12,m156,2025-10-07,MCI
003_S_6915,4_m12,m54,2025-09-16,CN
003_S_4288,4_m12,m168,2025-09-23,CN
098_S_10632,4_bl,bl,2025-10-06,CN
405_S_10873,4_bl,bl,2025-10-07,MCI
041_S_4051,4_m12,m168,2025-09-23,CN
041_S_6314,4_m12,m90,2025-10-06,CN
041_S_5078,4_m12,m150,2025-10-06,CN
033_S_10005,4_m24,m24,2025-09-24,MCI
014_S_6076,4_m12,m96,2025-10-07,CN
073_S_10006,4_m24,m24,2025-10-02,CN
404_S_10895,4_bl,bl,2025-10-10,MCI
041_S_10104,4_m12,m12,2025-10-09,CN
137_S_4351,4_m12,m162,2025-10-09,MCI
036_S_6885,4_m12,m60,2025-10-13,Dementia
041_S_6136,4_m12,m96,2025-10-13,CN
057_S_0934,4_m12,m228,2025-10-11,CN
941_S_10198,4_m12,m12,2025-10-14,CN
033_S_10099,4_m12,m18,2025-10-08,CN
033_S_7100,4_m24,m36,2025-10-08,CN
130_S_10214,4_m12,m12,2025-10-15,MCI
027_S_6961,4_m12,m54,2025-10-14,MCI
027_S_6643,4_m12,m78,2025-10-07,MCI
067_S_6958,4_m12,m48,2025-10-15,CN
033_S_10215,4_m12,m12,2025-10-15,CN
021_S_7092,4_m24,m36,2025-10-10,CN
082_S_10153,4_m12,m12,2025-10-17,MCI
007_S_4637,4_m24,m162,2025-10-10,Dementia
022_S_10888,4_bl,bl,2025-10-17,Dementia
082_S_10220,4_m12,m12,2025-09-29,CN
021_S_10270,4_m12,m12,2025-10-14,CN
301_S_10123,4_m12,m12,2025-10-17,MCI
100_S_10109,4_m12,m12,2025-10-20,CN
016_S_10207,4_m12,m12,2025-10-08,CN
014_S_10180,4_m12,m12,2025-10-21,CN
016_S_10174,4_m12,m12,2025-09-12,MCI
033_S_10210,4_m12,m12,2025-10-14,MCI
033_S_6889,4_m24,m60,2025-10-16,MCI
067_S_2301,4_m12,m174,2025-10-21,CN
941_S_6574,4_m24,m84,2025-10-21,CN
021_S_6978,4_m24,m48,2025-10-20,CN
067_S_6957,4_m12,m48,2025-10-16,CN
037_S_6991,4_init,m42,2025-10-09,CN
011_S_4278,4_m12,m168,2025-10-22,Dementia
005_S_10205,4_m12,m12,2025-10-23,MCI
301_S_10194,4_m12,m12,2025-10-23,Dementia
301_S_6056,4_m12,m96,2025-10-23,MCI
126_S_10271,4_m12,m12,2025-10-27,MCI
036_S_6088,4_init,m96,2025-10-23,CN
941_S_6471,4_m24,m90,2025-10-27,CN
053_S_4813,4_init,m156,2025-10-27,MCI
011_S_10278,4_m12,m12,2025-10-23,CN
007_S_2394,4_m24,m168,2025-10-24,MCI
032_S_6293,4_m12,m84,2025-10-13,CN
021_S_0337,4_m24,m234,2025-10-22,MCI
052_S_10695,4_bl,bl,2025-07-02,CN
067_S_7020,4_m12,m48,2025-10-29,MCI
130_S_10264,4_m12,m12,2025-10-21,MCI
941_S_10011,4_m24,m24,2025-10-29,MCI
032_S_10757,4_bl,bl,2025-05-15,CN
032_S_10848,4_bl,bl,2025-10-13,CN
029_S_5219,4_m12,m144,2025-10-30,MCI
168_S_6180,4_m12,m90,2025-10-30,MCI
035_S_10241,4_m12,m12,2025-09-18,CN
011_S_4105,4_m12,m174,2025-10-28,Dementia
027_S_10272,4_m12,m12,2025-10-27,CN
126_S_6559,4_m12,m84,2025-11-03,MCI
016_S_10190,4_m12,m12,2025-10-14,CN
941_S_6580,4_m24,m84,2025-11-03,CN
052_S_10697,4_bl,bl,2025-10-24,CN
027_S_6577,4_m12,m84,2025-11-04,CN
027_S_6842,4_m12,m66,2025-11-04,MCI
099_S_6025,4_m12,m96,2025-11-04,CN
941_S_6080,4_m24,m96,2025-11-04,MCI
941_S_6499,4_m24,m90,2025-11-05,CN
021_S_7045,4_m24,m42,2025-11-03,CN
021_S_7055,4_m24,m42,2025-11-03,CN
021_S_6994,4_m24,m48,2025-11-03,CN
073_S_6907,4_init,m36,2024-06-19,CN
941_S_6575,4_m24,m84,2025-10-21,MCI
035_S_6999,4_m12,m48,2025-11-06,CN
941_S_6422,4_m24,m90,2025-11-07,CN
389_S_10119,4_m12,m12,2025-11-07,CN
023_S_4448,4_m24,m162,2025-11-07,CN
168_S_6049,4_m12,m90,2025-11-07,CN
168_S_6321,4_m12,m84,2025-11-07,CN
019_S_7016,4_m12,m48,2025-11-07,MCI
168_S_6062,4_m12,m96,2025-11-07,CN
168_S_6085,4_m12,m96,2025-11-07,CN
168_S_6320,4_m12,m84,2025-11-07,CN
011_S_10257,4_m12,m12,2025-11-06,Dementia
126_S_5243,4_m12,m144,2025-11-07,CN
135_S_4356,4_m12,m168,2025-11-05,MCI
032_S_6211,4_m12,m90,2025-10-31,CN
135_S_6544,4_m12,m84,2025-10-31,MCI
