{
  "BSC_dir": 0.4659903645515442,
  "BSC_mag": 0.5537621974945068,
  "Nboundary": 68471,
  "engine": "atropos",
  "units": "SD/mm",
  "spacing": [
    0.9999999637194783,
    0.9999999553014162,
    1.0000000037067551
  ],
  "mu_wm": 157.30490112304688,
  "sd_wm": 25.411649703979492,
  "t1": "data/raw/oasis3/t1_mprage_sag/t1_mprage_sag_images/OASIS_OAS31284_20250501083421886.nii"
}