{
  "BSC_dir": 0.6180760264396667,
  "BSC_mag": 0.8470887541770935,
  "Nboundary": 35179,
  "engine": "atropos",
  "units": "SD/mm",
  "spacing": [
    1.0,
    1.0,
    1.0
  ],
  "mu_wm": 1534.914306640625,
  "sd_wm": 186.1416473388672,
  "t1": "data/raw/adni/adni_3yr_3t/127_S_0844/MPR__GradWarp__B1_Correction__N3__Scaled/2008-11-17_13_22_58.0/I129629/ADNI_127_S_0844_MR_MPR__GradWarp__B1_Correction__N3__Scaled_Br_20081209114252932_S60080_I129629.nii"
}