{
  "BSC_dir": 0.5284284353256226,
  "BSC_mag": 0.6622810363769531,
  "Nboundary": 37322,
  "engine": "atropos",
  "units": "SD/mm",
  "spacing": [
    1.0,
    1.0,
    1.0
  ],
  "mu_wm": 265.21197509765625,
  "sd_wm": 37.89229202270508,
  "t1": "data/raw/adni/adni_3yr_3t/012_S_0689/MPR____N3__Scaled/2007-07-19_15_30_56.0/I74659/ADNI_012_S_0689_MR_MPR____N3__Scaled_Br_20070923132626782_S36506_I74659.nii"
}