{
  "BSC_dir": 0.34624120593070984,
  "BSC_mag": 0.40444907546043396,
  "Nboundary": 37070,
  "engine": "atropos",
  "units": "SD/mm",
  "spacing": [
    1.0,
    1.0,
    1.0
  ],
  "mu_wm": 268.65704345703125,
  "sd_wm": 52.03126907348633,
  "t1": "data/raw/adni/adni_3yr_3t/136_S_0426/MPR____N3__Scaled/2006-05-30_10_46_09.0/I40378/ADNI_136_S_0426_MR_MPR____N3__Scaled_Br_20070215213410384_S15017_I40378.nii"
}