{
  "BSC_dir": 0.4728281497955322,
  "BSC_mag": 0.5946238040924072,
  "Nboundary": 33540,
  "engine": "atropos",
  "units": "SD/mm",
  "spacing": [
    1.0,
    1.0,
    1.0
  ],
  "mu_wm": 289.5561218261719,
  "sd_wm": 43.81707000732422,
  "t1": "data/raw/adni/adni_3yr_3t/130_S_0956/MPR____N3__Scaled/2007-04-16_07_43_15.0/I83806/ADNI_130_S_0956_MR_MPR____N3__Scaled_Br_20071129171921336_S29752_I83806.nii"
}