{
  "BSC_dir": 0.3858329653739929,
  "BSC_mag": 0.47451329231262207,
  "Nboundary": 55527,
  "engine": "atropos",
  "units": "SD/mm",
  "spacing": [
    1.0,
    1.0,
    1.0
  ],
  "mu_wm": 502.2371826171875,
  "sd_wm": 79.90325164794922,
  "t1": "data/raw/adni/adni_3yr_3t/027_S_0307/MPR__GradWarp__B1_Correction__N3__Scaled/2009-04-06_11_24_02.0/I148022/ADNI_027_S_0307_MR_MPR__GradWarp__B1_Correction__N3__Scaled_Br_20090707162602848_S66005_I148022.nii"
}