{
  "BSC_dir": 0.39600419998168945,
  "BSC_mag": 0.4763147532939911,
  "Nboundary": 41345,
  "engine": "atropos",
  "units": "SD/mm",
  "spacing": [
    1.0000000000041553,
    1.0000000170178993,
    1.0000000170137484
  ],
  "mu_wm": 225.2120819091797,
  "sd_wm": 37.71867370605469,
  "t1": "data/raw/adni/adni_3yr_3t/136_S_0195/MPR____N3__Scaled_2/2006-10-02_12_44_11.0/I119723/ADNI_136_S_0195_MR_MPR____N3__Scaled_2_Br_20081008133704276_S19574_I119723.nii"
}