{
  "BSC_dir": 0.593555748462677,
  "BSC_mag": 0.6804614663124084,
  "Nboundary": 57767,
  "engine": "atropos",
  "units": "SD/mm",
  "spacing": [
    1.0000000127650488,
    1.0000000122199495,
    1.00000003034454
  ],
  "mu_wm": 177.0199737548828,
  "sd_wm": 22.278329849243164,
  "t1": "data/raw/oasis3/t1_mprage_sag/t1_mprage_sag_images/OASIS_OAS31431_20250501161224143.nii"
}