{
  "BSC_dir": 0.4386882483959198,
  "BSC_mag": 0.5453724265098572,
  "Nboundary": 39455,
  "engine": "atropos",
  "units": "SD/mm",
  "spacing": [
    0.9999999733728312,
    1.0000000057975438,
    0.9999999940926917
  ],
  "mu_wm": 291.1417541503906,
  "sd_wm": 44.793251037597656,
  "t1": "data/raw/adni/adni_3yr_3t/136_S_0184/MPR____N3__Scaled/2009-03-16_12_51_09.0/I148265/ADNI_136_S_0184_MR_MPR____N3__Scaled_Br_20090708094745554_S64785_I148265.nii"
}