{
  "BSC_dir": 0.5880308747291565,
  "BSC_mag": 0.7625662684440613,
  "Nboundary": 34643,
  "engine": "atropos",
  "units": "SD/mm",
  "spacing": [
    1.0,
    1.0,
    1.0
  ],
  "mu_wm": 1098.0079345703125,
  "sd_wm": 148.3000946044922,
  "t1": "data/raw/adni/adni_3yr_3t/023_S_0061/MPR__GradWarp__B1_Correction__N3__Scaled_2/2006-06-15_13_13_25.0/I118855/ADNI_023_S_0061_MR_MPR__GradWarp__B1_Correction__N3__Scaled_2_Br_20081001152553890_S15579_I118855.nii"
}