{
  "BSC_dir": 0.3674629330635071,
  "BSC_mag": 0.4367888569831848,
  "Nboundary": 44558,
  "engine": "atropos",
  "units": "SD/mm",
  "spacing": [
    1.0,
    1.0,
    1.0
  ],
  "mu_wm": 626.21044921875,
  "sd_wm": 101.28406524658203,
  "t1": "data/raw/adni/adni_3yr_3t/023_S_0926/MPR__GradWarp__B1_Correction__N3__Scaled/2007-10-23_10_09_03.0/I81937/ADNI_023_S_0926_MR_MPR__GradWarp__B1_Correction__N3__Scaled_Br_20071113181008708_S41848_I81937.nii"
}