{
  "BSC_dir": 0.3323327898979187,
  "BSC_mag": 0.3996029496192932,
  "Nboundary": 63235,
  "engine": "atropos",
  "units": "SD/mm",
  "spacing": [
    1.0,
    1.0,
    1.0
  ],
  "mu_wm": 585.0833129882812,
  "sd_wm": 89.13628387451172,
  "t1": "data/raw/adni/adni_3yr_3t/031_S_1066/MPR-R__GradWarp__B1_Correction__N3__Scaled/2007-05-29_14_53_21.0/I92682/ADNI_031_S_1066_MR_MPR-R__GradWarp__B1_Correction__N3__Scaled_Br_20080225191153235_S32777_I92682.nii"
}