{
  "BSC_dir": 0.3746834099292755,
  "BSC_mag": 0.45142531394958496,
  "Nboundary": 40409,
  "engine": "atropos",
  "units": "SD/mm",
  "spacing": [
    1.0000000000004308,
    1.0000000170141767,
    1.0000000170137464
  ],
  "mu_wm": 224.9691925048828,
  "sd_wm": 38.94540786743164,
  "t1": "data/raw/adni/adni_3yr_3t/136_S_0195/MPR____N3__Scaled/2006-10-02_12_44_11.0/I88164/ADNI_136_S_0195_MR_MPR____N3__Scaled_Br_20080123103529723_S19574_I88164.nii"
}