{
  "BSC_dir": 0.3398970365524292,
  "BSC_mag": 0.4067196249961853,
  "Nboundary": 39036,
  "engine": "atropos",
  "units": "SD/mm",
  "spacing": [
    1.0000000000020683,
    1.000000023995222,
    1.0000000239931595
  ],
  "mu_wm": 284.7069396972656,
  "sd_wm": 53.8093147277832,
  "t1": "data/raw/adni/adni_3yr_3t/136_S_0426/MPR____N3__Scaled/2006-11-20_12_29_53.0/I66773/ADNI_136_S_0426_MR_MPR____N3__Scaled_Br_20070809231557112_S22726_I66773.nii"
}