{
  "BSC_dir": 0.35782212018966675,
  "BSC_mag": 0.43926137685775757,
  "Nboundary": 56302,
  "engine": "atropos",
  "units": "SD/mm",
  "spacing": [
    1.0,
    1.0,
    1.0
  ],
  "mu_wm": 476.4830627441406,
  "sd_wm": 79.53648376464844,
  "t1": "data/raw/adni/adni_3yr_3t/023_S_0376/MPR__GradWarp__B1_Correction__N3__Scaled_2/2006-04-28_12_55_22.0/I118882/ADNI_023_S_0376_MR_MPR__GradWarp__B1_Correction__N3__Scaled_2_Br_20081001154518431_S13786_I118882.nii"
}