{
  "BSC_dir": 0.22253775596618652,
  "BSC_mag": 0.26446831226348877,
  "Nboundary": 59141,
  "engine": "atropos",
  "units": "SD/mm",
  "spacing": [
    1.0,
    1.0,
    1.0
  ],
  "mu_wm": 257.859619140625,
  "sd_wm": 64.36309051513672,
  "t1": "data/raw/adni/adni_3yr_3t/018_S_0450/MPR-R____N3__Scaled/2007-12-10_09_31_28.0/I87299/ADNI_018_S_0450_MR_MPR-R____N3__Scaled_Br_20080114095514288_S43503_I87299.nii"
}