{
  "BSC_dir": 0.18709340691566467,
  "BSC_mag": 0.2005368173122406,
  "Nboundary": 89482,
  "engine": "atropos",
  "units": "SD/mm",
  "spacing": [
    1.0000000409603897,
    0.9999999984209175,
    1.0000000103910143
  ],
  "mu_wm": 234.33938598632812,
  "sd_wm": 77.125,
  "t1": "data/raw/oasis3/t1_mprage_sag/t1_mprage_sag_images/OASIS_OAS31471_20250501174017635.nii"
}