{
  "BSC_dir": 0.4185347557067871,
  "BSC_mag": 0.4969590902328491,
  "Nboundary": 42925,
  "engine": "atropos",
  "units": "SD/mm",
  "spacing": [
    1.0,
    1.0,
    1.0
  ],
  "mu_wm": 315.474365234375,
  "sd_wm": 53.280574798583984,
  "t1": "data/raw/adni/adni_3yr_3t/018_S_0335/MPR____N3__Scaled/2008-06-24_09_20_48.0/I120469/ADNI_018_S_0335_MR_MPR____N3__Scaled_Br_20081013185417194_S52049_I120469.nii"
}