{
  "BSC_dir": 0.2645992934703827,
  "BSC_mag": 0.3104086220264435,
  "Nboundary": 47689,
  "engine": "atropos",
  "units": "SD/mm",
  "spacing": [
    1.0,
    1.0,
    1.0
  ],
  "mu_wm": 391.1745300292969,
  "sd_wm": 91.19978332519531,
  "t1": "data/raw/adni/adni_3yr_3t/005_S_0553/MPR__GradWarp__B1_Correction__N3__Scaled/2008-07-08_13_01_32.0/I120789/ADNI_005_S_0553_MR_MPR__GradWarp__B1_Correction__N3__Scaled_Br_20081014174211298_S53157_I120789.nii"
}