{
  "BSC_dir": 0.6372919082641602,
  "BSC_mag": 0.7957956194877625,
  "Nboundary": 40586,
  "engine": "atropos",
  "units": "SD/mm",
  "spacing": [
    1.000000018593089,
    1.0000000209271702,
    0.9999999942916755
  ],
  "mu_wm": 284.7127380371094,
  "sd_wm": 34.297969818115234,
  "t1": "data/raw/adni/adni_3yr_3t/136_S_0196/MPR____N3__Scaled/2007-05-07_10_39_33.0/I66740/ADNI_136_S_0196_MR_MPR____N3__Scaled_Br_20070809224441151_S31829_I66740.nii"
}