{
  "BSC_dir": 0.606431782245636,
  "BSC_mag": 0.8709419369697571,
  "Nboundary": 28671,
  "engine": "atropos",
  "units": "SD/mm",
  "spacing": [
    1.0000000000018665,
    1.0000000062207879,
    1.0000000062189263
  ],
  "mu_wm": 238.39297485351562,
  "sd_wm": 25.330171585083008,
  "t1": "data/raw/adni/adni_3yr_3t/136_S_0196/MPR____N3__Scaled/2006-10-23_11_50_19.0/I40281/ADNI_136_S_0196_MR_MPR____N3__Scaled_Br_20070215193200811_S20882_I40281.nii"
}