{
  "BSC_dir": 0.45163315534591675,
  "BSC_mag": 0.545759916305542,
  "Nboundary": 29469,
  "engine": "atropos",
  "units": "SD/mm",
  "spacing": [
    0.9999999978346784,
    1.0000000134925293,
    1.0000000112517466
  ],
  "mu_wm": 349.9797668457031,
  "sd_wm": 53.77397918701172,
  "t1": "data/raw/adni/adni_3yr_3t/136_S_0429/MPR____N3__Scaled/2008-06-17_11_18_23.0/I120446/ADNI_136_S_0429_MR_MPR____N3__Scaled_Br_20081013165355471_S51722_I120446.nii"
}