{
  "BSC_dir": 0.30868929624557495,
  "BSC_mag": 0.3806186318397522,
  "Nboundary": 62045,
  "engine": "atropos",
  "units": "SD/mm",
  "spacing": [
    1.0,
    1.0,
    1.0
  ],
  "mu_wm": 337.4544677734375,
  "sd_wm": 61.285133361816406,
  "t1": "data/raw/adni/adni_3yr_3t/027_S_0403/MPR-R__GradWarp__B1_Correction__N3__Scaled/2006-10-26_10_18_09.0/I47065/ADNI_027_S_0403_MR_MPR-R__GradWarp__B1_Correction__N3__Scaled_Br_20070327123536244_S21067_I47065.nii"
}