{
  "BSC_dir": 0.3412220776081085,
  "BSC_mag": 0.4208556115627289,
  "Nboundary": 36541,
  "engine": "atropos",
  "units": "SD/mm",
  "spacing": [
    1.0000000000000484,
    0.9999999976763835,
    0.9999999976763354
  ],
  "mu_wm": 421.93719482421875,
  "sd_wm": 76.83586883544922,
  "t1": "data/raw/adni/adni_3yr_3t/100_S_1286/MPR____N3__Scaled/2009-03-17_12_31_45.0/I149636/ADNI_100_S_1286_MR_MPR____N3__Scaled_Br_20090717153824945_S64895_I149636.nii"
}