{
  "BSC_dir": 0.41667574644088745,
  "BSC_mag": 0.5083990693092346,
  "Nboundary": 40347,
  "engine": "atropos",
  "units": "SD/mm",
  "spacing": [
    0.9999999950734109,
    1.0000000094248145,
    0.999999985882792
  ],
  "mu_wm": 240.83599853515625,
  "sd_wm": 39.19770050048828,
  "t1": "data/raw/adni/adni_3yr_3t/136_S_0426/MPR____N3__Scaled/2008-06-03_11_33_32.0/I120441/ADNI_136_S_0426_MR_MPR____N3__Scaled_Br_20081013164839346_S51029_I120441.nii"
}