{
  "BSC_dir": 0.5735951066017151,
  "BSC_mag": 0.8504549264907837,
  "Nboundary": 28987,
  "engine": "atropos",
  "units": "SD/mm",
  "spacing": [
    1.0,
    1.0,
    1.0
  ],
  "mu_wm": 310.0775146484375,
  "sd_wm": 40.29457092285156,
  "t1": "data/raw/adni/adni_3yr_3t/136_S_0184/MPR____N3__Scaled/2006-03-27_12_32_31.0/I40191/ADNI_136_S_0184_MR_MPR____N3__Scaled_Br_20070215174801158_S12474_I40191.nii"
}