{
  "BSC_dir": 0.414366215467453,
  "BSC_mag": 0.5234429240226746,
  "Nboundary": 94997,
  "engine": "atropos",
  "units": "SD/mm",
  "spacing": [
    1.0000000628394614,
    1.0000000695552524,
    1.0000000200413233
  ],
  "mu_wm": 112.29834747314453,
  "sd_wm": 18.62508773803711,
  "t1": "data/raw/oasis3/t1_mprage_sag/t1_mprage_sag_images/OASIS_OAS31420_20250501152009698.nii"
}