{
  "BSC_dir": 0.3205263614654541,
  "BSC_mag": 0.40385186672210693,
  "Nboundary": 62199,
  "engine": "atropos",
  "units": "SD/mm",
  "spacing": [
    1.0,
    1.0,
    1.0
  ],
  "mu_wm": 1016.6985473632812,
  "sd_wm": 184.391357421875,
  "t1": "data/raw/adni/adni_3yr_3t/005_S_0572/MPR-R__GradWarp__B1_Correction__N3__Scaled/2006-12-27_14_37_18.0/I79141/ADNI_005_S_0572_MR_MPR-R__GradWarp__B1_Correction__N3__Scaled_Br_20071028192123921_S24527_I79141.nii"
}