{
  "BSC_dir": 0.6116845607757568,
  "BSC_mag": 0.8098359704017639,
  "Nboundary": 38162,
  "engine": "atropos",
  "units": "SD/mm",
  "spacing": [
    1.0,
    1.0,
    1.0
  ],
  "mu_wm": 1198.9432373046875,
  "sd_wm": 141.2127685546875,
  "t1": "data/raw/adni/adni_3yr_3t/031_S_1066/MPR-R__GradWarp__B1_Correction__N3__Scaled/2007-12-14_16_38_15.0/I87106/ADNI_031_S_1066_MR_MPR-R__GradWarp__B1_Correction__N3__Scaled_Br_20080111142901961_S44040_I87106.nii"
}