{
  "BSC_dir": 0.6445235013961792,
  "BSC_mag": 0.9342253804206848,
  "Nboundary": 31378,
  "engine": "atropos",
  "units": "SD/mm",
  "spacing": [
    1.0,
    1.0,
    1.0
  ],
  "mu_wm": 321.1080627441406,
  "sd_wm": 39.26569366455078,
  "t1": "data/raw/adni/adni_3yr_3t/136_S_0184/MPR____N3__Scaled_2/2006-09-06_15_57_40.0/I119714/ADNI_136_S_0184_MR_MPR____N3__Scaled_2_Br_20081008132905229_S18601_I119714.nii"
}