{
  "BSC_dir": 0.3329448103904724,
  "BSC_mag": 0.4055898189544678,
  "Nboundary": 58482,
  "engine": "atropos",
  "units": "SD/mm",
  "spacing": [
    1.0,
    1.0,
    1.0
  ],
  "mu_wm": 438.47540283203125,
  "sd_wm": 77.39859771728516,
  "t1": "data/raw/adni/adni_3yr_3t/027_S_0403/MPR__GradWarp__B1_Correction__N3__Scaled/2008-05-12_10_10_59.0/I105888/ADNI_027_S_0403_MR_MPR__GradWarp__B1_Correction__N3__Scaled_Br_20080516100109644_S49902_I105888.nii"
}