{
  "BSC_dir": 0.38737156987190247,
  "BSC_mag": 0.4595075249671936,
  "Nboundary": 43419,
  "engine": "atropos",
  "units": "SD/mm",
  "spacing": [
    1.0,
    1.0,
    1.0
  ],
  "mu_wm": 575.0248413085938,
  "sd_wm": 92.5134048461914,
  "t1": "data/raw/adni/adni_3yr_3t/023_S_0926/MPR__GradWarp__B1_Correction__N3__Scaled_2/2007-04-03_14_47_08.0/I118901/ADNI_023_S_0926_MR_MPR__GradWarp__B1_Correction__N3__Scaled_2_Br_20081001154731284_S29272_I118901.nii"
}