{
  "BSC_dir": 0.2798827886581421,
  "BSC_mag": 0.3330119252204895,
  "Nboundary": 42670,
  "engine": "atropos",
  "units": "SD/mm",
  "spacing": [
    1.0,
    1.0,
    1.0
  ],
  "mu_wm": 562.0820922851562,
  "sd_wm": 108.63652801513672,
  "t1": "data/raw/adni/adni_3yr_3t/031_S_1209/MPR__GradWarp__B1_Correction__N3__Scaled/2007-07-26_13_34_41.0/I76658/ADNI_031_S_1209_MR_MPR__GradWarp__B1_Correction__N3__Scaled_Br_20071002184302034_S36418_I76658.nii"
}