{
  "BSC_dir": 0.34167903661727905,
  "BSC_mag": 0.4131488800048828,
  "Nboundary": 55274,
  "engine": "atropos",
  "units": "SD/mm",
  "spacing": [
    1.0,
    1.0,
    1.0
  ],
  "mu_wm": 810.7064208984375,
  "sd_wm": 147.51406860351562,
  "t1": "data/raw/adni/adni_3yr_3t/023_S_0625/MPR__GradWarp__B1_Correction__N3__Scaled/2007-07-16_12_27_22.0/I73073/ADNI_023_S_0625_MR_MPR__GradWarp__B1_Correction__N3__Scaled_Br_20070913154835134_S35062_I73073.nii"
}