{
  "BSC_dir": 0.39690667390823364,
  "BSC_mag": 0.48565396666526794,
  "Nboundary": 50556,
  "engine": "atropos",
  "units": "SD/mm",
  "spacing": [
    1.0,
    1.0,
    1.0
  ],
  "mu_wm": 985.1942749023438,
  "sd_wm": 148.3419647216797,
  "t1": "data/raw/adni/adni_3yr_3t/127_S_0844/MPR__GradWarp__B1_Correction__N3__Scaled/2007-10-26_13_23_34.0/I82651/ADNI_127_S_0844_MR_MPR__GradWarp__B1_Correction__N3__Scaled_Br_20071119095745044_S42006_I82651.nii"
}