{
  "BSC_dir": 0.5020034909248352,
  "BSC_mag": 0.6290478706359863,
  "Nboundary": 35653,
  "engine": "atropos",
  "units": "SD/mm",
  "spacing": [
    1.0,
    1.0,
    1.0
  ],
  "mu_wm": 312.85479736328125,
  "sd_wm": 47.88459777832031,
  "t1": "data/raw/adni/adni_3yr_3t/053_S_0507/MPR____N3__Scaled_2/2007-06-11_11_19_48.0/I119158/ADNI_053_S_0507_MR_MPR____N3__Scaled_2_Br_20081003141216462_S33392_I119158.nii"
}