{
  "BSC_dir": 0.2852070927619934,
  "BSC_mag": 0.328130304813385,
  "Nboundary": 55594,
  "engine": "atropos",
  "units": "SD/mm",
  "spacing": [
    1.0,
    1.0,
    1.0
  ],
  "mu_wm": 961.9459838867188,
  "sd_wm": 178.72393798828125,
  "t1": "data/raw/adni/adni_3yr_3t/023_S_0030/MPR__GradWarp__B1_Correction__N3__Scaled/2007-11-13_12_58_18.0/I87493/ADNI_023_S_0030_MR_MPR__GradWarp__B1_Correction__N3__Scaled_Br_20080115173619365_S42714_I87493.nii"
}