{
  "BSC_dir": 0.48842811584472656,
  "BSC_mag": 0.5930293202400208,
  "Nboundary": 30133,
  "engine": "atropos",
  "units": "SD/mm",
  "spacing": [
    1.0000000183226794,
    1.0000000451713726,
    1.000000022660043
  ],
  "mu_wm": 359.14923095703125,
  "sd_wm": 53.42239761352539,
  "t1": "data/raw/adni/adni_3yr_3t/136_S_0429/MPR____N3__Scaled/2007-12-17_10_34_41.0/I88169/ADNI_136_S_0429_MR_MPR____N3__Scaled_Br_20080123104030618_S44162_I88169.nii"
}