{
  "BSC_dir": 0.5457857847213745,
  "BSC_mag": 0.6939051151275635,
  "Nboundary": 40033,
  "engine": "atropos",
  "units": "SD/mm",
  "spacing": [
    1.0,
    1.0,
    1.0
  ],
  "mu_wm": 331.1291198730469,
  "sd_wm": 49.72618103027344,
  "t1": "data/raw/adni/adni_3yr_3t/053_S_0507/MPR____N3__Scaled_2/2006-12-11_12_04_45.0/I119148/ADNI_053_S_0507_MR_MPR____N3__Scaled_2_Br_20081003141028418_S23807_I119148.nii"
}