{
  "BSC_dir": 0.25283145904541016,
  "BSC_mag": 0.31726205348968506,
  "Nboundary": 51808,
  "engine": "atropos",
  "units": "SD/mm",
  "spacing": [
    0.9999999608273609,
    1.0,
    0.9999999608273609
  ],
  "mu_wm": 337.8325500488281,
  "sd_wm": 72.19292449951172,
  "t1": "data/raw/adni/adni_3yr_3t/100_S_0015/MPR____N3__Scaled/2007-10-11_09_34_10.0/I82551/ADNI_100_S_0015_MR_MPR____N3__Scaled_Br_20071118114815290_S41463_I82551.nii"
}