{
  "BSC_dir": 0.3241419792175293,
  "BSC_mag": 0.3946415185928345,
  "Nboundary": 42736,
  "engine": "atropos",
  "units": "SD/mm",
  "spacing": [
    1.000000018068536,
    1.0000000453158586,
    1.0000000233196549
  ],
  "mu_wm": 395.8524475097656,
  "sd_wm": 72.79569244384766,
  "t1": "data/raw/adni/adni_3yr_3t/136_S_0086/MPR____N3__Scaled/2007-05-01_13_01_27.0/I67781/ADNI_136_S_0086_MR_MPR____N3__Scaled_Br_20070815111150885_S31407_I67781.nii"
}