{
  "BSC_dir": 0.3457231819629669,
  "BSC_mag": 0.4044385552406311,
  "Nboundary": 45271,
  "engine": "atropos",
  "units": "SD/mm",
  "spacing": [
    1.0,
    1.0,
    1.0
  ],
  "mu_wm": 980.4843139648438,
  "sd_wm": 175.9930419921875,
  "t1": "data/raw/adni/adni_3yr_3t/005_S_0814/MPR__GradWarp__B1_Correction__N3__Scaled/2006-09-20_11_11_42.0/I74600/ADNI_005_S_0814_MR_MPR__GradWarp__B1_Correction__N3__Scaled_Br_20070923123736255_S19117_I74600.nii"
}