{
  "BSC_dir": 0.467995822429657,
  "BSC_mag": 0.5772270560264587,
  "Nboundary": 42001,
  "engine": "atropos",
  "units": "SD/mm",
  "spacing": [
    1.0,
    1.0,
    1.0
  ],
  "mu_wm": 258.5912780761719,
  "sd_wm": 40.708213806152344,
  "t1": "data/raw/adni/adni_3yr_3t/018_S_0369/MPR____N3__Scaled/2007-04-24_09_26_28.0/I70680/ADNI_018_S_0369_MR_MPR____N3__Scaled_Br_20070828110545014_S30432_I70680.nii"
}