{
  "BSC_dir": 0.32429006695747375,
  "BSC_mag": 0.3846393823623657,
  "Nboundary": 57236,
  "engine": "atropos",
  "units": "SD/mm",
  "spacing": [
    1.0,
    1.0,
    1.0
  ],
  "mu_wm": 1137.433837890625,
  "sd_wm": 236.3267059326172,
  "t1": "data/raw/adni/adni_3yr_3t/116_S_0649/MPR-R__GradWarp__B1_Correction__N3__Scaled/2009-08-14_11_32_32.0/I172347/ADNI_116_S_0649_MR_MPR-R__GradWarp__B1_Correction__N3__Scaled_Br_20100429103504102_S72494_I172347.nii"
}