{
  "BSC_dir": 0.4326932728290558,
  "BSC_mag": 0.5260608196258545,
  "Nboundary": 45481,
  "engine": "atropos",
  "units": "SD/mm",
  "spacing": [
    1.0,
    1.0,
    1.0
  ],
  "mu_wm": 1171.994140625,
  "sd_wm": 165.99998474121094,
  "t1": "data/raw/adni/adni_3yr_3t/127_S_0260/MPR__GradWarp__B1_Correction__N3__Scaled/2007-05-08_13_08_10.0/I63565/ADNI_127_S_0260_MR_MPR__GradWarp__B1_Correction__N3__Scaled_Br_20070731195531372_S31931_I63565.nii"
}