{
  "BSC_dir": 0.44413596391677856,
  "BSC_mag": 0.5763551592826843,
  "Nboundary": 35251,
  "engine": "atropos",
  "units": "SD/mm",
  "spacing": [
    1.0,
    1.0,
    1.0
  ],
  "mu_wm": 330.86962890625,
  "sd_wm": 51.57954788208008,
  "t1": "data/raw/adni/adni_3yr_3t/002_S_1070/MPR____N3__Scaled/2006-12-18_09_11_48.0/I40840/ADNI_002_S_1070_MR_MPR____N3__Scaled_Br_20070217034203890_S24206_I40840.nii"
}