subject,seg_csf_mm3_bl,seg_gm_total_mm3_bl,seg_wm_total_mm3_bl,seg_brain_mm3_bl,seg_tiv_mm3_bl,seg_bpf_bl,qc_brain_mask_vol_mm3_bl,qc_brain_mean_bl,qc_brain_std_bl,qc_snr_bl,qc_brain_bg_ratio_bl,meta_field_strength_t_bl,field_strength_mode_t,long_brain_vol_last,long_brain_vol_delta,long_brain_vol_pctchg,long_brain_vol_slope_yr,long_brain_vol_mean,long_brain_vol_std,long_brain_intensity_last,long_brain_intensity_delta,long_brain_intensity_pctchg,long_brain_intensity_slope_yr,long_brain_intensity_mean,long_brain_intensity_std,long_snr_last,long_snr_delta,long_snr_pctchg,long_snr_slope_yr,long_snr_mean,long_snr_std,long_brain_bg_ratio_last,long_brain_bg_ratio_delta,long_brain_bg_ratio_pctchg,long_brain_bg_ratio_slope_yr,long_brain_bg_ratio_mean,long_brain_bg_ratio_std,n_visits_used
002_S_0729,1390548.25,663893.75,326085.9375,989979.6875,2380528.0,0.415865592633231,2150635.0039901733,636866.125,253714.296875,2.5101704272946868,26.528176287461264,3.0,1.5,977694.375,-12285.3125,-1.2409661183073517,-24655.00214629121,983837.03125,6142.65625,3596.445556640625,-633269.6794433594,-99.43529017866342,-1270888.7385532253,320231.2852783203,316634.8397216797,2.457004580986665,-0.05316584630802179,-2.1180173955487476,-0.10669684265936791,2.483587504140676,0.026582923154010896,10.174524947546807,-16.353651339914457,-61.64634599342635,-32.819621713756895,18.351350617504036,8.176825669957228,2
002_S_0782,2024286.5,475698.375,208560.09375,684258.46875,2708545.0,0.2526295367992778,2779179.924349487,4302.7060546875,2001.6268310546875,2.1496045045872685,7.941497296834511,1.5,1.5,700734.15625,16475.6875,2.4078163811545807,3846.3076750419114,715452.26953125,25964.863212587145,4235.49365234375,-67.21240234375,-1.5620960737145115,-82.48262202198308,4205.2391357421875,100.68337900629092,2.16522179750704,0.01561729291977132,0.7265193614194577,0.042701286715495494,2.2143016703404266,0.08188784888285568,7.856154047465325,-0.08534324936918569,-1.0746493536326407,-0.04049334575899492,7.777398221080078,0.12654410215849438,4
002_S_0954,1497626.625,764689.25,532563.125,1297252.375,2794879.0,0.4641533229166629,2583141.853866577,751864.6875,292631.84375,2.5693194488422133,23.73035935305589,3.0,1.5,615581.34375,-681671.03125,-52.5472949124491,-671767.6400776957,838737.5572916666,324257.20565401047,3529.836181640625,-748334.8513183594,-99.53052241442838,-751016.2861608148,253011.8605143229,352742.21969805553,2.4193314455564865,-0.1499880032857268,-5.8376549227194925,-0.10576129581935632,2.4544645613933525,0.08322968594648643,8.959415721246621,-14.770943631809267,-62.24492184062578,-14.855666147379413,13.894357521516854,6.955117349410053,3
002_S_1070,1891028.25,987132.0625,520660.75,1507792.8125,3398821.0,0.4436223068234544,3003178.25617218,755141.5625,293565.4375,2.5723108582815635,15.821940937469837,3.0,1.5,798817.0625,-708975.75,-47.020767317790884,-252073.9720801365,1061115.7734375,281129.32658435707,4064.19140625,-751077.37109375,-99.46179741546804,-250707.06971423796,191738.65307617188,325280.9397920901,2.597076507824552,0.024765649542988655,0.9627782529959612,0.021072380530142362,2.572427124670166,0.015104185640338476,8.672854252215627,-7.149086685254209,-45.18463767187754,-2.420475097565684,9.939971595651322,3.5172606865681493,4
002_S_1155,1530825.0,865385.5,352982.5625,1218368.0625,2749193.0,0.4431729829444495,2569187.417822331,3541.943115234375,1254.7642822265625,2.8227956139510506,9.192845925482835,1.5,3.0,1510669.25,292301.1875,23.991205654243746,16032.228919226029,1408252.0397366765,327492.9079605182,376.0149230957031,-3165.928192138672,-89.3839367019077,24796.0311813628,320249.3780456543,391228.8437194673,2.4483683289309326,-0.374427285020118,-13.264413589478211,-0.03166711008816677,2.741332281247363,0.17414025906644934,18.2714923642344,9.078646438751566,98.75773522522873,1.599865172120899,21.325188687799788,11.080296769781524,10
002_S_1268,1825037.875,977708.25,537428.875,1515137.125,3340175.0,0.4536101027640767,3044184.812599182,607853.0625,225334.25,2.697561788752941,14.039565112565787,3.0,1.5,1528892.625,13755.5,0.9078716225107348,46599.322662911225,869350.5122767857,414517.7168535078,790591.0625,182738.0,30.062857501848978,64624.97139749117,202801.89770507812,317739.57061397756,2.825124858001744,0.127563069248803,4.728828447254003,0.05031695388423641,2.302536838211879,0.3015680291939839,19.90268232558124,5.863117213015451,41.76138766412219,1.3719751653540293,10.843366466174553,4.186566089705598,7
002_S_2010,1967481.5,882913.0,792700.375,1675613.375,3643095.0,0.4599422674950831,3362905.7341657346,776354.3125,261228.59375,2.971934662099095,20.103679453613235,3.0,3.0,1740332.375,64719.0,3.8624065053192833,44436.837513645194,1584651.8958333333,150565.5996514626,729857.125,-46497.1875,-5.989171020416017,-4487.484938115756,788453.4375,42264.60085090048,2.830541534894911,-0.1413931272041844,-4.757612238497787,-0.017302060098073866,2.888564418191105,0.060727642711982936,19.166083833266896,-0.9375956203463396,-4.663801084322529,0.31876506502107205,19.894527075980992,2.27689908051104,6
002_S_2043,1799923.25,867515.8125,576741.8125,1444257.625,3244181.0,0.445184046451169,3009407.9301564954,730852.0625,245864.734375,2.972577845923648,26.718429630815024,3.0,3.0,1236149.21875,-208108.40625,-14.409368705946765,-277414.5816890967,1340203.421875,104054.203125,750111.625,19259.5625,2.63522038018467,25673.559135492702,740481.84375,9629.78125,2.914183393096373,-0.05839445282727462,-1.9644381359886685,-0.07784151056628488,2.9433806195100107,0.02919722641363731,26.55392551988371,-0.16450411093131478,-0.6156952830101516,-0.21928878291117782,26.636177575349365,0.08225205546565739,2
002_S_2073,1400207.0,621761.625,523626.3125,1145387.9375,2545595.0,0.4499490050459716,2510869.4643546827,800716.4375,301097.53125,2.659325814373779,21.4536346805989,3.0,3.0,1373913.625,228525.6875,19.95181545204635,24296.538070516155,1393953.6339285714,120188.45901361512,944112.5,143396.0625,17.908469938210803,20182.52571709844,871088.6071428572,76649.53301589233,2.9168212213531537,0.2574954069793747,9.682732577843606,0.016826541290346282,2.9048770499851715,0.10166670507563343,27.5798355605092,6.1262008799103,28.555538355700577,0.028158160786296224,28.631678253499505,3.7392983427893522,7
002_S_4171,1831846.0,982967.875,607301.125,1590269.0,3422115.0,0.4647035532119756,3198226.369159296,678009.6875,240083.875,2.824053416736863,27.646154725962663,3.0,3.0,1261495.3125,-328773.6875,-20.67409271638949,-462571.44466153625,1472453.9583333333,149509.93867957278,802448.25,124438.5625,18.35350803892459,194447.63232815522,700153.2708333334,76111.42555398791,2.886060362328194,0.06200694559133124,2.1956718390609984,0.0808017841474303,2.853737343520292,0.02538291985340809,31.17280634458806,3.5266516186253973,12.756391091573754,4.765958305822162,29.136983454854033,1.490432126667235,3
002_S_4219,1713117.25,879131.75,482085.96875,1361217.71875,3074335.0,0.4427681819808186,2824900.2969678724,629335.9375,211073.3125,2.981598810588707,25.913202752413863,3.0,3.0,1345058.75,-16158.96875,-1.1870965626893768,-12185.768529664578,1343199.7395833333,15526.302499046053,756273.5625,126937.625,20.170090000620693,150469.4073740757,707424.8958333334,55794.4809261272,2.986257596661275,0.004658786072568422,0.15625127217060297,0.020575199309121252,2.967017379635781,0.023991025765198307,27.26770630849145,1.3545035560775887,5.227078910388312,0.7686287326711444,27.71658248835001,1.6858553721144787,3
002_S_4229,2357020.0,1041324.875,876504.1875,1917829.0625,4274849.0,0.4486308317556947,3844526.386169018,746717.4375,262258.96875,2.8472522448182347,18.895411597189245,3.0,3.0,1438292.78125,-479536.28125,-25.00412005566841,-57387.79654043993,1581151.7578125,193958.690646255,455.7599182128906,-746261.6775817871,-99.93896487542345,-128720.08407692125,522813.2575416565,407701.042914138,2.320512397336716,-0.5267398474815188,-18.499936155644168,-0.05650397878824342,2.646576145465728,0.21232763646524083,13.75329998168006,-5.142111615509185,-27.213546468996157,-0.7807281777729951,18.657451714971003,3.3098522659507044,8
002_S_4237,1780664.5,737315.75,596280.75,1333596.5,3114261.0,0.428222457912166,2890436.7141620256,761502.8125,274655.0,2.772579463316624,27.09583630767547,3.0,3.0,1299233.375,-34363.125,-2.5767257937464594,-11941.799518955957,1315869.03125,16783.22922159178,842127.5,80624.6875,10.587575800975785,16441.29806789639,837998.359375,50035.42990540894,2.745677160748399,-0.0269023025682249,-0.9702987028564274,-0.02454296447824884,2.7827147218427113,0.025751696338789168,25.76200532465516,-1.3338309830203094,-4.922641869675282,-0.8152538969648024,26.20934291454227,0.8347846765704785,4
002_S_4251,2039789.375,990438.75,545765.875,1536204.625,3575994.0,0.4295881438839103,3244495.024638064,758257.1875,269084.125,2.817918699206733,27.5751155228224,3.0,3.0,1536204.625,0.0,0.0,,1536204.625,,758257.1875,0.0,0.0,,758257.1875,,2.817918699206733,0.0,0.0,,2.817918699206733,,27.5751155228224,0.0,0.0,,27.5751155228224,,1
002_S_4447,1653158.75,775864.25,334850.9375,1110715.1875,2763874.0,0.4018689663494066,2547170.7766201347,807457.5625,269106.21875,3.000516176280298,35.4860017156673,3.0,3.0,1217172.625,106457.4375,9.584584662033354,9239.517436118958,1253778.03125,98249.40990931356,958205.25,150747.6875,18.669425428782212,52135.47752885169,898357.21875,66978.6839852756,2.948731564990009,-0.051784611290289106,-1.7258567609019135,-0.03255965379871848,2.9852885516174616,0.02242163799464331,34.7890690790666,-0.6969326366006996,-1.9639649521095506,0.524163889619293,33.91567747641587,1.534959592601346,4
002_S_4473,2128121.75,1120766.25,638874.0,1759640.25,3887762.0,0.45261007489656,3663905.793876364,853081.0,301084.125,2.833364263217686,28.39469095812984,3.0,3.0,817362.921875,-942277.328125,-53.54943023865248,-152407.4732342398,1717264.6495535714,393645.89025106473,362.3983154296875,-852718.6016845703,-99.9575188856123,-119999.44878402144,652054.09261649,269728.4789870416,2.3066446378182413,-0.5267196253994446,-18.58990149050867,-0.07224509527517052,2.76348249784285,0.1866173959101701,18.227979736673284,-10.166711221456556,-35.80497226206179,-1.2932197738210145,26.038017529888645,3.6200622549380936,7
002_S_4521,2234024.0,1032071.8125,551022.375,1583094.1875,3817118.0,0.4147354594487255,3527465.586053068,871181.1875,312529.0,2.7875211180313264,28.01729787631072,3.0,3.0,1436651.1875,-146443.0,-9.250428758838456,-98824.85538937786,1535624.5625,71774.3954151544,829842.1875,-41339.0,-4.74516674523576,-25749.070906275298,838148.359375,33377.1725928913,2.797864915804755,0.01034379777342842,0.37107513577273554,0.0018339996456301305,2.792640174917888,0.008956466951609305,28.670215180553992,0.652917304243271,2.330407832781504,1.355095093971209,26.79287516332685,1.8531984008420237,4
002_S_4654,1906971.875,848899.875,387460.21875,1236360.09375,3143332.0,0.3933278742907208,2907507.520120684,876620.4375,309016.46875,2.836808151498117,27.968547931058104,3.0,3.0,1578632.15625,342272.0625,27.68384908492603,-30318.79556817963,1330573.1450892857,301298.37259306427,365.28948974609375,-876255.1480102539,-99.9583297999773,-145101.0076018145,602907.852028983,382956.610048032,2.443995141315064,-0.39281301018305337,-13.84700653710435,-0.08014628018288496,2.6993293188608583,0.21371537815354685,16.732192006728674,-11.23635592432943,-40.174970656420264,-1.4888897316000131,24.16834441501356,4.017964358514952,7
002_S_4746,1671475.0,780511.9375,818286.125,1598798.0625,3270273.0,0.4888882556593899,3047190.484613925,914826.0,316473.46875,2.8906878153497955,25.721270035238973,3.0,3.0,1510006.25,-88791.8125,-5.553660251574141,-116810.38541341273,1557572.5,36525.33121217184,819712.9375,-95113.0625,-10.39684732397199,-87956.25356198008,827582.3125,68248.7351685874,2.907544505765689,0.01685669041589355,0.5831376991449269,0.007797512136880041,2.915180007382278,0.023737151294272243,30.764783595379445,5.043513560140472,19.60833797565476,6.615256647611615,28.08584471347257,2.0709701264936284,3
002_S_4799,1489430.25,1024897.125,913667.75,1938564.875,3427995.0,0.5655098315487624,3170511.893005483,808014.0,272691.5,2.963106660812812,34.284448188071785,3.0,3.0,1205685.5625,-732879.3125,-37.80525077862045,-168710.6236783664,1657349.861607143,465651.3280926906,402.2127990722656,-807611.7872009277,-99.95022205072284,-141304.83109587207,562212.5291791643,356462.7122425517,2.36468922892812,-0.598417431884692,-20.1956088789777,-0.10233530109738415,2.7167932359212195,0.27656874839828804,18.12094611334619,-16.163502074725596,-47.14528869199997,-2.178192556005866,27.712110791783044,5.636228745353173,7
002_S_6652,1772487.0,673162.9375,423857.03125,1097019.96875,2869507.0,0.3823025937033783,2690088.0,490.203125,209.60324096679688,2.338719193463872,16.59671330862944,3.0,3.0,1097019.96875,0.0,0.0,,1097019.96875,,490.203125,0.0,0.0,,490.203125,,2.338719193463872,0.0,0.0,,2.338719193463872,,16.59671330862944,0.0,0.0,,16.59671330862944,,1
003_S_0908,1505451.0,687802.5625,518178.5,1205981.0625,2711432.0,0.4447764363996589,2878282.680130005,330.9774169921875,112.18234252929688,2.950352137239417,8.860470828268252,1.494,1.5,1621189.75,415208.6875,34.42912168448748,30669.01600129931,1201992.0694964023,279327.8881731723,193.7120819091797,-137.2653350830078,-41.47271929620741,12.030495253895696,419.8472544352214,439.7619822703489,2.6031091708690703,-0.34724296637034646,-11.769543099192711,-0.042933595287116495,2.7830633947073657,0.23733391382260285,18.535182591580053,9.674711763311802,109.18958993065937,0.993997774594604,12.434184351937128,4.857539848276838,9
003_S_10426,2113849.75,755759.375,450621.875,1206381.25,3320231.0,0.3633425656226931,3134638.0,200.62319946289065,85.05555725097656,2.358731205677404,14.308261306737537,3.0,3.0,1206381.25,0.0,0.0,,1206381.25,,200.62319946289065,0.0,0.0,,200.62319946289065,,2.358731205677404,0.0,0.0,,2.358731205677404,,14.308261306737537,0.0,0.0,,14.308261306737537,,1
003_S_1057,1826312.625,775551.625,400324.71875,1175876.34375,3002189.0,0.3916729905245805,2967541.828131676,310.8338623046875,108.5103759765625,2.8645542570718883,9.939064579895556,1.5,1.5,1248666.9375,72790.59375,6.190327251406617,72840.45032106164,1212271.640625,36395.296875,308.6314697265625,-2.202392578125,-0.7085433233674383,-2.2039010661922087,309.732666015625,1.1011962890625,2.892215275041209,0.027661017969320856,0.9656307923312161,0.027679963872039567,2.8783847660565485,0.013830508984660428,10.65802738163726,0.7189628017417036,7.233706914391121,0.7194552420168691,10.298545980766407,0.3594814008708518,2
003_S_1074,1504724.625,629910.125,378041.28125,1007951.40625,2512676.0,0.4011465888359661,2556730.3728818893,311.7534484863281,108.52326965332033,2.872687549956272,10.522097302488849,1.5,1.5,1319990.3125,312038.90625,30.95773311244388,-372.2131818813519,988521.76171875,193698.40965615155,143.9503173828125,-167.80313110351562,-53.8255893938811,21.199392962092805,353.1803855895996,261.2860703664513,2.7315905979120805,-0.1410969520441916,-4.911670677388474,-0.034714763145712285,2.779834231108733,0.1996351539907832,22.02180019791658,11.499702895427731,109.29097654996636,1.7511187035986628,15.274318163944278,7.97645859190352,8
003_S_1122,1281007.625,591905.25,308080.125,899985.375,2180993.0,0.4126493643033242,2266030.51918745,333.50616455078125,121.3778076171875,2.747670009454724,10.044384879479953,1.5,1.5,1224512.2152024126,324526.84020241257,36.059123761029184,27024.493759137615,1024806.6579987468,127621.2924016183,193.03721618652344,-140.4689483642578,-42.11884615490199,-12.026668719291587,276.5395202636719,58.48802967225669,2.5255293826216048,-0.2221406268331192,-8.084690886050144,-0.02298525629128145,2.6614907751853343,0.10788309968576767,18.67787892237517,8.633494042895219,85.95343713414351,0.848206519497678,12.946008942850991,3.966319271960223,7
003_S_2374,1532699.0,546201.6875,222403.1875,768604.875,2301304.0,0.3339866766841756,2373439.18923916,1639.548095703125,744.8878784179688,2.201066953840375,28.78586479545204,3.0,3.0,1518136.09375,749531.21875,97.51840550712095,119999.8128586839,1031381.5677083334,344551.7032693699,171.51760864257812,-1468.0304870605469,-89.53872661057727,-242.24482577475484,1164.1370951334636,702.095359699094,2.67345313659551,0.4723861827551348,21.461690746432105,0.07325142695595604,2.3796208450817553,0.2093704987042671,18.310203647839867,-10.475661147612172,-36.39168467597072,-1.6012392253608865,24.700028995381743,4.576472076176985,3
003_S_4354,2189658.75,477454.6875,223967.625,701422.3125,2891081.0,0.2426159324142077,2761673.7243162803,1729.7698974609375,831.8199462890625,2.079500381180246,18.91214543928072,3.0,3.0,1645519.25,944096.9375,134.59750576440354,132549.13984515483,1112508.2256944445,495072.189243058,172.96058654785156,-1556.809310913086,-90.00094828787726,-204.6438562273277,910.4704759385851,693.8929917817395,2.473003446218643,0.39350306503839727,18.922961909488077,0.05887952563881209,2.2862615024997046,0.21844548794503232,13.238198938690555,-5.673946500590166,-30.001601451336775,-0.7862759766964329,17.412254510184447,2.7980616490541808,9
003_S_6258,1603694.125,1186907.0,378087.8125,1564994.8125,3168689.0,0.4938934721899183,3041550.0,145.4575653076172,48.34888458251953,3.008498821743415,17.99182165198062,3.0,3.0,1455802.5,-109192.3125,-6.977167695883336,-8764.33721847725,1595965.5703125,104690.56705299258,144.34861755371094,-1.10894775390625,-0.7623857525464697,1.7046088354563937,155.2989730834961,12.441628766603433,2.614286275897122,-0.39421254584629306,-13.103297332117558,-0.09329563031020258,2.8100484622913435,0.14843481243160658,13.21542995566064,-4.776391696319978,-26.547571383880253,-1.070836496884083,15.368013628070399,1.7532092380167235,4
003_S_6268,1640892.0925052117,1257648.4750946322,590887.3632985847,1848535.838393217,3489427.930898429,0.5297532647184581,3318547.94395438,159.7687530517578,57.49196243286133,2.778975416943875,19.020032104223,3.0,3.0,1771149.6875,-77386.15089321695,-4.186348421596332,-41323.600210688055,1752950.6314733042,111130.26506701697,161.43536376953125,1.6666107177734375,1.0431393410409429,-0.6278955093243228,156.3940315246582,5.4445716593947315,2.800382561901837,0.021407144957962032,0.7703250927460211,0.01564894323093829,2.7527708105947335,0.05507153565755824,17.466438587212714,-1.5535935170102846,-8.168196081358568,-0.42665882595441024,16.843160977148095,1.55914920984334,4
003_S_6432,1375402.125,892595.5625,503983.25,1396578.8125,2771981.0,0.5038197637357543,2648580.0,162.17608642578125,62.484989166259766,2.595440696946001,19.839797912495985,3.0,3.0,1396578.8125,0.0,0.0,,1396578.8125,,162.17608642578125,0.0,0.0,,162.17608642578125,,2.595440696946001,0.0,0.0,,2.595440696946001,,19.839797912495985,0.0,0.0,,19.839797912495985,,1
003_S_6606,1335807.75,871731.625,385973.65625,1257705.28125,2593513.0,0.4849427325986027,2476481.0,169.32351684570312,67.90914916992188,2.493382945037934,18.941531177167327,3.0,3.0,1257705.28125,0.0,0.0,,1257705.28125,,169.32351684570312,0.0,0.0,,169.32351684570312,,2.493382945037934,0.0,0.0,,2.493382945037934,,18.941531177167327,0.0,0.0,,18.941531177167327,,1
005_S_0222,1696727.375,636078.125,326694.53125,962772.65625,2659500.0,0.3620126551043429,2455884.223097563,808.970947265625,326.2671813964844,2.4794738512270977,8.520976559446735,1.5,1.5,662543.96875,-300228.6875,-31.183757198650706,-602519.3852163461,812658.3125,150114.34375,651.9872436523438,-156.98370361328125,-19.405357404230212,-315.0455920041262,730.4790954589844,78.49185180664062,2.466635615103576,-0.01283823612352153,-0.5177806621016735,-0.02576464694569362,2.4730547331653367,0.006419118061760765,9.575104420259882,1.0541278608131464,12.370974775707992,2.115495610780229,9.048040489853308,0.5270639304065732,2
005_S_0324,1537562.0,270380.6875,154809.40625,425190.09375,1962752.0,0.2166295557207431,1821768.6873033645,611.56982421875,255.0877685546875,2.397487834428053,8.500836924934882,1.5,1.5,470229.53125,45039.4375,10.592776774917514,-55924.46707906394,570249.2890625,188591.55103636262,1097.7874755859375,486.2176513671875,79.50321158966702,182.59117183815877,756.9220733642578,198.1019197390897,2.405206837651175,0.007719003223122023,0.32196214355195996,-0.027572725169553582,2.4145661698440746,0.0752909795021071,10.23439728734378,1.7335603624088982,20.39281988016936,0.5837136725977886,9.659504025365921,0.6850727932491545,4
005_S_0448,2027118.25,353786.5,217943.25,571729.75,2598848.0,0.219993531749452,2387980.867201835,753.1768188476562,337.221435546875,2.233478472069085,9.072481303782796,1.5,1.5,414453.625,-157276.125,-27.508823005974413,-157102.74940862253,544285.4479166666,96768.96262249623,1531.52978515625,778.3529663085938,103.3426609570189,778.1096129464139,1001.0992431640625,375.33670435568604,2.190720992009557,-0.042757480059528064,-1.9143896211328921,-0.042469590758976876,2.2699252153947085,0.0836198146418769,9.302675670283936,0.23019436650113967,2.537281244163705,0.22970631900217742,9.069920998711014,0.19109720958574758,3
005_S_0546,1840912.0,444003.5625,262517.4375,706521.0,2547433.0,0.277346254052609,2359480.757327378,741.8588256835938,339.4482116699219,2.185484554031146,9.25647059951596,1.5,1.5,803460.46875,96939.46875,13.720677623170435,96938.5839236813,742764.4583333334,43187.65740289042,774.1504516601562,32.2916259765625,4.352799327662785,32.218518955844345,740.6527506510416,27.856194173111895,2.2940406819777968,0.1085561279466507,4.967142309307011,0.10878388187784502,2.267788671532451,0.05945579454660335,8.672967005383207,-0.583503594132754,-6.303737346319305,-0.5832038536857563,9.092005897222089,0.2985801116153314,3
005_S_0572,1977061.0,428549.71875,275580.15625,704129.875,2681191.0,0.2626183196199003,2561742.350359261,706.6419677734375,300.8892517089844,2.3485118242388374,9.45951760850164,1.5,1.5,704129.875,0.0,0.0,,704129.875,,706.6419677734375,0.0,0.0,,706.6419677734375,,2.3485118242388374,0.0,0.0,,2.3485118242388374,,9.45951760850164,0.0,0.0,,9.45951760850164,,1
005_S_1224,2056626.375,489762.3125,262184.3125,751946.625,2808573.0,0.2677326261414604,2578616.840659082,747.0154418945312,310.0721435546875,2.4091665601480043,9.63482271461634,1.5,1.5,670611.65625,-81334.96875,-10.816588045727315,-22760.74344734124,710387.5125,30946.318870764186,1186.533935546875,439.51849365234375,58.836600825501804,267.7958096229041,921.3533203125,212.01826204372827,2.4413602400499914,0.03219367990198707,1.3362994669828594,0.016191209653344286,2.431010462954002,0.043095308011944715,10.276967146109556,0.6421444314932163,6.664828720917328,0.1920916101860644,9.685559250826051,0.6156057108353337,5
005_S_2390,1239722.25,507746.625,211935.09375,719681.71875,1959404.0,0.3672962384224999,1969285.9714833128,1870.7786865234373,784.3092651367188,2.3852563871116224,30.6149261899842,3.0,3.0,561847.65625,-157834.0625,-21.931092368740263,-50677.47927350123,696915.578125,74884.3344778064,1456.3271484375,-414.4515380859373,-22.153958727001193,-102.80555164515542,1803.483056640625,202.59223356547915,2.229955113303014,-0.15530127380860836,-6.510883888531047,-0.03805433322209665,2.372776313061417,0.1076655716444566,31.75040023446596,1.1354740444817608,3.7088903544482035,0.9853500387402822,28.51712269377267,2.3490738967100064,5
005_S_4168,1766155.5,314377.875,208369.703125,522747.578125,2288903.0,0.2283834562342746,2223102.4455044046,1973.079345703125,934.7727661132812,2.110758266735017,24.49506365772828,3.0,3.0,621671.09375,98923.515625,18.923763545652488,19921.315951080076,564130.6875,50337.966687555054,1827.9637451171875,-145.1156005859375,-7.354777743832913,-47.45030046351595,1967.9374267578125,105.12855346078472,2.0449411895418907,-0.06581707719312613,-3.118172186288955,-0.02019439536177283,2.1030232123357644,0.031335372163332376,22.51192223047548,-1.9831414272528,-8.096086031714034,-0.19326291131655715,23.098308569332477,1.1351524234218489,5
005_S_4185,1504214.5,596069.125,254276.296875,850345.421875,2354560.0,0.3611483342429158,2338022.49385038,1691.65087890625,710.785400390625,2.379974146340933,25.68999502286155,3.0,3.0,1465058.09375,614712.671875,72.28976085031033,88776.89703245717,939590.6796875,236861.16896162127,1772.6048583984375,80.9539794921875,4.785501577283425,1.53274544231318,1684.5192464192708,140.76729982394127,2.321950142404351,-0.0580240039365818,-2.438009842493046,-0.00564484568710924,2.3976210915832237,0.05492673177692297,20.442165064174368,-5.247829958687181,-20.427524232749487,-0.6447182985173304,23.408516753321795,1.7226472429567394,6
005_S_6427,1821096.5,449593.71875,256029.75,705623.46875,2526720.0,0.2792646073763614,2377169.0,1585.41455078125,756.9217529296875,2.094555404901896,23.435580114942017,3.0,3.0,1250937.59375,545314.125,77.28117744808215,83898.89812815924,978280.53125,272657.0625,240.1409454345703,-1345.2736053466797,-84.85311331876983,-206.97606754544012,912.7777481079102,672.6368026733398,2.430857464062218,0.33630205916032185,16.056011618182687,0.05174150257300235,2.262706434482057,0.16815102958016093,17.75984031600883,-5.675739798933186,-24.218473667372365,-0.8732367150633306,20.597710215475423,2.837869899466593,2
006_S_0675,1514754.0,358877.0625,281568.96875,640446.03125,2155200.0,0.2971631548116184,2207930.942004919,839.7459106445312,352.85064697265625,2.379890515914842,9.785279716419977,1.5,1.5,537646.734375,-102799.296875,-16.05120367041075,-206304.63287688873,589046.3828125,51399.6484375,717.5715942382812,-122.17431640625,-14.548962353681175,-245.187742128477,778.6587524414062,61.087158203125,2.4588554906700577,0.07896497475521569,3.3180087162480727,0.1584722913700139,2.41937300329245,0.039482487377607844,9.195467728568588,-0.5898119878513892,-6.027543462673509,-1.1836748822127465,9.490373722494283,0.2949059939256946,2
006_S_1130,1045081.0,537865.0,264867.0625,802732.0625,1847813.0,0.4344227811472265,1789708.1552937627,776.3697509765625,307.8642883300781,2.5217921593503627,10.10090495671834,1.5,1.5,421637.890625,-381094.171875,-47.47464187342087,-764805.748776614,612184.9765625,190547.0859375,743.00537109375,-33.3643798828125,-4.297485810188363,-66.9579107263586,759.6875610351562,16.68218994140625,2.551964449804042,0.030172290453679196,1.1964622200051516,0.060551808176957836,2.5368783045772023,0.015086145226839598,10.05534872196913,-0.04555623474920978,-0.4510114187235204,-0.0914253557260927,10.078126839343735,0.02277811737460489,2
006_S_4346,2266953.75,1230232.5,425564.6875,1655797.1875,3922751.0,0.4221010172452955,3600065.010054409,34933.421875,11811.0830078125,2.957681513959002,26.378139759765272,3.0,3.0,2045795.75,389998.5625,23.553522463028102,606372.9897205777,1728718.5625,234852.8124466726,41651.35546875,6717.93359375,19.230677194431014,6743.573731321234,40479.90625,4134.2760274181255,2.981603478080258,0.0239219641212558,0.8088079804520629,0.043025456596907874,2.9553953447527923,0.02239060888728626,26.54614310533463,0.1680033455693568,0.6369036903262347,-0.9318301270047196,27.792388803809832,1.8825037383339822,3
006_S_4363,2031894.25,1032393.0,472457.78125,1504850.78125,3536745.0,0.4254903254970318,3244635.306794336,38733.515625,13722.96484375,2.8225325986911853,25.22331263750649,3.0,3.0,1554175.6875,49324.90625,3.277727390952903,82989.49877017192,1489622.6484375,115789.8268048989,42332.54296875,3599.02734375,9.29176524690947,-129.6599156114461,44448.4912109375,4164.42642192292,2.841121252572134,0.01858865388094877,0.6585806622594321,0.008428009970265125,2.847758497578341,0.02303761951596266,26.60987488497911,1.3865622474726216,5.497145705639136,0.2482359484433649,26.221813231828047,0.9538807760572436,4
006_S_4515,2098293.0,1085022.0,411812.125,1496834.125,3595127.0,0.4163508340595478,3316215.859008045,48893.60546875,17088.11328125,2.8612641232626563,16.060468154302836,3.0,3.0,1496834.125,0.0,0.0,,1496834.125,,48893.60546875,0.0,0.0,,48893.60546875,,2.8612641232626563,0.0,0.0,,2.8612641232626563,,16.060468154302836,0.0,0.0,,16.060468154302836,,1
006_S_4679,1608367.5582904066,956514.4603270468,870949.9013759725,1827464.36170302,3435831.8574934285,0.5318841076921107,3208417.0262165125,50440.296875,16679.65625,3.024060934827475,25.61720573224019,3.0,3.0,1287768.09375,-539696.26795302,-29.532519444049534,-350335.61318301235,1542002.738863255,305860.25052925147,46592.8359375,-3847.4609375,-7.627752364413498,405.78541372864845,48375.400390625,5792.996549403794,2.982185666260565,-0.04187526856691015,-1.3847362691882783,-0.018072703693678117,3.00317049824558,0.01594611095497847,31.617214243349355,6.000008511109165,23.42179148586036,3.2827495132672877,29.00292803297231,2.530463005702141,4
006_S_4713,2375142.0049708504,1118294.7523404397,353755.56324036245,1472050.315580802,3847192.008051652,0.3826298018138944,3613872.547253143,46157.484375,15528.490234375,2.9724386386160053,28.560021010217586,3.0,3.0,2146492.5,674442.184419198,45.81651709052449,58763.79943403472,1702259.9417913503,252462.29365935296,906.1781616210938,-45251.306213378906,-98.03676874099338,-888.8493020351543,48086.59502410889,22203.23466230009,3.027842215131873,0.05540357651586758,1.8639098481664198,0.002901913913063127,2.9606484038200875,0.05137193731600682,22.78697561008312,-5.7730454001344675,-20.213729527961874,-0.33081702598759105,26.41706021461094,2.327134514675287,8
006_S_4960,1984612.75,1029419.25,1047346.0,2076765.25,4061378.0,0.5113449794626356,3777087.80201599,51628.05859375,17460.81640625,2.956795225927307,22.3379243182543,3.0,3.0,2381703.75,304938.5,14.683339871947492,65066.55712536026,2111926.9270833335,140099.20082215226,95463.84375,43835.78515625,84.90690208048358,7013.891314641576,59211.192708333336,16631.766618912745,3.008982718173195,0.052187492245888034,1.7650019111323831,0.020457995535377395,2.9097883584674045,0.06384270505103454,26.57458851691988,4.236664198665583,18.966239379741424,0.523763274296216,24.52911139940976,1.8085486655088694,6
006_S_6243,2293960.0,1489373.125,596302.75,2085675.875,4379636.0,0.476221283001601,4048814.0,74675.3359375,25246.64453125,2.957832112782747,22.00913852623481,3.0,3.0,2119881.8125,34205.9375,1.6400409052053688,297.434473378178,2160479.984375,62466.495835679896,82680.125,8004.7890625,10.719455040951754,1705.2746737195544,80487.296875,3600.003794557903,2.9067731533818546,-0.051058959400892334,-1.7262291250484716,-0.015209666848483645,2.9100956885435907,0.03766412874388048,23.985874964383505,1.976736438148695,8.981434851675054,0.5428691001371667,22.53744822164051,1.141016094166999,4
006_S_6291,1759126.875,1444096.5,723576.625,2167673.125,3926800.0,0.55202025185902,3804172.0,83006.234375,26189.275390625,3.169474265085789,31.67868111598328,3.0,3.0,2045676.75,-121996.375,-5.6279876145994105,-42607.72956536565,2187109.4166666665,124177.01127751454,80888.9296875,-2117.3046875,-2.5507779065540825,310.38065431943716,78656.90625,4733.31357344537,3.076073586251042,-0.09340067883474701,-2.9468823856255195,-0.015943831351084608,3.109908380520066,0.04224916928248834,24.277549266484986,-7.401131849498295,-23.36313125663587,-1.1262519685273902,26.34640142286096,3.8018993173684685,3
006_S_6441,1657163.625,1189834.875,580026.5,1769861.375,3427025.0,0.5164425047964343,3199736.0,92255.140625,31773.94140625,2.9034843188811865,27.295061048377416,3.0,3.0,1769861.375,0.0,0.0,,1769861.375,,92255.140625,0.0,0.0,,92255.140625,,2.9034843188811865,0.0,0.0,,2.9034843188811865,,27.295061048377416,0.0,0.0,,27.295061048377416,,1
006_S_6610,1610423.5,1296219.375,1233141.125,2529360.5,4139784.0,0.6109885201739994,3945016.0,88926.7421875,28193.466796875,3.154161310669413,23.09571683231184,3.0,3.0,2529360.5,0.0,0.0,,2529360.5,,88926.7421875,0.0,0.0,,88926.7421875,,3.154161310669413,0.0,0.0,,3.154161310669413,,23.09571683231184,0.0,0.0,,23.09571683231184,,1
006_S_6651,1791244.75,1028748.0,926862.25,1955610.25,3746855.0,0.5219337951428598,3432599.0,96146.65625,33170.0703125,2.898596697000939,25.108464789431974,3.0,3.0,1955610.25,0.0,0.0,,1955610.25,,96146.65625,0.0,0.0,,96146.65625,,2.898596697000939,0.0,0.0,,2.898596697000939,,25.108464789431974,0.0,0.0,,25.108464789431974,,1
006_S_6657,1719100.5,1249426.0,755365.4375,2004791.4375,3723892.0,0.5383591783811131,3474835.0,90748.1328125,30066.40625,3.0182567232983404,25.56909852030937,3.0,3.0,1896065.25,-108726.1875,-5.423316633653569,-36266.885830479456,1950428.34375,54363.09375,73503.71875,-17244.4140625,-19.002500137528656,-5752.075101669521,82125.92578125,8622.20703125,2.965002652979165,-0.053254070319175284,-1.7643983001213832,-0.01776351523660162,2.9916296881387527,0.026627035159587642,25.369975417682667,-0.19912310262670374,-0.7787646579269955,-0.06641982943781145,25.469536968996017,0.09956155131335187,2
006_S_6681,2023590.75,1413630.0,589572.375,2003202.375,4026793.0,0.4974684258664401,3773945.0,85539.78125,28336.484375,3.018715381730599,28.20682111700908,3.0,3.0,1937183.375,-66019.0,-3.2956730095729845,-26411.215498357065,1970192.875,33009.5,76101.0703125,-9438.7109375,-11.034293985291201,-3776.001281404025,80820.42578125,4719.35546875,2.9456052862248026,-0.07311009550579639,-2.4218942914678863,-0.029248042041064768,2.982160333977701,0.036555047752898195,27.18696838629641,-1.019852730712671,-3.61562448487925,-0.4079969440227854,27.696894751652746,0.5099263653563355,2
006_S_6682,1852869.75,1443906.5,549789.6875,1993696.1875,3846566.0,0.5183054671361417,3600943.0,84661.609375,27547.1015625,3.073340009287108,24.30080034688452,3.0,3.0,1887379.3125,-106316.875,-5.332651768438013,-42532.57239184009,1940537.75,53158.4375,77430.0390625,-7231.5703125,-8.541734991675499,-2893.0241584234664,81045.82421875,3615.78515625,3.123427863664364,0.05008785437725605,1.629753109838128,0.02003788478783436,3.098383936475736,0.025043927188628023,26.21123171474545,1.9104313678609266,7.86159855062491,0.7642771709870794,25.256016030814983,0.9552156839304633,2
006_S_6770,1201470.0,1032225.3125,722307.75,1754533.0625,2956003.0,0.5935491481233274,2836245.0,67612.4296875,22959.87890625,2.944807764911606,29.163829449994715,3.0,3.0,1754533.0625,0.0,0.0,,1754533.0625,,67612.4296875,0.0,0.0,,67612.4296875,,2.944807764911606,0.0,0.0,,2.944807764911606,,29.163829449994715,0.0,0.0,,29.163829449994715,,1
007_S_0041,1190701.75,615125.8125,335204.5,950330.3125,2141032.0,0.4438655342376947,2035188.6620365083,585.592529296875,221.18069458007807,2.647575222426508,8.938283435794961,1.5,1.5,637806.3125,-312524.0,-32.885828841748115,-312738.05753424653,794068.3125,156262.0,821.6549072265625,236.0623779296875,40.311712687511445,236.2240644899133,703.6237182617188,118.03118896484375,2.5487839894642,-0.09879123296230796,-3.731385311566921,-0.09885889819036434,2.5981796059453544,0.04939561648115398,9.80948934034129,0.8712059045463292,9.746903986703181,0.8718026209193062,9.373886388068126,0.4356029522731646,2
007_S_0101,1479354.25,734052.125,396587.65625,1130639.78125,2609994.0,0.4331963143401862,2569351.046667248,711.2879638671875,273.5085754394531,2.600605703582557,8.735146105100936,1.5,1.5,1139099.125,8459.34375,0.7481908818604996,20005.211562809025,1174349.2109375,47512.82320783919,829.4779663085938,118.19000244140625,16.616336623892995,84.59969151818296,816.2924652099609,66.5480256893108,2.5204224425941706,-0.08018326098838635,-3.0832532927974063,-0.045356416032877045,2.5529004792540446,0.02976294985118932,8.29068269054695,-0.4444634145539865,-5.088219581060467,-0.2782363660600437,8.457193787199806,0.16791547494913703,4
007_S_0128,1818962.0,347177.09375,210985.828125,558162.921875,2377125.0,0.2348058776357995,2185994.596964121,748.60595703125,312.1180419921875,2.398470623019984,9.024405568455933,1.5,1.5,618311.203125,60148.28125,10.776115519810565,60144.03140608345,596498.0729166666,27192.97475017032,848.002197265625,99.396240234375,13.277511259535139,99.4446235750427,801.8508097330729,40.88717059798538,2.407835645701068,0.009365022681083968,0.3904580940537931,0.009404701363093607,2.397082266473408,0.009398305633209552,9.725997620699252,0.7015920522433188,7.774385214863083,0.7005371576985335,9.654907396234421,0.48837407683333256,3
007_S_0249,1328220.125,646217.0,310852.875,957069.875,2285290.0,0.4187958092845985,2185610.876474529,575.2972412109375,238.58807373046875,2.411257318123912,8.77154810314743,1.5,1.5,728865.5,-228204.375,-23.84406624437949,-457976.0877403846,842967.6875,114102.1875,772.8450927734375,197.5478515625,34.33839716433951,396.4524878197974,674.0711669921875,98.77392578125,2.358102574403625,-0.05315474372028728,-2.204440949572505,-0.10667456122986224,2.3846799462637684,0.02657737186014364,9.445867376176116,0.6743192730286864,7.687574246862142,1.3532698597457566,9.108707739661773,0.3371596365143432,2
007_S_0293,2254764.5,485501.5625,287411.875,772913.4375,3027678.0,0.2552825754588169,2814818.779027462,878.8025512695312,381.20013427734375,2.305357396135641,8.101349641437098,1.5,1.5,723556.5625,-49356.875,-6.3858218275575,-98511.46772540984,748235.0,24678.4375,908.29638671875,29.49383544921875,3.3561390333484487,58.866794523645616,893.5494689941406,14.746917724609375,2.279084260972076,-0.026273135163564998,-1.139655621623154,-0.05243859354367276,2.292220828553859,0.013136567581782499,7.417177315375589,-0.6841723260615087,-8.445164773065434,-1.3655406671801422,7.759263478406344,0.34208616303075434,2
007_S_0414,1280715.5,628751.625,299755.9375,928507.5625,2209223.0,0.4202869345919357,2035252.9982194304,739.4942016601562,276.101806640625,2.678338863404633,9.818640002894249,1.5,1.5,928507.5625,0.0,0.0,,928507.5625,,739.4942016601562,0.0,0.0,,739.4942016601562,,2.678338863404633,0.0,0.0,,2.678338863404633,,9.818640002894249,0.0,0.0,,9.818640002894249,,1
007_S_0698,1615465.75,763634.75,421377.5,1185012.25,2800478.0,0.4231464235748325,2596746.872676909,828.6835327148438,328.82861328125,2.520107730059232,10.107519778212046,1.5,1.5,1108153.75,-76858.5,-6.485882318938054,-18998.507356329425,1155942.03125,28141.518156994814,692.1810302734375,-136.50250244140625,-16.472211290866547,-49.341650849576546,802.9882080078125,104.28527444024388,2.3809533625161694,-0.13915436754306265,-5.521762656542941,-0.036873909349788896,2.5351446918200615,0.09264374105200163,9.404947554689578,-0.7025722235224681,-6.950985394428271,-0.09705877236890371,9.248072200763547,0.5034839354450402,5
007_S_2058,2060921.375,395959.03125,235646.65625,631605.6875,2692527.0,0.2345772902184453,2452720.954248424,1839.5078125,879.2479248046875,2.092137790164797,21.420147527828696,3.0,3.0,678792.59375,47186.90625,7.470943847382629,51925.77700703544,665280.3125,23965.82441006979,1867.099609375,27.591796875,1.4999554058702864,87.39283256020813,1793.095947265625,85.88849838716423,2.079031658331242,-0.013106131833554802,-0.6264468762605945,0.019544819480949206,2.043413916094704,0.0598780641739022,33.387061839340944,11.966914311512248,55.867562517788606,15.869592626635905,26.829725673130582,4.952425055175089,3
007_S_2106,1993958.5,556788.4375,325448.0625,882236.5,2876195.0,0.3067373735090979,2703769.057794217,1509.528076171875,667.9519653320312,2.25993507356711,22.43421323493344,3.0,3.0,958213.8125,75977.3125,8.611898566880877,116384.88429281382,898465.5416666666,43692.718570537596,1478.942626953125,-30.58544921875,-2.0261596787463487,-31.396317226448502,1485.08056640625,17.986989737946143,2.325548867620209,0.06561379405309875,2.903348632469034,0.08491058838172925,2.2920310471856604,0.026805580622782477,24.85211040896211,2.417897174028667,10.777722172416716,3.7861799718201152,22.855229182096654,1.4886392490844798,3
007_S_2394,2080207.5,497181.8125,277072.78125,774254.59375,2854462.0,0.2712436156971086,2734428.649162387,1511.6641845703125,637.506591796875,2.3712134143402737,26.16377359229313,3.0,3.0,1757007.6875,982753.09375,126.92893289662837,78060.13978201828,1277357.3880208333,452308.2331743221,235.2553100585937,-1276.4088745117188,-84.43732990039288,-103.1919224160894,806.071891784668,568.7040017447803,2.780602559091092,0.40938914475081845,17.264964101289888,0.034530110395669875,2.5057155087464795,0.18768929899434805,15.561000009784411,-10.602773582508718,-40.52463435791196,-0.6028920679930362,20.00445424754294,3.6289286926878814,12
007_S_4272,1623464.875,440843.8125,291896.3125,732740.125,2356205.0,0.310983180580637,2267741.955590585,1455.818359375,715.2833862304688,2.035302909818492,17.436626232886724,3.0,3.0,1134244.6875,401504.5625,54.79494691245412,69754.45040141222,1023200.3875,288379.9702884539,436.0951232910156,-1019.7232360839844,-70.04467483991365,-130.11500358836938,960.8880401611328,511.0967124940578,2.198548650925229,0.16324574110673717,8.020709856956644,0.03269427917698016,2.158348050773067,0.13693060346452715,15.521839783997534,-1.9147864488891901,-10.981404448974,-0.46281346687613806,15.28727856131386,2.1553736499904015,10
007_S_4467,1371662.0,349328.3125,219400.59375,568728.90625,1940391.0,0.2931001567467587,2074424.9416448283,1488.3839111328125,729.5204467773438,2.0402223346412365,25.24792341902101,3.0,3.0,503652.546875,-65076.359375,-11.442421628274674,-30970.733475927198,531884.42578125,23568.058930088016,1572.9693603515625,84.58544921875,5.6830397443877105,35.31911993695611,1549.3908081054688,35.62262338707316,2.0064776470191616,-0.03374468762207483,-1.6539710917344055,-0.013641609236046709,2.021907903701351,0.013234546657337256,25.915247439187496,0.6673240201664861,2.64308477608794,0.2600636580357078,25.38628126559021,0.4812609507621915,4
007_S_4611,1673024.5,307993.0625,162459.53125,470452.59375,2143477.0,0.2194810551967667,2267740.137518124,1314.27001953125,644.7940673828125,2.038278706296925,23.353979457617186,3.0,3.0,502200.25,31747.65625,6.74832207788205,2410.809875954949,513032.815625,24873.66441660738,1640.95166015625,326.681640625,24.85650861468444,61.26268386449579,1533.8003662109375,153.56188824340413,1.971401593386425,-0.06687711291049991,-3.281058311794856,-0.0135915170623099,2.008376499706632,0.02227443185666748,20.42856235468181,-2.925417102935377,-12.526418070395351,-0.4617368523791336,21.23924715854824,1.124098410346155,5
007_S_6341,2016138.25,1053280.5,589497.375,1642777.875,3658916.0,0.4489793903440254,3308784.0,378.9266662597656,153.76722717285156,2.464287551791008,16.951363794981194,3.0,3.0,1108838.875,-533939.0,-32.50220301390412,-267152.35582191776,1418875.7083333333,226328.8161526401,391.7728271484375,12.846160888671875,3.3901443293688507,6.427479814503291,392.71559651692706,11.662566692620054,2.357849227300377,-0.10643832449063106,-4.319233135486695,-0.05325561372630548,2.408393722666067,0.04361758635263319,15.314969594423404,-1.63639420055779,-9.653466354384294,-0.8187575092516889,16.56060056025059,0.9009423300661212,3
007_S_6421,2476766.0,720346.125,426903.9375,1147250.0625,3624016.0,0.3165687078920181,3331467.0,465.8301086425781,206.9652557373047,2.2507647707936,14.844652898229407,3.0,3.0,1147250.0625,0.0,0.0,,1147250.0625,,465.8301086425781,0.0,0.0,,465.8301086425781,,2.2507647707936,0.0,0.0,,2.2507647707936,,14.844652898229407,0.0,0.0,,14.844652898229407,,1
009_S_1030,1747550.875,864706.0,927914.1875,1792620.1875,3540171.0,0.5063654234498842,3466507.473255694,482.245849609375,151.06703186035156,3.192263993529082,10.669848027029,1.5,1.5,1295260.3125,-497359.875,-27.744855182827177,-164883.7958088094,1607923.40625,191131.72965338317,494.1210632324219,11.875213623046875,2.46248124948425,1.7584287906481155,495.8252716064453,8.743579187471664,3.1625776959261263,-0.029686297602955936,-0.9299449438746893,-0.021335036237857274,3.1680016383763276,0.05615980935348722,11.182243364889269,0.5123953378602693,4.8022740020501,0.1609253768220828,10.76683162098371,0.24834284201281642,4
009_S_2208,1949531.625,1027268.75,541089.625,1568358.375,3517890.0,0.4458235973836589,3208337.125790189,328.44586181640625,123.76445770263672,2.6537979098308693,16.281763744308044,3.0,3.0,1463794.625,-104563.75,-6.667082706782498,-16894.70599233975,1512338.0364583333,37713.722907164236,304.05133056640625,-24.39453125,-7.427260954085635,-12.19683068833813,311.09637451171875,22.23041085914119,2.561454691500264,-0.09234321833060521,-3.4796627877550175,-0.00890978507997923,2.6060749483016425,0.05216123314461944,15.740864281399531,-0.5408994629085129,-3.322118361394394,-0.6333457511766765,16.722602692762404,1.3051611694213126,6
009_S_2381,2067052.0,1008805.0,703668.9375,1712473.9375,3779526.0,0.4530922495307612,3475954.285168648,308.5195007324219,122.19855499267578,2.5247393328519663,14.206103296386791,3.0,3.0,1622948.0,-89525.9375,-5.227871533665311,-37510.04282314207,1618686.734375,68822.52405141338,326.0896301269531,17.57012939453125,5.694981792988759,9.265143238817833,319.354736328125,7.652700347153215,2.452994678891331,-0.07174465396063523,-2.8416657920717654,-0.04393125205148227,2.510252719195336,0.03317817330398902,15.750646415169449,1.5445431187826575,10.872391158633203,0.6447441719399493,15.057062265086236,0.5831082082359083,4
009_S_4324,1503878.5,661031.75,476425.6875,1137457.4375,2641336.0,0.4306371614592009,2499889.092558122,304.78045654296875,123.30770111083984,2.4717065627336496,19.52575855775536,3.0,3.0,1157382.875,19925.4375,1.7517523595251008,85345.49182463733,1059480.9375,132374.29135798724,315.6263732910156,10.845916748046875,3.5585998101941256,5.5430590346277375,302.72837829589844,11.096506876190732,2.5148802231227734,0.043173660389123736,1.7467146400005782,0.05681919881158255,2.446036687974381,0.06422956944758362,16.365164621696497,-3.160593936058863,-16.186792060908274,-1.2853469413730942,17.828498477661793,1.2376394665781583,4
009_S_4359,2063007.25,865223.625,562315.0,1427538.625,3490546.0,0.4089728727253559,3342947.2741806647,297.387451171875,118.66370391845705,2.5061365762701646,16.41713464462211,3.0,3.0,1471169.875,43631.25,3.056397160532171,30851.21443159152,1413816.05,94855.26788632546,283.8358154296875,-13.5516357421875,-4.556895621784436,-3.2589122954978915,292.4123901367187,7.254367639019726,2.511513415476599,0.00537683920643417,0.2145469348057805,-0.005422231983045047,2.54927178801332,0.0338828023180445,14.507407398151036,-1.909727246471073,-11.63252472377485,-0.6101465684903716,15.707328883942527,0.9368703827311456,5
009_S_4530,1931963.625,908104.125,765989.25,1674093.375,3606057.0,0.4642448455473665,3297428.9916092413,339.8319396972656,139.4081268310547,2.4376766619310724,14.080652237348598,3.0,3.0,1674093.375,0.0,0.0,,1674093.375,,339.8319396972656,0.0,0.0,,339.8319396972656,,2.4376766619310724,0.0,0.0,,2.4376766619310724,,14.080652237348598,0.0,0.0,,14.080652237348598,,1
009_S_4543,1628274.25,808870.5,459677.21875,1268547.71875,2896822.0,0.4379101369535305,2628271.022853325,310.70050048828125,123.87046813964844,2.508269344955861,19.38972994187924,3.0,3.0,1235666.875,-32880.84375,-2.5920068487766534,29612.040301811183,1185018.8375,131835.24877442824,278.7547912597656,-31.945709228515625,-10.281833849096271,-8.313539369880584,305.1763061523437,15.715811311957095,2.4422525251343803,-0.06601681982148078,-2.6319669358572213,-0.04727610449155241,2.527276209507588,0.1154665096335173,16.3645532935757,-3.025176648303539,-15.60195349482181,-1.6290923718507069,19.790163949139934,4.537423379039828,5
009_S_4741,1912376.0,886240.5,571697.4375,1457937.9375,3370314.0,0.4325822275016512,3283589.3294403213,264.5968017578125,98.02181243896484,2.699366523376644,11.69610939149172,3.0,3.0,1457937.9375,0.0,0.0,,1457937.9375,,264.5968017578125,0.0,0.0,,264.5968017578125,,2.699366523376644,0.0,0.0,,2.699366523376644,,11.69610939149172,0.0,0.0,,11.69610939149172,,1
009_S_4814,1750950.375,823032.75,625410.875,1448443.625,3199394.0,0.4527243674895933,2963053.249519144,273.9181213378906,109.13544464111328,2.509891444789233,15.33767857092088,3.0,3.0,1388854.25,-59589.375,-4.114027910475286,-35739.178438393275,1371337.2604166667,71194.13725176852,290.4271240234375,16.509002685546875,6.026984488982479,19.02943877908733,284.6999816894531,7.628867242073368,2.567653751083433,0.057762306294200094,2.3013866362276336,0.0790842813469549,2.533122958692118,0.024898142874193004,16.34573976099682,1.0080611900759404,6.572449575173331,0.553956169081182,16.700762575714553,1.2826964107361316,3
009_S_4903,1184406.25,468410.59375,517531.0,985941.59375,2170348.0,0.4542781128878871,2122870.425347623,301.0823974609375,117.4740753173828,2.562968842993881,20.05028229276841,3.0,3.0,782862.71875,-203078.875,-20.597454888539133,-257938.91911335217,880963.84375,83049.07523610914,376.2437133789063,75.1613159179688,24.963703142997677,101.94608510316142,332.42408243815106,31.92783742788287,2.5321396878102216,-0.030829155183659473,-1.2028689021301955,-0.0480377130306227,2.5573253295550966,0.018691001157122283,16.940757015985536,-3.1095252767828754,-15.50863589538785,-4.14036813147715,18.664061318036037,1.2916412657041683,3
009_S_4958,1818916.75,821270.75,452753.40625,1274024.15625,3092941.0,0.4119135011789749,2986506.157954526,330.0748291015625,126.9227523803711,2.6005961918614457,19.152348443817715,3.0,3.0,1274024.15625,0.0,0.0,,1274024.15625,,330.0748291015625,0.0,0.0,,330.0748291015625,,2.6005961918614457,0.0,0.0,,2.6005961918614457,,19.152348443817715,0.0,0.0,,19.152348443817715,,1
009_S_5000,2367521.5,576562.4375,563187.125,1139749.5625,3507271.0,0.3249676350929255,3257403.695492819,263.89178466796875,113.37368774414062,2.3276281083480863,15.332199886734625,3.0,3.0,1088114.59375,-51634.96875,-4.530378466365939,-22463.60725558467,1099009.3828125,25241.706325868585,313.8472595214844,49.955474853515625,18.930288002853178,24.64560709986676,287.6254577636719,17.71274686938362,2.215497321826997,-0.11213078652108921,-4.8173841052584745,-0.04836923445936381,2.24919258215443,0.04619968523124481,14.945326787611108,-0.3868730991235161,-2.5232719504148755,-0.19934161783085688,14.890645786528125,0.40579280930926476,4
010_S_0161,1710097.75,1058418.0,528811.125,1587229.125,3297327.0,0.4813684311565095,3130385.7499346137,918.8038940429688,311.4190368652344,2.950378051198585,24.41362060298607,1.5,1.5,1503370.4622725355,-83858.66272746446,-5.283336942765869,-168293.27780882633,1545299.7936362678,41929.33136373223,602482.75,601563.946105957,65472.50724623336,1207259.5127208834,301700.7769470215,300781.9730529785,3.0306454500587074,0.08026739886012235,2.7205801245543393,0.16108608480032796,2.990511750628646,0.040133699430061176,24.54237073354927,0.12875013056319773,0.5273700802389387,0.2583845340011427,24.47799566826767,0.06437506528159886,2
010_S_0422,1942253.5638715588,1050505.9669374826,669203.4164381971,1719709.3833756796,3661962.8847472407,0.4696140942712965,3596836.441464636,665813.5625,223862.234375,2.974211190002225,14.755679738703009,1.5,1.5,1875077.875,155368.4916243204,9.034578349473326,53080.23583269229,1837674.7936622754,85254.75033354921,892654.125,226840.5625,34.06968185632295,129819.4547041868,725021.3333333334,120225.20272627444,2.920321797420332,-0.05388939258189307,-1.811888569414358,-0.023739564961139544,2.944806055112237,0.022273720427300393,20.753027935437263,5.997348196734254,40.644336980313234,3.0320486016271433,17.185547416955107,2.577164925379582,3
010_S_6748,1519768.875,638043.375,501104.71875,1139148.09375,2658917.0,0.428425593484114,2476257.0,2153.2568359375,999.2755126953124,2.1548179720473426,13.774821213152542,3.0,3.0,999838.9800780612,-139309.11367193877,-12.22923642994849,-69702.26543654196,1069493.5369140306,69654.55683596939,425.05279541015625,-1728.2040405273438,-80.26000483007437,-864.6938709624826,1289.1548156738281,864.1020202636719,2.206359704039124,0.05154173199178125,2.3919297435045177,0.02578851727397,2.1805888380432332,0.025770865995890624,16.542420127973607,2.7675989148210647,20.09172294866878,1.384747265258074,15.158620670563074,1.3837994574105323,2
011_S_0168,1533601.4584787276,864634.4765905781,243989.93089412965,1108624.4074847077,2642225.9284634334,0.4195797170643238,2521468.8620915627,380.7622680664063,125.50106048583984,3.033936634148448,7.142344953028188,1.494,1.494,1067272.323748464,-41352.08373624366,-3.730035479740605,-82988.17903660986,1087948.3656165858,20676.04186812183,366.6726684570313,-14.089599609375,-3.7003665517922912,-28.275968446836366,373.7174682617188,7.0447998046875,3.035352033376533,0.0014153992280849792,0.04665223433324102,0.0028405196047144978,3.0346443337624907,0.0007076996140424896,6.99426255215323,-0.1480824008749586,-2.0733022816571625,-0.297181851206476,7.068303752590709,0.0740412004374793,2
011_S_0241,1468070.1882418348,568653.1635781355,332157.611026932,900810.7746050674,2368880.900346905,0.3802684949138432,2269582.123854,399.5268249511719,162.7353973388672,2.45507018773647,7.099638247242209,1.494,1.494,873745.2466148147,-27065.52799025271,-3.004574185085514,-54316.94559582309,887278.0106099411,13532.763995126355,386.5545349121094,-12.9722900390625,-3.246913405788937,-26.033675476744932,393.0406799316406,6.48614501953125,2.4619826659554915,0.006912478219021523,0.28155929119870504,0.013872432249986874,2.4585264268459808,0.0034562391095107614,6.939344932096818,-0.1602933151453909,-2.257767361705442,-0.3216875459167804,7.019491589669514,0.08014665757269546,2
011_S_0326,1780591.9663906824,372672.6179656695,249964.46403183028,622637.0819974998,2403228.954638184,0.2590835470735415,2376253.5726007367,437.43157958984375,173.87538146972656,2.515776376026117,7.627697139840948,1.494,1.5,640953.202851344,18316.120853844215,2.9417009335653033,18200.507261922703,655159.8241162812,33878.16526386754,436.63677978515625,-0.7947998046875,-0.18169694228129146,-0.8001344685921059,437.9081726074219,1.277893463113812,2.534467923708042,0.018691547681924714,0.7429733365828645,0.01858533576996994,2.546818920002915,0.03161848606610036,7.456546529550021,-0.17115061029092704,-2.2438044819185867,-0.17120969201293032,7.531595810222076,0.07144006543662337,3
011_S_0362,1146821.2267790977,570986.7384386274,270578.9320213021,841565.6704599296,1988386.9597390257,0.4232403890691299,1957391.1830329143,416.1789855957031,165.55860900878906,2.513786420250866,8.226867160327473,1.5,1.5,814468.9571453573,-27096.71331457235,-3.2197978441496486,-17020.468010189477,860279.1407367948,35926.434363129774,420.50494384765625,4.325958251953125,1.0394465846854593,1.5625579000348688,416.08527221679685,5.986929389647266,2.4486902868230263,-0.06509613342783993,-2.5895650045457557,-0.037358177569845656,2.4796020462253834,0.04542979810568669,8.53131547844421,0.3044483181167372,3.70065922037592,0.18321755144660337,8.216081436861856,0.22074190114918704,5
011_S_0856,1986202.293092574,407312.91508704645,270604.8808710338,677917.7959580803,2664120.057800654,0.2544621793500293,2561597.099540924,447.8476257324219,172.86798095703125,2.590691582457072,7.072260633960007,1.494,1.494,1055129.5075172589,377211.71155917854,55.64269205030632,757014.1628955492,866523.6517376696,188605.85577958927,448.6021118164063,0.7544860839844318,0.1684693723117378,1.5141540778863392,448.22486877441406,0.3772430419922159,2.618483620967852,0.02779203851078016,1.0727652299090558,0.055774956406936554,2.604587601712462,0.01389601925539008,7.121387579034037,0.049126945074029926,0.6946427403725649,0.09859130048510677,7.0968241064970226,0.024563472537014963,2
011_S_0861,1656719.6675179843,400802.4165361765,249380.8814001005,650183.297936277,2306903.059204264,0.2818424880673352,2254656.3386186934,385.64984130859375,152.69573974609375,2.525609682524556,7.108265867850693,1.494,1.494,573531.5892562135,-76651.70868006349,-11.789246036211768,-153829.87140325928,611857.4435962453,38325.85434003174,384.7300109863281,-0.919830322265625,-0.23851437852131374,-1.8459781604808765,385.18992614746094,0.4599151611328125,2.508870401860281,-0.016739280664275213,-0.6627817742424441,-0.03359352891553034,2.5172400421924186,0.008369640332137607,7.074285836722257,-0.033980031128435506,-0.4780354556252685,-0.06819344159154433,7.091275852286476,0.016990015564217753,2
011_S_1080,1199393.9219748415,597367.0233961678,231934.1965838148,829301.2199799826,2028695.079454822,0.4087855431693774,1943232.8242194927,361.5461730957031,132.04847717285156,2.737980612108524,7.257573881987342,1.5,1.5,1079996.25,250695.0300200174,30.229670954308812,32450.195711618835,854841.937302533,110039.76935109176,235.7935943603516,-125.75257873535153,-34.781886268801465,-22.12343795831515,352.82681056431363,49.70670288788787,2.4615206565026906,-0.2764599556058336,-10.097221082691716,-0.07457809147992961,2.566883847608151,0.10668844585180078,12.597866457193293,5.340292575205951,73.58233842386484,1.0361485814597522,7.989446400228682,1.889462441949329,7
011_S_1282,1176717.0799550968,515683.0975394268,272921.9872943929,788605.0848338198,1965322.1335389144,0.4012599621079905,1956009.6931499625,398.02239990234375,159.61431884765625,2.493650947372616,8.00623176551566,1.5,1.5,762882.7422168081,-25722.34261701163,-3.2617520621785,-51621.34967507416,775743.913525314,12861.171308505815,397.4878540039063,-0.5345458984374432,-0.134300456097093,-1.0727631285949237,397.755126953125,0.2672729492187216,2.509558212166197,0.015907264793580733,0.6379106430409234,0.031923782779425064,2.501604579769406,0.007953632396790367,8.067689136967278,0.06145737145161867,0.7676191902953283,0.12333684023463581,8.03696045124147,0.030728685725809335,2
011_S_2274,2100148.0,1151344.75,449113.46875,1600458.21875,3700606.0,0.4324854412358408,3389238.2242786232,290.96319580078125,114.05387878417967,2.551103008081453,15.037400576825885,3.0,3.0,1532527.0625,-67931.15625,-4.244481702437445,-77344.4860680003,1554982.96875,32156.680357026664,267.1059265136719,-23.857269287109375,-8.199411345290605,-40.951638856353746,290.9743245442708,19.493010263086983,2.6372682334845243,0.08616522540307114,3.3775674729759877,0.09035348551596688,2.617769689637488,0.0484749861845729,14.983697536538132,-0.0537030402877523,-0.35712981118900283,-0.5966685152955293,15.622166568630988,0.8652355929271587,3
011_S_4235,2309777.25,1121331.75,827925.8125,1949257.5625,4259035.0,0.4576758731731484,3821393.956067576,257.90252685546875,99.5498046875,2.590688400387831,11.8929876080242,3.0,3.0,1333902.8125,-615354.75,-31.5686732137534,-125820.08943977069,1612633.4669032644,198352.01787829475,320.5915222167969,62.688995361328125,24.307243564333003,15.131285876117689,287.2261047363281,25.878915498098486,2.502837642734738,-0.08785075765309314,-3.3910198401298173,-0.01227117600827969,2.5270666264727684,0.03633602073004493,14.998323342310584,3.1053357342863848,26.110644664181898,0.5313999208974275,14.01095041127204,1.123192035493311,5
011_S_4366,1964066.0,793905.75,420553.3125,1214459.0625,3178525.0,0.3820825894086093,2972022.066080966,324.78106689453125,131.10728454589844,2.477216010858762,14.101983078868342,3.0,3.0,1106358.6875,-108100.375,-8.901113124181574,-150390.38712172434,1173748.2604166667,47994.72456196476,335.1211853027344,10.340118408203125,3.183719576720571,20.41243977565709,321.68919881184894,12.423307118751328,2.387169819910341,-0.09004619094842115,-3.634975333346298,-0.11981955876014862,2.4369832077358393,0.037380207137934204,14.722967583741148,0.6209845048728067,4.403526095583994,1.2883804088511783,13.843862403924698,0.8431557477216753,3
011_S_4547,1805048.0,854136.25,274000.84375,1128137.09375,2933185.0,0.3846116401624855,2798130.6086728466,262.2399597167969,92.95040130615234,2.821289130659732,17.046219142970852,3.0,3.0,1444558.1875,316421.09375,28.04810652029852,47559.56595819926,1209937.390625,107167.16781837083,387.5667419433594,125.3267822265625,47.79087914820753,16.455086051153586,280.994878133138,48.74502170893468,2.6147289565235465,-0.20656017413618555,-7.321481938573357,-0.04582762414105758,2.75954471470263,0.09707808882410887,15.57929490943061,-1.466924233540242,-8.605569488675382,-0.20618759481573937,15.82473970358115,0.6354716170733279,6
011_S_4893,1558911.625,670531.0,466564.3125,1137095.3125,2696007.0,0.4217701632451251,2503898.96381154,265.025146484375,108.8289794921875,2.435244227096296,18.390213744591577,3.0,3.0,1065067.3125,-72028.0,-6.334385447569946,-14171.18141545949,1093247.1,24848.235363640513,279.64483642578125,14.61968994140625,5.516340670060974,0.7307275051944535,277.3325927734375,9.007752772879293,2.475668744729786,0.04042451763349009,1.659977967864477,0.004267871996245206,2.4926116289961344,0.06391226099226474,18.865529172880606,0.4753154282890293,2.5846106787574232,0.378726945338683,18.30551107654846,1.5531441211241521,5
012_S_0634,2120561.5,1073033.125,742244.4375,1815277.5625,3935839.0,0.4612174335637204,3775418.328277767,326.6015319824219,109.9445343017578,2.970602686945916,16.937696823638216,1.5,1.5,1703657.3125,-111620.25,-6.148935694785794,-111523.22553432344,1727880.5,63812.0882717496,308.4487609863281,-18.15277099609375,-5.5580789489593565,-18.165006231150443,317.49729410807294,7.410942404028998,2.978266410643281,0.007663723697364677,0.25798548325032894,0.007696434074661883,2.9694227887589233,0.007747532131500943,14.47603941125366,-2.4616574123845556,-14.533601811487564,-2.466466893809049,16.277626610983628,1.2889879952436063,3
012_S_1292,1681584.4768914315,913382.737448167,366474.8074638521,1279857.544912019,2961441.9593034512,0.4321737729457474,2743548.609710265,1018486.3125,414351.15625,2.4580269588605543,19.82860667175113,3.0,1.5,1492713.0625,212855.51758798095,16.63118824701801,,1386285.3037060094,106427.75879399048,320.8334350585937,-1018165.4790649414,-99.9684989939363,,509403.5729675293,509082.7395324707,3.2785014832976813,0.820474524437127,33.37939486300293,,2.8682642210791176,0.4102372622185635,18.038024986445937,-1.7905816853051917,-9.030295042647388,,18.933315829098532,0.8952908426525958,2
012_S_1321,1655708.0,843908.1875,442237.8125,1286146.0,2941854.0,0.4371889291582791,2736071.637245178,962149.5625,361014.28125,2.6651288119847334,18.028513138371345,3.0,1.5,1511492.6875,225346.6875,17.52108139355874,65503.319792311646,1513914.84375,139983.17588426656,300.4275817871094,-961849.1349182129,-99.96877537614772,-356810.709300421,240756.91120147705,416496.24192447297,3.0428504731357333,0.3777216611509999,14.172735646113438,0.11659283158329992,2.9606755252551205,0.17256065810958113,22.36115460378408,4.332641465412735,24.03216189909345,1.3839971846266352,18.695893245309335,2.444720443157112,4
012_S_4012,1498460.625,695136.9375,613060.5,1308197.4375,2806658.0,0.4661050393386012,2720191.797997244,594744.375,199315.53125,2.983933922595488,31.944030278429743,3.0,3.0,1317893.875,9696.4375,0.7412059695308798,-25301.463368668596,1350723.9719172423,104111.82066690596,612719.6875,17975.3125,3.022359396001013,9114.455727985205,602139.4125,33587.09138648451,2.8794890798048223,-0.10444484279066568,-3.5002398008806233,-0.02634902544936577,2.977044748938728,0.05274486209940603,30.34007090652524,-1.6039593719045016,-5.021155307968693,0.21582974431905352,30.572543305140186,1.9937892358044018,5
012_S_4094,1619195.75,786700.625,783652.4375,1570353.0625,3189549.0,0.4923432944594988,2969456.30446407,547991.25,180928.390625,3.0287742465623406,25.43720624224736,3.0,3.0,1570353.0625,0.0,0.0,,1570353.0625,,547991.25,0.0,0.0,,547991.25,,3.0287742465623406,0.0,0.0,,3.0287742465623406,,25.43720624224736,0.0,0.0,,25.43720624224736,,1
012_S_4128,1728562.0,788668.0,518290.0,1306958.0,3035520.0,0.4305548966898587,2862344.4856875883,552984.125,188834.921875,2.928399681088234,25.95230324290389,3.0,3.0,1234675.09375,-72282.90625,-5.530621967194049,-28357.157249115684,1309643.947942359,55124.02687094433,613318.8125,60334.6875,10.910744951313024,8520.68449082864,585805.8875,42962.96636438396,2.877755942371853,-0.05064373871638095,-1.7293998166794307,-0.008017383840736417,2.8767219386446805,0.03072547070432233,24.86511359392824,-1.0871896489756523,-4.189183668208414,-0.2830299254666944,26.401081245446317,1.28759022898599,5
012_S_4188,1891466.125,1012477.375,751544.5,1764021.875,3655488.0,0.4825680935076247,3432169.8678274844,548894.5625,186109.90625,2.949303309839536,26.122440297847643,3.0,3.0,1640218.0,-123803.875,-7.018273228612883,-20903.2491642041,1693907.775,42898.6925586863,598800.9375,49906.375,9.092160573188407,14398.130671091907,564316.4375,21753.244852313124,2.901106937031148,-0.04819637280838762,-1.634161283025511,-0.014460593128508203,2.9409610738690333,0.026237282500176016,25.20022636741457,-0.9222139304330739,-3.5303513757444005,-0.30057374343866544,25.94991047263335,0.5358906742022506,5
012_S_4849,1854542.0,816276.5,265521.5625,1081798.0625,2936340.0,0.3684171664384914,2717095.323421765,540498.5,182602.96875,2.959965567356309,34.26814074579932,3.0,3.0,980099.640625,-101698.421875,-9.400869293477774,-176741.91846529703,1084365.1927083333,86199.60849559396,604593.8125,64095.3125,11.858555111623808,85622.87478992113,568748.4166666666,26712.303643909294,2.985037859910674,0.02507229255436494,0.8470467640188881,0.026374584005044752,2.9792672951088512,0.0140112869164379,40.69440888116476,6.42626813536544,18.752894074514938,10.004286008842678,35.45502825204927,3.8851216986565302,3
012_S_4987,2287700.0,1127467.25,802967.875,1930435.125,4218135.0,0.4576513376172171,3876134.623017886,550801.75,191828.21875,2.871328074598663,20.621044425029684,3.0,3.0,1964966.375,34531.25,1.78878065120163,61969.1680293934,1927294.875,32117.503121999795,587458.875,36657.125,6.655230307456359,46617.42843170712,569684.0833333334,14985.686275553267,2.919948058550076,0.048619983951413204,1.693292535309084,0.07269835589840289,2.8837761346289827,0.025988356345228933,23.84497524624684,3.223930821217156,15.634178147174593,3.624793533495281,22.832426711333706,1.5655317004357638,3
012_S_6073,1965154.25,1377027.625,648729.125,2025756.75,3990911.0,0.5075925647051512,3730850.0,291.48931884765625,106.90859985351562,2.72652823552569,14.950494565523028,3.0,3.0,1989972.0,-35784.75,-1.7664880050381173,-35809.260102739725,2007864.375,17892.375,284.8167419433594,-6.672576904296875,-2.2891325591879492,-6.6771471624505025,288.1530303955078,3.3362884521484375,2.664273720952933,-0.0622545145727571,-2.283288827220015,-0.06229715465123159,2.6954009782393116,0.03112725728637855,13.966877668299746,-0.9836168972232819,-6.579159591760776,-0.9842906074268594,14.458686116911387,0.49180844861164097,2
012_S_6760,2423060.5,712842.5,404910.125,1117752.625,3540813.0,0.3156768304341404,3247276.946194446,503.1087341308594,233.27365112304688,2.1567319307260653,15.160684349797688,3.0,3.0,1831162.8125,713410.1875,63.82540926709969,294011.88431086723,1396226.75,311553.93040037947,315.302978515625,-187.80575561523438,-37.329058884194566,-68.82278309574781,375.60817464192706,90.20038101778067,2.5950021399204384,0.4382702091943731,20.32103308485024,0.17067976763332204,2.3906239730131795,0.18013605172530592,12.07022828583277,-3.0904560639649183,-20.384673888459126,-1.3343141558670464,14.337721088043665,1.6233153043003876,3
013_S_0240,1687061.7922667044,777522.2020888043,344980.28420367616,1122502.4862924805,2809564.2785591846,0.3995290283474589,2746777.875394817,284.5783996582031,97.7336883544922,2.911773837023609,10.16799806107712,1.494,1.494,1145580.75,23078.26370751951,2.0559654868778803,46315.031973469784,1134041.6181462402,11539.131853759754,301.3594970703125,16.781097412109375,5.896827528816153,33.67744961413708,292.9689483642578,8.390548706054688,2.9997642405874423,0.08799040356383347,3.021883171179824,0.17658513682247348,2.9557690388055256,0.04399520178191674,10.377533555846153,0.20953549476903355,2.0607349992633353,0.4205101069471951,10.272765808461635,0.10476774738451677,2
013_S_0325,1761522.4050917386,789203.8259818127,273431.7859209811,1062635.611902794,2824158.0482445327,0.376266339825888,2820235.4820501995,287.0791320800781,95.02181243896484,3.021191889423128,10.531484182669445,1.494,1.494,1078637.5,16001.888097205898,1.5058678551674298,15969.633740374697,1078510.5268842645,12910.289447408706,303.4516906738281,16.37255859375,5.7031517669431375,16.363327900793735,298.98656209309894,8.507097299050253,2.98865055800827,-0.03254133141485793,-1.0771024352601264,-0.03258867339440409,3.0095052095124992,0.014782271812742604,9.460804960118155,-1.0706792225512896,-10.166460908835564,-1.0713741230553258,9.989622689532213,0.437200262450217,3
013_S_0860,1608733.0,761533.375,439963.625,1201497.0,2810230.0,0.4275440088533678,2697207.1639895434,309.15899658203125,109.08165740966795,2.83419780272272,8.495628317888489,1.494,1.494,1236718.0,35221.0,2.931426378925624,70683.90247252746,1219107.5,17610.5,308.0225524902344,-1.136444091796875,-0.3675921142069481,-2.28069343147697,308.5907745361328,0.5682220458984375,2.866716040908124,0.03251823818540389,1.1473524591037612,0.06525981591878446,2.8504569218154217,0.016259119092701946,8.754020444829562,0.2583921269410734,3.041471651920083,0.5185589250836651,8.624824381359026,0.1291960634705367,2
013_S_1120,1438287.5,650875.25,305993.28125,956868.53125,2395156.0,0.3995015486465182,2402622.915244102,318.42205810546875,108.66738891601562,2.9302448356545927,9.69287581694628,1.494,1.5,904133.625,-52734.90625,-5.511196630231955,-52705.5800091238,918589.4010416666,27336.26086491345,313.93170166015625,-4.4903564453125,-1.410190133192717,-4.478294769036052,313.4182637532552,4.31050763462579,3.013496738245134,0.08325190259054116,2.841124454091679,0.08329740623832406,2.973933410951821,0.03411239339357078,7.242587902252674,-2.4502879146936065,-25.279266555852402,-2.4553983897908056,9.094799263758999,1.3368166925701948,3
013_S_1186,2138375.5,1012841.9375,359404.5625,1372246.5,3510622.0,0.390884151013695,3371958.487951755,291.90643310546875,95.5938949584961,3.0536095446115668,8.484914767853201,1.494,3.0,1431134.09375,58887.59375,4.2913276696278695,18470.21307975308,1463161.94375,286231.7861955262,230.6057586669922,-61.30067443847656,-21.000110818499163,64729.17374022566,295172.98508758546,463851.78266629134,2.682532941605264,-0.37107660300630263,-12.152064551314641,-0.08600735453854373,2.9114963508700935,0.3044022780680975,14.90794532396606,6.42303055611286,75.69941162459047,1.636194380015632,14.245274250594424,6.871303287318547,10
013_S_1275,1590169.5,722223.5,266701.0,988924.5,2579094.0,0.38343871917813,2498898.0199575424,282.2470397949219,92.60189819335938,3.047961675230547,10.478884491723118,1.494,1.5,985116.15625,-3808.34375,-0.38509954501076676,-3823.8721204800886,989378.34375,3679.364400977741,282.3252868652344,0.0782470703125,0.027722902025599138,0.07648461851847801,282.61732991536456,0.4694284273695701,3.036827001925667,-0.01113467330488005,-0.36531539734789564,-0.011040127501363883,3.0237656957717944,0.026734175828168616,10.539325303654628,0.060440811931510297,0.5767866988060633,0.06179905620541682,10.268916712900579,0.34057242526118087,3
013_S_2324,1686826.5,802281.75,856984.75,1659266.5,3346093.0,0.4958817641948386,3190436.98210374,948706.0625,308097.25,3.079242227890449,25.300971008640936,3.0,3.0,1637553.125,-21713.375,-1.308612872013025,-60083.31279980701,1685717.3125,53500.2575210167,1096420.375,147714.3125,15.570082066382914,194653.9759465718,1016908.9791666666,60831.958734062995,3.06096427026994,-0.01827795762050899,-0.5935862224463904,-0.03143341254448542,3.0793189207919145,0.015017917054613339,27.20516616164413,1.9041951530031938,7.526174202376905,3.1364577207719164,25.453248659227484,1.372497853514406,3
013_S_2389,1642466.375,775097.9375,804418.625,1579516.5625,3221983.0,0.4902311906983991,3044600.870868936,982825.875,326913.0625,3.006383004340776,22.46678595161425,3.0,3.0,1443525.875,-135990.6875,-8.609639856182262,-187919.40789893855,1526827.5416666667,59588.68648420039,963610.375,-19215.5,-1.9551276058945843,-29718.473129161463,979049.9166666666,11382.391142834278,3.0075150980216248,0.001132093680848545,0.037656335843236466,0.0005507257441796381,3.007996549478513,0.0015518090677599055,24.380149831735466,1.9133638801212172,8.516411222512854,1.9932507593731061,23.962373171812118,1.0913285595449187,3
013_S_4268,1601978.25,756161.625,926612.125,1682773.75,3284752.0,0.5122985692679386,3182006.577089522,1131751.875,360649.0625,3.138097371310544,24.82546168451788,3.0,3.0,1175038.25,-507735.5,-30.172535077873658,-305497.02706658316,1521360.34375,207992.454058235,384.8735656738281,-1131367.0014343262,-99.96599311437643,-657866.1698517555,799094.5933914185,463578.54749555583,2.2974403557551746,-0.8406570155553692,-26.788748597826046,-0.4795159319172269,2.8920593405828807,0.34461267877776736,15.417113991984635,-9.408347692533244,-37.897976730884544,-5.670159431975773,23.191012790056934,4.552606752685017,4
013_S_4395,1634744.125,726745.75,568963.0625,1295708.8125,2930453.0,0.4421530775276041,2881371.109230537,897249.5625,302961.21875,2.961598735967055,29.102003778203272,3.0,3.0,1039904.375,-255804.4375,-19.742432484227624,-82521.66406925269,1194786.58125,128890.3838576081,257.1502685546875,-896992.4122314453,-99.97134016228013,-280269.9435924839,534916.9393859863,437297.823508271,2.5791364487056705,-0.3824622872613843,-12.914048166504852,-0.12175668177550035,2.7880401741576732,0.21115625171087077,15.5571188047778,-13.544884973425471,-46.54279161206858,-3.934330101886449,24.636518257387586,6.794501764362368,5
013_S_4595,1882769.75,1058394.25,712969.9375,1771364.1875,3654134.0,0.4847562206257351,3442716.881902981,829014.625,287313.71875,2.885398680591595,27.12823426182408,3.0,3.0,1796311.0625,24946.875,1.4083425179329476,59675.87787210302,1751817.4791666667,46414.47949817822,697827.5,-131187.125,-15.824464496027439,-213957.09213489335,816060.3541666666,91706.7810031756,2.889131290651558,0.0037326100599628376,0.12936202144507594,-0.017258737623627847,2.912827638561288,0.03618315234482665,24.96219246641319,-2.166041795410891,-7.984455510468037,-3.345212877360521,26.697074042580123,1.2774196118841887,3
013_S_4791,1646008.0,714877.5,701533.375,1416410.875,3062419.0,0.462513743220637,2988920.875324309,1116740.0,385676.96875,2.89553198786155,32.361672273748574,3.0,3.0,1416410.875,0.0,0.0,,1416410.875,,1116740.0,0.0,0.0,,1116740.0,,2.89553198786155,0.0,0.0,,2.89553198786155,,32.361672273748574,0.0,0.0,,32.361672273748574,,1
013_S_4917,1751950.125,897818.9375,398274.875,1296093.8125,3048044.0,0.4252214904049941,2866806.121792062,894978.0,294655.5,3.037370760080713,32.22951263012402,3.0,3.0,1516217.0,220123.1875,16.983584473365426,231397.63134957015,1465738.4791666667,123190.86046556238,779674.0625,-115303.9375,-12.883438196246164,-131622.7337289841,818185.1041666666,54300.85800168924,3.018082253280185,-0.019288506800528182,-0.6350395893063652,-0.0041968794497579615,3.0038679358626794,0.034647807319253134,30.531951946557733,-1.6975606835662873,-5.267100073923007,-1.5496873105256583,30.649059254983218,1.2453819633151086,3
013_S_4985,1650942.0,922902.0,848945.875,1771847.875,3422790.0,0.5176618708714236,3150402.610581089,743730.25,247151.578125,3.0092069637558208,24.44550078095331,3.0,3.0,1362958.5,-408889.375,-23.077002307548554,-816102.9738729508,1567403.1875,204444.6875,290.1444702148437,-743440.1055297852,-99.96098794284421,-1483833.3253811696,372010.1972351074,371720.0527648926,2.543694547731384,-0.4655124160244366,-15.469604504816974,-0.9291169942782812,2.7764507557436024,0.2327562080122183,16.190023132706596,-8.255477648246714,-33.770949191104165,-16.477121371705532,20.317761956829955,4.127738824123357,2
013_S_6206,1481703.4172167266,1005303.5063333516,459967.8805514382,1465271.3868847897,2946974.8353515146,0.4972120458266527,2715802.870902335,216.08799743652344,77.27523803710938,2.7963420123844966,10.066825737601157,3.0,3.0,1465271.3868847897,0.0,0.0,,1465271.3868847897,,216.08799743652344,0.0,0.0,,216.08799743652344,,2.7963420123844966,0.0,0.0,,2.7963420123844966,,10.066825737601157,0.0,0.0,,10.066825737601157,,1
014_S_0169,1521415.25,765622.875,381850.8125,1147473.6875,2668889.0,0.4299443279581878,2446730.8691717684,706.7294311523438,268.3736877441406,2.633378236366972,8.904745079696692,1.5,1.5,991451.875,-156021.8125,-13.596983895981493,-35476.60823371834,1093704.1473214286,58052.34980494792,1069.6282958984375,362.89886474609375,51.349052232673564,89.51513135293544,677.3179582868304,178.45662933026014,2.626453440098487,-0.006924796268485078,-0.2629624629251352,0.014073617067014644,2.634044513549765,0.04408718990488104,9.001165467173104,0.09642038747641202,1.0827978410775148,0.05076499235141428,9.17223950327542,0.24852587043893729,7
014_S_0557,1312218.625,789593.0625,394685.3125,1184278.375,2496497.0,0.4743760457152562,2428496.842069924,553.0089721679688,200.928939819336,2.752261420942857,8.304305675056943,1.5,1.5,1235284.375,51006.0,4.306926570368221,22926.310346426148,1202972.0390625,24533.946015062626,809.0697631835938,256.060791015625,46.303189261430305,96.42382478705079,583.4450378417969,133.4527194919611,2.70054795221046,-0.051713468732396795,-1.8789446503479685,-0.01539551370840676,2.7349049285915847,0.028831900652569496,7.995136782338465,-0.30916889271847836,-3.72299509213765,-0.12760711842418238,8.101600347117445,0.12591975968166813,4
014_S_0563,1798495.75,388844.9375,250559.25,639404.1875,2437900.0,0.2622766263997703,2401570.064350962,545.9000854492188,222.39938354492188,2.454593507829397,7.001539809864828,1.5,1.5,737315.96875,97911.78125,15.31297153883591,9004.329578654377,735447.20625,73684.14422096265,841.9694213867188,296.0693359375,54.23507777872316,95.14352346266577,612.5950134277343,120.91286810245956,2.4315859057133724,-0.023007602116024373,-0.9373284025496367,0.014148212669259416,2.4161858939672847,0.053962026519531525,8.87878613950986,1.8772463296450317,26.811906817984283,0.4538410953119044,8.104599833547852,0.7196164223300437,5
014_S_0658,2047701.875,471238.9375,347748.09375,818987.03125,2866689.0,0.2856909247044238,2709809.0851441026,682.240234375,281.7901306152344,2.421093423195364,8.110265849475509,1.5,1.5,850081.4375,31094.40625,3.796690919823402,62402.37298248626,834534.234375,15547.203125,550.6597290039062,-131.58050537109375,-19.28653555468399,-264.06472300435155,616.4499816894531,65.79025268554688,2.431896181736972,0.01080275854160817,0.44619337850047386,0.021679711853419693,2.426494802466168,0.005401379270804085,7.508287446774262,-0.6019784027012465,-7.422425033578603,-1.2080912724540125,7.809276648124886,0.30098920135062324,2
014_S_2185,2321142.25,1000237.4375,635675.375,1635912.8125,3957055.0,0.4134167486931569,3600824.139116169,248.93209838867188,104.63946533203124,2.378950381864392,13.487930809347512,3.0,3.0,1518724.0,-117188.8125,-7.163512114127414,-73499.3491919623,1595253.765625,50531.19762892259,233.60606384277344,-15.326034545898438,-6.156712872748546,-13.879776739822086,251.5242691040039,12.80013649701567,2.4270559548166744,0.04810557295228257,2.022134354672083,0.03065665084816377,2.37720217321354,0.032179156629681946,15.29885090518816,1.8109200958406486,13.426226167957731,1.3714085610273485,13.4028912542609,1.195084190329239,4
014_S_2308,2553563.75,717256.0,613826.25,1331082.25,3884646.0,0.3426521361277192,3379437.671492854,233.25375366210932,100.33747100830078,2.324692350658512,12.625881042760618,3.0,3.0,1481336.7401037065,150254.49010370648,11.28814467353212,-1879.8771067996815,1313720.5615103706,173054.34616091024,263.79296875,30.539215087890682,13.09270037820257,2.230389904677191,273.62427978515626,27.98882216088654,2.399110438906019,0.07441808824750673,3.201201579487558,-0.00808400846687957,2.2833257715361386,0.09579043640523538,12.063546483061204,-0.5623345596994138,-4.45382431368497,-0.2870774693094442,12.284419920461746,2.0950909247206484,10
014_S_4058,1773748.75,774655.125,492954.125,1267609.25,3041358.0,0.4167905422511917,2741866.935792833,247.4712371826172,100.6577377319336,2.4585415915379305,14.964095744709551,3.0,3.0,1193127.0625,-74482.1875,-5.875800251536504,-94362.09344020419,1311433.75,105093.43841219979,271.5882263183594,24.116989135742188,9.74537057732712,10.99557953632422,263.91311264038086,9.973094055967728,2.622492747603841,0.16395115606591038,6.668634634053573,0.08068405750007673,2.519950554041726,0.06455451897356475,15.420773318697805,0.45667757398825337,3.0518220531281246,0.8261841121220596,14.120894578728103,1.153910841917541,4
014_S_4079,2162147.0,726231.1875,672471.875,1398703.0625,3560850.0,0.3928003320836317,3186133.70682355,302.5345458984375,119.50037384033205,2.5316618989912194,11.961142365626266,3.0,3.0,1147546.46875,-251156.59375,-17.956391208659415,-229388.26376342188,1376136.0703125,211895.83199872947,247.69949340820312,-54.835052490234375,-18.125220155400964,-23.090349999134006,270.12188720703125,20.38934092373361,2.4428255076648115,-0.08883639132640786,-3.50901482389122,-0.11081146387922584,2.600700403965403,0.12836438553284488,15.874831842014803,3.9136894763885373,32.720030886310944,2.8060222332756193,12.917481971975597,2.1008019170890075,4
014_S_4263,2626491.5,822731.9375,521355.34375,1344087.28125,3970579.0,0.3385116581863753,3643337.314080354,272.45916748046875,113.2034912109375,2.406808855090641,13.040101821984855,3.0,3.0,1517330.6875,173243.40625,12.889297344506065,60242.37840126719,1461003.6484375,74254.53532530942,251.5390167236328,-20.920150756835938,-7.678270087328077,-5.405666982108851,253.35202026367188,11.758999057035318,2.3712548898425125,-0.03555396524812826,-1.477224299425693,-0.019047855693246997,2.388348508543246,0.013592664265244482,15.574210578699768,2.5341087567149128,19.433197618461477,1.3643344747972446,14.250931952569987,0.937803862029154,4
014_S_4328,2088413.5,572505.9375,671665.625,1244171.5625,3332585.0,0.3733352825209259,2958146.243505436,287.6614685058594,114.08185577392578,2.5215356467761003,16.29563072153269,3.0,3.0,1574572.3125,330400.75,26.55588344553567,196870.04735977305,1315673.53125,149959.44606575032,310.8837280273437,23.222259521484318,8.072773751070281,17.88666419231981,285.5010299682617,16.17053599507447,2.5307240210198705,0.00918837424377017,0.36439596860420875,0.01327923600622187,2.5287696510660194,0.025467385892159165,12.467073687701603,-3.8285570338310855,-23.49437772158223,-1.9942474280430473,14.83221307122874,1.434307507882616,4
014_S_4668,2255959.0,1078486.875,620393.25,1698880.125,3954839.0,0.4295699837591366,3530042.904470209,266.9472961425781,105.94677734375,2.5196358050308367,10.21068364015675,3.0,3.0,1469347.125,-229533.0,-13.510841443271342,-357007.9060322417,1656110.85022288,138376.66190903814,302.14178466796875,35.194488525390625,13.184058813839059,47.34900554328356,282.0722961425781,14.787359032278273,2.366739351361891,-0.15289645366894566,-6.068196576809418,-0.21594708098924661,2.4658054101112543,0.07013810351834757,11.15671003939769,0.9460263992409406,9.265064246240986,1.3789665749924622,10.494116803005529,0.4701512225105617,3
014_S_6765,1326003.75,943205.0,681994.3125,1625199.3125,2951203.0,0.5506904514870715,2644801.0,298.6898803710937,110.20001220703124,2.7104341612913347,9.919514532597333,3.0,3.0,1594602.75,-30596.5625,-1.8826344722564607,-5295.485609711127,1567038.9375,61889.76571887293,301.457763671875,2.767883300781307,0.9266746156054821,1.9447573327101901,294.6895039876302,7.697962352066392,2.8462538079440782,0.1358196466527435,5.010992282802206,0.06293694976719112,2.7194529902198514,0.1000539580017493,9.097140651286743,-0.8223738813105896,-8.290465008223126,-0.33957073049732,9.602630628627784,0.3612514252335623,3
016_S_0354,1871441.25,900246.5,586200.3125,1486446.8125,3357888.0,0.44267313635833,3071599.217176437,323.19744873046875,103.07952880859376,3.135418344753876,5.502344551995113,1.494,1.494,1486446.8125,0.0,0.0,,1486446.8125,,323.19744873046875,0.0,0.0,,323.19744873046875,,3.135418344753876,0.0,0.0,,3.135418344753876,,5.502344551995113,0.0,0.0,,5.502344551995113,,1
016_S_0702,1950122.25,853299.5,376236.1875,1229535.6875,3179658.0,0.3866880298132692,3033324.696171284,280.8924865722656,94.71092224121094,2.965787651091577,6.912531672812573,1.494,1.494,1201210.21875,-28325.46875,-2.303753281663083,-30768.99691276417,1198693.2265625,31060.89509034103,280.04791259765625,-0.844573974609375,-0.3006751746604978,-2.5555970962621917,282.9173812866211,4.3672035423300954,2.956571842802427,-0.00921580828915003,-0.3107372938773311,-0.04357909437588978,3.0030115317935424,0.0790126519081932,7.906753501548764,0.9942218287361912,14.38289002922806,0.9748245829012623,6.871446027619456,0.9247625487395584,4
016_S_0769,1399614.520096164,936297.6384436951,492977.7883283508,1429275.426772046,2828890.040618211,0.5052424824754587,2756067.8590196413,405.2485656738281,145.8505401611328,2.778519451814152,6.800262183186656,3.0,1.494,1256233.1183748303,-173042.30839721556,-12.106995275782765,-24719.767367843815,1293360.7974911833,99750.3810056164,299.8106384277344,-105.43792724609375,-26.018087706436805,-26.95223023599269,331.75563049316406,49.6581470721673,3.1457176260264945,0.36719817421234247,13.21560566986822,0.12820959571667218,2.9765245329576997,0.163128903111652,7.258904995600116,0.4586428124134603,6.744487198558816,-0.3520456531015202,7.313211357426501,0.8939568182196198,4
016_S_10174,1871521.5,1421212.0,762688.3125,2183900.3125,4055422.0,0.5385137015334039,3859445.0,177.68173217773438,58.93230819702149,3.0150139133987075,15.020385307313044,3.0,3.0,2183900.3125,0.0,0.0,,2183900.3125,,177.68173217773438,0.0,0.0,,177.68173217773438,,3.0150139133987075,0.0,0.0,,3.0150139133987075,,15.020385307313044,0.0,0.0,,15.020385307313044,,1
016_S_10189,1443730.5,950348.75,439402.8125,1389751.5625,2833482.0,0.4904748159684797,2715469.0,179.9530792236328,68.11421966552734,2.641931119013848,14.853969812296343,3.0,3.0,1389751.5625,0.0,0.0,,1389751.5625,,179.9530792236328,0.0,0.0,,179.9530792236328,,2.641931119013848,0.0,0.0,,2.641931119013848,,14.853969812296343,0.0,0.0,,14.853969812296343,,1
016_S_1028,1441891.0,629231.125,235902.0,865133.125,2307024.0,0.3749996207234948,2206832.793366909,294.3664245605469,102.84542846679688,2.862221744677352,9.388454123493585,1.494,1.494,796487.53125,-68645.59375,-7.934685630029483,-49377.273554253785,821859.015625,29581.599273457807,289.02960205078125,-5.336822509765625,-1.8129861507584804,-1.3700998194584635,292.63619232177734,3.855609605786296,2.8620754890996016,-0.00014625557775049813,-0.005109861876441897,-0.0024678685809388,2.8449491419649906,0.01770218329194537,9.307620654084554,-0.08083346940903091,-0.8609880641239323,0.3473270283876958,9.690731592947913,0.7769036355305532,4
016_S_1092,1743711.5,758108.125,371375.4375,1129483.5625,2873195.0,0.3931106529490689,2758335.485172272,274.2052001953125,94.13792419433594,2.912802673622244,7.641539958014373,1.494,1.494,1166423.46875,36939.90625,3.270512956225514,22042.380644834146,1206618.1484375,61476.45242158533,278.93585205078125,4.73065185546875,1.725223245984822,0.11320577805296776,292.9505615234375,16.756967073444088,2.8346134312327926,-0.07818924238945124,-2.6843302190538796,-0.055211855814914015,2.827222797399896,0.06868394673228195,8.955187436963985,1.3136474789496129,17.190873648077602,0.9004091533644447,8.442715792122225,0.8214689682794603,4
016_S_1117,1323038.375,583309.25,631794.375,1215103.625,2538142.0,0.4787374484957894,2504968.3056592937,263.13287353515625,85.59712219238281,3.074085479996273,10.467952900895993,1.494,1.494,956650.40625,-258453.21875,-21.270055774049723,-133015.99706393006,1034171.2194448707,103231.573661913,276.3756103515625,13.24273681640625,5.032718503960295,-1.966555261290041,284.0066833496094,16.886501243041177,2.9787564177375034,-0.09532906225876969,-3.101054374678132,0.0053124037673056195,3.013776957802467,0.14807455555129695,10.507802473807091,0.03984957291109836,0.38068162216977003,0.5400254965393956,8.9177197826638,1.892182739922306,5
016_S_1121,1682857.8420633618,884004.7983608607,395051.5841119128,1279056.3824727735,2961914.162036132,0.4318343856371252,2784910.6386116883,310.55474853515625,96.96517944335938,3.202745017491735,5.878996498375051,1.494,3.0,1315163.613444613,36107.23097183951,2.822958508055301,36213.733193576976,1282180.4361391289,25750.190685197267,343.1283874511719,32.573638916015625,10.488855530195874,32.60872646893728,324.4965108235677,13.70543365345214,2.705481212325116,-0.49726380516661894,-15.52617527935635,-0.4971432039181245,2.870229871717705,0.23512694223444058,6.669127702339787,0.7901312039647355,13.439899210403116,0.7906662137300099,6.27482765953403,0.3225715301678573,3
016_S_1138,1399698.5,894337.875,411784.4375,1306122.3125,2705821.0,0.4827083212451969,2611124.760612488,307.1159362792969,106.34806823730467,2.887837442483318,6.435869715526199,3.0,1.494,1109207.46875,-196914.84375,-15.076294299964346,-270022.0375600962,1198906.78125,81338.70485709788,271.0059814453125,-36.109954833984375,-11.757760040542253,-37.40030391399677,283.4300842285156,16.75514760608304,3.1814174366310426,0.2935799941477244,10.166084483455833,0.36472325295631697,3.060259084747767,0.12521514004963036,8.380847230181557,1.944977514655358,30.220896329880663,2.546180578472176,7.535024980066228,0.813989187183246,3
016_S_1326,1674621.056899457,948052.8364462552,432971.01364269655,1381023.8500889516,3055644.87573841,0.4519582301772621,2904013.929741388,311.2349548339844,114.36659240722656,2.721379955121739,6.134542651437384,3.0,1.494,1081040.6875,-299983.16258895164,-21.721794491067605,-261724.8471891981,1255404.4916963172,127225.49589016732,266.0911865234375,-45.143768310546875,-14.504723074767414,-24.494228154012603,282.4094950358073,20.441976083272664,3.1915787649846123,0.47019880986287355,17.277955214520553,0.2027258216605241,3.0565207227193305,0.23846250988561296,6.926894260672483,0.7923516092350988,12.916229526082812,1.0795476642460204,6.207688424578852,0.5597621351197163,3
016_S_2007,1557042.5,262842.78125,141326.625,404169.40625,1961212.0,0.2060814467023453,1891670.436533154,1510.495849609375,793.65185546875,1.9032222218065848,21.87165750466033,3.0,3.0,530699.59375,126530.1875,31.30622593975716,52927.94582447472,468017.45703125,49589.44961763592,1697.627685546875,187.1318359375,12.388768627592961,96.32319050304255,1582.5762023925781,70.21359294665288,1.9783674983872592,0.07514527658067438,3.948318578864882,0.03718365201279715,1.9099953515052515,0.05120147401635311,24.519589844868776,2.6479323402084454,12.10668345389111,1.9688138090460652,22.02572300846586,1.5747101664821628,4
016_S_2031,2220080.5,542170.5,333964.9375,876135.4375,3096216.0,0.2829697403217346,2946430.907149463,1713.1002197265625,780.0033569335938,2.196272877933442,18.707919853188685,3.0,3.0,914013.0,37877.5625,4.323254245722711,-9105.768305724652,916417.7578125,53550.36165445056,1820.5003662109373,107.40014648437477,6.269344037648744,16.82475824955389,1747.1814575195312,118.66569593167594,2.2000251050151904,0.0037522270817484937,0.1708452132450458,0.0030950937950348038,2.19278112808302,0.00605505156003084,19.489428982803663,0.7815091296149781,4.177423977373803,0.02177530410399036,18.994902549305177,1.0613237940442597,4
016_S_2284,2188374.5,491495.46875,327114.875,818610.34375,3006985.0,0.2722362578296865,2716517.664449995,1922.4525146484373,918.8475952148438,2.092243069000675,16.095950704751022,3.0,3.0,785784.25,-32826.09375,-4.009977885159113,-43758.14139484489,802197.296875,16413.046875,1794.859130859375,-127.59338378906227,-6.6370109439293765,-170.0857059450912,1858.6558227539062,63.796691894531136,2.058173857400189,-0.034069211600485705,-1.6283582010745195,-0.04541525378495403,2.0752084632004317,0.017034605800242852,15.340406113300272,-0.7555445914507501,-4.694004133770967,-1.0071630000999507,15.718178409025647,0.3777722957253751,2
016_S_4584,1468227.75,318803.125,219987.046875,538790.171875,2007018.0,0.2684530840655141,1928100.5083486403,1820.343017578125,852.2599487304688,2.1359011627307103,30.67348993739846,3.0,3.0,555133.90625,16343.734375,3.0334136048034237,-8278.292754575617,553862.55078125,35036.62668937573,1835.56787109375,15.224853515625,0.8363727807674899,-67.49176758312142,1896.9980773925781,135.8076620622248,2.1346795476198186,-0.001221615110891694,-0.05719436517979519,-0.010100484031180842,2.1260659269159348,0.0351042593885441,22.88510550588784,-7.788384431510622,-25.39125625224237,-3.8432866616058092,26.90636470477639,2.7565443408806733,4
016_S_4646,1532835.75,677507.625,335677.6875,1013185.3125,2546021.0,0.3979485292933561,2290150.743127453,1532.416259765625,696.2645874023438,2.200910810762219,26.6128245864426,3.0,3.0,407778.71875,-605406.59375,-59.75280003380428,-305494.74514940084,779621.15625,229591.23855142563,1471.1336669921875,-61.2825927734375,-3.9990826502200094,136.08615534109228,1353.8682250976562,303.4796756745082,2.1451983518467257,-0.05571245891549337,-2.5313365104603687,-0.02754744676990618,2.1988383541827794,0.04172321229108916,25.25911430852173,-1.353710277920868,-5.08668395391029,-0.7415253875603788,25.76285213469151,0.6425504706925844,4
016_S_4902,1797426.75,312703.40625,196634.875,509338.28125,2306765.0,0.2208019808042865,2192933.954054596,1683.8109130859375,803.0655517578125,2.0967290992666188,21.28203616786457,3.0,3.0,476939.40625,-32398.875,-6.360973873883546,8061.983926245909,438198.43359375,56167.794731418544,1782.710693359375,98.8997802734375,5.873568077319493,97.85699001321073,1628.6563110351562,111.34643699202275,2.046570802908073,-0.05015829635854585,-2.39221635146333,-0.03868072265919338,2.080222031147852,0.033483489119649074,26.184631147184795,4.902594979320224,23.03630602189766,2.3404013640962953,24.41767007279371,1.9596439233548595,4
016_S_5007,2252827.75,391036.125,220942.15625,611978.28125,2864806.0,0.213619449711429,2654145.73378596,1618.49072265625,759.2687377929688,2.131644093801637,20.06569422165966,3.0,3.0,580037.65625,-31940.625,-5.219241593796348,-23596.793346118062,591632.6953125,27806.0027453867,1709.1304931640625,90.6397705078125,5.600265064173829,28.259319409989292,1642.8218994140625,73.27838462659919,2.0746437430729707,-0.05700035072866649,-2.6740088035526783,-0.04947179090891767,2.1204233830686574,0.04535344076865093,21.12634627506241,1.0606520534027517,5.2858976205161365,0.572309246299413,20.889038808613734,0.6562774978628402,4
016_S_5031,2008187.375,428040.5625,233587.046875,661627.609375,2669815.0,0.2478177736566016,2458631.746016158,1865.119140625,938.818115234375,1.9866671811852583,23.16029175778172,3.0,3.0,661627.609375,0.0,0.0,,661627.609375,,1865.119140625,0.0,0.0,,1865.119140625,,1.9866671811852583,0.0,0.0,,1.9866671811852583,,23.16029175778172,0.0,0.0,,23.16029175778172,,1
016_S_6800,1614885.75,703650.125,460687.125,1164337.25,2779223.0,0.4189434421059411,2654830.24424999,328.3598937988281,121.42784881591795,2.7041563718423305,19.443366187790588,3.0,3.0,1164337.25,0.0,0.0,,1164337.25,,328.3598937988281,0.0,0.0,,328.3598937988281,,2.7041563718423305,0.0,0.0,,2.7041563718423305,,19.443366187790588,0.0,0.0,,19.443366187790588,,1
016_S_6816,1795146.75,792861.1875,385133.0,1177994.1875,2973141.0,0.3962120153400057,2822562.2576579684,279.635498046875,105.79823303222656,2.643101755003745,20.98502473635924,3.0,3.0,1476780.84375,298786.65625,25.364017872117046,57809.003323090285,1308006.1016477214,108681.44882082562,219.61538696289065,-60.02011108398435,-21.46369524012407,-11.736868148124593,255.0627670288086,22.035423287634,2.7492890626190767,0.10618730761533168,4.017526280034619,0.030127606647043087,2.6033612943714597,0.10229392860187976,14.980540046835628,-6.004484689523611,-28.61318852352875,-1.1174154194819692,17.655060680800823,2.333256467915071,4
016_S_6926,1437373.875,697608.875,382909.25,1080518.125,2517892.0,0.4291360094078698,2405432.254235912,298.6693115234375,111.68383026123048,2.6742394861512646,25.888929226663,3.0,3.0,1080518.125,0.0,0.0,,1080518.125,,298.6693115234375,0.0,0.0,,298.6693115234375,,2.6742394861512646,0.0,0.0,,2.6742394861512646,,25.888929226663,0.0,0.0,,25.888929226663,,1
016_S_6939,2326528.0,843114.6875,674551.1875,1517665.875,3844194.0,0.3947942988829387,2783836.7533268407,376.9535217285156,151.02210998535156,2.4960154461427067,8.632934725373518,3.0,3.0,1517665.875,0.0,0.0,,1517665.875,,376.9535217285156,0.0,0.0,,376.9535217285156,,2.4960154461427067,0.0,0.0,,2.4960154461427067,,8.632934725373518,0.0,0.0,,8.632934725373518,,1
018_S_0142,1613925.0,841639.875,516505.09375,1358144.96875,2972070.0,0.4569693744595517,2812736.8311971426,654789.1875,233723.984375,2.8015489691747577,25.479762466002825,1.5,1.5,1049177.0625,-308967.90625,-22.749258242613507,-88034.10610480388,1278690.65625,139677.6193790698,318.3375244140625,-654470.8499755859,-99.95138320386299,-200797.5710074195,440491.101872762,312555.3376644025,2.4948250514777324,-0.30672391769702534,-10.94836895845429,-0.09671655972942046,2.740735936054023,0.156833911525328,7.469777489237572,-18.009984976765253,-70.68348851680089,-5.557331713244775,19.702828140141232,8.442856646835654,6
018_S_0155,1710272.1486401863,958096.0832683736,312979.02720108663,1271075.1104694605,2981347.2591096465,0.4263425223565052,2838472.706519631,552958.3125,174452.359375,3.1696809058810147,18.02693164337445,1.5,1.5,1312800.3125,41725.20203053951,3.28267005520458,54226.190130000716,1318630.5354298651,59708.793181197274,611606.6875,58648.375,10.606292314305339,24209.557630625222,597468.75,32186.645533713057,3.1016676003592325,-0.0680133055217822,-2.14574613474784,-0.03274282584715491,3.163132159578394,0.039183880494029134,15.936545050304508,-2.090386593069942,-11.595909023365243,-0.3882841350984379,17.802134082470438,1.8834430371123692,4
018_S_0406,1947369.762808487,1103940.5072609773,604387.7539752556,1708328.261236233,3655698.02404472,0.467305628090723,3514516.9455080763,700791.9375,248562.921875,2.8193743950660606,22.356985516069194,1.5,1.5,1727781.125,19452.86376376706,1.1387076011778896,38826.00267604327,1718054.6931181164,9726.43188188353,602112.625,-98679.3125,-14.08111412526061,-196954.20158811472,651452.28125,49339.65625,2.8967827054710376,0.07740831040497698,2.7455846424810573,0.15449937363616306,2.858078550268549,0.03870415520248849,21.58283066586325,-0.7741548502059459,-3.462697820551515,-1.5451369346323591,21.96990809096622,0.38707742510297294,2
018_S_0450,1606246.75,1089806.875,292624.3125,1382431.1875,2988678.0,0.4625560824886455,2912234.7422227263,626488.6875,183170.625,3.420246491469796,31.06848647786201,1.5,1.5,1126815.9375,-255615.25,-18.490269339355454,-89134.5549660277,1329024.5625,148192.0272509976,296.5135498046875,-626192.1739501953,-99.95267056601007,-232564.24123237684,405880.2128499349,287159.69422358525,2.620289663071471,-0.7999568283983249,-23.38886481993163,-0.29835247333050374,3.1305026416962174,0.36188184941826074,8.033144654140916,-23.035341823721094,-74.143752834999,-8.514029744592236,23.21322905334498,10.736124716449776,3
018_S_2133,1602723.25,739812.875,767489.0625,1507301.9375,3110025.0,0.4846591064380511,3012462.0337176137,890117.4375,305034.875,2.918084161678503,27.417719370628465,3.0,3.0,1613269.0625,105967.125,7.030252026064286,25198.474531699223,1546817.8125,44719.55049252962,751833.1875,-138284.25,-15.535506234816346,-21090.200872683126,861802.9791666666,67686.50882110992,2.9251367723279795,0.007052610649476598,0.24168633455108735,-0.00028323626009609784,2.913964245417065,0.01521175551063903,27.076005255843448,-0.3417141147850167,-1.2463258164028104,-0.393390631486463,26.751668236478945,1.6961912094661307,6
018_S_2138,1753405.75,843393.125,668014.0625,1511407.1875,3264813.0,0.4629383635448646,3037739.729297161,903409.4375,312810.4375,2.8880412198429664,22.00003291302288,3.0,3.0,1511407.1875,0.0,0.0,,1511407.1875,,903409.4375,0.0,0.0,,903409.4375,,2.8880412198429664,0.0,0.0,,2.8880412198429664,,22.00003291302288,0.0,0.0,,22.00003291302288,,1
018_S_2155,1723740.75,790660.125,190434.0625,981094.1875,2704835.0,0.3627186824704649,2506985.202149512,820448.0,276199.65625,2.9704888526523265,40.58795822558066,3.0,3.0,1329964.5625,348870.375,35.55931524668217,43120.74479492185,1153962.8306037143,189339.68275637773,70280.2421875,-750167.7578125,-91.43391876298071,-78668.11365383228,461415.3736979167,339505.2157412906,2.9372222590583386,-0.03326659359398798,-1.119902993888851,-0.0010470506930750027,2.966399175420397,0.04996096964380661,38.83689890741648,-1.7510593181641738,-4.314233567582034,-0.5000622680647078,39.21540442826262,3.126779546990779,12
018_S_2180,1541570.25,718094.8125,704592.0625,1422686.875,2964257.0,0.4799472093681485,2835964.7481995635,829237.5,287108.53125,2.888237059298849,31.31343757466828,3.0,3.0,1763199.9375,340513.0625,23.934505089182046,32506.477474165997,1524037.3181818181,136529.65319720906,61158.06640625,-768079.43359375,-92.6247828389032,-92038.97512747433,611388.9982244318,357665.1933521606,2.9516249336737173,0.06338787437486815,2.194690846819071,0.007317060528507099,2.91084364931593,0.03369829648337609,31.734925150946427,0.42148757627814604,1.346027804430894,-0.018501531763253608,31.215979500925734,1.7675981725936423,11
018_S_4597,1423912.75,692663.625,705459.6875,1398123.3125,2822036.0,0.4954307147392875,2687659.1878610663,778763.3125,268366.75,2.901862143865058,27.475698595934794,3.0,3.0,1327263.625,-70859.6875,-5.068200127018482,-94458.0323334854,1362693.46875,35429.84375,798069.375,19306.0625,2.4790667703674085,25735.544993156935,788416.34375,9653.03125,2.970991723094617,0.06912957922955876,2.3822489078507174,0.09215174749487715,2.9364269334798374,0.03456478961477938,27.36980935154247,-0.10588924439232272,-0.3853923641744626,-0.14115345443173677,27.422753973738633,0.05294462219616136,2
018_S_4809,2093728.25,1113866.5,926189.25,2040055.75,4133784.0,0.4935080667011145,3868613.294819556,788336.9375,267181.84375,2.950563280919232,20.2808728595476,3.0,3.0,1660134.7661193393,-379920.98388066073,-18.62306870195389,-67884.5946893602,1898230.0907238678,159002.20770362508,1202150.625,413813.6875,52.49198252872681,101782.76654705919,896325.625,154397.50110669597,2.779670569662874,-0.17089271125635808,-5.791867348227738,-0.040325159239387,2.8770843565320727,0.056749538293071285,18.285928054485304,-1.9949448050622962,-9.836582571558989,-0.14044618391865762,18.842894999769396,1.0455712358401843,5
018_S_4868,1767596.75,888030.4375,925542.75,1813573.1875,3581170.0,0.5064191835349899,3398061.789420806,870121.0,289312.8125,3.007543953819855,21.52854992098392,3.0,3.0,1965640.625,152067.4375,8.384962820807033,-424.77862873762916,1770713.3497344418,155411.9825564095,418015.1875,-452105.8125,-51.95895886893892,-66466.18494323657,792322.9955357143,259567.21681398796,2.9399445395538333,-0.0675994142660219,-2.2476617234526026,-0.014888698991578152,2.9665854417497823,0.040879964324421904,19.61758897191933,-1.9109609490645916,-8.876403455311099,-0.09879250751688987,21.715420738161555,1.1323661838284271,7
018_S_4889,1853861.25,1065153.375,959385.3125,2024538.6875,3878400.0,0.5220035807291666,3661554.98797344,783442.875,269909.34375,2.902614871024069,24.07312196564734,3.0,3.0,1936615.4375,-87923.25,-4.342878234081659,-41039.23189617174,2012963.81126863,59320.859483973734,713453.0,-69989.875,-8.933628377180659,-46747.455976920726,769745.359375,34023.29290544404,3.0264836755246707,0.12386880450060156,4.267490177120863,0.06518567745138443,2.9671662228770854,0.046407471543903796,26.723244268491783,2.6501223028444443,11.008635716739207,1.8026256092287931,25.152914067355287,1.4205700040902827,4
018_S_6414,1206359.0,936444.875,859881.125,1796326.0,3002685.0,0.5982399086151228,2894269.0,332727.0625,109233.3984375,3.0460195073700853,28.017141878818794,3.0,3.0,1499959.8125,-296366.1875,-16.498463391388867,-49972.41243626388,1592212.84375,138041.2980476802,57995.6875,-274731.375,-82.56959110442061,-55546.32371324576,127988.033203125,118246.53473715762,2.8581156169994912,-0.18790389037059407,-6.1688341100884525,-0.04848694929774242,2.956700474646063,0.07346208654608136,24.09878590186917,-3.9183559769496235,-13.985566386098558,-1.1421810761534799,26.829360050552104,1.8639660516537069,4
019_S_4285,2089088.0,1052923.5,815527.375,1868450.875,3957539.0,0.4721244376871586,3660754.076505918,705140.75,239036.796875,2.9499255311967336,20.14792194538223,3.0,3.0,1689028.125,-179422.75,-9.602754474344957,-88883.48307166714,1761432.828125,69395.13343501562,671771.875,-33368.875,-4.732228991162403,-13787.017395960243,686007.859375,12588.585273036588,2.9325361976431963,-0.017389333553537334,-0.5894838147484619,-0.013443804459919616,2.949754817759883,0.01110750770290867,20.389052005965947,0.24113006058371766,1.1967986635911259,-0.5306176898120218,21.637008374885543,1.3848549730181567,4
019_S_4293,2139591.0,980741.875,1061564.875,2042306.75,4181898.0,0.4883683796209281,3989996.7671323568,803844.875,267062.84375,3.009946511875971,20.3554209145652,3.0,3.0,2011306.0,-31000.75,-1.517928195654252,-1397.791713170812,1961544.140625,74568.16543378876,763604.1875,-40240.6875,-5.006026504802932,-16390.654707801015,776086.796875,16147.762870122808,2.962788982395647,-0.04715752948032437,-1.5667231724637223,-0.005792546082665895,2.9531783843413506,0.03807811489979408,19.895165269682447,-0.4602556448827535,-2.2610961807889725,-0.08065950319564556,20.754700501472982,1.2180563474462922,4
019_S_4548,2167428.5,1266123.0,649420.625,1915543.625,4082972.0,0.4691542398527347,3784883.2675860254,627307.0625,209882.578125,2.988847707613946,25.192331481690765,3.0,3.0,1792376.9375,-123166.6875,-6.429855519474269,-174106.52727829257,1872352.9375,56611.99895912913,585668.875,-41638.1875,-6.63760859539183,-47603.28650357629,599659.4375,19550.297212880912,2.9053113841007554,-0.08353632351319051,-2.794934091167835,-0.1061336837131905,2.945700814574223,0.034159254835533025,27.300268528976115,2.1079370472853505,8.367375797739692,2.527012760051818,26.456275639642936,0.9103548574925943,3
019_S_4680,1293430.375,585737.75,635600.9375,1221338.6875,2514769.0,0.4856663524562296,2423408.4835442947,721292.1875,246269.890625,2.928868753165595,32.929220225813424,3.0,3.0,1203055.8125,-18282.875,-1.4969537268506448,-12739.095213197284,1199737.3333333333,19136.604533149544,698048.1875,-23244.0,-3.222549807528589,-48014.278911451824,730709.375,31230.467132598456,2.990104996481731,0.061236243316136196,2.090781406642088,0.08030913479601054,2.9575906740945244,0.02514300572702499,32.141923501065776,-0.7872967247476481,-2.390875700513799,-0.4463018138549615,31.880485202925268,0.9806034303941142,3
019_S_6315,1535066.25,1177886.0,738922.625,1916808.625,3451875.0,0.5552949121854065,3318136.0,511490.71875,166405.296875,3.07376464783538,33.83089695884556,3.0,3.0,2074332.375,157523.75,8.218021765214042,78815.82148972602,2007552.9791666667,66503.99674432822,486954.53125,-24536.1875,-4.796995644410215,-12276.496553938357,498048.6666666667,10153.510354026906,3.1044117283570696,0.030647080521689407,0.9970535819413444,0.01533403583636583,3.0660472502931793,0.034904300887399514,29.68283319810321,-4.148063760742346,-12.261169917511683,-2.075452450152249,31.166769558286262,1.887899434050844,3
019_S_6483,1183805.25,1037039.4375,861859.4375,1898898.875,3082704.0,0.6159848220912549,2994197.0,482898.84375,158274.671875,3.05101781621968,34.40502206563472,3.0,3.0,1748290.125,-150608.75,-7.931372859442027,-37828.14820633563,1710046.453125,128099.20543185355,485760.5625,2861.71875,0.5926124667802127,-5916.014916523973,486277.1484375,24037.656436895224,3.003472738127157,-0.04754507809252306,-1.5583349870907377,-0.022480575762149617,3.0553693485092035,0.04375353242180471,31.538123829543647,-2.866898236091071,-8.33278999391969,-1.0954667988224598,34.86715248965959,2.3040948832729353,4
019_S_6533,1951546.75,1336613.625,979764.625,2316378.25,4267925.0,0.5427410861249905,4007154.0,565389.3125,186461.015625,3.032211910901779,25.2336394786454,3.0,3.0,2316378.25,0.0,0.0,,2316378.25,,565389.3125,0.0,0.0,,565389.3125,,3.032211910901779,0.0,0.0,,3.032211910901779,,25.2336394786454,0.0,0.0,,25.2336394786454,,1
019_S_6635,1377390.0,902573.8125,514581.25,1417155.0625,2794545.0,0.5071147762873741,2667024.0,459640.34375,156880.09375,2.929883153177744,34.44973267938513,3.0,3.0,1657715.5,240560.4375,16.97488467321479,61505.04844647426,1482582.65625,98332.35033917658,465337.875,5697.53125,1.2395629164133832,-6666.506806912807,485921.01875,41731.586700606465,3.008875192621912,0.07899203944416788,2.6960815607439264,0.015481153106615015,2.966263181250782,0.026322097886159062,28.73614381777365,-5.713588861611477,-16.585292300484276,-1.4557380066355257,33.98021049128704,2.835365823102045,5
019_S_6668,904300.75,678006.8125,578270.5,1256277.3125,2160578.0,0.5814542740414833,2089463.0,491392.5,162607.609375,3.0219526742057057,37.46502967218342,3.0,3.0,1214620.59375,-41656.71875,-3.3158856198002065,-20842.62537457192,1235448.953125,20828.359375,450012.53125,-41379.96875,-8.420960586496538,-20704.155597174657,470702.515625,20689.984375,2.9483205533486623,-0.0736321208570434,-2.4365742549689986,-0.036841276908267266,2.985136613777184,0.0368160604285217,35.226506471347044,-2.238523200836376,-5.974967110458229,-1.1200282179527208,36.345768071765235,1.119261600418188,2
019_S_6757,1441057.5,952295.25,919773.125,1872068.375,3313126.0,0.5650459339608576,3137869.0,534699.0625,179469.125,2.979337323325227,26.045163253164706,3.0,3.0,1627511.6875,-244556.6875,-13.06344847046519,-61295.71711341254,1742971.8625,86868.97910876508,1072.6607666015625,-533626.4017333984,-99.7993898172205,-101404.96017035913,389664.60715332034,198082.1586644085,2.947725072540859,-0.031612250784368356,-1.0610497353514186,0.001600694901334896,2.969386437376542,0.029616413461117996,27.78192126406549,1.7367580109007825,6.6682554223949895,0.8038631165990723,27.867637667741256,1.8249298268416856,5
020_S_4920,2061990.75,1045340.125,443337.125,1488677.25,3550668.0,0.4192668112028497,3389602.636679483,300.0887756347656,110.72618865966795,2.7101878657355534,20.203505904570207,3.0,3.0,1499868.625,11191.375,0.7517663751494825,38883.86313850068,1465868.7291666667,40428.61092285895,310.08660888671875,9.997833251953125,3.3316251935131906,14.505773884005865,303.16237386067706,4.906439323878546,2.688520719392823,-0.02166714634273026,-0.799470273506288,-0.041516452838316835,2.715210100978661,0.0241051348483915,21.51397504287665,1.3104691383064413,6.486345214025461,0.6614041588469385,22.04357762261264,1.7589484640502584,3
020_S_6901,2029065.875,542326.0625,296255.03125,838581.09375,2867647.0,0.2924282848446827,2712037.0,454.4046936035156,198.095443725586,2.2938674548169704,19.809676703012915,3.0,3.0,838581.09375,0.0,0.0,,838581.09375,,454.4046936035156,0.0,0.0,,454.4046936035156,,2.2938674548169704,0.0,0.0,,2.2938674548169704,,19.809676703012915,0.0,0.0,,19.809676703012915,,1
021_S_0141,1735173.75,797114.75,795224.5,1592339.25,3327513.0,0.4785373490652027,3348167.8112603724,372.4005737304688,121.96202850341795,3.05341404408191,12.005394396432209,1.5,1.5,1565103.75,-27235.5,-1.7104081306794392,-54658.057005494506,1578721.5,13617.75,386.4523315429688,14.0517578125,3.7732911288880553,28.200024950635303,379.4264526367188,7.02587890625,3.1448527067742447,0.09143866269233447,2.994636867854845,0.18350533817788553,3.099133375428077,0.045719331346167236,11.398404366727355,-0.6069900297048534,-5.055977418661398,-1.218148946976361,11.701899381579782,0.3034950148524267,2
021_S_0178,1571843.25,671772.8125,510026.9375,1181799.75,2753643.0,0.4291768213962376,2714684.8930567503,443.5617065429688,155.43624877929688,2.8536567703658555,10.700839781011789,1.5,3.0,934185.6875,-247614.0625,-20.95228590968986,-17984.06807826152,978648.0546875,129205.98224004352,1821.4588623046875,1377.8971557617188,310.64384851901974,95.83157671408246,1430.7806549072266,572.4294782039502,2.144900694739148,-0.7087560756267077,-24.836766740375754,-0.051171978684402514,2.31858562653101,0.3093721063495643,22.873945381269184,12.173105600257395,113.7584138196152,0.9666928897925058,21.016540014161297,6.0424420211716265,4
021_S_0231,2017411.875,995149.25,379005.9375,1374155.1875,3391567.0,0.4051682268107928,3421802.5478839874,367.1134948730469,124.67073059082033,2.944664639315215,11.09261730386581,1.5,1.5,1286434.125,-87721.0625,-6.383635800232351,-20527.93578048823,1379755.171875,81297.63710881943,383.2720031738281,16.15850830078125,4.401502131205799,9.377119758766067,372.2038879394531,6.473049433748374,2.992532737023397,0.04786809770818223,1.6255874121989664,0.02232887073095947,2.9639741614860795,0.020864430735130588,11.679334132434237,0.5867168285684272,5.289255118933515,0.32900046337478994,11.281197745860862,0.23599636270040109,4
021_S_0273,1878376.75,895396.75,456028.4375,1351425.1875,3229802.0,0.41842354035944,3178219.0379597247,385.8161010742188,139.5150146484375,2.765409151703304,8.499129180252847,1.5,1.5,1481104.25,129679.0625,9.595726326508178,36264.07390631546,1412909.65625,50664.02530681942,596.748291015625,210.9321899414062,54.6716918641064,85.7073787592553,425.3603057861328,100.47728144578319,2.854790181487873,0.08938102978456897,3.2321087000640145,0.04038381018649837,2.8015962309834657,0.04015558980111187,8.859070554511023,0.35994137425817563,4.235038280091978,0.07801315999030413,9.20483700283974,0.5454938331613722,4
021_S_0276,1988644.125,903280.375,498430.4375,1401710.8125,3390355.0,0.4134407200720868,3464780.95420897,335.2417297363281,114.23880767822266,2.934569553159524,10.3815743980182,1.5,1.5,1423002.75,21291.9375,1.5189964513454162,18578.131655138266,1386733.15625,37265.23961234161,510.9890441894531,175.747314453125,52.424056692271726,73.43758799249049,398.2578430175781,79.8977350840887,3.119196855371143,0.18462730221161872,6.2914611109775365,0.07628663498645535,3.0027819668827305,0.08272210148282762,9.41185093059083,-0.9697234674273698,-9.340813158478987,-0.24986623929909652,9.671039325624404,0.5085117292602833,3
021_S_0424,1480010.5,616963.6875,607539.875,1224503.5625,2704514.0,0.4527628854943993,2786364.222845435,392.0525207519531,138.81809997558594,2.824217576790679,11.56493511471138,1.5,1.5,997338.75,-227164.8125,-18.551584450780233,-93647.75764693179,1109299.2890625,91541.1981482847,835.4176025390625,443.3650817871094,113.08818546472786,170.77763090072025,501.12303161621094,193.48618112854922,2.747721486965712,-0.07649608982496714,-2.7085763665522555,-0.03316226746592321,2.7834469682733625,0.03356689790082031,10.781494420185028,-0.7834406945263517,-6.774276610767682,-0.0875516177894288,11.53724018599457,0.7488265798205912,4
021_S_0626,1704605.5,781464.8125,347764.625,1129229.4375,2833835.0,0.3984810115973583,2808001.219446212,395.0982971191406,146.1761932373047,2.702890844713962,11.1844786108984,1.5,1.5,371600.5625,-757628.875,-67.0925544305074,-72086.74759484873,1042430.50390625,254494.6450558736,2081.671142578125,1686.5728454589844,426.87423807103977,169.69973822446707,710.6296997070312,546.1478644133296,1.95565662059206,-0.7472342241219019,-27.645741802088175,-0.07800626485350072,2.676680427672423,0.27415514946103325,22.95162061293296,11.767142002034559,105.20957133011457,1.1091634556369319,12.777508009611932,3.8938112927251574,8
021_S_2077,2245059.25,493278.59375,152180.234375,645458.828125,2890518.0,0.2233021306648151,2901134.6255405024,2331.13623046875,1141.2283935546875,2.04265530159576,20.09800839538956,3.0,3.0,654594.84375,9136.015625,1.4154296489428002,17941.05193564748,659316.5265625,80007.12241413706,2253.9619140625,-77.17431640625,-3.310588004148158,0.4979721201116314,2221.7484375,77.15407337173055,2.001993702245884,-0.04066159934987601,-1.9906246207135596,-0.00015323891663055335,2.0326760055167234,0.04220661626027251,15.88986135855671,-4.20814703683285,-20.938129560131888,-1.1080167007074377,17.901398819194416,1.7158730111614604,5
021_S_2100,1613071.25,289661.09375,195675.828125,485336.921875,2098408.0,0.2312881583919809,1972152.75960402,2332.72119140625,1068.2337646484375,2.1837178962324275,25.008015840183088,3.0,3.0,466672.53125,-18664.390625,-3.8456564468439662,-13068.935437963097,507384.6510416667,33317.13830330283,2337.73583984375,5.0146484375,0.21496990107407504,-6.904516358130407,2275.981404622396,53.93187612205864,2.265933516080588,0.0822156198481605,3.7649377692057784,0.015736474819974762,2.1768064449534665,0.04358538286709157,21.817178259498498,-3.1908375806845903,-12.759259275410113,-0.28768340630197253,23.81150457204809,1.3246615988576314,6
021_S_2124,2047451.75,342689.46875,205543.8125,548233.28125,2595685.0,0.2112094808306863,2355919.057813797,2625.55712890625,1223.633056640625,2.1457062740432784,21.33562789332916,3.0,3.0,414777.4375,-133455.84375,-24.342893493389134,-535656.5596668955,481505.359375,66727.921875,2210.682373046875,-414.874755859375,-15.80139892184341,-1665.1978525015022,2418.1197509765625,207.4373779296875,2.1086111265973164,-0.037095147445961985,-1.728808266755983,-0.14889013851250124,2.1271587003202974,0.018547573722980992,20.19305294146816,-1.1425749518610004,-5.355244090183257,-4.585994518321214,20.76434041739866,0.5712874759305002,2
021_S_2125,1516317.5,573363.875,291798.5,865162.375,2381480.0,0.3632876929472429,2265121.3938478394,2061.253662109375,944.7398071289062,2.181821538982005,26.77753508838918,3.0,3.0,768157.625,-97004.75,-11.212317225422568,30572.456634584898,763570.78125,154577.63198752308,1764.07666015625,-297.177001953125,-14.417294067970762,-163.00567463321946,1941.5418395996094,110.11104635783103,2.170887190425666,-0.010934348556339124,-0.5011568710354228,0.0027998183983807667,2.1760068566794093,0.020598915846365348,26.341686246145944,-0.43584884224323517,-1.6276660297691874,-0.26173788209984855,26.43530220528035,0.32455634102425934,4
021_S_2142,1684506.0,343487.34375,220548.6875,564036.03125,2248542.0,0.2508452282634703,2197062.476843091,2388.400146484375,1215.8955078125,1.964313651275016,22.765222350727257,3.0,3.0,479542.21875,-84493.8125,-14.980215415094547,-168641.3388831967,521789.125,42246.90625,2308.895751953125,-79.50439453125,-3.328771966802847,-158.68295137999485,2348.64794921875,39.752197265625,2.002806228598074,0.038492577323058,1.959594247999695,0.07682739818167722,1.983559939936545,0.019246288661529,24.1858008384803,1.420578487753044,6.240125687626602,2.8353349325234936,23.47551159460378,0.710289243876522,2
021_S_2150,1980233.25,363721.4375,208827.4375,572548.875,2552782.0,0.2242842808355746,2656957.8380296403,2347.2490234375,1177.1009521484375,1.9940932144853185,19.34179034670424,3.0,3.0,572548.875,0.0,0.0,,572548.875,,2347.2490234375,0.0,0.0,,2347.2490234375,,1.9940932144853185,0.0,0.0,,1.9940932144853185,,19.34179034670424,0.0,0.0,,19.34179034670424,,1
021_S_4245,1511999.5,704825.625,323210.84375,1028036.46875,2540036.0,0.4047330308507438,2422745.177388389,1926.7239990234373,785.095947265625,2.4541255158427595,25.93044015506596,3.0,3.0,550038.4375,-477998.03125,-46.496213488535346,-120833.20485420933,887984.575,172231.33066904725,2017.6201171875,90.89611816406273,4.7176512157493,21.045234956232193,1924.7793212890624,59.213941948468026,2.267164895973944,-0.1869606198688154,-7.61821751421757,-0.05099436818074778,2.4412867048026756,0.09026549558335258,25.033604954098124,-0.8968352009678355,-3.45861927373656,-0.30505175822465425,25.006998683562923,1.4673394005253173,5
021_S_4402,1436693.0,265294.4375,176200.625,441495.0625,1878188.0,0.2350643612354034,1823574.035914004,2349.67529296875,1110.3294677734375,2.1161964615461364,26.56861040436689,3.0,3.0,564537.3125,123042.25,27.869450974890576,167805.3343214573,491741.8333333333,52701.5623227745,2521.686767578125,172.011474609375,7.320648734917038,299.3298803021637,2344.88037109375,146.35861430454585,2.094913800428873,-0.0212826611172634,-1.0057034639266835,-0.02203643983341369,2.099404535781114,0.01229437216064563,24.488288897238288,-2.080321507128602,-7.829997412234531,-2.4874418105463705,25.313731142220487,0.9019410575858512,3
021_S_4419,1435455.875,348544.5,355880.6875,704425.1875,2139881.0,0.3291889537315393,2354281.460335716,2634.94775390625,1271.1939697265625,2.072813287810216,19.45182372746319,3.0,3.0,466311.1875,-238114.0,-33.802595964103,-21129.269075202585,620499.56875,101109.90110436916,1485.6436767578125,-1149.3040771484375,-43.61771786346125,-110.14123409887415,2238.3727294921873,393.6773355399225,2.04079940801654,-0.0320138797936762,-1.5444651952948762,-0.005932048847744209,2.084853759073019,0.025174921387694758,20.5972137434875,1.1453900160243116,5.88834256403005,0.15685779694319618,19.34050482077219,1.4944231665416894,5
021_S_4659,2097683.25,453493.40625,251144.4375,704637.84375,2802321.0,0.2514479403858444,2642639.1788993594,2321.59814453125,1051.489013671875,2.20791478763639,22.84610893233156,3.0,3.0,706888.0,2250.15625,0.31933514073342023,17085.74958570621,654569.35,48075.04333826273,2249.96533203125,-71.6328125,-3.085495768022474,40.337699106128774,2118.275390625,161.16305748677328,2.058478576743942,-0.14943621089244807,-6.768205536248165,-0.03078705871697634,2.1035030743182164,0.059257751743183366,20.82031766462509,-2.0257912677064702,-8.867117257064255,-0.245328687172532,20.68453879252816,1.5316661857549747,5
021_S_4744,1458067.25,378662.875,300099.9375,678762.8125,2136830.0,0.3176494211050949,2169531.5567910583,2450.96337890625,1143.8525390625,2.142726700394729,25.51595765899863,3.0,3.0,473280.796875,-205482.015625,-30.27302201017384,-37588.59883637468,600173.8928571428,92942.65233184304,2219.90185546875,-231.0615234375,-9.42737559549388,-43.28877282507166,2391.5046735491073,150.51137399152523,2.162635826837695,0.019909126442966052,0.9291491275718192,0.004561905377932266,2.1581880884457454,0.044672103962421675,26.687420937752584,1.1714632787539543,4.591100574823293,0.13760350379484493,26.31472860147702,0.6213512803534693,7
021_S_4857,1903437.0,367838.875,199346.03125,567184.90625,2470622.0,0.2295717055259768,2559072.4903186355,1876.464599609375,922.1591186523438,2.034859884394796,22.96240851663477,3.0,3.0,567184.90625,0.0,0.0,,567184.90625,,1876.464599609375,0.0,0.0,,1876.464599609375,,2.034859884394796,0.0,0.0,,2.034859884394796,,22.96240851663477,0.0,0.0,,22.96240851663477,,1
021_S_5099,1327252.25,520660.96875,260934.78125,781595.75,2108848.0,0.3706268778024779,1927490.7742912727,1847.1038818359373,816.5599365234375,2.262055480505276,34.23822571301033,3.0,3.0,826125.40625,44529.65625,5.697274614146764,23768.501647585555,813220.4270833334,22487.669050752116,1862.23779296875,15.133911132812727,0.819331889323426,3.5565039932839957,1885.8125813802083,44.472339496909434,2.261975732628585,-7.9747876691183e-05,-0.0035254606873466113,-0.007606756306289002,2.3087754322017533,0.06612838760133216,29.943579354635503,-4.294646358374827,-12.543425568758037,-2.474775842908219,32.316342583954636,1.7820337603397083,3
022_S_0004,1881768.125,820685.3125,334492.59375,1155177.90625,3036946.0,0.3803748589043071,3011760.238909721,283.5929870605469,96.4145278930664,2.941392654369349,8.799584404534286,1.494,1.494,1055308.4375,-99869.46875,-8.645375591903552,-57442.65795068096,1121135.4479166667,46555.85183737489,275.6845703125,-7.908416748046875,-2.788650322427908,-3.7030754418746934,282.86065673828125,5.584338719812354,2.944514437970253,0.0031217836009038713,0.10613284140308697,0.0020551132420193892,2.943059342397447,0.0012832151646212516,9.172614582294276,0.3730301777599898,4.239179495429048,0.1115671640577895,8.68762118359179,0.44874326935222353,3
022_S_0544,1390196.0126581965,669240.6310936583,296542.2527001157,965782.883793774,2355979.0214519715,0.4099284734711133,2264227.435911758,269.5811462402344,92.74749755859376,2.906613659989169,8.477760586884855,1.494,1.494,859888.25,-105894.63379377394,-10.964641802078766,-212516.56589657106,912835.566896887,52947.31689688697,213.71578979492188,-55.8653564453125,-20.723020591183584,-112.11440352555158,241.64846801757812,27.93267822265625,2.866296838558124,-0.0403168214310452,-1.3870719038455022,-0.08091054410818276,2.886455249273647,0.0201584107155226,9.526463788779528,1.0487032018946731,12.370049745412993,2.104609035670491,9.002112187832193,0.5243516009473366,2
022_S_0750,1286336.25,549655.125,357120.5625,906775.6875,2193112.0,0.4134652892784317,2230372.45285511,282.1455993652344,102.4055633544922,2.755178404061572,12.128503336416282,1.494,1.494,807595.515625,-99180.171875,-10.937674360066033,-99218.51409274324,851834.5052083334,41191.25570525345,269.8778381347656,-12.26776123046875,-4.3480250119330295,-12.305212512815313,281.3150939941406,9.018568191697208,2.7698818930113296,0.014703488949757482,0.533667399834515,0.014727400573530908,2.7599992219874103,0.006988796482648824,10.626520696737431,-1.5019826396788503,-12.383907544215218,-1.5014612987890894,11.095498233127893,0.7314748957368054,3
022_S_0924,1828573.875,769562.6875,543339.5,1312902.1875,3141476.0,0.4179252642706804,3155393.850398064,278.63134765625,93.83381652832033,2.969412893940453,10.016549226448554,1.494,1.494,1189355.21875,-123546.96875,-9.410218821042218,-247942.47437328295,1251128.703125,61773.484375,283.1610717773437,4.529724121093693,1.6257051330355172,9.090558984777314,280.8962097167969,2.2648620605468466,2.9565409652054786,-0.012871928734974336,-0.4334839644982179,-0.025832263573897674,2.9629769295729655,0.006435964367487168,9.661742377033944,-0.3548068494146097,-3.542206416534622,-0.7120505590587154,9.83914580174125,0.17740342470730486,2
022_S_0961,1703029.625,874645.875,400071.4375,1274717.3125,2977747.0,0.4280811339915715,2965539.437592029,296.7587585449219,100.24669647216795,2.9602846380781034,10.640165235925572,1.494,1.494,1089752.25,-184965.0625,-14.510280882374069,-52731.224321010566,1178056.734375,75564.01304154073,241.6579742431641,-55.100784301757784,-18.56753430696702,-32.76787831365494,270.4895782470703,27.18797679101224,3.045476162420366,0.08519152434226251,2.8778153035165954,-0.0008349405472631508,3.008871167081688,0.06892265899663451,10.519152200634505,-0.12101303529106744,-1.137322894972323,-0.023993218127465982,10.258479275574818,0.3267999930449325,4
022_S_10432,1910519.75,1113587.5,466064.6875,1579652.1875,3490172.0,0.452600097502358,3271784.0,379.9471435546875,167.36061096191406,2.2702303672333093,14.606012473679373,3.0,3.0,1579652.1875,0.0,0.0,,1579652.1875,,379.9471435546875,0.0,0.0,,379.9471435546875,,2.2702303672333093,0.0,0.0,,2.2702303672333093,,14.606012473679373,0.0,0.0,,14.606012473679373,,1
022_S_1097,1581666.75,682632.6875,205452.609375,888085.296875,2469752.0,0.3595848072498777,2429758.0187559123,279.8305358886719,95.00533294677734,2.9454192124142726,11.48898395003262,1.494,1.5,988228.65625,100143.359375,11.276322187450358,31724.651719204343,906587.9114583334,60536.43928181296,231.45928955078125,-48.371246337890625,-17.285907052379265,-24.999941044061273,249.8937225341797,21.356855787954302,2.8780829063584674,-0.0673363060558052,-2.2861365802191407,-0.018195261852217048,2.939784668680725,0.04824378563446211,11.23418849032202,-0.2547954597105999,-2.217737102068773,-0.2354918215087816,11.106013053879389,0.3761055805372858,3
022_S_1351,1067540.125,461033.78125,556577.125,1017610.90625,2085151.0,0.4880274408184347,2178855.8116436,292.8642578125,96.11956024169922,3.046874684291086,11.506074052832732,1.494,1.5,1002566.3125,-15044.59375,-1.4784230060427381,-12119.520275788682,990582.96875,20362.812611490674,247.25051879882807,-45.61373901367193,-15.575044682603481,-22.069312660549766,252.91916275024414,24.994264292665292,2.988470224110716,-0.05840446018036971,-1.9168645327452525,-0.018135360230339386,3.0470937817290906,0.03641358261003005,12.061980064638188,0.5559060118054564,4.831413471292542,0.5110174374925757,11.958076468155515,0.7214550069973426,4
022_S_1394,2254153.25,1011329.375,339828.40625,1351157.78125,3605311.0,0.3747687179413925,3466665.5587911606,270.4486999511719,90.16175079345705,2.999594557243265,8.217524294278075,1.494,1.494,1351157.78125,0.0,0.0,,1351157.78125,,270.4486999511719,0.0,0.0,,270.4486999511719,,2.999594557243265,0.0,0.0,,2.999594557243265,,8.217524294278075,0.0,0.0,,8.217524294278075,,1
022_S_2087,2265776.0,594024.6875,736507.125,1330531.8125,3596308.0,0.369971596565144,3454050.969900121,296.5645751953125,113.345703125,2.6164606544616364,10.866619489839746,3.0,3.0,1214683.25,-115848.5625,-8.706936685890026,3738.391816351328,1187880.5125,87300.16030542091,278.59454345703125,-17.97003173828125,-6.059399281403211,0.9049066997335297,284.20545654296876,16.917391504645103,2.588192692984092,-0.02826796147754429,-1.0803893201811097,-0.0104950116862464,2.571365601970422,0.05264324020090804,14.468705660195797,3.602086170356051,33.148176152887196,0.33565965208857124,12.99239205192622,1.7802251885854201,5
022_S_2167,1858238.625,895825.25,501434.125,1397259.375,3255498.0,0.4291998873905006,3118287.592909613,266.96728515625,104.06640625,2.565355067124699,13.367765523428153,3.0,3.0,1283649.6875,-113609.6875,-8.130894630783922,-10169.32243535463,1294150.9166666667,79719.43968440771,260.1097412109375,-6.8575439453125,-2.5686832531929644,4.174067646508986,281.9879964192708,31.86026117442899,2.516377006066908,-0.04897806105779079,-1.9092117767809187,-0.013360279544532953,2.4977755704312306,0.05397613369318287,14.101991741271537,0.7342262178433838,5.492512690745432,-0.09768801159553468,14.407868417360442,0.807497063557476,6
022_S_2263,2028755.875,887559.0,521899.1875,1409458.1875,3438214.0,0.409939051932195,3190080.840410886,289.8041687011719,116.36453247070312,2.4904853743441966,16.512356143142863,3.0,3.0,1526685.5625,117227.375,8.317194226806391,-4143.395904895455,1417486.2777777778,120650.21939863377,245.14561462402344,-44.65855407714844,-15.409907413442895,-2.957112167085131,275.8929189046224,24.995403811746083,2.606983473058477,0.1164980987142803,4.67772667586763,0.007602340462955038,2.468874644252928,0.06474209367134169,13.755061610142652,-2.757294533000211,-16.69837126269373,-0.1008403359352402,15.508118385942876,1.3844486043383808,9
022_S_2379,1984330.25,995790.875,489617.875,1485408.75,3469739.0,0.4281038862000859,3297032.938432507,225.560546875,81.97320556640625,2.751637471839949,13.616012966937426,3.0,3.0,1771961.125,286552.375,19.29114629222428,23050.68468467556,1690970.107142857,146417.28004814606,254.8881683349609,29.32762145996091,13.002106027085286,0.5168536335883736,256.27493940080916,25.214263937561196,2.6885162215818426,-0.06312125025810644,-2.2939522703875266,0.006498104701555298,2.641897016212393,0.0822290283170559,10.229919777788057,-3.386093189149369,-24.868463311334406,-0.46748422562582226,11.96950092814748,1.6221715644549006,7
022_S_4444,2280545.0,640011.25,627565.9375,1267577.1875,3548122.0,0.3572529883414381,3293332.774502691,249.7976837158203,100.66868591308594,2.481384146109778,11.952166276321355,3.0,3.0,1199810.5625,-67766.625,-5.346153722887191,-86292.6405276794,1350989.49375,224668.2977170059,238.1221160888672,-11.675567626953125,-4.674009563769899,-2.5160061915087257,242.76055297851562,4.143492530861824,2.468090690237672,-0.013293455872105842,-0.5357274444163282,-0.005580398988447367,2.4530386975974148,0.03756177622736419,14.89226585852837,2.940099582207015,24.598884538878092,0.5626587647594893,14.227048558244508,1.4056463585006953,5
022_S_4805,1422396.375,674414.375,198905.3125,873319.6875,2295716.0,0.3804127720937607,2217567.5098339096,286.01373291015625,100.7846221923828,2.8378707371282097,20.566316288770725,3.0,3.0,913788.75,40469.0625,4.633934523547541,25067.306287198968,891048.3046875,18187.405887003802,318.1921691894531,32.178436279296875,11.250661271361013,10.020908865890487,300.24754333496094,19.949236002876194,2.757524920955256,-0.08034581617295355,-2.8312006999395503,-0.029388737225460614,2.7802185755350184,0.03391918955196452,19.32055820748773,-1.2457580812829967,-6.057273766441026,-0.9255035257016561,20.74102156303516,0.9118154391058442,4
022_S_4922,2175744.5,898099.25,623658.125,1521757.375,3697502.0,0.411563638099452,3470113.0451409146,161.047119140625,61.84763717651367,2.603933212146197,8.470182749469663,3.0,3.0,1521757.375,0.0,0.0,,1521757.375,,161.047119140625,0.0,0.0,,161.047119140625,,2.603933212146197,0.0,0.0,,2.603933212146197,,8.470182749469663,0.0,0.0,,8.470182749469663,,1
022_S_5004,2061963.5,916805.375,387388.0625,1304193.4375,3366157.0,0.3874428428323456,3271283.96216766,201.9683380126953,73.6097183227539,2.7437726956562893,9.761300337159147,3.0,3.0,1663090.375,358896.9375,27.51868911317076,38737.27309607565,1579379.146875,161089.92877398338,368.33734130859375,166.36900329589844,82.37380419768608,5.678177029284646,286.6439971923828,44.46288287244088,2.5927820595831026,-0.15099063607318675,-5.503030054647837,0.0017100249463194402,2.655103681848092,0.09477904821571335,16.15452878287233,6.3932284457131825,65.49566374241711,-0.12244087827009925,12.466151806679395,2.4913119395669807,10
022_S_6716,1613525.5,1139124.0,602392.375,1741516.375,3355042.0,0.5190743886365655,3025418.0,245.1471405029297,96.36375427246094,2.543976620771943,10.84349878421926,3.0,3.0,1598267.4375,-143248.9375,-8.22552917425195,-71673.52660530822,1707547.9375,79094.85694288286,274.9349670410156,29.787826538085938,12.15099897839924,14.904114579501217,257.54412841796875,12.66313708199715,2.5449884617212803,0.0010118409493373726,0.03977398774326551,0.0005062669955417479,2.525533044341071,0.026801819023416638,13.26705779610805,2.4235590118887895,22.350341528288258,1.2126094919073704,11.441507515385567,1.316194834346832,3
022_S_6847,2099806.0,874887.9375,467479.1875,1342367.125,3442173.0,0.3899766586397604,3090932.0,481.8239135742188,201.32095336914065,2.3933122862647966,15.583192376858154,3.0,3.0,1536798.1875,194431.0625,14.484194292228365,102949.2020900564,1274062.9166666667,247172.2909111823,327.7098388671875,-154.1140747070313,-31.985559530202107,-60.89511792319255,405.1194559733073,62.91878332764626,2.4407217569599498,0.04740947069515311,1.9809145244954345,0.022496985664223118,2.393123413142854,0.038941221132905,13.229417079799331,-2.3537752970588226,-15.10457703489755,-0.9803758766619199,14.729713554265436,1.0642193831919984,3
022_S_6863,2119892.5,984583.125,509414.34375,1493997.46875,3613890.0,0.4134042454944672,3285944.0,382.79693603515625,154.5558319091797,2.4767550265158604,13.98217592041747,3.0,3.0,1493997.46875,0.0,0.0,,1493997.46875,,382.79693603515625,0.0,0.0,,382.79693603515625,,2.4767550265158604,0.0,0.0,,2.4767550265158604,,13.98217592041747,0.0,0.0,,13.98217592041747,,1
023_S_0030,1468249.0,479119.125,293584.8125,772703.9375,2240953.0,0.3448104165950825,2222005.276245117,428.5773620605469,187.80311584472656,2.282056705240359,8.11306940114661,2.89362,1.494,1054333.75,281629.8125,36.44731168462565,,913518.84375,140814.90625,295.48883056640625,-133.08853149414062,-31.053560751381603,,362.03309631347656,66.54426574707031,2.811626233668182,0.5295695284278232,23.20580059258633,,2.5468414694542707,0.2647847642139116,10.01385735253464,1.900787951388029,23.42871553791211,,9.063463376840625,0.9503939756940145,2
023_S_0042,1661128.5,788542.625,332231.875,1120774.5,2781903.0,0.4028805102118945,2778580.599403381,310.5468444824219,108.99736785888672,2.8491223938118257,8.464463118847677,1.494,1.494,1120774.5,0.0,0.0,,1120774.5,,310.5468444824219,0.0,0.0,,310.5468444824219,,2.8491223938118257,0.0,0.0,,2.8491223938118257,,8.464463118847677,0.0,0.0,,8.464463118847677,,1
023_S_0126,1448737.875,757600.3125,298055.8125,1055656.125,2504394.0,0.4215215836645511,2449846.845388412,320.7601623535156,107.30265808105467,2.9893030154193907,10.358448667789029,1.494,1.5,957225.75,-98430.375,-9.324094529362013,-69192.3261494119,961493.7483020549,71085.80674543168,285.5971069335937,-35.16305541992193,-10.962413524771847,-20.513826971356576,300.7068786621094,15.6421183809342,2.8854253974247865,-0.10387761799460415,-3.4749778613537585,-0.04046030989708371,2.943794455198332,0.060095076293448055,8.130709600270729,-2.2277390675183,-21.506493288379662,-1.596365240770704,9.656375701827248,1.39182627635233,5
023_S_0217,1270338.25,536052.75,507986.0625,1044038.8125,2314377.0,0.4511100881576337,2410060.745882988,319.5932006835937,113.24128723144533,2.8222321175859584,11.696574049851264,1.494,1.5,874279.375,-169759.4375,-16.259878030157044,-169743.22698760996,983243.4375,77221.4715248015,307.9413146972656,-11.651885986328068,-3.645849148669394,-11.668674088131384,312.1556905110677,5.274660057317272,2.5798026957062032,-0.24242942187975514,-8.589988767016125,-0.24221229242314818,2.7707888223506423,0.1397549223855681,8.598422527884585,-3.0981515219666793,-26.48768356240241,-3.0982646586448954,10.512455082212085,1.3660688358181348,3
023_S_0331,1091911.75,696417.5625,400321.78125,1096739.34375,2188651.0,0.5011028911187759,2156059.024681092,532.5362548828125,209.0055389404297,2.547952819980728,8.188367329246338,2.89362,1.5,972693.1875,-124046.15625,-11.310450104384705,-67814.64815590919,1082866.5625,82583.15113067678,325.7740783691406,-206.76217651367188,-38.82593431299264,-59.7971698593555,362.07175699869794,76.8425246934007,2.587163751577616,0.03921093159688782,1.5389190604080494,-0.05599128704082134,2.7616754155197345,0.1521104091575898,8.994622971554522,0.8062556423081837,9.846354100755663,-0.6988072350637133,10.033178406590467,1.6262020135948285,6
023_S_0376,1839566.625,836733.25,331556.125,1168289.375,3007856.0,0.3884126683591236,2905880.734944344,299.4375915527344,102.6280288696289,2.9176979421033207,8.841091745901297,1.494,1.5,1183433.53125,15144.15625,1.2962675664152128,-43398.569479129386,1194316.1796875,121591.11896140005,294.5267028808594,-4.910888671875,-1.6400374603634682,-5.159974335946244,292.14354705810547,11.978591048913009,2.5655931911867627,-0.352104750916558,-12.067895920121583,-0.148045112044239,2.742535070577126,0.1450164432044783,6.665712927659796,-2.1753788182415006,-24.605318899105413,-0.9634355738813941,7.614468826921997,1.0086773946758885,4
023_S_0388,1672800.5,803123.25,518043.3125,1321166.5625,2993967.0,0.4412762607269886,3145368.2508945465,327.7174987792969,111.49598693847656,2.939276155480422,9.780854096853108,1.5,1.5,1368119.34375,46952.78125,3.553888100312862,93713.13306864753,1344642.953125,23476.390625,327.5894470214844,-0.1280517578125,-0.03907382373217036,-0.2555787133388832,327.6534729003906,0.06402587890625,2.892561809835667,-0.04671434564475474,-1.589314619439674,-0.09323723905326048,2.9159189826580443,0.023357172822377373,10.841913660071995,1.0610595632188868,10.848332392160641,2.117770521670483,10.311383878462552,0.5305297816094434,2
023_S_0604,1752589.0,815722.5,292811.40625,1108533.90625,2861123.0,0.3874471339575404,2833537.059044837,291.49169921875,98.77362060546876,2.9511087523251365,9.41420408992495,1.494,1.494,1053635.234375,-54898.671875,-4.952367407571121,-110174.3950678228,1081084.5703125,27449.3359375,288.5609436035156,-2.930755615234375,-1.0054336446249843,-5.881640046507448,290.0263214111328,1.4653778076171875,3.0437319687401136,0.09262321641497717,3.1385904142638137,0.1858825812943429,2.997420360532625,0.046311608207488586,9.97737844795874,0.5631743580337893,5.98217706621101,1.1302166718233053,9.695791268941846,0.2815871790168947,2
023_S_0625,1528408.875,880837.875,471442.25,1352280.125,2880689.0,0.4694294056040065,2813907.5341644287,471.4535827636719,180.78976440429688,2.60774486713542,6.674249124404752,3.0,1.494,1581904.4375,229624.3125,16.980528535091796,418562.1382014165,1442861.208382669,99810.70717339616,308.9398498535156,-162.51373291015625,-34.470781186452534,-155.51280438768993,360.6000467936198,78.44559424736852,2.910374426663356,0.302629559527936,11.605029439109638,0.2429082504547867,2.829682112572056,0.15886841630330326,8.29633950837508,1.6220903839703285,24.303713477506665,1.1237539153257514,7.9230368159921705,0.9065133907142393,3
023_S_0855,1350396.25,792301.5625,440040.125,1232341.6875,2582738.0,0.4771454508742273,2479444.6582946777,432.831298828125,172.01019287109375,2.51631190621466,7.40188897607072,3.0,1.494,1186907.375,-45434.3125,-3.686827522013857,-38295.49669471154,1199628.8541666667,23321.090156762108,297.444091796875,-135.38720703125,-31.27944014164547,-130.60055099738824,340.82862345377606,65.09079238944348,2.997528848998058,0.4812169427833979,19.123898813772353,0.39088956034787575,2.8676782444197997,0.2512559806102685,9.18051732740254,1.7786283513318208,24.02938435150648,0.9461538391723237,8.866212059358984,1.0901943051815732,3
023_S_0887,1218903.0,569446.125,626690.9375,1196137.0625,2415040.0,0.49528664639095,2509972.6997494693,310.8174133300781,104.33610534667967,2.9790014618459963,9.93880592889142,1.494,1.494,1198422.7474442371,2285.6849442371167,0.19108888236101426,4587.068274080258,1197279.9049721186,1142.8424721185584,309.612060546875,-1.205352783203125,-0.38780091832341423,-2.4189840882689086,310.21473693847656,0.6026763916015625,2.972241212022712,-0.006760249823284159,-0.22693006062155602,-0.013566929933816148,2.9756213369343545,0.0033801249116420795,10.096348634498776,0.15754270560735684,1.5851270940847242,0.3161674352916872,10.017577281695097,0.07877135280367842,2
023_S_1046,1768883.0,456579.625,299001.375,755581.0,2524464.0,0.2993035353247263,2600142.3187179565,465.4566040039063,195.5294189453125,2.380493964202878,6.696023491530227,3.0,1.5,1214918.125,459337.125,60.79257220602424,92334.49056558122,1177340.6041666667,197262.4611334264,306.3853759765625,-159.0712280273438,-34.17530800057331,-42.68535022635153,331.07825724283856,60.232634907579644,2.6577835711144697,0.27728960691159177,11.648406216583027,0.009354945088483349,2.6679250426211,0.1619052221920285,6.047979750472508,-0.6480437410577187,-9.678038643045781,-0.8722430116313786,6.85293131970496,0.8968933065020215,6
023_S_1126,1823173.875,868506.375,400560.8125,1269067.1875,3092241.0,0.4104037128736085,3125725.800848007,321.53131103515625,108.4316635131836,2.9652898208167144,10.360267666920976,1.5,1.5,1269067.1875,0.0,0.0,,1269067.1875,,321.53131103515625,0.0,0.0,,321.53131103515625,,2.9652898208167144,0.0,0.0,,2.9652898208167144,,10.360267666920976,0.0,0.0,,10.360267666920976,,1
023_S_1247,1383518.625,435966.3125,343929.0625,779895.375,2163414.0,0.3604928945638699,2183846.330680847,529.98681640625,212.1812286376953,2.4978025497882896,8.246268145706965,3.0,1.5,839699.8125,59804.4375,7.668264156586388,-326160.59881524724,948047.9375,197034.0331468185,343.5408630371094,-186.44595336914062,-35.1793568438926,-184.93946991385994,404.97637939453125,88.40004254931875,2.6603278994676165,0.16252534967932686,6.506733276139152,-0.09110644895477292,2.6905927841762973,0.17111168270757257,7.739271518956302,-0.5069966267506629,-6.1481947687404155,-4.325172765407942,9.176061741733845,1.6861792359165775,3
023_S_2068,2249917.5,661922.75,654372.875,1316295.625,3566213.0,0.369101796499536,3309450.59630574,269.3185119628906,102.34053802490234,2.631591689167846,13.746574616139911,3.0,3.0,1557540.25,241244.625,18.32754135303002,91059.28492114291,1474702.8875,147047.95811152694,302.9085693359375,33.590057373046875,12.47224230084683,27.785431594259784,275.7815734863281,39.21780085657858,2.7560589501009702,0.1244672609331241,4.729733014641142,0.023596796877632546,2.704289696008078,0.07507072468905988,10.867334314726016,-2.879240301413896,-20.945147295336888,-1.1547821319519174,12.380545050056385,1.5785345936914332,5
023_S_4034,1397009.125,617044.5,411388.375,1028432.875,2425442.0,0.424018745861579,2308353.6676973803,213.1937561035156,84.91759490966797,2.5105957583903207,18.162022825567497,3.0,3.0,1058959.40625,30526.53125,2.9682570435138995,71451.08732307107,1006336.3854166666,54284.566285572524,246.50965881347656,33.315902709960966,15.62705368058928,28.929440896566565,245.9318084716797,26.49775196914461,2.4691399609746743,-0.04145579741564642,-1.6512334682755134,0.004994443171280236,2.422345795786575,0.09697880566782606,17.585958177663283,-0.5760646479042144,-3.1718088532146442,-0.07869298046355051,17.10736679934001,1.1093837094869343,3
023_S_4035,1655412.75,719085.25,345641.9375,1064727.1875,2720140.0,0.3914236721271699,2615519.950523274,298.7353210449219,111.9088134765625,2.6694530045931923,20.549875682713733,3.0,3.0,1099834.9375,35107.75,3.2973470023277676,16934.183273718943,1129541.5859375,69648.05215605463,247.66758728027344,-51.06773376464844,-17.094642034970214,-23.17706060148918,271.758975982666,18.320624764885654,2.595350273649643,-0.07410273094354913,-2.77595188287804,-0.0394074484817015,2.658979573502231,0.04220218107429309,17.902943287440966,-2.646932395272767,-12.880527532822642,-1.2944987778792547,17.90303049396113,2.151962555966973,4
023_S_4115,2201318.5,1070419.75,530124.625,1600544.375,3801863.0,0.4209894925198514,3499515.0231234496,258.96734619140625,99.77113342285156,2.595613928712556,16.42473911118581,3.0,3.0,1884847.25,284302.875,17.76288614303493,32961.90694295479,1595811.3645833333,143549.2757096401,284.51739501953125,25.550048828125,9.86612760407276,1.1574840607002597,262.8093032836914,15.12351210464299,2.770650336462043,0.17503640774948703,6.7435455563419024,0.023153099001952532,2.5887565855676615,0.08721511391751988,17.961177934637963,1.5364388234521513,9.35441843582029,0.4838246206412848,16.928341473799946,1.4738122726440426,6
023_S_4122,2062880.25,909359.125,705820.75,1615179.875,3678060.0,0.439139077394061,3330419.660060713,291.9195251464844,121.31734466552734,2.406247215062785,13.601733066255242,3.0,3.0,1498106.25,-117073.625,-7.248333564086787,-144714.29104253676,1550041.0416666667,48698.51780709182,271.9385070800781,-19.98101806640625,-6.844700797721506,-23.630426906526083,279.5643005371094,8.816118193819126,2.4094957522763107,0.003248537213525804,0.13500430018953982,0.007461493433931141,2.4040604889717,0.005550332738853966,13.618304575921549,0.016571509666306383,0.12183381033567632,-0.46743735049500523,14.176494655598693,0.8011463732200952,3
023_S_4241,1459303.25,708965.375,506869.4375,1215834.8125,2675138.0,0.4544942401102298,2530982.94774358,300.0466003417969,119.85015869140624,2.503514397597515,18.33225721436189,3.0,3.0,1251072.1875,35237.375,2.8982041505741143,22025.46221121176,1260397.2083333333,40729.25570543336,287.4295654296875,-12.617034912109375,-4.205025118677142,-32.29900624922096,312.38690185546875,26.8717043174941,2.5455822155277303,0.04206781793021541,1.6803505492353303,0.04976709349824192,2.529508581619394,0.018551519475394452,17.054988178687125,-1.2772690356747631,-6.96733097697387,-1.244717336397911,17.2343332293994,0.8329443723761223,3
023_S_4243,2397723.0,877921.1875,631220.75,1509141.9375,3906865.0,0.3862795201523472,3526517.5815739785,255.96942138671875,103.08109283447266,2.4831849553105614,13.548464721504065,3.0,3.0,1394120.9375,-115021.0,-7.62161577661412,-55291.10453988412,1439824.6171875,43674.64997490933,265.8983154296875,9.92889404296875,3.8789375657368743,6.982631393340683,247.86067581176758,15.927695620938787,2.5719809743058386,0.08879601899527723,3.575892275175769,0.016172203662851024,2.5846111550154225,0.0656178699034768,13.205839771364934,-0.34262495013913075,-2.528883952403241,-0.168029005729242,13.413641023811628,0.13141969361882538,4
023_S_4502,1617346.875,746074.375,489034.6875,1235109.0625,2852456.0,0.4329984625529719,2661418.5600601486,310.6092834472656,118.2609634399414,2.6264734514744124,17.901500034952264,3.0,3.0,1235109.0625,0.0,0.0,,1235109.0625,,310.6092834472656,0.0,0.0,,310.6092834472656,,2.6264734514744124,0.0,0.0,,2.6264734514744124,,17.901500034952264,0.0,0.0,,17.901500034952264,,1
023_S_4796,1579183.5,731909.125,312606.5,1044515.625,2623699.0,0.3981080242055205,2553322.8962446447,280.5463256835937,102.8169403076172,2.7286001909376925,18.07091245870952,3.0,3.0,1044515.625,0.0,0.0,,1044515.625,,280.5463256835937,0.0,0.0,,280.5463256835937,,2.7286001909376925,0.0,0.0,,2.7286001909376925,,18.07091245870952,0.0,0.0,,18.07091245870952,,1
023_S_6334,1995623.75,1234648.625,1296765.5,2531414.125,4527038.0,0.5591766901448585,4227724.0,304.74591064453125,112.55987548828124,2.7074115586494867,12.815558448547824,3.0,3.0,2184734.5,-346679.625,-13.69509720184563,-108781.00447663714,2338270.28125,186727.36061782646,227.34927368164065,-77.3966369628906,-25.397104361203183,-11.765718923513715,290.5433349609375,39.017528858723935,2.806326477675033,0.0989149190255465,3.653486619333461,0.023629808040291134,2.798304394613612,0.055907156622568614,15.347927679420977,2.5323692308731527,19.76011612010637,0.7543261261496554,14.698436796562104,1.3966485209919322,4
023_S_6356,1602058.75,1172740.0,483997.15625,1656737.15625,3258796.0,0.5083893426437248,3058645.0,286.360107421875,101.28759765625,2.827198109353193,17.819107634091885,3.0,3.0,1656737.15625,0.0,0.0,,1656737.15625,,286.360107421875,0.0,0.0,,286.360107421875,,2.827198109353193,0.0,0.0,,2.827198109353193,,17.819107634091885,0.0,0.0,,17.819107634091885,,1
023_S_6369,1952224.5,1088141.75,725914.875,1814056.625,3766281.0,0.4816572701293398,3465193.0,315.75836181640625,119.52137756347656,2.64185675911285,13.917367631352636,3.0,3.0,1844039.0,29982.375,1.652780546472743,-1974.560216054637,1750913.40625,162398.83229549337,237.9932403564453,-77.76512145996094,-24.628048173487958,-13.100401202703631,289.51420338948566,44.252948812278206,2.660632880913837,0.018776121800986978,0.7107168750243712,0.006921211579724767,2.6588451920553298,0.07284724324813775,15.713201316646032,1.7958336852933954,12.90354421081609,-0.19824456437430596,15.299870958229263,1.7999879404980972,6
023_S_6535,1622043.25,1174534.25,670101.625,1844635.875,3466679.0,0.5321046093393706,3241887.0,267.5797119140625,96.53211975097656,2.7719240997961347,15.343645633899529,3.0,3.0,1758687.25,-85948.625,-4.659381624571299,-86007.49392123286,1801661.5625,42974.3125,282.92791748046875,15.34820556640625,5.735937697449787,15.35871803597228,275.2538146972656,7.674102783203125,2.809051370790961,0.037127270994826045,1.3394043147702575,0.03715270063249373,2.7904877352935475,0.018563635497413022,15.003231455668717,-0.3404141782308123,-2.218600366256617,-0.3406473386268608,15.173438544784123,0.17020708911540616,2
023_S_6702,1546831.75,1024752.6875,975931.625,2000684.3125,3547516.0,0.5639676642755099,3397972.0,281.5216979980469,97.14430236816406,2.897974335469954,17.47180113089019,3.0,3.0,1793770.9375,-206913.375,-10.342130125539233,8704.671556704105,1814078.4010416667,241939.31937387228,272.537109375,-8.984588623046875,-3.191437351698983,-2.0953099934082267,275.6874008178711,13.12619428223645,2.706076603419234,-0.19189773205072003,-6.621788526626157,-0.024541174253722285,2.743682338035415,0.09838060154883811,17.395991654026258,-0.07580947686393102,-0.4338961753055881,0.11858409291965534,16.881662928318967,0.8695518086494918,6
024_S_1393,1572795.5,848988.3125,370681.125,1219669.4375,2792465.0,0.4367716112825048,2680985.8578443527,596.3638305664062,198.13699340820312,3.009856046053538,8.255371813955502,1.5,1.5,1219669.4375,0.0,0.0,,1219669.4375,,596.3638305664062,0.0,0.0,,596.3638305664062,,3.009856046053538,0.0,0.0,,3.009856046053538,,8.255371813955502,0.0,0.0,,8.255371813955502,,1
024_S_1400,1938573.25,574283.5625,382919.0625,957202.625,2895776.0,0.330551335807742,2764159.802205116,652.6409912109375,250.76657104492188,2.602583693228556,9.037506978410349,1.5,1.5,1139360.15625,182157.53125,19.030195539841944,365566.14444539836,1048281.390625,91078.765625,565.2821655273438,-87.35882568359375,-13.385433471088678,-175.31764330182756,608.9615783691406,43.679412841796875,2.6309698891067246,0.028386195878168596,1.090692912278835,0.05696735189286307,2.6167767911676405,0.014193097939084298,8.038699696338325,-0.9988072820720237,-11.051800949731701,-2.004474504268168,8.538103337374338,0.49940364103601187,2
024_S_2239,1755393.5,805567.125,792476.25,1598043.375,3353437.0,0.4765389583880657,3022904.98296147,330.7232971191406,125.63043975830078,2.6325092479410785,14.46652368879016,3.0,3.0,1700590.4375,102547.0625,6.417038742768794,10018.475885876001,1431322.8229166667,174392.4774281524,403.8414001464844,73.11810302734375,22.108543203414996,6.9326259408530415,306.1652018229167,39.1343282774638,2.6737533112107483,0.041244063269669784,1.5667205462593277,0.00358222320781476,2.653904922372048,0.07368373785145065,16.267091361149568,1.8005676723594082,12.446443327325655,0.03006673123407127,15.102141961141854,1.2649083996452373,9
024_S_4169,2191450.25,1107819.75,1056236.875,2164056.625,4355507.0,0.4968552742539502,3915286.8801572593,307.4123840332031,112.5990753173828,2.730150140545562,11.301272939705823,3.0,3.0,1931041.875,-233014.75,-10.767497823676402,-30833.651094834317,2056393.3541666667,90435.61973098415,126.4067153930664,-181.00566864013672,-58.88040887142223,-25.484920130324017,273.27440516153973,67.11318432003522,2.85591444961944,0.12576430907387826,4.606497906695599,0.0036703105654482923,2.787154553723232,0.10520350150057817,11.633799968514449,0.3325270288086255,2.942385610742371,-0.07326556183345877,12.057504160693332,0.83708579934766,6
024_S_4392,2143831.25,785688.6875,405712.0625,1191400.75,3335232.0,0.3572167543367298,3098362.700880482,264.40234375,110.89972686767578,2.3841568309841272,14.819533466262596,3.0,3.0,1158896.40625,-32504.34375,-2.728246037280067,-23311.315486674088,1179466.21875,18927.94492976351,250.7370147705078,-13.665328979492188,-5.16838420782425,-4.427645195258354,253.81853103637695,6.34124601590178,2.461770128732016,0.07761329774788894,3.255377194119059,0.026601159912338183,2.426376858214814,0.03711413360550244,13.279712889398615,-1.5398205768639812,-10.390479432901577,-1.588347150001491,15.121532194053485,1.5583044543825368,4
024_S_4674,1944390.75,922084.375,429769.9375,1351854.3125,3296245.0,0.4101194882358562,2983243.820059696,208.90841674804688,84.10043334960938,2.484034932323952,13.724052321257965,3.0,3.0,1764505.5625,412651.25,30.524831424835952,17079.775858451336,1378583.184375,274682.1703303796,261.14166259765625,52.233245849609375,25.002939882793264,6.042816925930213,230.76520004272462,49.81483954031895,2.491919051876494,0.007884119552541868,0.317391653794733,0.011300656851885084,2.3769416661207443,0.11966008914819638,15.07910489943601,1.3550525781780447,9.873560275481658,0.27504855234123066,14.169823235631322,1.5417383807841896,10
024_S_6033,1778499.0,827477.375,403104.59375,1230581.96875,3009081.0,0.4089560795305942,2870186.8204340804,124.7515640258789,48.99269104003906,2.54633005110081,17.822744556058147,3.0,3.0,1450077.5625,219495.59375,17.836730857754983,77403.30828129333,1318525.234375,118313.81659894684,291.2642517089844,166.51268768310547,133.4754309361312,44.33359559408329,243.39697456359863,70.54565918927894,2.828929720467167,0.28259966936635683,11.098312618357761,0.10021096103354533,2.6828182990334555,0.15805404365487394,17.977399635906863,0.15465507984871607,0.8677399788920114,-0.06498813398462745,19.031674204693445,1.1371197769169652,4
024_S_6846,1734837.625,1200072.125,643159.25,1843231.375,3578069.0,0.5151469619507059,3332511.0,324.5131225585937,119.9638900756836,2.705090003740066,17.10176828572317,3.0,3.0,1957734.375,114503.0,6.212079587675205,43912.07261072076,1892160.3333333333,48204.62185053911,366.8587951660156,42.34567260742193,13.048986208493323,15.231186792120157,336.1672058105469,21.910560256411923,2.6966373121349485,-0.008452691605117302,-0.31247358104279654,-0.005461143328145856,2.6873019882447022,0.019487066709538814,14.041404963431606,-3.0603633222915647,-17.895011037229438,-1.2310142600173717,15.427667122680697,1.2658579133497938,3
027_S_0116,1710940.0,818193.0,401560.125,1219753.125,2930693.0,0.4161995558729625,2674945.616912842,291.2762756347656,110.24982452392578,2.641965864803609,9.037722189210122,1.5,1.5,1028136.375,-191616.75,-15.709469897853307,-44406.557769392915,1120779.8526785714,61549.832481260106,717.1675415039062,425.8912658691406,146.2155697167627,66.3808573465954,641.3014744349888,147.49435601006405,2.572110972624817,-0.06985489217879204,-2.644049762693838,-0.0035542653092989667,2.632560096173493,0.04179632760087323,8.891717041829676,-0.14600514738044623,-1.6155082478055989,-0.11038382864621445,8.91073727211445,0.25548824000381787,7
027_S_0179,2053955.5,581739.1875,389354.28125,971093.46875,3025049.0,0.3210174343456916,2888574.997705221,879.6314697265625,368.8444519042969,2.384830415098578,7.626615516122698,1.5,1.5,861525.4375,-109568.03125,-11.282954192971447,-109612.889594986,910853.8854166666,45391.467811038914,754.5452880859375,-125.086181640625,-14.220294060137324,-124.94916778304233,776.5324096679688,76.79408888678478,2.3423965833653484,-0.04243383173322979,-1.7793228174455233,-0.04279171979987959,2.4236022938115176,0.08658762014751244,7.77045646251431,0.14384094639161216,1.8860390442855262,0.14363705995062806,7.753622065209477,0.09755675864475664,3
027_S_0256,2233492.75,543440.0,380959.1875,924399.1875,3157892.0,0.2927266630714413,2891645.1719973017,970.8678588867188,401.5594482421875,2.417743775470644,9.144241747919084,1.5,1.5,835926.875,-88472.3125,-9.570790811626498,-177552.26450892858,880163.03125,44236.15625,708.9308471679688,-261.93701171875,-26.979676927312195,-525.6730413751287,839.8993530273438,130.968505859375,2.3606843536904987,-0.057059421780145225,-2.3600276571506384,-0.11451073519339584,2.389214064580571,0.028529710890072613,8.79460173589083,-0.3496400120282548,-3.823608579769021,-0.7016813977654948,8.969421741904956,0.1748200060141274,2
027_S_0307,2108886.0,533119.5,410131.5625,943251.0625,3052137.0,0.3090461085134776,2897740.7023988664,926.382080078125,398.2301940917969,2.326247711740148,8.25534946477794,1.5,1.5,685865.25,-257385.8125,-27.28709489261773,-103325.36987356626,855258.6484375,103405.8920114246,759.6846313476562,-166.69744873046875,-17.994459555652302,-52.74332276845504,841.2694854736328,59.68449247849671,2.416445650416328,0.09019793867617976,3.8774004256282426,0.03348463271450755,2.3724709446402414,0.0328853076623443,7.919659739164713,-0.33568972561322674,-4.066329681686667,0.029510860420272126,8.15651571876506,0.4211699642808925,4
027_S_0408,2088129.75,528831.5,288365.75,817197.25,2905327.0,0.2812754812108929,2869084.422272444,688.4320678710938,275.3296203613281,2.5003923096513896,9.035249243983102,1.5,1.5,979940.4375,162743.1875,19.914798722095554,-28040.455866393386,1076525.4609375,242465.19377244252,757.0662231445312,68.6341552734375,9.969633675793409,48.15988940305129,690.7957458496094,66.9775521697187,2.4697948771396687,-0.030597432511720868,-1.2237052719133836,-0.10952986808475373,2.6687211812637788,0.2672221498247686,9.425301113225167,0.3900518692420647,4.317001763972525,0.40197258686476967,8.739856547340707,0.7354416301384734,4
027_S_0417,1604605.5,451162.75,388374.75,839537.5,2444143.0,0.3434895175936923,2527801.9714508057,417.6086730957031,182.55758666992188,2.287544869681186,7.077154811444762,2.89362,1.5,812526.0,-27011.5,-3.217426261483257,-54208.518543956045,826031.75,13505.75,947.9637451171876,530.3550720214845,126.99809802559902,1064.352692614545,682.7862091064453,265.17753601074224,2.2808617456008977,-0.006683124080288483,-0.29215269911710656,-0.013412148738051475,2.284203307641042,0.0033415620401442414,8.957004435194532,1.8798496237497702,26.562222726988914,3.7726103026077116,8.017079623319647,0.9399248118748851,2
027_S_0485,1937836.75,458514.5,314293.6875,772808.1875,2710645.0,0.2851012166845898,2593486.841905117,682.964599609375,276.1514587402344,2.4731522341102776,9.422320163404462,1.5,1.5,772808.1875,0.0,0.0,,772808.1875,,682.964599609375,0.0,0.0,,682.964599609375,,2.4731522341102776,0.0,0.0,,2.4731522341102776,,9.422320163404462,0.0,0.0,,9.422320163404462,,1
027_S_0644,1816396.875,783795.0,472238.125,1256033.125,3072430.0,0.4088077271085102,2942232.087810337,799.859130859375,317.7342529296875,2.5173840118490296,8.31203850704317,1.5,1.5,960473.875,-295559.25,-23.53116682332721,-81655.16168174334,1150238.875,126307.3879073328,815.931640625,16.072509765625,2.0094175518577337,4.312709849342602,816.509716796875,18.965301766110542,2.5122788595668144,-0.005105152282215197,-0.20279592855860876,-0.005022934466516144,2.5217154527012657,0.023152249681974883,8.333923568301508,0.021885061258338112,0.26329354994919596,-0.016573968507750305,7.930355965254742,0.33503509422479477,5
027_S_0835,1986071.75,447019.96875,346941.375,793961.34375,2780033.0,0.285594215518305,2791968.0996398926,398.628173828125,165.7765655517578,2.404611110724552,7.256097346755564,2.89362,1.5,690008.1875,-103953.15625,-13.092974496593682,-25514.32566897942,717301.42578125,49138.88348841932,786.5154418945312,387.88726806640625,97.3055327076932,134.7790790616959,672.6360015869141,159.30316033421258,2.481197457845807,0.07658634712125512,3.184978509817261,0.06875264764409221,2.4113904088999165,0.04602962785502593,8.730351834247312,1.4742544874917476,20.317457402234748,0.112753896702627,8.760811816487408,0.9580652412461548,4
027_S_1045,1987203.0,436260.34375,298532.65625,734793.0,2721996.0,0.2699463922797829,2482073.1018081307,863.9415893554688,359.1944580078125,2.4052197011665983,9.449400230901457,1.5,1.5,692212.65625,-42580.34375,-5.794876073941913,-18161.0021885715,674639.7109375,41727.39641450084,825.7872314453125,-38.15435791015625,-4.416312211410121,11.483101703187204,785.5438232421875,76.96759133522181,2.416087171159459,0.010867469992860812,0.45182857880258454,-0.0033505757372856177,2.4175706797485073,0.015725788220254104,9.383675609047687,-0.0657246218537697,-0.695542788407214,-0.06073309021777457,9.072027877029074,0.3507237180772958,4
027_S_10457,1608653.5,1191115.125,571579.3125,1762694.4375,3371348.0,0.5228455909920898,3169491.0,1025.9342041015625,381.9713745117188,2.6858928963646576,21.50085261225109,3.0,3.0,1762694.4375,0.0,0.0,,1762694.4375,,1025.9342041015625,0.0,0.0,,1025.9342041015625,,2.6858928963646576,0.0,0.0,,2.6858928963646576,,21.50085261225109,0.0,0.0,,21.50085261225109,,1
027_S_1213,1893923.5,363361.25,226631.1875,589992.4375,2483916.0,0.237525116590094,2373688.41650784,869.0632934570312,377.3280944824219,2.3032032437073515,9.437556479630652,1.5,1.5,540519.5,-49472.9375,-8.385351125793033,-99285.66165865383,565255.96875,24736.46875,862.980712890625,-6.08258056640625,-0.6999007566192863,-12.206937098241113,866.0220031738281,3.041290283203125,2.2769677411485607,-0.026235502558790813,-1.1390876003005637,-0.05265119400878211,2.290085492427956,0.013117751279395407,9.12183802892054,-0.3157184507101132,-3.345341046610289,-0.6336052973729057,9.279697254275597,0.1578592253550566,2
027_S_1277,1804014.25,534926.0,364249.75,899175.75,2703190.0,0.332635053399872,2734485.845825196,367.354248046875,151.81483459472656,2.419751973565589,7.122238627140949,2.89362,2.89362,969500.0625,70324.3125,7.820975209796305,-54844.883885645606,987719.125,80767.32333419446,327.1779479980469,-40.176300048828125,-10.936664068112686,-527.4792104448591,502.4026184082031,220.0084144505853,2.475055598632373,0.05530362506678399,2.2855080054048753,-0.03473695645629272,2.4865949571996473,0.05984684014552984,7.265329181849763,0.14309055470881393,2.009067123411648,-0.5878931081387596,7.460622899725654,0.38186199500017043,3
027_S_1387,1639853.875,513180.75,405613.34375,918794.09375,2558648.0,0.3590935891728756,2613284.954055786,395.3075256347656,164.33023071289062,2.4055678709528427,6.91025527809219,2.89362,3.0,846330.84375,-72463.25,-7.886777950894943,21901.19843731225,806100.6328125,82699.82604870474,335.2364807128906,-60.071044921875,-15.196028667912618,-228.7384051105962,442.4613342285156,148.66630713945102,2.3365253191548496,-0.06904255179799312,-2.8701144803137666,-0.05038792579245229,2.3901954710949247,0.033835485824395495,7.381295676480172,0.4710403983879816,6.81654120479943,-0.29776021351769777,7.183335085624857,0.621163993500948,4
027_S_2183,1526821.25,478992.5,292920.3125,771912.8125,2298734.0,0.3357991018099527,2521441.26274248,2413.29150390625,1163.3111572265625,2.0745021543378384,20.099588430040644,3.0,3.0,814147.0625,42234.25,5.471375693741319,-6.828632449266115,737693.6852678572,55018.22799999955,2378.93115234375,-34.3603515625,-1.4237961517240236,3.2077878659619645,2325.3428780691966,127.16289334700433,2.018455498272483,-0.056046656065355194,-2.7016918708982858,-0.011355297929655518,2.021640900061906,0.04929584384673442,18.44733379286741,-1.6522546371732325,-8.220340644904894,-0.2751644015330305,19.2113064240095,1.4231457103954035,7
027_S_2219,2139878.25,436031.46875,258109.328125,694140.796875,2834019.0,0.2449315960390526,2679899.010831897,1937.18994140625,927.8128662109376,2.0879101916635,21.26601745365452,3.0,3.0,1150650.25,456509.453125,65.76611764935748,58300.19822670062,891535.8956805511,202578.6626042029,1411.8370361328125,-525.3529052734375,-27.119328571986696,-73.18363754535004,1913.8279296875,381.9755758161294,2.179107933120954,0.09119774145745385,4.367895794636353,0.015562743855554168,2.0804500354357813,0.07001016805089236,18.781098192746363,-2.484919260908157,-11.684930036023875,-0.6283666796324016,18.63335772470132,2.549241592003944,10
027_S_2245,1284078.5,352200.84375,213996.625,566197.46875,1850276.0,0.3060070328696908,2002023.081958713,2001.577392578125,994.3344116210938,2.012982118663589,29.2261881237927,3.0,3.0,1695578.4375,1129380.96875,199.4676824047529,55831.67048276173,746937.6316964285,311764.67800582433,1174.600830078125,-826.9765625,-41.31624215813187,-66.0906296774389,1864.1367972237724,420.1440278628139,2.71958453502618,0.7066024163625912,35.10226990151815,0.028418581884014943,2.160187823027545,0.16946821122102942,21.52009044570882,-7.706097678083879,-26.367098047283267,-1.0725863644939655,24.587535806466256,5.290529594197377,14
027_S_2336,1449716.75,330692.4375,178517.921875,509210.359375,1958927.0,0.2599435095718217,2002743.294601885,1766.5269775390625,883.8196411132812,1.998741477746704,30.389316568070747,3.0,3.0,433181.765625,-76028.59375,-14.930684804471925,-16516.38206072606,455363.97991071426,33550.963249017484,2237.114013671875,470.5870361328125,26.639108381372374,124.30468442187097,2025.0822230747767,288.2979126548142,2.0337255665065097,0.03498408875980563,1.750305837413511,0.011430579800372752,2.024910172067106,0.035139392052403004,26.03803462246504,-4.351281945605706,-14.318459369953333,-0.6742285055191194,27.631412809162487,1.5332149699479505,7
027_S_4729,1646899.75,416206.84375,267294.46875,683501.3125,2330401.0,0.2932977253700114,2339261.250571351,1755.96044921875,841.1907958984375,2.087469876861668,25.53571949747887,3.0,3.0,573501.78125,-109999.53125,-16.093536213948383,-62276.73566702192,639485.703125,41747.650561387905,2359.580078125,603.61962890625,34.37546837543,221.75859563366217,2201.9882202148438,259.3405110007411,2.2511421831850567,0.16367230632338847,7.840702667741282,0.08426521027625639,2.1879670628534185,0.0684088015964164,24.311274108848103,-1.224445388630766,-4.795029913888485,-0.2431223344979395,24.05522575131058,0.9705063480537893,4
027_S_4757,1985626.875,381087.0,378660.125,759747.125,2745374.0,0.2767372041113524,2554440.723515469,2190.226806640625,933.0521240234376,2.3473788311511625,23.26461600075628,3.0,3.0,1452182.75,692435.625,91.14027578584124,442577.2535499392,858820.7734375,347916.16851076303,856665.1875,854474.9606933594,39013.08111573865,505195.4283695377,215919.9390258789,369934.45279970136,2.7631494676521537,0.4157706365009912,17.71212345376293,0.2876721640342159,2.356048564073637,0.247632757661364,26.07153095335799,2.8069149526017085,12.065167774574324,1.7649499592664073,23.56755845505795,1.4900045987749913,4
027_S_4804,2164250.5,456300.375,275350.28125,731650.65625,2895901.0,0.2526504380674615,2769056.6899099583,2187.421630859375,1013.2695922851562,2.1587755572211145,20.917983438964576,3.0,3.0,761383.28125,29732.625,4.063773434222216,44766.72483386252,738904.375,16224.713621617968,2224.77197265625,37.350341796875,1.7075053693329862,77.71725719507992,2171.6355794270835,51.06524938200594,2.064116343040346,-0.09465921418076828,-4.384856677857629,-0.12422345039496827,2.114471325199082,0.03888058976098269,20.97651142872236,0.05852798975778484,0.2797974763129554,-0.09413259096695299,21.143510732344456,0.2785847906972404,3
027_S_4869,2089360.375,442466.4375,301679.15625,744145.59375,2833506.0,0.2626236167313568,2657545.640432847,2196.513916015625,1048.3927001953125,2.0951251506342,17.805718869986993,3.0,3.0,1696008.9375,951863.34375,127.91358999429674,87023.77352285094,1041352.1577804518,317069.0454407663,661.4622802734375,-1535.0516357421875,-69.88581426912607,-125.62432604012281,1711.1761252663352,438.65741884975466,2.3566966448669646,0.2615714942327645,12.484767039028007,0.01548779399675054,2.1794820192920468,0.07913183387675879,14.854299204219638,-2.9514196657673555,-16.57568384246601,-0.40618037009076047,16.677862365124927,1.641229237158572,11
027_S_4873,1583219.5,464447.0625,195553.46875,660000.53125,2243220.0,0.2942201528383306,2365725.349223982,2668.91455078125,1414.988525390625,1.88617398728254,20.442426783156343,3.0,3.0,589236.765625,-70763.765625,-10.7217740402387,-40309.27414526477,643431.31640625,31711.164573882834,2522.952880859375,-145.961669921875,-5.468952532749646,-57.12084787132689,2610.666748046875,74.00966623421563,1.982621294726028,0.09644730744348795,5.113383393779176,0.04177150088824448,1.9459546606506435,0.036016275370142944,18.689855793739728,-1.7525709894166148,-8.573204189537105,-0.7618831836302812,19.305027861421497,0.6738743616125008,4
027_S_4919,1746156.25,474263.1875,292093.4375,766356.625,2512513.0,0.3050159839968987,2581731.860295438,2272.478271484375,1088.9566650390625,2.0868399472223422,20.41570032572185,3.0,3.0,1147825.625,381469.0,49.77695599617215,20887.257354323032,744856.3394886364,137932.75980172778,691.0573120117188,-1581.4209594726562,-69.59014655131016,-98.1693535442627,1990.3272316672585,439.88870472089843,2.290840430819161,0.20400048359681877,9.775569222179719,0.025771806415879724,2.2169368104817253,0.12379623142873042,13.918363830320583,-6.497336495401267,-31.825195274909273,-0.7982349252755119,16.98616453154562,2.7249790778896474,11
027_S_4926,1713751.5,815855.8125,441219.6875,1257075.5,2970827.0,0.4231399202982873,2828510.716177835,2063.3388671875,866.6325073242188,2.380869454317282,24.838959823407723,3.0,3.0,1242311.9375,-14763.5625,-1.1744372155849032,-10062.812925121729,1235536.328125,26906.130873661048,2021.2657470703125,-42.0731201171875,-2.0390795126414023,-20.593489365489482,2023.4332580566406,31.423250591073376,2.3412103430789646,-0.03965911123831756,-1.6657406884028367,-0.013789632892611283,2.345488184541347,0.021084415133001726,21.2510572104458,-3.5879026129619227,-14.444657258073896,-1.319128791287011,22.736516195807454,1.5096588881916249,4
027_S_4936,2208089.75,440053.8125,241977.5,682031.3125,2890121.0,0.2359871135153164,2695250.298127385,2258.284423828125,1030.8262939453125,2.19075166679555,18.532807914246813,3.0,3.0,725065.59375,43034.28125,6.309722216749396,5587.332035520124,735314.171875,35622.44140107877,2157.662109375,-100.622314453125,-4.455697138563058,-49.207313138483244,2193.6028442382812,41.477928141069874,2.0989653808078046,-0.09178628598774541,-4.189716588097033,-0.03801900510598548,2.1161456759677684,0.045379544066213716,18.722772286497992,0.18996437225117901,1.0250166792326532,-0.07274266577217799,18.423969552141095,0.6700441599446764,4
027_S_4955,1784032.625,884054.5,460684.875,1344739.375,3128772.0,0.4297978168431576,3001450.1356236385,2039.582763671875,837.2118530273438,2.436160875960628,24.065946693786422,3.0,3.0,1167529.8125,-177209.5625,-13.177985697042596,-99276.17617700326,1107315.7708333333,222548.77131880843,2107.62109375,68.038330078125,3.3358945412754477,98.84799664664871,2060.3468424479165,33.51015294380041,2.509044105091445,0.07288322913081702,2.991724801510806,0.10515458978043837,2.459252225890613,0.035238993266373766,24.77749226515293,0.7115455713665071,2.9566489962774694,1.2281125359722664,24.05781926041968,0.5909565033664919,3
027_S_4966,1427050.25,387011.75,290069.875,677081.625,2104132.0,0.3217866678516367,2316644.6415786087,2436.962646484375,1212.8328857421875,2.0093144514165875,15.658040051969156,3.0,3.0,715048.59375,37966.96875,5.607443378780217,-16565.42712797453,771803.5833333334,108226.06584252944,2691.27685546875,254.314208984375,10.435704024895713,247.57740502638003,2655.864013671875,166.1725176543073,2.0204440483339443,0.011129596917356821,0.5539002075812643,-0.006087338492615565,2.0385084020456943,0.033724150384805536,14.440605467413738,-1.2174345845554182,-7.775140314590737,-1.2021758788594084,14.629825513766603,0.7739382231735277,3
027_S_6002,2077768.75,494725.3125,385785.875,880511.1875,2958280.0,0.2976429504644591,2920063.162159611,1960.521728515625,946.23388671875,2.071920858004985,22.12619395315574,3.0,3.0,1010391.21875,129880.03125,14.750525955128765,129968.99017551368,945451.203125,64940.015625,1644.5162353515625,-316.0054931640625,-16.118438707808693,-316.221935282668,1802.5189819335938,158.00274658203125,2.0735471005189305,0.0016262425139457193,0.07848960580046474,0.0016273563786812985,2.0727339792619577,0.0008131212569728596,14.140512799446864,-7.985681153708878,-36.091526498482686,-7.991150798334705,18.1333533763013,3.992840576854439,2
027_S_6034,1804986.75,556378.125,402088.125,958466.25,2763453.0,0.3468364578662998,2567803.0,1913.20361328125,927.42578125,2.062918294809191,20.527731206777226,3.0,3.0,875356.75,-83109.5,-8.67109300927393,-20770.32628958167,896324.6458333334,44708.3358446819,1279.3011474609375,-633.9024658203125,-33.13303724809168,-158.49234411414048,1645.2029215494792,267.8887212858336,2.0221981787029,-0.040720116106291115,-1.9739083321308908,-0.010173717038266736,2.024119249278988,0.030924863152106054,20.9200496023566,0.3923183955793732,1.9111629611062393,0.09802322496295814,20.888570304708058,0.2826503604679417,3
027_S_6370,1827721.75,454804.3125,294249.9375,749054.25,2576776.0,0.2906943599288413,2563891.0,1344.7738037109375,675.6130981445312,1.9904495715280013,20.71932879004386,3.0,3.0,756547.0625,7492.8125,1.0003030488112177,7497.9445633561645,752800.65625,3746.40625,1429.8740234375,85.1002197265625,6.32821813540138,85.15850754829302,1387.3239135742188,42.55010986328125,1.967446465820149,-0.023003105707852356,-1.155673875736206,-0.02301886125970705,1.978948018674075,0.011501552853926178,21.776981118393586,1.0576523283497252,5.104665016262268,1.0583767477527044,21.248154954218723,0.5288261641748626,2
027_S_6640,1897188.5,567455.5625,337654.8125,905110.375,2802299.0,0.3229885087208752,2589841.0,1285.218017578125,626.5156860351562,2.051374042460339,18.589442170656785,3.0,3.0,932638.53125,27528.15625,3.0414142860753306,11012.770066059695,918874.453125,13764.078125,1401.2618408203125,116.0438232421875,9.029115811873023,46.423884380294616,1343.2399291992188,58.02191162109375,2.0587953999204665,0.00742135746012762,0.3617749521304623,0.002968949411075151,2.0550847211904024,0.00371067873006381,17.249888774465408,-1.339553396191377,-7.205990281439679,-0.5358947184653894,17.919665472561096,0.6697766980956885,2
027_S_6643,1935349.25,659819.8125,582117.0,1241936.8125,3177286.0,0.390879767354906,2726379.0,1642.2230224609375,735.9189453125,2.23152703254848,13.933569116484495,3.0,3.0,1209988.5,-31948.3125,-2.572458773944266,-31970.194905821918,1225962.65625,15974.15625,1745.3902587890625,103.167236328125,6.282169651569294,103.23789881876068,1693.806640625,51.5836181640625,2.2927774348157675,0.061250402267287285,2.744775276028686,0.061292354597607346,2.262152233682124,0.030625201133643642,12.230246005645704,-1.7033231108387916,-12.224600148024011,-1.7044897705037494,13.0819075610651,0.8516615554193958,2
027_S_6788,1493150.0,610201.125,471266.8125,1081467.9375,2574618.0,0.4200498627369186,2445419.0,1858.700927734375,866.8750610351562,2.144139345029394,15.573748121548958,3.0,3.0,1231553.3125,150085.375,13.877931078284972,62860.23767425275,1133690.7395833333,69251.45706535492,833.47900390625,-1025.221923828125,-55.15798203629231,-415.9972322915874,1417.3196207682292,430.4966043276518,2.219085200683372,0.07494585565397793,3.4953817636768614,0.03140369755581869,2.170127735468944,0.034640093503888233,13.811640243648146,-1.762107877900812,-11.314603678883394,-0.6115609399292067,14.161500674252906,1.0401139915944118,3
027_S_6842,1191424.75,616801.375,631356.875,1248158.25,2439583.0,0.5116277044068597,2503537.0,1820.6790771484373,753.9730834960938,2.414779936561344,13.9291515169825,3.0,3.0,1098241.75,-149916.5,-12.011017032495678,-150019.18253424656,1173200.0,74958.25,1946.9471435546875,126.26806640625023,6.935218182658106,126.3545513832408,1883.8131103515625,63.134033203125114,2.420277048110282,0.005497111548938172,0.22764441039567687,0.005500876693834705,2.417528492335813,0.002748555774469086,14.126178055785788,0.19702653880328747,1.4144905995391865,0.1971614884873993,14.027664786384143,0.09851326940164373,2
027_S_6961,441923.03125,339781.625,307711.34375,647492.96875,1089416.0,0.5943486865898794,2083579.0,1504.539306640625,714.6806640625,2.105191003745779,15.369203618810513,3.0,3.0,1669581.125,1022088.15625,157.8531668418214,227217.10229477327,1158537.046875,511044.078125,1177.744140625,-326.795166015625,-21.72061338465805,-72.64877321193369,1341.1417236328125,163.3975830078125,2.644405381226339,0.53921437748056,25.61356078954986,0.11987099901081837,2.374798192486059,0.26960718874028,21.54819068411332,6.178987065302806,40.20369056559499,1.3736305694472613,18.458697151461916,3.089493532651403,2
029_S_0878,1920678.5,534629.125,367685.4375,902314.5625,2822993.0,0.3196304640146114,2733791.9900894165,332.02349853515625,135.8157196044922,2.4446617597534166,7.169133237851498,1.5,1.5,1013534.875,111220.3125,12.326112990113689,49641.56289750688,1008893.25,85189.44774832187,555.5202026367188,223.4967041015625,67.31352000313242,128.57549669241337,479.2783610026042,104.14679073939155,2.334179545957547,-0.11048221379586964,-4.519325152245747,-0.0790527107163463,2.4078399037787803,0.05208573896333706,6.940892675061787,-0.22824056278971128,-3.1836563112629808,-0.1779610525907773,7.127076378500555,0.1380889785987732,3
029_S_0914,1783775.25,736481.4375,412864.34375,1149345.78125,2933121.0,0.3918507900799183,2917241.948664933,779.7008056640625,299.305419921875,2.6050340259877243,8.289313725965185,1.5,1.5,790542.375,-358803.40625,-31.218055706418856,-94820.8774589963,1061689.89375,136479.47210567168,435.8570861816406,-343.8437194824219,-44.09944391292171,-81.84267625398526,519.4741943359375,131.79687056853004,2.44988992085242,-0.1551441051353044,-5.955550046087402,-0.037216387194775706,2.5852794312391,0.0718312340987509,8.13982807976,-0.14948564620518567,-1.8033537051075959,-0.17853116187946289,8.335909532008763,0.3394695616112787,5
029_S_1073,1193071.25,674442.75,258795.890625,933238.640625,2126310.0,0.4389005557162408,2054580.868667364,717.313232421875,260.80181884765625,2.75041498115651,9.282667958000784,1.5,1.5,951923.96875,18685.328125,2.002202578376548,-2786.836315884317,924586.34765625,29488.890470521586,456.9282836914063,-260.3849487304687,-36.300034205604604,-135.77944651710874,487.0449981689453,137.34168803979222,2.6926275159972346,-0.05778746515927535,-2.1010453169861862,-0.024631444300811697,2.708257405259114,0.028610242008693818,8.900748618658374,-0.38191933934241007,-4.1143272717541475,-0.11255973423489617,9.227469628328777,0.21457097204095063,4
029_S_1215,1420373.0,770740.75,378365.15625,1149105.90625,2569479.0,0.4472135815276171,2496653.0647292733,448.2572021484375,161.56900024414062,2.7744010218339685,8.790928262004261,1.5,1.5,1193351.71875,44245.8125,3.8504555811041024,34161.70109699007,1184416.03125,25963.194410900775,473.946044921875,25.6888427734375,5.730826554557132,15.124144450613397,457.8228759765625,11.466755350971534,2.661601753642632,-0.11279926819133657,-4.065716070014011,-0.07579547822940524,2.7106074627872,0.04722237537914113,8.929923119373466,0.13899485736920525,1.5811169563282903,0.077282865946885,8.832122685971477,0.06944097168035916,3
029_S_1218,1413597.625,636036.0,334471.46875,970507.46875,2384105.0,0.4070741300194412,2315586.8845805526,426.4901428222656,173.5470733642578,2.457489671805736,9.618716983821985,1.5,1.5,959067.8125,-11439.65625,-1.1787293368008922,7694.471696111746,992957.40625,40110.87566468589,407.5072937011719,-18.98284912109375,-4.450946742983604,-8.402668082392562,417.798095703125,7.831736847385346,2.5855133086754267,0.12802363686969054,5.20952898962217,0.0743501554157911,2.554482193133907,0.0700509014424459,9.156667997519929,-0.46204898630205626,-4.803644676095478,-0.1589112150065753,9.50613884715571,0.2522709317767026,3
029_S_1318,1690891.125,409584.8125,277378.03125,686962.84375,2377854.0,0.2889003461734825,2342894.7838827968,464.8728942871094,185.22622680664065,2.509757391228604,8.929926691130289,1.5,1.5,624218.75,-62744.09375,-9.133549844922015,-45279.78711861451,751536.55859375,154590.99564714808,483.2205505371094,18.34765625,3.946811370479333,14.404618187665843,479.3338928222656,17.067952472763952,2.3662465938069883,-0.14351079742161588,-5.718114345361601,-0.07212749611442106,2.459404120804652,0.06530790210173652,8.831083758235959,-0.0988429328943301,-1.1068728368454193,0.01476770202960205,8.835170885006,0.22537327628612172,4
029_S_1384,2197215.0,575245.875,280212.875,855458.75,3052674.0,0.2802325928022448,2722279.678429663,572.901123046875,255.90670776367188,2.238710840425623,7.658265802023606,1.5,1.5,732441.921875,-123016.828125,-14.380217412587108,-61768.24748236608,711470.33984375,102015.17504622875,537.0402221679688,-35.86090087890625,-6.259527069555439,-14.6478845873989,529.8356018066406,36.50557964204357,2.1937271802726053,-0.0449836601530178,-2.0093555335831366,-0.018162292582340936,2.233531683569794,0.02397940852416132,8.039159281884004,0.380893479860398,4.973625749053414,0.2806343672166295,8.073754679840889,0.3126865595856615,4
029_S_2376,1753755.125,387273.0625,195383.8125,582656.875,2336412.0,0.2493810488047484,2457531.5768310702,1486.28515625,772.90087890625,1.922995813422131,16.980535551743227,3.0,3.0,576202.78125,-6454.09375,-1.1077006085271026,-17211.073441017146,599357.04296875,24792.86292702664,1377.00146484375,-109.28369140625,-7.35280783412924,-120.34237360087052,1507.2915649414062,123.8452987471032,1.9579989231314647,0.035003109709333735,1.820238477120904,-0.0025512113013554188,1.9560440172970512,0.03871082004097702,17.694101955429513,0.7135664036862863,4.202260885776546,0.13543570553171105,17.790041960658986,0.5215310205675959,4
029_S_2395,2134875.0,438011.5625,260652.53125,698664.09375,2833539.0,0.2465694291661417,2715130.1704634777,1685.6463623046875,779.227294921875,2.1632280736655427,18.76358600224877,3.0,3.0,1060061.0,361396.90625,51.72684691870213,58614.29806467588,795756.1116071428,215362.61244180254,2182.048828125,496.4024658203125,29.448790500850365,92.9398847800658,1741.8646937779017,340.5572107578354,2.1444120645039906,-0.018816009161552127,-0.8698116204487312,0.011542647767710865,2.1642231775582497,0.07387273452958312,14.987248613946768,-3.776337388302,-20.12588312196515,-0.7463497168743436,17.10287148694768,4.538151298076748,7
029_S_4327,1859781.125,558465.1875,278804.6875,837269.875,2697051.0,0.3104390221022887,2461234.861405254,1536.0538330078125,702.9257202148438,2.1852292306975203,20.036522015519687,3.0,3.0,562885.890625,-274383.984375,-32.77127155387025,-303326.23614532565,643064.6302083334,138017.33137036234,1348.284423828125,-187.7694091796875,-12.22414248412168,-230.38333358073837,1429.5893961588542,78.69386569508981,2.134926536884825,-0.05030269381269514,-2.301941284056439,-0.0499377354870504,2.143052592662595,0.03164566179054095,20.798046628101005,0.7615246125813186,3.800682633400471,1.4239738229585226,19.900789922430505,0.793842691244727,3
029_S_5135,1567637.0,431533.0,254070.984375,685603.984375,2253241.0,0.304274591299821,2152847.3041307894,1620.902099609375,798.712890625,2.0293926849128625,15.44761259885849,3.0,3.0,992075.75,306471.765625,44.70098958138074,175178.11016358566,838839.8671875,153235.8828125,2978.6083984375,1357.706298828125,83.76238757142222,776.0598210437756,2299.7552490234375,678.8531494140625,2.179484223450346,0.1500915385374837,7.395884475848906,0.08579175970393726,2.1044384541816044,0.07504576926874185,13.999832687308054,-1.4477799115504357,-9.372191995916705,-0.8275455597711998,14.72372264308327,0.7238899557752179,2
029_S_6726,1872371.5,634339.875,649318.5,1283658.375,3156030.0,0.4067319939924525,2951588.0,2495.580322265625,1119.7451171875,2.228703909247803,15.95625166689458,3.0,3.0,1283658.375,0.0,0.0,,1283658.375,,2495.580322265625,0.0,0.0,,2495.580322265625,,2.228703909247803,0.0,0.0,,2.228703909247803,,15.95625166689458,0.0,0.0,,15.95625166689458,,1
029_S_6798,1980761.25,689825.5,606682.125,1296507.625,3277269.0,0.3956061052663056,3005013.0,2943.472412109375,1354.4437255859375,2.17319653399614,11.555081468038855,3.0,3.0,1296507.625,0.0,0.0,,1296507.625,,2943.472412109375,0.0,0.0,,2943.472412109375,,2.17319653399614,0.0,0.0,,2.17319653399614,,11.555081468038855,0.0,0.0,,11.555081468038855,,1
031_S_0294,1935252.25,972955.75,356711.96875,1329667.71875,3264920.0,0.4072588972317851,3356685.472274758,41.47857666015625,15.083976745605469,2.7498434007064567,11.7477555847979,15000.0,15000.0,1761398.875,431731.15625,32.46910112669831,201489.65323490952,1435216.9895833333,235381.9743631597,939.754638671875,898.2760620117188,2165.638588256068,384.65817590884507,341.8304608662923,422.79776358155505,3.013280827366812,0.2634374266603552,9.580088327672623,0.09467237745012187,2.88028853804193,0.1075629596369815,14.981532750774878,3.233777165976978,27.526765794835097,1.4901754154409133,12.582803872781497,1.7220436367832535,3
031_S_0351,1857029.875,894250.0,272091.25,1166341.25,3023371.0,0.3857751000456113,3096850.9914681315,41.99859237670898,13.869366645812988,3.028154812046381,10.443960846022062,15000.0,15000.0,1414560.84375,248219.59375,21.281901308900807,73268.35143023609,1394746.3203125,136559.46464417793,1052.635986328125,1010.637393951416,2406.3601581844487,376.30578429269923,294.3733015060425,437.78618785287335,3.2193346784423333,0.1911798663959523,6.31341124421429,0.08563631328972929,3.070501070273915,0.09307239552704255,15.461445084285604,5.017484238263542,48.04196714481768,1.8223811972583257,11.787285026551302,2.124677231980283,4
031_S_0568,1497146.0,701086.125,294944.9375,996031.0625,2493177.0,0.3995027478995675,2545672.7056905627,51.415958404541016,17.95005226135254,2.864390297673513,13.999963988343152,15000.0,15000.0,996031.0625,0.0,0.0,,996031.0625,,51.415958404541016,0.0,0.0,,51.415958404541016,,2.864390297673513,0.0,0.0,,2.864390297673513,,13.999963988343152,0.0,0.0,,13.999963988343152,,1
031_S_0821,1828648.0,849832.0,328814.0625,1178646.0625,3007294.0,0.391929110522616,3000856.743407249,42.189186096191406,14.924250602722168,2.826887888200447,12.177664893876637,15000.0,15000.0,1188244.125,9598.0625,0.8143294925740272,19262.04575892857,1183445.09375,4799.03125,43.39985275268555,1.2106666564941406,2.8696136818895224,2.429648331233433,42.79451942443848,0.6053333282470703,2.7506032950867616,-0.07628459311368552,-2.698536204145227,-0.15309311887238258,2.7887455916436044,0.03814229655684276,16.02365279523623,3.845987901359594,31.582310195557227,7.718390554788965,14.100658844556435,1.922993950679797,2
031_S_0830,1519116.875,881866.375,578651.625,1460518.0,2979635.0,0.4901667486118266,2940163.615791321,400.201171875,154.11961364746094,2.596692009582527,6.487766711961385,3.0,1.5,1850090.625,389572.625,26.67359286225846,132545.5141075161,1561525.482142857,227023.3508833518,687163.0625,686762.861328125,171604.41037954544,117554.1030168399,98515.0440134321,240314.8415894093,2.947193238062697,0.35050122848016985,13.497990026800302,0.056697669380452106,2.8516472214884905,0.11808941274812843,18.510903532503217,12.023136820541833,185.32011637186307,2.4845353997305177,14.89599759569297,4.572599720800257,7
031_S_0867,1825578.125,894740.875,407955.9375,1302696.8125,3128275.0,0.416426564959922,3185668.109343946,43.450801849365234,15.297154426574709,2.840449785447111,13.014382877272364,15000.0,15000.0,1594929.40625,292232.59375,22.43289389717456,125370.91298975032,1354601.7578125,140589.72700580434,880.98876953125,837.5379676818848,1927.5546872194723,335.3550075402375,252.06383800506592,363.1105865871004,3.0937371524785027,0.25328736703139176,8.917157005524116,0.12575269741832526,2.8822222532045583,0.13061951671810046,27.1935098112534,14.179126933981035,108.94966797651789,5.491638473072683,16.137395182190808,6.4011770074266785,4
031_S_1066,2160494.25,411083.0625,345200.625,756283.6875,2916778.0,0.2592873669165085,2837001.8915580586,386.22650146484375,156.3104248046875,2.470894052501912,6.608788148624449,3.0,15000.0,1257797.375,501513.6875,66.31290556561157,499923.8335765797,1091726.3958333333,237197.64145558997,49.033878326416016,-337.19262313842773,-87.30437239794657,-336.3782310931237,160.7762247721354,159.41943906047345,2.65910986051402,0.1882158080121079,7.6173160003169444,0.112279233737343,2.6218115341801,0.11117038557179193,11.769977808314238,5.161189659689788,78.09585575479578,2.978565805819134,10.780520401681187,3.0827070976073263,3
031_S_2018,1505329.625,705834.125,577853.25,1283687.375,2789017.0,0.4602651669028909,2672791.0705961287,596184.3125,203530.40625,2.929214968326487,28.77465710949567,3.0,3.0,1418213.625,134526.25,10.479673838032411,54834.32706525684,1381596.675,74559.8663614766,651048.5,54864.1875,9.202554704926087,7079.366620887384,623166.3375,43847.16948371639,2.8718601621749658,-0.05735480615152122,-1.9580265283257463,-0.00820750504890737,2.9036274584838155,0.025041428007016038,23.118095167656577,-5.656561941839094,-19.65813848037974,-2.073428206853245,25.444139588671174,2.3891794549461567,5
031_S_2022,2040795.125,1110897.375,1009269.3125,2120166.6875,4160962.0,0.5095376231506079,3873073.03684121,640214.75,215832.75,2.966253962834805,19.339039566604526,3.0,3.0,2183458.8125,63292.125,2.9852428760981558,32045.704676,2107767.84375,65835.71666855838,582607.9375,-57606.8125,-8.998045187181331,-26194.099809337367,632287.296875,39611.93879583269,2.927621070178017,-0.03863289265678782,-1.3024135202458167,-0.009336454596401991,2.9402178227503355,0.022749905813744257,17.07590902988504,-2.263130536719487,-11.70239364227558,-1.0001691032008801,18.56917834155148,1.0871276933711036,4
031_S_2233,1832653.5,821664.5,270573.96875,1092238.46875,2924892.0,0.3734286492458525,2754093.9493282232,631884.3125,214557.578125,2.9450570705497188,36.23198791897929,3.0,3.0,1337721.125,245482.65625,22.47518863998078,-1038.4236908690675,1425815.3177083333,196771.0565220063,1133550.5,501666.1875,79.39209402354011,67915.83625249683,694257.1041666666,204353.3843496278,2.9955762878644463,0.05051921731472753,1.7153900961687545,0.006871616818519905,2.9465644697240965,0.026923683969842942,19.046887322869267,-17.185100596110026,-47.43074168201521,-1.870734134439507,28.761060915893,5.72135364758811,6
031_S_4005,1873554.0,966693.6875,857701.375,1824395.0625,3697949.0,0.4933532243143429,3552561.616063211,592361.1875,209284.984375,2.830404623944582,26.88696592218469,3.0,3.0,1888241.25,63846.1875,3.4995812481815465,60993.45509621104,1880696.9791666667,43220.86637245074,573017.1875,-19344.0,-3.2655751943572433,-32765.169559184742,591861.0,15185.827111827413,2.8075291766443664,-0.022875447300215512,-0.808204138259753,-0.0334044680155444,2.8236209271253365,0.011425159941211214,22.64222527560521,-4.24474064657948,-15.787354582381882,-5.5798249760935725,24.911103489644514,1.7452505981160518,3
031_S_4029,2135096.0,1053782.0,801567.25,1855349.25,3990445.0,0.4649479569321216,3781474.097789218,645531.125,219067.015625,2.946728986814138,24.44399399013672,3.0,3.0,1719264.1875,-136085.0625,-7.334741019783742,-126806.72330090821,1906836.421875,131641.50015298396,611354.625,-34176.5,-5.29432256268046,-5695.181053483067,604951.15625,26573.73660660662,2.882189240343504,-0.0645397464706341,-2.190216567571467,-0.03279076606974641,2.919898164732855,0.023569443101781606,25.50739739396922,1.0634034038325026,4.350366819193261,0.7627275272531331,24.97485280247843,0.7252556081247625,4
031_S_4042,1634838.875,976850.875,827665.25,1804516.125,3439355.0,0.5246670160538822,3221924.4160649367,536755.9375,185010.8125,2.9012138817405537,35.387830118749164,3.0,3.0,1799733.1875,-4782.9375,-0.265053741207217,-30915.593430294903,1845379.828125,50853.09634522972,515385.875,-21370.0625,-3.981336955401635,-91.09876671019713,511792.234375,19563.069199156016,2.8747786809482223,-0.026435200792331415,-0.9111772475206786,-0.018541983984520807,2.8897126357831304,0.015750360643904938,34.76755446080333,-0.6202756579458324,-1.7527937029888652,-0.027608500789176687,34.33683776352935,0.7776953226885915,4
031_S_4149,1906869.0,921700.0,782314.0,1704014.0,3610883.0,0.47191061023024,3381316.0654873587,581618.4375,200956.828125,2.8942457090103204,30.09340021753287,3.0,3.0,1939385.375,235371.375,13.812760634595724,86565.72203564791,1870980.984375,98545.72596438868,639772.6875,58154.25,9.998694375984254,31598.81684574672,591999.359375,30063.652367771047,2.8927822188807584,-0.0014634901295620395,-0.05056551090344282,-0.008640387579374827,2.924428264212782,0.03339833633601853,20.41604976918432,-9.677350448348552,-32.157716902692776,-4.317470382862991,25.514244388577893,3.6604635950278586,4
031_S_4194,1799131.75,1029677.125,733752.0625,1763429.1875,3562561.0,0.4949891910622723,3392103.925291565,562382.25,181565.09375,3.097413926771938,29.88468138020776,3.0,3.0,1852034.0625,88604.875,5.024577999960092,13504.58180701964,1857226.015625,62835.83615435963,557194.25,-5188.0,-0.9225042219949153,783.2324982319718,547658.828125,13049.882318028936,3.017422910035338,-0.07999101673659981,-2.5825097525781717,-0.03659443093897392,3.0586648049530005,0.029231194320971973,27.15991759453462,-2.72476378567314,-9.117593562425318,-1.3727038358623944,28.591306233725476,0.9668020359545146,4
031_S_4203,1731532.875,777130.9375,824839.125,1601970.0625,3333503.0,0.4805665579122022,3238689.9495997466,703601.375,234803.0,2.996560414462351,19.156344257332893,3.0,3.0,1662392.25,60422.1875,3.77174261332365,9085.49352553254,1711626.8333333333,115029.14705198015,599138.0,-104463.375,-14.846954356790448,-126627.92587331831,642582.375,44420.71410213652,2.8855666327111225,-0.11099378175122876,-3.704039511953023,-0.1453633039503952,2.944267442214065,0.04553899560136329,14.8186588384689,-4.337685418863993,-22.643597132075772,-4.7530439836373315,16.03729474121119,2.2229946205804865,3
031_S_4476,2049141.5,943494.25,694264.25,1637758.5,3686900.0,0.4442101765711031,3439474.2517014965,586216.25,203254.578125,2.884147827836858,25.40141987242317,3.0,3.0,1858424.5,220666.0,13.47365927271939,80405.09245396873,1772925.625,92137.81364966625,645231.1875,59014.9375,10.067093414759485,38532.114367262926,597352.796875,28318.07881778741,2.8639723947495663,-0.02017543308729186,-0.699528397697411,-0.026149900210433483,2.8912208859485995,0.029746921633840333,20.508193508854013,-4.8932263635691555,-19.26359387839356,-2.3152907256834507,22.614148693452236,1.7734681297427777,4
031_S_4590,1510699.0,850641.5625,862670.4375,1713312.0,3224011.0,0.5314225044517528,3054052.837370289,597949.375,196668.140625,3.04039776395257,29.51036708466573,3.0,3.0,1747145.375,33833.375,1.9747351912552997,49132.747629625745,1723662.0625,16644.03812469661,572215.0625,-25734.3125,-4.303761083452926,-39017.308793331606,591984.7708333334,14341.068899058211,2.9845503578116874,-0.05584740614088268,-1.8368453892124985,-0.04671903930461839,2.9834612337871462,0.04693943332491461,25.76638343597624,-3.7439836486894897,-12.68701144227701,-3.3605268235509858,25.95822483572181,2.82525158033238,3
031_S_4721,1839910.0,973799.0625,614678.0,1588477.0625,3428387.0,0.4633307332281915,3159097.7148799924,551954.5625,199304.921875,2.7693975507710005,22.91554144744653,3.0,3.0,1560621.0625,-27856.0,-1.753629350880224,-46700.84371255755,1587198.0,21197.1074070138,587780.5625,35826.0,6.490751673060045,46526.81496317803,569288.7083333334,14648.794840959947,2.7764546216769714,0.0070570709059709635,0.25482332444492395,0.016186230362017395,2.764673800546264,0.012020849087125664,24.79008079185839,1.8745393444118612,8.180209700525058,2.46286178246051,23.789583439943332,0.7704836822330985,3
031_S_4947,1701433.25,994244.25,853902.625,1848146.875,3549580.0,0.5206663534840742,3260506.50056256,550604.9375,186417.8125,2.9536069011487105,25.43952302648362,3.0,3.0,1848146.875,0.0,0.0,,1848146.875,,550604.9375,0.0,0.0,,550604.9375,,2.9536069011487105,0.0,0.0,,2.9536069011487105,,25.43952302648362,0.0,0.0,,25.43952302648362,,1
032_S_0187,1123070.366943778,633573.4329551305,242013.18576394496,875586.6187190755,1998656.985662853,0.4380874882483588,2096514.3358370925,1539566.875,609603.625,2.525521194198073,10.636192139106395,3.0,1.5,1559194.6476070294,683608.028887954,78.07428919916875,589741.2633720636,1279786.1374967657,283279.2483355229,331900.59375,-1207666.28125,-78.44195019134847,-592192.5833576407,608929.296875,539761.5710636275,3.105675396094949,0.5801542018968759,22.97166237328259,0.3630357217153266,2.9294991074312406,0.23575727544216452,9.48190792585227,-1.154284213254126,-10.852419720871117,-0.32334957450297025,9.703970015565048,0.5963930169028714,4
032_S_0214,1880158.25,917685.25,285411.40625,1203096.65625,3083255.0,0.3902034234112975,3143247.576429695,243620.96875,84340.1171875,2.8885538326382405,9.767451926984634,1.5,1.5,1511286.9726402066,308190.3163902066,25.61642198814037,308193.97352156154,1394881.6347344026,136642.80793244095,409258.875,165637.90625,67.99000393926478,165617.07338006285,350854.3125,75926.13254776518,2.8906466014852423,0.0020927688470018246,0.07245040142078324,0.002143123437648893,2.8806772334119866,0.012647893948615548,11.336845289643122,1.569393362658488,16.06758215336294,1.5695258429342076,10.723311215198029,0.6849033000724818,3
032_S_0718,1259131.5,573409.3125,619504.125,1192913.4375,2452045.0,0.4864973675034512,2543478.961269557,484277.78125,164972.640625,2.9355036047939507,12.040320639535189,1.5,1.5,1098800.168077876,-94113.2694221239,-7.889362837538153,-68289.84373934913,1249404.026394469,108863.02691524476,317.92022705078125,-483959.8610229492,-99.9343516800977,-251742.22657303244,364873.8003692627,210605.8136771547,2.70836422343914,-0.2271393813548106,-7.737663172474763,-0.11609410568600526,2.900873007975564,0.11404871047430473,8.104134589407456,-3.9361860501277324,-32.69170454815801,-2.333739907456528,12.145981520444083,2.5039506288471713,4
032_S_0978,1714760.25,783937.5,793507.1875,1577444.6875,3292205.0,0.4791453410404273,3335550.599265844,429537.4375,140940.296875,3.0476552626954465,10.789979161906404,1.5,1.5,1542664.4674163372,-34780.220083662774,-2.204845618947433,-31305.0402149893,1580756.0724721123,32537.891907784728,391573.0625,-37964.375,-8.83843215645202,-18207.951010702483,396090.0416666667,25665.154050649617,3.072025281596159,0.02437001890071233,0.7996317430980918,0.008532524901633195,3.07645193423021,0.025512303004953964,9.78840507568371,-1.0015740862226927,-9.282446899978366,-0.5155311266618506,9.98922680873502,0.5891944920915034,3
032_S_2119,2208154.25,861417.375,611122.5625,1472539.9375,3680694.0,0.4000712739227982,3362901.729659317,225.0551605224609,89.53768920898438,2.513524304649513,14.458136522564567,3.0,3.0,1499970.1875,27430.25,1.8627847911934816,-6199.401588609188,1517264.75,41307.5617270729,235.0450134277344,9.989852905273494,4.438846406401994,4.198943089914876,237.1676254272461,19.06084204695717,2.470917518459557,-0.04260678618995595,-1.6951014203897683,-0.014475856676972076,2.4824040796051587,0.0463240482240722,13.815993757074024,-0.6421427654905436,-4.441393705809613,-0.30849270888491487,13.657806664115112,1.6617387330914113,6
032_S_2240,2266062.75,1033947.875,654529.375,1688477.25,3954540.0,0.4269718475473759,3682607.559942291,293.94952392578125,112.26145935058594,2.618436665689135,13.17608424153334,3.0,3.0,1555645.8125,-132831.4375,-7.866936762103251,-142109.26000555753,1588974.625,71625.31113448639,272.4429626464844,-21.506561279296875,-7.31641303311892,-26.374617459118095,281.74053955078125,9.018139668112909,2.697522495864752,0.07908583017561721,3.020345353848876,0.10340092889529763,2.6558984366841125,0.03242052452636566,15.080749236251652,1.9046649947183116,14.455470683122016,2.5913456603957425,13.961126600871822,0.8127710445807209,3
032_S_2247,2085263.5,1018500.9375,367834.59375,1386335.53125,3471599.0,0.3993363090754433,3322561.43367294,290.1687927246094,105.900390625,2.7400162385812084,16.11140002893154,3.0,3.0,1423228.8125,36893.28125,2.661208662576432,22128.725844549608,1367859.5125,65572.04960521778,285.1145324707031,-5.05426025390625,-1.7418345392859316,4.946726917130492,254.90593872070312,27.792979297231483,2.631640848390741,-0.10837539019046716,-3.955282770389141,-0.0370322742128979,2.729554731074213,0.08785431521843003,16.47162111093787,0.36022108200632985,2.23581489727444,-0.06903003983726883,15.793483639930065,1.499231051109764,5
032_S_4823,1943008.25,810486.75,482286.0,1292772.75,3235781.0,0.3995241797884344,3080293.9292990835,248.2582244873047,99.61727905273438,2.492120085550261,13.252467124027325,3.0,3.0,1222896.375,-69876.375,-5.40515531442011,-115010.41590988352,1287086.1458333333,50250.32224311926,217.8407287597656,-30.41749572753909,-12.252361745660743,-39.770602385657426,233.85128784179688,12.469555332165505,2.480138456662214,-0.011981628888046991,-0.48078055939272457,-0.014117944068745194,2.4846509320953154,0.005319543614281226,14.676257245981011,1.4237901219536866,10.743585391525254,2.0067035051801763,13.758635432567681,0.6500077270553095,3
033_S_0511,2009914.5,434468.9375,284782.625,719251.5625,2729166.0,0.263542621628732,2596316.415023804,815.260009765625,329.5743713378906,2.4736753770702573,8.996426848475336,1.5,1.5,702024.71875,-17226.84375,-2.395106892798721,-17320.436714950043,695713.09375,22248.027763670354,789.091552734375,-26.16845703125,-3.209829590288997,-26.26613207096002,787.6191202799479,23.193191122111788,2.4815221334666835,0.00784675639642618,0.31721043388157216,0.007849408892672036,2.477105913051922,0.0032783712254157923,9.067096429520134,0.07066958104479859,0.7855294355755839,0.06993996277785597,8.88990170804244,0.20268410142088022,3
033_S_0513,2122104.25,406295.8125,288058.9375,694354.75,2816459.0,0.2465346557503588,2611248.788921535,730.4593505859375,308.7165222167969,2.366116795351996,8.476875628413602,1.5,1.5,765960.5625,71605.8125,10.312568971408346,34049.26727153353,707937.61875,40292.03125700404,789.1153564453125,58.656005859375,8.030016429021563,25.902979746653497,745.6005004882812,25.059336929825164,2.3268132984954097,-0.039303496856586406,-1.6610970740664306,-0.0197013524390778,2.37062531023818,0.027218766585599803,7.60493898259912,-0.8719366458144817,-10.28606156367142,-0.4248248647553957,7.990649694550003,0.43212517521160027,5
033_S_0514,1864728.625,866721.3125,471211.0625,1337932.375,3202661.0,0.4177564765674543,3076548.308725655,776.3570556640625,286.6698913574219,2.7081918135166267,8.213258138057812,1.5,1.5,1062621.5625,-275310.8125,-20.577333925416074,-182505.10982702786,1230577.28125,106427.69309766524,789.160400390625,12.8033447265625,1.6491567421398738,9.652855371850274,759.1058654785156,24.33343533020072,2.605816198134015,-0.10237561538261186,-3.7802202514479806,-0.05569056622749133,2.6921957614520737,0.05150819090551884,9.045879758378971,0.8326216203211594,10.137531370931065,0.44711235571684865,8.56730165142404,0.31507480277833966,4
033_S_0725,1230904.5,733023.0,272289.375,1005312.375,2236217.0,0.4495594009883656,2172046.076187134,301.6178283691406,107.07704162597656,2.8168300223111418,8.498542318817043,2.89362,1.5,1176808.96875,171496.59375,17.05903538191301,171390.76869975615,1131704.71875,90585.45157693085,727.0040893554688,425.3862609863281,141.03485304115085,425.31788823581655,579.7232564290365,196.76495924132107,2.698847739996284,-0.11798228231485774,-4.188477166898984,-0.11797471998233316,2.741775841995389,0.05325422309426875,9.738656272573865,1.240113953756822,14.592078349848588,1.2406392258051588,9.177144789510685,0.5129999214514571,3
033_S_0739,1434442.25,663634.25,330753.4375,994387.6875,2428830.0,0.4094101635355294,2382275.6602942944,638.408203125,273.4159545898437,2.334933971749212,8.669352389883592,1.5,1.5,1200915.15625,206527.46875,20.769310737267148,412208.5134477458,1097651.421875,103263.734375,690.9176025390625,52.5093994140625,8.225050861976657,104.80359637150998,664.6629028320312,26.25469970703125,2.422848233049028,0.08791426129981605,3.7651711938541554,0.1754682182500427,2.37889110239912,0.04395713064990803,9.168855438297529,0.49950304841393667,5.761711209211138,0.9969589531868326,8.91910391409056,0.24975152420696833,2
033_S_0906,1257719.5,635084.375,340344.125,975428.5,2233148.0,0.4367952773394329,2212254.493736476,693.4190673828125,270.64654541015625,2.5620835609406147,9.539701048228476,1.5,1.5,983569.0,8140.5,0.8345563001286102,16336.910027472526,979498.75,4070.25,668.5110473632812,-24.90802001953125,-3.592058711846815,-49.98711160513071,680.9650573730469,12.454010009765625,2.567704779521144,0.00562121858052933,0.21940028288794838,0.011281044431529328,2.5648941702308794,0.002810609290264665,9.430250643419065,-0.1094504048094116,-1.1473148294278734,-0.2196525294320746,9.48497584582377,0.0547252024047058,2
033_S_0922,1362753.0,774390.5625,323834.46875,1098225.03125,2460978.0,0.4462555257503318,2372691.0510635376,304.9069519042969,109.53424072265624,2.783667893336312,8.253335411886283,2.89362,1.5,876376.0625,-221848.96875,-20.200684052656445,-181237.31340144228,936581.75,115531.90123136884,821.9944458007812,517.0874938964844,169.58862061590054,548.0371454888648,639.9405822753906,237.20170865624183,2.484861773040416,-0.2988061202958958,-10.734258961393826,-0.3234020059273461,2.592293514000995,0.13566146415386462,9.430959849863784,1.1776244379775012,14.268466979804442,1.432415875303362,8.95512195015087,0.506615843730384,3
033_S_10328,2154126.5,759342.625,520575.8125,1279918.4375,3434045.0,0.3727145210677204,3262052.0,187.7686462402344,74.85218811035156,2.508525782237506,16.69190040909371,3.0,3.0,1279918.4375,0.0,0.0,,1279918.4375,,187.7686462402344,0.0,0.0,,187.7686462402344,,2.508525782237506,0.0,0.0,,2.508525782237506,,16.69190040909371,0.0,0.0,,16.69190040909371,,1
033_S_1116,1966173.75,241652.703125,477051.5,718704.203125,2684878.0,0.2676859816814768,2577481.4322738647,311.1828308105469,118.59115600585938,2.623996920741501,7.862404391947276,2.89362,1.5,700252.125,-18452.078125,-2.567409240793147,16392.08388039487,685425.03515625,27636.571806381384,771.8892211914062,460.7063903808594,148.05006728065433,243.92543234275604,667.2192611694336,205.73678635688603,2.4325193752022587,-0.19147754553924212,-7.297171121875155,-0.09992679462573457,2.4600804329156487,0.0965994390021956,8.335268413755875,0.4728640218085989,6.014241932059729,0.11956087418396799,8.364759852417261,0.3155195669091708,4
033_S_1279,1220507.125,700911.75,250059.125,950970.875,2171478.0,0.4379371446544703,2092057.8796081543,279.0060119628906,95.2067413330078,2.930527871513574,9.80539750902285,2.89362,1.5,1005019.40625,54048.53125,5.683510680597868,3497.4574675707013,977016.53125,31337.530460033002,691.1341552734375,412.1281433105469,147.71299744084448,141.2852996341421,573.8713150024414,171.6714936089077,2.610980247200404,-0.3195476243131701,-10.90409777089506,-0.09796035014173304,2.720638230776049,0.12845298685144899,9.44446318589163,-0.36093432313121987,-3.680975940027836,-0.22144039456521464,9.788336955322336,0.20785960365736342,4
033_S_1284,1990957.75,384937.59375,241716.578125,626654.171875,2617612.0,0.239399182107585,2590810.703433305,714.8084106445312,309.3407897949219,2.310747343755305,8.662562637354544,1.5,1.5,749486.5,122832.328125,19.60129424455529,246508.28487723213,688070.3359375,61416.1640625,744.4269409179688,29.6185302734375,4.143562083542211,59.440484518533225,729.61767578125,14.80926513671875,2.400964536334106,0.0902171925788009,3.9042430503104963,0.18105400873300564,2.3558559400447057,0.04510859628940045,8.328178895176364,-0.33438374217817923,-3.8601018679652115,-0.6710640759921975,8.495370766265454,0.16719187108908962,2
033_S_1309,1191338.25,664964.625,247827.125,912791.75,2104130.0,0.4338095792560346,2025582.84866333,285.99224853515625,106.39620971679688,2.6879928017023484,9.102907982233912,2.89362,1.5,1071490.375,158698.625,17.386071357459134,55038.763275556754,1022039.0390625,64079.40227702921,706.3223876953125,420.33013916015625,146.97256352683496,166.02655489375553,579.7948150634766,170.5869632219189,2.564122178161423,-0.12387062354092526,-4.608294466505864,-0.09229204018385723,2.654659273539549,0.062483674750666456,9.319231082218186,0.21632309998427424,2.376417518516837,0.0009222653881491162,9.066870285258368,0.23164154142498442,4
033_S_6497,1625146.25,1127089.25,878822.4375,2005911.6875,3631058.0,0.552431739592152,3383944.0,347.48345947265625,124.3634033203125,2.794097358236286,11.121509471653985,3.0,3.0,2005911.6875,0.0,0.0,,2005911.6875,,347.48345947265625,0.0,0.0,,347.48345947265625,,2.794097358236286,0.0,0.0,,2.794097358236286,,11.121509471653985,0.0,0.0,,11.121509471653985,,1
033_S_6889,1858955.75,1306559.0,550990.1875,1857549.1875,3716505.0,0.4998107597056912,3450466.0,326.4079895019531,114.76622772216795,2.844111836175592,12.248309322829256,3.0,3.0,1863811.625,6262.4375,0.3371344103371152,6266.726840753425,1860680.40625,3131.21875,345.4714050292969,19.06341552734375,5.8403642497941,19.07647266126659,335.939697265625,9.531707763671875,2.8965505881419635,0.05243875196637138,1.8437654700978456,0.052474668919773,2.870331212158778,0.02621937598318569,11.86017581410236,-0.3881335087268951,-3.168874156398587,-0.3883993535958861,12.054242568465808,0.19406675436344756,2
033_S_7079,1703477.5,1039614.625,650929.8125,1690544.4375,3394022.0,0.4980947199222633,3235371.0,347.377685546875,133.17996215820312,2.6083329452060937,11.049774125087588,3.0,3.0,1556497.125,-134047.3125,-7.929239215872432,-134139.1257277397,1623520.78125,67023.65625,333.4598999023437,-13.917785644531307,-4.006528405133624,-13.92731837442482,340.4187927246094,6.958892822265653,2.623046089422988,0.014713144216894403,0.5640822903355179,0.01472322171293337,2.615689517314541,0.007356572108447201,11.65897385831309,0.6091997332255019,5.5132324546106775,0.6096169933167522,11.354373991700339,0.30459986661275096,2
033_S_7088,1808519.25,1210767.5,625675.375,1836442.875,3644962.0,0.5038304583147918,3425514.0,284.4332580566406,102.96658325195312,2.76238412804536,10.223750856965612,3.0,3.0,1836442.875,0.0,0.0,,1836442.875,,284.4332580566406,0.0,0.0,,284.4332580566406,,2.76238412804536,0.0,0.0,,2.76238412804536,,10.223750856965612,0.0,0.0,,10.223750856965612,,1
035_S_0033,1562622.125,807789.625,298215.1875,1106004.8125,2668627.0,0.4144471342379433,2664064.474916458,329.0697631835937,109.24019622802734,3.012350504061206,6.516042319079191,1.494,1.5,1187468.40625,81463.59375,7.365573171952179,40759.69536601027,1154582.21875,35059.378546132495,288.611083984375,-40.45867919921869,-12.294863802678249,-20.24319531166387,300.98724365234375,19.903826864073007,2.915495091702222,-0.09685541235898398,-3.21527698149352,-0.048460875841258765,2.9527346985440293,0.04258922732473488,6.107198151852324,-0.40884416722686723,-6.274424676920187,-0.20456209873919623,6.333874810885163,0.1698512813221256,3
035_S_0204,1561837.0,711332.3125,368580.6875,1079913.0,2641750.0,0.4087869783287593,2514898.343539237,388.9420776367188,151.52516174316406,2.566848110211092,7.693983462504976,1.494,1.494,1083949.375,4036.375,0.3737685350579167,8100.4723557692305,1081931.1875,2018.1875,325.38018798828125,-63.56188964843756,-16.342250762543074,-127.56033073676822,357.1611328125,31.78094482421878,2.631472597650508,0.06462448743941573,2.517659193870305,0.1296928243804758,2.5991603539307997,0.03231224371970787,7.628405748234032,-0.06557771427094394,-0.8523246064996535,-0.1316058249311114,7.661194605369504,0.03278885713547197,2
035_S_0292,1902371.25,973451.0,434408.8125,1407859.8125,3310231.0,0.4253056093366293,3105249.970543384,368.6124267578125,122.932373046875,2.9984975854875944,7.601370503688318,1.494,1.5,1222797.375,-185062.4375,-13.144947803529977,-45136.74698329276,1330891.325,61192.259455258616,293.3275756835937,-75.2848510742188,-20.423850529510993,-18.619234917928715,323.48057250976564,25.424622391106016,3.024034839856829,0.025537254369234486,0.8516683319283647,0.00975224462837255,3.0079544059789023,0.02396318106342877,6.761400013993359,-0.8399704896949585,-11.050250600038376,-0.2308591154799128,6.900210051389571,0.3687994070600456,5
035_S_0997,1474167.5,642822.4375,242188.0625,885010.5,2359178.0,0.3751351106190376,2286965.4339313507,286.2615661621094,99.9623794555664,2.863692969870336,7.716728423779386,1.5,1.5,894482.1875,9471.6875,1.070234477444053,9508.624135784361,884188.8333333334,8759.223029412657,297.6568603515625,11.395294189453125,3.980727955285479,11.409271066219521,290.8284098307292,4.919304258499059,2.8300406880671014,-0.03365228180323454,-1.1751358178861704,-0.033604338207756386,2.8339347895764497,0.02287403107121989,7.542998762696597,-0.1737296610827883,-2.251338281485116,-0.17391811805009,7.642611465381702,0.07318025014789291,3
035_S_2061,1841040.75,865678.625,341393.59375,1207072.21875,3048113.0,0.3960063878045203,2865275.929508207,255.98049926757807,94.01458740234376,2.722774237675614,16.08388651371465,3.0,3.0,1230444.051807191,23371.83305719099,1.9362414853184184,-19251.279736923127,1125384.834600899,179061.92233812762,302.4883728027344,46.50787353515631,18.168522082043964,10.768521978706675,285.38025665283203,28.19619579258039,2.6719045463353432,-0.05086969134027086,-1.8683036821920809,-0.03648448875041077,2.631181146055988,0.19350364175380924,19.14826954742409,3.06438303370944,19.05250345491095,0.7691297667345144,16.626181507349838,2.26565070025402,8
035_S_2074,2114361.5,882772.3125,590148.25,1472920.5625,3587282.0,0.4105951420880767,3344938.84870566,233.3907928466797,94.51569366455078,2.469333729969565,13.158328931728825,3.0,3.0,1234748.375,-238172.1875,-16.170063312562384,-44466.64337096041,1476962.6041666667,115587.5385759206,379.8127136230469,146.4219207763672,62.73680250641055,27.963774066854125,250.37012227376303,59.554910531352796,2.517586796716847,0.0482530667472818,1.9540925619590728,-0.0040869301788800695,2.497027262643649,0.044998613689615746,16.586142732068318,3.427813800339493,26.05052524621092,0.37093491566200687,13.69384920185179,1.5584808671260295,6
035_S_4114,1799776.875,869534.0,522064.0625,1391598.0625,3191375.0,0.436049684697035,3100554.5007263543,255.15902709960932,96.48404693603516,2.644572160454638,13.794377287566988,3.0,3.0,1589559.75,197961.6875,14.225493181871975,88452.54084969324,1524102.203125,79112.1461319825,246.17855834960932,-8.98046875,-3.5195575293106103,-10.899097441067179,261.82909393310547,12.531070410947313,2.659988291654261,0.015416131199622818,0.5829347911222272,-0.00322797652894017,2.6659205790170004,0.019467035573825824,14.82057283970389,1.0261955521369028,7.439230715124946,0.4374654877881078,14.588062884237296,0.4793664011855061,4
035_S_4256,1739596.25,890786.75,450922.09375,1341708.84375,3081305.0,0.4354352599791322,2875698.391141591,312.6154479980469,121.21058654785156,2.579110078767933,15.82927459086924,3.0,3.0,1357980.3125,16271.46875,1.2127421553339524,17042.199217813937,1354321.59375,9176.825178678411,289.2259521484375,-23.389495849609375,-7.481874616047607,-26.355994411731185,296.6394755045573,11.306451858629421,2.5985169693008543,0.019406890532921217,0.7524646075669669,0.03988201243666646,2.5714863520172493,0.025753310730523133,16.141291844341495,0.3120172534722556,1.9711405704733669,0.4508329540852616,15.927364784721282,0.15144267610625792,3
035_S_4414,1584047.2230131228,734407.4249881489,517876.49117711326,1252283.916165262,2836330.9516783883,0.4415154428379479,2656476.0921414536,218.4837646484375,88.5509262084961,2.4673232854356257,16.807379207932662,3.0,3.0,1252283.916165262,0.0,0.0,,1252283.916165262,,218.4837646484375,0.0,0.0,,218.4837646484375,,2.4673232854356257,0.0,0.0,,2.4673232854356257,,16.807379207932662,0.0,0.0,,16.807379207932662,,1
035_S_4582,1679014.75,754704.625,424853.625,1179558.25,2858573.0,0.4126388411280733,2705887.5517167267,259.47784423828125,100.34781646728516,2.585784631767152,16.112834347136396,3.0,3.0,1172507.875,-7050.375,-0.5977131693157163,-17485.050609087655,1173383.515625,40461.328437973665,329.8571472167969,70.37930297851562,27.123434443938716,24.50190767012291,277.7919120788574,30.370695105423664,2.566290835427803,-0.01949379633934889,-0.7538832159438827,-0.0010300236806614729,2.5635254425625504,0.017519031697016615,18.905695600167984,2.792861253031589,17.33314693654715,1.1525685341430962,16.610372004028935,1.3531162579023288,4
035_S_4784,1910049.875,476334.15625,429502.0,905836.15625,2815886.0,0.3216877942679497,2638467.8310278803,282.511962890625,124.58409118652344,2.2676407391375206,13.969301813818502,3.0,3.0,1072593.90625,166757.75,18.40926185706114,182781.81788342138,1025679.7708333334,85405.18522473358,303.7148742675781,21.202911376953125,7.505137538250679,33.04240582838647,286.388427734375,12.85994733788337,2.339166229982566,0.07152549084504534,3.154180889881591,0.07003971595823665,2.3287324244607235,0.04621428025789572,12.311304667787695,-1.657997146030807,-11.868861938330433,-1.9798489377461808,12.966138512567762,0.720295629930489,3
035_S_6480,1667746.25,1219526.25,452259.375,1671785.625,3339532.0,0.5006047628829429,3180382.0,274.1455383300781,98.32693481445312,2.7881021213495534,13.638913614988772,3.0,3.0,1518262.625,-153523.0,-9.183175025805118,-51790.01083047945,1579962.015625,59823.26516079084,131.92581176757812,-142.2197265625,-51.87745437289002,-42.352252086482636,240.90056610107422,62.95652430823023,2.879398925738623,0.09129680438906984,3.2745143619373063,0.04376615953336411,2.82764494079398,0.06647960390092127,12.363220648478928,-1.275692966509844,-9.353332695852655,-0.3347599324743052,13.960921770146397,1.0741312269843515,4
035_S_6947,1454500.875,1049258.0,797624.125,1846882.125,3301383.0,0.5594267993141057,3122525.0,151.070068359375,53.94913101196289,2.800231676125505,14.648325975972934,3.0,3.0,1956518.625,109636.5,5.936301971626912,109711.59349315068,1901700.375,54818.25,311.73101806640625,160.66094970703125,106.34863110331085,160.7709914534059,231.40054321289062,80.33047485351562,2.799644140448732,-0.0005875356767730544,-0.02098168097241113,-0.0005879380984694743,2.7999379082871183,0.0002937678383865272,16.667010666185156,2.018684690212222,13.7809924050256,2.0200673509589424,15.657668321079045,1.009342345106111,2
035_S_7000,1838758.5,957622.5,713268.0,1670890.5,3509649.0,0.4760847879659761,3242491.0,139.72023010253906,56.32250595092773,2.480717526019811,11.070477844747812,3.0,3.0,1414607.1861014855,-256283.3138985145,-15.338127417596455,-256458.85041488335,1542748.8430507428,128141.65694925725,290.0297241210937,150.30949401855463,107.57890529398944,150.4124457267865,214.87497711181638,75.15474700927732,2.5326210152651893,0.05190348924537824,2.092277282720489,0.05193903958047781,2.5066692706425,0.02595174462268912,12.704094871678816,1.6336170269310042,14.756517738807853,1.6347359427028747,11.887286358213313,0.8168085134655021,2
035_S_7021,1399226.375,1054158.125,562412.5,1616570.625,3015797.0,0.5360342970697298,2857764.0,304.99041748046875,110.67869567871094,2.7556379559277344,18.47346110504549,3.0,3.0,1616570.625,0.0,0.0,,1616570.625,,304.99041748046875,0.0,0.0,,304.99041748046875,,2.7556379559277344,0.0,0.0,,2.7556379559277344,,18.47346110504549,0.0,0.0,,18.47346110504549,,1
035_S_7073,1776405.875,1239057.0,649941.125,1888998.125,3665404.0,0.5153587776408821,3440332.0,343.14215087890625,126.27337646484376,2.717454445015077,15.988867989277232,3.0,3.0,1888998.125,0.0,0.0,,1888998.125,,343.14215087890625,0.0,0.0,,343.14215087890625,,2.717454445015077,0.0,0.0,,2.717454445015077,,15.988867989277232,0.0,0.0,,15.988867989277232,,1
035_S_7105,1833999.75,1187582.0,651167.25,1838749.25,3672749.0,0.5006465865214312,3404314.0,295.97808837890625,116.1570053100586,2.5480864028886057,14.73596032591585,3.0,3.0,1838749.25,0.0,0.0,,1838749.25,,295.97808837890625,0.0,0.0,,295.97808837890625,,2.5480864028886057,0.0,0.0,,2.5480864028886057,,14.73596032591585,0.0,0.0,,14.73596032591585,,1
036_S_0656,1892593.75,814344.125,386498.03125,1200842.15625,3093436.0,0.3881903993649779,3040728.517007828,288.6087341308594,98.77385711669922,2.9219141545516454,9.892837194578378,1.494,1.5,1158330.875,-42511.28125,-3.5401223240491975,-42590.00911030903,1188653.6770833333,21578.423005610748,300.5219116210937,11.913177490234318,4.127795205543818,11.908640071180988,296.8755289713542,5.859016190898494,2.9280780190445426,0.006163864492897186,0.21095296325853227,0.006217583374568231,2.9159662197160414,0.013015729072429372,9.630179235294014,-0.26265795928436475,-2.6550316569276053,-0.2622900991295629,9.661729600459628,0.17722794477630122,3
036_S_0673,1615601.25,685636.5,420749.25,1106385.75,2721987.0,0.4064625400488687,2767201.18099451,295.96978759765625,99.80327606201172,2.9655317571762554,9.466338442203943,1.494,1.5,1235780.0,129394.25,11.695220224953186,39555.52421734074,1186003.99375,50544.9702995248,313.8145751953125,17.84478759765625,6.029259858751057,2.558403500348022,303.0674133300781,9.342398767025244,2.9571678699740107,-0.00836388720224468,-0.28203667628933693,0.0001884215750950579,2.9451118184030944,0.017133433429903127,9.607649517409335,0.1413110752053921,1.49277438228262,-0.13158312290132926,9.554668595248186,0.35458689200521687,5
036_S_0748,1831631.375,955371.1875,411983.375,1367354.5625,3198986.0,0.4274337438488321,3133718.905520439,307.3000793457031,102.7760772705078,2.989996159776459,10.055239732931543,1.494,1.5,1359471.84375,-7882.71875,-0.576494127140487,-7685.165080199337,1326403.1770833333,52438.91936680513,322.9044494628906,15.6043701171875,5.077893292579682,15.631384935706308,312.1175130208333,7.642002972685723,2.990344808079432,0.00034864830297332006,0.011660493336532783,0.0003123090901973769,2.996841259666058,0.009434975207682498,9.445664212343091,-0.6095755205884519,-6.0622674026562855,-0.60913512692898,9.594268308715982,0.3327417311297635,3
036_S_0869,1266140.0,497640.25,528540.625,1026180.875,2292321.0,0.4476601989860931,2359908.3773016925,305.22174072265625,106.28380584716795,2.871761463734108,11.439346385699135,1.5,1.5,917616.5625,-108564.3125,-10.579451941159983,-63598.2230495778,963918.0234375,39304.759779695116,292.8690490722656,-12.352691650390625,-4.04712050365215,-8.207586159723974,294.48388671875,6.466185588216915,2.911779207320405,0.04001774358629717,1.3934912105917985,0.02884620677161935,2.8763350823818494,0.022587974975706176,10.595115703078154,-0.8442306826209816,-7.380060487340378,-0.591687629057067,11.138406101950793,0.3549605281442789,4
036_S_0945,2121072.75,910964.875,295798.34375,1206763.21875,3327836.0,0.3626270100900405,3314417.1426199675,294.4502868652344,98.44245910644533,2.991090293221511,9.906204579967293,1.494,1.5,1252188.125,45424.90625,3.7641937990994143,40093.88548275476,1270938.4479166667,61499.815274516855,295.5357666015625,1.085479736328125,0.3686461806114434,0.6718144678508231,295.362548828125,0.6851794412016285,2.952166993364377,-0.03892329985713383,-1.3013080863972197,-0.040176705739515796,2.923466661282084,0.0699403810474097,9.482000913570468,-0.4242036663968243,-4.282201755197598,-0.27703024229520845,9.518255761665543,0.30304419276834416,3
036_S_0976,1691244.125,639138.0,552808.875,1191946.875,2883191.0,0.4134123875247946,2957996.40143882,330.4711608886719,117.8563461303711,2.804016660410399,10.301041697218102,1.5,1.5,1222284.28125,30337.40625,2.545197851204568,36987.18029643767,1181715.734375,51788.57377441606,313.5302429199219,-16.94091796875,-5.126292389082933,-5.56115693595566,319.05442810058594,7.012419213818245,2.822836000823821,0.018819340413422037,0.6711565119826219,0.005116107576165941,2.847398754419276,0.03487214504019833,8.212898230999583,-2.0881434662185185,-20.271187396343056,-1.095791367753184,8.929046035615501,0.9295489729316623,4
036_S_1135,1951008.25,903781.75,315125.0625,1218906.8125,3169915.0,0.384523500630143,3058770.41823864,283.0262145996094,92.95516967773438,3.044760313343202,9.72366639832534,1.5,1.5,1383805.125,164898.3125,13.52837729750567,116503.58418713255,1356507.078125,85946.00131629451,281.98101806640625,-1.045196533203125,-0.36929318885946316,-0.03165932757215128,282.7309875488281,1.1350458879521934,3.0203979708079367,-0.02436234253526548,-0.800139913427707,-0.012693454499167159,3.016923932308365,0.018190407806363388,9.839694757691715,0.1160283593663749,1.1932573024755138,0.07592356989081482,9.812431611443579,0.05243353707001845,4
036_S_1240,1333170.75,540854.9375,595576.375,1136431.3125,2469602.0,0.4601677972806954,2555299.751520157,308.29803466796875,106.701904296875,2.8893395465638227,10.726510074822167,1.5,1.5,1063750.53125,-72680.78125,-6.39552786433804,-61319.92968094845,1117595.2421875,43977.935781755456,312.9075012207031,4.609466552734375,1.495133291296743,-0.38198680224240156,311.2665252685547,5.81607519359933,2.777045597652436,-0.11229394891138655,-3.886491950900451,-0.06056244819944769,2.8262061191344374,0.0420869800640484,10.83623937924752,0.10972930442535223,1.0229730234712096,-0.3093884549241025,10.506081607181901,0.7165551366854237,4
036_S_2378,2143784.25,1039909.875,510920.90625,1550830.78125,3694615.0,0.419754367166809,3452253.5379042383,303.1381530761719,118.46157836914062,2.5589575513893554,19.816715790478664,3.0,3.0,1472478.1875,-78352.59375,-5.052298077733941,9939.657791702299,1493190.7290626178,61621.92255150264,229.1840057373047,-73.95414733886719,-24.396185893592932,-7.4286471252949955,278.0036341349284,24.544519502264418,2.569071485118703,0.010113933729347657,0.3952364791614624,-0.004138981235102241,2.5768508515707986,0.01699483167109503,17.40469296663955,-2.412022823839113,-12.171657752683808,-0.7585958185844851,20.930563040138292,2.141619237973249,6
036_S_2380,1993979.0,1070164.875,748905.1875,1819070.0625,3813049.0,0.4770644338690638,3564295.000463119,321.1064147949219,122.72473907470705,2.61647663380222,14.937568019460224,3.0,3.0,1867251.375,48181.3125,2.648678217142612,-667.1243419914185,1818142.201388889,86913.87514010406,192.0026397705078,-129.10377502441406,-40.20591588208152,-8.846250451235235,275.34229363335504,58.00286430883429,2.6359956739308923,0.019519040128672227,0.7460047560335933,0.0021038845006447725,2.6400041472939013,0.039226313599892794,15.17164893832196,0.23408091886173565,1.5670617771030861,-0.0371631124661046,15.15696729478129,1.7389083962959102,9
036_S_4430,2189157.25,973155.4375,655710.25,1628865.6875,3818023.0,0.426625425645681,3542145.934648218,312.2386169433594,120.46055603027344,2.592040288049552,15.941024108325372,3.0,3.0,1628865.6875,0.0,0.0,,1628865.6875,,312.2386169433594,0.0,0.0,,312.2386169433594,,2.592040288049552,0.0,0.0,,2.592040288049552,,15.941024108325372,0.0,0.0,,15.941024108325372,,1
036_S_4538,1732325.5,754385.875,494617.625,1249003.5,2981329.0,0.4189418544548421,2762121.649859939,303.3450927734375,119.28244018554688,2.5430825338456686,20.47579931226217,3.0,3.0,1196625.28125,-52378.21875,-4.193600638428956,-21631.101508990854,1223050.4166666667,69782.61584420425,177.7469940185547,-125.59809875488281,-41.404361483668225,-10.075728174969143,270.8291524251302,50.77184231074526,2.4649352695621047,-0.07814726428356389,-3.0729346469691254,-0.0027338045334042898,2.528365348486568,0.03750712035428022,18.92597392325617,-1.5498253890059992,-7.569059284918213,-0.47624902981508177,19.206810058973083,1.4805069906634751,6
036_S_4562,2133776.0,1071895.25,813346.875,1885242.125,4019018.0,0.469080289015874,3695006.925479241,284.75616455078125,111.33692932128906,2.5576074688699424,15.956830843899404,3.0,3.0,1697460.25,-187781.875,-9.960623758075638,-102610.99317653877,1754486.3125,101520.35627532801,270.2886962890625,-14.46746826171875,-5.080651470545682,-3.4726156406333684,267.76951599121094,11.085818209976212,2.554480271176354,-0.0031271976935882684,-0.12227043170819309,-0.022143438061693332,2.5708470785105098,0.039506534652526876,13.738781270748936,-2.218049573150468,-13.900313883433002,-1.2481983056793138,15.133191487826094,0.8437346718094619,4
036_S_4714,1698094.375,843702.125,454130.5,1297832.625,2995927.0,0.4331990148625116,2789251.2266562902,273.2680358886719,104.01887512207033,2.627100446345728,22.29273523743339,3.0,3.0,939220.0,-358612.625,-27.631654351423013,-78482.26633071626,1203242.75,148868.53331292744,292.7828369140625,19.514801025390625,7.141267350178074,3.309455393425219,297.41925659179685,16.070930937287287,2.479697455073054,-0.14740299127267376,-5.610862404507979,-0.03548219085078909,2.5500635936407243,0.05305576387359823,19.69068401253778,-2.602051224895611,-11.672193641479728,-0.5092371624821043,20.790243410348733,1.891867023375125,5
036_S_4715,1572043.0,716259.5625,364064.5,1080324.0625,2652367.0,0.4073056490674179,2545612.837536342,272.1488952636719,100.48456573486328,2.708365116224852,22.466513355075907,3.0,3.0,1003237.75,-77086.3125,-7.135480470703668,-27189.090755111632,1026584.984375,32810.28824671864,288.9502868652344,16.8013916015625,6.173602720409519,13.478367048307941,275.70904541015625,11.301962297483845,2.7653805640167595,0.05701544779190737,2.1051610600929727,0.029081711983169084,2.7306052861296632,0.021364198088438115,24.29448284454488,1.8279694894689733,8.136418235346591,1.4043256997042304,23.14889178874362,1.261870095343021,4
036_S_4736,2099100.5,1150431.375,398866.25,1549297.625,3648398.0,0.424651484021206,3443786.0851164674,315.5563659667969,109.9478759765625,2.8700541988097124,18.19380769183113,3.0,3.0,1502053.5,-47244.125,-3.049389880785495,-10056.623612894497,1508782.4921875,28064.347479156666,266.1249389648437,-49.43142700195318,-15.664848608110288,-25.58966667332994,294.0994338989258,17.782548003059368,2.8568633771925,-0.0131908216172123,-0.45960182991258086,-0.021771535819424002,2.862513374876068,0.04020083260620288,17.73500542109796,-0.4588022707331696,-2.5217495892251742,-0.46876286957751273,17.91960962572674,0.6903930308582755,4
036_S_4899,2232386.0,667498.5,512738.5625,1180237.0625,3412623.0,0.3458445490462908,3044490.07604518,280.287353515625,114.03619384765624,2.4578806219382168,13.379742345039144,3.0,3.0,1180237.0625,0.0,0.0,,1180237.0625,,280.287353515625,0.0,0.0,,280.287353515625,,2.4578806219382168,0.0,0.0,,2.4578806219382168,,13.379742345039144,0.0,0.0,,13.379742345039144,,1
036_S_6878,1567826.125,1086957.25,441564.53125,1528521.78125,3096348.0,0.4936530975361942,2922323.0,182.6107177734375,70.13618469238281,2.6036590950977545,19.425695265283377,3.0,3.0,1433438.0,-95083.78125,-6.2206363308897075,-29315.333654554663,1497043.9270833333,44976.965706188246,220.16378784179688,37.553070068359375,20.56454874403973,10.137751455315858,201.27921040852866,15.331738048240098,2.500631080236264,-0.10302801486149038,-3.95704702875559,-0.025961010169350412,2.544421247688597,0.043456231418223024,18.872390699122235,-0.5533045661611418,-2.8483128073669506,-0.09862293713154377,18.930901200921102,0.382355851666963,3
036_S_6885,2258120.0,731323.75,517261.375,1248585.125,3506705.0,0.3560565046104534,3322730.0,224.54855346679688,89.15492248535156,2.518633236264186,15.187679686545623,3.0,3.0,1742113.75,493528.625,39.52703064598819,493866.6583047945,1495349.4375,246764.3125,208.4630584716797,-16.085494995117188,-7.163481904814714,-16.096512457442607,216.50580596923828,8.042747497558594,2.5701989767729128,0.051565740508726865,2.0473699690079847,0.05160105950907531,2.5444161065185495,0.025782870254363432,16.005415982597395,0.8177362960517716,5.384208206446329,0.8182963894052316,15.59654783457151,0.4088681480258858,2
036_S_6887,2047290.125,674553.625,448449.25,1123002.875,3170293.0,0.3542268411784021,2908892.0,181.6108245849609,71.7660903930664,2.5305937812646024,15.895230984416113,3.0,3.0,1123002.875,0.0,0.0,,1123002.875,,181.6108245849609,0.0,0.0,,181.6108245849609,,2.5305937812646024,0.0,0.0,,2.5305937812646024,,15.895230984416113,0.0,0.0,,15.895230984416113,,1
036_S_6894,1846594.5,1276277.5,520313.0625,1796590.5625,3643185.0,0.4931373406785546,3385401.0,202.2911529541016,76.9481430053711,2.628928294098703,15.418392986940171,3.0,3.0,1796590.5625,0.0,0.0,,1796590.5625,,202.2911529541016,0.0,0.0,,202.2911529541016,,2.628928294098703,0.0,0.0,,2.628928294098703,,15.418392986940171,0.0,0.0,,15.418392986940171,,1
036_S_6897,1798935.75,1282790.0,678511.25,1961301.25,3760237.0,0.5215897960687053,3601923.0,169.31858825683594,60.80430221557617,2.7846481137450447,14.494668147611163,3.0,3.0,1961301.25,0.0,0.0,,1961301.25,,169.31858825683594,0.0,0.0,,169.31858825683594,,2.7846481137450447,0.0,0.0,,2.7846481137450447,,14.494668147611163,0.0,0.0,,14.494668147611163,,1
036_S_6916,1754663.75,1370607.5,501051.90625,1871659.40625,3626323.0,0.5161314660194363,3393008.0,171.87318420410156,62.18362808227539,2.763961942084395,16.36456128513024,3.0,3.0,1558287.75,-313371.65625,-16.742985139473742,-83112.66219841229,1709447.09375,128171.95435262843,213.9828643798828,42.10968017578125,24.500436394880236,12.39005634961543,188.38063049316406,18.354702616523237,3.027740755458145,0.26377881337375,9.543503814485437,0.08241677208228305,2.846562931322019,0.12827797909272612,16.747883849469268,0.38332256433902856,2.3423943829605562,-0.0065729919155431025,17.03166053831514,0.6903418669676392,3
037_S_0150,1534949.0,744757.3125,315317.625,1060074.9375,2595024.0,0.4085029415912916,2617906.7833587527,46.69255828857422,16.219196319580078,2.8788451961310195,11.58612411842347,15000.0,15000.0,1450743.25,390668.3125,36.85289583596065,5107.070605737565,1174529.513888889,161591.14296793635,176.820556640625,130.12799835205078,278.6910872345442,19.181708135761376,113.22650782267253,106.91726285233642,2.4574930417535947,-0.4213521543774248,-14.63615184809849,-0.04525317671062468,2.7588832289551672,0.19780952016320533,13.001822919784775,1.4156988013613052,12.218916238866774,0.4286816531035074,12.45368021618718,2.425164991072372,9
037_S_0377,1160773.0,564308.8125,679551.1875,1243860.0,2404633.0,0.517276440937141,2466132.595472038,48.382591247558594,14.66512966156006,3.299158552632474,11.440265360661789,15000.0,3.0,1426348.0625,182488.0625,14.671109489813967,20205.458999025013,1403710.080357143,131344.80343455952,167.51490783691406,119.13231658935547,246.2297151051556,13.607010783524823,132.28095136369978,85.61770291238086,2.550619560420505,-0.748538992211969,-22.6887850423161,-0.06464490985817908,2.8260287080268425,0.2815977524076074,18.5665222196386,7.126256858976811,62.29101016730766,0.6172745810852965,15.030163075933965,3.115229036280709,7
037_S_0501,1683074.125,786711.75,333170.125,1119881.875,2802956.0,0.3995360166195973,2764922.6949825883,38.64644241333008,13.596086502075195,2.842467909053352,9.343913721585784,15000.0,15000.0,1435239.75,315357.875,28.159923116891232,37813.38131842161,1259362.26875,103756.46031059569,357.5831604003906,318.93671798706055,825.2679886442838,43.694556970630735,164.23096084594727,148.3897851706152,2.613942236191688,-0.2285256728616636,-8.03969227352759,-0.025986355387188152,2.7431180675137923,0.12904009005509204,15.955847722729834,6.61193400114405,70.7619333627785,1.1002293462270125,10.228044682624677,3.191172998367321,5
037_S_0539,1429628.25,693096.875,288796.78125,981893.65625,2411522.0,0.4071676129224614,2470584.420087933,41.7116584777832,14.860112190246582,2.8069542905743545,11.199745741447408,15000.0,15000.0,1007596.8125,25703.15625,2.617712833400333,51300.971695696724,994745.234375,12851.578125,42.484676361083984,0.7730178833007812,1.8532417830197572,1.5428676605224607,42.098167419433594,0.3865089416503906,2.7672763629012467,-0.03967792767310785,-1.4135580264468437,-0.07919324088853902,2.7871153267378004,0.019838963836553924,11.449439270723625,0.24969352927621635,2.2294571237645524,0.4983637244160547,11.324592506085516,0.12484676463810818,2
037_S_0552,1315127.5,665710.0625,245530.59375,911240.65625,2226368.0,0.4092947150920243,2315496.1816862226,42.83626937866211,15.15025234222412,2.827429245640164,13.394341387886852,15000.0,15000.0,1039391.6875,128151.03125,14.063357508364028,128238.80592893835,975316.171875,64075.515625,53.65021514892578,10.813945770263672,25.24483557303052,10.821352582435086,48.243242263793945,5.406972885131836,2.857932428863805,0.03050318322364065,1.078831000658139,0.030524075814889716,2.8426808372519847,0.015251591611820325,14.550267178995613,1.1559257911087606,8.62995617055214,1.1567175211026708,13.972304283441233,0.5779628955543803,2
037_S_0566,1760666.375,789135.125,260959.46875,1050094.59375,2810761.0,0.3735979664404052,2884658.9529767632,37.77092361450195,13.96804904937744,2.7040942351280743,12.314083907453991,15000.0,15000.0,1209290.5625,159195.96875,15.16015506579214,92421.43362451413,1084150.01875,100886.0181948227,51.07436752319336,13.303443908691406,35.22138892993238,5.460535417341566,46.09899368286133,6.266620129015886,2.992002729833668,0.28790849470559365,10.647132446993195,0.1372036264286498,2.8618571439010734,0.13517518478325113,11.651284288911906,-0.6627996185420848,-5.382451699398259,-0.10453783755682089,11.145708386306314,1.046428442587329,5
037_S_0588,1861785.0,883403.375,391869.625,1275273.0,3137058.0,0.4065187828851108,3129162.315545976,37.08577346801758,12.294721603393556,3.016397739448084,11.025694239182435,15000.0,15000.0,1132702.25,-142570.75,-11.179625852660568,-52440.65126899184,1256396.546875,73184.49194444646,48.05529022216797,10.96951675415039,29.5787730128115,6.938848653515114,43.39382457733154,5.999567513141375,2.7877149902005445,-0.22868274924753962,-7.581319474446434,-0.09449347653038123,2.9126868389081286,0.08171333412642161,11.210284496287434,0.18459025710499866,1.6741826237935489,0.07756363915788889,11.614852621074276,0.5011865053157646,4
037_S_10098,1837759.125,1273703.125,474110.78125,1747813.90625,3585573.0,0.4874573481700135,3316755.0,326.5021667480469,128.6607666015625,2.537697954353583,17.177172737008554,3.0,3.0,1747813.90625,0.0,0.0,,1747813.90625,,326.5021667480469,0.0,0.0,,326.5021667480469,,2.537697954353583,0.0,0.0,,2.537697954353583,,17.177172737008554,0.0,0.0,,17.177172737008554,,1
037_S_1078,1717890.0,806856.375,383983.5625,1190839.9375,2908730.0,0.4094020199537255,2934150.038051605,37.46269607543945,12.930379867553713,2.8972616088552225,10.620033971990006,15000.0,15000.0,1329660.53125,138820.59375,11.65736799535244,46021.31698403961,1264118.1484375,49825.4931112379,48.8764762878418,11.413780212402344,30.467054985626675,3.9262240333876344,45.71665096282959,4.7719855500698145,2.8501662145048803,-0.04709539435034227,-1.6255140442409266,-0.01171057379369064,2.833333754829,0.06688753189656561,10.56606198075456,-0.05397199123544638,-0.5082092145636798,-0.016454662387627064,10.742589435914983,0.1807399833675745,4
037_S_1225,1633710.25,465436.15625,275130.53125,740566.6875,2374277.0,0.311912505364791,2454646.563697815,372.8719787597656,160.43496704101562,2.324131598695117,7.5266140796997245,2.89362,15000.0,1130832.4375,390265.75,52.69825885869326,253253.5883076816,1001626.1875,153837.7043010052,51.6264877319336,-321.24549102783203,-86.15436646549523,-167.52291925481745,126.2056713104248,142.5319943400129,2.838823266209536,0.5146916675144189,22.145547515613675,0.36461096133534426,2.6688996971122827,0.20853836581870944,13.349962623813443,5.823348544113719,77.37009606776654,3.9483550614310983,10.774523468961021,2.086626924416924,4
037_S_1421,1276417.875,595363.125,575159.9375,1170523.0625,2446941.0,0.478361784162348,2513514.310911298,57.58476638793945,19.334306716918945,2.9783722919413624,13.424556373571075,15000.0,15000.0,1059794.09375,-110728.96875,-9.459785312858797,-39862.129697291304,1107904.953125,41517.356385933475,56.17120361328125,-1.4135627746582031,-2.4547512533701266,-0.4859578398417667,57.135714530944824,0.7267223766982782,2.9416598634708,-0.03671242847056222,-1.2326339648638192,-0.016884202851444288,2.9669281764939095,0.017186620600406405,13.239129567044206,-0.18542680652686983,-1.3812509059287768,-0.03506507646952937,13.245890839689427,0.11300349834127445,4
037_S_4015,1836980.5,756387.8125,318312.625,1074700.4375,2911681.0,0.3690996498242768,2824660.0265828194,316.9032592773437,116.13179779052734,2.728824168554884,18.25770903693542,3.0,3.0,1018776.9375,-55923.5,-5.2036361062707766,-32121.57751746904,1075403.6640625,39173.808193579935,283.69976806640625,-33.20349121093744,-10.47748492289213,-19.384835023032526,303.6226272583008,13.05366310765914,2.705547259490201,-0.02327690906468316,-0.8530014257756307,-0.0033672635307948474,2.7018401182817895,0.017855816952969925,20.893053308409343,2.6353442714739224,14.434145413001215,1.157735804885563,19.1586959521385,1.2720292437533263,4
037_S_4030,1655284.625,802114.25,586766.1875,1388880.4375,3044165.0,0.456243481381594,2851840.7250589225,283.0442199707031,107.9224853515625,2.622662148911891,17.735409813247866,3.0,3.0,1435533.5,46653.0625,3.3590409397641183,20683.00709594168,1354147.85,52670.733922415944,368.9596557617188,85.91543579101568,30.354068279475367,21.34863366365496,288.60215759277344,43.25959803823354,2.635092939049557,0.012430790137666126,0.473976037776101,-0.0048645382857127415,2.6519476612829678,0.021949239761349316,20.144867408843567,2.4094575955957005,13.585576093064969,0.6956585697663474,18.847717686704858,1.0968146188401169,5
037_S_4146,2232155.0,1075186.375,614939.8125,1690126.1875,3922281.0,0.4309039019641887,3552548.4794171294,263.5386657714844,104.68997192382812,2.517324805912728,15.250997903813497,3.0,3.0,1560344.375,-129781.8125,-7.678823833383151,-34883.55632595389,1603874.825,68171.11016629633,337.06329345703125,73.52462768554688,27.898990635894176,17.588372504278713,278.09189758300784,31.283348270800467,2.5818292379118275,0.0645044319990995,2.5624199089283426,0.025354638777648715,2.500253563599778,0.04757728337264592,21.78116532502773,6.530167421214232,42.817968125098034,1.7429763411014942,17.592154302125028,2.3916009914531844,5
037_S_4214,1731707.375,666212.4375,476259.1875,1142471.625,2874179.0,0.3974949455131361,2686445.8224165486,281.9743957519531,108.1404037475586,2.6074841906703616,15.87984335333645,3.0,3.0,1009566.0625,-132905.5625,-11.633160911107968,7677.322597395909,1169840.0590277778,174354.5020380516,393.7912292480469,111.81683349609375,39.654959876022446,6.780721767936159,294.36953904893664,80.31632025103308,2.346588356395712,-0.26089583427464946,-10.00565354176032,-0.01852330429255138,2.52366273434868,0.09987312750550449,16.6006951849587,0.7208518316222499,4.539413995357798,0.04979733057340538,17.8532131937816,1.0324720446957665,9
037_S_4302,2042209.5,829569.5,452761.9375,1282331.4375,3324541.0,0.3857168365497673,3075267.3775349976,257.27899169921875,106.5719223022461,2.414134827702752,16.023140851162797,3.0,3.0,1426337.75,144006.3125,11.230038372977189,24626.21100552726,1304399.7395833333,85336.33136318836,123.51316833496094,-133.7658233642578,-51.992516948543376,-34.04812430511663,227.45665740966797,67.80336090142877,2.725403516008605,0.3112686883058533,12.89359172213472,0.05070062205607331,2.551344432417235,0.1024543001098105,17.287999317655217,1.26485846649242,7.893948372803759,0.6662306738779769,18.22926869150604,2.2486306562110694,6
037_S_4381,1602780.75,826439.75,855379.375,1681819.125,3284600.0,0.5120316400779394,3017450.8105442044,281.5225830078125,103.43678283691406,2.7216873201672764,15.656226572274788,3.0,3.0,1118521.5,-563297.625,-33.49335351386256,-130983.0195242355,1464519.825,187044.11817355,203.56288146972656,-77.95970153808594,-27.69216618615725,-16.68852995136204,294.1925994873047,61.69744736295474,2.547459339555004,-0.1742279806122724,-6.401469387069938,-0.04980648134331065,2.7062792854247464,0.08132284310713724,16.053444046486064,0.39721747421127596,2.5371213962545625,0.40564322781895434,15.552293090550114,1.1257315793510603,5
037_S_4432,2491571.0,1185809.75,1239403.25,2425213.0,4916784.0,0.4932518898532048,4647504.855221277,319.6661071777344,117.05265045166016,2.7309599843601027,9.593321911797634,3.0,3.0,1871324.5,-553888.5,-22.83875684321336,-316600.5862676056,2148268.75,276944.25,414.0057067871094,94.339599609375,29.511918057963577,53.924160809584066,366.8359069824219,47.1697998046875,2.7660671324840047,0.03510714812390203,1.2855240766967175,0.020067114009789073,2.7485135584220535,0.017553574061951016,12.16386811843544,2.5705462066378058,26.795162616993085,1.4693145570805297,10.878595015116538,1.2852731033189029,2
037_S_4706,1810669.75,902755.5,381933.84375,1284689.34375,3095359.0,0.4150372682942431,2893622.966434923,271.48553466796875,103.1889419555664,2.6309556711407693,17.947199196668862,3.0,3.0,1315607.75,30918.40625,2.406683483475419,10329.648317082423,1334217.1666666667,49806.28825618598,259.2048034667969,-12.280731201171875,-4.523530587436789,-19.428017019692966,269.5762430826823,7.806409831144595,2.5985451646070854,-0.032410506533683936,-1.2318910154662888,-0.04220839718894726,2.6154099826026993,0.013264371082887506,18.70461611720665,0.7574169205377892,4.220251373141117,1.4189762193116475,17.809089005838874,0.7936097497091954,3
037_S_4750,1592203.25,708377.875,429613.84375,1137991.71875,2730195.0,0.4168170107812812,2546034.479062516,259.1153869628906,102.26461791992188,2.533773554329582,20.209115064909792,3.0,3.0,1233249.1875,95257.46875,8.370664494345645,53967.850787586736,1165831.4296875,39099.78190627599,354.285888671875,95.17050170898438,36.72900433451074,55.27019889943784,279.25856018066406,43.88965044557026,2.5580433842988066,0.024269829969224777,0.9578531565203898,0.016402867900466165,2.5359895573114644,0.013163622858529445,22.55725351977756,2.348138454867769,11.619204736703054,1.4427429433546424,21.096211748067738,0.989419845972745,4
037_S_6083,1744090.25,1244936.375,564005.3125,1808941.6875,3553032.0,0.5091262019311956,3284360.0,173.73220825195312,65.93694305419922,2.6348234778540505,17.36149658196936,3.0,3.0,1777728.5,-31213.1875,-1.725494399055912,-31234.566395547943,1793335.09375,15606.59375,347.9000549316406,174.1678466796875,100.25075282937898,174.2871397253585,260.8161315917969,87.08392333984375,2.4631843082229548,-0.1716391696310957,-6.514256878069433,-0.1717567307061855,2.5490038930385026,0.08581958481554786,19.01311354036864,1.6516169583992806,9.513102459810717,1.652748202891335,18.187305061169,0.8258084791996403,2
037_S_6125,1237088.125,802887.9375,411337.0625,1214225.0,2451313.0,0.495336580844633,2335785.0,167.10365295410156,65.56693267822266,2.548596427799753,26.292887784431915,3.0,3.0,1212704.21875,-1520.78125,-0.12524707117708825,-1521.8228809931506,1213464.609375,760.390625,375.9474182128906,208.84376525878906,124.97857561267813,208.98680893362385,271.5255355834961,104.42188262939453,2.402727096284454,-0.14586933151529902,-5.723516282302511,-0.14596924201633688,2.4756617620421033,0.07293466575764951,22.94515481965151,-3.3477329647804055,-12.73246587528741,-3.3500259325645017,24.619021302041713,1.6738664823902027,2
037_S_6141,1389646.875,907442.125,386069.0625,1293511.1875,2683158.0,0.4820853589315277,2593317.0,192.82376098632807,71.66702270507812,2.6905507026471533,25.84537932963132,3.0,3.0,1293511.1875,0.0,0.0,,1293511.1875,,192.82376098632807,0.0,0.0,,192.82376098632807,,2.6905507026471533,0.0,0.0,,2.6905507026471533,,25.84537932963132,0.0,0.0,,25.84537932963132,,1
037_S_6222,1965936.0,676751.25,455618.75,1132370.0,3098306.0,0.3654803624948601,2803893.0,183.54129028320312,75.95425415039062,2.416471465881516,15.936292191829942,3.0,3.0,1296439.3125,164069.3125,14.48901971087189,66468.52021454734,1203667.5,68680.6348207237,345.1741638183594,161.63287353515625,88.0634942065394,57.362566857759674,305.0832112630208,87.58611626954004,2.394880154331411,-0.021591311550105186,-0.8935057522903044,-0.0064164271353808295,2.392360852483669,0.02079119161414054,18.792585439623387,2.8562932477934453,17.923198278566836,1.1013326189820487,17.53025447755565,1.1894220670759845,3
041_S_0282,1733023.125,803261.625,377925.25,1181186.875,2914210.0,0.405319752179836,2807692.859649658,396.2232360839844,131.5523223876953,3.0119060300917875,7.067818857540286,1.5,1.5,1095708.625,-85478.25,-7.236640688206089,-170606.17930327868,1138447.75,42739.125,398.34710693359375,2.123870849609375,0.5360288484341171,4.2390373104908425,397.28517150878906,1.0619354248046875,2.9281052544681287,-0.08380077562365873,-2.782317070533071,-0.16725810544558115,2.970005642279958,0.041900387811829365,7.490658907392221,0.4228400498519349,5.982610171182146,0.8439471486798864,7.279238882466253,0.21142002492596745,2
041_S_0314,1561978.875,758103.875,186278.296875,944382.171875,2506361.0,0.3767941537053122,2599920.542871952,379.5206298828125,131.66058349609375,2.882568320164738,7.638369038587251,1.494,1.5,1056630.234375,112248.0625,11.885872673468612,38376.14141552519,1017464.546875,39479.055403836595,315.4403686523437,-64.0802612304688,-16.884526474952192,-45.79066513672294,341.91431884765626,42.25998383173432,2.889333053146746,0.0067647329820079705,0.23467728187692594,0.01542758629865562,2.912088736303713,0.04953848811409009,6.406574071728226,-1.2317949668590247,-16.126413382703625,-0.6578418273865682,6.862819468091149,0.49162288022131373,5
041_S_0549,1742179.375,862342.375,441104.25,1303446.625,3045626.0,0.4279733049954262,2979232.614827156,420.4552917480469,157.92999267578125,2.662289043151682,6.847215306490924,1.5,1.5,1303446.625,0.0,0.0,,1303446.625,,420.4552917480469,0.0,0.0,,420.4552917480469,,2.662289043151682,0.0,0.0,,2.662289043151682,,6.847215306490924,0.0,0.0,,6.847215306490924,,1
041_S_0679,1829409.0,882773.25,286747.8125,1169521.0625,2998930.0,0.3899794468360382,3031185.313010216,384.6358642578125,126.6806869506836,3.0362628312182047,7.044357041679998,1.494,1.5,1479395.8125,309874.75,26.49586740555175,24876.624763398093,1360443.0416666667,165932.40544496608,259.6710510253906,-124.96481323242188,-32.48912148989332,-7.732953585441105,320.30772569444446,50.56772398413733,2.701259608781093,-0.3350032224371118,-11.033406561272638,-0.02980121387001906,2.8102202692803897,0.19426049205313256,19.945232236538903,12.900875194858905,183.13772454359008,1.0508080757954799,12.44852613565987,6.679378822629521,9
041_S_0721,1891015.25,805674.25,481377.6875,1287051.9375,3178067.0,0.4049794851713321,3059143.5446619983,322.9489440917969,113.0578842163086,2.8564919949980765,8.986310716662238,1.494,1.494,1434622.3125,147570.375,11.465766897227486,296154.28279532964,1360837.125,73785.1875,331.8470458984375,8.898101806640625,2.7552657995721384,17.857316949865318,327.3979949951172,4.4490509033203125,2.898263562824969,0.0417715678268924,1.4623379970970485,0.0838300282899585,2.877377778911523,0.0208857839134462,8.25676837970799,-0.729542336954248,-8.11837426900391,-1.4640952668820828,8.621539548185115,0.364771168477124,2
041_S_1010,2032684.25,398430.125,248802.59375,647232.71875,2679917.0,0.2415122254719082,2706606.5748453136,417.2389221191406,161.724853515625,2.579930730924412,6.936469898126052,1.5,1.5,1161664.4375,514431.71875,79.48172331947643,290824.803389166,780927.984375,222153.32103298308,336.19512939453125,-81.04379272460938,-19.42383330706326,-71.60430511485983,380.2162780761719,49.622577967011175,2.626867480417539,0.04693674949312676,1.8193027018329637,0.019307827780889967,2.580865549787791,0.032051086661656944,6.575582122595771,-0.36088777553028173,-5.202758475572405,-0.3486591878958277,6.675586470130593,0.2768773161682384,4
041_S_1260,1503709.375,707061.0,381789.625,1088850.625,2592560.0,0.4199905209522634,2511431.455314159,397.0955810546875,146.896484375,2.703234049752618,7.278944019173791,1.5,1.5,1014391.75,-74458.875,-6.838300248943698,-31576.308721024667,1069406.015625,32134.09011429122,335.5515441894531,-61.544036865234375,-15.498544884778914,-34.016511540749256,347.93151092529297,28.947196014777706,2.45962148532951,-0.24361256442310797,-9.011893159802488,-0.1104258802677655,2.580594898137753,0.08622229914567472,6.603011425264895,-0.6759325939088958,-9.286135353265413,-0.3272897681188226,6.818442832626818,0.27035330941870667,4
041_S_1412,1807754.75,957837.375,309981.0,1267818.375,3075573.0,0.412221844514827,2971650.0859022136,301.2837829589844,99.4803466796875,3.028575894498028,6.067406548293644,1.5,1.5,1267818.375,0.0,0.0,,1267818.375,,301.2837829589844,0.0,0.0,,301.2837829589844,,3.028575894498028,0.0,0.0,,3.028575894498028,,6.067406548293644,0.0,0.0,,6.067406548293644,,1
041_S_1418,1785235.0,800019.875,389015.15625,1189035.03125,2974270.0,0.3997737364966865,2841269.588541984,417.6575927734375,153.06436157226562,2.7286403298236754,6.489705358052831,1.5,1.5,1117130.875,-71904.15625,-6.047269791068236,1208.391315207418,1136737.515625,40067.36471708032,289.3703308105469,-128.28726196289062,-30.715893636939416,-9.324197314657683,310.26019287109375,50.63311856249408,2.3980701608452595,-0.33057016897841596,-12.11483116207468,-0.020864153006454094,2.6126926954882883,0.14064298416929327,19.80489934385628,13.31519398580345,205.17409113621974,1.2865762539513734,11.450660262407904,5.93294795063754,10
041_S_1423,1806631.125,793595.625,362034.28125,1155629.90625,2962261.0,0.3901175170756392,2805413.826763629,423.5838623046875,166.49195861816406,2.544170080502044,6.430472195918334,1.5,1.5,1155629.90625,0.0,0.0,,1155629.90625,,423.5838623046875,0.0,0.0,,423.5838623046875,,2.544170080502044,0.0,0.0,,2.544170080502044,,6.430472195918334,0.0,0.0,,6.430472195918334,,1
041_S_1425,1364106.25,619514.125,185303.65625,804817.78125,2168924.0,0.3710677650530862,2139291.285717487,369.1494140625,123.8030242919922,2.981747927337421,7.097915883198459,1.5,1.5,825783.40625,20965.625,2.60501513366632,20133.108198316877,803255.578125,29626.686478664436,319.2872009277344,-49.862213134765625,-13.507325553095297,-18.50457355113513,307.74241333007814,34.028398269707445,2.8327200428756445,-0.1490278844617765,-4.998004126889838,-0.07426894343700528,2.927088729115826,0.05679881698992381,7.416645220439096,0.31872933724063746,4.49046371478006,0.039194238063792776,7.17417215817166,0.19868867043633834,5
041_S_4004,1725081.25,789950.375,503827.46875,1293777.84375,3018859.0,0.428565177687994,2796377.5325911352,258.75897216796875,99.22352600097656,2.6078388864913262,15.564871733715709,3.0,3.0,1216622.125,-77155.71875,-5.963598706124465,-39886.21278910562,1306761.9322916667,75149.47566216056,227.5800018310547,-31.178970336914062,-12.049425794084076,-7.49149254152609,258.79662831624347,29.673461246927143,2.4027902993725685,-0.20504858711875773,-7.8627781869852,-0.0223484190519046,2.4720041227579976,0.07019527692426542,16.000099715968,0.43522798225228954,2.7962195236695995,0.06983296434937974,15.502341086870743,0.3538209283425406,6
041_S_4051,2414080.5,932545.5,545958.25,1478503.75,3892584.0,0.3798257789684179,3486970.682323328,328.8368835449219,142.92942810058594,2.30069402511574,11.104604533992978,3.0,3.0,1556635.375,78131.625,5.284506380183345,-22393.613947149843,1481130.40625,192463.3371064339,301.9375305175781,-26.89935302734375,-8.1801508204809,-3.4384228305636557,300.9695129394531,29.186428600926654,2.3934086714558647,0.0927146463401245,4.029855570884109,0.006328354387814391,2.4050847950190337,0.062124809432535344,13.891018780702016,2.786414246709038,25.092422140557787,0.3262380615334484,12.800092635381565,1.5803228232105995,7
041_S_4138,1870833.5,531579.4375,427542.0625,959121.5,2829955.0,0.3389175799615188,2607332.793631428,288.1910400390625,125.10919952392578,2.3035159591156456,12.579194669385323,3.0,3.0,942295.6875,-16825.8125,-1.7542941639823526,-9667.543152814704,972860.4625,38228.91529910638,276.3271179199219,-11.863922119140625,-4.116686666432289,-1.6269437172316623,274.4288391113281,9.415360395334925,2.283195046741371,-0.02032091237427469,-0.8821693765072154,0.005858192465280276,2.245157301869807,0.050480188762663504,14.966249273471815,2.387054604086492,18.976211648079488,0.7025684376905209,13.256707742602291,1.0920269705286412,5
041_S_4143,1549896.5,693493.6875,530101.875,1223595.5625,2773492.0,0.4411750827116141,2569206.20451509,362.3730163574219,148.88645935058594,2.4338883166685195,17.278818524201746,3.0,3.0,1000522.0625,-223073.5,-18.230983082696493,-44112.92415737744,1114975.5104166667,111575.52564858054,334.7512512207031,-27.62176513671875,-7.622467427175754,3.1143161226358766,348.8516133626302,30.027165321670395,2.47235736109005,0.03846904442153054,1.5805591471915423,0.0008938244980034725,2.4578561153579415,0.027814691720826387,25.571870483301915,8.293051959100168,47.995480405586896,1.004616526707762,18.5295242340469,3.2615759210906443,6
041_S_4271,1998897.875,979098.625,532560.5,1511659.125,3510557.0,0.430603783103365,3300146.73391016,272.9925842285156,105.0740203857422,2.598097804083463,15.06991017747343,3.0,3.0,1673969.125,162310.0,10.73720902521592,10253.435122349907,1578055.61328125,59526.37733198213,285.8925170898437,12.899932861328068,4.72537849252705,1.6966729506584337,281.7106285095215,12.422736589368098,2.596980638894152,-0.0011171651893109313,-0.042999350815626294,-0.000790667403335829,2.5925145911700067,0.012263769481394855,15.171070336818175,0.10116015934474554,0.671272477097841,0.22142564408123652,15.601699800858592,1.2050171680520645,8
041_S_4510,1801907.5,735346.375,519331.0625,1254677.4375,3056585.0,0.4104834112252726,2887759.034204157,305.7364196777344,125.48789978027344,2.436381657328639,15.930787562073712,3.0,3.0,770076.0625,-484601.375,-38.62358248551831,-79980.52538938595,1155282.25,176187.88211662348,285.7637023925781,-19.97271728515625,-6.532658852422216,-3.4068111798063088,282.3292592366536,15.33869112610406,2.3637020439379945,-0.07267961339064444,-2.983096395099843,-0.017197887879525926,2.4474535410940117,0.05125690783691711,18.270695415919285,2.339907853845572,14.687960935567117,0.43971532133729613,16.24121262081533,1.0673793416259536,6
041_S_4513,2291237.0,1008863.875,551651.125,1560515.0,3851752.0,0.4051442045074553,3604027.744250209,321.092529296875,122.98085021972656,2.6109148384669063,14.928157555031095,3.0,3.0,1421946.65625,-138568.34375,-8.879654713347836,-16007.072548080037,1487815.37109375,95775.26278763039,306.0889587402344,-15.003570556640625,-4.672662608966731,1.1328110265647384,272.6226272583008,28.217894915368202,2.489453507621798,-0.12146133084510824,-4.652060230215271,-0.0038602563334301032,2.5423492136770927,0.05890279026542771,18.234019963284226,3.3058624082531303,22.14514682114262,0.49266574469333596,16.28383300253941,2.5270095800608234,8
041_S_4629,2166619.75,942310.75,673419.5,1615730.25,3782350.0,0.4271762925165571,3425530.875194329,257.89996337890625,108.8968276977539,2.3682963632918512,16.644411429321682,3.0,3.0,1633507.6875,17777.4375,1.100272616669769,28397.193265468006,1618177.1875,11647.57365391769,247.52772521972656,-10.372238159179688,-4.021806759212606,-20.04669545957521,260.50401306152344,11.802712093375954,2.327931718608113,-0.04036464468373824,-1.7043747273095822,-0.06489404030238054,2.3632234001708823,0.02698399949735274,13.593753089851385,-3.0506583394702975,-18.328424242722665,-3.6563634329801666,14.814282844355583,1.31791176402173,3
041_S_4720,2676216.0,619267.0625,490464.0,1109731.0625,3785947.0,0.29311848858423,3478118.0534695974,295.53472900390625,125.74844360351562,2.3502058410004683,11.950594824032208,3.0,3.0,1376500.25,266769.1875,24.039084469621216,63381.51080282488,1363261.375,158263.24176498753,259.9742736816406,-35.560455322265625,-12.032580888926796,-20.165849872445452,277.21082305908203,14.808417578507727,2.454629627597174,0.1044237865967057,4.4431762007813385,0.04049825281796879,2.4310231911909215,0.04688012182761945,12.34047388296421,0.38987905893200114,3.2624238765753204,-0.2737901691359035,13.041699179021279,0.9346203409913275,4
041_S_4874,1774344.125,759754.25,290783.65625,1050537.90625,2824882.0,0.3718873589233107,2639974.860276352,278.7137145996094,102.5975570678711,2.7165725953753466,18.385695750074987,3.0,3.0,1153823.09375,103285.1875,9.831647852545064,12517.167503142571,1088947.21484375,44808.69022676018,301.1786804199219,22.4649658203125,8.060229778281599,-0.7355926032740981,286.4319953918457,15.100900037319668,2.5487752797733383,-0.16779731560200828,-6.176802191396025,-0.021690423573352328,2.6777142685626467,0.08186585709846002,23.535002269355623,5.1493065192806355,28.007134400990147,0.6601849769735713,21.74335355782869,2.6705872970171707,8
041_S_4876,2217883.0,1019894.0625,760596.875,1780490.9375,3998374.0,0.4453037503495171,3555012.585699396,277.68231201171875,114.4082489013672,2.4271179067166244,12.921804222021294,3.0,3.0,1437673.5,-342817.4375,-19.254096175370172,-61326.94367412705,1631230.45,111491.88055708502,317.5555419921875,39.87322998046875,14.359297749863886,9.202960175930519,276.0754089355469,23.23869784285214,2.431082690781637,0.003964784065012772,0.16335358303117148,-3.332893230688837e-05,2.4178177942771,0.020737060314143935,16.88401304025971,3.962208818238416,30.662968964396114,0.823199711458015,14.107588484129902,1.4850487315281362,5
041_S_4877,1994639.0,785570.75,455248.28125,1240819.03125,3235458.0,0.3835064560411539,3063175.1029894687,301.0472412109375,120.81803131103516,2.4917409715456915,15.307897797074586,3.0,3.0,1178946.8125,-61872.21875,-4.986401497055536,-37848.93738451109,1229428.046875,29355.85812498334,280.3072509765625,-20.739990234375,-6.889280948382092,-10.086704522656525,296.38929748535156,11.105182795341365,2.495973416690513,0.004232445144821462,0.1698589537658068,-0.011379942326888444,2.5087511597638845,0.023650347728607364,15.605532914133128,0.29763511705854206,1.9443239104681087,0.05774833853092344,15.36835800307969,0.34326802847416205,4
041_S_4974,2137343.25,1002082.3125,547881.5,1549963.8125,3687307.0,0.4203511702443002,3388349.033107376,259.2409362792969,106.30528259277344,2.438645827543043,13.700064844675849,3.0,3.0,1412475.03125,-137488.78125,-8.870451048030517,-18518.395044697703,1458274.9875,49446.746750799844,257.5452575683594,-1.6956787109375,-0.6540937304402561,-1.2408019213497294,255.96298522949218,10.073589728117744,2.449136796197196,0.010490968654152777,0.4301964859211442,0.0015675868785527082,2.4458746389113264,0.00450152063964343,14.366303448149894,0.6662386034740457,4.863032482163476,0.05875362092626779,14.291302082558264,0.4422495061228022,5
041_S_4989,1745241.125,853422.125,308294.75,1161716.875,2906958.0,0.3996331818347565,2749436.8358854204,315.234619140625,109.72592163085938,2.872927486799444,18.60611175068111,3.0,3.0,1165497.5625,3780.6875,0.325439664462135,22756.706649839987,1126132.09375,39806.59143995355,284.9730224609375,-30.2615966796875,-9.599706010140945,-18.894406837015115,298.4410171508789,16.392915161966297,2.885092120451352,0.012164633651908119,0.42342292688563493,0.0031824677995659382,2.9029906742097435,0.03055549004569806,17.224743768930622,-1.3813679817504863,-7.424270047716547,-0.9749710368582613,19.305053938155996,1.6327784823332439,4
041_S_5026,2095510.625,464856.3125,425006.125,889862.4375,2985373.0,0.2980741225635792,2687549.73135232,280.46600341796875,118.53727722167967,2.366057392455577,16.00443106773724,3.0,3.0,1340795.125,450932.6875,50.674426573938845,559146.9682355676,1138728.6145833333,187043.1835416205,816827.75,816547.283996582,291139.4871554931,1166482.3390747842,272449.64957682294,384933.4466804561,2.954917826138296,0.588860433682719,24.88783389449311,0.8004265558495443,2.609616774586525,0.25093515505225905,25.562749378629963,9.558318310892723,59.72294966586469,13.214592033920779,19.700363703919535,4.192095840920752,3
041_S_6731,1626842.25,757879.375,462767.4375,1220646.8125,2847489.0,0.4286748122644196,2616550.4500597715,312.8570251464844,124.90901184082033,2.5046793504418967,22.598450878197497,3.0,3.0,1041695.5,-178951.3125,-14.660367820359996,-35797.64192923092,1152487.5390625,66763.28001468345,322.8076477050781,9.95062255859375,3.180565484804031,4.8510295292667385,313.5282897949219,11.540028305110031,2.568355272371306,0.06367592192940918,2.5422783925684915,0.01849226568399544,2.523120335137601,0.0331650083128521,23.215732459431948,0.617281581234451,2.731521662973771,0.25787583146664506,22.764966064244906,0.5418747085145214,4
051_S_1040,1795632.75,823168.6875,355900.5,1179069.1875,2974702.0,0.396365480475019,2873575.961780548,396.6902770996094,141.05087280273438,2.8123914897145377,6.390269920596258,1.494,1.494,1216800.4375,37731.25,3.20008786592093,75721.64320054944,1197934.8125,18865.625,400.233642578125,3.543365478515625,0.8932322476927969,7.111067258394681,398.4619598388672,1.7716827392578125,2.927835900096336,0.11544441038179842,4.104848517853972,0.23168170819753775,2.870113694905437,0.05772220519089921,6.296410589382423,-0.09385933121383516,-1.468785080757237,-0.18836330069150162,6.34334025498934,0.04692966560691758,2
051_S_1072,1316624.625,705904.125,293096.25,999000.375,2315625.0,0.4314171659919028,2314830.113067627,343.55780029296875,133.2185821533203,2.578902974051079,7.23542209112303,3.0,1.5,924039.921875,-74960.453125,-7.503546044714948,-16694.005753173176,1015042.878125,64951.2844759781,374.5740966796875,31.01629638671875,9.027970361979735,-13.80538127383784,357.6201171875,33.945024656934436,2.923209208340972,0.3443062342898928,13.35087972499555,0.10423954404942262,2.787923828163815,0.12250922364299464,7.611174633309781,0.3757525421867509,5.193235964046285,-0.09828666436357358,7.355214236419206,0.34601513424150465,5
051_S_1131,1465166.921721547,480040.03685323504,402239.0410098547,882279.0778630897,2347445.874584643,0.3758463985966024,2469625.9693606505,447.185791015625,179.67083740234375,2.4889169271544493,6.35939390162787,3.0,1.5,861486.25,-20792.82786308974,-2.356717776131639,-21277.536564605307,866930.828072618,24305.359972745715,415.6225280761719,-31.563262939453125,-7.058198979839742,-29.878689006552523,447.5478454589844,29.002366885480257,2.5271170366896243,0.03820010953517494,1.534808539345212,-0.00650175595668054,2.531644421499686,0.0297907526387294,6.083448833202123,-0.27594506842574695,-4.339172454077909,-0.16962005202090752,6.205798832503929,0.15187116590823035,5
051_S_1331,1182017.75,375491.9375,237669.3125,613161.25,1795179.0,0.3415599502890798,1837052.2077713013,382.9805908203125,159.33694458007812,2.40358938365514,7.961255230964337,3.0,1.5,871756.21875,258594.96875,42.17405596814867,,742458.734375,129297.484375,417.0007934570313,34.02020263671881,8.883009596870266,,399.9906921386719,17.010101318359403,2.5255424342061668,0.1219530505510269,5.073788866781098,,2.4645659089306533,0.06097652527551345,7.693671473597833,-0.26758375736650386,-3.3610749762897854,,7.827463352281085,0.13379187868325193,2
051_S_4929,1601932.875,647395.4375,400797.6875,1048193.125,2650126.0,0.3955257693407785,2481910.079271742,246.8201446533203,99.10316467285156,2.490537441236698,20.2273648205225,3.0,3.0,1055788.6875,7595.5625,0.7246338788951703,-23740.547985199424,1109788.2421875,58463.3396579692,260.7772216796875,13.957077026367188,5.654756035400221,4.837558363282911,252.33152389526367,8.306006631588497,2.494334148227192,0.0037967069904940587,0.15244528862046622,-0.007933512468392351,2.4758148073792214,0.04556093182970094,18.777714148715475,-1.4496506718070243,-7.166779680248918,-0.35443666323853706,18.50495540364475,1.133644458712735,4
051_S_6719,1361586.125,1045478.5625,338632.3125,1384110.875,2745697.0,0.5041018273320035,2630410.0,351.721923828125,129.08273315429688,2.7247790041981923,23.01177233202498,3.0,3.0,1384110.875,0.0,0.0,,1384110.875,,351.721923828125,0.0,0.0,,351.721923828125,,2.7247790041981923,0.0,0.0,,2.7247790041981923,,23.01177233202498,0.0,0.0,,23.01177233202498,,1
051_S_6761,2096101.875,1175235.625,530762.4375,1705998.0625,3802100.0,0.4486988933747139,3454819.0,389.9046936035156,160.43190002441406,2.430343909869777,15.958480605903205,3.0,3.0,1705998.0625,0.0,0.0,,1705998.0625,,389.9046936035156,0.0,0.0,,389.9046936035156,,2.430343909869777,0.0,0.0,,2.430343909869777,,15.958480605903205,0.0,0.0,,15.958480605903205,,1
052_S_0671,1265951.5,623109.625,322325.9375,945435.5625,2211387.0,0.4275305780942006,2137547.649858892,985.4071655273438,379.7959899902344,2.594569687157865,10.4899750683085,1.5,1.5,927575.625,-17859.9375,-1.889069779940714,-5485.627138954515,952358.5364583334,15111.921125747473,941.17919921875,-44.22796630859375,-4.488293555783615,-25.22942116279545,1029.9936218261719,57.6032062940996,2.656660888816672,0.06209120165880666,2.3931213706124193,0.019179290267626433,2.5835737345450203,0.034943520924709676,10.84972285845477,0.3597477901462707,3.4294437098626935,0.17564226028910396,10.640192485973378,0.20628629926176315,6
052_S_0952,1598217.75,355550.53125,187588.6875,543139.21875,2141357.0,0.2536425354343063,2095808.3061084151,815.5037231445312,328.685791015625,2.4811042733047737,9.722934502914208,1.5,1.5,618230.515625,75091.296875,13.82542344259687,51439.33275729407,573483.3697916666,32303.35803822805,1149.6978759765625,334.19415283203125,40.980089158072694,200.89679294901958,1015.6382446289062,144.21246195969417,2.4784834193512832,-0.002620853953490432,-0.10563255973113596,0.004314404257528681,2.465860016470644,0.01973443795914496,10.803392015580084,1.080457512665875,11.112463139004328,0.7406967405891866,10.15824947900093,0.46537999743986047,3
052_S_0989,1348283.25,687900.1875,315742.46875,1003642.65625,2351926.0,0.4267322425322906,2301940.317723155,1039.48046875,389.1020202636719,2.671485656574383,10.343955274505229,1.5,1.5,944692.96875,-58949.6875,-5.873573341358268,-19947.78788612516,1005066.734375,37834.33748742733,919.1802368164062,-120.30023193359375,-11.573111333035207,-40.575181011649505,1039.0819854736328,74.57608048504802,2.730500514333454,0.059014857759071226,2.209065117525105,0.03251482709581044,2.704679203078391,0.02638077802219437,10.12428599016768,-0.21966928433754873,-2.1236488220223473,0.041504029303293596,10.407455209352571,0.2975074865299381,4
052_S_1054,1965082.25,543187.5,241931.21875,785118.71875,2750201.0,0.2854768501465893,2639765.357024968,1134.0257568359375,475.1680603027344,2.3865782429207467,8.77500931582472,1.5,1.5,985633.3125,200514.59375,25.539397923060918,402406.34817135986,885376.015625,100257.296875,1140.5660400390625,6.540283203125,0.5767314510891837,13.12548593374399,1137.2958984375,3.2701416015625,2.487977388596009,0.10139914567526231,4.248724967473424,0.20349471405433822,2.437277815758378,0.05069957283763116,9.0889082039139,0.31389888808918087,3.577191508197038,0.6299536751350181,8.93195875986931,0.15694944404459044,2
052_S_1168,1781449.625,421418.375,257310.0625,678728.4375,2460178.0,0.2758859064262829,2300846.609567106,1158.3623046875,496.4703369140625,2.3331953920034776,10.307138648110016,1.5,1.5,694267.875,15539.4375,2.2894926220031855,10376.196612202924,686498.15625,7769.71875,1128.317626953125,-30.044677734375,-2.5937202559850543,-20.061825488995375,1143.3399658203125,15.0223388671875,2.353822667774116,0.020627275770638498,0.8840783691470514,0.013773514579937316,2.343509029888797,0.010313637885319249,10.286336517547936,-0.020802130562080023,-0.2018225549521878,-0.013890270910054348,10.296737582828975,0.010401065281040012,2
052_S_1346,1824120.75,918490.75,435363.4375,1353854.1875,3177975.0,0.4260115915008771,2939277.915635705,1077.302490234375,425.2010498046875,2.533630827571084,8.384827884603006,1.5,1.5,536245.03125,-817609.15625,-60.391227046376436,-91431.89277643757,1056159.9010416667,285175.8404621987,1525.218017578125,447.91552734375,41.57750784056043,60.028676699498575,1089.1571858723958,213.47624518144804,2.095324576923281,-0.43830625064780326,-17.299531008153792,-0.05742306616033241,2.454764777518013,0.1684917760111529,17.812506257374046,9.427678372771041,112.43735115998044,1.2433555697247267,10.099650933857374,3.4716832646360167,6
052_S_1352,1958434.125,445961.59375,305478.21875,751439.8125,2709874.0,0.2772969564267564,2507081.7882075906,1200.92236328125,509.3644714355469,2.3576877231719577,8.09180591687123,1.5,1.5,1422636.3125,671196.5,89.32139192451956,31763.657511418627,822383.3816964285,277092.9459471163,365.04486083984375,-835.8775024414062,-69.6029591919297,-14.571137294845947,1194.6323503766741,528.8251433252311,2.537368598792068,0.17968087562011048,7.621063377230194,-0.00032458301111794395,2.3172721307685933,0.15478458615618665,12.86363317297543,4.771827256104199,58.97110367112302,0.6728852034005797,10.209480288704075,3.303339009169615,7
052_S_2249,2218622.0,512409.875,298443.15625,810853.03125,3029475.0,0.2676546369420444,2796442.5726388134,1858.1448974609373,864.934326171875,2.148307494670283,18.71875325321345,3.0,3.0,722550.578125,-88302.453125,-10.890068819114376,-5841.01505561264,736873.309375,45523.41706830501,1942.0926513671875,83.94775390625023,4.517826032886922,18.374686378061728,1970.01298828125,100.95117520386451,1.966981739509129,-0.181325755161154,-8.440400436669492,-0.0376403227228193,2.0520402193907303,0.07725702449530854,19.24859622617304,0.5298429729595888,2.830546275129892,-0.0599443556093167,18.89081592162981,1.2367185198786894,5
052_S_4626,1881479.5,355147.28125,234435.265625,589582.546875,2471062.0,0.2385948012939376,2356155.625738623,1778.97119140625,840.1867065429688,2.117352221161235,23.589420704988363,3.0,3.0,548890.515625,-40692.03125,-6.901837828423252,-19655.17890142248,553260.4140625,27109.745575318633,1820.4395751953125,41.4683837890625,2.3310317777705194,2.392758324936163,1822.5157775878906,34.28296650976461,2.138761694726885,0.02140947356565004,1.011143698798884,0.020441029552582795,2.106647104601015,0.02287208098623562,17.518176556394813,-6.07124414859355,-25.73714812466627,-3.2993139361731236,21.364299580376553,2.294462882328456,4
052_S_4807,1871202.375,255562.765625,140123.890625,395686.65625,2266889.0,0.1745505211106499,2214205.555908211,1616.4002685546875,759.1305541992188,2.1292783665261577,27.885940373923727,3.0,3.0,457947.09375,62260.4375,15.734783196899881,15358.026320256893,465682.21875,44782.391213062365,1643.0775146484375,26.67724609375,1.6504108921983534,-28.708383520055943,1715.5223388671875,87.57773230023949,2.0773122204600845,-0.05196614606607319,-2.440552014382888,-0.019034479449735874,2.0886029467454947,0.023527402309919947,25.77828568987284,-2.107654684050889,-7.558126625063599,-1.0064205380030118,26.008084340221473,1.382155811776552,4
052_S_4885,1910510.625,378117.84375,233374.53125,611492.375,2522003.0,0.2424629847783686,2405100.903317498,2001.11181640625,954.6182250976562,2.096243044286417,23.83006858990745,3.0,3.0,646591.890625,35099.515625,5.739976009512792,1695.8862608695579,666158.821875,34230.698165937254,1921.9945068359373,-79.11730957031273,-3.9536676022631085,-23.002417572267053,2003.8448974609375,44.54710897671246,2.0304469417993536,-0.06579610248706347,-3.138763067879905,-0.018624970889103015,2.0615769508158843,0.03151711623119854,20.26929436283736,-3.560774227070091,-14.942358279984791,-0.6417077764151767,21.292828976520916,1.3851044798356174,5
052_S_4944,1717041.75,455025.65625,318992.625,774018.28125,2491060.0,0.3107184416473308,2515275.498923118,2055.587646484375,964.9061889648438,2.1303497354072007,20.69837021061768,3.0,3.0,1499136.625,725118.34375,93.68232783584529,135232.95188901245,884496.9947916666,275846.67348638515,297.65252685546875,-1757.9351196289062,-85.51983286314562,-331.3499880622933,1745.2933044433594,647.9205970933933,2.6552411084014635,0.5248913729942628,24.638741905630518,0.0953880914566501,2.209375501098588,0.20040373908968145,17.702190014596173,-2.9961801960215055,-14.47544017008909,-0.38955376843118644,19.352858807693636,1.1517428477416838,6
052_S_4945,1640897.5,706489.0,381290.5625,1087779.5625,2728677.0,0.3986472427846901,2542553.6559136943,1822.072998046875,776.097900390625,2.3477360198784902,21.813189213848418,3.0,3.0,1079255.0,-8524.5625,-0.7836663597915317,-1645.6059856630777,1082096.5625,5882.034671477621,1731.55859375,-90.514404296875,-4.967660702611785,-51.98075486544164,1783.3130493164062,35.212291923232875,2.3098950366116298,-0.03784098326686047,-1.6118074155892097,-0.0209223301033457,2.3477256942093128,0.02690638837640206,23.91414769543033,2.1009584815819125,9.631597016763092,0.5768057934632294,24.26787443964661,1.6278494577762646,4
052_S_6832,1549815.5,1096833.5,653639.9375,1750473.4375,3300289.0,0.5304000460262722,3069017.0,316.3983154296875,118.13582611083984,2.678258773545723,16.41955400099347,3.0,3.0,1750473.4375,0.0,0.0,,1750473.4375,,316.3983154296875,0.0,0.0,,316.3983154296875,,2.678258773545723,0.0,0.0,,2.678258773545723,,16.41955400099347,0.0,0.0,,16.41955400099347,,1
052_S_6844,1461276.0,800328.5,538134.4375,1338462.9375,2799739.0,0.4780670403562618,2623459.0,283.7173156738281,111.56632995605467,2.543037072587631,17.96974026960617,3.0,3.0,1338462.9375,0.0,0.0,,1338462.9375,,283.7173156738281,0.0,0.0,,283.7173156738281,,2.543037072587631,0.0,0.0,,2.543037072587631,,17.96974026960617,0.0,0.0,,17.96974026960617,,1
053_S_0389,1421852.875,723136.3125,342208.875,1065345.1875,2487198.0,0.428331474816239,2350251.3873383403,656.9756469726562,254.76638793945312,2.5787375238449948,9.309292164523857,1.5,1.5,1049637.1875,-15708.0,-1.4744516786020587,-14942.336866255075,1071208.8671875,25072.654756804157,630.7347412109375,-26.24090576171875,-3.994197636188928,-11.31609446823606,655.4426422119141,15.008793947675569,2.558922236719747,-0.019815287125247938,-0.7684103923730322,-0.012176269448028226,2.5724646100573576,0.015164149233148502,9.19775666859344,-0.11153549593041667,-1.1981093079821863,-0.03994387119310269,9.338606347751746,0.09691596810018482,4
053_S_0507,1296658.75,504954.5,288183.8125,793138.3125,2089797.0,0.3795288788815373,1986273.1517583127,662.9833374023438,263.81475830078125,2.513063860261364,10.632524714470804,1.5,1.5,793138.3125,0.0,0.0,,793138.3125,,662.9833374023438,0.0,0.0,,662.9833374023438,,2.513063860261364,0.0,0.0,,2.513063860261364,,10.632524714470804,0.0,0.0,,10.632524714470804,,1
053_S_0621,1515225.875,859160.125,341881.9375,1201042.0625,2716268.0,0.4421662599198606,2584457.6851800084,689.2235717773438,251.54476928710932,2.739963828270707,9.317761026464996,1.5,1.5,1205617.875,4575.8125,0.38098686489591616,-11910.589760082716,1216364.875,28947.519047103535,659.8580932617188,-29.365478515625,-4.260660795436583,-24.715687388202074,666.5741729736328,18.070570239179172,2.7584955208553184,0.018531692584611292,0.676348074138896,0.02242792225686039,2.743759712040496,0.02163888320534469,8.956325827323779,-0.36143519914121747,-3.878991939315061,-0.318950656586489,9.338159525582908,0.29822004601284874,4
053_S_0919,1682303.0,921794.75,419218.3125,1341013.0625,3023316.0,0.4435570289377624,2816583.244371414,678.1300659179688,258.779541015625,2.62049333821382,8.496886304336877,1.5,1.5,1462972.75,121959.6875,9.094593550985637,16735.723568661568,1358835.169642857,54910.995262264936,627567.1875,626889.057434082,92443.7786998099,102605.44338916345,174367.60593087334,274805.99527927616,2.900010808879524,0.279517470665704,10.666597262034202,0.0382931370450685,2.7286988745237593,0.10349860053881689,24.006623826840624,15.509737522503746,182.53436573097906,2.9427250402266245,13.60874907378298,8.16335284308303,7
053_S_2357,1955425.75,1156396.75,909097.625,2065494.375,4020920.0,0.513687010684122,3736500.278546848,630130.5625,218350.9375,2.8858614930247968,27.460403876577395,3.0,3.0,1718759.6875,-346734.6875,-16.787007105744355,-83233.37611790115,1852180.2625,195370.52370130183,582901.1875,-47229.375,-7.495172875383266,-19485.07085301503,618746.975,33927.336140170584,2.8725781901781056,-0.013283302846691214,-0.4602889944232357,-0.0058901574810036935,2.895734050774427,0.0222797459303982,26.772169324200902,-0.6882345523764926,-2.5062797891458857,0.19938065033840544,26.201467259131768,1.8979667644332203,5
053_S_2396,1706286.125,816034.125,769519.75,1585553.875,3291840.0,0.4816618897030232,3144136.813200172,852956.75,290894.4375,2.932186525557292,25.47600501237512,3.0,3.0,1548023.9375,-37529.9375,-2.3669922600390985,-23022.435552514755,1536707.4895833333,85348.24212881252,673379.0,-179577.75,-21.053558694505906,-33644.45278662167,755430.78125,61632.06814740178,2.905822472792904,-0.026364052764388024,-0.899126045856761,-0.012136264700035296,2.9200050308706325,0.03968013039825235,25.088187253537345,-0.38781775883777314,-1.5222863971387524,0.1618700619409365,25.85389990386648,1.6813692901198658,6
053_S_4557,1744449.0,819358.9375,487639.0,1306997.9375,3051447.0,0.4283207073562149,2906960.64247631,779769.6875,273990.65625,2.845971823161958,24.09921067634992,3.0,3.0,1428621.625,121623.6875,9.305576084736552,37033.88400930796,1483179.796875,139647.97202793317,711011.8125,-68757.875,-8.817715807912833,-32395.612168964406,734792.21875,27841.091455378646,2.971808647007702,0.12583682384574368,4.421576588412435,0.04845720598218837,2.942879548858508,0.05609702639439529,23.2470401429376,-0.8521705334123197,-3.5360931312518407,0.19343593791009736,21.92008805216826,1.8061542224764089,4
053_S_4661,2148517.0,1022172.8125,848769.125,1870941.9375,4019459.0,0.4654710839195026,3750647.4073869176,645046.375,219418.765625,2.939795842710572,20.78419608371925,3.0,3.0,1870941.9375,0.0,0.0,,1870941.9375,,645046.375,0.0,0.0,,645046.375,,2.939795842710572,0.0,0.0,,2.939795842710572,,20.78419608371925,0.0,0.0,,20.78419608371925,,1
053_S_4813,2173100.5,1023846.0,376510.5,1400356.5,3573457.0,0.3918772493974322,3421723.383876309,694047.6875,238451.65625,2.910643181984983,34.34537028642744,3.0,3.0,1780241.6875,379885.1875,27.127748362649086,4963.218752910464,1741453.23125,148785.11107808736,840.86328125,-693206.82421875,-99.87884646885306,-51915.883437736324,449404.944140625,239638.005088393,2.868230021919086,-0.04241316006589679,-1.457174837795546,-0.0026204965827650163,2.9115244147211152,0.053392470636556874,29.314754764696115,-5.030615521731324,-14.647143064051683,-0.012359643615486431,30.7162157768895,2.5399033687519,10
053_S_6598,1521095.0,1351366.375,358941.5,1710307.875,3231403.0,0.5292771823879596,3112794.0,456110.84375,141596.359375,3.2212045970675494,43.92564369525677,3.0,3.0,1847235.375,136927.5,8.0060147065627,46408.429711603836,1737485.6041666667,80832.71455219024,97152.65625,-358958.1875,-78.69977055330642,-108340.58138710767,327187.21875,163054.81972824963,3.2893694100550506,0.06816481298750121,2.116128017747014,0.024816129790224264,3.2273157199278475,0.04836519793346187,43.50620370757503,-0.4194399876817343,-0.9548863770595735,-0.04133967444287913,43.40583562863827,0.47077688590487304,3
053_S_6861,2080483.75,1320056.125,646003.125,1966059.25,4046543.0,0.4858614501316309,3800265.0,480399.0625,166727.8125,2.8813372843665097,26.529953587032075,3.0,3.0,1966059.25,0.0,0.0,,1966059.25,,480399.0625,0.0,0.0,,480399.0625,,2.8813372843665097,0.0,0.0,,2.8813372843665097,,26.529953587032075,0.0,0.0,,26.529953587032075,,1
053_S_7086,1885416.5,1244028.125,536640.3125,1780668.4375,3666085.0,0.4857138984775312,3391149.0,146172.15625,51548.80859375,2.835606878892773,29.92026268719976,3.0,3.0,1760971.0625,-19697.375,-1.1061787015023676,-7880.028717141293,1770819.75,9848.6875,884.5347290039062,-145287.6215209961,-99.39486783824199,-58123.00521417725,73528.34548950195,72643.81076049805,2.956274324271716,0.12066744537894314,4.255436332770517,0.04827358644540961,2.895940601582245,0.06033372268947157,28.88075655275284,-1.0395061344469205,-3.474254705964308,-0.4158593818255616,29.400509619976297,0.5197530672234603,2
057_S_0464,1773771.375,556734.375,297097.1875,853831.5625,2627603.0,0.3249469430884346,2515467.3528194427,334.4364929199219,133.50521850585938,2.505044328287433,7.2460417150754255,1.5,1.5,822940.53125,-30891.03125,-3.617930351456175,-30912.18949058219,838386.046875,15445.515625,339.953369140625,5.516876220703125,1.649603538338771,5.520654903046072,337.19493103027344,2.7584381103515625,2.515872863715861,0.010828535428427877,0.4322692140075132,0.010835952233515841,2.510458596001647,0.005414267714213938,6.716036537077379,-0.5300051779980466,-7.314409698958374,-0.5303681952432506,6.981039126076402,0.2650025889990233,2
057_S_0839,1114071.125,507583.375,182791.53125,690374.90625,1804446.0,0.3825966009789154,1778254.9084782598,424.1882019042969,170.06265258789062,2.494305439524797,8.846853941644792,1.494,1.5,689739.75,-635.15625,-0.09200164204259126,8237.561364240933,669982.6927083334,28391.00581993931,304.01416015625,-120.17404174804688,-28.330359309512314,-73.47562954288249,355.0871887207031,50.68994804749298,2.574204843021709,0.0798994034969116,3.203272631764522,0.05913951211650007,2.516361812682399,0.04128350997651411,8.37966444149488,-0.467189500149912,-5.280854677058825,-0.32693408024306714,8.674079698046986,0.2092270047691296,3
057_S_0941,1744762.0,575892.625,359203.3125,935095.9375,2679858.0,0.3489348829303642,2609606.829822063,444.73931884765625,168.63922119140625,2.6372234944423263,7.956354937384789,1.494,1.494,786667.734375,-148428.203125,-15.873045446205888,-297875.8307220124,860881.8359375,74214.1015625,340.7041015625,-104.03521728515625,-23.3924037916677,-208.7849621615567,392.7217102050781,52.017608642578125,2.5924127752044344,-0.04481071923789193,-1.6991627494721568,-0.08992920440461552,2.6148181348233805,0.022405359618945964,7.59688012098418,-0.35947481640060897,-4.518084213557803,-0.7214185532435298,7.776617529184485,0.17973740820030448,2
057_S_0957,1822663.2959051065,612127.3484365926,285524.2376096099,897651.5860462026,2720314.881951309,0.3299807650952187,2639563.704553997,448.0006713867188,168.44857788085938,2.659569314049135,6.68408515464524,1.494,1.494,1078811.25,181159.66395379743,20.181512155705484,363563.55636881595,988231.4180231013,90579.83197689871,371.4990234375,-76.5016479492188,-17.07623511197415,-153.52871930468223,409.7498474121094,38.2508239746094,2.6498235062152493,-0.009745807833885678,-0.3664430846905773,-0.019558551161135956,2.654696410132192,0.004872903916942839,6.900762031928587,0.21667687728334695,3.2416833758134125,0.4348419199326509,6.792423593286914,0.10833843864167347,2
057_S_1007,1990800.625,949242.1875,518891.125,1468133.3125,3458934.0,0.4244467551274468,3322726.425147056,446.2223510742188,169.21864318847656,2.6369573708273784,7.023341015593071,1.494,1.5,1270697.8125,-197435.5,-13.448063491168824,-98793.67091274746,1303713.1666666667,123005.71428401895,353.43487548828125,-92.78747558593756,-20.793999978388463,-54.59861773482713,387.91754150390625,41.45680321376974,2.546437403398864,-0.0905199674285142,-3.4327429191664343,-0.06263471598810254,2.6018328162351274,0.039637077728447365,6.602378222254238,-0.42096279333883313,-5.993768384650846,-0.26659794237382817,6.8026835168032855,0.17245884051371171,3
057_S_1217,1239481.75,688733.125,218732.265625,907465.390625,2146947.0,0.422677127392991,2176179.465675354,306.5678100585937,100.38552856445312,3.05390439626819,8.124445420702521,1.5,1.5,907465.390625,0.0,0.0,,907465.390625,,306.5678100585937,0.0,0.0,,306.5678100585937,,3.05390439626819,0.0,0.0,,3.05390439626819,,8.124445420702521,0.0,0.0,,8.124445420702521,,1
057_S_1265,1337825.875,558869.125,195152.015625,754021.140625,2091847.0,0.3604571178604362,2094714.6728515625,327.1197204589844,121.4021224975586,2.6945139922990125,8.53948872107181,1.5,1.5,708357.875,-45663.265625,-6.055966227571578,-29252.465346020264,731518.6302083334,18647.759857225814,339.7317199707031,12.61199951171875,3.8554690295108927,11.125949519608495,340.40806070963544,11.136273143097773,2.523642619805788,-0.17087137249322426,-6.34145426528045,-0.11481214180176685,2.597889147193659,0.0715301722460669,8.73938468417646,0.19989596310464997,2.3408422873302954,0.10180976915407441,8.577059615183277,0.12017293685684051,3
057_S_1269,1790365.75,852395.8125,319885.3125,1172281.125,2962647.0,0.3956870747679356,2865000.213909149,299.3851318359375,100.86663055419922,2.9681285795200494,7.118075496467059,1.5,1.5,1216785.3125,44504.1875,3.7963749949484176,28683.871733003063,1194616.2604166667,18169.138009529557,285.1228942871094,-14.262237548828125,-4.763842967540487,-7.790465577148054,295.4820963541667,7.398847667374867,2.9475540124352024,-0.02057456708484695,-0.6931831466739856,-0.02557252310313559,2.9292182899731123,0.041341324127201796,6.6447750914561,-0.47330040501095905,-6.6492748671445545,-0.29670037620595757,6.899932170597858,0.19498860102473664,3
057_S_2398,1897923.0,862064.375,724645.625,1586710.0,3484633.0,0.4553449387639961,3245044.3752746447,311.8148193359375,125.07740783691406,2.492974728493989,16.83543481864234,3.0,3.0,535589.21875,-1051120.78125,-66.24529884162827,-1224664.3211538184,915381.28125,476066.4804044183,1924.29833984375,1612.4835205078125,517.1285713558674,1773.687882540033,1463.4033610026042,819.6824483801745,1.9895116745073207,-0.5034630539866682,-20.19527307004878,-0.5812067393007834,2.16518790671281,0.23197986303153345,21.05551628425309,4.22008146561075,25.066661544955988,5.936492497049162,18.348839657073025,1.9183665039935593,3
057_S_4888,2058192.875,415515.5,130875.6875,546391.1875,2604584.0,0.2097805974005829,2773218.020848168,1838.3934326171875,818.24560546875,2.246750142113227,21.19368898349382,3.0,3.0,546391.1875,0.0,0.0,,546391.1875,,1838.3934326171875,0.0,0.0,,1838.3934326171875,,2.246750142113227,0.0,0.0,,2.246750142113227,,21.19368898349382,0.0,0.0,,21.19368898349382,,1
057_S_4897,1687103.5,382627.4375,104357.1953125,486984.6328125,2174088.0,0.2239949039838773,2179252.0594226387,1870.7357177734373,866.5619506835938,2.158802050031036,22.10993795015495,3.0,3.0,564362.34375,77377.7109375,15.889148388649904,36380.402443891835,598731.0859375,108040.31736158911,1862.9365234375,-7.799194335937273,-0.41690519199686465,-117.47380248063325,1991.3839925130208,176.16606568457402,2.139513871838008,-0.01928817819302786,-0.8934667350695986,-0.029688640382829964,2.1548469466623414,0.011257653110528735,20.69542783647811,-1.4145101136768403,-6.397621363143297,-1.6942196152428397,21.260034018169005,0.6116948150649841,3
057_S_4909,1719535.375,270158.15625,140329.328125,410487.484375,2130023.0,0.1927150478539433,2013581.7725688329,2074.008544921875,981.1549682617188,2.113844000079301,26.81079579301617,3.0,3.0,465450.921875,54963.4375,13.38979617945873,66798.85656333978,442391.5104166667,23293.994516468345,2076.104736328125,2.09619140625,0.10106956460630015,1.337097025888041,2076.6283365885415,2.3817625418092643,2.027112793308725,-0.08673120677057566,-4.103008867604324,-0.12251578606186152,2.083330284154465,0.03980023945370549,22.88619919094542,-3.92459660207075,-14.638120525661725,-5.993377900459703,25.951083794757412,2.2357257266874453,3
062_S_1182,1758411.125,706179.3125,543261.625,1249440.9375,3007852.0,0.4153930903182736,2818445.957303047,454.8894348144531,174.4810333251953,2.607099600101158,8.203642113602003,1.494,1.5,1102092.375,-147348.5625,-11.793159490582163,-100660.26833580954,1162278.6145833333,63106.69019847425,324.1470031738281,-130.742431640625,-28.741584577349904,-92.04349253960042,371.217529296875,59.319145801967906,2.661217841246097,0.05411824114493902,2.075802594685649,0.03222531221349389,2.6280954770464775,0.02369929360412761,7.495631978821516,-0.708010134780487,-8.630436639923317,-0.5127216083597855,7.7173835392993295,0.34427949693030824,3
062_S_1294,1957304.375,761722.625,428983.875,1190706.5,3148011.0,0.3782408956004283,3014337.814328023,396.9036560058594,147.29132080078125,2.694684596168477,7.952296111533812,1.494,1.494,1225814.03125,35107.53125,2.9484622154997897,70456.18565418957,1208260.265625,17553.765625,385.9601745605469,-10.9434814453125,-2.757213565488282,-21.96212416428786,391.4319152832031,5.47174072265625,2.713292981826552,0.01860838565807521,0.6905589501841565,0.03734457616270313,2.7039887889975143,0.009304192829037605,8.060407272146858,0.1081111606130456,1.3594961643372896,0.21696484293359838,8.006351691840335,0.0540555803065228,2
062_S_1299,2012729.5,922731.6875,485762.8125,1408494.5,3421224.0,0.4116931542629187,3214520.515214472,425.29925537109375,148.23977661132812,2.868995503259534,7.475135727577138,1.494,1.494,1408494.5,0.0,0.0,,1408494.5,,425.29925537109375,0.0,0.0,,425.29925537109375,,2.868995503259534,0.0,0.0,,2.868995503259534,,7.475135727577138,0.0,0.0,,7.475135727577138,,1
067_S_0038,1949203.875,807819.125,461902.03125,1269721.15625,3218925.0,0.394455029629457,3188208.1419467926,307.8948669433594,109.8675765991211,2.802417907736072,9.22693715041809,1.494,1.494,1169590.6875,-100130.46875,-7.886020348414589,-200948.64676339287,1219655.921875,50065.234375,294.3910827636719,-13.5037841796875,-4.385842581185892,-27.100314129839887,301.1429748535156,6.75189208984375,2.788027412233144,-0.014390495502927703,-0.5135028385025214,-0.02887982682661727,2.795222659984608,0.007195247751463851,8.71533208346985,-0.5116050669482402,-5.544690059204081,-1.026723904960685,8.97113461694397,0.2558025334741201,2
067_S_0045,1563208.75,725742.625,250674.640625,976417.265625,2539626.0,0.3844728576668375,2444994.326877593,284.3929443359375,92.1381607055664,3.086592342103959,10.204073015098492,1.494,1.494,1020709.78125,44292.515625,4.536228227862048,88889.23808808379,998563.5234375,22146.2578125,278.3468322753906,-6.046112060546875,-2.1259711891462896,-12.133749616015088,281.36988830566406,3.0230560302734375,3.047289002279631,-0.0393033398243281,-1.2733570056594252,-0.07887662016942767,3.066940672191795,0.01965166991216405,10.04407621359602,-0.15999680150247286,-1.5679699789067858,-0.321092482136144,10.124074614347256,0.07999840075123643,2
067_S_0077,1793327.125,801124.375,437242.5,1238366.875,3031694.0,0.4084735712113426,2951221.882975101,301.1413269042969,99.7846908569336,3.017911077342992,8.351146048574734,1.494,1.494,1153471.0,-84895.875,-6.8554704356089955,-170374.82606456042,1195918.9375,42447.9375,297.09619140625,-4.045135498046875,-1.3432681391260604,-8.118053520118796,299.11875915527344,2.0225677490234375,2.99409443425228,-0.023816643090711853,-0.7891764362944828,-0.047796862026826946,3.0060027557976357,0.011908321545355927,9.644971354882587,1.2938253063078538,15.49278744237346,2.596536775433756,8.99805870172866,0.6469126531539269,2
067_S_0098,1423875.875,637148.625,172242.53125,809391.15625,2233267.0,0.3624247151146728,2213763.7450933456,275.8283996582031,94.32981872558594,2.9240848806942825,11.33037282998754,1.494,1.494,837725.34375,28334.1875,3.5006791563272652,28150.91173252679,860509.6875,53522.162046953395,277.5772399902344,1.74884033203125,0.6340320047530825,1.7595205514599148,274.97266642252606,2.5488432679552693,2.912364561786984,-0.0117203189072983,-0.4008200645842906,-0.011855893277132845,2.941491481384839,0.033250241619636065,11.844414156490192,0.5140413265026513,4.536843881625532,0.5145492563755757,11.558736131574554,0.21373403171672464,3
067_S_0176,1924493.5,814343.8125,305458.625,1119802.4375,3044296.0,0.3678362542604267,2974919.934368133,284.38848876953125,95.63507080078124,2.973684061867438,10.130871545923558,1.494,1.494,1181059.6875,61257.25,5.470362266468991,51234.48246653037,1063790.50390625,89906.89397895288,360.9828796386719,76.59439086914062,26.933013780038333,40.72836676330696,296.2140426635742,37.88580155519995,3.2630448575929134,0.2893607957254756,9.730717510849503,0.14791108141319448,3.0842179017836235,0.110487088995507,10.51417318176746,0.3833016358439014,3.783501094712169,0.21742489380413021,10.049977493895634,0.31076142994702116,4
067_S_0243,1336777.75,603377.875,380236.4375,983614.3125,2320392.0,0.4239000619291913,2348174.6532678604,309.92413330078125,105.4400634765625,2.9393393757803707,12.047481093214625,1.494,1.494,983614.3125,0.0,0.0,,983614.3125,,309.92413330078125,0.0,0.0,,309.92413330078125,,2.9393393757803707,0.0,0.0,,2.9393393757803707,,12.047481093214625,0.0,0.0,,12.047481093214625,,1
067_S_0284,1403434.75,660968.875,198989.40625,859958.28125,2263393.0,0.3799420963350156,2259760.495269298,296.3961486816406,98.14122009277344,3.0200984395889647,11.074914161919676,1.494,1.494,835686.65625,-24271.625,-2.822418892776957,-48709.950721153844,847822.46875,12135.8125,292.525146484375,-3.871002197265625,-1.306023109437725,-7.768590948083898,294.4606475830078,1.9355010986328125,3.026021945519029,0.005923505930064188,0.1961361872320419,0.011887695279977717,3.023060192553997,0.002961752965032094,11.075899694079808,0.0009855321601328626,0.008898779220533795,0.0019778330851018024,11.075406927999742,0.0004927660800664313,2
067_S_0290,1455384.25,858462.5625,467653.25,1326115.8125,2781500.0,0.4767628303073881,2636807.294235229,420.4402465820313,161.90199279785156,2.596881216342442,7.129064501500123,3.0,1.494,1374179.5625,48063.75,3.6244006403475417,113478.47075053389,1181025.35546875,170021.10042847,397.2505798339844,-23.189666748046932,-5.515567773677071,26.073083625130913,345.9055404663086,63.49733396845297,2.672362728931095,0.07548151258865321,2.9066216857991134,-0.07564674831153938,2.820829992180756,0.1881149408971747,10.215673903365907,3.0866094018657844,43.296135155128546,0.9309962044937866,8.965577878909574,1.1487284974856884,4
067_S_0607,1227416.5,733838.875,549188.5,1283027.375,2510444.0,0.5110758794061927,2569263.8009262085,667.3380737304688,260.0108947753906,2.566577341847036,7.836187494497761,3.0,1.494,633650.09375,-649377.28125,-50.61289368436118,-290579.394124044,1028562.675,213991.58418086485,411.0921325683594,-256.2459411621094,-38.398219920178654,-65.40188634008739,395.2768920898437,142.9505660724595,2.4019937739002093,-0.16458356794682683,-6.412569972599553,-0.1157116718945948,2.7261733110963915,0.2069554791767711,11.16431808084976,3.3281305863519997,42.47129855798974,1.0406663073066522,10.25972890427024,1.2452717831938385,5
067_S_2195,2092099.0,1022861.875,528775.0625,1551636.9375,3643736.0,0.4258368162512322,3350503.777790582,262.8951721191406,104.4156265258789,2.517776106397324,14.006902059078742,3.0,3.0,1348587.3890683586,-203049.54843164142,-13.086150730517874,-77379.45994507421,1489432.7324764153,127948.18403763461,249.30984497070312,-13.5853271484375,-5.167583352303179,-5.585354010739588,251.67911275227866,10.938693318624036,2.4215735827781075,-0.09620252361921633,-3.8209324242445106,-0.013531813182437938,2.4969098902181694,0.040330491742547055,14.078933123646872,0.07203106456812947,0.5142540746291694,0.32807531079577434,13.88895930381487,1.1128998028204342,6
067_S_2196,1546981.1820841068,636392.8470609474,281883.9563746713,918276.8034356188,2465257.8917697296,0.3724871164600217,2384818.1928413,296.53680419921875,113.86675262451172,2.6042439497053005,20.29326854454392,3.0,3.0,914168.375,-4108.428435618756,-0.4474063180347779,-17034.589067719786,958166.0914839047,42437.0088838678,301.53143310546875,4.99462890625,1.6843200693882565,0.3157177576728307,301.9717330932617,4.103024086432542,2.612935892796421,0.008691943091120535,0.33376070978696626,0.003630085916421221,2.593289874245844,0.02361592299275051,21.76626700924226,1.472998464698339,7.2585570011311535,1.1667784139187714,19.216437358278274,2.041485958329563,4
067_S_2301,2273946.75,1096976.625,435088.625,1532065.25,3806012.0,0.402538207972019,3543271.2081058184,234.133544921875,88.66452026367188,2.6406677844185857,12.19855271084032,3.0,3.0,1835573.071550998,303507.8215509979,19.810371754792943,41144.92665447634,1558486.9929412354,114555.9244122527,405.6144104003906,171.48086547851562,73.24062237033777,22.79342228163916,257.5074724469866,60.68447311529781,2.456333092159136,-0.18433469225944954,-6.980608971227928,-0.028597924967845037,2.5710732516135724,0.06278844853022077,14.415460413288567,2.216907702448248,18.17353054086637,0.31360275545271266,12.650902950613203,1.0087862142071573,7
067_S_2304,2213359.83699113,1104377.793405085,433732.64204688586,1538110.435451971,3751470.147443096,0.4100020458646877,3536332.750381215,264.1565856933594,101.98731231689452,2.590092601739328,14.975217411940438,3.0,3.0,1709823.625,171713.1895480291,11.163905113066312,36449.24771351329,1582322.990826995,127418.99463686264,345.6513977050781,81.49481201171875,30.850948424325974,12.734821622574882,302.7579515245226,40.52512875725514,2.747991097523418,0.1578984957840901,6.0962490560397855,0.02268170391521105,2.7049610027204833,0.10272958275306517,19.204726566699733,4.229509154759295,28.2433906527922,0.447489294014401,17.48315460531147,1.5698005852043673,9
067_S_4054,1867142.25,841372.3125,464978.46875,1306350.78125,3173493.0,0.4116444502162129,2941268.596105103,249.0147247314453,99.16024780273438,2.511235376454387,16.376239147399012,3.0,3.0,1362255.9375,55905.15625,4.279490398169041,4465.147018384864,1332795.71875,62517.76968741739,259.7491760253906,10.734451293945312,4.310769696660343,1.0889044138323964,265.9502830505371,12.30102960929813,2.5365672492190674,0.02533187276468052,1.008741474502744,0.01833194371138126,2.5461366889590282,0.04556416844095631,14.871623562956117,-1.5046155844428952,-9.187796849448603,-0.5892309873622652,16.18286614102269,1.227977318961612,4
067_S_4072,1831631.625,942856.375,319654.96875,1262511.34375,3094143.0,0.4080326422372851,2940900.179172365,309.71075439453125,103.61750793457033,2.9889808930853503,17.256433737816423,3.0,3.0,1485641.689510794,223130.3457607939,17.67353195402082,47616.834347827724,1200328.8050226325,144680.527619297,428.9397583007813,119.22900390625006,38.49688853696304,17.77177020020051,322.7474772135417,48.5693396633354,2.6863343932987163,-0.30264649978663405,-10.125407642677493,-0.04619275956519182,2.96410327297723,0.12515704064482538,20.7089847958562,3.452551058039777,20.007326603490046,0.44416467838861745,17.944990331377955,1.3672398389644183,6
067_S_4184,1829774.5,779099.5,275881.03125,1054980.53125,2884755.0,0.365708883856688,2751536.545433232,304.0863952636719,105.50137329101562,2.8822979540046383,16.71787092227165,3.0,3.0,1449357.375,394376.84375,37.38238119737814,69156.4445114656,1077576.2624561458,173898.44535735028,460.0492248535156,155.96282958984375,51.28898629437503,23.917948639837128,327.2409922281901,59.71003000818747,2.5350962678207334,-0.3472016861839049,-12.046002589756762,-0.059350703468494345,2.8574841909708195,0.14973289178545504,20.873895246920146,4.156024324648495,24.859770385664444,0.3113379296507271,19.676778012586635,1.6095537659062324,6
067_S_4212,2472475.0,1178123.25,655031.875,1833155.125,4305630.0,0.4257576998023518,4008615.165252204,249.9663848876953,94.19884490966795,2.6536034754332416,11.261080374275643,3.0,3.0,1908495.0,75339.875,4.1098472231039365,26289.908890785126,1709445.7184732987,180687.1680605993,426.3716125488281,176.4052276611328,70.57158015082227,20.919133606921935,292.6169913155692,76.58151308787089,2.487147326774476,-0.16645614865876546,-6.272834287405692,-0.016738694259965183,2.607485989112616,0.07163639183312702,13.659296222790504,2.3982158485148606,21.296498815453337,0.06932242079635227,13.710969512636982,1.127849702324006,7
067_S_4310,1863623.0,835388.25,296119.6875,1131507.9375,2995131.0,0.3777824534219037,2821916.1931817187,292.1217346191406,104.40371704101562,2.7980012599204453,16.7692154716787,3.0,3.0,1192367.8125,60859.875,5.378652060936162,587.3001568694104,1185715.4,58752.98654772793,309.68182373046875,17.560089111328125,6.011223072539409,4.510741525017579,293.6136474609375,8.393513771809554,2.6972487314993883,-0.10075252842105709,-3.600875019760418,-0.026022761742966,2.7702363370230225,0.0488774103200333,18.63998950078821,1.870774029109512,11.156002093652127,0.9502959233884232,16.12037897770669,1.7282438452391284,5
067_S_4767,1534089.9810567186,656566.0453905842,436288.1551620444,1092854.2005526286,2626944.1816093475,0.4160172904332943,2540824.2963861134,283.0514221191406,109.0065689086914,2.5966455265608,17.105020473176324,3.0,3.0,1308100.6875,215246.4869473714,19.695810002699968,27226.608360489623,1172752.0866860899,87305.58283512483,377.7176208496094,94.66619873046875,33.444876560493775,24.838150868590326,321.16746303013394,72.91531304103037,2.4269943171608404,-0.1696512093999596,-6.53347588897353,-0.03802411700138457,2.5227709343563944,0.10747792726593682,18.40309068214256,1.2980702089662373,7.58882581287663,0.0951220695305633,16.46245346077951,1.2014153562532521,7
067_S_4782,2099306.25,989401.125,761170.625,1750571.75,3849878.0,0.4547083699795162,3445327.820087224,297.8781433105469,117.28782653808594,2.539719164069428,13.511291893938532,3.0,3.0,1005518.1875,-745053.5625,-42.56058413486908,-72242.22340913935,1401916.8148999363,234068.1718022901,428.0872497558594,130.2091064453125,43.7122056013239,17.694563647691442,360.8367004394531,68.38798607355074,2.2192498118577606,-0.3204693522116675,-12.618298776711,-0.022126400834220596,2.422138969455213,0.11457316708197111,16.096676561783102,2.58538466784457,19.134992331891162,0.4142091775032096,15.971967885678737,2.459379605695532,9
067_S_4918,1615093.0,729917.5625,593273.375,1323190.9375,2938284.0,0.4503277891109232,2707801.7179542105,242.6955718994141,97.794189453125,2.4816972334951086,18.39769341318871,3.0,3.0,1323190.9375,0.0,0.0,,1323190.9375,,242.6955718994141,0.0,0.0,,242.6955718994141,,2.4816972334951086,0.0,0.0,,2.4816972334951086,,18.39769341318871,0.0,0.0,,18.39769341318871,,1
067_S_6474,2473913.5,734275.4375,355593.1875,1089868.625,3563782.0,0.3058179835354688,3329901.0,472.9271545410156,212.8856201171875,2.221508207361185,15.49276025959176,3.0,3.0,1060378.75,-29489.875,-2.7058192449571616,-29510.073544520546,1075123.6875,14744.9375,427.1384582519531,-45.7886962890625,-9.681976568569267,-45.82005840980843,450.0328063964844,22.89434814453125,2.2224599855875944,0.0009517782264092389,0.04284378618343288,0.0009524301293040398,2.2219840964743898,0.00047588911320461946,14.234094731767469,-1.2586655278242915,-8.124217419843156,-1.2595276275008833,14.863427495679614,0.6293327639121458,2
067_S_6525,1942918.5,842952.0,505160.5625,1348112.5625,3291031.0,0.4096322892430973,2989213.0,551.798095703125,228.4909210205078,2.414967259196404,15.467039821556952,3.0,3.0,1277014.1875,-71098.375,-5.273919773297862,-13400.551221438276,1338932.0894706054,47255.84295729714,581.4051513671875,29.6070556640625,5.365559594100431,4.598340991645571,564.3194173177084,12.510524420945154,2.3070001313136914,-0.10796712788271279,-4.47074913631084,-0.017907170353736315,2.3793914632537896,0.05119090377464244,14.65617954671798,-0.8108602748389728,-5.242504604590522,-0.11238694294792428,15.004089295806054,0.34088060622391203,3
067_S_6529,1589706.375,911183.3125,402944.34375,1314127.65625,2903834.0,0.4525491664640609,2683496.0,368.5289916992188,154.33035278320312,2.387922937161882,16.68513969779334,3.0,3.0,1215700.75,-98426.90625,-7.489904483927491,-65722.90220806672,1264914.203125,49213.453125,373.2301635742188,4.701171875,1.2756586268352372,3.139128020738117,370.8795776367188,2.3505859375,2.3594037526630447,-0.02851918449883728,-1.1943092490552978,-0.019043203177697105,2.3736633449124636,0.01425959224941864,18.804325467781684,2.119185769988345,12.701037020796498,1.4150504615872814,17.744732582787513,1.0595928849941725,2
068_S_0802,1624125.75,856684.0,540578.25,1397262.25,3021388.0,0.4624570727096288,2835485.3280320764,591485.375,205336.765625,2.88056244188306,22.799328156364304,1.5,1.5,1492152.125,94889.875,6.791128508624633,-28807.702709850837,1400349.325892857,238240.14636710475,334.77508544921875,-591150.5999145508,-99.94340095299073,-68223.8079470076,344247.8171255929,298728.8412128335,2.48659785704714,-0.3939645848359201,-13.676654916682885,-0.046218339418678846,2.7005339989455095,0.20009301453095488,15.466309909199826,-7.333018247164478,-32.1633084837963,-0.7297599795026212,19.55997063856039,3.1130979294226035,7
068_S_2168,1957349.0,958893.875,579584.0625,1538477.9375,3495827.0,0.440089837826643,3211379.61062378,339.5583190917969,133.20635986328125,2.5491148988020824,16.657253274214636,3.0,3.0,1554545.5,16067.5625,1.0443804300573534,24675.64700826836,1541837.2916666667,9312.80290227928,339.0961303710937,-0.46218872070318184,-0.13611468037048235,3.4495018883188777,334.6407063802083,6.63042318271511,2.52666928180006,-0.022445617002022633,-0.8805259038174627,-0.0309270615038143,2.54031467069339,0.009782914287065987,14.655872142825164,-2.001381131389472,-12.01507294415462,-3.148652758610209,16.325795097452698,1.2503326435954434,3
068_S_2171,1525482.0068161571,780479.7534873388,503490.0647496937,1283969.8182370325,2809452.0125531903,0.4570178855164637,2689580.171887568,324.9803161621094,118.09756469726562,2.7517952147732867,20.005857866634106,3.0,3.0,1283969.8182370325,0.0,0.0,,1283969.8182370325,,324.9803161621094,0.0,0.0,,324.9803161621094,,2.7517952147732867,0.0,0.0,,2.7517952147732867,,20.005857866634106,0.0,0.0,,20.005857866634106,,1
068_S_2184,1730870.5,818223.0625,469745.5625,1287968.625,3018839.0,0.4266436948111509,2876698.587478884,314.4493713378906,115.87350463867188,2.7137296796597963,16.13400351106834,3.0,3.0,1305864.116629847,17895.491629847093,1.389435369968511,15954.20912016047,1352011.003813308,122995.82144474474,346.14923095703125,31.699859619140625,10.081069484816249,2.5946554197496687,315.1492462158203,14.574712638666355,2.46449425197993,-0.24923542767986628,-9.184239297965426,-0.03735013935009602,2.569106354298091,0.14365005000245365,11.1956357294671,-4.93836778160124,-30.608446181466327,-0.5680060168600259,14.764410429175092,1.9592691942674147,6
068_S_2187,1841838.25,960039.125,746017.625,1706056.75,3547895.0,0.4808644985265911,3220089.017290226,325.6403503417969,130.47056579589844,2.495891282906835,16.325898032252173,3.0,3.0,1806354.748286396,100297.99828639603,5.878936810653927,19613.61691269842,1610671.4088154112,199038.14345399255,299.1968688964844,-26.4434814453125,-8.120456023818006,-0.19884415033916253,333.6899583604601,18.93476129005906,2.7257025504061807,0.22981126749934555,9.207583241834808,0.005543804302544498,2.6150667930621982,0.1226352415809074,17.426244401026118,1.1003463687739448,6.739882649029083,-0.21982263368349986,17.032761360262228,1.8341796491609155,9
068_S_2193,1510476.0,876494.25,680199.8125,1556694.0625,3067170.0,0.5075343272462889,2818716.031616211,341.7738342285156,137.33444213867188,2.4886243131551016,14.521612476664604,3.0,3.0,1556694.0625,0.0,0.0,,1556694.0625,,341.7738342285156,0.0,0.0,,341.7738342285156,,2.4886243131551016,0.0,0.0,,2.4886243131551016,,14.521612476664604,0.0,0.0,,14.521612476664604,,1
068_S_2194,1487664.0,613332.0625,296634.0,909966.0625,2397630.0,0.3795273092595604,2391008.540494612,299.9635009765625,109.88336181640624,2.7298354663366395,19.92068239894264,3.0,3.0,909966.0625,0.0,0.0,,909966.0625,,299.9635009765625,0.0,0.0,,299.9635009765625,,2.7298354663366395,0.0,0.0,,2.7298354663366395,,19.92068239894264,0.0,0.0,,19.92068239894264,,1
068_S_2248,2115122.5,528458.5,589873.875,1118332.375,3233455.0,0.345862977836401,2999383.697556518,318.1820983886719,127.10794067382812,2.503243260796084,15.836106252821862,3.0,3.0,1010077.0625,-108255.3125,-9.680066044765985,-82353.55427280911,1137350.359375,82585.58825111063,331.12750244140625,12.945404052734375,4.068551976460051,6.445525624137939,329.6433792114258,8.813224392830632,2.468551189244351,-0.03469207155173315,-1.3858849475420276,-0.028726023065484895,2.509831127234034,0.027295660570387792,17.827402234477354,1.991295981655492,12.574404022457603,0.21048396455428894,18.324271955468674,1.6858030659425567,4
068_S_2315,1497681.75,680459.0625,656740.1875,1337199.25,2834881.0,0.4716950200026032,2660053.014689893,364.9895935058594,140.12435913085938,2.604754756168041,18.68906319646927,3.0,3.0,1359642.664429185,22443.41442918498,1.6783896961642015,1565.468352493886,1371056.420385837,59192.49836294788,309.69580078125,-55.293792724609375,-15.149416232252582,-4.283395882463873,345.1673950195312,19.78758695577324,2.55499486263068,-0.04975989353736088,-1.9103485047692035,-0.00940284135583767,2.5973538394032074,0.04976010849442197,16.9493121373583,-1.7397510591109686,-9.308925978909642,-0.28777267158664077,16.949693309397986,2.3814491223300145,5
068_S_2316,1596909.625,757047.25,457018.125,1214065.375,2810975.0,0.431901875683704,2622905.6421494926,343.89666748046875,128.74111938476562,2.671226306347752,20.36830243641697,3.0,3.0,1206575.0625,-7490.3125,-0.6169612159476997,-6478.604778351729,1206675.4072216088,5993.337888544488,343.733642578125,-0.16302490234375,-0.04740519980555172,-2.6707752792514845,346.6680399576823,4.035137463459541,2.718018500836956,0.04679219448920424,1.751712102340783,0.06693751546426971,2.686715947049225,0.02213464149975559,18.508617920535777,-1.8596845158811917,-9.130287227845841,-2.0943899929308136,19.096719241457556,0.8999878624202156,3
068_S_4061,1576597.875,723506.75,482420.3125,1205927.0625,2782525.0,0.4333930737369835,2672783.421528724,318.55224609375,125.7950439453125,2.532311556724955,19.31938966985128,3.0,3.0,1597111.25,391184.1875,32.43846163374412,58575.88671670311,1301862.6665090176,159397.11214353933,307.00250244140625,-11.54974365234375,-3.6256983882463842,-4.2353509377428065,311.24338785807294,17.155317271706277,2.5434371452515023,0.011125588526547325,0.4393451705024826,-0.014157652048514437,2.5200965159091258,0.09185626215977022,16.139299644978394,-3.180090024872886,-16.46061329688665,-0.7116660097624089,18.80898807616729,1.9962020441978274,6
068_S_4067,2115801.0,1128562.0,984929.0625,2113491.0625,4229292.0,0.4997269194229199,3920187.0923314593,357.1062927246094,126.27938079833984,2.827906564310597,13.7137502765101,3.0,3.0,1948079.25,-165411.8125,-7.8264732430114075,-16202.749648856478,1886665.718775114,166694.49371850473,297.8782958984375,-59.227996826171875,-16.5855371447758,-9.382078977083555,342.5752410888672,26.62574851961784,2.783844373329082,-0.04406219098151487,-1.5581204675429792,-0.004131447283807225,2.7919496592607405,0.021438839367814398,12.945053790433075,-0.7686964860770242,-5.605297388225765,-0.38432588845465027,14.750801031622832,1.6428199944542905,4
068_S_4134,1659597.75,787653.625,500051.5625,1287705.1875,2947303.0,0.4369096721646875,2776516.8152855826,333.47674560546875,130.48341369628906,2.555702166299552,19.067161753371217,3.0,3.0,1266488.1875,-21217.0,-1.6476597443232714,-28282.880474452555,1277096.6875,10608.5,316.2608642578125,-17.21588134765625,-5.16254328810804,-22.949272489895787,324.8688049316406,8.607940673828125,2.7047825998898416,0.14908043359028955,5.833247533930992,0.19872857068924546,2.630242383094697,0.07454021679514478,20.689455914374008,1.6222941610027917,8.508314881820091,2.162565482869597,19.878308833872612,0.8111470805013958,2
068_S_4217,1842155.5,829337.25,650806.375,1480143.625,3322299.0,0.4455178853558936,3039611.889954738,336.345947265625,139.45999145507812,2.41177373771884,15.871609440253584,3.0,3.0,1422089.4375,-58054.1875,-3.9221996108654658,124587.11469545815,1322985.179601058,283364.03408320167,346.11798095703125,9.77203369140625,2.90535199572032,9.994671041883894,335.6506576538086,9.868253192031348,2.495675852035075,0.08390211431623484,3.478855126583852,0.09228532179322642,2.3989001084133177,0.09551125860578681,14.058840549494406,-1.8127688907591786,-11.421456012908388,-1.1936348568184876,15.570578149350949,0.8938755151264905,4
068_S_4274,2222345.75,981323.0,613432.25,1594755.25,3817101.0,0.4177922590992483,3603682.241167047,325.59649658203125,123.76915740966795,2.630675531494912,16.02255272318559,3.0,3.0,1648527.6875,53772.4375,3.371830097439717,71680.22918567518,1621641.46875,26886.21875,316.773681640625,-8.82281494140625,-2.7097389050632543,-11.761069917330778,321.1850891113281,4.411407470703125,2.6311217962085887,0.0004462647136764808,0.01696388278728109,0.0005948838929574256,2.6308986638517506,0.0002231323568382404,15.774403309883272,-0.24814941330231832,-1.548750798886318,-0.3307904131703349,15.898478016534431,0.12407470665115916,2
068_S_4332,2227362.0,1129562.5,762726.375,1892288.875,4119651.0,0.4593323257237081,3768947.936910857,309.680908203125,125.72474670410156,2.4631658751224697,15.685006073715687,3.0,3.0,2164829.375512983,272540.5005129832,14.402689996947911,52866.14066699935,2094556.1208656281,175452.4239042448,351.57843017578125,41.89752197265625,13.529255715426586,8.315109890600809,346.21943359375,30.51215627103253,2.603855252249339,0.14068937712686935,5.711729711255204,0.010353010955494145,2.530163134981872,0.05203049557530822,14.484311251655903,-1.2006948220597842,-7.655048499291696,-0.29987801054303803,13.668562373782981,1.4457139889927726,5
068_S_4431,2088686.625,955526.5625,603238.875,1558765.4375,3647452.0,0.4273573545313276,3392567.1132005285,286.1877746582031,112.90809631347656,2.5346966379535663,12.164109166259374,3.0,3.0,1753173.6750709014,194408.2375709014,12.471936629715104,51998.47797060257,1691719.277106967,94101.96004088724,296.78302001953125,10.595245361328125,3.702200547868312,2.661600572354219,292.03294881184894,4.394257154770668,2.72839571378819,0.19369907583462354,7.641903687180886,0.053551098988471484,2.68132920713469,0.1058769209986698,14.618196594354863,2.454087428095489,20.174822459688215,0.6030850627537723,13.409052424546495,1.002196739579615,3
070_S_4793,2308791.0,605453.1875,411057.8125,1016511.0,3325302.0,0.3056898290741713,3003637.8452544683,216.346420288086,93.67693328857422,2.3094950953628053,13.640049102795842,3.0,3.0,1016511.0,0.0,0.0,,1016511.0,,216.346420288086,0.0,0.0,,216.346420288086,,2.3094950953628053,0.0,0.0,,2.3094950953628053,,13.640049102795842,0.0,0.0,,13.640049102795842,,1
070_S_6229,1442999.5,962919.5,553264.0,1516183.5,2959183.0,0.5123655752280275,2725976.0,296.4015808105469,119.79378509521484,2.4742650722714457,10.537059647470866,3.0,3.0,1664231.4792806709,148047.97928067087,9.764515923083907,25525.724694042226,1558849.3458561343,65746.66650341361,267.7667541503906,-28.63482666015625,-9.660821167637085,-4.369449761596953,280.7591064453125,10.288790096262877,2.569759835588583,0.09549476331713747,3.859520323320514,0.0184613881801792,2.5103289282477417,0.04928579374479444,11.479894079192931,0.9428344317220656,8.947794387292543,0.20953785851883105,10.185655163397518,0.8056441207121533,5
070_S_6236,1685525.7553169965,1253495.7539541563,681406.3771494987,1934902.131103656,3620428.011420652,0.5344401614947183,3223800.7257975936,269.8858947753906,102.4914779663086,2.6332520273622806,9.79687498406624,3.0,3.0,1946188.125,11285.993896343978,0.5832850000483755,272.9608004920865,1867008.5512207313,60516.51397198272,304.01483154296875,34.128936767578125,12.645691171071217,3.7889502977205813,284.06658325195315,14.647134979111094,2.583788800526204,-0.0494632268360764,-1.8784083833260559,-0.018373174353597296,2.5736071479586387,0.08310529912336632,8.680959519837133,-1.1159154642291078,-11.390524693272566,-0.26176279470518066,8.995691747905077,0.42712652601102036,5
070_S_6911,1711725.75,1147830.25,840061.125,1987891.375,3699617.0,0.5373235594387202,3238317.0,300.0588073730469,120.33416748046876,2.493546190263898,7.988282620580625,3.0,3.0,1987891.375,0.0,0.0,,1987891.375,,300.0588073730469,0.0,0.0,,300.0588073730469,,2.493546190263898,0.0,0.0,,2.493546190263898,,7.988282620580625,0.0,0.0,,7.988282620580625,,1
072_S_2026,1724585.0,826493.625,459984.25,1286477.875,3011063.0,0.4272504012702491,2743845.174540358,232.1380615234375,93.22809600830078,2.4900010723459105,16.761380482162043,3.0,3.0,1027284.625,-259193.25,-20.147509338238716,-336325.99808067834,1160738.445950237,105955.71116646238,237.6323699951172,5.4943084716796875,2.3668279280108324,2.310759539230636,240.3885955810547,8.099729410448651,2.602308273720316,0.11230720137440553,4.510327430043927,0.13920942621813043,2.552039462716961,0.046598419994724985,18.735097604223352,1.9737171220613092,11.77538523250992,2.3226864794869577,17.995174823908567,0.8781881570873683,3
072_S_2027,1520689.625,733558.375,653083.0,1386641.375,2907331.0,0.4769465103904577,2591128.346856928,293.53497314453125,117.02206420898438,2.5083728664360905,18.527473293530125,3.0,3.0,1267845.375,-118796.0,-8.567175489048132,-74821.34511813443,1186143.265625,242292.83038128182,296.7848815917969,3.249908447265625,1.1071622616039791,-0.0005212051971077911,299.72215270996094,4.775053052072509,2.537884109507048,0.029511243070957427,1.1765094203433624,0.012767442042605017,2.5161347717981215,0.017006743033073875,19.49614871811907,0.9686754245889446,5.228319098034865,0.15395274188331393,19.722178840750203,0.790423337102656,4
072_S_2037,2296401.0,1112659.25,995119.625,2107778.875,4404180.0,0.4785859967122143,4104792.007356067,305.14727783203125,113.72422790527344,2.6832213396338225,12.902839013669364,3.0,3.0,2194779.8125,87000.9375,4.127612176585648,13563.937059944947,1955798.1979166667,234890.5461161989,264.1551208496094,-40.992156982421875,-13.433564694942508,-17.353480885833573,271.0422871907552,42.49700918511319,2.783364932050386,0.10014359241656345,3.732215115366889,0.01004422153744495,2.6290831967758366,0.13728437427845355,11.73540814973526,-1.1674308639341042,-9.047860418139908,-0.6308747642196375,12.906700487279734,1.9293121467638654,6
072_S_2072,1977520.0,926607.375,496326.59375,1422933.96875,3400454.0,0.4184541148770135,3106713.4315965464,299.44189453125,122.79412841796876,2.438568488172628,15.247925447871705,3.0,3.0,1644532.0625,221598.09375,15.573322347815374,85049.05559350378,1505431.7604166667,127578.11193748232,277.1177673339844,-22.324127197265625,-7.455245109309799,-8.668486056373546,285.46416727701825,20.254044735471066,2.4255379377880857,-0.013030550384542483,-0.5343524468450377,-0.017393042593717017,2.4395418623879954,0.03916714866025737,13.465342723758376,-1.782582724113329,-11.690657396033771,-0.7525065305045016,14.951236239512838,1.2187247124323717,6
072_S_2083,1554895.25,690324.8125,391985.875,1082310.6875,2637206.0,0.4104005100473759,2560178.3957293024,300.6750793457031,117.10760498046876,2.567511109362528,20.3342365959139,3.0,3.0,1124546.09375,42235.40625,3.9023366153353263,13089.728944677345,1147044.5104166667,43321.96159856584,295.0205078125,-5.654571533203125,-1.8806252734706173,4.731379718713525,280.90235900878906,24.017552500128605,2.5695302581845847,0.002019148822056671,0.0786422623331119,-0.006733096212572416,2.6051609939798,0.03187682074539307,18.00417904117342,-2.330057554740481,-11.458790418562844,-0.150138613001018,17.74439913907791,1.2672277406523094,6
072_S_2093,2069950.0,462116.9375,608996.0,1071112.9375,3141063.0,0.3410033283318418,2852078.327283659,332.1553955078125,123.54886627197266,2.6884535879768663,19.09700345539644,3.0,3.0,1326391.8125,255278.875,23.833049351063412,81518.55905702886,1327642.8958333333,188386.29082300642,321.0423583984375,-11.113037109375,-3.3457343338906007,-0.4201846888782514,321.6050313313802,8.569067276090854,2.7047918293471955,0.016338241370329243,0.6077189296998133,0.006436999898824776,2.6819297627273344,0.05580463644862297,19.84824854115042,0.751245085753979,3.9338375128255625,0.5611963807097553,17.902550971500407,1.433157659622256,6
072_S_2116,2226766.0,1047312.75,757780.25,1805093.0,4031859.0,0.4477073727032617,3593326.521731622,271.1849060058594,106.51846313476562,2.5458957581547565,15.40798662642415,3.0,3.0,1826125.994629981,21032.994629980996,1.1652028250057476,9621.347880008394,1834261.186604997,26255.142103442082,257.6165771484375,-13.568328857421875,-5.0033495806469075,-3.861299950424769,262.6911214192708,20.070443554669335,2.5598733876496245,0.013977629494867916,0.5490259940964269,0.008335032918781382,2.521982473409531,0.06547535364095886,15.647486727346926,0.2395001009227773,1.554389335411566,0.009823620442115124,15.719779904262603,0.8182243002808608,6
072_S_2164,1802985.0,911168.4375,494015.46875,1405183.90625,3208169.0,0.4380018341458944,2974172.499699227,307.3148498535156,116.38631439208984,2.640472368407001,17.965473266447862,3.0,3.0,1522243.095170762,117059.18892076192,8.330524453070103,16613.925807774274,1473895.933886749,39543.40010054003,325.96514892578125,18.650299072265625,6.0687920161214,3.6952325376981054,323.6775767008464,25.07220335755894,2.5923954364399058,-0.04807693196709506,-1.820770122131591,-0.00917124888510893,2.548750746249198,0.0765840637788869,17.670513009111456,-0.2949602573364061,-1.6418173513261736,-0.08950889192674541,17.834421157727366,0.21185440485668092,6
072_S_4007,1918121.0,894400.0,643811.125,1538211.125,3456332.0,0.4450414847300549,3143111.725261132,298.1828308105469,121.50983428955078,2.4539810304243663,16.44415093284195,3.0,3.0,1310163.84375,-228047.28125,-14.82548640714063,-455159.942494877,1424187.484375,114023.640625,290.34375,-7.839080810546875,-2.6289510999805032,-15.646034240722654,294.26329040527344,3.9195404052734375,2.592138582670992,0.13815755224662585,5.629935624348909,0.2757488850168311,2.5230598065476793,0.06907877612331292,19.966111895364392,3.521960962522442,21.417712455365802,7.029487658805038,18.20513141410317,1.760980481261221,2
072_S_4057,1748355.25,866175.625,522630.15625,1388805.78125,3137161.0,0.4426950931909456,2972860.34808734,314.3539428710937,127.06209564208984,2.474018225565489,19.11426996555015,3.0,3.0,1388805.78125,0.0,0.0,,1388805.78125,,314.3539428710937,0.0,0.0,,314.3539428710937,,2.474018225565489,0.0,0.0,,2.474018225565489,,19.11426996555015,0.0,0.0,,19.11426996555015,,1
072_S_4063,1553605.0,728976.0625,590913.9375,1319890.0,2873495.0,0.459332624556507,2666864.723413659,340.9491577148437,133.06008911132812,2.562369809231152,19.825017520999307,3.0,3.0,1236795.3125,-83094.6875,-6.295576714726227,-44797.57174589234,1303630.59375,41848.91947334978,345.4253234863281,4.476165771484432,1.3128543274560949,2.587485414013835,330.00130462646484,18.532353596895604,2.5530766706667527,-0.009293138564399506,-0.36267749217619544,-0.009027882936587083,2.5616606445959267,0.00887944471394953,21.314691143402847,1.48967362240354,7.5141099917093594,1.1088504428076533,19.68518322726532,1.0302020643822385,4
072_S_4102,1701045.5,835528.5,556458.0,1391986.5,3093032.0,0.4500394758282487,2773481.380122376,283.7462158203125,115.07672119140624,2.4657133989996654,18.376767143799505,3.0,3.0,1243017.71875,-148968.78125,-10.701884052036425,-212481.68218136748,1341952.0729166667,69958.68589552969,252.30665588378903,-31.439559936523466,-11.080168891638415,-30.73793569349058,256.83664957682294,20.375564334211642,2.4475629737159457,-0.018150425283719684,-0.7361125299916557,-0.0066902011958381346,2.437364334259221,0.02824657629577204,16.048107874286604,-2.328659269512901,-12.671756959703398,-3.3217486305607076,17.594942547586996,1.0937988273007049,3
072_S_4131,1912616.25,924869.875,451037.875,1375907.75,3288524.0,0.4183967488149698,3109895.6793630263,311.9797058105469,117.04972839355467,2.665360333825137,18.88352728421253,3.0,3.0,1283833.625,-92074.125,-6.691882141081043,-146960.08965031966,1363099.25,60176.53596476578,281.8399353027344,-30.1397705078125,-9.660811247163368,-37.95221372515275,296.0175374348958,12.36904601748394,2.7270248923689366,0.0616645585437996,2.313554297377232,0.08217529366949654,2.692771196549233,0.025635232508940665,18.93626080561651,0.052733521403979466,0.27925673318494393,0.9889253634572981,17.84217454134054,1.510136863776858,3
072_S_4206,2079253.0,931552.375,592809.5,1524361.875,3603615.0,0.4230090825462764,3396394.3227438605,304.2933349609375,119.8489990234375,2.53897266478177,17.77649826995427,3.0,3.0,1527066.0,2704.125,0.1773939013005032,-237.0800323434155,1495657.9375,46723.63062343043,300.78594970703125,-3.50738525390625,-1.152632953448191,-22.36779230986298,324.36460876464844,36.53774881869794,2.4939484027639223,-0.045024262017847594,-1.7733259850482685,-0.03276464876223467,2.5548229742046384,0.04355836403281241,16.081045958274586,-1.6954523116796842,-9.537605696760467,-1.3410192932368434,18.473271546015745,1.6889278367404987,4
072_S_4226,1618569.25,763632.8125,636024.875,1399657.6875,3018227.0,0.4637350628365593,2765552.4070047657,313.6899108886719,125.8395767211914,2.492776251869498,20.56271907397825,3.0,3.0,1410995.125,11337.4375,0.8100150201904278,36144.88175171326,1361506.1458333333,62143.811926959934,288.01397705078125,-25.675933837890625,-8.185132178829614,-0.5222265812441739,283.64890543619794,26.49084117162191,2.4976415124291447,0.004865260559646867,0.19517437860690812,-0.023219837171103565,2.5318528082692713,0.051860387288253595,18.94346502501235,-1.6192540489658995,-7.87470782993401,0.36145437263517083,18.103558119394936,2.424648768850198,3
072_S_4383,2090001.875,917124.8125,377473.4375,1294598.25,3384600.0,0.3824966761212551,3297195.7883601543,302.7020263671875,112.98477935791016,2.6791398399704467,19.31286807220308,3.0,3.0,1298809.3125,4211.0625,0.325279483422753,-12811.46932180535,1300751.28125,33674.37275081947,309.0791931152344,6.377166748046875,2.1067472935616105,3.5417572515268287,296.1053466796875,13.654537735952802,2.7358500504708374,0.05671021050039071,2.116732006830083,0.033288165706139634,2.702627213771995,0.02260613323113536,19.011279725796893,-0.3015883464061879,-1.5615927436498291,0.17714691493774767,18.50369616484534,0.6784652736865466,4
072_S_4390,2005529.375,514246.78125,410818.0,925064.78125,2930594.0,0.3156577749254929,2635891.598565923,251.48297119140625,106.1230010986328,2.369731031145095,17.69778928748259,3.0,3.0,969392.59375,44327.8125,4.791860353834004,24674.629943824744,1003667.1015625,89439.83543789863,315.6260986328125,64.14312744140625,25.5059526048729,41.68228807087009,275.927001953125,30.197339730749793,2.360343411304744,-0.009387619840351302,-0.3961470612896959,0.0027872435337402027,2.4008744284605195,0.0670722793079017,15.3176278197877,-2.3801614676948883,-13.44891968726481,-1.0068340455879903,16.911046545205835,1.2373907979866554,4
072_S_4394,1625823.0,748451.125,540728.875,1289180.0,2915003.0,0.4422568347270997,2674406.591783103,399.3415832519531,160.93663024902344,2.4813591545484543,14.754257238974295,3.0,3.0,1200642.4375,-88537.5625,-6.867742479715789,-39640.686459719764,1238783.59375,31980.14523767601,365.39691162109375,-33.944671630859375,-8.500159526197642,-3.4219663733907324,349.8081512451172,34.72465964883465,2.484109263931906,0.002750109383451438,0.11083076701775925,-0.026191993845567488,2.5114825270475234,0.04875739226660183,17.381260080541463,2.627002841567167,17.805049749490433,0.8935317958050236,17.040471294695735,1.345935945800193,4
072_S_4445,2019718.75,774092.625,714538.625,1488631.25,3508350.0,0.4243109296392891,3366037.301423878,387.6640625,146.70294189453125,2.642510469464149,11.79784494892657,3.0,3.0,1579779.4375,91148.1875,6.122952712432982,52221.6067108343,1542167.765625,43628.91764962862,299.3787841796875,-88.2852783203125,-22.773655559138266,-31.77526856321858,304.5019302368164,51.60282103635409,2.575861246405148,-0.066649223059001,-2.5221933395978637,-0.0008422817643965613,2.5607875706577703,0.06109948851953882,11.78883492183888,-0.009010027087690275,-0.07637010934365648,-0.5278155494817199,12.043544623859198,1.0913309971615948,4
072_S_4462,1967177.75,917438.3125,471052.875,1388491.1875,3355669.0,0.4137747756110629,3187934.4113245024,288.4854736328125,116.02684783935548,2.4863682545773003,15.367582074148428,3.0,3.0,1545864.875,157373.6875,11.33415097746164,69894.00176548405,1494448.4296875,63078.00008468703,279.8409423828125,-8.64453125,-2.9965221961237654,7.966570838055952,261.8505172729492,23.658695697974707,2.373061576601515,-0.11330667797578542,-4.5571156954402285,-0.07661545305191848,2.4722752849735428,0.05918616775836182,13.3411352986238,-2.0264467755246276,-13.186503678633649,-1.2125039376150255,14.398824556060433,0.8896318154400307,4
072_S_4465,1969276.0,930215.5,498585.5,1428801.0,3398077.0,0.4204734030453106,3110294.795169309,302.4775085449219,113.08885955810548,2.6746887982791887,17.73275854602155,3.0,3.0,1456836.3125,28035.3125,1.9621565564413797,3709.9073424670087,1460991.1953125,21542.115412840587,280.9377136230469,-21.539794921875,-7.121122831741408,-1.7136868543612231,270.64026641845703,22.401600701125602,2.581532159736096,-0.09315663854309264,-3.4828963505222257,-0.029000659378428103,2.641310750910874,0.06583069974343499,15.792727599853496,-1.9400309461680543,-10.940378741035255,-1.309024873238779,16.50359835997875,1.4048802504508653,4
072_S_4522,1879014.5,922789.75,448637.6875,1371427.4375,3250442.0,0.4219202919172223,3011099.166700174,335.1268310546875,136.92474365234375,2.447525696729142,18.70846539949311,3.0,3.0,1382234.09375,10806.65625,0.7879860030873854,17475.61608186406,1348787.7109375,28330.989863344024,318.91558837890625,-16.21124267578125,-4.837345498348303,4.819573295949338,309.3782043457031,22.974893676998764,2.5055692968895182,0.05804360016037613,2.371521583530062,0.004337456879684345,2.511359901745736,0.046899870427691004,18.333505632548,-0.3749597669451106,-2.0042251405359512,-0.39220170054806797,18.957209148350287,0.46121731706734226,4
072_S_4539,1482643.125,734596.375,397013.4375,1131609.8125,2614253.0,0.4328616291154681,2466516.995129222,279.7641906738281,106.3290786743164,2.631116450276252,21.5684020692364,3.0,3.0,897230.78125,-234379.03125,-20.712000608425267,-135766.2627951796,1057377.6953125,93810.98311520979,281.8218688964844,2.05767822265625,0.7355045038824354,0.4510866578329693,292.5907745361328,16.21092438574485,2.824947826443914,0.19383137616766222,7.366887016624105,0.10215771114337364,2.723761236001237,0.07032659635187323,20.4383812974662,-1.130020771770198,-5.239241962120029,-0.26537943337119513,20.618852099246915,0.6377713047973562,4
072_S_4610,1602127.25,818264.5,697662.25,1515926.75,3118054.0,0.4861771957765965,2843996.453237697,304.1685791015625,114.35301971435548,2.659908563861648,23.5693837653517,3.0,3.0,1111825.9375,-404100.8125,-26.657014430281674,-621410.2952723296,1432383.6458333333,235168.46246467842,257.0072631835937,-47.16131591796881,-15.504992677833943,-63.04253720400606,283.4301045735677,19.668612046350905,2.377753272249429,-0.2821552916122192,-10.60770642441133,-0.35835434373967645,2.5140273203726533,0.11538955989254018,16.561136929052548,-7.008246836299151,-29.734535726817185,-8.153520234942349,19.07967353315007,3.1825592462381675,3
072_S_4613,1995906.75,1044176.875,518129.40625,1562306.28125,3558213.0,0.4390704775824269,3388215.549560124,281.3833312988281,102.6072998046875,2.7423324567755656,18.558388849769848,3.0,3.0,1678287.25,115980.96875,7.423702390622388,15303.809928179791,1682245.1640625,83809.28189774397,283.69024658203125,2.306915283203125,0.8198478824437503,0.8711802325360966,280.95098876953125,2.9245916439440864,2.602533817461901,-0.13979863931366454,-5.097800559091941,-0.034806242502750696,2.618975040373833,0.07791092930744778,16.528238098298296,-2.0301507514715524,-10.93926185029111,-0.7831732599774943,16.505653853386903,1.3878243772332375,4
072_S_4769,1956037.875,397331.8125,348171.40625,745503.21875,2701541.0,0.2759548045911574,2493822.2267635865,309.7503356933594,131.0950927734375,2.362791213442963,17.845333980186155,3.0,3.0,1069716.125,324212.90625,43.48913567316506,104454.23787809821,1002826.3359375,152979.2862579215,324.3565979003906,14.60626220703125,4.715495198523651,8.709525523216806,318.3651885986328,7.614461077373372,2.472571256914665,0.109780043471702,4.6462016130377854,0.017978494025440047,2.473242993253982,0.07457827003804508,21.80092895973201,3.955594979545854,22.165990190700768,2.0967328379575156,20.35637831594024,1.7986694463383233,4
072_S_4871,2262412.25,687670.625,560806.125,1248476.75,3510889.0,0.3556013163617534,3098769.8256995995,287.2720642089844,116.0810089111328,2.474755038993104,14.39945088538204,3.0,3.0,1024353.375,-224123.375,-17.951745997672763,-97589.33872393465,1078396.1640625,103345.87538925477,298.2999572753906,11.02789306640625,3.838832396311146,11.49379038513296,285.86217498779297,11.416847274038078,2.5272740327068712,0.05251899371376734,2.1221895858886937,0.04824099549614568,2.458746412024813,0.04788924921041266,17.032797560564024,2.6333466751819845,18.28782705773379,1.2964516164424043,16.153757873225388,1.1436190788831158,4
072_S_4941,2249315.25,1004612.4375,450240.3125,1454852.75,3704168.0,0.3927610059802903,3495297.3860008875,253.1501007080078,97.11353302001952,2.606743779459432,18.008532461688123,3.0,3.0,1345466.1823160362,-109386.5676839638,-7.518738077373384,-99757.68825427789,1488601.264329009,99529.38976860704,271.7558898925781,18.605789184570312,7.349706412335534,10.591478734064287,262.2478446960449,7.534463414879139,2.6422832717476377,0.03553949228820574,1.3633673001638722,0.038900885644589586,2.6023606646122017,0.040356090926793244,18.23317277476738,0.2246403130792558,1.247410434787855,0.6742153270172832,17.195308566164982,1.03318433082095,4
073_S_0518,1685093.25,841286.0,283525.75,1124811.75,2809905.0,0.4003024123591367,2760403.604912758,324.2716369628906,103.3647689819336,3.1371582118314376,7.44169089200771,1.494,1.494,1138151.1875,13339.4375,1.1859262227657206,13348.574101027396,1131481.46875,6669.71875,286.5563659667969,-37.71527099609375,-11.630764672893626,-37.741103373488336,305.41400146484375,18.857635498046875,3.141253748437159,0.004095536605721595,0.13054925283257124,0.004098341767780308,3.1392059801342986,0.0020477683028607974,7.174963154686969,-0.26672773732074084,-3.584235642025972,-0.26691042755178246,7.308327023347339,0.13336386866037042,2
073_S_0746,1290570.0,646654.125,211101.0,857755.125,2148325.0,0.399266928886458,2152310.776376724,338.5734558105469,114.44670867919922,2.9583502816252905,8.229723274574788,1.494,1.5,1152875.6875,295120.5625,34.406155544684154,57333.04675648101,944207.53515625,159388.51196741583,276.6987609863281,-61.87469482421875,-18.275116894822826,-5.2545464309607,291.8030319213867,19.99174606926921,2.6144788444012304,-0.3438714372240601,-11.623756637606157,-0.06118910318733301,2.8051349795450395,0.15677282246954263,17.60130264252173,9.371579367946943,113.87478114725738,1.6588372656542358,11.75862248599946,4.5058907888758135,8
073_S_0909,1136116.0,582333.875,203697.1875,786031.0625,1922147.0,0.4089338965750278,1922489.833688736,356.9770202636719,132.81358337402344,2.6878050309851576,8.262810848278209,1.494,1.5,637692.09375,-148338.96875,-18.871896522537238,-80504.93462281793,751772.734375,66797.6635959526,308.36981201171875,-48.607208251953125,-13.616340966724039,-23.162319719100296,330.77783203125,17.799614124815776,2.553173265028535,-0.13463176595662274,-5.008985562739137,-0.05468278338713114,2.6001338840729677,0.05221606797272393,8.288863842868485,0.026052994590276768,0.3153042598779282,-0.020177210552943286,8.35445141078386,0.09026535550158683,4
073_S_10017,1860258.375,799883.25,514818.375,1314701.625,3174960.0,0.414084468780709,2867928.0,530.705810546875,216.63319396972656,2.449789888484258,13.341525029656536,3.0,3.0,1314701.625,0.0,0.0,,1314701.625,,530.705810546875,0.0,0.0,,530.705810546875,,2.449789888484258,0.0,0.0,,2.449789888484258,,13.341525029656536,0.0,0.0,,13.341525029656536,,1
073_S_2153,2196734.5,967579.4375,597238.9375,1564818.375,3761553.0,0.4160032771038983,3374303.9900631644,258.6749267578125,104.53025817871094,2.4746415898153185,14.279867022519149,3.0,3.0,1402670.625,-162147.75,-10.362081158460324,-50807.50816678984,1427820.4296875,81003.25715938152,279.96441650390625,21.28948974609375,8.230210021872853,12.798489400210972,263.3804626464844,9.588739023096078,2.453214280907211,-0.021427308908107623,-0.8658752441684588,-0.02946048676245711,2.4874699714778723,0.033991623125226765,11.48291124252042,-2.7969557799987292,-19.58670746434802,-2.193321121514212,14.461790528079991,1.9143600668963252,4
073_S_2182,2130872.5,988827.625,622658.75,1611486.375,3742359.0,0.4306071050372238,3424072.3122377414,273.1414794921875,108.37628173828124,2.52030677368589,15.128410454306804,3.0,3.0,935768.8125,-675717.5625,-41.931323341160734,-140131.8730440681,1437990.9,265009.7988828096,474.48828125,201.3468017578125,73.71520507692479,42.31729461100172,313.398486328125,81.11997353382309,2.176900363562802,-0.34340641012308826,-13.625579778959382,-0.0742058400995543,2.452981704948339,0.13921089845813814,18.24028892791852,3.111878473611716,20.569764966456315,0.6166274797767001,16.50551074856968,1.908599904072987,5
073_S_2190,1882771.75,761662.3125,475894.0,1237556.3125,3120328.0,0.3966109692634877,2843923.765536945,259.1512451171875,110.99038696289062,2.334898092290966,17.355430698287627,3.0,3.0,1077708.0,-159848.3125,-12.916447589935428,-105412.62256902865,1191448.734375,74179.13500210749,257.1031188964844,-2.048126220703125,-0.790320810450657,-0.8562212899250562,253.0820655822754,7.1285698512507025,2.316307498861364,-0.01859059342960201,-0.7962057740756132,0.006533948791591632,2.3079456952462016,0.028081969781614383,17.862313148861617,0.5068824505739897,2.920598511127709,0.5570965622193125,17.190601988378837,0.5703927006622161,4
073_S_2191,1710428.25,823190.75,508440.0,1331630.75,3042059.0,0.437739948501985,2742710.5571750435,244.2761383056641,99.97216796875,2.44344141800126,16.270700934692762,3.0,3.0,1334912.84375,3282.09375,0.2464717602833969,-6958.352394532942,1319886.6919642857,103985.11434282537,347.32305908203125,103.04692077636716,42.184603658431826,10.956232178477288,264.4156254359654,34.50774129878535,2.3340803369281224,-0.10936108107313736,-4.475698916595879,-0.009958150803806999,2.4084873774044544,0.03869747997651607,17.41828354456731,1.1475826098745472,7.0530619085232225,0.14851694919824063,16.658478370889892,0.5325246536723747,7
073_S_2225,1979975.25,958001.625,542835.0625,1500836.6875,3480812.0,0.4311743028638145,3177096.813219809,276.47125244140625,112.08699035644533,2.4665775135511154,13.856409215844074,3.0,3.0,1419595.3125,-81241.375,-5.413072300046636,9484.715478505692,1439843.9114583333,119026.5040100193,274.52008056640625,-1.951171875,-0.7057413231104454,6.6958637462041715,260.71074930826825,25.733132334969415,2.403906475254741,-0.06267103829637444,-2.5408096016470756,-0.03973466647584251,2.467443845935615,0.08333823464270675,12.909368058330664,-0.9470411575134108,-6.83467948125059,-0.6313486370313315,13.940580422312019,2.2278356428365287,6
073_S_2264,2726843.5,592058.5625,524414.875,1116473.4375,3843317.0,0.2904973587918977,3396348.938049248,300.36590576171875,130.590576171875,2.300058030729095,12.455513510541689,3.0,3.0,1211657.875,95184.4375,8.52545473120582,-6472.421852962824,1102244.765625,86678.46011641106,263.33935546875,-37.02655029296875,-12.327148182504452,-11.47344399402301,285.0077311197917,17.577956386664052,2.401723386614729,0.10166535588563397,4.420121341608371,0.02159563421885501,2.3173250480255407,0.03992103966091298,14.594249381298328,2.138735870756639,17.17099715677339,0.7604462052449793,13.366343858342924,1.237741219778786,6
073_S_4216,2207859.75,1012342.625,830287.75,1842630.375,4050490.0,0.4549154238129214,3520959.291327896,271.2582397460937,109.6734848022461,2.473325596992545,12.87108045827077,3.0,3.0,1649645.9375,-192984.4375,-10.473312505770453,-44015.31652070847,1646780.7875,167465.10235650404,254.62648010253903,-16.63175964355466,-6.131338041241627,1.7529338998424553,270.5169982910156,31.19902126782266,2.599139107587648,0.12581351059510304,5.086815530801393,0.02406955481769158,2.4882073109379674,0.07561538073186906,14.82942524392458,1.9583447856538108,15.215076869443442,0.09226704484890688,13.56631569994886,1.5868262370148534,5
073_S_4259,1778491.75,750609.125,320394.1875,1071003.3125,2849495.0,0.3758572352294003,2723185.7945839176,296.4234619140625,110.73833465576172,2.6767917375561496,19.789268922194367,3.0,3.0,1099033.625,28030.3125,2.6172012890016156,43628.59733038419,1074909.6953125,66830.13562908825,277.64727783203125,-18.77618408203125,-6.334243571945981,-9.299928790851295,287.5296936035156,6.657903959996641,2.699220857628361,0.02242912007221154,0.8379105388560718,0.001841912606686509,2.6719309621175213,0.04386808892675498,17.739841640937144,-2.0494272812572234,-10.356255652065641,-1.3300911673635134,18.646237827025136,1.2146237473793575,4
073_S_4300,1893619.0,519419.46875,417032.5,936451.96875,2830071.0,0.3308934541748246,2604946.651522501,261.5997619628906,109.75811767578124,2.38342060814326,16.939409777922425,3.0,3.0,1319216.4375,382764.46875,40.87390293609226,219949.10290934902,1042439.1328125,160105.04040412296,222.37071228027344,-39.22904968261719,-14.99582774398015,-13.656525885946307,243.44913482666016,20.7421408880785,2.5386942633178675,0.15527365517460767,6.514739976825553,0.07344346861449066,2.4448005582404484,0.061584966552110744,12.741062456362886,-4.198347321559538,-24.784495898029185,-3.3682064369027804,16.709686240411614,2.7561865187351056,4
073_S_4311,1699338.25,752189.5,355976.25,1108165.75,2807504.0,0.3947156442163573,2719842.010466137,311.7157287597656,118.47049713134766,2.6311675368678533,17.918575700807025,3.0,3.0,1089836.65625,-18329.09375,-1.6540029097632734,-16847.63275247466,1135169.54375,40125.493226707666,324.6410827636719,12.92535400390625,4.146519668844691,-0.9660363036062698,322.659228515625,13.694130334391314,2.6006063809166995,-0.03056115595115383,-1.161505511258089,-0.013006940823640662,2.6410465962581045,0.05024908215115415,15.76891544744466,-2.1496602533623648,-11.99682546903294,-0.0444921375791415,16.195312850388863,1.3075290264219859,5
073_S_4312,2457240.0,1023509.1875,636067.9375,1659577.125,4116817.0,0.4031214224484595,3710051.951743313,289.3282165527344,123.83272552490234,2.336443884198508,13.468500630989409,3.0,3.0,1631009.6875,-28567.4375,-1.721368478129632,8519.194869845529,1572217.875,83648.23344481975,287.01776123046875,-2.310455322265625,-0.7985585885103295,1.1024862186768905,286.20791015625,17.827897285257542,2.3579284604185142,0.021484576220006435,0.9195417174496571,-0.009999418916945625,2.3849460618113603,0.05617534673636728,14.282076834715715,0.8135762037263063,6.040584813534217,0.11396990088567872,14.22243351886037,0.5569930049273782,5
073_S_4360,2294191.5,500109.1875,459049.5625,959158.75,3253350.0,0.2948218759125209,2925881.8497874774,282.9942932128906,113.50608825683594,2.4932080302101256,15.82402992996272,3.0,3.0,1097794.375,138635.625,14.45387689993966,29663.7408938677,1087518.925,108546.74899236533,316.1536865234375,33.159393310546875,11.717336393635954,6.013022254275258,304.6463989257812,11.4997769985819,2.362199316926658,-0.13100871328346742,-5.254624230952205,-0.023373941758777664,2.3901459984747806,0.08259759320110341,15.824513500018089,0.00048357005536914244,0.0030559222746002587,-0.06630158525589146,15.313041652628689,1.2789409222261587,5
073_S_4443,1946642.0,876841.4375,706155.5,1582996.9375,3529639.0,0.4484869238752178,3125028.554903541,260.5467529296875,103.5584716796875,2.515938543585652,15.481229998681602,3.0,3.0,912579.5625,-670417.375,-42.35114794718294,-124511.26081262666,1181858.825,228944.5532416071,426.31353759765625,165.76678466796875,63.6226638037218,37.85090063444792,315.63170166015624,58.20438931617376,2.202508299598536,-0.3134302439871157,-12.45778617232927,-0.07328636939552617,2.3944787654626554,0.1103230083732568,17.780715574959643,2.299485576278041,14.85337777730754,0.830144569523749,14.625357741688385,1.880747704827342,5
073_S_4614,2136973.0,569668.375,514323.78125,1083992.15625,3220965.0,0.3365426685015205,2935611.52740604,334.5165405273437,138.28485107421875,2.419039652642544,15.666372167457869,3.0,3.0,877499.5,-206492.65625,-19.049275869702587,-39345.90289376537,948481.79375,72409.0881197885,539.708740234375,205.1921997070313,61.339926385570976,50.18001830899687,364.5764099121094,91.04672515390284,2.244827149894573,-0.17421250274797107,-7.2017216649451115,-0.034672442855164395,2.3420878380141645,0.05660182176217055,16.194728083924353,0.5283559164664844,3.372547969746202,0.22246689997346383,15.878908433631613,0.49937967439036207,5
073_S_4777,2223804.25,616832.5,506881.21875,1123713.71875,3347518.0,0.3356856389569824,3053602.389491047,336.3741455078125,145.17410278320312,2.3170395872402936,13.815547992489993,3.0,3.0,768295.21875,-355418.5,-31.62891883133379,-110659.72254730949,1049664.125,157556.45017193316,446.6751098632813,110.3009643554688,32.791154084970245,34.092791110847486,335.9879577636719,62.58099164492632,2.183339562912372,-0.1337000243279216,-5.770295210500258,-0.06195011112232754,2.3642128029726583,0.11287852419130684,21.403395731707963,7.58784773921797,54.922524559595146,2.1620162707169106,15.70553765420359,3.034759023297075,5
073_S_4825,2088352.75,1034994.25,629074.875,1664069.125,3752422.0,0.4434653471811006,3336700.10088872,252.76626586914065,101.99779510498048,2.478154190792347,15.273347113416268,3.0,3.0,1771537.375,107468.25,6.458160204132144,179004.31941241035,1670356.625,80170.24743709476,261.39501953125,8.628753662109347,3.4137283440253574,3.304192894787242,266.1001485188802,13.232996714783672,2.380566826073111,-0.09758736471923557,-3.937905279737001,-0.10427801944421035,2.4049070751073036,0.05275562935153222,13.472260977995353,-1.8010861354209151,-11.79234729654525,-1.452914927194273,13.374800885049112,1.5914372420014218,3
073_S_4986,1694738.375,717504.625,360145.96875,1077650.59375,2772389.0,0.3887082922887084,2629121.3130493183,256.66796875,97.5770492553711,2.630413279334316,16.54168660530429,3.0,3.0,1209733.21875,132082.625,12.256535259761694,66006.39756537181,1199252.125,95296.96979920614,280.9453430175781,24.277374267578125,9.458669262787831,11.655011175878283,281.97021484375,21.09005419321502,2.580246663238063,-0.05016661609625306,-1.907176202704878,-0.01818593247974887,2.5416564757811417,0.0923475840944827,13.690756796647928,-2.8509298086563604,-17.23481937895121,-1.3404891821342948,13.396159878978173,2.6966384268759396,3
082_S_0832,1908194.75,925063.0625,397935.1875,1322998.25,3231193.0,0.409445752698771,3131888.91017437,309.1234436035156,103.21871948242188,2.994838941606133,8.514581281478959,1.494,1.494,1087110.8125,-235887.4375,-17.829761868543667,-157509.84743487203,1205054.53125,117943.71875,245.05123901367188,-64.07220458984375,-20.727060957571148,-42.78313112694777,277.08734130859375,32.036102294921875,2.944382740590905,-0.050456201015228075,-1.6847717690009867,-0.03369127499234379,2.969610841098519,0.025228100507614037,7.860584153152195,-0.6539971283267638,-7.680907688900074,-0.4366955230737669,8.187582717315577,0.3269985641633819,2
082_S_0928,1231739.375,438067.46875,220124.125,658191.59375,1889931.0,0.348262234838203,1939443.467727661,289.9827880859375,126.25833129882812,2.2967417896793254,7.41345617926029,3.0,1.5,1087734.6875,429543.09375,65.26110297196423,251333.06677368737,980641.96875,186917.86911135435,306.44207763671875,16.45928955078125,5.6759539624481015,2.6223210650155417,306.90550231933594,10.865264031554267,2.7220366671571306,0.42529487747780514,18.517313499885656,0.24908090072831907,2.6289494950492647,0.19385652297936784,8.266022382556166,0.8525662032958756,11.50025281974411,-0.5146525214324585,8.95091796047738,1.1938188503247895,4
082_S_1119,1690428.5,767342.0,422765.4375,1190107.4375,2880536.0,0.4131548564225547,2824990.776443481,309.75408935546875,106.37620544433594,2.911873808148587,8.031212259902716,1.5,1.5,1190107.4375,0.0,0.0,,1190107.4375,,309.75408935546875,0.0,0.0,,309.75408935546875,,2.911873808148587,0.0,0.0,,2.911873808148587,,8.031212259902716,0.0,0.0,,8.031212259902716,,1
082_S_2099,1800077.125,701187.875,413649.0625,1114836.9375,2914914.0,0.3824596325997954,2653268.4867471457,259.2433166503906,112.73096466064452,2.2996637625796104,16.476610049148785,3.0,3.0,931949.1875,-182887.75,-16.40488791213917,-109890.09397634557,1065903.3788650047,77778.87482557012,171.11923217773438,-88.12408447265625,-33.99280861365398,-56.052803594452875,232.76084899902344,38.68308740399187,2.6243669607140694,0.324703198134459,14.119594499772806,0.19142898706154884,2.3972087010569556,0.13278429443328935,22.58287461626892,6.106264567120135,37.06019957324654,3.420581268519044,18.417554053137586,2.4289137633112228,4
082_S_2121,1982938.375,898290.125,428417.5,1326707.625,3309646.0,0.4008608851218529,3103778.128392482,290.6715393066406,108.4378433227539,2.6805359431665496,14.869509180196516,3.0,3.0,1396274.21875,69566.59375,5.243551211971063,24751.62260623536,1252082.6796875,154417.60040212903,295.3370056152344,4.66546630859375,1.6050647131544482,1.9560357088752731,289.0634574890137,8.434661569649574,2.8498639483427444,0.16932800517619473,6.3169458931472295,0.01695300314390371,2.7628806839502786,0.06580443397722276,12.86204253753892,-2.0074666426575956,-13.500557539122921,-0.6355674234158335,16.152866225514266,2.7542943292564703,8
082_S_2307,1509644.125,620140.3125,500016.5625,1120156.875,2629801.0,0.425947391076359,2473168.480288773,290.4860534667969,117.502197265625,2.472175480582289,17.873477012281487,3.0,3.0,1004869.28125,-115287.59375,-10.292093573946953,-87899.32680354358,1024086.6796875,133542.41556351766,323.7984313964844,33.3123779296875,11.467806296420068,16.63858953863177,313.106689453125,15.122907359397152,2.4139526026561104,-0.05822287792617864,-2.3551272303883946,-0.040471760350293755,2.4630481051830775,0.030247026422308705,13.822290047360784,-4.051186964920703,-22.66591420425355,-2.1636309973166763,16.416992317468548,1.54574210665943,4
082_S_4244,1962549.875,682741.75,382124.375,1064866.125,3027416.0,0.3517409318706118,2883716.7988044675,240.1304626464844,97.8271484375,2.45464029185374,15.69097512718292,3.0,3.0,1078230.0625,13363.9375,1.2549875694468167,18498.777580041013,1057543.6171875,21474.173207199394,224.92282104492188,-15.207641601562528,-6.333074710288187,-11.367790528586497,238.86064529418945,8.955567849717514,2.460114414275873,0.005474122422132854,0.22301118580591728,-0.00030245705965265045,2.4665113995991206,0.009580190257594934,14.929454607827056,-0.7615205193558641,-4.853238968154452,-0.2863429290282966,14.551231398151625,0.9979989428746164,4
082_S_5014,2227161.5,866324.25,828431.375,1694755.625,3921917.0,0.4321242966131103,3557413.954714453,299.0888061523437,112.34929656982422,2.6621332987548265,14.098066649472363,3.0,3.0,1712261.75,17506.125,1.032958660337829,50707.242363613215,1670803.6875,46800.76337076071,289.1668701171875,-9.921936035156193,-3.317387956706866,-22.68658545168107,305.64841715494794,16.788536298165415,2.6348487204792788,-0.027284578275547755,-1.0249140525123108,0.0038490778756561242,2.603399312904626,0.0647348200488477,14.46132310269611,0.36325645322374633,2.5766402036221163,1.245498422564588,13.3769950451956,1.2851951257199057,3
094_S_0921,2244569.312630641,512411.2017979064,282079.4453709159,794490.6471688224,3039060.0847994667,0.2614264361348575,2932713.385372085,840.8228149414062,316.4941101074219,2.656677598200306,8.27834647452393,1.5,1.5,856977.59375,62486.946581177646,7.865032370595007,36552.46139541117,827122.1383547056,30095.64481021115,704.6879272460938,-136.1348876953125,-16.190674809983506,-63.98546787545725,818.0542144775391,68.16848912700029,2.509124454808199,-0.1475531433921069,-5.554047788563534,-0.06844043400917646,2.5665641907962957,0.057130885606328716,8.53080926782237,0.2524627932984398,3.0496765758159254,0.009207187543379467,8.30003255911808,0.21281152267846598,4
094_S_1015,1661724.4074267524,740614.5837409941,420998.789046517,1161613.372787511,2823337.84271426,0.4114326508197035,2748998.84940467,853.9209594726562,325.3656311035156,2.624496490154743,8.221340108313141,1.5,1.5,1221107.875,59494.502212489024,5.121712921548132,119397.62051160229,1191360.6238937555,29747.251106244512,808.621337890625,-45.29962158203125,-5.304896323192054,-90.91036693866435,831.2711486816406,22.649810791015625,2.6868704991010737,0.062374008946330495,2.376608586839941,0.12517641081124842,2.655683494627908,0.031187004473165247,7.800954019301327,-0.4203860890118145,-5.113352366808598,-0.8436594451184903,8.011147063807234,0.21019304450590726,2
094_S_1188,1403971.5,729156.75,353508.6875,1082665.4375,2486637.0,0.4353934400155712,2410451.5652015805,788.973388671875,275.83056640625,2.860355166908879,10.375943545537677,1.5,1.5,1066148.6875,-16516.75,-1.5255636162302446,2697.580758130563,1043459.1458333334,44283.34070250691,703.3567504882812,-85.61663818359375,-10.851650944490947,-47.70410395889663,728.9638875325521,42.58477173013453,2.85838691844963,-0.0019682484592489224,-0.06881133091510325,-0.017261224303836146,2.8965052826864515,0.052521892852635796,9.466545028975172,-0.9093985165625043,-8.764489827564685,-0.5748869891436101,9.896846771691846,0.3728602345640095,3
094_S_1293,2125781.75,353919.15625,193888.21875,547807.375,2673589.0,0.2048958815285371,2517026.724863102,1570.3729248046875,676.8580932617188,2.320091815578519,8.947761990410902,3.0,1.5,660947.4375,113140.0625,20.65325653930818,40911.61170592973,644307.7265625,56591.68865471048,763.1867065429688,-807.1862182617188,-51.40092557072781,-306.3133567633544,1005.9842071533203,327.6248202289291,2.3963871431091106,0.07629532753059154,3.2884615608010823,0.0023874906467921636,2.3450456260964665,0.05182082066302472,8.666888773041673,-0.2808732173692281,-3.139033175784437,-0.008493517198096155,8.82594109404489,0.17694919919560415,4
094_S_1314,1685081.375,332410.21875,248502.375,580912.59375,2265994.0,0.2563610467415183,2176365.324577689,826.9102783203125,355.4502868652344,2.3263739165512445,9.434861481606038,1.5,1.5,608100.53125,27187.9375,4.680211410892656,27206.559375,594506.5625,13593.96875,814.732666015625,-12.1776123046875,-1.4726642809935389,-12.185953135033175,820.8214721679688,6.08880615234375,2.3435768123794114,0.01720289582816692,0.7394725201213362,0.017214678633528678,2.334975364465328,0.00860144791408346,9.00619467944952,-0.42866680215651876,-4.5434350360335065,-0.42896040955525605,9.220528080527778,0.21433340107825938,2
094_S_1330,1259967.125,693369.4375,348554.375,1041923.8125,2301891.0,0.4526382059359022,2248575.135281682,735.9840087890625,279.9559631347656,2.628927771064643,7.60846773152964,1.5,1.5,888377.15625,-153546.65625,-14.736841063415085,-153651.82519263696,965150.484375,76773.328125,877.9116821289062,141.92767333984375,19.284070257635324,142.02488407500803,806.9478454589844,70.96383666992188,2.444879235283591,-0.18404853578105174,-7.000897392723619,-0.18417459642199766,2.536903503174117,0.09202426789052587,8.254279884313112,0.6458121527834724,8.48807112774119,0.6462544898744199,7.931373807921376,0.3229060763917362,2
094_S_1398,1642857.0,365493.1875,265189.9375,630683.125,2273540.0,0.2774013762678466,2150902.0690217614,849.9072265625,374.4216918945313,2.269919832881867,9.92449732737184,1.5,1.5,630683.125,0.0,0.0,,630683.125,,849.9072265625,0.0,0.0,,849.9072265625,,2.269919832881867,0.0,0.0,,2.269919832881867,,9.92449732737184,0.0,0.0,,9.92449732737184,,1
094_S_1417,1592243.875,858037.0,389918.09375,1247955.09375,2840199.0,0.4393900194141326,2766046.988998353,823.6917114257812,304.6363830566406,2.7038520496377525,8.601564100082962,1.5,1.5,1302143.5625,54188.46875,4.342180982423671,9249.113180715394,1215536.65625,87022.49470672006,662.9067993164062,-160.784912109375,-19.520035212089486,-89.9015553333464,774.8711140950521,79.38637070413542,2.553083223449929,-0.15076882618782328,-5.576075296280448,-0.10905344586096233,2.60060463029954,0.07308374688635597,8.652679360520944,0.05111526043798165,0.5942554149830568,0.17700970786427905,8.961696444938172,0.47362003862740404,3
094_S_2216,2278668.0,449189.5625,236121.484375,685311.046875,2963979.0,0.2312131924264645,2717515.273864029,2057.15966796875,936.7970581054688,2.195950177227388,20.248253472007896,3.0,3.0,694367.3125,9056.265625,1.3214825102114331,578.0351816914603,704193.55859375,15695.860030334197,1563.2152099609375,-493.9444580078125,-24.01099271480156,-494.81796175084844,2199.3614807128906,485.94810803689217,2.09580174387996,-0.10014843334742807,-4.560596792495343,-0.0388062109632331,2.177679013090003,0.07573685980285527,17.85189580553162,-2.396357666476277,-11.834885758364841,-1.007283397932477,19.40015232329185,1.2004541134404532,4
094_S_2238,2087733.625,397066.75,234363.59375,631430.34375,2719164.0,0.2322148806581729,2853729.731515071,1888.005859375,915.7359619140624,2.061736063490367,18.76957350658473,3.0,3.0,906069.375,274639.03125,43.494747119523424,22531.231385766758,765380.03515625,135699.92571960008,425.5960693359375,-1462.4097900390625,-77.45790526959352,-274.3515255884572,1582.9443473815918,843.5110050212953,2.1498707280326315,0.08813466454226448,4.274779206852452,0.012518707541810128,2.1122740337646597,0.07072852472892889,14.860011697619903,-3.9095618089648276,-20.82925223417185,-0.6891969484882875,18.757856470624382,3.9587696131586574,8
094_S_2367,2016788.0,398070.5625,219030.5625,617101.125,2633889.0,0.2342927606288647,2452680.917657867,2069.47314453125,978.2616577148438,2.115459730119594,17.890920036255505,3.0,3.0,790484.59375,173383.46875,28.096443471886396,8223.771407396815,757121.153125,98776.44666449838,1811.64111328125,-257.83203125,-12.458824698032057,-129.9096652288116,2148.6298828125,231.8369236506351,1.961676302656147,-0.1537834274634471,-7.269503894302597,-0.04291460451461844,2.045162262652964,0.06455605891886845,16.61161687068504,-1.2793031655704645,-7.150572262231279,-0.44160455816146654,18.219035865508307,1.7293913422606775,5
094_S_4162,1932618.5,306744.6875,259654.8125,566399.5,2499018.0,0.2266488276595046,2279368.2392451377,2309.1748046875,1081.890869140625,2.1343879206479963,22.467141007179173,3.0,3.0,781661.25,215261.75,38.00528602161549,41071.57380606378,685355.94921875,168246.66291192654,1621.4754638671875,-687.6993408203125,-29.781172885843034,-582.1052054078269,2166.1163024902344,520.6961916838344,2.225166128978569,0.0907782083305726,4.253126034512625,0.01659457022538502,2.1786348179796633,0.07811044066059761,17.157587959054673,-5.309553048124499,-23.63252648135283,-2.109156371822324,21.356848554049037,3.7400259010218146,4
094_S_4434,1639202.625,716031.375,412539.96875,1128571.34375,2767774.0,0.4077541532473388,2575879.778112824,2480.920166015625,1008.9121704101562,2.459005091144894,34.3217363923202,3.0,3.0,1287121.46875,158550.125,14.048746309043434,114263.05895708267,975752.55,238588.8507136353,1384.001708984375,-1096.91845703125,-44.21417795127638,-217.60434634626023,1756.56220703125,411.4669135754083,2.3550018612598205,-0.10400322988507371,-4.229484121834436,0.010347429635947607,2.2956750492421945,0.10689318684119167,20.59556813042299,-13.726168261897207,-39.992639372897706,-3.591145907023013,25.411003069564163,8.012325225457634,5
094_S_4630,452721.53125,238190.28125,181067.1875,419257.46875,871979.0,0.480811428658259,1437421.49091337,2674.639404296875,1152.546875,2.320633945561859,24.76446917354351,3.0,3.0,798038.75,378781.28125,90.34574443702144,94367.18155541204,708993.175,215936.08284811352,2139.364990234375,-535.2744140625,-20.012956258797665,-16.588915083612303,2201.4947509765625,309.6526518561755,2.2874309041510683,-0.03320304141079067,-1.4307746154575762,0.020396933923135237,2.2596219369199524,0.10138502532181382,17.84602743070711,-6.9184417428364,-27.936967654560274,-1.3667058082119317,19.940214165590024,2.863559519524599,5
094_S_4858,2075297.125,319972.5,218022.4375,537994.9375,2613292.0,0.2058686658436944,2519822.6842914023,1524.2275390625,711.4013671875,2.142570435232517,21.158116699138613,3.0,3.0,668289.375,130294.4375,24.218524825802845,27570.04978933723,629041.553125,67515.78922272583,1528.57421875,4.3466796875,0.28517262522192016,26.938642238591722,1476.251171875,89.73401476875918,2.21981447096626,0.07724403573374339,3.6052040326674577,0.01629789683263095,2.1960182282446588,0.03608143104585013,21.96422122746203,0.8061045283234165,3.809906806857883,-0.22767118473271827,21.826214507421405,2.401975893306124,5
098_S_0160,1804656.75,695031.125,379279.125,1074310.25,2878967.0,0.3731582369648558,2977390.0062114,980.7559204101562,411.5783386230469,2.382914322722628,9.089224533795512,1.5,1.5,797177.8125,-277132.4375,-25.796313262393245,-94712.88446330832,912598.3303571428,223053.76564042983,855.41064453125,-125.34527587890625,-12.780476086903084,-11.841422802592392,889.0788138253348,50.82753477873473,2.26698707334227,-0.11592724938035825,-4.86493569134723,-0.04989699832524647,2.4077198924915884,0.12144456662811719,8.963344811563065,-0.12587972223244748,-1.38493357452445,0.10783170039550594,8.698771503617943,0.34924675707334146,7
098_S_0667,2217033.0,603613.875,430938.78125,1034552.65625,3251586.0,0.3181686279403343,3006764.0330716968,971.6192626953124,378.5906982421875,2.5664108089294606,7.9397112348494066,1.5,1.5,781666.71875,-252885.9375,-24.4439890006807,-253491.14928044842,987011.8020833334,152018.54142061723,856.6237182617188,-114.99554443359364,-11.835453335351874,-115.09375698502785,917.7209269205729,47.221899142918026,2.6676046491831573,0.10119384025369671,3.943010211054566,0.10124369933152075,2.620509049220944,0.04160790033161575,8.11931429278961,0.17960305794020393,2.2620855170636505,0.180024010681945,7.975094340842126,0.10629646868829952,3
098_S_2047,2010720.25,351764.25,222108.6875,573872.9375,2584593.0,0.2220360952382057,2514499.9411053555,1565.231201171875,685.93115234375,2.281907147009941,21.41626422319477,3.0,3.0,1076408.75,502535.8125,87.56917771540674,297166.93987337354,698929.98828125,217938.67910589336,1847.2144775390625,281.9832763671875,18.015439262651363,150.5500589580805,1656.8475646972656,112.80934472513779,2.300016283188268,0.018109136178326768,0.7935965405978842,0.01961298092383637,2.2536434722392436,0.03976131662690498,20.66717051395972,-0.7490937092350478,-3.4977795446870976,-0.46018728697073386,21.121988768999042,0.3181928278821527,4
098_S_2052,2121235.5,355618.375,216297.09375,571915.46875,2693151.0,0.2123592285579234,2407742.605419654,1935.4852294921875,947.842529296875,2.0419902754162886,18.543858245474443,3.0,3.0,608568.015625,36652.546875,6.408735010282059,481.84746342902844,598071.253125,24535.39955659969,2013.4873046875,78.0020751953125,4.030104389676891,-6.385287904766332,2008.406103515625,73.76241646694702,1.9047610671145925,-0.13722920830169616,-6.720365417691328,-0.0236325961144837,1.947026698915013,0.049670277477404205,18.443070910165005,-0.10078733530943751,-0.5435079042088464,0.10547843195649352,18.216603686447222,0.6115824599096665,5
098_S_2079,2362699.0,429269.0625,232623.84375,661892.90625,3024592.0,0.2188370881923909,2748657.120332157,1731.8994140625,805.7294921875,2.1494799789579906,20.795664352026364,3.0,3.0,1670401.25,1008508.34375,152.36729903388354,147618.86147508636,1309664.8058035714,415318.5524787126,314.9799499511719,-1416.9194641113281,-81.81303444105184,-226.7621841548003,719.7498474121094,665.4539162510348,2.588572141425252,0.43909216246726146,20.427832162461986,0.06575670807072914,2.4913845954221574,0.20776738254441865,15.242321139334337,-5.5533432126920275,-26.70433181977618,-0.7206838404460338,16.37426997055733,2.573746135965176,7
098_S_4059,1751842.375,776437.6875,370951.9375,1147389.625,2899232.0,0.3957564020402644,2665062.8027127134,1668.8209228515625,703.742431640625,2.3713518546689185,21.576029398977944,3.0,3.0,1074683.8125,-72705.8125,-6.33662802206356,-60957.059352561286,1073422.5729166667,60915.272814706004,1639.9876708984375,-28.833251953125,-1.727761892142195,-45.87600920919933,1664.6419270833333,18.659516274470324,2.299342717948892,-0.0720091367200264,-3.0366280979454277,-0.11836663719660073,2.365313048354172,0.05157628413428961,21.93729206374934,0.36126266477139524,1.6743704696124868,0.42909607360129376,21.79726998826004,0.15827194629595853,3
098_S_6534,1541159.25,1084182.5,699779.1875,1783961.6875,3325121.0,0.5365103066925986,3111212.0,1330.357421875,593.342041015625,2.2421425209575263,21.511134986306704,3.0,3.0,1250296.3125,-533665.375,-29.914620854210472,-534030.899229452,1517129.0,266832.6875,1316.08740234375,-14.27001953125,-1.0726455384552143,-14.279793517230308,1323.222412109375,7.135009765625,2.231564328404038,-0.010578192553488464,-0.4717894805799836,-0.010585437890853866,2.236853424680782,0.005289096276744232,23.93795650485937,2.4268215185526643,11.281699083277106,2.4284837250722204,22.724545745583036,1.2134107592763321,2
098_S_6593,1208879.125,488602.875,467029.0625,955631.9375,2164511.0,0.4415001529213758,2241788.0,1193.3797607421875,562.0671997070312,2.1231976518840106,20.228926789990297,3.0,3.0,955631.9375,0.0,0.0,,955631.9375,,1193.3797607421875,0.0,0.0,,1193.3797607421875,,2.1231976518840106,0.0,0.0,,2.1231976518840106,,20.228926789990297,0.0,0.0,,20.228926789990297,,1
099_S_0051,1724437.9977864814,782269.3739958655,260459.6402906695,1042729.014286535,2767166.9964480167,0.3768218599112377,2677817.404174457,283.648193359375,93.88497924804688,3.021230793359792,9.485959967138594,1.494,1.494,1082857.6597352482,40128.645448713214,3.8484251324079994,30357.950913493696,1073302.5371739278,22119.47724800339,284.0874328613281,0.439239501953125,0.15485362228153512,0.5300939901938272,284.4420878092448,0.831707931261824,3.0259333765915617,0.00470258323176953,0.1556512412790541,0.008178839541702208,3.0355429430812584,0.017023805922462443,9.229054241482888,-0.2569057256557059,-2.7082733486719595,-0.10804539439794558,9.490609884902627,0.2154826962465841,3
099_S_0054,1331855.5846530916,649781.5428156763,260221.75774190552,910003.3005575818,2241858.932085672,0.4059146128837719,2247783.5876214234,289.6665344238281,99.41290283203124,2.9137719879227224,10.189597305642089,1.494,1.494,896521.1765056776,-13482.12405190419,-1.481546720066109,-27056.845109659367,903262.2385316298,6741.062025952095,295.7450561523437,6.078521728515568,2.0984549494494678,12.198791545825886,292.70579528808594,3.039260864257784,2.875491180235909,-0.0382808076868133,-1.3137887194153561,-0.07682453300883824,2.894631584079316,0.01914040384340665,10.882657261503503,0.6930599558614148,6.801642254082603,1.3908799388922073,10.536127283572796,0.3465299779307074,2
099_S_0060,1693488.0529257527,759831.0237466269,331737.9478676436,1091568.9716142705,2785057.0870400253,0.3919377368219034,2747247.4619484227,311.6184387207031,105.92264556884766,2.941943473043389,9.866377738619516,1.494,1.494,1100413.34375,8844.372135729529,0.8102440034228895,17749.488585578078,1095991.1576821352,4422.1860678647645,301.4027404785156,-10.2156982421875,-3.278271428393751,-20.501559247027384,306.5105895996094,5.10784912109375,2.913606084753261,-0.028337388290128107,-0.963220012545434,-0.05686940149983127,2.927774778898325,0.014168694145064054,9.592411324693698,-0.2739664139258178,-2.77676794041083,-0.5498144653099172,9.729394531656606,0.1369832069629089,2
099_S_0111,1247714.2878592024,521065.54706061166,586752.2053037318,1107817.7523643435,2355532.071473547,0.4703046779878176,2345672.478781261,290.1253662109375,97.58505249023438,2.9730512597400094,11.50081177265754,1.494,1.494,961228.53125,-146589.2211143435,-13.232250593699879,-294185.2363297471,1034523.1418071717,73294.61055717175,286.9083251953125,-3.217041015625,-1.1088451374107116,-6.456177093170501,288.516845703125,1.6085205078125,2.901098851418172,-0.07195240832183725,-2.4201536413512565,-0.14439899527225855,2.9370750555790908,0.03597620416091862,11.125141801496598,-0.37566997116094214,-3.2664648251532467,-0.7539200932227149,11.31297678707707,0.18783498558047107,2
099_S_0291,1762976.1887939563,828950.3424958799,340982.54358858155,1169932.8860844614,2932909.106128419,0.398898446474132,2900249.3712779176,277.8164978027344,90.80503845214844,3.05948325642362,9.514240054510722,1.494,1.494,1164846.3009544,-5086.585130061256,-0.4347758055665117,11506.31163925047,1136269.3343129542,44059.65604576128,232.05792236328125,-45.758575439453125,-16.470791260187987,-18.165341484929996,259.17799886067706,19.61996729410199,2.9673603881590966,-0.0921228682645232,-3.0110597294855,-0.04246017543977225,3.035714524349166,0.04907510848644988,8.98261549475245,-0.5316245597582725,-5.587672338645986,-0.12582201013057778,9.098641267889386,0.3032756292446818,3
099_S_0880,1759090.621258586,870947.1862585583,283767.85423206777,1154715.040490626,2913805.7867492028,0.3962910107948161,2751079.461607279,268.4937744140625,86.49761962890625,3.104059654611306,9.325643967263058,1.494,1.494,1160041.323986768,5326.283496142132,0.4612638884377095,10689.148609702823,1157378.182238697,2663.141748071066,257.8932189941406,-10.600555419921875,-3.948156877400829,-21.273916852343213,263.19349670410156,5.3002777099609375,3.133958296060231,0.029898641448924845,0.9632109165333934,0.060002630709998894,3.1190089753357686,0.014949320724462423,9.101956840625537,-0.22368712663752177,-2.398623917262528,-0.4489105659579935,9.213800403944298,0.11184356331876089,2
099_S_1034,1970654.125,919070.9375,296740.96875,1215811.90625,3186466.0,0.381554959710852,3066967.200279236,285.882080078125,94.60743713378906,3.021771709681484,9.192923943324796,1.494,1.5,1348624.0618012997,132812.1555512997,10.923741975922905,85677.73813864862,1278572.2292352633,71006.55870119901,253.22154235839844,-32.66053771972656,-11.424478830852633,-19.216778104100715,263.75872192382815,17.53755607925741,2.877546682860296,-0.14422502682118798,-4.772863097470402,-0.07301037536327476,2.930155981110899,0.05474684494910567,9.371077520784173,0.17815357745937632,1.9379424713802613,0.061372944690718814,9.157022087479186,0.13488189751940305,5
099_S_2042,2194603.25,969672.0,761777.75,1731449.75,3926053.0,0.4410153785493981,3648372.816920851,350.8934936523437,140.5311737060547,2.4969085641410054,13.543858806041552,3.0,3.0,1670102.0,-61347.75,-3.5431435419942163,-61907.814200186534,1519321.1539141706,328804.61246064294,309.53692626953125,-41.35656738281244,-11.786074159524734,-24.478140479667577,355.47625732421875,33.159473658502705,2.5688588172119275,0.07195025307092218,2.881573402575706,0.05349822176863833,2.405643226265716,0.15672424894866135,15.15866390261839,1.6148050965768377,11.922784486327608,1.2604719949515906,13.93977166492986,1.0407503890093157,4
099_S_2063,2172966.0,1047013.5,736694.5,1783708.0,3956674.0,0.4508099479512338,3603329.625298083,309.30181884765625,122.1404037475586,2.5323464375848874,14.633518621479006,3.0,3.0,696874.0625,-1086833.9375,-60.931157874495156,-306194.67486325564,1370448.8589018222,457913.9074793095,2094.72705078125,1785.4252319335938,577.2436898642967,556.1564652159503,924.7438354492188,859.4492854898942,2.139011266264113,-0.39333517132077445,-15.53243922249044,-0.11792836176665526,2.389299058481308,0.1833582948256811,19.11300936651552,4.4794907450365145,30.611166465880192,1.2013048374993256,16.582101949891708,2.227380500197026,6
099_S_2146,2173833.696803002,1023409.5999556194,557957.6113459334,1581367.2113015528,3755200.908104554,0.4211138764609404,3543775.372778241,308.2341003417969,116.9569091796875,2.635450097546519,15.44737426511844,3.0,3.0,617858.59375,-963508.6175515528,-60.92883491358923,-172154.65938206005,1015372.5500962099,384089.2555665023,1614.6998291015625,1306.4657287597656,423.8550268484384,287.1257152937945,1139.4053715297155,746.2874668881817,2.132273063303617,-0.5031770342429018,-19.092641318131435,-0.09965525034919799,2.369675509061558,0.23794164602790135,20.258766267781706,4.811392002663267,31.14698925582338,0.7047969157825658,18.55278125207551,1.7960963818997313,7
099_S_2205,2270549.688732639,1070564.4711124315,695191.6062413023,1765756.0773537338,4036305.891086369,0.4374683497732828,3779527.424529807,349.6801147460937,136.40061950683594,2.563625542514075,14.2215307350578,3.0,3.0,1667770.8363730465,-97985.24098068732,-5.5491946049271865,-33788.957993632226,1628454.3677847167,111292.27447952905,327.7290954589844,-21.951019287109318,-6.277457127651704,-5.202712040916307,336.0142822265625,13.776160654197184,2.512211746164049,-0.051413796350026075,-2.0055111597774933,-0.0204289652386693,2.5618182935530713,0.0476337428004149,13.369995085417845,-0.8515356496399562,-5.987651157275337,-0.7633804965903055,15.424888908881655,1.8577218698755604,4
099_S_4022,1776669.1092590217,627485.4135881885,415987.6505818056,1043473.064169994,2820142.173429016,0.3700072549538286,2684401.9028745047,313.77587890625,132.53173828125,2.367552713092943,17.057969694941356,3.0,3.0,1159174.098310172,115701.03414017812,11.088070992250268,167574.94717635695,1079384.236935786,56513.63735585796,294.5262756347656,-19.249603271484375,-6.134825703806179,-23.08183029844987,302.2396647135417,8.310527476888137,2.4817102929136765,0.11415757982073371,4.821754514246892,0.12759471679942533,2.4467341599981047,0.05611637073273412,15.370861742026564,-1.6871079529147917,-9.890438212087536,-3.4175322505310635,17.663295515395728,2.161687814169648,3
099_S_4157,1536144.4686726406,628835.1121758523,393718.3669707052,1022553.4791465576,2558697.947819198,0.3996382144356231,2471594.278902817,324.618408203125,125.03211212158205,2.5962802683136608,20.184155453995867,3.0,3.0,754693.0,-267860.4791465576,-26.195253804242984,-160455.14484985976,992313.2813375075,144399.3597776643,1992.303955078125,1667.685546875,513.7372079748081,987.4136273200031,741.9362487792969,721.9101198348434,2.259833228169646,-0.33644704014401494,-12.958810504789781,-0.19846863626037772,2.5255380298125214,0.15455626177007437,26.11547688382244,5.931321429826571,29.38602728930303,3.4154225660936954,21.00368289099567,3.142817431002034,4
099_S_4202,1936461.6894483624,966861.2822670063,568998.8572078522,1535860.1394748583,3472321.89142322,0.4423150236354807,3218621.8632083014,318.6640319824219,114.62960815429688,2.779945202059313,15.37841397480754,3.0,3.0,2010109.8278887009,474249.6884138426,30.878442393589182,586488.1650552518,1799416.1557878533,197186.9034137567,270.3883056640625,-48.275726318359375,-15.149411754453155,-65.43823885487944,298.4856669108073,20.488522204844013,2.769970122038888,-0.009975080020424798,-0.35882290100666414,-0.019153653354322828,2.7823041411442517,0.011159086600612165,11.01976124147068,-4.358652733336859,-28.342667458927,-5.5288930763699025,13.11693124354506,1.7832016930577708,3
099_S_4205,1463598.1000651738,696380.3631360031,433347.49261720525,1129727.8557532085,2593325.955818382,0.4356289471512645,2456716.829914629,353.56707763671875,137.10707092285156,2.5787661619355897,20.733284149850626,3.0,3.0,555741.5625,-573986.2932532085,-50.80748344215361,-367658.36257459584,1041727.2971791526,284512.41576739616,2345.35888671875,1991.7918090820312,563.3419894169409,1192.0595201562198,830.5955657958984,874.8308830209671,2.0935613629421583,-0.4852047989934314,-18.815385673792257,-0.28603504481979625,2.459416498865792,0.2112753585161095,26.149581933891536,5.416297784040911,26.123684723049205,3.9013884891494226,20.53825481385132,3.4803477313412783,4
099_S_4463,2115464.25,949503.5,749989.25,1699492.75,3814957.0,0.4454814955974602,3479823.4050374245,310.781005859375,119.55728149414062,2.59943183197231,16.462236926398333,3.0,3.0,825380.375,-874112.375,-51.43372191496552,-552998.3004968277,1565824.127740906,433077.71734699066,2349.866943359375,2039.0859375,656.1166541891765,1218.459906747643,793.7520561218262,898.6986904180258,2.093966678256431,-0.5054651537158792,-19.44521673924256,-0.27000385569361796,2.414556075886157,0.1914895762142653,16.058271479547003,-0.4039654468513305,-2.453891586285847,0.10926554716534732,15.154684345436586,1.182584305376465,4
099_S_4475,2259581.174563413,604365.6048231286,713575.0386771489,1317940.6435002773,3577521.8805636875,0.368394851939415,3207635.351820037,343.978515625,132.96624755859375,2.586961122494332,12.582804565477945,3.0,3.0,1408124.2021135977,90183.55861332035,6.842763295758498,122376.50365304493,1355482.977421913,38334.06611970561,347.93768310546875,3.95916748046875,1.1509926639677033,2.5698361110881507,348.8751627604167,4.430690566126055,2.6120104584708823,0.025049335976550235,0.9682919375455407,0.07034427932689893,2.555252659448304,0.06338547126647663,11.88331430315809,-0.6994902623198556,-5.559096612204961,-0.9750671755281289,12.321611000799116,0.31181810568432927,3
099_S_4480,1788957.5,808219.375,560639.0,1368858.375,3157816.0,0.4334826269168311,2933549.193489086,270.4591369628906,108.0521011352539,2.503043731850253,17.8563363714371,3.0,3.0,500544.40625,-868313.96875,-63.4334409321198,-400861.8794418566,1044549.4186698727,368585.27059445635,2000.0032958984373,1729.5441589355466,639.4844627389517,1021.4219687857759,710.7786026000977,744.3809362954152,2.2213780414488165,-0.28166569040143674,-11.252927258814974,-0.10472446757318007,2.3292042097121923,0.11506171819047457,26.627842772815782,8.771506401378684,49.122654383961645,5.226771199598335,20.126088235008993,3.7587949515750996,4
099_S_4498,1782876.7265820485,758500.3025371557,501341.9309149115,1259842.2334520672,3042718.960034116,0.4140514618668369,2858731.6038846974,297.19073486328125,116.0682144165039,2.560483365724457,13.076628106055235,3.0,3.0,671759.8125,-588082.4209520672,-46.679052768430765,-178184.49373355226,1022235.8247318759,266342.92258994374,2084.037353515625,1786.8466186523438,601.245735158722,564.4668952235207,1035.5044555664062,910.7276563513476,2.210585405274917,-0.3498979604495398,-13.665308868372222,-0.09668765004818528,2.3610241687210345,0.16586541927334428,23.99357143140484,10.916943325349603,83.48439090574448,3.184412014299041,16.824555307727174,4.469351890788859,5
099_S_4565,2068749.75,896655.625,795461.625,1692117.25,3760867.0,0.4499274369447257,3482622.5728198537,304.0445861816406,118.19283294677734,2.5724451815628093,15.658068539351522,3.0,3.0,862935.1875,-829182.0625,-49.00263634213291,-481266.2349126444,1486886.609375,361113.04846837616,2298.968994140625,1994.9244079589844,656.1289030047677,1173.6008360272472,805.7237167358398,862.2129842605358,2.210934035613441,-0.3615111459493683,-14.05321087268975,-0.21251183246397526,2.492064370219728,0.1630959335702223,20.0086242448424,4.35055570549088,27.784753237969017,2.1224311093709054,17.41183345999591,1.6533233240761842,4
099_S_6632,1598591.75,533316.875,353837.3125,887154.1875,2485746.0,0.3568965564060045,2401494.0,1814.1077880859373,915.1094360351562,1.982394361447552,24.99054969249192,3.0,3.0,875169.9375,-11984.25,-1.3508643896244925,-11992.458390410957,881162.0625,5992.125,1717.5396728515625,-96.56811523437477,-5.323174062124703,-96.63425777905584,1765.82373046875,48.284057617187386,1.9485837342764407,-0.033810627171111385,-1.7055449626290669,-0.03383378513492721,1.9654890478619964,0.016905313585555692,25.960039008709543,0.9694893162176221,3.8794237347603935,0.9701533499958533,25.475294350600734,0.48474465810881107,2
100_S_0006,1722474.25,962253.6875,695882.0625,1658135.75,3380610.0,0.49048418776493,3210858.576531708,687349.375,228633.34375,3.0063391617478965,19.822049111205963,1.5,1.5,1627842.3125,-30293.4375,-1.8269576239460488,-11872.586694671354,1685101.2146940443,64330.089693388705,737311.6875,49962.3125,7.268837990868908,11503.720238730133,761139.7,44922.45194191945,3.024567943557302,0.018228781809405348,0.6063448210150404,0.019530287163581208,3.0313655593416735,0.031867416795037386,22.089334152963136,2.267285041757173,11.43819707557587,0.6921328441694149,20.97975232608853,0.9020165872484597,5
100_S_0296,1924772.625,1052286.0,696577.25,1748863.25,3673636.0,0.4760578484095866,3481027.3191422224,680117.9375,227851.4375,2.9849183527622687,17.490077849447324,1.5,1.5,1470604.625,-278258.625,-15.91082807646624,-22457.287730521242,1631757.3121467542,98714.10857638252,799354.75,119236.8125,17.53178469873837,15676.304948766521,692422.875,56827.680317800085,2.9566234550910564,-0.028294897671212293,-0.9479286977825694,-0.006228449294651387,2.9865502458621975,0.02817732611916165,25.056366129211984,7.56628827976466,43.26046084468258,0.9954314216490557,18.765807750871968,2.9087546959833745,6
100_S_0892,1601615.1940005522,884220.969083781,476041.6708555084,1360262.6399392893,2961877.896439839,0.4592568253992906,2828109.073680703,635944.125,215704.515625,2.9482188778218896,32.80364382456727,1.5,1.5,1465477.40625,105214.7663107107,7.734886133122541,105212.49916817057,1426378.32789643,47010.3510467511,701163.25,65219.125,10.255480385167486,65178.32416483914,684111.8125,34540.30811470642,2.9967797327319223,0.0485608549100327,1.6471251600528691,0.04868103641438209,2.95662493167178,0.029950251745894354,27.61130677584135,-5.192337048725918,-15.828537453016969,-5.194979906097362,30.04323926677934,2.132449519671129,3
100_S_0930,1928320.5392565427,1002145.580439241,432803.7307552285,1434949.3111944697,3363269.850451012,0.4266530415339833,3250183.468495564,621189.5625,206580.71875,3.007006492453657,22.90105211139072,1.5,1.5,1464538.5,29589.188805530313,2.062037214464384,59381.60006164805,1449743.9055972348,14794.594402765157,680067.0,58877.4375,9.478175593138689,118159.25300480769,650628.28125,29438.71875,3.020241186063897,0.0132346936102401,0.4401285345892571,0.026560284841429648,3.013623839258777,0.00661734680512005,24.96597623742368,2.0649241260329596,9.016721659726237,4.1440304232612,23.9335141744072,1.0324620630164798,2
100_S_4556,2006628.7570730457,944111.5033278422,587372.8770703955,1531484.3803982376,3538113.012471283,0.4328534376940476,3314388.767047135,859063.25,300762.21875,2.8562871146765128,29.109858446626387,3.0,3.0,1721047.875,189563.4946017624,12.377762191245429,26808.021239143458,1610439.9191308918,120884.71610843501,52927.109375,-806136.140625,-93.83897409474797,-73542.20802275826,645971.478515625,296215.23914068635,2.633428779399917,-0.22285833527659582,-7.802378624035333,-0.010390570920417163,2.8616737609744423,0.09774760294667767,20.850461335523303,-8.259397111103084,-28.373195720779208,-0.5806576247960942,26.732438944359636,2.3589328940270105,8
109_S_0950,1987680.0,908873.375,539308.5,1448181.875,3435862.0,0.4214901165995607,3342219.3640233297,327.4043273925781,115.99419403076172,2.8225923487442657,10.757555102852203,1.494,1.5,1268429.6477419806,-179752.22725801938,-12.412268815201086,-113654.4234616795,1363077.2617777707,73693.13604151735,273.12774658203125,-54.276580810546875,-16.57784466161496,-30.8087582440154,309.8547770182292,25.978434803543202,2.785584996656682,-0.037007352087583545,-1.3111121804056343,-0.021784665445413146,2.8088194204316164,0.016523235143694227,11.2421155964752,0.4845604936229968,4.504373800460691,0.08418774506021177,10.471103474333352,0.7734648908067686,3
109_S_1114,1412149.73198394,594503.2424153893,380144.96390015,974648.2063155392,2386797.969549479,0.4083496880548752,2501397.590429447,308.3794860839844,111.99522399902344,2.753505661394701,10.57749519663376,1.5,1.5,1099815.9792983842,125167.77298284497,12.842354007505586,67302.89448884522,1068040.8018620925,67152.92254400808,264.6973571777344,-43.68212890625,-14.165056651775329,-33.57024480213941,299.19488525390625,25.26645088874556,2.7470684683636977,-0.006437193031003208,-0.23378172492090143,-0.002891754355749553,2.747380316541926,0.004878997247954872,10.644917653435956,0.06742245680219483,0.637414203919012,-0.04740514165559809,10.822033497290489,0.2994223439758126,3
109_S_1183,1952529.5,1013373.0,357964.40625,1371337.40625,3323867.0,0.4125728876185479,3198015.7356903576,289.2254943847656,96.7928466796875,2.9880874601591163,9.768100398402844,1.5,1.5,1187310.5742204585,-184026.8320295415,-13.419515225853374,-91576.85348118826,1338990.8083183332,94359.41482159866,232.19561767578125,-57.029876708984375,-19.71813613122077,-33.811053752500726,277.66062927246094,26.35234236938474,2.988973470800853,0.0008860106417367675,0.02965142933565898,0.01593936455329646,3.0153988752591463,0.03817286474017288,10.369386103875426,0.6012857054725824,6.155605296306097,-0.13686415846903274,10.05109919032019,0.9018808588141807,4
109_S_1343,1816542.9295951808,858200.4632927343,387074.6991333133,1245275.1624260475,3061818.0920212283,0.4067110210339086,3011505.394445824,316.25115966796875,107.4688491821289,2.94272395333172,7.952487854748248,1.5,1.5,1245275.1624260475,0.0,0.0,,1245275.1624260475,,316.25115966796875,0.0,0.0,,316.25115966796875,,2.94272395333172,0.0,0.0,,2.94272395333172,,7.952487854748248,0.0,0.0,,7.952487854748248,,1
109_S_2200,1765186.0,398828.5,240788.46875,639616.96875,2404803.0,0.2659747882674797,2358093.556411276,1634.60302734375,830.44384765625,1.9683486487240751,17.709437349938405,3.0,3.0,874048.875,234431.90625,36.65192102519559,28312.974152162536,725722.10625,102521.16438787621,2300.386474609375,665.783447265625,40.730589392553085,158.58947443392265,1774.01904296875,362.9210421262639,2.081715153864531,0.11336650514045576,5.759472805488109,0.01169845718574802,2.0578066760023863,0.0583743375454166,17.189977018945203,-0.5194603309932013,-2.9332401743130934,-0.11142793235853518,19.68751524321397,2.5402988263345474,5
109_S_4380,2069004.875,449215.125,296549.9375,745765.0625,2814770.0,0.2649470693875521,2627401.190739703,1655.1278076171875,824.4947509765625,2.0074449275139075,22.89188110870732,3.0,3.0,1784234.5625,1038469.5,139.24888040729314,92180.70592960143,923651.49609375,389270.20499061747,243.6465606689453,-1411.4812469482422,-85.27929024286576,-128.13754580232813,1405.9613437652588,742.7824447015516,2.848289538741929,0.8408446112280217,41.88631028943614,0.07623674994733973,2.1501054358335385,0.337637018716349,15.932049663497228,-6.959831445210092,-30.40305605362768,-0.6108031466316307,18.387120251826033,4.106693665903504,8
109_S_4455,2076537.875,379346.8125,202098.34375,581445.15625,2657983.0,0.2187542795608549,2509040.334436423,1513.9847412109375,718.9041748046875,2.1059618126661963,22.155393226210208,3.0,3.0,598271.40625,16826.25,2.8938670860240743,-7324.871933578919,607281.28515625,27851.51069565303,1778.2210693359375,264.236328125,17.453037730991568,199.22480763051837,1662.8512268066406,218.36278410238526,2.138881312401768,0.03291949973557173,1.5631574864073572,0.023910063193823543,2.111285041847714,0.018072397160935033,22.98314693926029,0.8277537130500825,3.736127382613258,1.5118652506690777,22.11068520731769,2.388704250432619,4
109_S_4531,1784541.125,372962.90625,224200.0,597162.90625,2381704.0,0.2507292704089173,2280743.161157527,1656.6654052734375,799.2735595703125,2.0727138829555964,21.211183133832307,3.0,3.0,646412.390625,49249.484375,8.247244405094024,12777.277775813915,645715.0338541666,35975.812249976036,1995.7305908203125,339.065185546875,20.466726984675056,113.06193779837112,1865.0793863932292,191.05679152373617,1.9853259251045725,-0.08738795785102393,-4.216112921789892,-0.028301915396872955,2.029158658352828,0.041917190768947205,26.108499320290825,4.897316186458518,23.088368789043127,1.1983554258589417,21.632066637106472,2.2201915346800156,6
109_S_4594,1820341.5,825452.0,414970.5,1240422.5,3060764.0,0.4052656460935897,2848001.136139203,1645.481201171875,708.5007934570312,2.3224832125035384,20.81212500292996,3.0,3.0,640356.40625,-600066.09375,-48.37594398279618,-119740.85801691272,1111817.93125,237588.091071768,1890.2232666015625,244.7420654296875,14.87358623455483,34.780037186815576,1817.8447998046875,97.5936919207771,2.4051596700802813,0.08267645757674291,3.55983014781929,0.00249226938080444,2.329649298103014,0.06083168609549577,9.003592303887315,-11.808532699042646,-56.73871696129167,-2.790540264964059,18.93244428362935,5.163124451326178,5
114_S_0378,1484564.625,663476.5,284898.875,948375.375,2432940.0,0.3898063145823571,2341130.2961826324,326.6488342285156,113.62820434570312,2.8747161255844644,9.831261518285665,1.494,1.5,911401.9375,-36973.4375,-3.8986079219950223,-18880.060219633993,923480.859375,18020.476363566893,299.0162048339844,-27.63262939453125,-8.459429974637574,-15.71066795706371,316.89701080322266,12.478137939931324,2.853195696110149,-0.021520429474315428,-0.7486105943744294,0.006022295860277443,2.8286402800987362,0.043346616119858364,10.944408889837394,1.1131473715517295,11.322528339637085,0.45492918859457476,10.685539389148339,0.4954123798088705,4
114_S_0410,1229947.25,511417.25,618116.5,1129533.75,2359481.0,0.4787212738733645,2615293.973946572,311.9013366699219,106.70248413085938,2.92309346204456,11.203190962469716,1.494,1.5,991979.625,-137554.125,-12.177956169968361,-137956.55812286076,1117030.9166666667,97401.7485504802,302.1023864746094,-9.7989501953125,-3.1416826551412016,-9.832002818385796,311.81029256184894,7.889566189058804,2.961910809562902,0.03881734751834198,1.3279543751293932,0.03893126162836055,2.9265581228901305,0.027560010407074613,9.052719940202476,-2.15047102226724,-19.195165283455758,-2.152474260124723,10.225653431077747,0.8887317143508785,3
114_S_0458,1346889.125,588218.1875,260020.71875,848238.90625,2195128.0,0.3864188813818602,2250185.527467728,309.3141784667969,109.89904022216795,2.8145302727573247,10.710722226060044,1.5,1.5,848238.90625,0.0,0.0,,848238.90625,,309.3141784667969,0.0,0.0,,309.3141784667969,,2.8145302727573247,0.0,0.0,,2.8145302727573247,,10.710722226060044,0.0,0.0,,10.710722226060044,,1
114_S_1103,1995928.0,893625.5,386186.46875,1279811.96875,3275740.0,0.3906940015843748,3163971.444547176,311.5258483886719,112.8375244140625,2.7608355220970453,9.339776058411775,1.5,1.5,1142535.09375,-137276.875,-10.72633155119491,-136989.30094419446,1141641.8333333333,113181.87766589127,308.4996337890625,-3.026214599609375,-0.9714168552183031,-3.0167425307186804,307.90863037109375,3.2219393164851695,2.782727541294444,0.021892019197398582,0.7929490555370021,0.02201831696893611,2.751472547027278,0.03007966866979389,8.704199378354309,-0.6355766800574667,-6.8050526702408565,-0.6362182366415696,9.059889260624544,0.2649515801941569,3
114_S_1106,1697565.125,731475.3125,420697.5,1152172.8125,2849738.0,0.4043083302745726,2851232.1239233017,336.09625244140625,122.4461441040039,2.744849600254309,9.672484146745436,1.5,1.5,1139488.0,-12684.8125,-1.1009470421781888,8038.744015919767,1134859.578125,26006.852136045283,311.30206298828125,-24.794189453125,-7.377109763354926,-8.969978587168459,317.0630340576172,11.12124212518471,2.762712449265836,0.01786284901152735,0.6507769682489112,0.008289049710755995,2.750794120901118,0.0072685798469996005,10.689930919104915,1.0174467723594791,10.51898102827934,0.2628959828529934,10.132982598506588,0.44363215099852804,4
114_S_1118,1734844.75,763953.875,332203.46875,1096157.34375,2831002.0,0.3871976578434067,2794260.393810272,318.1348876953125,109.88517761230467,2.895157397138621,10.64565883968748,1.5,1.5,1052178.3038385345,-43979.03991146549,-4.012110137492794,-14478.463901072753,1070817.8372017727,29434.62022637362,295.9859619140625,-22.14892578125,-6.962117843064952,-9.68143715729145,303.1722839355469,7.821625948159398,2.943823665485773,0.04866626834715193,1.6809541476138878,0.007268543647350805,2.9224634197444543,0.02703271002307596,10.396687474471143,-0.24897136521633634,-2.338712605444017,-0.077154111935013,10.170234289170867,0.3440082719195398,5
114_S_2392,1692476.125,822913.8125,489825.0,1312738.8125,3005215.0,0.4368202649394469,2889783.979615965,287.87158203125,113.99066162109376,2.525396163264165,16.683504519257387,3.0,3.0,1583007.25,270268.4375,20.588134892217944,34937.59223228896,1410861.5764203777,159194.44031120164,275.5863342285156,-12.285247802734375,-4.267613953433147,-1.157081338842979,291.8352447509766,13.727231491462067,2.627614930571306,0.10221876730714108,4.047632953358876,0.010910629260369568,2.6491670247926455,0.08733594418241845,12.228243479615758,-4.455261039641629,-26.704587363518396,-0.591707261358016,13.692904296161007,2.5979906483399433,10
114_S_4404,1811382.125,834078.125,647826.75,1481904.875,3293287.0,0.4499774465450475,3051614.092962001,282.9252624511719,106.8774642944336,2.6471928546560246,16.57629605023891,3.0,3.0,1646202.125,164297.25,11.086895844107403,53657.50402113566,1566192.2304365386,162179.38891462487,269.1225891113281,-13.80267333984375,-4.878558111164025,-1.000996135347384,284.2533772786458,14.923524615246276,2.6331100924020325,-0.014082762253992076,-0.5319885262315723,-0.003789750728672004,2.6097164300381928,0.03982245908556447,9.726171078073056,-6.850124972165853,-41.324822815692436,-1.3501312756408277,13.5371011340586,2.7699464314844686,6
114_S_5047,1792728.875,764523.8125,450368.21875,1214892.03125,3007621.0,0.4039378735718363,2881956.139622291,251.6420288085937,102.9455795288086,2.4444179877947603,16.433937048036483,3.0,3.0,1390977.5,176085.46875,14.493919148422268,49858.65083782697,1276417.2875,59949.084820023396,259.2189025878906,7.576873779296932,3.010973093473239,-5.67211431961928,270.1780151367187,16.691240671000777,2.343601688045388,-0.10081629974937245,-4.1243478101028135,-0.027453368378961757,2.465055856724656,0.07190060874701247,12.498525429558786,-3.9354116184776977,-23.946858302879395,-1.8986070365477612,14.73582729861182,2.439021359977367,5
114_S_6597,1676621.75,791292.1875,757974.0,1549266.1875,3225888.0,0.4802603771426658,2767785.0,283.9786682128906,112.96210479736328,2.513928597633483,9.700151875068444,3.0,3.0,1264771.75,-284494.4375,-18.36317346853605,-284689.2967037671,1407018.96875,142247.21875,317.3919677734375,33.413299560546875,11.766130100834857,33.436185382163686,300.68531799316406,16.706649780273438,2.559284935772684,0.045356338139201036,1.8042015267218714,0.045387404124227884,2.5366067667030836,0.022678169069600518,11.514861975996912,1.8147101009284672,18.708058639707254,1.8159530530523906,10.607506925532679,0.9073550504642336,2
116_S_0361,1717649.5,843317.25,224522.1875,1067839.4375,2785489.0,0.3833579804120569,2804418.532039225,43.64200973510742,15.101679801940918,2.8898776439175173,11.569544793087037,15000.0,15000.0,1146541.15625,78701.71875,7.37018281833218,52782.09775099887,1090674.109375,70133.84273048765,44.01742935180664,0.37541961669921875,0.860225317252555,-0.271124539824465,44.40317630767822,1.0231422964449304,2.9016619726477866,0.011784328730269245,0.4077795042662918,0.00977244454438108,2.9110200575381233,0.02584064252837175,11.72189090079254,0.15234610770550283,1.3167856681494654,0.05376695654553596,11.552522588692105,0.11106667476084468,4
116_S_0649,1334161.875,681936.9375,332189.1875,1014126.125,2348288.0,0.4318576448033631,2378521.8733062744,270.1819763183594,107.13814544677734,2.521809320759313,7.389885297642793,2.89362,15000.0,969370.5625,-44755.5625,-4.413214628505897,-22789.72718801588,985485.2125,26929.88379581345,40.03056716918945,-230.15140914916992,-85.18384989455372,-81.37876729338153,87.39169464111328,91.40004018919791,2.8583861468746954,0.3365768261153823,13.346640578441496,0.13156362758720366,2.8443657767042607,0.1677395701857005,13.672612517323357,6.282727219680564,85.01792607910454,2.165765343283475,12.050950588691787,2.358559716635968,5
116_S_0752,1213503.625,644424.625,346353.75,990778.375,2204282.0,0.4494789573203429,2122636.2018432617,297.65142822265625,118.76154327392578,2.5062946936435715,8.142875600353237,2.89362,15000.0,1044887.53125,54109.15625,5.461277477922346,131931.10334392168,1001061.0,32412.39919540381,45.16365814208984,-252.4877700805664,-84.82666170568298,-251.85881175575676,128.82928212483725,119.37683598341081,2.8692404374283464,0.36294574378477495,14.481367442754149,0.39290436330037887,2.738720530295024,0.16476451293909639,13.681977332519171,5.539101732165934,68.02390216947005,5.944576485393164,11.707233238808826,2.525280897385353,3
116_S_0834,1591574.5,794306.9375,222244.59375,1016551.53125,2608126.0,0.3897631982695621,2669782.741624117,42.68156814575195,14.278581619262695,2.989202029630859,10.131260255735883,15000.0,15000.0,1153676.0625,137124.53125,13.489186434197306,275190.85186298075,1085113.796875,68562.265625,43.24236297607422,0.5607948303222656,1.313903998108094,1.125441273490151,42.961965560913086,0.2803974151611328,2.9260184110443945,-0.06318361858646426,-2.1137286125242896,-0.12680119059728612,2.9576102203376267,0.03159180929323213,11.60776470722862,1.4765044514927368,14.573749111388226,2.963149730262209,10.869512481482252,0.7382522257463684,2
116_S_0890,1490038.5,719002.9375,254447.59375,973450.53125,2463489.0,0.3951511580729607,2519246.522895992,50.2911376953125,17.273826599121094,2.911406716706572,15.431065045312067,15000.0,15000.0,1263772.6875,290322.15625,29.824027716868123,582638.2833533654,1118611.609375,145161.078125,48.13650894165039,-2.1546287536621094,-4.284311018605046,-4.324055781731239,49.213823318481445,1.0773143768310547,2.8252704819682424,-0.08613623473832943,-2.958577866982737,-0.17286406449546604,2.868338599337407,0.043068117369164716,13.255430559037949,-2.1756344862741184,-14.099055897214772,-4.366211517096822,14.343247802175007,1.0878172431370592,2
116_S_1243,1650626.0,786633.375,211865.5625,998498.9375,2649125.0,0.3769165054499127,2646876.0420665145,43.20402908325195,13.81198501586914,3.128009906295382,12.922136549667504,15000.0,15000.0,1055842.546875,57343.609375,5.742981511685384,46125.382377361886,1048559.2447916666,38248.978330438054,38.37161636352539,-4.8324127197265625,-11.185097367689366,-3.049835041304199,40.92914962768555,1.9829225997801296,3.011335281316753,-0.11667462497862902,-3.7299953796121796,-0.09030555022925142,3.034382095639311,0.06899033657476673,12.05181276847634,-0.8703237811911642,-6.735138402585276,-0.6024155115572855,12.389059870247307,0.38133781055509414,3
116_S_1271,1742462.625,782305.4375,305411.90625,1087717.34375,2830180.0,0.3843279733974517,2808199.577111006,41.83106231689453,15.36252784729004,2.72292815412832,10.9050520795109,15000.0,15000.0,1308994.4375,221277.09375,20.3432532377509,147754.0374628656,1198355.890625,110638.546875,43.25022888183594,1.4191665649414062,3.392614211397256,0.9476244750362863,42.540645599365234,0.7095832824707031,2.8466255671904777,0.12369741306215776,4.542808552426038,0.08259685579698925,2.784776860659399,0.06184870653107888,11.4741814556205,0.5691293761095988,5.218951472766599,0.3800265166801297,11.189616767565699,0.2845646880547994,2
116_S_1315,1426443.0,806273.4375,347611.625,1153885.0625,2580328.0,0.4471854208069671,2534911.7564946413,54.29263305664063,18.371023178100582,2.955340569490995,13.249776741508422,15000.0,15000.0,1169197.875,15312.8125,1.3270656669064904,-19997.293874473195,1102788.0989583333,83324.64998343939,50.83881759643555,-3.4538154602050852,-6.361480859846864,-1.8071994050735138,52.10701243082682,1.5520873837863975,2.8969255649479257,-0.05841500454306914,-1.9765912986850813,-0.04312566800793142,2.891116447241462,0.05496404408333611,12.269522432325251,-0.9802543091831701,-7.398270388302203,-0.4530734830402558,12.759328628737364,0.40018740335872843,3
116_S_4167,1648720.875,726085.4375,418146.625,1144232.0625,2792953.0,0.4096853983937431,2669944.2084275186,286.2680969238281,113.82514190673828,2.5149812213139904,18.04180094755963,3.0,3.0,1248658.625,104426.5625,9.126344726946506,108121.23823839177,1226628.625,60328.6451582298,299.1739196777344,12.90582275390625,4.508299350360479,16.705188119366372,292.57676188151044,5.272727714521738,2.3996966936112623,-0.11528452770272812,-4.583912067641442,-0.15126418782773293,2.4609930100013186,0.047347558062881136,14.338332812061916,-3.7034681354977135,-20.52715328288029,-3.963747770193042,15.269432494571005,1.9952647395803795,3
116_S_4175,2054085.625,784748.0,661722.4375,1446470.4375,3500556.0,0.4132116262388032,3232354.0137545904,267.90545654296875,108.3298568725586,2.473052783454568,15.703501475473928,3.0,3.0,1205030.199761524,-241440.2377384759,-16.69168145294196,-69905.58172850596,1400971.1649523047,108919.05997646012,245.5121459960937,-22.393310546875057,-8.35866160989649,-7.181589675572681,261.3266326904297,10.785957325985613,2.398444568820284,-0.07460821463428413,-3.01684683535404,-0.0173886649815317,2.4489158726572073,0.02597024267900456,14.378814872011745,-1.3246866034621831,-8.435612946138844,0.00715230200939228,14.221580100306166,0.9344285990841943,5
116_S_4199,1867537.75,883800.5625,600382.75,1484183.3125,3351721.0,0.442812308214198,3036749.365140056,270.7920227050781,108.6095199584961,2.493262287829796,19.265813612198656,3.0,3.0,1792962.8125,308779.5,20.80467401832481,27065.390170953266,1656055.8964943136,95941.25333917698,249.5524139404297,-21.239608764648438,-7.843513465601856,-7.836743557673923,266.2702440534319,26.784666810310444,2.5607442408979098,0.06748195306811366,2.706572565490164,0.009889284137028172,2.4735558025481152,0.0448417409801392,11.292505605541452,-7.973308006657204,-41.38578399621127,-0.7341666065129456,15.103901217078237,2.5437981954343734,7
116_S_4635,1898633.0,838966.875,508403.1875,1347370.0625,3246003.0,0.4150858956384205,2975251.0536182555,322.6282043457031,130.64256286621094,2.46954893411386,17.434680727426876,3.0,3.0,1165119.5625,-182250.5,-13.526387818194527,-55896.86962880068,1290666.5375,81170.590160559,252.6804962158203,-69.94770812988281,-21.680593075158527,-19.49719184411479,286.4361846923828,31.093838190296918,2.40015671520728,-0.0693922189065801,-2.809914715517871,-0.01545243760634359,2.4524642857580488,0.02753437223359259,19.16627656521963,1.731595837792753,9.931904488900344,0.49682897208485005,17.75839958834664,0.8277148736298736,5
116_S_4898,2137443.0,939628.8125,422950.1875,1362579.0,3500022.0,0.3893058386490142,3323398.3808353543,332.1127014160156,114.4534149169922,2.901728172594532,17.391299059788764,3.0,3.0,1364149.3125,1570.3125,0.11524561144711609,5240.121925250549,1367769.796875,16616.437942390377,275.4239196777344,-56.68878173828125,-17.069139932492664,-26.04296548842222,296.3536682128906,21.722592951886536,2.8194479366026823,-0.08228023599184953,-2.8355597457042307,-0.05394090941770301,2.8764717753110958,0.03789600067193679,16.54641386714391,-0.8448851926448526,-4.85809133486958,-0.5289235998471378,16.805870865091656,0.5807409639961829,4
116_S_6428,1771068.0,1169379.25,798089.75,1967469.0,3738537.0,0.5262670932506486,3131720.0,249.92803955078125,106.35079956054688,2.3500343977993285,9.529471018770964,3.0,3.0,1967469.0,0.0,0.0,,1967469.0,,249.92803955078125,0.0,0.0,,249.92803955078125,,2.3500343977993285,0.0,0.0,,2.3500343977993285,,9.529471018770964,0.0,0.0,,9.529471018770964,,1
116_S_6550,1457508.0,1012500.375,765851.5,1778351.875,3235860.0,0.5495762718411797,2902808.0,261.9137878417969,94.88643646240234,2.760286873933666,11.941489931106858,3.0,3.0,1585851.4375,-192500.4375,-10.824654007239147,-96316.14355736302,1666552.9791666667,81606.32608872172,278.0049133300781,16.09112548828125,6.143672549992187,8.051073403554419,268.8666585286458,6.748481689294193,2.688766794809217,-0.07152007912444924,-2.5910379026121464,-0.035784532740006966,2.7171561190663573,0.03100282526714488,11.680103544232718,-0.26138638687413973,-2.188892578582209,-0.13078270932298566,12.062964498168034,0.3722422590329065,3
116_S_6775,1180654.5,758683.4375,706320.9375,1465004.375,2645659.0,0.5537389266719558,2474831.0,320.3406982421875,119.9838638305664,2.669864808026915,13.540732010501712,3.0,3.0,1388230.875,-76773.5,-5.240496295446217,-76826.0845890411,1426617.625,38386.75,313.8931884765625,-6.447509765625,-2.0127039121174928,-6.451925868204195,317.116943359375,3.2237548828125,2.728421529288805,0.05855672126189004,2.193246679975705,0.0585968286052201,2.6991431686578604,0.02927836063094502,12.877757418979678,-0.6629745915220333,-4.896150304192223,-0.6634286837080073,13.209244714740695,0.33148729576101665,2
123_S_0050,1264698.2034212488,564893.6600278558,645077.2899998723,1209970.950027728,2474669.153448977,0.4889425110994641,2640298.4871377554,397642.1875,123499.6484375,3.219783963174735,8.786259599112359,1.5,1.5,1446898.054400085,236927.10437235702,19.581222538188005,475481.45534067805,1328434.5022139065,118463.55218617851,386755.25,-10886.9375,-2.7378728520851427,-21848.64792239011,392198.71875,5443.46875,3.057246887220264,-0.1625370759544711,-5.048073964385117,-0.326190477980058,3.1385154251974994,0.08126853797723554,8.614922840007143,-0.17133675910521617,-1.9500534575887747,-0.3438502816658253,8.700591219559751,0.08566837955260809,2
123_S_0108,1416881.0055574183,623114.5024440358,650532.3775515767,1273646.8799956124,2690528.010553031,0.4733817581530465,2897054.1485311305,486003.5,169774.890625,2.8626347406733155,10.53744566497645,1.5,1.5,1261493.614944758,-12153.265050854534,-0.9542099338316127,-11949.983847806761,1228984.155226542,54794.069063198796,497313.125,11309.625,2.3270665746234336,11226.717271849571,508186.2291666667,23825.65833201662,2.867509049680377,0.004874309007061317,0.17027352242343147,0.004866393944829843,2.8671220563423048,0.003516551766256634,9.957146906012492,-0.5802987589639592,-5.507015432522812,-0.5808182466928578,10.269815241017104,0.23903691833029878,3
123_S_0390,1343636.3288765838,703995.5413272269,208616.32474657497,912611.866073802,2256248.132450382,0.4044820482943364,2306605.6893260004,500747.375,168095.203125,2.9789510092364275,9.78711792232568,1.5,1.5,1032712.5460308616,120100.67995705956,13.16010501526255,120296.48346655132,993424.4707118534,57150.43442770479,465649.9375,-35097.4375,-7.009010781134899,-35168.19480122649,474662.4166666667,18736.055942821444,2.929393503504863,-0.0495575057315647,-1.6635891485931957,-0.049667098382062166,2.940353072025701,0.028129417122319172,9.643317793284655,-0.1438001290410238,-1.4692796202342382,-0.14430533439128487,9.64097785398358,0.1202895223487672,3
123_S_1300,1267478.7722279397,586382.7602834705,516831.4465637401,1103214.2068472106,2370693.041575151,0.4653551461534665,2466747.323963056,527038.0,182760.4375,2.8837641625645385,11.954359244710687,1.5,1.5,1097591.9419111446,-5622.264936066,-0.5096258642402213,-8547.07181983602,1098939.9807915133,26045.837800026107,515051.53125,-11986.46875,-2.2743082567101425,-6905.319868847478,525561.18125,14239.776842972513,2.861088934666669,-0.022675227897869465,-0.7863065985848277,-0.008516608161770493,2.877563444209835,0.018643132332828532,11.791643615789468,-0.1627156289212195,-1.3611405311682805,-0.022505224923014225,11.827144344410947,0.10613772222156208,5
123_S_2055,2435995.25,674674.0,485478.65625,1160152.65625,3596148.0,0.3226098192427008,3308144.1089057364,368.2669067382813,157.57843017578125,2.337038793890984,15.217790790906088,3.0,3.0,1048220.7058724592,-111931.95037754078,-9.648036383362008,-113559.57639673799,1233195.8113647068,217906.72724321263,371.3651428222656,3.098236083984318,0.8413017915253956,6.953897471033385,335.3490804036458,32.802781041821206,2.1256614134028293,-0.21137738048815446,-9.044667167729292,-0.07469010110296953,2.3271573665808734,0.11966958371336585,12.132879939853316,-3.084910851052772,-20.271739133753016,-0.5455352667399521,14.263436744479272,1.2296742886072014,6
123_S_2363,2103525.5,1183369.75,696128.625,1879498.375,3983024.0,0.4718772407597845,3681129.887679464,353.4757995605469,135.71047973632812,2.604631548298137,16.626207843225238,3.0,3.0,1789782.9780513262,-89715.39694867376,-4.773369221384603,-54900.73652191869,1830980.8768863038,45431.27320850395,347.8414306640625,-5.634368896484375,-1.5939899997366762,-5.81595411381593,351.94944763183594,6.848428155955148,2.638685053131769,0.0340535048336319,1.3074211919103267,0.07233377975844511,2.5179986861661874,0.10904025998823545,18.260271860481343,1.6340640172561045,9.828242451100746,1.2963966382018235,17.321487744331726,1.2845334957182346,4
123_S_4096,2352951.4098226605,672650.7242205247,540819.7292729743,1213470.453493499,3566421.863316159,0.3402487142575949,3337798.3491704413,363.392822265625,155.80491638183594,2.3323578509081773,13.898474814281863,3.0,3.0,1232460.0,18989.546506501036,1.564895663658841,-15101.764432726879,1268747.3370938683,65208.15696745273,414.9469299316406,51.554107666015625,14.186881112454039,79.66824100856705,373.5985616048177,30.461494923982002,2.46823119847542,0.13587334756724267,5.8255789313949435,0.12980355539183464,2.452174565049784,0.09197828514535633,14.37013416309636,0.4716593488144962,3.3936050906091233,0.5055752120142281,14.250663137098309,0.2532898741361693,3
123_S_4127,2167846.235610793,511230.0591066804,373316.6850220885,884546.7441287689,3052392.9797395617,0.2897879630833906,2766190.311997463,365.5824279785156,159.39898681640625,2.293505328902018,16.382109775938762,3.0,3.0,1696382.7455314212,811836.0014026522,91.77988690719417,41109.66459185218,1337329.8157096384,240793.8267039121,908.1463012695312,542.5638732910156,148.41081840041304,4365.420974096947,31138.710876464844,34814.57716554189,2.6501142232551973,0.3566088943531791,15.548640321838727,0.031592069603030994,2.604712610937806,0.19368008361777048,23.08149913379076,6.699389357851999,40.89454563228317,0.9491079884472742,22.084997186255404,5.277684598644818,11
123_S_4170,1715231.4523528833,885925.7878900213,737994.6669993743,1623920.4548893955,3339151.907242279,0.4863272172096389,3103555.464219867,343.8501281738281,141.8794403076172,2.423537370916949,16.043128235021314,3.0,3.0,1828308.875,204388.4201106045,12.58611032918637,29327.838888987273,1462182.8057469043,315695.87784111773,880.7532348632812,536.9031066894531,156.14451259358844,3346.722777193105,24168.669512939454,29987.427652452578,2.7161502053778226,0.2926128344608734,12.073790896410351,0.0335064036465654,2.62055643105532,0.1882722940826002,19.81894855755388,3.7758203225325673,23.53543689995663,0.8250653883218159,21.03030724437719,5.09187575639771,10
123_S_4780,2192319.7585469563,538037.1884523669,493367.3394343153,1031404.5278866822,3223724.380183649,0.3199419076353931,2835192.382228312,306.1703491210937,124.97184753417967,2.4499145424527864,13.640920905903798,3.0,3.0,873651.6904772468,-157752.83740943542,-15.29495296405828,-93073.31798013266,969391.0703364819,62784.168196070634,352.6261291503906,46.45578002929693,15.17318060441025,22.94237102127609,337.20117950439453,20.324962349881783,2.317290066553907,-0.13262447589887927,-5.4134327381925464,-0.09096056729366096,2.414747243355943,0.0657244369522031,15.367079049305683,1.7261581434018858,12.654263999542756,0.8689686033421081,14.692479319706525,0.6941613994177729,4
123_S_4806,2039875.625,1001975.875,637066.4375,1639042.3125,3678918.0,0.4455229261701402,3519020.0820184546,286.5065612792969,107.56942749023438,2.663457129971712,13.022966209582606,3.0,3.0,1976219.1195553644,337176.80705536436,20.57157429578953,229444.05802363783,1761069.2327858077,172864.4346223282,371.2713317871094,84.7647705078125,29.585629777316253,33.79442693775791,350.04601287841797,36.845479110388744,2.7236427306529274,0.06018560068121559,2.259679722416062,0.029012880321218616,2.6747710067749466,0.03508074044933364,11.78493325385825,-1.2380329557243552,-9.50653588284197,-0.9408945236382311,13.089645837285197,0.824016832903952,4
123_S_4904,1570104.1158236642,748551.3110310753,486728.33340567286,1235279.6444367482,2805383.7602604125,0.4403246578721487,2653403.596843355,356.6456298828125,138.03257751464844,2.583778653710828,18.65113499969814,3.0,3.0,1282651.9759972843,47372.331560536055,3.8349479629073353,68790.34703815123,1249775.667829946,23301.08152932266,321.38702392578125,-35.25860595703125,-9.886173557942266,-46.100283472352274,339.9457194010417,14.454148994834584,2.4707459444217816,-0.11303270928904618,-4.374705593558039,-0.15427178317339932,2.5377556556297396,0.04847287859004354,18.5714182085939,-0.07971679110423935,-0.42740986597078157,-0.8216680602759726,19.44494939976167,1.1794404555112334,3
123_S_6888,1490137.25,909671.0,218239.78125,1127910.78125,2618048.0,0.4308212764815618,2512408.0,51223.25,17990.89453125,2.847176381817956,40.644780889130885,3.0,3.0,1251117.9375,123207.15625,10.923484223943355,33170.18882021548,1168982.9427083333,58078.21191476089,249.4417266845703,-50973.80827331543,-99.51303026128843,-13544.385781046762,33455.77484639486,23499.66005348952,2.834281230725688,-0.012895151092267909,-0.4529101595045616,-0.01332979283469426,2.885571482236563,0.06363525225040671,23.33893730766201,-17.305843581468874,-42.57826762229331,-4.897179538861401,35.90668269051477,8.975915432934423,3
126_S_0708,1668451.75,789705.8125,370099.5,1159805.3125,2828257.0,0.4100777660940996,2801760.3847123506,3727.88232421875,1503.6490478515625,2.4792236772709586,9.810762629219695,1.5,1.5,819909.3125,-339896.0,-29.306297905063268,-339928.67061882623,953512.8125,147975.4275654126,1022.0460815429688,-2705.8362426757812,-72.58373541184248,-2705.246666364086,1930.6765747070312,1270.8427473372212,2.4800585727145945,0.000834895443635908,0.033675680467642646,0.0008728700631646998,2.472819392707794,0.009653405502873146,8.294271370018793,-1.5164912592009028,-15.457424835499436,-1.5159282619619847,8.761100401212316,0.7437326295066801,3
126_S_0709,1563901.25,703922.125,366476.5,1070398.625,2634300.0,0.4063313309038454,2564363.0994446576,1024.488037109375,416.8283386230469,2.45781761872491,8.182501290306107,1.5,1.5,588252.53125,-482146.09375,-45.043601746966,-286025.89540309925,685165.6328125,223334.73344306336,1039.6260986328125,15.1380615234375,1.477622087823496,-1.7521646513381481,1003.7232360839844,34.57669014412475,2.2298604577213657,-0.22795716100354424,-9.274779351683794,-0.134475023664936,2.363717240915145,0.08311921988172592,8.3002107253932,0.11770943508709308,1.4385507671907691,0.08622942059629146,8.316036168247132,0.08976184552550795,4
126_S_0865,2050817.5,507052.96875,377357.46875,884410.4375,2935228.0,0.3013089400550826,2772237.9888787866,1164.8018798828125,495.6893005371094,2.3498628602046003,6.970753395287529,1.5,1.5,788923.625,-95486.8125,-10.796662776834314,-35132.07447145612,912476.828125,83175.95555192222,869.8209838867188,-294.98089599609375,-25.32455528194812,-180.1310438072752,1083.6884155273438,165.14526862646701,2.248725996195284,-0.10113686400931643,-4.303947507835012,-0.0466089214554492,2.2979270896223776,0.03738506978878463,7.4188117092224815,0.4480583139349523,6.4276884940135055,0.15403603364608845,7.298208064553823,0.1943517527701898,4
126_S_1077,1930925.375,489977.0625,314719.5625,804696.625,2735622.0,0.2941549033455645,2619639.86133188,1035.6502685546875,426.15960693359375,2.4301934047115687,7.381032781673999,1.5,1.5,804696.625,0.0,0.0,,804696.625,,1035.6502685546875,0.0,0.0,,1035.6502685546875,,2.4301934047115687,0.0,0.0,,2.4301934047115687,,7.381032781673999,0.0,0.0,,7.381032781673999,,1
126_S_1187,1584132.5,876702.25,288526.1875,1165228.4375,2749361.0,0.423817911689298,2644616.907186806,856.06103515625,281.1216125488281,3.045162640999001,8.748627801626935,1.5,1.5,1062675.125,-102553.3125,-8.801133683282597,-39570.99949748467,1121161.0390625,37060.964302365086,622.5654296875,-233.49560546875,-27.27557917948361,-128.0970927298909,731.6067962646484,103.05242997531502,3.2305929829503257,0.1854303419513248,6.089341155534872,0.06609479133881044,3.2062089973793353,0.09575798686728243,8.437902361927781,-0.3107254396991532,-3.55170487012111,-0.12957776956759903,8.586909587992606,0.11042587388545781,4
126_S_2360,1650910.625,736049.3125,386850.0625,1122899.375,2773810.0,0.4048220227773351,2577781.9883801886,1772.787353515625,763.7964477539062,2.321020680847409,22.82721890349228,3.0,3.0,646698.5625,-476200.8125,-42.408146544742706,-109223.1117344603,816045.371875,238075.95723687336,1928.4530029296875,155.6656494140625,8.780841599832097,31.52068754735485,1865.3476806640624,56.41187500892735,2.2448359354807974,-0.07618474536661157,-3.2823811521919044,-0.019849013941102757,2.3016158621428557,0.032958064623567214,24.11284842403468,1.2856295205424004,5.632002417717715,0.27054499222827166,22.793472000695587,0.8764936216353728,5
126_S_2405,1843052.25,365129.15625,230554.5625,595683.71875,2438736.0,0.2442592058960051,2241713.756623172,2217.97314453125,1089.0347900390625,2.0366412191616505,20.863372333000225,3.0,3.0,569488.21875,-26195.5,-4.3975517838509,19623.199816773056,528120.0375,70651.42171414418,2246.200439453125,28.227294921875,1.272661708798129,29.00401106603626,2201.83408203125,71.36477681375169,2.071922702828424,0.03528148366677364,1.7323367186536998,0.014649159983579216,2.03626712478943,0.026419785294518047,22.05487606176925,1.1915037287690247,5.710983391138485,0.13218944743195138,21.330638469396646,0.6631737243864538,5
126_S_2407,1804540.75,299147.875,171068.375,470216.25,2274757.0,0.2067105409500882,2102109.087369595,1998.2838134765625,970.9109497070312,2.058153543351616,25.45658914327304,3.0,3.0,482154.03125,11937.78125,2.5387853461040533,8567.65140674362,457907.396875,19064.15893028333,1934.545654296875,-63.7381591796875,-3.189644971841988,-28.046699562445102,1982.4946533203124,60.05036148624341,1.962071659109067,-0.09608188424254904,-4.66835356151727,-0.03009013376654163,2.0122313081088197,0.050080671681422155,26.00345809873896,0.5468689554659214,2.148241276111544,0.2371081958353011,24.79145433470297,0.8494074310331484,5
126_S_4458,1822438.875,305247.4375,163792.65625,469040.09375,2291479.0,0.2046888030612543,2098580.322556428,2081.7412109375,990.2061157226562,2.102331197294117,23.036261990628656,3.0,3.0,494217.046875,25176.953125,5.367761404725329,44376.81751464669,467683.921875,22238.546150037557,2231.46142578125,149.72021484375,7.192066624665819,243.77935728541902,2096.9937337239585,104.12565524858174,2.024559006322472,-0.07777219097164512,-3.6993310602889156,-0.08196585994219714,2.0426374015987125,0.043289795457805647,23.626494449270137,0.5902324586414807,2.5621885134037465,0.9104270060886763,23.15505085547588,0.3467637112838431,3
126_S_4507,2055468.25,377535.8125,214410.8125,591946.625,2647415.0,0.2235941947144667,2395626.570822456,1953.88330078125,925.5966796875,2.110944584773117,20.71222979494978,3.0,3.0,524219.796875,-67726.828125,-11.441374148387112,-22842.837712942237,553585.3671875,32120.300418028426,1857.643798828125,-96.239501953125,-4.925550155152262,-40.76529838014303,1920.9063110351562,48.767065506491,2.071525660283569,-0.03941892448954798,-1.8673595116559965,-0.020825264582538406,2.1048342532422515,0.02200961307892672,21.42531182045189,0.7130820255021071,3.4428066536610964,0.2993245954004144,21.27220557160353,0.33731483775510684,4
126_S_4514,1538823.75,556043.875,447819.25,1003863.125,2542687.0,0.3948040498102991,2399035.275941875,2367.98291015625,1139.24951171875,2.078546344518684,15.032604165398348,3.0,3.0,1134545.8125,130682.6875,13.01797867114603,33550.4127073686,941330.7586805555,196719.49396355922,1511.431640625,-856.55126953125,-36.17218966646727,-94.34119219436518,2123.874945746528,386.0181214363443,2.216834885300275,0.1382885407815908,6.653137234407608,0.017453412751712288,2.1210631819664623,0.0848101609449667,15.938110781593188,0.90550661619484,6.023617772621933,-0.08451649617809631,16.921917792936117,1.8542128892109633,9
126_S_4675,1952186.75,510418.53125,294158.59375,804577.125,2756764.0,0.2918556412518445,2570055.777279998,1832.4029541015625,823.9793090820312,2.2238458316618868,20.508012503413248,3.0,3.0,688866.96875,-115710.15625,-14.381487200496782,-47209.01534978893,725310.7265625,46176.63056216209,2000.544921875,168.1419677734375,9.176036711634666,53.731161432837595,1958.7908020019531,77.64700506716656,2.193746884949389,-0.03009894671249791,-1.3534637286436746,-0.021370347654430473,2.191532876982653,0.040713869402113766,18.82262446413094,-1.6853880392823086,-8.218192957517465,-0.7768572318921424,20.028047487197817,0.8553634164783837,4
126_S_4712,2041289.0,400288.9375,247708.125,647997.0625,2689286.0,0.2409550574018531,2465523.3220531656,2128.833740234375,999.9736328125,2.12888987094388,22.102724223708968,3.0,3.0,632996.8125,-15000.25,-2.3148638887541253,-27558.94024078702,650102.7083333334,14901.104543470978,2235.898193359375,107.064453125,5.029253863348327,120.56115726208269,2202.0585123697915,51.82720221507254,2.1201394077552544,-0.008750463188625712,-0.41103409378081374,-0.02127565856150095,2.1361443128404543,0.016830341014920827,22.674717179090084,0.5719929553811163,2.587884414571646,1.1606110862593706,21.895248218710492,0.7359072671495339,3
126_S_4743,1762146.75,672567.8125,341178.5625,1013746.375,2775893.0,0.3651964881211199,2661954.706649836,1752.753173828125,776.817626953125,2.256325179497459,22.71599359926748,3.0,3.0,723386.59375,-290359.78125,-28.642251001883977,-278072.23998902674,758491.7083333334,195663.94592728998,1828.62109375,75.867919921875,4.328499931121198,91.38456457296176,1797.7420654296875,32.54024687142249,2.1522840776368493,-0.10404110186060977,-4.61108632771551,-0.13413360790703496,2.2048458444374623,0.042481497642677835,18.09035292936054,-4.6256406699069395,-20.362924693094218,-6.256680577802138,20.767003171553903,1.957252241618479,3
126_S_4891,2060320.375,423699.125,112058.5,535757.625,2596078.0,0.2063719291176921,2421642.3925018534,1792.8648681640625,836.0382690429688,2.1444770322199687,21.02090899130925,3.0,3.0,1562718.8125,1026961.1875,191.68391443798862,149645.72908745657,724450.375,375760.3856769377,1680.693359375,-112.1715087890625,-6.256551220390016,-28.06733529674482,1808.8306477864583,69.79628711906697,2.11300755902544,-0.03146947319452886,-1.4674660871490695,-0.0025314915327173445,2.150667280649726,0.033739239387226984,21.01150012084499,-0.009408870464259422,-0.044759579465138095,0.12002347069583491,21.81223664430421,0.9621725014463851,6
126_S_4896,1989234.75,530949.375,132779.796875,663729.171875,2652964.0,0.2501840099884506,2461524.489944812,2128.162353515625,1004.4580078125,2.118717094039204,16.807351942467406,3.0,3.0,1263795.8125,600066.640625,90.40835721139743,65854.73282503258,918091.619140625,237448.54545946536,1824.18798828125,-303.974365234375,-14.283419906015324,-66.9869577617352,2069.769760131836,233.4688693490554,2.2925157672516807,0.17379867321247655,8.203014630950092,0.023759538001393656,2.1856406998671387,0.07149221241567967,14.011120422376122,-2.7962315200912844,-16.63695464736477,-0.18416260951151783,15.926128045080608,2.1575606116378117,8
126_S_6724,2136305.5,557892.125,407508.25,965400.375,3101706.0,0.311248188899915,2911455.0,1941.611572265625,857.820556640625,2.263423923536981,19.94517267146849,3.0,3.0,965400.375,0.0,0.0,,965400.375,,1941.611572265625,0.0,0.0,,1941.611572265625,,2.263423923536981,0.0,0.0,,2.263423923536981,,19.94517267146849,0.0,0.0,,19.94517267146849,,1
126_S_7015,2365153.75,821987.875,535245.5,1357233.375,3722387.0,0.3646137209806503,3463430.899620056,1588.8699951171875,701.2323608398438,2.2658252550530085,17.236626255215185,3.0,3.0,1357233.375,0.0,0.0,,1357233.375,,1588.8699951171875,0.0,0.0,,1588.8699951171875,,2.2658252550530085,0.0,0.0,,2.2658252550530085,,17.236626255215185,0.0,0.0,,17.236626255215185,,1
126_S_7060,1638664.625,531764.625,439602.6875,971367.3125,2610032.0,0.37216682113476,2414101.0,1648.0125732421875,774.8815307617188,2.126792942781042,16.802797947089996,3.0,3.0,971367.3125,0.0,0.0,,971367.3125,,1648.0125732421875,0.0,0.0,,1648.0125732421875,,2.126792942781042,0.0,0.0,,2.126792942781042,,16.802797947089996,0.0,0.0,,16.802797947089996,,1
126_S_7083,2102538.25,725452.875,552478.875,1277931.75,3380470.0,0.378033749744858,2997950.0,1781.2314453125,772.9786987304688,2.3043732588408976,16.002790942273403,3.0,3.0,1277931.75,0.0,0.0,,1277931.75,,1781.2314453125,0.0,0.0,,1781.2314453125,,2.3043732588408976,0.0,0.0,,2.3043732588408976,,16.002790942273403,0.0,0.0,,16.002790942273403,,1
127_S_0112,1755053.5,937615.625,359950.8125,1297566.4375,3052620.0,0.4250664797780267,2855600.276876986,767.4775390625,273.1475524902344,2.809754395585092,9.023422083827429,1.5,1.5,1270187.78125,-27378.65625,-2.1100003405413297,-1850.7462505621104,1257897.4635416667,23026.435889867425,910.211669921875,142.734130859375,18.597825160294544,41.07635840697571,832.4963785807291,63.55811156903254,2.722466770455933,-0.087287625129159,-3.106592706690386,-0.01969025161091869,2.8089768581855505,0.04703014953377765,8.702411337900251,-0.32101074592717715,-3.557527764355841,-0.029808822613708864,8.815103238176016,0.16254780495057103,6
127_S_0393,1481121.25,607659.25,371948.34375,979607.59375,2460729.0,0.3980964965057103,2318297.4245622754,850.0333862304688,332.1286315917969,2.5593499108979363,9.012910023499847,1.5,1.5,979607.59375,0.0,0.0,,979607.59375,,850.0333862304688,0.0,0.0,,850.0333862304688,,2.5593499108979363,0.0,0.0,,2.5593499108979363,,9.012910023499847,0.0,0.0,,9.012910023499847,,1
127_S_0394,1811201.0,529632.375,284980.59375,814612.96875,2625814.0,0.3102325483640502,2440977.006865293,898.3189697265625,351.6883239746094,2.554304211808617,9.002983918038248,1.5,1.5,814612.96875,0.0,0.0,,814612.96875,,898.3189697265625,0.0,0.0,,898.3189697265625,,2.554304211808617,0.0,0.0,,2.554304211808617,,9.002983918038248,0.0,0.0,,9.002983918038248,,1
127_S_0925,1600604.5,718596.25,419914.0625,1138510.3125,2739115.0,0.4156489641727346,2521758.9947104454,768.90869140625,304.8105773925781,2.522578761738186,7.85684196852224,1.5,1.5,1029124.21875,-109386.09375,-9.607826345446476,-27186.654039690493,1102246.8875,48885.30217138218,928.4632568359376,159.5545654296876,20.750781882550935,76.54367850534658,880.8156372070313,63.924709956392185,2.480410270320577,-0.04216849141760903,-1.6716422122159142,-0.016872971422496802,2.469134813559627,0.033860720328667264,8.213025413227676,0.3561834447054357,4.5334174485429894,0.13854450461161133,7.9731700620384585,0.1341913001363221,5
127_S_1032,1597736.375,550987.375,362139.1875,913126.5625,2510863.0,0.3636704043589793,2439496.2199665606,922.0706176757812,372.706787109375,2.473983965661472,8.915150381481132,1.5,1.5,825003.96875,-88122.59375,-9.650643992737864,-29549.922528220366,813443.7109375,70589.47345165441,890.2500610351562,-31.820556640625,-3.450989114134613,3.376539646431843,974.4641571044922,80.75796990055859,2.374788853800071,-0.09919511186140095,-4.009529295185995,-0.03101005508429469,2.4268103649156774,0.035305493311402286,8.470156891931168,-0.44499348954996343,-4.991429987253157,-0.11364369028529607,8.753865066361204,0.22418213035781306,4
127_S_1140,1460470.125,755068.875,425363.0,1180431.875,2640902.0,0.4469805676242435,2530826.962195337,826.2872314453125,295.04522705078125,2.8005442992729823,8.685694836903998,1.5,1.5,1020106.96875,-160324.90625,-13.581885549303724,-89547.42947472574,1057466.1171875,84034.26343574199,949.3099365234376,123.02270507812511,14.888612627226266,85.68524319995637,911.2135314941406,81.18143470874679,2.725968181398585,-0.07457611787439733,-2.6629151302394036,-0.046435198976101,2.73570138160749,0.04812407924904942,8.961208041254684,0.2755132043506858,3.1720341265050944,0.1779243309301365,8.866993275475785,0.16026197490689087,4
127_S_1419,2090663.125,466435.28125,235442.8125,701878.09375,2792541.0,0.251340300375178,2726762.088905275,951.6768188476562,429.5821533203125,2.215354640030159,7.697822256647,1.5,1.5,763905.703125,62027.609375,8.837376451457315,31647.639225441344,746786.30078125,25962.623753869375,1147.3453369140625,195.66851806640625,20.560395524116338,91.95820412709124,1066.8375091552734,71.47705816954797,2.120276449336517,-0.0950781906936422,-4.291781955612662,-0.05115786927527228,2.183312747555766,0.05069678689948701,7.617637854718882,-0.08018440192811838,-1.0416504727538995,-0.0021891200371243025,7.652057695542658,0.1146427621026037,4
127_S_1427,1753505.25,357313.0,227229.796875,584542.796875,2338048.0,0.2500131720456551,2200676.864312589,1001.548828125,438.5346374511719,2.2838534070245773,8.64287863490788,1.5,1.5,699140.65625,114597.859375,19.604699602432337,229982.79195999313,641841.7265625,57298.9296875,979.6979370117188,-21.85089111328125,-2.1817100174924384,-43.85185702816471,990.6233825683594,10.925445556640625,2.324000379615636,0.040146972591058816,1.7578611861679256,0.0805696798839793,2.3039268933201065,0.020073486295529408,8.791722495565924,0.14884386065804378,1.7221560887928657,0.29871000057884883,8.717300565236902,0.07442193032902189,2
127_S_2213,1332421.0,385528.5625,225704.453125,611233.015625,1943654.0,0.3144762471226874,1955942.1328589064,2045.4317626953125,1018.473388671875,2.008331080063168,18.47967699353793,3.0,3.0,777125.59375,165892.578125,27.140644219843225,25445.605668832293,632464.2879464285,73868.93675666982,2132.582763671875,87.1510009765625,4.260763060690992,38.72803562544994,2105.7855922154017,141.10603457506204,1.9950408647908868,-0.013290215272281358,-0.661754200002887,-0.019062052188281036,2.0188613658978736,0.06256279649350194,18.85845999018249,0.37878299664455994,2.049727366863689,0.7436953716989302,16.433425352946962,3.5804536304951142,7
127_S_2234,1746825.0,344240.21875,287641.875,631882.09375,2378707.0,0.2656409947715292,2153091.332895076,2027.5501708984373,917.8367919921876,2.209053054289245,22.22388802075104,3.0,3.0,1475488.25,843606.15625,133.50689386424793,56296.339789714264,740079.2355769231,262476.9476852518,779.808349609375,-1247.7418212890623,-61.53938083495953,-112.4708790758905,1521.8753802959736,530.5685779962313,3.094575564685048,0.8855225103958029,40.08606804062099,0.0350293003156349,2.268620084876708,0.2412906683281925,24.438835547505704,2.2149475267546634,9.966516770992131,0.22260986373946376,23.719660564772443,3.202122991645793,13
127_S_4197,2036331.625,397724.8125,185365.5625,583090.375,2619422.0,0.2226026867759375,2374471.0415509166,1816.7437744140625,969.283935546875,1.8743153640679404,18.723223251507548,3.0,3.0,531148.65625,-51941.71875,-8.908004826867533,-25604.54347644837,498841.1171875,89428.0359287302,217.02716064453125,-1599.7166137695312,-88.05405783132369,-210.76130460654167,1466.1502075195312,549.2079392935677,2.042077591436568,0.16776222736862767,8.950587002846902,0.006559965332865746,1.8778682098854966,0.11644559804140692,26.25688478702597,7.533661535518423,40.236990363888495,1.0480866551544088,22.019589386343167,2.679926153293623,7
127_S_4210,2284040.5,506590.53125,328312.0625,834902.59375,3118943.0,0.2676876729552287,2942521.0901452326,1745.9866943359375,764.2685546875,2.2845198606467987,16.964116257732396,3.0,3.0,1098218.25,263315.65625,31.53848822858565,28710.139707505714,863502.8265625,127091.05380498174,780.9114379882812,-965.0752563476562,-55.2739181506025,-132.3125034413256,1363.3030517578125,477.2989253092829,2.185026076135153,-0.0994937845116457,-4.355128892750216,0.006634912625985312,2.2372748249364798,0.07693588359416477,15.740267395598885,-1.2238488621335115,-7.214339040948686,0.6190414596047444,21.07056913724,5.691933990558055,10
127_S_4240,1901337.5,366660.5625,177458.0625,544118.625,2445456.0,0.2225019076196832,2337581.9876888283,1542.1346435546875,724.21533203125,2.129386900854451,22.4262060173609,3.0,3.0,544118.625,0.0,0.0,,544118.625,,1542.1346435546875,0.0,0.0,,1542.1346435546875,,2.129386900854451,0.0,0.0,,2.129386900854451,,22.4262060173609,0.0,0.0,,22.4262060173609,,1
127_S_4301,1651905.0,734918.5625,324166.4375,1059085.0,2710990.0,0.3906635583310894,2705765.046716915,1815.703125,770.0762329101562,2.3578225700857502,20.648317179703835,3.0,3.0,1103862.40625,44777.40625,4.227933192331116,-18927.135611180845,844120.7589285715,250331.05309809078,301.3960876464844,-1514.3070373535156,-83.40058550890667,-163.00592732701816,1479.8958871023995,491.0950745550239,2.397748519818508,0.03992594973275754,1.6933398738016785,-0.01670066493388015,2.2406854089078654,0.15410964552367543,26.681019503834808,6.032702324130973,29.216435759039918,0.7322854140375399,20.858632584499826,2.4661704783439773,7
127_S_4624,1978224.0,345461.625,178880.3125,524341.9375,2502566.0,0.209521721904637,2313260.7318233587,1623.0128173828125,786.43212890625,2.063767177946164,22.783947764019253,3.0,3.0,583247.78125,58905.84375,11.234242302047411,-8404.232693483682,625839.33125,70151.73319368224,1861.794677734375,238.7818603515625,14.712259681141024,12.7111892663886,1900.72314453125,158.14033852865887,1.975847659980509,-0.08791951796565489,-4.2601471185888,-0.03312330025299836,2.081074753342281,0.062293197018099176,22.46334852579644,-0.3205992382228118,-1.4071276915807664,-0.6668007847480439,24.255164956488834,1.7047223433441454,5
127_S_4765,2207692.25,526535.125,265969.65625,792504.78125,3000197.0,0.264150914506614,2699815.3554268978,1874.81884765625,888.4014282226562,2.110328491137954,17.92881811070495,3.0,3.0,636878.625,-155626.15625,-19.637251399863402,-16460.94698181364,675127.09375,71384.37824738151,1805.6363525390625,-69.1824951171875,-3.6900895893848076,-16.02024499052785,1819.8078125,58.83534330786011,2.004064550184141,-0.10626394095381286,-5.035421802816683,-0.0322218388733786,2.091395166829617,0.0648532480015749,19.908906922252,1.980088811547052,11.044168105898624,0.21741109357858068,18.719132489968693,1.0817645617657226,5
127_S_4844,2119202.25,492840.5,268337.40625,761177.90625,2880380.0,0.2642630160777397,2643773.815982145,1806.578857421875,901.2369384765624,2.0045548271369507,16.224556491816763,3.0,3.0,778623.0625,17445.15625,2.2918631908202474,18617.424344110426,716020.96875,76529.25358362682,1838.22265625,31.643798828125,1.7515869123633552,24.14214880169643,1784.2078857421875,55.53628668549434,2.2149161664389774,0.21036133930202672,10.494167405861376,0.12505101017857925,2.0750023424253956,0.09893482468830203,16.84942752403005,0.6248710322132887,3.851390529710055,0.2665357146770427,17.082663140525202,0.8127676611798371,3
127_S_4928,1900924.0,473298.5,133447.375,606745.875,2507670.0,0.2419560289033246,2806337.9428678583,1944.99267578125,1018.0195922851562,1.910565070270156,18.508046989353325,3.0,3.0,606745.875,0.0,0.0,,606745.875,,1944.99267578125,0.0,0.0,,1944.99267578125,,1.910565070270156,0.0,0.0,,1.910565070270156,,18.508046989353325,0.0,0.0,,18.508046989353325,,1
127_S_6241,1779259.625,364235.4375,272009.0,636244.4375,2415504.0,0.2634002831293179,2445823.6956522446,963.6732788085938,476.3201293945313,2.023163031153844,33.38342090995325,3.0,3.0,1017819.1875,381574.75,59.97298011740967,381836.10256849317,827031.8125,190787.375,398.8531494140625,-564.8201293945312,-58.61116436608352,-565.2069924968563,681.2632141113281,282.4100646972656,2.3040160810723456,0.28085304991850135,13.881879294637272,0.28104541502118524,2.163589556113095,0.14042652495925068,22.47511250690338,-10.908308403049872,-32.67582562156644,-10.91577984716155,27.929266708428315,5.454154201524936,2
127_S_6512,2347574.5,673157.25,383719.125,1056876.375,3404451.0,0.310439590700527,3314340.0413584635,889.5104370117188,414.4405822753906,2.146291827846044,22.9527394460506,3.0,3.0,2022288.375,965412.0,91.34578299188493,151979.55470823028,1383120.4598214286,448000.9666310144,1165.9803466796875,276.46990966796875,31.081131616258535,37.707010646979185,947.8267211914062,142.35629577888758,2.757972100791654,0.6116802729456099,28.499399056999366,0.09427503640790305,2.325834598569474,0.2725034092215121,16.55605890669247,-6.39668053935813,-27.868919761814247,-0.6245985270372331,18.449909350080734,2.5645518249277193,7
128_S_0135,1624851.75,798339.6875,249765.6875,1048105.375,2672957.0,0.3921145663772369,2645837.1775209904,50.11946868896485,17.310466766357422,2.89532723005736,9.965476521158976,15000.0,1.494,924607.34375,-123498.03125,-11.782978524463726,-123243.52276257348,924569.9015862155,100881.58083916096,285.3993835449219,235.27991485595703,469.43816646595906,235.10501155188595,228.94001007080078,129.27580630177633,2.674049755708803,-0.2212774743485566,-7.6425722126121425,-0.22067878855422476,2.647963065247241,0.2134204892540068,6.606772059732647,-3.3587044614263295,-33.703400477589156,-3.3592377275433822,7.965360898588647,1.4442740680513566,3
128_S_0138,1977810.25,863367.75,403261.9375,1266629.6875,3244440.0,0.3904000960104055,3203778.102350235,47.029598236083984,17.30967903137207,2.716953643906041,10.414720447729056,15000.0,1.494,844138.6875,-422491.0,-33.355526415450456,-847883.723901099,1055384.1875,211245.5,346.518798828125,299.489200592041,636.8100341589876,601.0353325068295,196.7741985321045,149.7446002960205,2.5605502137723675,-0.15640343013367364,-5.756573377115832,-0.3138810596501335,2.6387519288392043,0.07820171506683682,6.918845660438931,-3.4958747872901252,-33.566669454410615,-7.015759703613836,8.666783054083993,1.7479373936450626,2
128_S_0188,1527681.25,745754.5,462342.125,1208096.625,2735778.0,0.4415916148898046,2892251.628980041,42.8764762878418,15.131244659423828,2.833638237915864,10.6753947437119,15000.0,1.5,1086476.5625,-121620.0625,-10.06708072709002,-151.15105664051796,1119638.1328125,138073.9349817514,325.8226318359375,282.9461555480957,659.910002045408,170.5306409780372,246.04306316375732,117.53543950710888,2.643543201736184,-0.19009503617968004,-6.7085146450979085,-0.15620655581220824,2.821542542598699,0.12990057784763862,6.701742343722172,-3.973652399989728,-37.222533642892394,-2.426610220037853,7.71928337663204,1.7083020304012058,4
128_S_0200,1371893.875,622842.75,743817.375,1366660.125,2738554.0,0.4990444318424979,2858089.3330469728,50.57377624511719,16.202980041503906,3.121263680774084,11.542340681035723,15000.0,3.0,2319611.75,952951.625,69.72850144435142,59260.46915587604,1550923.4642857143,521379.8240257011,1466.056884765625,1415.4831085205078,2798.8479674921846,78.25287569715353,879.265117100307,779.9009959201971,3.273963155097157,0.15269947432307296,4.892232439817548,8.779855311825897e-05,3.0373055274586678,0.3382330371129247,19.396131337774765,7.853790656739042,68.04331005099307,0.6001744225719553,12.73301325467755,5.1840655786638985,7
128_S_0205,1495720.125,714435.625,199337.28125,913772.90625,2409493.0,0.3792386640052492,2580217.8522124887,48.033836364746094,17.017732620239258,2.8225754049657503,12.36536809582292,15000.0,1.5,1500688.15625,586915.25,64.22988096775823,45529.04180857807,1075261.4114583333,199503.13715177256,179.4237823486328,131.38994598388672,273.53623180579206,-3.8787435266945205,245.62813440958658,101.10508721670097,2.4959673494443284,-0.3266080555214219,-11.571278306571408,-0.029424901683506,2.778484359837765,0.13142725371809066,11.13931995361286,-1.2260481422100593,-9.91517707122867,0.17079285237969738,8.94099668987114,2.0243373020012627,6
128_S_0225,1434962.5,643350.75,256718.8125,900069.5625,2335032.0,0.3854634808002631,2316217.586101592,55.92169952392578,21.83574104309082,2.561016676858037,11.4933002848134,15000.0,1.5,1025491.875,125422.3125,13.934735461071654,113034.27083648776,894748.6328125,104880.74746975556,308.3612365722656,252.43953704833984,451.4160678187812,138.07334194251914,262.7529010772705,122.59745994530157,2.603131656123552,0.04211497926551466,1.6444632963961439,0.022444790884076977,2.5298885373967432,0.0544989398536324,7.656466700370496,-3.8368335844429033,-33.383218826299,-2.4164157419333185,8.719360835645286,1.6159056622482513,4
128_S_0227,1499266.875,718714.75,327720.375,1046435.125,2545702.0,0.4110595525320717,2656243.752618134,51.73468399047852,18.891490936279297,2.73851764407908,11.59731910940192,15000.0,1.5,940078.4375,-106356.6875,-10.163715356936246,-93368.07749521673,949570.2751894915,77571.49098910081,309.35662841796875,257.62194442749023,497.9675617133451,141.41812034959776,257.23304080963135,121.34245448219869,2.70728419340106,-0.03123345067802008,-1.140523989157039,-0.014085026048474152,2.702839114914201,0.024330929959298767,7.980313913280155,-3.617005196121764,-31.188287241225144,-2.1547793203200643,8.554287849712813,1.7777314611531267,4
128_S_0258,1430482.0092219862,728936.8171992869,303191.2207046036,1032128.0379038904,2462610.0158758764,0.4191195647097998,2374608.85895667,369.14495849609375,140.86351013183594,2.620586094511064,8.134266774871017,1.494,1.5,992629.15625,-39498.88165389036,-3.8269362136607725,-39766.03521742493,968572.2782596302,64015.7330555011,325.2762451171875,-43.86871337890625,-11.883871733648629,-43.99173500957376,330.2342834472656,29.952208137817543,2.881970583164821,0.26138448865375663,9.974275953048757,0.26186744005082435,2.8068254359377,0.13250635888093887,7.77362453003562,-0.36064224483539764,-4.433617126371125,-0.3610634311720742,7.922016426800259,0.1540002890525221,3
128_S_0608,1441647.25,745978.375,376977.40625,1122955.78125,2564603.0,0.4378672961273148,2590758.372281492,57.37258529663086,20.87645530700684,2.7481955966528044,13.539662255692452,15000.0,1.494,869429.578125,-253526.203125,-22.576686220252718,-51376.30246543275,854341.1927083334,225734.97291048596,299.99005126953125,242.6174659729004,422.8804832804839,77.71187735112463,252.76431147257486,144.17738689665504,2.7866269583402565,0.03843136168745209,1.3984216310607585,0.07516199451294207,2.6433742558824362,0.1761150960460687,7.535979386269635,-6.003682869422817,-44.34145221679145,-2.3554990364641055,9.638841556185756,2.7611040249322816,3
128_S_0611,1300584.75,674737.0625,221003.28125,895740.34375,2196325.0,0.40783597315971,2318336.4479005337,56.36541366577149,20.09297561645508,2.805229645248838,13.486575323385512,15000.0,1.5,933659.859375,37919.515625,4.233315590793942,38116.41213822649,883510.3854166666,46746.60483986421,334.9574584960937,278.5920448303222,494.2606231585243,278.4945845978181,248.10884475708008,135.78309637362463,2.631059872884024,-0.1741697723648139,-6.2087527365113155,-0.17382836406984345,2.6342033914583385,0.138376869428272,8.389880270461342,-5.09669505292417,-37.7908767104617,-5.094454590331675,9.895297063269211,2.5504494585892097,3
128_S_0715,1454232.625,727246.8125,287949.5,1015196.3125,2469429.0,0.4111056898173626,2422525.596995652,48.154052734375,17.394439697265625,2.7683587861462384,9.699583241743085,15000.0,1.5,1078077.875,62881.5625,6.194029836963184,126195.00386332418,1046637.09375,31440.78125,353.0238952636719,304.8698425292969,633.1135703385233,611.8335713397016,200.58897399902344,152.43492126464844,2.634361771611317,-0.13399701453492163,-4.840305209190586,-0.26891433823560507,2.7013602788787776,0.06699850726746082,6.451630722284063,-3.2479525194590213,-33.48548528849308,-6.518212405123118,8.075606982013575,1.6239762597295104,2
128_S_0770,1960581.0,483555.46875,235688.609375,719244.078125,2679825.0,0.2683921816256658,2562818.482398987,315.6256103515625,128.1630859375,2.4626873298197043,6.708743118607286,1.5,1.5,1105455.53125,386211.453125,53.696855472458815,770840.0724257171,912349.8046875,193105.7265625,305.7143859863281,-9.911224365234375,-3.1401838254489762,-19.781828958480084,310.6699981689453,4.9556121826171875,2.7688833299654108,0.30619600014570647,12.433409488817379,0.6111370986514715,2.6157853298925575,0.15309800007285324,7.03593604571092,0.327192927103634,4.877112170178878,0.6530448995879908,6.872339582159103,0.163596463551817,2
128_S_0947,1257827.2772897757,412805.6964562177,169452.08180142634,582257.778257644,1840085.03992242,0.3164298201577644,1937484.3046598528,356.62908935546875,135.7372283935547,2.6273491137900216,7.55258894865037,1.494,1.494,726530.515625,144272.73736735596,24.77815544157772,289536.35891992727,654394.146941322,72136.36868367798,294.01580810546875,-62.61328125,-17.55697533343682,-125.65659877232143,325.32244873046875,31.306640625,2.672097569316938,0.04474845552691642,1.7031788920645405,0.08980424934728694,2.6497233415534795,0.02237422776345821,7.377399196818481,-0.17518975183188878,-2.3195986571359057,-0.35158272998130424,7.4649940727344255,0.08759487591594439,2
128_S_1043,1293971.25,732024.8125,227463.984375,959488.796875,2253460.0,0.4257847030233507,2204987.786328792,324.2388000488281,110.08514404296876,2.9453456224477,7.321419140214866,1.494,1.494,1320249.273213961,360760.4763389609,37.59923800193781,723998.7032022278,1139869.0350444806,180380.23816948046,306.1855773925781,-18.05322265625,-5.567878567750469,-36.23043722634787,315.2121887207031,9.026611328125,2.946460645349448,0.0011150229017480306,0.037857115757484586,0.0022377039278212536,2.9459031338985744,0.0005575114508740153,7.074639781330625,-0.24677935888424063,-3.370649243788524,-0.49525363094763125,7.198029460772746,0.12338967944212031,2
128_S_1088,1614090.0,515206.5,320698.5,835905.0,2449995.0,0.3411864105845114,2366345.4268569946,427.7757873535156,176.38063049316406,2.4252991030372564,7.300090225866029,2.89362,1.5,1166525.4375,330620.4375,39.55239381269403,230095.44766864335,1069758.625,140834.6607162891,316.26922607421875,-111.50656127929688,-26.06659015676065,-74.28940889616311,363.37267303466797,40.36533282015953,2.761684560551244,0.3363854575139875,13.869854530219571,0.12607414422855956,2.609553352833214,0.15901547419293494,6.96061833949393,-0.3394718863720989,-4.650242337680511,-0.2970646366584551,7.142304459417888,0.12709993366595493,4
128_S_1148,1508253.5,540540.3125,317949.125,858489.4375,2366743.0,0.3627303165151433,2276223.8830718994,391.2264099121094,163.3839569091797,2.394521560859608,8.26834137457902,2.89362,1.494,1037415.375,178925.9375,20.841949788112565,340500.58097956725,924303.6145833334,80338.52882000302,318.0162048339844,-73.210205078125,-18.71300178701432,-109.64826097593202,354.44054158528644,29.88903434043277,2.709927070327553,0.3154055094679449,13.171963644992932,0.2704506151333248,2.6200853875454126,0.160593761003842,7.310147925394943,-0.9581934491840771,-11.588702083951672,-1.4501882521490426,7.7918896765081085,0.3911987218884302,3
128_S_1406,1334876.25,703279.25,186290.546875,889569.796875,2224446.0,0.3999062224369573,2213173.1215953827,294.8025207519531,97.9745101928711,3.0089715902905554,7.777966652179,1.5,1.5,1011632.90625,122063.109375,13.721588772887708,122146.71424443493,950601.3515625,61031.5546875,336.2035522460937,41.40103149414057,14.043649080251724,41.429388365026966,315.50303649902344,20.700515747070284,2.5971321935466256,-0.4118393967439298,-13.687048361402484,-0.41212147852252146,2.8030518919185905,0.2059196983719649,8.165564817077172,0.3875981648981721,4.983283963934023,0.38786364309330784,7.971765734628086,0.19379908244908606,2
128_S_1408,1984704.0,810726.5,446809.4375,1257535.9375,3242240.0,0.3878602254922523,3189919.182887488,311.173828125,117.41633605957033,2.6501748897781425,6.652290640222073,1.5,1.5,1257535.9375,0.0,0.0,,1257535.9375,,311.173828125,0.0,0.0,,311.173828125,,2.6501748897781425,0.0,0.0,,2.6501748897781425,,6.652290640222073,0.0,0.0,,6.652290640222073,,1
128_S_2002,1711625.375,866915.375,711609.125,1578524.5,3290150.0,0.4797728067109402,2928874.5699439896,290.82696533203125,117.35762786865234,2.47812577789491,15.359068923975732,3.0,3.0,1123997.03125,-454527.46875,-28.794451321471414,-28163.071716157097,1548684.4339798628,244867.9430010854,2793.873779296875,2503.0468139648438,860.6653138601388,281.8627967792711,885.7824334038628,1041.0670503728531,2.091413788503485,-0.38671198939142526,-15.60501863307055,-0.033781091661307425,2.374004668536615,0.1275308247436309,15.182517684258375,-0.17655123971735698,-1.1494918122397244,0.05774672514464522,13.271938748176257,1.1586959431447295,9
128_S_2036,1607860.875,751998.5,409886.65625,1161885.15625,2769746.0,0.4194915910159271,2628794.278358552,283.3751220703125,108.50672149658205,2.61159046693387,17.209590026860745,3.0,3.0,716063.875,-445821.28125,-38.370511823121504,-51511.80265936531,1177264.2276785714,215018.18989133742,2564.6298828125,2281.2547607421875,805.0300054837386,253.89192994453654,609.3217293875558,798.5851456729866,2.043554035503643,-0.5680364314302269,-21.75059369462044,-0.06392738928944969,2.4654688464879553,0.21119910148246931,23.212363488091032,6.002773461230287,34.88039780065157,0.6509258711780208,17.735840461207456,2.5612443597559715,7
128_S_2045,1944049.625,962065.5,472858.9375,1434924.4375,3378974.0,0.4246627637560987,3195238.3852983825,262.4331359863281,101.48352813720705,2.5859677744505234,15.763863958486318,3.0,3.0,1367524.4375,-67400.0,-4.697111446330079,-5832.016356602766,1392794.4166666667,45730.80311021265,282.4376220703125,20.004486083984375,7.62269825751979,-1.0441780781063434,275.21210225423175,15.472208777295275,2.6238912970562054,0.03792352260568199,1.4665118019013261,0.013848468129747814,2.6157961572595356,0.04304963408140708,13.333091635193275,-2.430772323293043,-15.419901679527381,-0.2495421574370537,13.968157451591694,0.9565547883067395,6
128_S_2123,2484745.0,533036.375,451783.53125,984819.90625,3469565.0,0.2838453541726412,3107770.357355126,297.92840576171875,124.02889251708984,2.4020887175024863,12.693731952489824,3.0,3.0,659699.96875,-325119.9375,-33.01313625330672,-26022.924451935876,968961.484375,236603.74929579237,2832.90576171875,2534.9773559570312,850.8679625481868,282.297998348242,1168.3273315429688,1132.9359128934361,2.131085192165661,-0.2710035253368255,-11.281994847325825,-0.02536652736402034,2.3017333419844146,0.10370987014990556,15.012101065276816,2.3183691127869928,18.263888992332582,0.07297072703069242,13.976392673203591,0.68112348216764,8
128_S_2130,2148439.5,907304.5625,527034.0,1434338.5625,3582778.0,0.4003425728582681,3196424.018904974,295.63934326171875,128.09750366210938,2.307924295961461,13.12157167494982,3.0,3.0,1387738.09375,-46600.46875,-3.2489169550581614,23630.161712081423,1284966.6875,183890.11842171891,263.941650390625,-31.69769287109375,-10.721743771103204,-5.608785854614603,270.97402572631836,19.833055751147953,2.317878715548152,0.009954419586691188,0.43131482276563426,0.012491136211414285,2.3146059262114758,0.03386712023427299,13.720804334050328,0.5992326591005082,4.566775032327061,0.2265556790756675,12.841507053180855,0.6387237401661676,4
128_S_2151,2132764.5,1001037.875,796973.5,1798011.375,3930776.0,0.4574189358538874,3429268.414517376,231.2942352294922,93.57537841796876,2.471742424857089,12.119663677694607,3.0,3.0,1495161.0625,-302850.3125,-16.843626058817343,-179315.58996070523,1692161.1875,139429.33998989678,223.823471069336,-7.470764160156193,-3.229982862626747,-5.478594495512454,235.2084503173828,11.239872175452136,2.3291989404874047,-0.14254348436968423,-5.766923079694512,-0.0827346344993518,2.4116291239663803,0.06029479618456025,11.099328871967415,-1.0203348057271917,-8.418837625049335,-0.6941537782694688,12.319725965625182,1.0873666722871766,3
128_S_2220,2032263.8657416007,969545.3080830358,394150.8107043645,1363696.1187874002,3395959.9845290016,0.4015642484010412,3194261.090226368,257.1654357910156,100.0811767578125,2.569568439865216,16.13246857270478,3.0,3.0,1121663.4375,-242032.6812874002,-17.748285556654356,-41061.409954589915,1293833.0258982,150503.48800327096,2298.88134765625,2041.7159118652344,793.9309206095745,313.8941513291659,917.6417541503906,1022.1397706988475,1.986154401128452,-0.5834140387367641,-22.704747991354004,-0.0712542901104368,2.353924975346853,0.24895857057394122,15.414031439761589,-0.7184371329431922,-4.453361428881052,0.4203764655559952,15.177292725022594,2.1008738746577005,7
128_S_4553,1739880.125,803278.25,315866.71875,1119144.96875,2859025.0,0.3914428760678903,2744887.6876724884,321.6719970703125,115.23405456542967,2.791466424503889,17.40197927703103,3.0,3.0,1134560.5,15415.53125,1.3774382837299424,-1591.6268051538223,1144670.9296875,19101.04536910391,303.9339904785156,-17.738006591796875,-5.5143148155105415,-8.602284914633302,303.5785903930664,14.768299264287172,2.8790218583540645,0.08755543385017539,3.1365390277168066,0.044237268824232956,2.835010430858235,0.03119191938571932,16.61084703284427,-0.7911322441867625,-4.546219895980352,-0.5938211355937322,17.215935198590593,0.4652552754585537,4
128_S_4571,2186915.562294877,1159354.033024511,476924.5135853229,1636278.5466098338,3823194.108904712,0.4279873059018192,3495159.367213032,267.94500732421875,102.35076141357422,2.617909246650445,12.304271909465191,3.0,3.0,1616877.25,-19401.296609833837,-1.1856964482013723,8806.215653383579,1614339.5194649585,36155.702789288596,273.97149658203125,6.0264892578125,2.249151539711404,-1.9709777977823566,273.65985107421875,10.176410960795236,2.4678176286155726,-0.15009161803487236,-5.733262840448391,-0.0454024303842733,2.461654302987384,0.0982882598891175,13.086644115689603,0.7823722062244123,6.3585412609629035,0.39977682130520337,12.344241597251836,0.5521693335877378,4
128_S_4636,1464811.125,643801.625,440148.21875,1083949.84375,2548761.0,0.425285008578678,2459998.993516923,276.1332092285156,106.5918197631836,2.590566586173664,21.264900931225863,3.0,3.0,1098111.3125,14161.46875,1.3064690060757251,17381.93063714518,1074281.9,55134.783850108666,290.4328918457031,14.2996826171875,5.1785450424956725,0.7401905992087001,308.01490478515626,27.480613124739282,2.612863771200592,0.022297185026928013,0.8607068872860569,-0.008182921246184352,2.605498442898175,0.058768566790833886,16.79870173616668,-4.466199195059183,-21.00268047099582,-0.9108642458289402,18.548994537040098,1.5839781719384463,5
128_S_4653,1954047.25,784647.125,812124.625,1596771.75,3550819.0,0.4496911135149384,3173024.204300309,281.0647277832031,110.11071014404295,2.552564821922948,14.246268473559113,3.0,3.0,1506768.3125,-90003.4375,-5.636587539828406,-17923.082487370866,1543311.71875,65578.60886080281,287.6719970703125,6.607269287109375,2.3507998813020166,7.728879363325329,282.40670013427734,9.84720919362944,2.5271915669777307,-0.02537325494521747,-0.9940297980798306,-0.01267921532694831,2.5307228856441535,0.016580136251539226,14.439456568369769,0.19318809481065635,1.356061028677165,0.4897404557354746,13.571639569640043,0.7964400015532374,4
128_S_4671,2552493.5,755463.5,553512.125,1308975.625,3861469.0,0.3389838491517088,3389064.5049206447,240.2806396484375,104.08113861083984,2.308589630617503,9.510632590165486,3.0,3.0,1267769.21875,-41206.40625,-3.1479888137718377,-64239.430882649496,1301469.5416666667,25021.265882202548,269.1222229003906,28.841583251953125,12.003290524843031,37.58503852904179,254.08613077799478,11.806636981588424,2.2744122792081667,-0.03417735140933642,-1.4804429057491104,-0.057116139025570105,2.3068087675689752,0.02575539066274332,13.077667602683333,3.567035012517847,37.505759776761394,3.2379485267720085,12.85287934372573,2.6419494436633566,3
128_S_4742,2447237.25,559509.875,488496.84375,1048006.71875,3495244.0,0.2998379279815658,3149918.0553666665,271.2735900878906,108.41649627685548,2.502143095392196,12.946843812947542,3.0,3.0,1720933.75,672927.03125,64.21018293209296,47685.70026892742,1225259.903125,296135.89027985,1569.1453857421875,1297.8717956542969,478.4364726524967,124.1412684599447,716.6296752929687,740.4042882613062,3.0230506146691423,0.5209075192769461,20.818454397600988,0.029804107259611367,2.601863309911308,0.2996099694738398,19.926796383310226,6.979952570362684,53.91238722894267,0.4109190345333659,14.66539301904362,3.0142318163594823,10
128_S_4842,1907045.25,711438.625,628674.125,1340112.75,3247158.0,0.4127032777585815,2946259.533622674,292.2337341308594,118.6877899169922,2.462205521503401,13.493571475542495,3.0,3.0,876272.34375,-463840.40625,-34.61204337097755,-61634.09602128852,1097611.2239583333,139197.51880666587,2963.942626953125,2671.7088928222656,914.2369893634186,389.2492694373671,737.1986694335938,995.9844812165401,2.2352086651061573,-0.22699685639724354,-9.21924893818942,-0.033094487688336754,2.396704217539284,0.08072970040801183,15.278138816947472,1.7845673414049763,13.225315066804653,0.4184804106652917,14.60510484103019,1.4440300159924635,6
128_S_5066,2350083.406816418,626594.3501547942,485446.1370014874,1112040.4871562817,3462123.862722701,0.321201820399847,3189120.6814414407,310.8435974121094,130.76893615722656,2.3770446114307315,13.58418738697097,3.0,3.0,1141136.25,29095.762843718287,2.6164301731605284,-32424.535352061263,1183547.6061640703,81818.48296533253,268.84783935546875,-41.995758056640625,-13.510253518576935,-14.737749720096838,289.0263442993164,20.158516581956107,2.407301999056582,0.030257387625850285,1.2728994432981429,-0.008914721854291572,2.431918692309633,0.044874784182923975,13.314981812382298,-0.269205574588673,-1.981756927520572,0.4503756189764397,13.012110589168865,1.1057952998480243,4
129_S_1246,1910429.0,849456.875,266535.1875,1115992.0625,3026421.0,0.36874977489913,2995107.714448124,41.26791000366211,13.838229179382324,2.98216675606014,10.79163398825686,15000.0,15000.0,1057919.125,-58072.9375,-5.203705245887445,-40175.52061372163,1145785.140625,104370.44369820652,42.9117317199707,1.6438217163085938,3.9832928688725,1.6113474187468457,44.31878089904785,2.5464660504470706,2.951562413622628,-0.030604342437511978,-1.026245174764962,-0.02613053655376158,2.9329541571916065,0.03810009160940901,11.28647387246584,0.4948398842089805,4.585402773550797,0.20458744681991473,11.144894004648622,0.24932086355104838,4
129_S_2332,1600402.25,224695.03125,129709.6875,354404.71875,1954807.0,0.181299084129533,1932120.651496016,1929.05419921875,800.9612426757812,2.408423896224879,11.42433953053366,3.0,3.0,713447.875,359043.15625,101.30879676669092,6376.267605432804,718258.3953125,143937.80151247323,1811.92236328125,-117.1318359375,-6.071982631951832,8.01540898236118,1883.9646728515625,90.0803720912436,2.0018456329622865,-0.4065782632625927,-16.881507607522497,-0.04690023586629879,2.22226825450908,0.1812715040503824,27.08523566629951,15.660896135765851,137.0836020227621,0.7625515874256936,26.48049661458939,6.1171663913908345,10
129_S_2347,907287.875,296515.1875,201636.0,498151.1875,1405439.0,0.3544452569624153,2222559.9034194667,2556.3310546875,1260.189453125,2.028529159897202,9.49061696583112,3.0,3.0,672259.3125,174108.125,34.95086017435219,86602.98834918081,600338.40234375,66671.5467556884,2052.4267578125,-503.904296875,-19.712012493491383,-309.2861009808811,2524.6806640625,292.1174908641756,2.0538387699129763,0.025309610015774364,1.2476828293193951,0.05761178016386894,1.9638033833736572,0.08456074517977481,15.275549052880486,5.784932087049366,60.95422571447929,2.0984595486618716,12.100355999931947,2.9595951319904605,4
129_S_4073,2043957.25,471840.0,292931.75,764771.75,2808729.0,0.2722839227280382,2717959.058188968,2206.724609375,1039.0606689453125,2.123768778093721,21.646968802096364,3.0,3.0,1518846.0,754074.25,98.60121663751309,1079181.6588407496,1013862.65625,357087.94276810315,37303.15625,35096.431640625,1590.4309713827497,50117.84084276961,13927.36669921875,16529.200933064174,2.799620789513245,0.6758520114195239,31.823238875663463,0.9538776675278657,2.362503177372631,0.30952749979493277,28.7686589276482,7.121690125551837,32.8992488078153,13.585698380494133,20.065987092241283,7.831337273643217,3
129_S_4220,1644080.25,306494.03125,200332.75,506826.78125,2150907.0,0.2356339819666773,2117934.936601759,2052.76318359375,1038.45166015625,1.9767537193865417,23.686705325405143,3.0,3.0,591558.609375,84731.828125,16.71810394786631,60397.32541647069,748110.6875,328048.4353500197,2225.93896484375,173.17578125,8.436227940664011,1551.3423921655171,12811.408264160156,18424.182187319595,2.011578196803469,0.03482447741692751,1.7617003613244655,0.0441340389748817,2.159914599966061,0.2955537127638014,22.89179553051256,-0.7949097948925825,-3.35593230030182,-0.019463582108067864,23.69615988622919,1.4497565305208748,4
129_S_4287,1421307.75,305349.6875,192455.546875,497805.234375,1919113.0,0.2593933939142718,1945743.7477854,2065.911376953125,1072.4361572265625,1.926372363618759,22.55215264827688,3.0,3.0,556653.40625,58848.171875,11.82152532985808,-28233.17014028278,694626.453125,305295.08191690926,2347.509521484375,281.59814453125,13.630698183508741,-2636.784747759426,11321.013671875,18270.01288323388,2.040831706107119,0.11445934248835976,5.9417039327403876,-0.01832174109554864,2.156009339235741,0.34210079913099256,27.142096267916447,4.589943619639566,20.352574280709586,0.8638528184116732,25.438611055863117,3.112722777323229,5
129_S_6830,1746903.25,538505.25,357214.53125,895719.78125,2642623.0,0.3389510275396831,2513129.0,1936.72509765625,944.3451538085938,2.050865711328607,22.407506547288747,3.0,3.0,894744.875,-974.90625,-0.10884054035733065,-487.7869970034245,903278.1354166666,11385.448475224322,1624.60009765625,-312.125,-16.11612305627276,-156.16939212328768,1689.7744954427083,180.99253258663757,2.027099478424057,-0.023766232904550044,-1.158839058709194,-0.011891255573132743,2.0434300676090964,0.011562828308690584,19.13608344080247,-3.271423106486278,-14.599674888333848,-1.6368319036220724,19.820798767415937,1.8953862850977,3
129_S_6852,1573041.125,668958.875,619569.0,1288527.875,2861569.0,0.4502871938436571,2760259.0,2203.49658203125,966.2745971679688,2.280404127573074,14.677790416737356,3.0,3.0,1122270.4375,-166257.4375,-12.902898006766057,-166371.3124571918,1205399.15625,83128.71875,1856.0230712890625,-347.4735107421875,-15.76918764366205,-347.71150629749036,2029.7598266601562,173.73675537109375,2.203007029761048,-0.07739709781202642,-3.3940079688592943,-0.07745010952285657,2.241705578667061,0.03869854890601321,14.705664981591616,0.027874564854259987,0.18990981655163916,0.02789365702196838,14.691727699164485,0.013937282427129993,2
129_S_6857,2156271.0,664244.8125,424870.1875,1089115.0,3245386.0,0.3355887404456665,3005689.0,1743.6571044921875,832.97119140625,2.093298208135132,15.417171077100456,3.0,3.0,1092635.84375,3520.84375,0.3232756641860593,3523.2552868150683,1090875.421875,1760.421875,1636.073974609375,-107.5831298828125,-6.169970552446685,-107.6568169580747,1689.8655395507812,53.79156494140625,2.1091280732886712,0.015829865153539124,0.7562164383469072,0.015840707526931955,2.1012131407119017,0.007914932576769562,15.544822602235886,0.12765152513543043,0.8279828024029305,0.12773895768689306,15.48099683966817,0.06382576256771522,2
130_S_0102,1523569.25,314650.625,266858.125,581508.75,2105078.0,0.2762409516416969,2044668.6804279685,386.6441650390625,166.587890625,2.320961993500844,9.964522792419515,1.5,1.5,699510.0625,118001.3125,20.29226774317669,118004.9597030235,654530.46875,52095.09265959307,402.0449523925781,15.400787353515625,3.98319404405332,15.375035252209992,400.95786539713544,11.269532334586403,2.386880900678447,0.06591890717760318,2.8401545291215133,0.06593179361918367,2.3597754194864393,0.028155905944575163,10.222978029569234,0.2584552371497182,2.5937542874239528,0.2592367897157184,9.983381194733317,0.18840359001669768,3
130_S_0285,2053800.25,575469.4375,373381.3125,948850.75,3002651.0,0.3160043408308192,2804254.235532135,384.5380859375,156.30813598632812,2.460128393515013,8.610444406418644,1.5,1.5,889372.25,-59478.5,-6.268477945556769,-17653.872442310098,905120.328125,43206.123020286046,404.0216979980469,19.483612060546875,5.066757435234543,5.1749534072191965,373.4681167602539,24.216092408752694,2.365831995596144,-0.0942963979188689,-3.832986854159222,-0.024097155493719182,2.445211240970203,0.0469116457142389,8.794817442819236,0.18437303640059177,2.141272014521703,0.044416411621234914,8.756337030296152,0.09927357559172545,4
130_S_0289,1705273.375,425138.125,322009.4375,747147.5625,2452421.0,0.3046571377834393,2376570.870114863,384.5497741699219,157.41131591796875,2.442961419160994,8.372957751158994,1.5,1.5,822320.6875,75173.125,10.061349159524294,150038.16342213115,784734.125,37586.5625,372.9120178222656,-11.63775634765625,-3.0263329039204816,-23.2278169725762,378.73089599609375,5.818878173828125,2.4043660458448315,-0.03859537331616236,-1.5798601244147967,-0.07703256887283225,2.423663732502913,0.01929768665808118,8.65117758922503,0.2782198380660361,3.3228381933197335,0.5552994308940966,8.512067670192012,0.13910991903301806,2
130_S_0449,1368543.25,703000.625,396820.125,1099820.75,2468364.0,0.4455666789825163,2294326.965209961,624885.4375,234870.515625,2.6605529256598848,20.33661901916478,3.0,1.5,536793.15625,-563027.59375,-51.19266878261753,-552391.1431576236,720293.3854166666,268415.09668884985,328.3663330078125,-624557.0711669922,-99.94745175462538,-626717.4004058627,208519.22533162436,294415.37214926834,2.499812783814209,-0.16074014184567575,-6.04160662602899,-0.16262882163233855,2.553836868755273,0.07546160715753591,9.233386527970508,-11.103232491194271,-54.59723900384243,-11.358632474814153,13.006639752549427,5.183831790092031,3
130_S_0505,1644091.5,864130.25,372746.21875,1236876.46875,2880968.0,0.4293266946213911,2631276.508300781,614628.9375,231095.0625,2.6596368215237844,22.87644105347843,3.0,1.5,1280709.25,43832.78125,3.5438285356255386,1197.701503472793,1176518.328125,88614.16431792884,609597.0625,-5031.875,-0.8186850135086586,-1685.188771904241,306220.9195022583,305897.25401588454,2.620587723407334,-0.03904909811645041,-1.4682116671131824,-0.0005665434307756742,2.6171998707359494,0.037701057147012294,22.47523627043621,-0.4012047830422212,-1.7537902075953233,-0.21503962025298237,15.722484389260636,6.955665369882932,4
130_S_0783,1743595.0,345166.875,187271.078125,532437.953125,2276033.0,0.2339324399624258,2201076.589858532,336.0002746582031,136.3461456298828,2.4643180827859377,9.259830642332364,1.5,1.5,510495.546875,-21942.40625,-4.121119864054582,-38294.13146819948,523859.18359375,44940.80002452295,302.7196044921875,-33.280670166015625,-9.90495326227648,-26.776571123106784,320.60108947753906,16.816876354088915,2.424816104484272,-0.039501978301665464,-1.6029577747125914,-0.019596998563997808,2.423616667221295,0.02620419508303693,9.585749474926688,0.32591883259432386,3.519706193160262,0.07783338826046943,9.558963730556803,0.2736058215220933,4
130_S_2373,1374351.0,639342.875,288360.0625,927702.9375,2302054.0,0.4029892163693814,2211284.8113793023,859411.6875,299390.90625,2.8705337054542865,37.86384930182591,3.0,3.0,1232327.5625,304624.625,32.836440705999166,41794.72909993,1026011.9955357143,98737.20778877469,22638.486328125,-836773.201171875,-97.36581586480635,-163918.62300181418,630571.7751116072,384313.02923711593,2.608102938592781,-0.26243076686150557,-9.142229069209751,-0.05382794069530781,2.785335349299762,0.10805148644849569,29.85390128190583,-8.009948019920078,-21.154605692807397,-1.465728968706732,34.87464088128838,3.8335577171302244,7
130_S_2391,1845230.875,797141.0625,534417.0,1331558.0625,3176789.0,0.4191521887352292,2991651.6667291145,764890.9375,271352.625,2.818807953293915,33.39985543964873,3.0,3.0,1284200.53125,-47357.53125,-3.556550223659511,-2656.4395617839236,1301241.40625,48000.24044390156,22248.98046875,-742641.95703125,-97.09122184902995,-168493.2445972785,572934.3701171875,318732.15476109134,2.7873733927911,-0.03143456050281479,-1.1151721232403211,-0.013669563427725115,2.8421901949208075,0.04213927177765972,28.34989783411452,-5.049957605534214,-15.119698989892768,-1.2365524377308945,30.88073534148855,3.422645477396689,4
130_S_2403,1823356.75,804675.375,489011.96875,1293687.34375,3117044.0,0.4150365999806226,2882649.284015363,750329.0,266135.875,2.8193455692404514,29.88872250575335,3.0,3.0,1575682.9375,281995.59375,21.79781653676706,182392.70615512502,1338885.25,138867.36870391658,759034.875,8705.875,1.160274359647568,-21278.907346606742,815412.703125,60810.05233440308,2.805439123210064,-0.013906446030387265,-0.4932508516199291,0.0015984718708611603,2.8072608376873194,0.01731388073245493,22.64534160424203,-7.243380901511319,-24.234494800227825,-3.9632547379769743,27.254758587010826,2.7454747646655866,4
130_S_4250,2055366.0,1050298.25,774048.75,1824347.0,3879713.0,0.470227308050879,3546370.570419263,776248.25,267114.71875,2.906048208910592,17.623720133016135,3.0,3.0,1863723.6875,39376.6875,2.1583990052331052,23681.70156239569,1804880.015625,51266.5992549413,907666.0,131417.75,16.929861033503137,29308.140503676354,894716.15625,77271.91955326521,2.854095059153044,-0.05195314975754828,-1.7877593908541618,-0.01879664469867483,2.8563012779086434,0.031271198811634905,19.34279457384069,1.7190744408245529,9.754322174034371,0.19799229903233,20.008922261210042,1.642279032142424,4
130_S_4294,1707273.25,704851.0,644826.8125,1349677.8125,3056951.0,0.4415111045286627,2843809.576271544,871049.8125,312321.8125,2.7889496590866867,27.094536329022,3.0,3.0,1750651.9375,400974.125,29.708877280665824,57860.82799632072,1480244.6875,129295.08462527301,54941.72265625,-816108.08984375,-93.69247064085098,-171115.14387047244,577100.2786458334,381276.8187599979,2.839641530739281,0.050691871652594145,1.8175972265198397,0.0027906023542086456,2.825775694016921,0.021958366264179335,21.460494989617203,-5.634041339404796,-20.79401275219446,-1.0026562692967838,24.69797286040688,2.1139456523800924,6
130_S_4405,1973799.75,916921.625,951923.75,1868845.375,3842645.0,0.4863434886647088,3640187.1023652144,938964.0625,319285.78125,2.9408264245937485,20.66623438368268,3.0,3.0,1927795.84375,58950.46875,3.1543791443955067,12327.648490780126,1892526.5364583333,50165.17366291423,51318.65234375,-887645.41015625,-94.53454563456735,-203389.11826998903,639456.3714192709,426701.5282336292,3.0186433333231224,0.07781690872937386,2.646089822867517,0.016461392719020553,2.973033643764504,0.037432750732977894,18.594397202526714,-2.071837181155967,-10.025228315381032,-1.0964042802230936,21.085416128094597,2.9017293490062506,6
130_S_4415,1995675.125,917604.375,575426.4375,1493030.8125,3488706.0,0.4279612018037633,3169282.763575483,744042.5625,260010.140625,2.861590554540082,26.349328583639235,3.0,3.0,1292834.09375,-200196.71875,-13.408746629601124,-73101.75641144326,1382026.0,87488.4536389643,830787.875,86745.3125,11.658649232180181,28111.406572312804,802154.9375,39575.69031242636,2.800062983790139,-0.06152757074994275,-2.1501179004216953,-0.012707761144771939,2.8087615212998727,0.0370847840443452,29.994046648398133,3.644718064758898,13.832299571466,1.125839779028793,28.388990891766902,1.9260532029312132,4
130_S_4417,2320964.5,1165397.625,642488.875,1807886.5,4128851.0,0.4378667333841788,3813046.961220657,819949.9375,282781.375,2.8995896122829885,23.510859146769967,3.0,3.0,2118945.5625,311059.0625,17.205674277671747,40251.57260127484,1981906.21875,150828.06983324123,42459.32421875,-777490.61328125,-94.82171748823994,-135267.35285905798,426837.3791503906,396149.59019888967,2.81330458907137,-0.08628502321161857,-2.975766737682653,-0.005987884021077955,2.8378254077219767,0.029757826593173387,16.050323435189316,-7.4605357115806505,-31.732297254673547,-1.0777470062083767,21.097352561670004,3.7675356705677885,8
130_S_4468,1709862.25,731746.3125,220778.421875,952524.734375,2662387.0,0.3577709530488993,2498619.788243249,773812.5625,273013.90625,2.834333873779243,40.2428506792002,3.0,3.0,1113737.625,161212.890625,16.924798360305047,73804.7079143506,1021358.6171875,63090.97742427133,736702.6875,-37109.875,-4.7957188598886304,-25102.39864552997,749191.59375,28236.355648759672,2.9147245512764672,0.08039067749722406,2.8363164354393002,0.04804347812082001,2.868037553988496,0.03311109963722022,33.506499264017485,-6.7363514151827175,-16.73925008166593,-2.9435155301302576,36.744430031321514,2.490105539588165,4
130_S_4542,1435222.5,641827.875,507796.53125,1149624.40625,2584847.0,0.4447553012808882,2449350.1196818426,929159.6875,335750.65625,2.76740989243333,32.14537965146653,3.0,3.0,1149624.40625,0.0,0.0,,1149624.40625,,929159.6875,0.0,0.0,,929159.6875,,2.76740989243333,0.0,0.0,,2.76740989243333,,32.14537965146653,0.0,0.0,,32.14537965146653,,1
130_S_4605,1602792.5,750982.6875,570295.75,1321278.4375,2924071.0,0.4518626385953008,2803106.438208092,755212.0,262925.125,2.8723462620665394,27.83776383489928,3.0,3.0,1470685.1875,149406.75,11.30774148427742,164652.20614954727,1427622.375,75648.17610641093,785358.5625,30146.5625,3.991801308771577,40729.9585599047,767968.0416666666,12736.106299318277,2.9401600789814184,0.06781381691487898,2.360920680436683,0.07884194078056399,2.9158524344957257,0.030834137440386794,24.61261695938026,-3.2251468755190196,-11.585509865831105,-4.091642985156906,26.16507992953468,1.3194021113404943,3
130_S_4817,2108144.5,1041168.875,1080997.75,2122166.625,4230311.0,0.5016573545065599,3956282.816434535,1015139.875,341882.1875,2.9692681049580294,21.69165303566568,3.0,3.0,2096076.875,-26089.75,-1.2293921548219617,-12016.85660128804,2129036.0555555555,158622.0078900652,66726.8828125,-948412.9921875,-93.42682871042771,-135016.54632387572,456303.00868055556,456411.6132807932,2.789699294541289,-0.17956881041674055,-6.047578193323124,-0.014954365914779798,2.9178526551946837,0.05832633137922686,20.06616386362024,-1.625489172045441,-7.493615951595721,0.049531718923934584,20.75138921106235,1.8725360586225874,9
130_S_4883,1886535.0,855331.125,781857.8125,1637188.9375,3523724.0,0.4646189478801404,3341527.009237907,773940.0,267089.5625,2.897679687490979,24.91666229046369,3.0,3.0,1758868.75,121679.8125,7.432240086217905,103528.35550568167,1652836.5625,89691.4989755139,858700.6875,84760.6875,10.95184219706954,32841.820414982954,830423.34375,33740.11838557849,2.909972480744352,0.01229279325337318,0.42422885132680666,0.013146235555658513,2.904283976970156,0.01914663035524782,25.93504681452293,1.0183845240592397,4.087162687311471,-0.132785505507171,25.906336724477185,1.2402379919409698,4
130_S_4925,2469414.5,1149644.5,802835.0,1952479.5,4421894.0,0.4415482370224162,4098210.532885348,885584.5625,311541.21875,2.842591956372249,21.013556271586346,3.0,3.0,1956404.25,3924.75,0.20101363420204924,-13698.843841726164,1926760.515625,74252.50975959256,891828.0625,6243.5,0.7050145479472493,-10529.43774838427,846477.578125,89706.02476050738,2.8529129033933964,0.010320947021147386,0.36308225660073656,-0.0052675649197564175,2.8630888690199034,0.018594346451682925,22.242003630912365,1.2284473593260188,5.845975538119999,1.5648442728952359,20.10369825552258,1.792455271806979,4
130_S_6047,1549358.75,1103884.5,383763.75,1487648.25,3037007.0,0.4898402440297306,2873171.0,21680.85546875,7705.42724609375,2.8137123060797635,31.57599698218878,3.0,3.0,1711677.625,224029.375,15.0592974515313,112091.40988869862,1510880.4166666667,155336.83450765192,44387.65234375,22706.796875,104.73201533827276,11361.174737799656,40921.71875,14503.699782349882,2.859120450658172,0.04540814457840847,1.6138161844155945,0.022719623023648897,2.8559813318454896,0.03330502576818107,25.13833639377976,-6.43766058840902,-20.38783000910578,-3.2210349724882112,28.558985143465804,2.6436162769720752,3
130_S_6329,2099031.5,1291426.5,579847.0625,1871273.5625,3970305.0,0.4713173326734344,3734869.0,58761.25390625,21470.564453125,2.736828555756045,21.79191259758853,3.0,3.0,1871273.5625,0.0,0.0,,1871273.5625,,58761.25390625,0.0,0.0,,58761.25390625,,2.736828555756045,0.0,0.0,,2.736828555756045,,21.79191259758853,0.0,0.0,,21.79191259758853,,1
130_S_6604,2108242.0,1370994.125,521034.0,1892028.125,4000270.0,0.4729751054303834,3797205.0,44802.20703125,16248.2333984375,2.757358657391087,22.27943012986796,3.0,3.0,1793908.125,-98120.0,-5.185969421041244,-49093.602739726026,1848144.0416666667,40720.62491351554,51831.03515625,7028.828125,15.68857560989645,3516.821195419521,48591.596354166664,2895.7371409506304,2.7624994884713656,0.0051408310802787405,0.18644042067210834,0.002572176098728507,2.7511511080520528,0.012590076470750007,23.21505060892905,0.9356204790610896,4.199481196813873,0.4681306575028259,22.596740991038065,0.4372616370628006,3
130_S_6611,2081022.375,1229687.25,511802.3125,1741489.5625,3822512.0,0.455587729351798,3562234.0,53960.4296875,18621.7109375,2.897715997510085,22.21367353289346,3.0,3.0,1741489.5625,0.0,0.0,,1741489.5625,,53960.4296875,0.0,0.0,,53960.4296875,,2.897715997510085,0.0,0.0,,2.897715997510085,,22.21367353289346,0.0,0.0,,22.21367353289346,,1
130_S_6612,1615808.75,1096922.875,679925.375,1776848.25,3392657.0,0.5237335368709539,3175854.0,48599.6171875,17118.14453125,2.839070384990615,28.0470356542261,3.0,3.0,1724174.8125,-52673.4375,-2.9644308398311447,-52709.515196917804,1750511.53125,26336.71875,47178.19921875,-1421.41796875,-2.9247513684440993,-1422.3915427011984,47888.908203125,710.708984375,2.730619546499141,-0.10845083849147397,-3.8199418748060543,-0.108525119887701,2.784844965744878,0.05422541924573698,25.27680125473232,-2.7702343994937806,-9.877102285055086,-2.7721318203153515,26.66191845447921,1.3851171997468903,2
130_S_6688,1750188.375,1114584.375,392325.25,1506909.625,3257098.0,0.4626540635252608,3121095.0,63158.57421875,21811.89453125,2.8956024028709115,32.77886469823551,3.0,3.0,1624307.25,117397.625,7.7906214846826,27797.008340680044,1536679.59375,56051.93484921658,45672.33203125,-17486.2421875,-27.686252268672696,-4702.204625722939,54371.2568359375,6212.166258579393,2.9455104904409666,0.04990808757005505,1.7235821990122862,0.013905167179543602,2.8822760259508478,0.04322939176134426,31.676001505329047,-1.1028631929064616,-3.3645557985595183,-0.32704556368229104,31.9429113333548,0.5591646065188047,4
131_S_0384,1907668.875,540877.1875,316003.9375,856881.125,2764550.0,0.3099532021486318,2639948.872183264,786.1768188476562,328.6338806152344,2.3922573502878035,8.836110542082993,1.5,1.5,1937262.1875,1080381.0625,126.082957248008,99998.9766469939,969202.5052083334,465026.53198795056,60823.1640625,60036.987243652344,7636.575615604127,5761.422983134965,10717.709996541342,22408.416737323074,2.822609400766077,0.43035205047827363,17.98937101923836,0.03217978924537422,2.4507870501379183,0.2654671889313137,22.678143926376528,13.842033384293535,156.65301286543732,1.3381258032495227,10.871297811462219,5.299102274431034,6
131_S_1389,1563218.5,589606.6875,442410.75,1032017.4375,2595236.0,0.3976584162288131,2515911.639766054,357.22271728515625,129.25048828125,2.763801663511208,9.81216905207414,30000.0,1.5,524501.015625,-507516.421875,-49.17711692008111,-507864.0358625856,778259.2265625,253758.2109375,809.4895629882812,452.266845703125,126.60640654107642,452.5766175152504,583.3561401367188,226.1334228515625,2.068500647696764,-0.6953010158144441,-25.15741360872889,-0.6957772493869198,2.416151155603986,0.3476505079072221,8.90483600278953,-0.9073330492846097,-9.24701811056561,-0.9079545102772703,9.358502527431835,0.45366652464230484,2
131_S_6143,1928767.5,1198311.25,721038.125,1919349.375,3848117.0,0.4987762521253902,3421446.0,71809.0078125,26313.177734375,2.729013140665301,19.41083446285548,3.0,3.0,1919349.375,0.0,0.0,,1919349.375,,71809.0078125,0.0,0.0,,71809.0078125,,2.729013140665301,0.0,0.0,,2.729013140665301,,19.41083446285548,0.0,0.0,,19.41083446285548,,1
131_S_6616,1643075.75,1505240.75,375508.53125,1880749.28125,3523825.0,0.5337238033245124,3298186.0,59821.59375,19426.546875,3.079373505329708,28.0549444755974,3.0,3.0,1879714.0625,-1035.21875,-0.055042889571754294,-1035.9278039383562,1880231.671875,517.609375,60966.40234375,1144.80859375,1.913704603949974,1145.5927092251711,60393.998046875,572.404296875,3.018802478659774,-0.06057102666993419,-1.9669918756233782,-0.060612513674502634,3.049087991994741,0.030285513334967096,28.91082562771425,0.8558811521168508,3.0507319408930167,0.8564673720840541,28.482885051655824,0.4279405760584254,2
131_S_6805,1613627.5,1071610.375,813941.125,1885551.5,3499179.0,0.5388554000809904,3289344.0,75527.3046875,25338.666015625,2.9807135323519254,25.35252200982567,3.0,3.0,1946834.0,61282.5,3.250110113672313,61324.474315068495,1916192.75,30641.25,65536.9609375,-9990.34375,-13.227459646992317,-9997.18645119863,70532.1328125,4995.171875,2.914306092073684,-0.0664074402782413,-2.2279041430003725,-0.06645292482637709,2.9475098122128047,0.03320372013912065,21.354452570362472,-3.9980694394631975,-15.76990816895336,-4.0008078431888565,23.353487290094073,1.9990347197315987,2
132_S_0987,1506800.125,753287.625,301024.25,1054311.875,2561112.0,0.4116617605946167,2712092.47777462,56.295188903808594,20.70990753173828,2.7182731791178734,12.193495224149771,15000.0,15000.0,1054311.875,0.0,0.0,,1054311.875,,56.295188903808594,0.0,0.0,,56.295188903808594,,2.7182731791178734,0.0,0.0,,2.7182731791178734,,12.193495224149771,0.0,0.0,,12.193495224149771,,1
133_S_0629,1315471.5311042687,771566.1432436488,281293.3504011694,1052859.4936448182,2368331.055999088,0.444557567649961,2281709.3664125525,257.8119506835937,91.10108947753906,2.8299546068239128,7.824491989714168,2.89362,1.5,1315212.21875,262352.7251051818,24.918113640877365,175117.42743035514,1260926.3812237047,126690.53681920117,830.1114501953125,572.2994995117188,221.9833091500432,359.30097754653934,641.0675201416016,224.81763773368624,2.7962574324902856,-0.03369717433362718,-1.1907319733105495,-0.06453967498147763,2.806338080236049,0.04586188557359321,8.24174732875372,0.4172553390395519,5.3326828066034535,0.32445529763826614,8.272814544430346,0.3398730824669452,4
133_S_0638,1108154.125,671282.125,301937.78125,973219.90625,2081374.0,0.4675853096320027,2102339.619758606,305.963623046875,112.53822326660156,2.718752895212308,9.258823977162676,2.89362,1.5,628974.125,-344245.78125,-35.3718392974969,-329335.5269144917,738376.9375,166188.07433572368,816.919677734375,510.9560546875,166.99895549649025,552.0943961510291,633.5180257161459,232.1695272793136,2.472043662715324,-0.24670923249698395,-9.074352911271783,-0.27643188395733304,2.5638722785131516,0.11014544161564639,9.245750445309431,-0.013073531853244447,-0.14120078192965896,-0.1539607035167511,9.296895045884469,0.06331037853222561,3
133_S_0727,1017461.2291776414,641182.4868781912,251507.2136029013,892689.7004810926,1910150.9609087333,0.4673398693349374,1893197.607115044,322.90655517578125,112.8593521118164,2.8611412902203925,9.980809440073552,2.89362,1.5,914049.3399712412,21359.639490148635,2.392728344310167,11694.835351655563,944031.5179255834,48405.9264173169,335.3351135253906,12.428558349609375,3.8489643986457995,-168.2844947934095,563.0881118774414,234.09434543333987,2.8455204107463463,-0.015620879474046223,-0.5459667275936224,0.1468261957572069,2.648403944662692,0.20517141006100623,9.2491402341305,-0.7316692059430512,-7.330760198720508,-0.3356960442651699,9.553152070564874,0.3043428364144186,4
133_S_0771,1266196.125,729816.375,262110.5,991926.875,2258123.0,0.4392705246791251,2230951.5263824463,323.14190673828125,111.14483642578124,2.9073946592801887,9.295995176196053,2.89362,1.5,1067745.0625,75818.1875,7.643525889950305,28521.92282635567,1045975.59375,31418.294448485867,837.276123046875,514.1342163085938,159.10477891838423,200.42610154291958,667.2352294921875,201.54619999934422,2.571677226823908,-0.33571743245628083,-11.547019644708213,-0.18653865341076314,2.734758516881523,0.12732815314739232,9.888887750856506,0.5928925746604534,6.37793548106236,0.24596607631394865,9.643000529461881,0.21868394636259764,4
133_S_0792,1413019.5,810483.625,260504.890625,1070988.515625,2484008.0,0.4311534083726783,2375913.557723999,291.8319396972656,97.88267517089844,2.9814462692840675,8.054066954683279,2.89362,1.5,1229751.15625,158762.640625,14.823934926356369,253393.081183465,1145575.859375,65168.195967057036,736.2449340820312,444.4129943847656,152.28387778451574,480.7312420645913,576.5495910644531,201.82279452250026,2.7701851667456365,-0.211261102538431,-7.0858597961304515,-0.42179562533889003,2.9103025362399157,0.09908190300723953,9.347136082088443,1.2930691274051647,16.054859422956135,1.3284474507565,8.905835719710742,0.6024229822101599,3
133_S_0912,821084.1411059262,588727.4667348763,381906.2596709848,970633.7264058612,1791717.8987617856,0.5417335659127162,1865618.4168595227,378.5480041503906,141.21376037597656,2.680673614680656,10.207923784116293,2.89362,1.5,787364.34375,-183269.3826558612,-18.881415066266598,-47492.87160159422,817120.2206639653,89811.75244441883,1007.8861083984376,629.338104248047,166.2505408423767,201.65405816130814,841.0886306762695,268.9716413853586,2.3000574293088483,-0.3806161853718075,-14.198527686748976,-0.12109473686600723,2.3905356182758717,0.1676598257263047,8.521236864526863,-1.6866869195894303,-16.52331027602248,-0.7785884714876159,9.301164939263833,0.6018045756828475,4
133_S_0913,1006748.7864295834,641561.6482151495,227054.6957160596,868616.3439312091,1875365.0678607903,0.4631718692094605,1876119.250913446,309.0509948730469,104.13861083984376,2.9676888275440123,9.428330441391036,2.89362,1.5,523455.1875,-345161.15643120906,-39.73689406638018,-771584.8867932667,779769.9479770698,184062.11961223162,816.6456909179688,507.5946960449219,164.24302282328313,579.8618800194708,624.0198872884115,224.55729394146923,2.629659975325796,-0.33802885221821644,-11.390306459385803,-0.4354539152116788,2.7743145271278045,0.14223475117275725,10.194057019415824,0.7657265780247879,8.121550074901855,1.377063670176486,9.73660671054588,0.3299231917351669,3
133_S_1031,1047206.0625,544924.125,212455.875,757380.0,1804586.0,0.4196973710313612,1721302.022491455,294.6391296386719,110.494873046875,2.666541160214164,8.867232468682646,2.89362,1.5,346703.0625,-410676.9375,-54.223367068050386,-159059.70679542352,774748.1375,227060.98049459024,671.4379272460938,376.7987976074219,127.88484614026174,100.41453125799768,642.1132995605469,177.38065611499843,2.374389320961983,-0.29215183925218113,-10.956209625082886,-0.07596298097661716,2.486620357311984,0.09805578895760408,8.934480111175018,0.06724764249237225,0.7583836640110423,-0.1096691027195679,8.65747960995125,0.296028364935385,5
135_S_4281,1648886.125,772891.3125,410489.5,1183380.8125,2832267.0,0.417821064362929,2637346.5692309663,307.86651611328125,118.10448455810548,2.60673008868758,18.07137591357333,3.0,3.0,350696.46875,-832684.34375,-70.36486775468991,-133963.9297978325,999057.1139924219,293823.63305707567,1120.1705322265625,812.3040161132812,263.84941966679787,118.1702793594827,446.42340087890625,301.4845561299938,1.592470242078221,-1.014259846609359,-38.909277604572104,-0.15735064232804866,2.448189714381732,0.3852583759943428,24.91006951247148,6.83869359889815,37.842683543324654,1.6166747910640262,19.98206124389755,3.6810565104869677,6
135_S_4309,1948355.5,882254.4375,704968.125,1587222.5625,3535578.0,0.4489287359803687,3121165.5164856347,283.4326477050781,114.32962799072266,2.4790830706542173,16.71339251961135,3.0,3.0,188937.0,-1398285.5625,-88.09637637065785,-218828.98695754822,1333128.7708333333,512971.44243660814,1180.4442138671875,897.0115661621094,316.48138399902405,131.80158794843535,424.99595133463544,338.14007818347187,1.6743943169911877,-0.8046887536630296,-32.459128263526736,-0.12058522396920887,2.311394388712078,0.2856089240307266,19.942159824275087,3.2287673046637373,19.318443582744376,0.553749356413833,17.479340886704623,1.167241865514803,6
135_S_4356,2012732.5,891772.625,416610.8125,1308383.4375,3321116.0,0.3939589696656184,3189781.577886734,254.15631103515625,98.00096893310548,2.5934060775994454,16.888761473385625,3.0,3.0,1900118.0,591734.5625,45.226387428952755,15246.15756789024,1202173.3444602273,383987.3262665657,875.47705078125,621.3207397460938,244.4640218515563,84.06295467861777,680.0048259388317,458.9945296787324,2.7701082777097272,0.17670220011028182,6.813518393303221,-0.006952813429079677,2.321405167206588,0.2838721823928029,17.918051507322073,1.029290033936448,6.094526443270977,-0.097101241945934,17.315369696206186,1.5603877574049043,11
135_S_4406,1886593.625,837279.5,523223.875,1360503.375,3247097.0,0.4189906784429292,2916716.9549449347,258.1717529296875,106.47742462158205,2.42466186069546,16.344474839960615,3.0,3.0,1357070.59375,-3432.78125,-0.25231699627353,6755.380082946001,1332970.2265625,26525.07776000854,268.8664855957031,10.694732666015625,4.142487528032671,2.9724124736807047,258.6152992248535,12.49989758528898,2.5039989222408714,0.0793370615454112,3.2720876602007976,0.04086600756118759,2.4449883044272287,0.03715038191832404,16.179524900805195,-0.1649499391554201,-1.0092091717265452,0.2443913397720098,15.98004786885182,0.5985769784817645,4
135_S_4489,2029723.0,951126.5625,598378.5,1549505.0625,3579228.0,0.4329159982264332,3222342.684060638,284.1763000488281,114.1504898071289,2.489488201404044,17.038603212441053,3.0,3.0,1907601.125,358096.0625,23.11035124481886,2908.550882860114,1329047.4661458333,233583.80784912294,1093.150146484375,808.9738464355469,284.6732279562181,118.33403119034918,832.5677541097006,592.4421999875152,2.8228531574476348,0.33336495604359095,13.390903232864362,-0.00748490044030852,2.3274521968919974,0.21478081821533673,21.0229845345027,3.9843813220616475,23.384436343657427,0.25671115642208203,18.595128033704167,1.295927300707473,12
135_S_4689,1828555.125,727800.625,389578.1875,1117378.8125,2945934.0,0.3792952634037286,2780240.7065638807,314.974365234375,129.45440673828125,2.433091083859891,15.25113034723219,3.0,3.0,1117378.8125,0.0,0.0,,1117378.8125,,314.974365234375,0.0,0.0,,314.974365234375,,2.433091083859891,0.0,0.0,,2.433091083859891,,15.25113034723219,0.0,0.0,,15.25113034723219,,1
135_S_4722,1785826.625,823861.125,614316.25,1438177.375,3224004.0,0.4460842402800989,2985243.6954967794,312.1558837890625,124.53665924072266,2.506538100392945,18.322056875543296,3.0,3.0,1174900.125,-263277.25,-18.306312877436277,-29676.11608212399,1206383.0994318181,177781.61079356578,1903.00390625,1590.8480224609375,509.63256022940885,179.87169839801365,879.6141301935369,659.6473274443352,2.155613402442962,-0.35092469794998316,-14.000373578800554,-0.04741826463734682,2.2984812889183512,0.18274654247249333,18.67631987587813,0.35426300033483216,1.9335329146789766,0.027236470591514683,19.596753286939272,1.5352575395995316,11
135_S_4723,1438958.0,745061.8125,440795.09375,1185856.90625,2624815.0,0.4517868521210066,2445821.237990982,271.44512939453125,102.6578369140625,2.6441734494911624,22.559312586522854,3.0,3.0,1637445.25,451588.34375,38.08118343536442,-3065.8730074041787,1057247.7526041667,251743.07551632065,1047.607666015625,776.1625366210938,285.9371757203211,127.81128020665892,867.0048777262369,634.0570509067645,2.84444238914158,0.2002689396504178,7.573971355357079,-0.022572744268656807,2.3749974163473966,0.2745471158113111,23.65188591762097,1.0925733310981158,4.843114465069425,0.3010562998387607,23.323512197554596,2.336003645104785,12
135_S_6110,1310084.25,453461.96875,399183.78125,852645.75,2162730.0,0.394245120750163,2098161.0,689.6744995117188,308.7324523925781,2.233890515665168,21.625765406751007,3.0,3.0,939329.0625,86683.3125,10.166392373386017,43371.34231592466,897642.5520833334,35465.64243209632,844.574462890625,154.89996337890625,22.459865268119028,77.50302962211714,852.9277547200521,136.8334873812302,2.428795175271434,0.1949046596062658,8.72489758291626,0.09751907797423093,2.341525508059427,0.08086209015516375,17.131199185530235,-4.494566221220772,-20.783385635995497,-2.2488223456176533,18.76848409631421,2.0275724057123217,3
135_S_6446,2271859.5,587714.625,332351.65625,920066.28125,3191926.0,0.2882479986221485,2964525.0,810.5899658203125,395.8901062011719,2.047512557338066,21.15103267111301,3.0,3.0,1114207.375,194141.09375,21.10077259719162,58057.60619641198,1063462.35625,105012.98232258818,1875.5283203125,1064.9383544921875,131.378181250304,305.1857563865842,1410.4588989257813,480.12849835872225,2.0260566345381275,-0.021455922799938687,-1.0479018906645017,-0.005013909379445152,2.03629410804366,0.015476884207163753,18.95263788221989,-2.198394788893122,-10.393794114344006,-0.6829198685425828,19.138736838621003,1.2808520755995767,5
135_S_6544,1452189.5,540376.25,441563.375,981939.625,2434129.0,0.4034049243076271,2320953.0,1050.356201171875,487.0804138183594,2.1564328378170794,19.23424545280185,3.0,3.0,1096252.0,114312.375,11.641487122999033,-16922.08743890263,942595.8177083334,142321.32075666214,1023.8482666015624,-26.507934570312614,-2.523709056102863,90.76004981588308,1537.0130004882812,512.8990519670572,2.2756619044151747,0.11922906659809529,5.528995130624558,0.02724391889497664,2.211312088832114,0.0538221878701854,16.80269676329858,-2.43154868950327,-12.641768014606814,-0.40541674520795506,17.10757867859515,1.1871683849085855,6
135_S_6586,1977073.375,666611.375,452538.3125,1119149.6875,3096223.0,0.3614564220664984,2915084.0,944.23779296875,439.094970703125,2.15041814144744,15.757393960923755,3.0,3.0,925552.65625,-193597.03125,-17.29858243381764,-32360.334310132588,1138289.325,117381.21384527789,1250.590576171875,306.352783203125,32.4444526033988,152.67470807056822,1517.9699462890626,536.657500693236,2.462560254616822,0.312142113169382,14.515414800178354,0.07504269621701945,2.2543232724500246,0.11592504353768295,10.951102577726504,-4.806291383197252,-30.501816449574186,-1.2001869554298321,14.033228898674967,1.8185678197420287,5
135_S_6622,1613527.375,743608.4375,407562.1875,1151170.625,2764698.0,0.4163820514935085,2656323.0,1100.423583984375,514.117919921875,2.140410865295619,13.401190174393664,3.0,3.0,1100534.59375,-50636.03125,-4.398655607634185,-50670.71346318493,1125852.609375,25318.015625,966.7947387695312,-133.62884521484375,-12.143400701301323,-133.72037182115528,1033.6091613769531,66.81442260742188,2.1547728855099844,0.0143620202143655,0.670993613760315,0.014371857214512325,2.1475918754028016,0.00718101010718275,13.677856428085043,0.27666625369137954,2.064490169089756,0.2768557511254147,13.539523301239353,0.13833312684568977,2
135_S_6703,1668683.0,536936.0,300118.9375,837054.9375,2505738.0,0.3340552513870165,2379467.0,993.7596435546876,483.1635437011719,2.056776953586824,21.021690277548675,3.0,3.0,706289.71875,-130765.21875,-15.622059304799215,2963.9741154072244,791365.490625,130181.2906728782,2015.1204833984373,1021.3608398437497,102.77745191888978,181.72476691076196,1843.601123046875,433.7320965480528,2.251759761644587,0.1949828080577629,9.480017155857926,0.037261744736339565,2.134562139630879,0.06488121846688977,16.40314203052793,-4.618548247020744,-21.970394321494634,-0.8240930876463265,19.213298812803718,1.5700265705727772,5
136_S_0107,1251746.75,622205.3125,349521.0,971726.3125,2223473.0,0.4370308578066835,2148234.771117568,737.153076171875,285.4299621582031,2.582605792382416,10.424915259488609,1.5,1.5,876457.3125,-95269.0,-9.80409800316074,-4284.203159949832,934853.9241071428,107848.8516746489,611.8624267578125,-125.2906494140625,-16.996557901475768,-40.67606450161001,693.4295567103794,56.69338336579674,2.641250657407813,0.058644865025396786,2.270763319681776,0.013910106908150572,2.6357208274766815,0.031192040324310385,9.32411100822857,-1.1008042512600387,-10.559359226043611,-0.18039948594619673,9.904999618596959,0.29657136457993766,7
136_S_0195,1385638.25,532622.125,236660.75,769282.875,2154921.0,0.3569888988969897,2094068.2682454584,674.8023071289062,252.6576538085937,2.6708167921534667,9.307315254964662,1.5,1.5,800220.75,30937.875,4.021651333392804,62088.235405219784,784751.8125,15468.9375,689.9273071289062,15.125,2.241397197403283,30.353880494505493,682.3648071289062,7.5625,2.6859080578042995,0.015091265650832852,0.5650430870125254,0.03028618010421263,2.678362424978883,0.007545632825416426,9.401419761489104,0.09410450652444169,1.0110811114326974,0.18885533520907874,9.354367508226883,0.047052253262220844,2
136_S_0429,2076342.375,431378.3125,338483.3125,769861.625,2846204.0,0.2704871558749829,2807695.4377681017,849.370361328125,345.3628234863281,2.459356656558005,9.789485363684872,1.5,1.5,771013.9375,1152.3125,0.1496778723059485,-1553.1631647300567,757748.875,17950.98848695676,724.5333862304688,-124.83697509765625,-14.697590212878852,-48.20968501825008,793.7256469726562,51.85698022901342,2.4996472834638275,0.040290626905822524,1.6382588022922755,0.015497907054087746,2.4769266826509715,0.016846957570531212,8.748314205290326,-1.0411711583945458,-10.635606670978639,-0.4285342676981957,9.158234666089479,0.45295301489843265,3
136_S_0695,1722684.25,846993.875,412791.8125,1259785.6875,2982470.0,0.4223967676120799,2786465.473231673,787.8992919921875,296.66070556640625,2.6558936675889684,9.140948175114987,1.5,1.5,1184781.5,-75004.1875,-5.953725958646439,-150523.5136504121,1222283.59375,37502.09375,715.5084838867188,-72.39080810546875,-9.187824997586944,-145.27880582704648,751.7038879394531,36.195404052734375,2.8309658707909016,0.17507220320193317,6.591837818600037,0.3513468253819016,2.7434297691899348,0.08753610160096659,9.010047705068548,-0.13090047004643957,-1.4320228879844066,-0.26269998178275855,9.075497940091768,0.06545023502321978,2
136_S_0873,1250572.0,593256.25,280696.75,873953.0,2124525.0,0.4113639519421988,2024704.811833799,706.4354858398438,283.05096435546875,2.495789000234176,9.405115822299134,1.5,1.5,891223.6875,17270.6875,1.9761574707106675,34659.992359203294,882588.34375,8635.34375,723.4718627929688,17.036376953125,2.41159699570745,34.189761989719266,714.9536743164062,8.5181884765625,2.4605470246697725,-0.03524197556440356,-1.41205749208354,-0.07072599766427692,2.4781680124519743,0.01762098778220178,10.312973307663125,0.9078574853639907,9.652804946978948,1.8219502556549318,9.85904456498113,0.45392874268199535,2
136_S_0874,1669326.0,256057.640625,158667.296875,414724.9375,2084051.0,0.198999418680253,2035471.0344538093,743.78515625,308.6097717285156,2.410115368913832,9.905296770216845,1.5,1.5,485841.140625,71116.203125,17.147800070498533,44617.826572951955,476805.23828125,36700.512245232,796.8921508789062,53.10699462890625,7.140098747958342,30.05512306073907,784.7014465332031,23.859610600754863,2.3609243176605608,-0.04919105125327139,-2.0410247529121537,-0.025267517474291637,2.377168076828255,0.02070648487153846,9.708375471255126,-0.19692129896171906,-1.9880403740534076,-0.07995918770714425,9.862028105016165,0.11151351549913348,4
136_S_1227,1393708.1841995523,733729.9653587742,377377.6696830568,1111107.635041831,2504815.881741381,0.4435885460249376,2257318.8982791887,588386.3125,224770.875,2.6177159852110834,24.84689490611484,3.0,1.5,911664.0625,-199443.57254183106,-17.949977684594202,-60081.10760584649,979217.8853229578,77595.73750172088,671.5020141601562,-587714.8104858398,-99.88587395731437,-161480.2399851346,147631.58241271973,254469.86362448614,2.5440261107117315,-0.07368987449935194,-2.815044676949927,-0.037403399354040696,2.607493087728776,0.04020019532841712,9.649090037114606,-15.197804869000235,-61.165811367681364,-4.455235989771072,13.764837619374402,6.4127533123158225,4
136_S_4189,1429459.875,681443.125,689605.0625,1371048.1875,2800508.0,0.4895712447527377,2727980.5629793787,813349.0625,274860.53125,2.9591337060949554,24.831715350855653,3.0,3.0,1379492.0625,8443.875,0.6158700384846977,-7087.410177358503,1391320.0833333333,22958.34261961019,709296.25,-104052.8125,-12.793131177919076,-27515.825632670985,727969.5833333334,63477.18417533179,2.9497159251018554,-0.009417780993099978,-0.31826142136470836,-0.010535373988320999,2.9629234995704703,0.01261894178023911,27.47530711611025,2.643591765254598,10.646029595226917,1.4469415503180034,25.930208807625746,1.1244958205084967,3
137_S_0158,1395260.375,665291.0625,428056.625,1093347.6875,2488608.0,0.4393410643620851,2531061.1022248864,289.1923217773437,106.05107879638672,2.726915391456456,13.670641252433574,1.5,1.5,1042513.5,-50834.1875,-4.649407327712485,28643.175197299504,1003413.771875,95635.08384283425,801.5075073242188,512.315185546875,177.1537993810635,293.4645816349421,578.04443359375,242.2420091501777,2.726686403801853,-0.00022898765460332982,-0.008397314244540113,0.010208914531670235,2.7166924914301154,0.0245561055157127,13.053890369016116,-0.616750883417458,-4.511499292746544,0.035373602461708474,13.581913147570168,0.8612213600958553,5
137_S_0443,1849084.0,793563.6875,677709.3125,1471273.0,3320357.0,0.4431068707370924,3356585.3043079376,607.0618286132812,212.2235870361328,2.860482353685981,11.632622396779968,1.5,1.5,1583798.0625,112525.0625,7.648142968708051,112379.51736985083,1486987.0,73475.72198694345,592.3975830078125,-14.66424560546875,-2.4156098957772496,-14.70167983901738,594.7277018229166,9.267151898729292,2.8742614382374208,0.013779084551439613,0.4817049311170915,0.013809526589590952,2.8712088600177217,0.007815909939369783,11.371421779601302,-0.26120061717866605,-2.2454147334049894,-0.2595147329380708,11.841994681427977,0.49247709460183275,3
137_S_0481,1490800.0,628884.75,534375.1875,1163259.9375,2654060.0,0.4382945138768528,2776868.055228889,225.0809326171875,78.06749725341797,2.8831580062492006,10.60787361999738,1.5,1.5,1038355.625,-124904.3125,-10.73743782223223,-124896.44076944512,1117788.75,56363.88748918255,641.1870727539062,416.10614013671875,184.8695646043117,416.80525854329454,508.8483072916667,200.80512564977772,2.88533082975829,0.0021728235090892056,0.07536262335881849,0.002333708499547802,2.91331547975799,0.04112225824747223,12.563698562326891,1.955824942329512,18.437483442888105,1.9561732434841868,11.4058893808155,0.8380140334704761,3
137_S_0631,1863915.0,790763.625,299870.375,1090634.0,2954549.0,0.3691372185737993,2895960.383107513,199.28482055664065,70.53263854980469,2.825426948837228,9.856008073328551,1.5,1.5,1151725.09375,61091.09375,5.601429420868962,122601.7691878434,1121179.546875,30545.546875,591.1297607421875,391.8449401855469,196.62558296765852,786.3811230921483,395.20729064941406,195.9224700927734,2.9421999953353466,0.11677304649811848,4.132934548039724,0.23434810567822953,2.8838134720862874,0.05838652324905924,10.012355592894783,0.15634751956623205,1.5863168780200751,0.3137688545141003,9.934181833111667,0.07817375978311603,2
137_S_0668,1583607.75,668365.375,656060.875,1324426.25,2908034.0,0.4554369893887073,2919869.1852495074,204.6067047119141,69.1506576538086,2.958854025328145,11.170870877250652,1.5,1.5,1200517.625,-123908.625,-9.355645510650366,-2972.8046656149922,1291074.763392857,47397.48413385745,150.185546875,-54.42115783691409,-26.597934761492294,-46.31794020184657,355.2319575718471,208.07075374161482,2.5910666409975214,-0.36778738433062363,-12.430061813875222,-0.06972581984522246,2.791817192371691,0.2348291033753279,20.779435054384464,9.608564177133813,86.01445923702818,1.3093307629551467,15.185667772216647,4.280126705937169,7
137_S_0669,1538505.5,735342.625,713048.875,1448391.5,2986897.0,0.4849151142473276,3072623.826518655,226.38189697265625,78.12617492675781,2.897644666300909,10.841741736656848,1.5,1.5,1458792.6875,10401.1875,0.7181198936889647,-8847.120404804056,1466129.65625,29600.786596868,647.6455688476562,421.263671875,186.08540590411374,253.31988708079834,536.7171478271484,179.23174885880417,2.9424903936109583,0.0448457273100491,1.5476613758614681,0.019698416594742814,2.9191080218574794,0.020354402230660377,10.647358270190816,-0.19438346646603222,-1.792917329960049,-0.26215784762457045,10.620486404745417,0.2925937530159324,4
137_S_0722,2024297.5,962744.875,505234.5,1467979.375,3492277.0,0.4203502113377604,3470741.817760727,623.54052734375,222.7925720214844,2.7987491633467543,12.527054546287712,1.5,1.5,971619.6875,-496359.6875,-33.81244286896061,-39599.53180360485,1332375.1927083333,180933.35786246328,206.4801177978516,-417.06040954589844,-66.8858544483955,-72.58939238511168,434.2046635945638,176.26441109216105,2.3638597468859146,-0.4348894164608397,-15.53870643915789,-0.06892379583728823,2.6586611587526496,0.16737286784351446,14.263714716550435,1.7366601702627236,13.86327619031058,0.4656938540654721,12.08253678553448,1.4614576557226564,6
137_S_0800,1530292.5,620649.875,574314.625,1194964.5,2725257.0,0.4384777288894221,2783784.6782639623,216.08316040039065,78.32872772216797,2.75867059156338,12.480787051827042,1.5,1.5,1132442.375,-62522.125,-5.232132418996548,-10550.46798684458,1096945.0535714286,100172.44662042729,156.61676025390625,-59.4664001464844,-27.5201455015265,-49.26227106185156,365.2762472970145,232.01195456538937,2.461263728547016,-0.2974068630163642,-10.780803765621732,-0.043966858209089084,2.6362367340625696,0.1489495905513401,23.420560897298643,10.939773845471601,87.65291643903295,1.27169430624298,15.878741403644591,4.382412010130201,7
137_S_0825,1657962.5,812812.375,309798.125,1122610.5,2780573.0,0.4037335110425081,2751104.830529541,222.0492553710937,81.60224151611328,2.721117073801589,11.87184702416277,1.5,1.5,1140223.5,17613.0,1.568932412444031,35346.968406593405,1131417.0,8806.5,681.9916381835938,459.94238281250006,207.1352961953572,923.0437105618992,452.02044677734375,229.97119140625003,2.8154255078277752,0.09430843402618638,3.465798474243189,0.1892645908135416,2.768271290814682,0.04715421701309319,11.54448909044449,-0.3273579337182806,-2.757430524938613,-0.6569642048934176,11.70816805730363,0.1636789668591403,2
137_S_0973,1747687.125,871395.625,313356.1875,1184751.8125,2932439.0,0.4040158422732749,3003296.1050592363,192.9091644287109,67.9654312133789,2.8383423476668046,12.982132705032,1.5,1.5,1223107.875,38356.0625,3.2374765833076116,21901.120834639707,1135686.825,58438.67469866983,585.0808715820312,392.1717071533203,203.2934559198956,149.72950873608707,501.51784362792966,154.79229245525684,3.024910064667668,0.18656771700086328,6.573122412602098,0.0654637510096497,2.9380033924088416,0.06114095061566538,10.181562030775853,-2.8005706742561483,-21.572500743045246,-0.8194850857349312,11.364763480907891,1.129238531871762,5
137_S_0994,1138673.875,471504.1875,539801.0,1011305.1875,2149979.0,0.4703791002144672,2340210.7240363955,247.91552734375,91.89839935302734,2.697713196218688,12.063590310676595,1.5,1.5,1010511.125,-794.0625,-0.07851858270033842,-19746.540370199775,1036290.18125,51236.78525870872,633.7612915039062,385.84576416015625,155.6359814547467,93.03761900498223,610.6633056640625,184.82688643399277,2.8088309071989834,0.11111771098029521,4.118959388864832,0.030936099923809673,2.792170719256494,0.04959775706090352,11.531278150013318,-0.5323121606632775,-4.412551711012328,-0.3042104487342673,12.162752905034722,0.5358729366095992,5
137_S_1414,1836826.25,819790.75,365186.0,1184976.75,3021803.0,0.3921422905464056,3062054.99740988,540.0912475585938,184.6861114501953,2.924373903339599,9.568717860499644,1.5,1.5,1431472.75,246496.0,20.801758346735493,4363.429302935129,1342306.611111111,121031.81775619472,145.80979919433594,-394.2814483642578,-73.00274724809029,-61.99130406290695,365.02823723687067,188.23118295214033,2.669294349236353,-0.2550795541032458,-8.722535576314236,-0.03835006514015767,2.739985342599268,0.14315446930740441,13.992131936888535,4.423414076388891,46.22786606185832,0.717788946083607,12.522675742221582,2.477227836359052,9
137_S_1426,1634645.375,823524.0625,370776.5625,1194300.625,2828946.0,0.4221715879341635,2741507.6373428106,621.1829833984375,219.4386749267578,2.830781678639777,10.780018360926809,1.5,1.5,1194300.625,0.0,0.0,,1194300.625,,621.1829833984375,0.0,0.0,,621.1829833984375,,2.830781678639777,0.0,0.0,,2.830781678639777,,10.780018360926809,0.0,0.0,,10.780018360926809,,1
137_S_4299,1888718.125,567882.25,528150.5625,1096032.8125,2984751.0,0.3672108033467448,2726983.425647824,322.5203552246094,131.1004180908203,2.4601016340091344,18.623787464817124,3.0,3.0,884634.0,-211398.8125,-19.287635378160726,-28664.941390780557,959936.475,94804.01026359756,163.60031127929688,-158.9200439453125,-49.27442295375048,-10.449431550702158,192.49305114746093,65.9207602550014,2.4159231357985327,-0.04417849821060171,-1.7957997181850447,-0.0069645727020628745,2.4357903761448236,0.022413124041376204,17.410231056177466,-1.2135564086396577,-6.516163325704996,-0.36856901368169753,19.499802868608988,1.3500016425030112,5
137_S_4303,1593088.375,665780.75,459136.8125,1124917.5625,2718006.0,0.4138760409285336,2542875.072576036,325.1571960449219,125.40994262695312,2.592754502881692,20.503864109172657,3.0,3.0,1016978.96875,-107938.59375,-9.595244784881736,-15310.795949034946,927960.1041666666,206961.39407610154,154.89654541015625,-170.26065063476562,-52.36256576995558,-200.42574444959465,218.796630859375,75.71587919418567,2.526621130940148,-0.066133371941544,-2.5506993380221963,-0.05674104593828638,2.5269741827902297,0.053565855375956956,24.094482607144062,3.5906184979714055,17.511911310244678,4.649359316301191,22.257079213303417,1.4670721524148735,3
137_S_4331,2102709.5,446321.25,387610.375,833931.625,2936641.0,0.2839746584618276,2747385.066243354,308.4119567871094,125.62125396728516,2.4550937408436764,19.469403636112297,3.0,3.0,751867.25,-82064.375,-9.840659898226068,-16636.847346984192,813386.75,37151.72479281749,184.6249237060547,-123.78703308105469,-40.136911153059614,-15.012277605690695,206.01602478027343,51.620391456082714,2.250578214594356,-0.20451552624932035,-8.330253254567785,-0.04022688921216064,2.3367784918857186,0.06676741824564973,19.96005818625632,0.49065455014402204,2.520131378004536,0.14848809375133792,19.935923687858683,0.45494333762583733,5
137_S_4351,1706828.5,848126.625,412959.875,1261086.5,2967915.0,0.4249065421347983,2813789.126494644,297.51837158203125,113.5631332397461,2.6198499501953907,19.165416378330274,3.0,3.0,1346011.78125,84925.28125,6.734294693504371,25289.593252412396,1064347.984375,218559.54439638817,159.13882446289062,-138.37954711914062,-46.511261265419655,-7.402111780080769,177.23033796037947,50.143445446982085,2.6863976880394254,0.06654773784403467,2.5401354699367986,0.001549069491653972,2.550443184962456,0.10857485449987545,15.371425460165693,-3.7939909181645817,-19.796026568221738,-0.7415217204648623,19.778268931322042,3.127099289791571,7
137_S_4536,1794751.75,863172.9375,384784.34375,1247957.28125,3042709.0,0.4101467742232333,2826185.02416322,141.79507446289062,56.12746047973633,2.5263047842290685,19.306186917338685,3.0,3.0,1479580.21875,231622.9375,18.56016555855165,33179.257058454,1266150.109375,134420.630187658,152.85897827148438,11.06390380859375,7.802741985575317,1.3915748668897514,152.6423282623291,8.62059306424623,2.733083909965892,0.20677912573682367,8.185042716448196,0.024176024902692644,2.52824185848989,0.10552629977870569,15.104852890975568,-4.201334026363117,-21.761594064905395,-0.7533869679210027,19.334393119959678,2.568769619986638,8
137_S_4596,2468256.25,760402.875,558113.875,1318516.75,3786773.0,0.3481900684302967,3599258.5682862788,163.119873046875,64.47925567626953,2.529803869573894,13.04015331362776,3.0,3.0,1052200.53125,-266316.21875,-20.198167277738413,-89675.91534027732,1116906.2734375,119951.23067154358,181.33029174804688,18.210418701171875,11.163825940410604,11.499976109987651,171.96673583984375,9.084106809138149,2.5420032499823044,0.012199380408410399,0.48222633205416016,-0.00597265715771551,2.53217973882794,0.034619012128384176,18.275568190149404,5.235414876521643,40.14841505774563,2.3633944966035103,16.174815442103256,1.923349673373307,4
137_S_4623,2113432.0,639094.375,485903.8125,1124998.1875,3238430.0,0.3473899968503256,3172398.162483447,194.1432037353516,78.68421173095703,2.4673717509150226,15.519816852298836,3.0,3.0,993267.375,-131730.8125,-11.709424420739346,-34469.20468266701,1073288.40625,54339.925708559065,198.3505859375,4.207382202148409,2.167153998284559,-4.1717305859282625,200.77244262695314,16.84975973848601,2.4671046025426087,-0.00026714837241392786,-0.010827244508852633,0.004066239754938112,2.4947120300043344,0.04690875688600203,20.43714559937242,4.917328747073585,31.684193143975257,1.0627628021622835,17.876556843434038,1.590933748224928,5
137_S_4631,2799477.5,591178.5,350932.0,942110.5,3741588.0,0.2517942916216323,3351854.584357445,157.85096740722656,64.5166015625,2.446672036927388,15.491177135130537,3.0,3.0,909434.1875,-32676.3125,-3.4684161252846666,-53343.740057545685,1205665.3,370995.7675922863,153.14776611328125,-4.7032012939453125,-2.9795200949335428,-0.213287489099014,156.9422149658203,4.618873566192028,2.4142927637613827,-0.03237927316600553,-1.3234006306243027,0.005856183419353013,2.4407035057754234,0.10740282130860501,17.421908756712572,1.9307316215820354,12.463427438342089,0.35940154952156445,17.33847638630069,1.1133768157888815,5
137_S_4678,1747823.625,594547.5,447969.9375,1042517.4375,2790341.0,0.3736164997396375,2697215.0705138454,176.4744415283203,70.66615295410156,2.4972979517597973,19.474220089676624,3.0,3.0,1102178.25,59660.8125,5.722763989739021,35003.32946262423,1050161.71875,31742.21757513035,177.9501953125,1.4757537841796875,0.8362422180794159,4.876388662045669,173.47125625610352,7.5883795439354875,2.4857275634192377,-0.011570388340559568,-0.46331629481400644,-0.003988867510006525,2.487611206185197,0.005653132628293999,16.696000674747957,-2.7782194149286674,-14.266139553395593,-1.76050222680721,19.45198884198122,1.733179536467743,4
137_S_4815,1492256.0,779463.875,286622.15625,1066086.03125,2558342.0,0.4167097406249829,2442502.8159084264,136.30804443359375,49.32439804077149,2.7635013722300337,24.571689873419988,3.0,3.0,1109545.25,43459.21875,4.0765207943906265,17954.780115288107,1069854.1796875,35993.000998731884,158.12838745117188,21.820343017578125,16.008110972649536,10.709514526831558,145.17305374145508,8.215738938680964,2.6861037677758723,-0.07739760445416133,-2.8007080159943833,-0.05131509022697652,2.737774841206505,0.03675281527271154,24.65116183819566,0.07947196477567076,0.32342897531698955,0.747867743835228,23.223418662796874,1.4266479831537364,4
137_S_4816,1990340.75,1025467.5,514649.8125,1540117.3125,3530458.0,0.4362372566108986,3237381.036104914,144.43624877929688,56.15971755981445,2.5718834154316688,19.60844868700553,3.0,3.0,1470862.9375,-69254.375,-4.4966947931766725,-52228.36654998038,1535733.75,41670.807696352684,145.30087280273438,0.8646240234375,0.5986198276020535,2.4017850762101474,144.40102005004883,4.5616612735559325,2.55389849420993,-0.01798492122173867,-0.6992899100257254,-0.02839285661445485,2.5862395928260242,0.0348419426910557,18.17853681594808,-1.4299118710574525,-7.292325333237868,-0.5223387217068814,19.09735689170127,0.8534812050020385,4
137_S_4852,1724785.25,592942.5,388582.25,981524.75,2706310.0,0.3626800883860311,2555949.869156338,171.23391723632812,69.43262481689453,2.466188124411435,20.54055326382471,3.0,3.0,777290.21875,-204234.53125,-20.807883983567404,-239730.6146638123,853143.3125,91277.438291418,218.41070556640625,47.176788330078125,27.55107696623396,54.69114893942047,201.68312072753906,21.565782358719872,2.244268679630395,-0.2219194447810402,-8.998479985544577,-0.2912858870739906,2.362385927929004,0.09116194573159778,23.97391019260167,3.4333569287769627,16.715016799589662,4.551606435590765,22.09425829847844,1.4204848858737684,3
137_S_6693,1598468.25,1180608.75,479976.0,1660584.75,3259053.0,0.5095298388826447,3104738.0,177.35263061523438,65.4909896850586,2.708046232925537,16.161305950309295,3.0,3.0,1653265.5625,-7319.1875,-0.4407596480697537,-7324.200642123287,1656925.15625,3659.59375,187.77542114257807,10.422790527343693,5.8768739382027455,10.42992942496516,182.56402587890622,5.211395263671847,2.676306017718137,-0.0317402152074,-1.1720706545364494,-0.031761955080829726,2.6921761253218373,0.0158701076037,17.857987881995545,1.6966819316862498,10.49842096240854,1.6978440425983636,17.00964691615242,0.8483409658431249,2
141_S_0697,1756027.25,787979.75,358543.0625,1146522.8125,2902550.0,0.3950053616647431,2871032.073569298,296.72381591796875,106.6619873046875,2.7819077877149283,9.84692491624478,1.494,1.494,1146522.8125,0.0,0.0,,1146522.8125,,296.72381591796875,0.0,0.0,,296.72381591796875,,2.7819077877149283,0.0,0.0,,2.7819077877149283,,9.84692491624478,0.0,0.0,,9.84692491624478,,1
141_S_0851,1260955.5,573533.25,611226.1875,1184759.4375,2445715.0,0.4844225257235614,2575356.575512886,328.32635498046875,110.36661529541016,2.974870173619004,10.832973455466153,1.494,1.494,1206510.0,21750.5625,1.8358631981777314,43650.510731456045,1195634.71875,10875.28125,326.8695983886719,-1.456756591796875,-0.44369164086249896,-2.923518379965981,327.5979766845703,0.7283782958984375,2.980247338470462,0.005377164851458005,0.1807529249223185,0.010791260780192508,2.977558756044733,0.0026885824257290025,10.288736386397566,-0.5442370690685863,-5.023893682615575,-1.092212030095061,10.56085492093186,0.27211853453429313,2
141_S_0915,1437042.375,624686.875,212754.734375,837441.609375,2274484.0,0.368189712205054,2188704.433822632,290.9215087890625,102.0837860107422,2.849830686222966,11.44767611109712,1.494,1.494,837441.609375,0.0,0.0,,837441.609375,,290.9215087890625,0.0,0.0,,290.9215087890625,,2.849830686222966,0.0,0.0,,2.849830686222966,,11.44767611109712,0.0,0.0,,11.44767611109712,,1
141_S_0982,1728479.5,814737.75,354226.6875,1168964.4375,2897444.0,0.4034467749851248,2828948.9165425296,307.5561828613281,107.70492553710938,2.855544242494429,9.100888372150354,1.494,1.494,1168964.4375,0.0,0.0,,1168964.4375,,307.5561828613281,0.0,0.0,,307.5561828613281,,2.855544242494429,0.0,0.0,,2.855544242494429,,9.100888372150354,0.0,0.0,,9.100888372150354,,1
141_S_1004,1301618.125,582268.4375,595555.4375,1177823.875,2479442.0,0.4750358649244467,2594652.151441574,339.0650329589844,116.3449935913086,2.9143070069325856,9.992235374438533,1.494,1.494,1167704.25,-10119.625,-0.8591798158277273,-20308.752918956045,1172764.0625,5059.8125,327.5118713378906,-11.55316162109375,-3.4073586179826747,-23.18567187969501,333.2884521484375,5.776580810546875,2.8808662712778657,-0.033440735654719944,-1.1474678397015399,-0.06711114669168383,2.8975866391052256,0.016720367827359972,10.083279056879464,0.0910436824409313,0.911144293836724,0.18271266489862723,10.037757215659,0.04552184122046565,2
141_S_1051,1286520.125,595838.1875,271039.6875,866877.875,2153398.0,0.4025627752045836,2126685.2165460587,304.6799011230469,105.90807342529295,2.87683354433912,10.52320292196473,1.494,1.494,865917.375,-960.5,-0.11079992092311733,-1927.5968406593406,866397.625,480.25,299.89849853515625,-4.781402587890625,-1.56931998804858,-9.59564447926951,302.28919982910156,2.3907012939453125,2.8501873132393967,-0.026646231099723305,-0.926234719146554,-0.05347547202842823,2.863510428789258,0.013323115549861653,9.590564959150916,-0.9326379628138142,-8.862681540305092,-1.8716814061414595,10.056883940557823,0.4663189814069071,2
141_S_1052,1484972.375,627884.625,621534.0,1249418.625,2734391.0,0.4569275663209833,2753418.003416061,328.98297119140625,110.65691375732422,2.9729996712169435,10.045271895840138,1.494,3.0,1709695.8125,460277.1875,36.83930896259851,38073.792761949444,1455577.9444444445,250066.18073010293,253.4944305419922,-75.48854064941406,-22.946032852713802,-3.3947076612059184,302.8750254313151,26.24660125274706,2.609250752870385,-0.36374891834655854,-12.2350810149153,-0.023376403903450464,2.7400345452081747,0.16387570981484761,10.298529835149113,0.2532579393089751,2.5211655984528614,0.06620892119731814,10.683447021502673,1.5489150575810529,9
141_S_1231,1576869.75,749380.25,249297.125,998677.375,2575547.0,0.387753504401201,2482876.1857032776,283.37921142578125,95.65912628173828,2.9623854981570537,9.276640322365802,1.494,1.494,1006081.796875,7404.421875,0.7414228118465185,14859.698295844779,1002379.5859375,3702.2109375,275.6578369140625,-7.72137451171875,-2.724749805347322,-15.495780441787216,279.5185241699219,3.860687255859375,2.922039920501608,-0.04034557765544555,-1.361928678105708,-0.08096825405852466,2.942212709329331,0.020172788827722776,10.01418733966506,0.7375470172992582,7.950583311083502,1.480159604772275,9.645413831015432,0.3687735086496291,2
141_S_1244,1885026.25,860246.875,383456.8125,1243703.6875,3128730.0,0.3975107112150937,3046072.2534179688,291.8866882324219,102.90882873535156,2.83636194273184,7.840861628569602,1.494,1.494,1180218.21875,-63485.46875,-5.104549370406205,-127406.96407108515,1211960.953125,31742.734375,292.0924377441406,0.20574951171875,0.07048951528577999,0.4129121382157881,291.98956298828125,0.102874755859375,2.811599067470353,-0.024762875261486794,-0.8730506106578362,-0.04969582521570358,2.8239805051010967,0.012381437630743397,8.803150416438774,0.9622887878691717,12.272742887884897,1.9311867020286537,8.322006022504187,0.48114439393458586,2
141_S_1245,1618162.375,664869.1875,216256.40625,881125.59375,2499288.0,0.3525506439233893,2422488.214278221,290.8000183105469,99.95094299316406,2.9094274320254097,10.61288128197124,1.494,1.494,923880.03125,42754.4375,4.852252369385905,85802.5181146978,902502.8125,21377.21875,293.0012512207031,2.20123291015625,0.7569576243305259,4.417584178211925,291.900634765625,1.100616455078125,2.8171068346109043,-0.09232059741450538,-3.1731534664961902,-0.1852752648661983,2.863267133318157,0.04616029870725269,10.54335311678341,-0.06952816518783145,-0.6551299627363518,-0.1395338589827222,10.578117199377324,0.034764082593915724,2
141_S_1255,1227086.875,511556.0,502505.125,1014061.125,2241148.0,0.4524739664671856,2245310.539865494,295.06402587890625,101.22307586669922,2.914987718338936,11.663182019765296,1.494,1.494,800692.53125,-213368.59375,-21.040999254359544,-428202.63113839284,907376.828125,106684.296875,275.8860778808594,-19.177947998046875,-6.499588670940683,-38.48761267190451,285.4750518798828,9.588973999023438,2.900700330852487,-0.014287387486449088,-0.4901354265255893,-0.028672902634206205,2.907844024595711,0.007143693743224544,10.226917606029383,-1.4362644137359126,-12.314515981161163,-2.8823932808628685,10.94504981289734,0.7181322068679563,2
141_S_1378,1381599.625,523972.375,510956.0625,1034928.4375,2416528.0,0.4282708238845153,2506357.6859593387,293.665771484375,102.35138702392578,2.8691918805803334,10.007897923108128,1.494,3.0,1488995.125,454066.6875,43.8742111094034,35050.3121855131,1256210.2265625,187130.99233147508,290.40631103515625,-3.25946044921875,-1.1099218110246039,0.6606114983663256,277.1509246826172,16.17232206025126,2.650457575707514,-0.21873430487281942,-7.6235509501224925,-0.017527934455065418,2.7582656793454516,0.09335961747929897,12.76444315906409,2.7565452359559615,27.543698558226982,0.24378407801894436,11.332035468728787,1.2981383954184,4
141_S_2210,1943842.375,620402.0,561283.625,1181685.625,3125528.0,0.3780755203600799,2820754.2979902355,293.81170654296875,127.42123413085938,2.305829999538376,14.823676996128516,3.0,3.0,1253131.9375,71446.3125,6.046135367010155,63812.39894564748,1249837.7916666667,54351.11800306559,276.5643310546875,-17.24737548828125,-5.870213849276592,-22.173603966955863,285.2054748535156,7.0412548337152225,2.3393125367882965,0.03348253724992034,1.4520817777816881,0.03822849879552207,2.328121129643836,0.015762253699503476,14.137317310966324,-0.6863596851621914,-4.63015812703857,-0.389664229727236,13.910071248712057,0.853982647394238,3
141_S_2333,1884207.75,823704.5,423101.6875,1246806.1875,3131014.0,0.3982116296829078,3013195.328002295,286.3736877441406,109.28955841064452,2.6203206352778885,18.26721737862196,3.0,3.0,1583323.0358198695,336516.8483198695,26.99030945576451,40485.93392189168,1406289.8667242671,135552.78010827958,286.7559509277344,0.38226318359375,0.13348404548091075,0.9250107224706001,287.9198477608817,10.746359143469851,2.6899655637221835,0.06964492844429504,2.6578781049407376,0.0201271039667457,2.656419956988293,0.0805619580413041,12.892844345961135,-5.3743730326608254,-29.42086318494479,-0.8084236781238358,16.07679235122825,2.738600194150468,7
141_S_4053,2054952.875,924976.125,724527.9375,1649504.0625,3704457.0,0.4452755322844887,3426300.166805636,305.3752746582031,122.7589111328125,2.487601668608944,15.017311070949743,3.0,3.0,1548183.4375,-101320.625,-6.142490176498126,-130701.79454180073,1599458.3541666667,41373.102997339614,342.42431640625,37.049041748046875,12.132299116067827,45.684133916238835,326.1189473470052,15.447368232015792,2.516589128235216,0.028987459626272027,1.1652773831142222,0.03398268093478851,2.5058727583880107,0.01298392721361899,16.222256192140453,1.2049451211907094,8.023707543234002,1.908071906049849,15.202490339600194,0.7682769729626476,3
141_S_4160,1868914.5,871557.5,719124.9375,1590682.4375,3459597.0,0.4597883619103612,3185793.089494854,313.09375,131.11654663085938,2.3879041635650173,17.43609208335036,3.0,3.0,1697232.25,106549.8125,6.698371088289582,30673.909677837768,1555483.0375,89780.33612815956,298.5403747558594,-14.553375244140625,-4.648248406153309,-0.4279740462146876,300.8115966796875,22.689740758464847,2.689052204105936,0.3011480405409186,12.611395596853441,0.05713764251261642,2.4566570571721327,0.11968678921192435,13.526811395941406,-3.9092806874089536,-22.420624235759266,-0.9680078542751651,17.11597728103728,2.0326580338566425,5
141_S_4232,1872930.0,957057.625,703129.25,1660186.875,3533117.0,0.4698929797682896,3225686.468178418,283.7473449707031,111.9105224609375,2.5354840295224377,14.878708775020938,3.0,3.0,1584602.25,-75584.625,-4.552778132281042,-14786.191380335898,1533248.640625,100737.12711422385,372.6742858886719,88.92694091796875,31.34018432036798,41.98905879045783,336.5509719848633,32.99113597391742,2.5567574844526346,0.021273454930196944,0.8390293404531455,0.005252973241097863,2.561336787839698,0.01726612564932217,15.782343485063995,0.9036347100430575,6.073340931036443,-0.42344622997049697,17.215117050654595,1.9212938824313055,4
141_S_4423,2046264.0,939281.5,605095.625,1544377.125,3590641.0,0.4301118170822424,3357294.07349116,279.9824523925781,112.11283111572266,2.4973274433347714,15.802973190186512,3.0,3.0,1544377.125,0.0,0.0,,1544377.125,,279.9824523925781,0.0,0.0,,279.9824523925781,,2.4973274433347714,0.0,0.0,,2.4973274433347714,,15.802973190186512,0.0,0.0,,15.802973190186512,,1
141_S_4426,2371571.0,1038912.625,731799.375,1770712.0,4142283.0,0.4274724831693054,3774524.914972368,286.5514831542969,116.89694213867188,2.451317164165432,11.664965828188352,3.0,3.0,1911236.625,140524.625,7.936051994903745,221340.12420916208,1793682.2291666667,88115.13678465801,315.09600830078125,28.544525146484375,9.961395010862413,40.25288784727775,296.673828125,13.047679928711728,2.576635942024887,0.1253187778594551,5.112303690906549,0.1245755480466608,2.5561991570090075,0.07863181656659476,11.244264583811509,-0.4207012443768434,-3.6065364491700462,-0.5263383867732873,11.43820606507858,0.173311211355731,3
141_S_4438,2533734.75,587934.5,653073.8125,1241008.3125,3774743.0,0.3287663060769965,3401361.0092934687,319.51373291015625,128.42901611328125,2.487862479149304,13.95605159151456,3.0,3.0,1286357.875,45349.5625,3.6542513086510855,99542.86547477556,1215836.0625,70152.97999396644,357.8327941894531,38.319061279296875,11.99293092358937,48.20683584038104,339.859619140625,15.733402537176314,2.5680703103966414,0.08020783124733732,3.223965629915504,0.09174393982955062,2.541067474695463,0.037623033138019346,15.845071047262756,1.8890194557481959,13.535486332658309,1.9014513431655633,15.509617720698266,1.1561279415870414,3
141_S_4456,1842716.375,864294.375,567563.25,1431857.625,3274574.0,0.4372653129842233,3053606.3940229244,302.7574768066406,122.7878875732422,2.465694950247864,17.3473347560663,3.0,3.0,1431857.625,0.0,0.0,,1431857.625,,302.7574768066406,0.0,0.0,,302.7574768066406,,2.465694950247864,0.0,0.0,,2.465694950247864,,17.3473347560663,0.0,0.0,,17.3473347560663,,1
141_S_4711,1835709.25,914958.625,478804.0625,1393762.6875,3229472.0,0.4315760246566621,2955694.150742423,293.7900390625,115.51374053955078,2.5433341102704143,14.860260652106984,3.0,3.0,1384911.1875,-8851.5,-0.6350794205774718,30.855460124865377,1376120.1354166667,19037.486441098485,317.8876953125,24.09765625,8.20233944176492,30.268339031184155,306.63990275065106,9.902835725389947,2.477344261718702,-0.06598984855171253,-2.594619727122533,-0.11258570865038978,2.5425678771385987,0.05294481798088395,15.718830041077188,0.8585693889702046,5.777619983055083,1.7421543694582944,14.548765609042443,1.1047018323546316,3
141_S_6075,1721867.5,1153993.25,390495.1875,1544488.4375,3266356.0,0.4728475516753226,3039120.0,291.5316772460937,98.85065460205078,2.94921339135808,13.939372048521465,3.0,3.0,1544488.4375,0.0,0.0,,1544488.4375,,291.5316772460937,0.0,0.0,,291.5316772460937,,2.94921339135808,0.0,0.0,,2.94921339135808,,13.939372048521465,0.0,0.0,,13.939372048521465,,1
153_S_2109,1965345.625,910344.3125,351611.125,1261955.4375,3227301.0,0.3910250198230657,3104600.102952041,327.7286071777344,121.4270248413086,2.698975824426752,15.158448618905563,3.0,3.0,1282220.875,20265.4375,1.6058758413963408,20886.28631542139,1272132.5364583333,77204.30651653673,296.3436279296875,-31.384979248046875,-9.57651500682884,-0.43341923251752584,307.0863087972005,18.572212996787695,2.615546709911821,-0.08342911451493107,-3.0911397486359835,-0.022973571766507626,2.6585310844770778,0.05148908004433254,15.152093498046389,-0.006355120859174335,-0.04192461259688706,0.0006833438642949016,14.880797279819758,1.0229338577459437,6
153_S_2148,1562621.625,774358.5,692546.9375,1466905.4375,3029527.0,0.4842027938684818,2818535.033433081,313.5289001464844,122.32732391357422,2.5630324244235414,16.315258923608585,3.0,3.0,1482548.5,15643.0625,1.0663988352691616,-3059.4892724727138,1463888.03125,40419.95988574257,314.46923828125,0.940338134765625,0.29992072001218645,-6.592902288396541,327.2067337036133,13.773720765141938,2.6542037218578867,0.09117129743434527,3.5571651987528345,0.05439712790006019,2.5829701992426988,0.04123133784429002,15.22695183384682,-1.0883070897617646,-6.670486167932997,-0.31895356303281974,16.531273650319385,1.5876389033576521,4
153_S_4077,2094861.0,998200.375,517223.6875,1515424.0625,3610285.0,0.4197519205547484,3455228.905089281,277.6659545898437,105.85565948486328,2.623061944141837,15.317799502730391,3.0,3.0,1631613.375,116189.3125,7.667115454688117,30484.42672527779,1550863.61875,47980.627778230715,260.6976928710937,-16.96826171875,-6.111034297962382,-3.705203571688709,276.4324890136719,9.904601265888767,2.5700552994015275,-0.05300664474030947,-2.0207927174076388,-0.022593715993871263,2.6274797404741133,0.0370757299511918,12.895932860599602,-2.421866642130789,-15.810799989248405,-0.5559804455147277,14.792152190224353,1.2865568552857267,5
153_S_4133,1541403.0,746836.25,576296.6875,1323132.9375,2864536.0,0.4619013122893201,2672802.1093441523,347.806884765625,132.68368530273438,2.621323649179148,18.62434354112313,3.0,3.0,1339731.5,16598.5625,1.2544894038661176,-2857.7926719601433,1331081.640625,28716.89866966587,321.35614013671875,-26.45074462890625,-7.605008925205863,-10.129631702620424,326.0815963745117,12.799143974244757,2.6190906265870355,-0.0022330225921125546,-0.08518683272139296,8.49241655309817e-05,2.6253428178966702,0.009885139365677118,16.827537274725582,-1.7968062663975495,-9.647622008422177,-1.4473493299859541,18.216852947479413,1.2299579155602178,4
153_S_4159,1546465.875,759876.75,499973.46875,1259850.21875,2806316.0,0.4489338402197044,2597889.331510244,337.9468688964844,130.2577667236328,2.594446955466828,20.503617467367185,3.0,3.0,1147772.21875,-112078.0,-8.89613688452598,-25513.187607119235,1183743.41875,47645.512550426116,322.978759765625,-14.968109130859375,-4.429130880761087,0.934843970716325,318.61485595703124,12.364214676556605,2.6084647974614814,0.014017841994653502,0.5403017381070804,-0.006296869949685718,2.6164152992102485,0.02675297898880633,16.39565473340751,-4.107962733959674,-20.035307137863644,-0.6093893784987998,18.341438881348537,1.5280986593108352,5
153_S_4297,1619033.0,780099.9375,383825.0,1163924.9375,2782958.0,0.4182330230998815,2728015.2600282803,285.28106689453125,100.1076202392578,2.84974373941728,19.141709205426192,3.0,3.0,1163924.9375,0.0,0.0,,1163924.9375,,285.28106689453125,0.0,0.0,,285.28106689453125,,2.84974373941728,0.0,0.0,,2.84974373941728,,19.141709205426192,0.0,0.0,,19.141709205426192,,1
153_S_4621,1849275.5,801792.4375,340021.0625,1141813.5,2991089.0,0.3817383902652178,2886588.048160693,279.0489501953125,105.2815933227539,2.6505008020666274,20.11670491419793,3.0,3.0,1233145.125,91331.625,7.99882161141027,182288.94006147538,1187479.3125,45665.8125,283.37713623046875,4.32818603515625,1.5510490299737223,8.638633602955302,281.2130432128906,2.164093017578125,2.5971915433319497,-0.053309258734677734,-2.0112900434933603,-0.10640003690077073,2.6238461726992885,0.026654629367338867,20.40530944365685,0.28860452945892234,1.4346511055855455,0.5760262534692425,20.26100717892739,0.14430226472946117,2
153_S_4838,1616468.25,729111.0,402287.6875,1131398.6875,2747867.0,0.4117370627836063,2611097.6124864654,272.8626708984375,113.02650451660156,2.41414763423221,14.973749228141392,3.0,3.0,1162636.4375,31237.75,2.7609851721699123,9885.509731643295,1155956.1953125,14770.308348711053,314.5249328613281,41.662261962890625,15.268582479865037,16.494997530082124,297.75230407714844,16.176357263068766,2.4520457606711523,0.03789812643894219,1.5698346655172655,0.003130664614094771,2.4658673813539203,0.0356469352879206,17.279065550380263,2.3053163222388715,15.395718781681625,0.8561883309933499,16.839242335871198,1.0857139931267725,4
153_S_6274,1968083.125,1167549.25,684632.75,1852182.0,3820265.0,0.4848307643579699,3523414.0,383.51666259765625,152.520751953125,2.5145211728368824,10.21290051975913,3.0,3.0,1852182.0,0.0,0.0,,1852182.0,,383.51666259765625,0.0,0.0,,383.51666259765625,,2.5145211728368824,0.0,0.0,,2.5145211728368824,,10.21290051975913,0.0,0.0,,10.21290051975913,,1
153_S_6336,1716326.125,1027913.6875,763779.125,1791692.8125,3508019.0,0.5107420491451158,3291060.0,363.5747375488281,144.6260528564453,2.513895165180332,13.400154303461845,3.0,3.0,1791692.8125,0.0,0.0,,1791692.8125,,363.5747375488281,0.0,0.0,,363.5747375488281,,2.513895165180332,0.0,0.0,,2.513895165180332,,13.400154303461845,0.0,0.0,,13.400154303461845,,1
153_S_6679,1709088.5,1007307.4375,583695.125,1591002.5625,3300091.0,0.4821086941238893,3045020.0,320.82373046875,123.71324920654295,2.5932851164537767,12.3685660281646,3.0,3.0,1591002.5625,0.0,0.0,,1591002.5625,,320.82373046875,0.0,0.0,,320.82373046875,,2.5932851164537767,0.0,0.0,,2.5932851164537767,,12.3685660281646,0.0,0.0,,12.3685660281646,,1
168_S_6180,1791863.685026662,985968.1517485962,749944.9728068443,1735913.1245554406,3527776.8720821,0.4920699884091313,3250170.886699106,302.9450988769531,114.55472564697266,2.6445447319738253,13.772565507435903,3.0,3.0,1534917.5563121662,-200995.56824327447,-11.578665164752902,-47363.35943931485,1627526.6659086868,85670.57053000928,329.8063049316406,26.8612060546875,8.86669107843784,3.7631593396197105,316.81128692626953,12.351559909881493,2.5828139824384384,-0.06173074953538693,-2.334267550441946,-0.013597888749612387,2.630938858961419,0.02782505391919467,12.932721079150276,-0.8398444282856268,-6.097951959874062,-0.36105094792977455,13.707519739815062,1.0103794312312588,4
168_S_6426,1439448.7263975358,964076.984192148,586568.1778821135,1550645.162074261,2990093.950971796,0.5185941269739346,2769783.467894026,330.71417236328125,130.41505432128906,2.5358588511774007,16.517098459156703,3.0,3.0,1550645.162074261,0.0,0.0,,1550645.162074261,,330.71417236328125,0.0,0.0,,330.71417236328125,,2.5358588511774007,0.0,0.0,,2.5358588511774007,,16.517098459156703,0.0,0.0,,16.517098459156703,,1
168_S_6467,1305615.7374631425,923572.6161316184,413243.5585319292,1336816.1746635474,2642431.974626689,0.5059037233503075,2499646.43577552,327.65850830078125,121.00608825683594,2.707785288435565,18.61342514619648,3.0,3.0,1336816.1746635474,0.0,0.0,,1336816.1746635474,,327.65850830078125,0.0,0.0,,327.65850830078125,,2.707785288435565,0.0,0.0,,2.707785288435565,,18.61342514619648,0.0,0.0,,18.61342514619648,,1
168_S_6541,1454326.0526524947,1050948.2880485856,496901.7367398559,1547850.0247884416,3002176.108690937,0.5155760251064562,2853186.943912507,319.5264587402344,115.77937316894533,2.75978740629554,17.115519318269936,3.0,3.0,1509103.5254586656,-38746.49932977604,-2.503246355219193,2802.7562508389938,1542836.0527699746,69216.56909161176,310.5862731933594,-8.940185546875,-2.7979484334795286,-1.6830496733848876,309.97132110595703,6.127945425513944,2.769318049210381,0.009530642914840737,0.3453397494712721,0.0002956975294326592,2.709722713729988,0.06251403413693894,15.315587926040198,-1.7999313922297375,-10.516370311407398,-0.6578267626067962,15.573831023209362,1.4316277666337291,4
168_S_6591,2182937.3455810244,882663.6636478784,746891.0327030045,1629554.696350883,3812492.166931913,0.4274250608263572,3522114.7607779345,301.03533935546875,115.66970825195312,2.602542543785168,11.301277400516746,3.0,3.0,1589642.781919072,-39911.91443181108,-2.4492528247862544,-39939.251359504095,1609598.7391349776,19955.95721590554,399.2344665527344,98.19912719726562,32.62046489542215,98.26638687342813,350.13490295410156,49.09956359863281,2.613388838431476,0.010846294646307708,0.4167576308102434,0.010853723615243534,2.6079656911083218,0.005423147323153854,10.579253663193397,-0.7220237373233491,-6.3888683706705125,-0.7225182741297349,10.940265531855072,0.36101186866167456,2
168_S_6619,1398783.8968584894,1032598.2988597552,520282.58663615264,1552880.885495908,2951664.782354397,0.5261034026557893,2778191.796642757,351.0362243652344,130.0020294189453,2.700236475030297,18.507759913344444,3.0,3.0,1527682.7453271665,-25198.14016874158,-1.6226705089936517,-25215.39916885715,1540281.8154115374,12599.070084370791,301.923095703125,-49.113128662109375,-13.99090044080744,-49.14676779132999,326.4796600341797,24.556564331054688,2.671714593172604,-0.02852188185769311,-1.0562734827649898,-0.028541417393212073,2.6859755341014506,0.014260940928846555,17.26784322653602,-1.2399166868084244,-6.699442248083308,-1.2407659448130877,17.88780156994023,0.6199583434042122,2
168_S_6634,1811677.0894365823,756770.4851445133,583014.4260553636,1339784.911199877,3151461.9381364607,0.4251312367085498,2844766.326543573,352.88134765625,154.41561889648438,2.2852697667037254,13.687692583069314,3.0,3.0,1339784.911199877,0.0,0.0,,1339784.911199877,,352.88134765625,0.0,0.0,,352.88134765625,,2.2852697667037254,0.0,0.0,,2.2852697667037254,,13.687692583069314,0.0,0.0,,13.687692583069314,,1
168_S_6821,1447528.0294284143,887140.2680356656,675385.826230673,1562526.0942663387,3010054.061194752,0.5191023358717153,2797596.6242741416,314.0250244140625,117.58651733398438,2.67058697598417,17.37490858365966,3.0,3.0,1425391.5389527422,-137134.5553135965,-8.77646497020493,-13017.415814830825,1413294.217059416,127074.26811910777,335.93731689453125,21.91229248046875,6.977880989374899,0.12874983855540034,346.3208821614583,31.47683806721001,2.616533040524896,-0.05405393545927417,-2.024046995861429,-0.011981215920855905,2.6414316009356447,0.022271765950101337,13.079599379298132,-4.295309204361528,-24.72133412201707,-0.8780421306201796,14.737530002774113,1.8853662802796962,3
168_S_6874,1841320.6996197177,570931.6093787692,570492.7343907772,1141424.3437695464,2982744.918389268,0.3826758153982321,2813409.3750475086,366.6051330566406,135.52427673339844,2.705088263062515,18.244065088130927,3.0,3.0,1485602.7627248133,344178.41895526694,30.153414970861753,137690.21634546688,1313513.5532471798,172089.20947763347,366.6659851074219,0.06085205078125,0.01659879944230032,0.024344152845401493,366.63555908203125,0.030426025390625,2.6180400342389585,-0.08704822882355634,-3.2179441244924973,-0.03482405868324639,2.6615641486507364,0.04352411441177817,15.710523421036182,-2.5335416670947453,-13.886936134332231,-1.0135554150124377,16.977294254583555,1.2667708335473726,2
168_S_6875,1556623.247091979,1202980.2477526406,359603.4055782034,1562583.653330844,3119206.994172823,0.5009554211214581,2918690.340891319,270.8642578125,88.40293884277344,3.063973418692161,17.68722055730439,3.0,3.0,1596617.6499098649,34033.99657902098,2.178059171838463,13615.46248684273,1579600.6516203545,17016.99828951049,256.4184265136719,-14.445831298828125,-5.333236439348872,-5.779123638441373,263.64134216308594,7.2229156494140625,2.8718284665074183,-0.19214495218474292,-6.271103757380468,-0.07686850359855132,2.9679009425997895,0.09607247609237146,18.51012372343293,0.8229031661285404,4.652529567675355,0.3292063323422228,18.09867214036866,0.4114515830642702,2
301_S_6056,2051241.0,1352371.375,493858.65625,1846230.03125,3897471.0,0.4736994916062236,3624496.0,91182.9609375,31920.71875,2.856544730360856,20.919244188945445,3.0,3.0,1866805.8125,20575.78125,1.1144754933960779,2804.103728668661,1834722.1875,46600.723791920434,3662902.0,3571719.0390625,3917.090432620061,447462.1046409509,791016.57578125,1435981.2048323967,2.8005853249930537,-0.05595940536780253,-1.958989291259353,-0.0020461561921143617,2.792029088517617,0.04110641894051146,24.65393917018124,3.734694981235794,17.852915466273657,0.6705090532741621,20.72004030914642,2.306207348686379,5
301_S_6297,1705963.625,1164832.875,874400.5625,2039233.4375,3745197.0,0.5444929699292187,3547348.0,56941.87109375,19731.169921875,2.885884177994707,23.635456411962988,3.0,3.0,1553400.625,-485832.8125,-23.82428630120969,-114490.38193017321,1824939.7125,174498.11380310103,56000.65234375,-941.21875,-1.6529466487856759,31.779099271810644,54513.62890625,3627.4933826498172,2.724348667967045,-0.1615355100276621,-5.597435658000214,-0.04020427350593947,2.8339898066072156,0.06280430997735613,24.99200234925232,1.356545937289333,5.739453106573913,0.6642979142186186,23.05698210549736,1.6748620685542182,5
301_S_6615,1641235.25,1053745.875,764653.8125,1818399.6875,3459635.0,0.5256044893464195,3252865.0,64110.71484375,22925.845703125,2.796438380993496,16.974219361400852,3.0,3.0,1818399.6875,0.0,0.0,,1818399.6875,,64110.71484375,0.0,0.0,,64110.71484375,,2.796438380993496,0.0,0.0,,2.796438380993496,,16.974219361400852,0.0,0.0,,16.974219361400852,,1
301_S_6777,1778339.5,1169404.875,511868.6875,1681273.5625,3459613.0,0.4859715703750679,3299282.0,193382.84375,71012.3515625,2.7232282763805538,21.190320449537804,3.0,3.0,1681273.5625,0.0,0.0,,1681273.5625,,193382.84375,0.0,0.0,,193382.84375,,2.7232282763805538,0.0,0.0,,2.7232282763805538,,21.190320449537804,0.0,0.0,,21.190320449537804,,1
301_S_6811,1860938.25,1391618.75,480734.96875,1872353.71875,3733292.0,0.501528870163384,3541639.0,64465.58203125,22663.380859375,2.8444821374361937,22.00393293546176,3.0,3.0,1872353.71875,0.0,0.0,,1872353.71875,,64465.58203125,0.0,0.0,,64465.58203125,,2.8444821374361937,0.0,0.0,,2.8444821374361937,,22.00393293546176,0.0,0.0,,22.00393293546176,,1
305_S_6378,2253349.5,1494919.0,377450.46875,1872369.46875,4125719.0,0.453828646291713,3771192.0,159070.859375,53013.57421875,3.000568471682839,23.036866875871887,3.0,3.0,1783794.0625,-88575.40625,-4.730658544071071,-44318.0371682363,1764654.90625,96713.66714384688,48296.453125,-110774.40625,-69.63840308981797,-55425.13956549658,80853.35026041667,55566.24205842982,2.816370535750384,-0.18419793593245481,-6.138767959164393,-0.09216204945113578,2.910397726167686,0.07524791924435151,20.90270410327167,-2.1341627726002166,-9.264119049259575,-1.0678122639619578,21.303220986011933,1.283637383169698,3
305_S_6498,1999334.75,1321632.5,626853.6875,1948486.1875,3947821.0,0.4935599125441604,3637850.0,50668.59765625,17255.509765625,2.936372111952984,21.72817503340821,3.0,3.0,1676814.375,-271671.8125,-13.942711744267882,-90756.06556996086,1828380.9791666667,113118.69281892966,42885.5078125,-7783.08984375,-15.360776109401463,-2516.6952402611305,46838.95703125,3178.638944043594,2.898248897486776,-0.03812321446620803,-1.2983100578779248,-0.016764819640068505,2.938307958503799,0.03352634850912065,23.048108683539176,1.3199336501309666,6.074756154631023,0.4483249078961904,22.277291451306894,0.5612008841131971,3
305_S_6742,1631517.125,1071455.75,690412.25,1761868.0,3393385.0,0.5192066329049018,3133624.0,53738.10546875,20055.146484375,2.679516976250357,26.95791478778716,3.0,3.0,1573484.0,-188384.0,-10.692287958008205,-188513.0301369863,1667676.0,94192.0,53619.234375,-118.87109375,-0.22120447439131696,-118.95251230736301,53678.669921875,59.435546875,2.725684775707944,0.04616779945758687,1.7229896233832722,0.04619942123803726,2.7026008759791504,0.023083899728793433,28.367544942591035,1.4096301548038745,5.229002932535733,1.4105956549099046,27.6627298651891,0.7048150774019373,2
305_S_6744,2262020.5,1338669.0,650475.75,1989144.75,4251165.0,0.4679057975872496,3958588.0,47720.21484375,16354.0244140625,2.917949345837981,23.48447337319873,3.0,3.0,2201427.3125,212282.5625,10.672052021352393,82479.88565496575,2135157.359375,107758.6516376228,44103.38671875,-3616.828125,-7.579236884918808,-1002.1015261130138,43696.8515625,2574.608969134607,2.9589759796236152,0.0410266337856342,1.4060091154136232,0.012593078430061574,2.9328571476713985,0.01558124903640131,24.66454040729816,1.1800670340994301,5.024881824457526,0.018689919350556486,24.595317732856376,1.360514669568611,4
305_S_6845,1877161.75,1177655.375,495341.0,1672996.375,3550158.0,0.4712456107587324,3343267.0,52506.31640625,17956.421875,2.9240968367104543,30.065876089201225,3.0,3.0,1672996.375,0.0,0.0,,1672996.375,,52506.31640625,0.0,0.0,,52506.31640625,,2.9240968367104543,0.0,0.0,,2.9240968367104543,,30.065876089201225,0.0,0.0,,30.065876089201225,,1
305_S_6871,1596150.25,1029957.8125,546844.9375,1576802.75,3172953.0,0.4969511839601784,2959755.0,41097.11328125,13955.787109375,2.9448079822525823,26.8789237893345,3.0,3.0,1598191.4375,21388.6875,1.3564592971441736,15427.330364437616,1540847.984375,57171.66801693496,891.3325805664062,-40205.780700683594,-97.83115525787291,-10818.814715999464,41962.1436920166,25779.01499418792,2.843119620996048,-0.10168836125653424,-3.4531406417456596,-0.020782783973173295,2.889408580104628,0.03817406686043316,27.911318394960684,1.032394605626184,3.840907521884622,0.07618388648441692,28.71126976295666,1.3669769300612449,4
305_S_6877,1727737.5497346728,1346073.8163610671,935027.521767452,2281101.3381285192,4008838.8253631946,0.5690179719115684,3735201.8371468927,52836.51953125,17688.0703125,2.9871274025252927,23.56022499883486,3.0,3.0,2281101.3381285192,0.0,0.0,,2281101.3381285192,,52836.51953125,0.0,0.0,,52836.51953125,,2.9871274025252927,0.0,0.0,,2.9871274025252927,,23.56022499883486,0.0,0.0,,23.56022499883486,,1
305_S_6899,1504435.5,941918.4375,306213.0,1248131.4375,2752567.0,0.4534427091148008,2664667.0,55149.06640625,18098.369140625,3.04718430565166,39.33010255397844,3.0,3.0,1248131.4375,0.0,0.0,,1248131.4375,,55149.06640625,0.0,0.0,,55149.06640625,,3.04718430565166,0.0,0.0,,3.04718430565166,,39.33010255397844,0.0,0.0,,39.33010255397844,,1
941_S_10039,1631144.875,1228857.5,530673.5625,1759531.0625,3390676.0,0.518932231360354,3148008.0,245.0294189453125,90.00900268554688,2.722276760237686,20.91457414539948,3.0,3.0,1759531.0625,0.0,0.0,,1759531.0625,,245.0294189453125,0.0,0.0,,245.0294189453125,,2.722276760237686,0.0,0.0,,2.722276760237686,,20.91457414539948,0.0,0.0,,20.91457414539948,,1
941_S_1295,1786533.75,813641.5,231442.75,1045084.25,2831618.0,0.3690767080870372,2706473.449337482,286.3982238769531,94.8620376586914,3.019102561219444,9.989483078943476,1.494,1.494,1045084.25,0.0,0.0,,1045084.25,,286.3982238769531,0.0,0.0,,286.3982238769531,,3.019102561219444,0.0,0.0,,3.019102561219444,,9.989483078943476,0.0,0.0,,9.989483078943476,,1
941_S_1311,1667619.0,848097.0,341090.09375,1189187.09375,2856806.0,0.4162645604041716,2732518.67582798,279.9206237792969,98.05261993408205,2.854800015671988,10.356608777203784,1.494,1.494,1189187.09375,0.0,0.0,,1189187.09375,,279.9206237792969,0.0,0.0,,279.9206237792969,,2.854800015671988,0.0,0.0,,2.854800015671988,,10.356608777203784,0.0,0.0,,10.356608777203784,,1
941_S_2060,2319622.0,556564.75,529554.1875,1086118.9375,3405741.0,0.31890826034628,3033937.468284205,182.8761749267578,76.86567687988281,2.379165577808817,16.2052273987285,3.0,3.0,1041706.4375,-44412.5,-4.089100969202096,-45079.735057142156,1225409.35,166944.98056882672,362.8840026855469,180.00782775878906,98.43153589081928,32.92987560643007,247.46522521972656,61.518879902121064,2.078887328092549,-0.30027824971626815,-12.621158128591487,-0.07272968904513119,2.3576243836618285,0.14743138668756453,14.363602123751244,-1.8416252749772557,-11.364390203631167,-0.019423192300802687,13.722847746523694,1.5796161930491317,5
941_S_4036,1944722.5,895472.125,505265.3125,1400737.4375,3345460.0,0.4186980078972697,3193793.0414614035,260.8807983398437,103.54924774169922,2.5193886146929354,13.540844382095331,3.0,3.0,1776857.0,376119.5625,26.85153922717226,53963.48222140097,1446320.3055555555,271400.03784353565,310.9799499511719,50.09915161132818,19.20384786083992,4.669329968326053,294.43648952907984,31.853727936937656,2.737903000462304,0.21851438576936877,8.673310044151384,0.031274971074925606,2.5489545516069847,0.16855765782223275,14.959911431043103,1.4190670489477721,10.479900727787433,0.35335439876391905,15.230593453618512,1.957011381043604,9
941_S_4187,2254321.75,1005933.3125,660858.0,1666791.3125,3921113.0,0.4250811727435552,3558826.2106443755,249.86361694335932,100.46070098876952,2.487177692340748,12.799162379978036,3.0,3.0,2079486.875,412695.5625,24.759882020323403,36993.55897367247,1672162.0208333333,384149.3844890353,307.9804382324219,58.11682128906256,23.25941727732087,6.853113660152414,285.08485243055554,34.242999226672836,2.6664699767573667,0.17929228441661893,7.208664060020668,0.021271001764326412,2.5367180747408824,0.09817498114069477,15.166909761892397,2.367747381914361,18.499236993963542,0.40764376005622416,15.079021848752992,2.191508492564426,9
941_S_4377,2514353.0,1095653.875,930673.125,2026327.0,4540680.0,0.4462606922311196,3855540.1136527536,201.17002868652344,73.2562484741211,2.7461142241194025,9.134580516714902,3.0,3.0,1382593.5,-643733.5,-31.768490475624123,-824366.9118198311,1701366.7916666667,262839.51150076697,220.8190155029297,19.64898681640625,9.76735299224151,21.931467146805158,214.83403523763022,9.686631827813565,2.456753066654913,-0.2893611574644894,-10.53711294756062,-0.3301786218052313,2.5532415727298474,0.1363815663578225,10.32917721808484,1.1945967013699388,13.077740123741943,1.3887566305270616,9.901104945592413,0.5432480810533806,3
941_S_4420,1821748.5,839255.6875,409156.78125,1248412.46875,3070161.0,0.4066276878476406,2902185.9359911177,244.22837829589844,95.07037353515624,2.5689220168748235,14.724894079788388,3.0,3.0,1386632.0625,138219.59375,11.071628745297247,195566.2140674879,1296671.7916666667,63667.84021762305,255.6001892089844,11.371810913085966,4.656220129877079,6.608236543812699,259.18889872233075,13.913661616790657,2.561374280242002,-0.0075477366328216,-0.29380948830839426,-0.05748467381972455,2.620538093466385,0.07839379258076593,14.530298489790304,-0.1945955899980838,-1.3215415265036687,0.5492511114445204,13.701190433146325,1.3125421305712988,3
941_S_4764,1657285.75,571649.375,452836.75,1024486.125,2681772.0,0.3820183539092809,2448158.54976353,250.040267944336,102.04633331298828,2.450262124824912,13.256430369218853,3.0,3.0,946334.0625,-78152.0625,-7.6284159046077855,-45314.239764419086,991240.1666666666,32953.55791506108,247.69171142578125,-2.3485565185547443,-0.9392713173214086,-0.7791740414041115,245.43860880533853,4.940968090986724,2.443713152279327,-0.006548972545584952,-0.26727640603157593,-0.0020554388337538274,2.4367050039924845,0.014785578126713385,15.259703279994516,2.0032729107756637,15.11170696017248,1.1316317245473715,14.293579186650227,0.8193733265268991,3
941_S_6052,1725515.5,546720.9375,375755.53125,922476.46875,2647992.0,0.3483682989789999,2488766.0327851307,292.37646484375,116.76177978515624,2.5040425289652606,21.45970774837368,3.0,3.0,922476.46875,0.0,0.0,,922476.46875,,292.37646484375,0.0,0.0,,292.37646484375,,2.5040425289652606,0.0,0.0,,2.5040425289652606,,21.45970774837368,0.0,0.0,,21.45970774837368,,1
941_S_6068,2470207.25,546354.8125,414510.03125,960864.84375,3431072.0,0.2800479977540547,3165805.3681689897,281.7290344238281,114.25765228271484,2.4657344723046988,18.608310816062964,3.0,3.0,1564512.125,603647.28125,62.82332891836538,103892.10560429867,1496683.0078125,319899.35933589307,294.0657653808594,12.33673095703125,4.3789348805533805,5.390527604236229,282.41829681396484,13.922308603999802,2.6405510038963618,0.174816531591663,7.08983605311985,0.03369764980279004,2.5799450865323745,0.07020311123653132,16.380382722302002,-2.227928093760962,-11.972758386203342,-0.25642345551552675,16.080740551754293,1.713367207796512,4
941_S_6345,1548687.875,1054077.75,427993.21875,1482070.96875,3030759.0,0.4890098383771194,2834316.0,309.4531555175781,111.8512191772461,2.7666497962847454,14.453885665017545,3.0,3.0,1482070.96875,0.0,0.0,,1482070.96875,,309.4531555175781,0.0,0.0,,309.4531555175781,,2.7666497962847454,0.0,0.0,,2.7666497962847454,,14.453885665017545,0.0,0.0,,14.453885665017545,,1
