subject,visit_code,acq_date,path,diagnosis,cdrtot
OAS30001,d0129,2000-05-09,/project/rrg-mchakrav-ab/moncia/oasis_3_bids/sub-OAS30001/ses-d0129/anat/sub-OAS30001_ses-d0129_run-01_T1w.nii.gz,1,0.0
OAS30001,d0757,2002-01-27,/project/rrg-mchakrav-ab/moncia/oasis_3_bids/sub-OAS30001/ses-d0757/anat/sub-OAS30001_ses-d0757_run-01_T1w.nii.gz,1,0.0
OAS30001,d3132,2008-07-29,/project/rrg-mchakrav-ab/moncia/oasis_3_bids/sub-OAS30001/ses-d3132/anat/sub-OAS30001_ses-d3132_T1w.nii.gz,1,0.0
OAS30001,d3746,2010-04-04,/project/rrg-mchakrav-ab/moncia/oasis_3_bids/sub-OAS30001/ses-d3746/anat/sub-OAS30001_ses-d3746_T1w.nii.gz,1,0.0
OAS30001,d4467,2012-03-25,/project/rrg-mchakrav-ab/moncia/oasis_3_bids/sub-OAS30001/ses-d4467/anat/sub-OAS30001_ses-d4467_T1w.nii.gz,1,0.0
OAS30002,d0653,2001-10-15,/project/rrg-mchakrav-ab/moncia/oasis_3_bids/sub-OAS30002/ses-d0653/anat/sub-OAS30002_ses-d0653_run-01_T1w.nii.gz,1,0.0
OAS30002,d1680,2004-08-07,/project/rrg-mchakrav-ab/moncia/oasis_3_bids/sub-OAS30002/ses-d1680/anat/sub-OAS30002_ses-d1680_T1w.nii.gz,1,0.0
OAS30002,d2340,2006-05-29,/project/rrg-mchakrav-ab/moncia/oasis_3_bids/sub-OAS30002/ses-d2340/anat/sub-OAS30002_ses-d2340_run-01_T1w.nii.gz,1,0.0
OAS30002,d2345,2006-06-03,/project/rrg-mchakrav-ab/moncia/oasis_3_bids/sub-OAS30002/ses-d2345/anat/sub-OAS30002_ses-d2345_T1w.nii.gz,1,0.0
OAS30003,d2669,2007-04-23,/project/rrg-mchakrav-ab/moncia/oasis_3_bids/sub-OAS30003/ses-d2669/anat/sub-OAS30003_ses-d2669_T1w.nii.gz,1,0.0
OAS30003,d2682,2007-05-06,/project/rrg-mchakrav-ab/moncia/oasis_3_bids/sub-OAS30003/ses-d2682/anat/sub-OAS30003_ses-d2682_T1w.nii.gz,1,0.0
OAS30003,d3320,2009-02-02,/project/rrg-mchakrav-ab/moncia/oasis_3_bids/sub-OAS30003/ses-d3320/anat/sub-OAS30003_ses-d3320_T1w.nii.gz,1,0.0
OAS30003,d3731,2010-03-20,/project/rrg-mchakrav-ab/moncia/oasis_3_bids/sub-OAS30003/ses-d3731/anat/sub-OAS30003_ses-d3731_T1w.nii.gz,1,0.0
OAS30003,d4954,2013-07-25,/project/rrg-mchakrav-ab/moncia/oasis_3_bids/sub-OAS30003/ses-d4954/anat/sub-OAS30003_ses-d4954_T1w.nii.gz,1,0.0
OAS30004,d1101,2003-01-06,/project/rrg-mchakrav-ab/moncia/oasis_3_bids/sub-OAS30004/ses-d1101/anat/sub-OAS30004_ses-d1101_run-01_T1w.nii.gz,1,0.0
OAS30004,d2229,2006-02-07,/project/rrg-mchakrav-ab/moncia/oasis_3_bids/sub-OAS30004/ses-d2229/anat/sub-OAS30004_ses-d2229_run-01_T1w.nii.gz,1,0.0
OAS30004,d2232,2006-02-10,/project/rrg-mchakrav-ab/moncia/oasis_3_bids/sub-OAS30004/ses-d2232/anat/sub-OAS30004_ses-d2232_run-01_T1w.nii.gz,1,0.0
OAS30004,d3457,2009-06-19,/project/rrg-mchakrav-ab/moncia/oasis_3_bids/sub-OAS30004/ses-d3457/anat/sub-OAS30004_ses-d3457_T1w.nii.gz,1,0.0
OAS30004,d4700,2012-11-13,/project/rrg-mchakrav-ab/moncia/oasis_3_bids/sub-OAS30004/ses-d4700/anat/sub-OAS30004_ses-d4700_T1w.nii.gz,1,0.0
OAS30005,d0143,2000-05-23,/project/rrg-mchakrav-ab/moncia/oasis_3_bids/sub-OAS30005/ses-d0143/anat/sub-OAS30005_ses-d0143_T1w.nii.gz,1,0.0
OAS30005,d1274,2003-06-28,/project/rrg-mchakrav-ab/moncia/oasis_3_bids/sub-OAS30005/ses-d1274/anat/sub-OAS30005_ses-d1274_run-01_T1w.nii.gz,1,0.0
OAS30005,d2377,2006-07-05,/project/rrg-mchakrav-ab/moncia/oasis_3_bids/sub-OAS30005/ses-d2377/anat/sub-OAS30005_ses-d2377_T1w.nii.gz,1,0.0
OAS30005,d2384,2006-07-12,/project/rrg-mchakrav-ab/moncia/oasis_3_bids/sub-OAS30005/ses-d2384/anat/sub-OAS30005_ses-d2384_T1w.nii.gz,1,0.0
OAS30005,d3453,2009-06-15,/project/rrg-mchakrav-ab/moncia/oasis_3_bids/sub-OAS30005/ses-d3453/anat/sub-OAS30005_ses-d3453_T1w.nii.gz,1,0.0
OAS30006,d0166,2000-06-15,/project/rrg-mchakrav-ab/moncia/oasis_3_bids/sub-OAS30006/ses-d0166/anat/sub-OAS30006_ses-d0166_T1w.nii.gz,1,0.0
OAS30006,d1308,2003-08-01,/project/rrg-mchakrav-ab/moncia/oasis_3_bids/sub-OAS30006/ses-d1308/anat/sub-OAS30006_ses-d1308_run-01_T1w.nii.gz,1,0.0
OAS30006,d2341,2006-05-30,/project/rrg-mchakrav-ab/moncia/oasis_3_bids/sub-OAS30006/ses-d2341/anat/sub-OAS30006_ses-d2341_T1w.nii.gz,1,0.0
OAS30006,d2342,2006-05-31,/project/rrg-mchakrav-ab/moncia/oasis_3_bids/sub-OAS30006/ses-d2342/anat/sub-OAS30006_ses-d2342_T1w.nii.gz,1,0.0
OAS30006,d3386,2009-04-09,/project/rrg-mchakrav-ab/moncia/oasis_3_bids/sub-OAS30006/ses-d3386/anat/sub-OAS30006_ses-d3386_T1w.nii.gz,1,0.0
OAS30006,d4440,2012-02-27,/project/rrg-mchakrav-ab/moncia/oasis_3_bids/sub-OAS30006/ses-d4440/anat/sub-OAS30006_ses-d4440_T1w.nii.gz,1,0.0
OAS30007,d0061,2000-03-02,/project/rrg-mchakrav-ab/moncia/oasis_3_bids/sub-OAS30007/ses-d0061/anat/sub-OAS30007_ses-d0061_run-01_T1w.nii.gz,1,0.0
OAS30007,d1636,2004-06-24,/project/rrg-mchakrav-ab/moncia/oasis_3_bids/sub-OAS30007/ses-d1636/anat/sub-OAS30007_ses-d1636_T1w.nii.gz,1,0.0
OAS30007,d1641,2004-06-29,/project/rrg-mchakrav-ab/moncia/oasis_3_bids/sub-OAS30007/ses-d1641/anat/sub-OAS30007_ses-d1641_T1w.nii.gz,1,0.0
OAS30007,d1981,2005-06-04,/project/rrg-mchakrav-ab/moncia/oasis_3_bids/sub-OAS30007/ses-d1981/anat/sub-OAS30007_ses-d1981_T1w.nii.gz,1,0.0
OAS30007,d2722,2007-06-15,/project/rrg-mchakrav-ab/moncia/oasis_3_bids/sub-OAS30007/ses-d2722/anat/sub-OAS30007_ses-d2722_T1w.nii.gz,2,0.5
OAS30007,d3807,2010-06-04,/project/rrg-mchakrav-ab/moncia/oasis_3_bids/sub-OAS30007/ses-d3807/anat/sub-OAS30007_ses-d3807_T1w.nii.gz,2,0.5
OAS30008,d0061,2000-03-02,/project/rrg-mchakrav-ab/moncia/oasis_3_bids/sub-OAS30008/ses-d0061/anat/sub-OAS30008_ses-d0061_run-01_T1w.nii.gz,1,0.0
OAS30008,d1313,2003-08-06,/project/rrg-mchakrav-ab/moncia/oasis_3_bids/sub-OAS30008/ses-d1313/anat/sub-OAS30008_ses-d1313_T1w.nii.gz,1,0.0
OAS30008,d1327,2003-08-20,/project/rrg-mchakrav-ab/moncia/oasis_3_bids/sub-OAS30008/ses-d1327/anat/sub-OAS30008_ses-d1327_T1w.nii.gz,1,0.0
OAS30008,d2035,2005-07-28,/project/rrg-mchakrav-ab/moncia/oasis_3_bids/sub-OAS30008/ses-d2035/anat/sub-OAS30008_ses-d2035_T1w.nii.gz,1,0.0
OAS30008,d3363,2009-03-17,/project/rrg-mchakrav-ab/moncia/oasis_3_bids/sub-OAS30008/ses-d3363/anat/sub-OAS30008_ses-d3363_run-01_T1w.nii.gz,1,0.0
OAS30009,d0148,2000-05-28,/project/rrg-mchakrav-ab/moncia/oasis_3_bids/sub-OAS30009/ses-d0148/anat/sub-OAS30009_ses-d0148_run-01_T1w.nii.gz,1,0.0
OAS30009,d1210,2003-04-25,/project/rrg-mchakrav-ab/moncia/oasis_3_bids/sub-OAS30009/ses-d1210/anat/sub-OAS30009_ses-d1210_T1w.nii.gz,1,0.0
OAS30009,d2457,2006-09-23,/project/rrg-mchakrav-ab/moncia/oasis_3_bids/sub-OAS30009/ses-d2457/anat/sub-OAS30009_ses-d2457_T1w.nii.gz,1,0.0
OAS30009,d3534,2009-09-04,/project/rrg-mchakrav-ab/moncia/oasis_3_bids/sub-OAS30009/ses-d3534/anat/sub-OAS30009_ses-d3534_T1w.nii.gz,1,0.0
OAS30010,d0068,2000-03-09,/project/rrg-mchakrav-ab/moncia/oasis_3_bids/sub-OAS30010/ses-d0068/anat/sub-OAS30010_ses-d0068_T1w.nii.gz,1,0.0
OAS30011,d0055,2000-02-25,/project/rrg-mchakrav-ab/moncia/oasis_3_bids/sub-OAS30011/ses-d0055/anat/sub-OAS30011_ses-d0055_T1w.nii.gz,1,0.0
OAS30011,d1671,2004-07-29,/project/rrg-mchakrav-ab/moncia/oasis_3_bids/sub-OAS30011/ses-d1671/anat/sub-OAS30011_ses-d1671_T1w.nii.gz,1,0.0
OAS30012,d0124,2000-05-04,/project/rrg-mchakrav-ab/moncia/oasis_3_bids/sub-OAS30012/ses-d0124/anat/sub-OAS30012_ses-d0124_run-01_T1w.nii.gz,1,0.0
OAS30012,d0581,2001-08-04,/project/rrg-mchakrav-ab/moncia/oasis_3_bids/sub-OAS30012/ses-d0581/anat/sub-OAS30012_ses-d0581_run-01_T1w.nii.gz,2,0.5
OAS30013,d0102,2000-04-12,/project/rrg-mchakrav-ab/moncia/oasis_3_bids/sub-OAS30013/ses-d0102/anat/sub-OAS30013_ses-d0102_T1w.nii.gz,2,0.5
OAS30013,d1216,2003-05-01,/project/rrg-mchakrav-ab/moncia/oasis_3_bids/sub-OAS30013/ses-d1216/anat/sub-OAS30013_ses-d1216_T1w.nii.gz,2,0.5
OAS30014,d0196,2000-07-15,/project/rrg-mchakrav-ab/moncia/oasis_3_bids/sub-OAS30014/ses-d0196/anat/sub-OAS30014_ses-d0196_run-01_T1w.nii.gz,1,0.0
OAS30014,d1176,2003-03-22,/project/rrg-mchakrav-ab/moncia/oasis_3_bids/sub-OAS30014/ses-d1176/anat/sub-OAS30014_ses-d1176_run-01_T1w.nii.gz,1,0.0
OAS30015,d0116,2000-04-26,/project/rrg-mchakrav-ab/moncia/oasis_3_bids/sub-OAS30015/ses-d0116/anat/sub-OAS30015_ses-d0116_run-01_T1w.nii.gz,1,0.0
OAS30015,d0788,2002-02-27,/project/rrg-mchakrav-ab/moncia/oasis_3_bids/sub-OAS30015/ses-d0788/anat/sub-OAS30015_ses-d0788_run-01_T1w.nii.gz,1,0.0
OAS30015,d1374,2003-10-06,/project/rrg-mchakrav-ab/moncia/oasis_3_bids/sub-OAS30015/ses-d1374/anat/sub-OAS30015_ses-d1374_run-01_T1w.nii.gz,1,0.0
OAS30015,d2004,2005-06-27,/project/rrg-mchakrav-ab/moncia/oasis_3_bids/sub-OAS30015/ses-d2004/anat/sub-OAS30015_ses-d2004_T1w.nii.gz,1,0.0
OAS30016,d0021,2000-01-22,/project/rrg-mchakrav-ab/moncia/oasis_3_bids/sub-OAS30016/ses-d0021/anat/sub-OAS30016_ses-d0021_T1w.nii.gz,2,0.5
OAS30017,d0054,2000-02-24,/project/rrg-mchakrav-ab/moncia/oasis_3_bids/sub-OAS30017/ses-d0054/anat/sub-OAS30017_ses-d0054_run-01_T1w.nii.gz,1,0.0
OAS30018,d0070,2000-03-11,/project/rrg-mchakrav-ab/moncia/oasis_3_bids/sub-OAS30018/ses-d0070/anat/sub-OAS30018_ses-d0070_run-01_T1w.nii.gz,1,0.0
OAS30018,d0893,2002-06-12,/project/rrg-mchakrav-ab/moncia/oasis_3_bids/sub-OAS30018/ses-d0893/anat/sub-OAS30018_ses-d0893_T1w.nii.gz,1,0.0
OAS30019,d0376,2001-01-11,/project/rrg-mchakrav-ab/moncia/oasis_3_bids/sub-OAS30019/ses-d0376/anat/sub-OAS30019_ses-d0376_T1w.nii.gz,2,0.5
OAS30020,d0092,2000-04-02,/project/rrg-mchakrav-ab/moncia/oasis_3_bids/sub-OAS30020/ses-d0092/anat/sub-OAS30020_ses-d0092_run-01_T1w.nii.gz,1,0.0
OAS30021,d0071,2000-03-12,/project/rrg-mchakrav-ab/moncia/oasis_3_bids/sub-OAS30021/ses-d0071/anat/sub-OAS30021_ses-d0071_T1w.nii.gz,1,0.0
OAS30022,d1324,2003-08-17,/project/rrg-mchakrav-ab/moncia/oasis_3_bids/sub-OAS30022/ses-d1324/anat/sub-OAS30022_ses-d1324_run-01_T1w.nii.gz,1,0.0
OAS30024,d0084,2000-03-25,/project/rrg-mchakrav-ab/moncia/oasis_3_bids/sub-OAS30024/ses-d0084/anat/sub-OAS30024_ses-d0084_T1w.nii.gz,2,0.5
OAS30025,d0210,2000-07-29,/project/rrg-mchakrav-ab/moncia/oasis_3_bids/sub-OAS30025/ses-d0210/anat/sub-OAS30025_ses-d0210_run-01_T1w.nii.gz,1,0.0
OAS30025,d2298,2006-04-17,/project/rrg-mchakrav-ab/moncia/oasis_3_bids/sub-OAS30025/ses-d2298/anat/sub-OAS30025_ses-d2298_T1w.nii.gz,1,0.0
OAS30026,d0048,2000-02-18,/project/rrg-mchakrav-ab/moncia/oasis_3_bids/sub-OAS30026/ses-d0048/anat/sub-OAS30026_ses-d0048_T1w.nii.gz,1,0.0
OAS30026,d0129,2000-05-09,/project/rrg-mchakrav-ab/moncia/oasis_3_bids/sub-OAS30026/ses-d0129/anat/sub-OAS30026_ses-d0129_T1w.nii.gz,1,0.0
OAS30026,d0696,2001-11-27,/project/rrg-mchakrav-ab/moncia/oasis_3_bids/sub-OAS30026/ses-d0696/anat/sub-OAS30026_ses-d0696_T1w.nii.gz,1,0.0
OAS30027,d0433,2001-03-09,/project/rrg-mchakrav-ab/moncia/oasis_3_bids/sub-OAS30027/ses-d0433/anat/sub-OAS30027_ses-d0433_run-01_T1w.nii.gz,1,0.0
OAS30027,d1300,2003-07-24,/project/rrg-mchakrav-ab/moncia/oasis_3_bids/sub-OAS30027/ses-d1300/anat/sub-OAS30027_ses-d1300_run-01_T1w.nii.gz,1,0.0
OAS30027,d2394,2006-07-22,/project/rrg-mchakrav-ab/moncia/oasis_3_bids/sub-OAS30027/ses-d2394/anat/sub-OAS30027_ses-d2394_T1w.nii.gz,2,0.5
OAS30028,d0043,2000-02-13,/project/rrg-mchakrav-ab/moncia/oasis_3_bids/sub-OAS30028/ses-d0043/anat/sub-OAS30028_ses-d0043_run-01_T1w.nii.gz,1,0.0
OAS30028,d1260,2003-06-14,/project/rrg-mchakrav-ab/moncia/oasis_3_bids/sub-OAS30028/ses-d1260/anat/sub-OAS30028_ses-d1260_T1w.nii.gz,1,0.0
OAS30028,d1847,2005-01-21,/project/rrg-mchakrav-ab/moncia/oasis_3_bids/sub-OAS30028/ses-d1847/anat/sub-OAS30028_ses-d1847_T1w.nii.gz,1,0.0
OAS30029,d0131,2000-05-11,/project/rrg-mchakrav-ab/moncia/oasis_3_bids/sub-OAS30029/ses-d0131/anat/sub-OAS30029_ses-d0131_T1w.nii.gz,2,0.5
OAS30029,d0893,2002-06-12,/project/rrg-mchakrav-ab/moncia/oasis_3_bids/sub-OAS30029/ses-d0893/anat/sub-OAS30029_ses-d0893_T1w.nii.gz,3,1.0
OAS30030,d0170,2000-06-19,/project/rrg-mchakrav-ab/moncia/oasis_3_bids/sub-OAS30030/ses-d0170/anat/sub-OAS30030_ses-d0170_T1w.nii.gz,1,0.0
OAS30031,d0427,2001-03-03,/project/rrg-mchakrav-ab/moncia/oasis_3_bids/sub-OAS30031/ses-d0427/anat/sub-OAS30031_ses-d0427_run-01_T1w.nii.gz,3,1.0
OAS30032,d1661,2004-07-19,/project/rrg-mchakrav-ab/moncia/oasis_3_bids/sub-OAS30032/ses-d1661/anat/sub-OAS30032_ses-d1661_run-01_T1w.nii.gz,1,0.0
OAS30032,d3499,2009-07-31,/project/rrg-mchakrav-ab/moncia/oasis_3_bids/sub-OAS30032/ses-d3499/anat/sub-OAS30032_ses-d3499_T1w.nii.gz,1,0.0
OAS30033,d0133,2000-05-13,/project/rrg-mchakrav-ab/moncia/oasis_3_bids/sub-OAS30033/ses-d0133/anat/sub-OAS30033_ses-d0133_run-01_T1w.nii.gz,1,0.0
OAS30033,d1267,2003-06-21,/project/rrg-mchakrav-ab/moncia/oasis_3_bids/sub-OAS30033/ses-d1267/anat/sub-OAS30033_ses-d1267_T1w.nii.gz,1,0.0
OAS30034,d0044,2000-02-14,/project/rrg-mchakrav-ab/moncia/oasis_3_bids/sub-OAS30034/ses-d0044/anat/sub-OAS30034_ses-d0044_T1w.nii.gz,1,0.0
OAS30035,d2218,2006-01-27,/project/rrg-mchakrav-ab/moncia/oasis_3_bids/sub-OAS30035/ses-d2218/anat/sub-OAS30035_ses-d2218_run-01_T1w.nii.gz,1,0.0
OAS30035,d3850,2010-07-17,/project/rrg-mchakrav-ab/moncia/oasis_3_bids/sub-OAS30035/ses-d3850/anat/sub-OAS30035_ses-d3850_T1w.nii.gz,2,0.5
OAS30036,d0059,2000-02-29,/project/rrg-mchakrav-ab/moncia/oasis_3_bids/sub-OAS30036/ses-d0059/anat/sub-OAS30036_ses-d0059_T1w.nii.gz,1,0.0
OAS30036,d1199,2003-04-14,/project/rrg-mchakrav-ab/moncia/oasis_3_bids/sub-OAS30036/ses-d1199/anat/sub-OAS30036_ses-d1199_T1w.nii.gz,1,0.0
OAS30037,d0154,2000-06-03,/project/rrg-mchakrav-ab/moncia/oasis_3_bids/sub-OAS30037/ses-d0154/anat/sub-OAS30037_ses-d0154_T1w.nii.gz,1,0.0
OAS30037,d1307,2003-07-31,/project/rrg-mchakrav-ab/moncia/oasis_3_bids/sub-OAS30037/ses-d1307/anat/sub-OAS30037_ses-d1307_T1w.nii.gz,1,0.0
OAS30037,d2310,2006-04-29,/project/rrg-mchakrav-ab/moncia/oasis_3_bids/sub-OAS30037/ses-d2310/anat/sub-OAS30037_ses-d2310_T1w.nii.gz,1,0.0
OAS30038,d1214,2003-04-29,/project/rrg-mchakrav-ab/moncia/oasis_3_bids/sub-OAS30038/ses-d1214/anat/sub-OAS30038_ses-d1214_run-01_T1w.nii.gz,1,0.0
OAS30038,d2242,2006-02-20,/project/rrg-mchakrav-ab/moncia/oasis_3_bids/sub-OAS30038/ses-d2242/anat/sub-OAS30038_ses-d2242_run-01_T1w.nii.gz,1,0.0
OAS30038,d3376,2009-03-30,/project/rrg-mchakrav-ab/moncia/oasis_3_bids/sub-OAS30038/ses-d3376/anat/sub-OAS30038_ses-d3376_T1w.nii.gz,1,0.0
OAS30038,d4495,2012-04-22,/project/rrg-mchakrav-ab/moncia/oasis_3_bids/sub-OAS30038/ses-d4495/anat/sub-OAS30038_ses-d4495_T1w.nii.gz,1,0.0
OAS30039,d0103,2000-04-13,/project/rrg-mchakrav-ab/moncia/oasis_3_bids/sub-OAS30039/ses-d0103/anat/sub-OAS30039_ses-d0103_T1w.nii.gz,1,0.0
OAS30039,d1203,2003-04-18,/project/rrg-mchakrav-ab/moncia/oasis_3_bids/sub-OAS30039/ses-d1203/anat/sub-OAS30039_ses-d1203_T1w.nii.gz,1,0.0
OAS30040,d2899,2007-12-09,/project/rrg-mchakrav-ab/moncia/oasis_3_bids/sub-OAS30040/ses-d2899/anat/sub-OAS30040_ses-d2899_run-01_T1w.nii.gz,2,0.5
OAS30040,d4230,2011-08-01,/project/rrg-mchakrav-ab/moncia/oasis_3_bids/sub-OAS30040/ses-d4230/anat/sub-OAS30040_ses-d4230_run-01_T1w.nii.gz,1,0.0
OAS30040,d5108,2013-12-26,/project/rrg-mchakrav-ab/moncia/oasis_3_bids/sub-OAS30040/ses-d5108/anat/sub-OAS30040_ses-d5108_T1w.nii.gz,1,0.0
OAS30042,d0067,2000-03-08,/project/rrg-mchakrav-ab/moncia/oasis_3_bids/sub-OAS30042/ses-d0067/anat/sub-OAS30042_ses-d0067_T1w.nii.gz,1,0.0
OAS30042,d1264,2003-06-18,/project/rrg-mchakrav-ab/moncia/oasis_3_bids/sub-OAS30042/ses-d1264/anat/sub-OAS30042_ses-d1264_T1w.nii.gz,1,0.0
OAS30043,d0145,2000-05-25,/project/rrg-mchakrav-ab/moncia/oasis_3_bids/sub-OAS30043/ses-d0145/anat/sub-OAS30043_ses-d0145_T1w.nii.gz,3,1.0
OAS30044,d0054,2000-02-24,/project/rrg-mchakrav-ab/moncia/oasis_3_bids/sub-OAS30044/ses-d0054/anat/sub-OAS30044_ses-d0054_T1w.nii.gz,1,0.0
OAS30044,d0061,2000-03-02,/project/rrg-mchakrav-ab/moncia/oasis_3_bids/sub-OAS30044/ses-d0061/anat/sub-OAS30044_ses-d0061_run-01_T1w.nii.gz,1,0.0
OAS30046,d0072,2000-03-13,/project/rrg-mchakrav-ab/moncia/oasis_3_bids/sub-OAS30046/ses-d0072/anat/sub-OAS30046_ses-d0072_run-01_T1w.nii.gz,1,0.0
OAS30046,d0848,2002-04-28,/project/rrg-mchakrav-ab/moncia/oasis_3_bids/sub-OAS30046/ses-d0848/anat/sub-OAS30046_ses-d0848_T1w.nii.gz,1,0.0
OAS30046,d1968,2005-05-22,/project/rrg-mchakrav-ab/moncia/oasis_3_bids/sub-OAS30046/ses-d1968/anat/sub-OAS30046_ses-d1968_T1w.nii.gz,1,0.0
OAS30048,d0983,2002-09-10,/project/rrg-mchakrav-ab/moncia/oasis_3_bids/sub-OAS30048/ses-d0983/anat/sub-OAS30048_ses-d0983_run-01_T1w.nii.gz,1,0.0
OAS30048,d2292,2006-04-11,/project/rrg-mchakrav-ab/moncia/oasis_3_bids/sub-OAS30048/ses-d2292/anat/sub-OAS30048_ses-d2292_run-01_T1w.nii.gz,1,0.0
OAS30048,d3367,2009-03-21,/project/rrg-mchakrav-ab/moncia/oasis_3_bids/sub-OAS30048/ses-d3367/anat/sub-OAS30048_ses-d3367_T1w.nii.gz,1,0.0
OAS30048,d3375,2009-03-29,/project/rrg-mchakrav-ab/moncia/oasis_3_bids/sub-OAS30048/ses-d3375/anat/sub-OAS30048_ses-d3375_run-01_T1w.nii.gz,1,0.0
OAS30048,d3731,2010-03-20,/project/rrg-mchakrav-ab/moncia/oasis_3_bids/sub-OAS30048/ses-d3731/anat/sub-OAS30048_ses-d3731_T1w.nii.gz,1,0.0
OAS30048,d4459,2012-03-17,/project/rrg-mchakrav-ab/moncia/oasis_3_bids/sub-OAS30048/ses-d4459/anat/sub-OAS30048_ses-d4459_T1w.nii.gz,1,0.0
OAS30048,d5643,2015-06-14,/project/rrg-mchakrav-ab/moncia/oasis_3_bids/sub-OAS30048/ses-d5643/anat/sub-OAS30048_ses-d5643_T1w.nii.gz,1,0.0
OAS30049,d0013,2000-01-14,/project/rrg-mchakrav-ab/moncia/oasis_3_bids/sub-OAS30049/ses-d0013/anat/sub-OAS30049_ses-d0013_run-01_T1w.nii.gz,1,0.0
OAS30049,d1633,2004-06-21,/project/rrg-mchakrav-ab/moncia/oasis_3_bids/sub-OAS30049/ses-d1633/anat/sub-OAS30049_ses-d1633_T1w.nii.gz,1,0.0
OAS30049,d2933,2008-01-12,/project/rrg-mchakrav-ab/moncia/oasis_3_bids/sub-OAS30049/ses-d2933/anat/sub-OAS30049_ses-d2933_T1w.nii.gz,1,0.0
OAS30050,d0110,2000-04-20,/project/rrg-mchakrav-ab/moncia/oasis_3_bids/sub-OAS30050/ses-d0110/anat/sub-OAS30050_ses-d0110_T1w.nii.gz,1,0.0
OAS30050,d1530,2004-03-10,/project/rrg-mchakrav-ab/moncia/oasis_3_bids/sub-OAS30050/ses-d1530/anat/sub-OAS30050_ses-d1530_T1w.nii.gz,1,0.0
OAS30051,d0200,2000-07-19,/project/rrg-mchakrav-ab/moncia/oasis_3_bids/sub-OAS30051/ses-d0200/anat/sub-OAS30051_ses-d0200_run-01_T1w.nii.gz,2,0.5
OAS30051,d1286,2003-07-10,/project/rrg-mchakrav-ab/moncia/oasis_3_bids/sub-OAS30051/ses-d1286/anat/sub-OAS30051_ses-d1286_T1w.nii.gz,2,0.5
OAS30052,d0693,2001-11-24,/project/rrg-mchakrav-ab/moncia/oasis_3_bids/sub-OAS30052/ses-d0693/anat/sub-OAS30052_ses-d0693_run-01_T1w.nii.gz,1,0.0
OAS30052,d2709,2007-06-02,/project/rrg-mchakrav-ab/moncia/oasis_3_bids/sub-OAS30052/ses-d2709/anat/sub-OAS30052_ses-d2709_T1w.nii.gz,1,0.0
OAS30052,d2737,2007-06-30,/project/rrg-mchakrav-ab/moncia/oasis_3_bids/sub-OAS30052/ses-d2737/anat/sub-OAS30052_ses-d2737_run-01_T1w.nii.gz,1,0.0
OAS30052,d4235,2011-08-06,/project/rrg-mchakrav-ab/moncia/oasis_3_bids/sub-OAS30052/ses-d4235/anat/sub-OAS30052_ses-d4235_T1w.nii.gz,1,0.0
OAS30055,d0065,2000-03-06,/project/rrg-mchakrav-ab/moncia/oasis_3_bids/sub-OAS30055/ses-d0065/anat/sub-OAS30055_ses-d0065_T1w.nii.gz,1,0.0
OAS30056,d3491,2009-07-23,/project/rrg-mchakrav-ab/moncia/oasis_3_bids/sub-OAS30056/ses-d3491/anat/sub-OAS30056_ses-d3491_T1w.nii.gz,3,1.0
OAS30057,d0075,2000-03-16,/project/rrg-mchakrav-ab/moncia/oasis_3_bids/sub-OAS30057/ses-d0075/anat/sub-OAS30057_ses-d0075_T1w.nii.gz,1,0.0
OAS30058,d1316,2003-08-09,/project/rrg-mchakrav-ab/moncia/oasis_3_bids/sub-OAS30058/ses-d1316/anat/sub-OAS30058_ses-d1316_run-01_T1w.nii.gz,2,0.5
OAS30058,d2236,2006-02-14,/project/rrg-mchakrav-ab/moncia/oasis_3_bids/sub-OAS30058/ses-d2236/anat/sub-OAS30058_ses-d2236_T1w.nii.gz,2,0.5
OAS30058,d3235,2008-11-09,/project/rrg-mchakrav-ab/moncia/oasis_3_bids/sub-OAS30058/ses-d3235/anat/sub-OAS30058_ses-d3235_T1w.nii.gz,1,0.0
OAS30060,d0074,2000-03-15,/project/rrg-mchakrav-ab/moncia/oasis_3_bids/sub-OAS30060/ses-d0074/anat/sub-OAS30060_ses-d0074_run-01_T1w.nii.gz,1,0.0
OAS30061,d0035,2000-02-05,/project/rrg-mchakrav-ab/moncia/oasis_3_bids/sub-OAS30061/ses-d0035/anat/sub-OAS30061_ses-d0035_T1w.nii.gz,1,0.0
OAS30062,d0087,2000-03-28,/project/rrg-mchakrav-ab/moncia/oasis_3_bids/sub-OAS30062/ses-d0087/anat/sub-OAS30062_ses-d0087_run-01_T1w.nii.gz,1,0.0
OAS30062,d1134,2003-02-08,/project/rrg-mchakrav-ab/moncia/oasis_3_bids/sub-OAS30062/ses-d1134/anat/sub-OAS30062_ses-d1134_run-01_T1w.nii.gz,1,0.0
OAS30062,d3432,2009-05-25,/project/rrg-mchakrav-ab/moncia/oasis_3_bids/sub-OAS30062/ses-d3432/anat/sub-OAS30062_ses-d3432_T1w.nii.gz,1,0.0
OAS30062,d3469,2009-07-01,/project/rrg-mchakrav-ab/moncia/oasis_3_bids/sub-OAS30062/ses-d3469/anat/sub-OAS30062_ses-d3469_T1w.nii.gz,1,0.0
OAS30062,d4447,2012-03-05,/project/rrg-mchakrav-ab/moncia/oasis_3_bids/sub-OAS30062/ses-d4447/anat/sub-OAS30062_ses-d4447_T1w.nii.gz,1,0.0
OAS30063,d0160,2000-06-09,/project/rrg-mchakrav-ab/moncia/oasis_3_bids/sub-OAS30063/ses-d0160/anat/sub-OAS30063_ses-d0160_run-01_T1w.nii.gz,3,1.0
OAS30064,d0687,2001-11-18,/project/rrg-mchakrav-ab/moncia/oasis_3_bids/sub-OAS30064/ses-d0687/anat/sub-OAS30064_ses-d0687_run-01_T1w.nii.gz,3,1.0
OAS30065,d0548,2001-07-02,/project/rrg-mchakrav-ab/moncia/oasis_3_bids/sub-OAS30065/ses-d0548/anat/sub-OAS30065_ses-d0548_T1w.nii.gz,1,0.0
OAS30065,d2009,2005-07-02,/project/rrg-mchakrav-ab/moncia/oasis_3_bids/sub-OAS30065/ses-d2009/anat/sub-OAS30065_ses-d2009_T1w.nii.gz,1,0.0
OAS30066,d0524,2001-06-08,/project/rrg-mchakrav-ab/moncia/oasis_3_bids/sub-OAS30066/ses-d0524/anat/sub-OAS30066_ses-d0524_T1w.nii.gz,1,0.0
OAS30066,d2006,2005-06-29,/project/rrg-mchakrav-ab/moncia/oasis_3_bids/sub-OAS30066/ses-d2006/anat/sub-OAS30066_ses-d2006_T1w.nii.gz,1,0.0
OAS30066,d2740,2007-07-03,/project/rrg-mchakrav-ab/moncia/oasis_3_bids/sub-OAS30066/ses-d2740/anat/sub-OAS30066_ses-d2740_T1w.nii.gz,1,0.0
OAS30067,d0057,2000-02-27,/project/rrg-mchakrav-ab/moncia/oasis_3_bids/sub-OAS30067/ses-d0057/anat/sub-OAS30067_ses-d0057_T1w.nii.gz,1,0.0
OAS30068,d0076,2000-03-17,/project/rrg-mchakrav-ab/moncia/oasis_3_bids/sub-OAS30068/ses-d0076/anat/sub-OAS30068_ses-d0076_T1w.nii.gz,2,0.5
OAS30068,d0838,2002-04-18,/project/rrg-mchakrav-ab/moncia/oasis_3_bids/sub-OAS30068/ses-d0838/anat/sub-OAS30068_ses-d0838_T1w.nii.gz,2,0.5
OAS30070,d0070,2000-03-11,/project/rrg-mchakrav-ab/moncia/oasis_3_bids/sub-OAS30070/ses-d0070/anat/sub-OAS30070_ses-d0070_T1w.nii.gz,2,0.5
OAS30071,d0018,2000-01-19,/project/rrg-mchakrav-ab/moncia/oasis_3_bids/sub-OAS30071/ses-d0018/anat/sub-OAS30071_ses-d0018_T1w.nii.gz,1,0.0
OAS30071,d0055,2000-02-25,/project/rrg-mchakrav-ab/moncia/oasis_3_bids/sub-OAS30071/ses-d0055/anat/sub-OAS30071_ses-d0055_T1w.nii.gz,1,0.0
OAS30071,d1627,2004-06-15,/project/rrg-mchakrav-ab/moncia/oasis_3_bids/sub-OAS30071/ses-d1627/anat/sub-OAS30071_ses-d1627_T1w.nii.gz,1,0.0
OAS30072,d1379,2003-10-11,/project/rrg-mchakrav-ab/moncia/oasis_3_bids/sub-OAS30072/ses-d1379/anat/sub-OAS30072_ses-d1379_run-01_T1w.nii.gz,1,0.0
OAS30072,d2219,2006-01-28,/project/rrg-mchakrav-ab/moncia/oasis_3_bids/sub-OAS30072/ses-d2219/anat/sub-OAS30072_ses-d2219_T1w.nii.gz,2,0.5
OAS30073,d0033,2000-02-03,/project/rrg-mchakrav-ab/moncia/oasis_3_bids/sub-OAS30073/ses-d0033/anat/sub-OAS30073_ses-d0033_run-01_T1w.nii.gz,1,0.0
OAS30073,d1587,2004-05-06,/project/rrg-mchakrav-ab/moncia/oasis_3_bids/sub-OAS30073/ses-d1587/anat/sub-OAS30073_ses-d1587_run-01_T1w.nii.gz,1,0.0
OAS30073,d2042,2005-08-04,/project/rrg-mchakrav-ab/moncia/oasis_3_bids/sub-OAS30073/ses-d2042/anat/sub-OAS30073_ses-d2042_run-01_T1w.nii.gz,1,0.0
OAS30073,d2851,2007-10-22,/project/rrg-mchakrav-ab/moncia/oasis_3_bids/sub-OAS30073/ses-d2851/anat/sub-OAS30073_ses-d2851_T1w.nii.gz,1,0.0
OAS30073,d3670,2010-01-18,/project/rrg-mchakrav-ab/moncia/oasis_3_bids/sub-OAS30073/ses-d3670/anat/sub-OAS30073_ses-d3670_T1w.nii.gz,1,0.0
OAS30073,d4456,2012-03-14,/project/rrg-mchakrav-ab/moncia/oasis_3_bids/sub-OAS30073/ses-d4456/anat/sub-OAS30073_ses-d4456_T1w.nii.gz,1,0.0
OAS30074,d0049,2000-02-19,/project/rrg-mchakrav-ab/moncia/oasis_3_bids/sub-OAS30074/ses-d0049/anat/sub-OAS30074_ses-d0049_run-01_T1w.nii.gz,1,0.0
OAS30074,d1871,2005-02-14,/project/rrg-mchakrav-ab/moncia/oasis_3_bids/sub-OAS30074/ses-d1871/anat/sub-OAS30074_ses-d1871_T1w.nii.gz,1,0.0
OAS30075,d0143,2000-05-23,/project/rrg-mchakrav-ab/moncia/oasis_3_bids/sub-OAS30075/ses-d0143/anat/sub-OAS30075_ses-d0143_T1w.nii.gz,1,0.0
OAS30075,d0148,2000-05-28,/project/rrg-mchakrav-ab/moncia/oasis_3_bids/sub-OAS30075/ses-d0148/anat/sub-OAS30075_ses-d0148_run-01_T1w.nii.gz,1,0.0
OAS30075,d0442,2001-03-18,/project/rrg-mchakrav-ab/moncia/oasis_3_bids/sub-OAS30075/ses-d0442/anat/sub-OAS30075_ses-d0442_T1w.nii.gz,1,0.0
OAS30075,d0967,2002-08-25,/project/rrg-mchakrav-ab/moncia/oasis_3_bids/sub-OAS30075/ses-d0967/anat/sub-OAS30075_ses-d0967_T1w.nii.gz,1,0.0
OAS30076,d0534,2001-06-18,/project/rrg-mchakrav-ab/moncia/oasis_3_bids/sub-OAS30076/ses-d0534/anat/sub-OAS30076_ses-d0534_run-01_T1w.nii.gz,2,0.5
OAS30076,d1735,2004-10-01,/project/rrg-mchakrav-ab/moncia/oasis_3_bids/sub-OAS30076/ses-d1735/anat/sub-OAS30076_ses-d1735_T1w.nii.gz,2,0.5
OAS30077,d0944,2002-08-02,/project/rrg-mchakrav-ab/moncia/oasis_3_bids/sub-OAS30077/ses-d0944/anat/sub-OAS30077_ses-d0944_T1w.nii.gz,1,0.0
OAS30079,d0019,2000-01-20,/project/rrg-mchakrav-ab/moncia/oasis_3_bids/sub-OAS30079/ses-d0019/anat/sub-OAS30079_ses-d0019_run-01_T1w.nii.gz,1,0.0
OAS30079,d2668,2007-04-22,/project/rrg-mchakrav-ab/moncia/oasis_3_bids/sub-OAS30079/ses-d2668/anat/sub-OAS30079_ses-d2668_T1w.nii.gz,1,0.0
OAS30079,d3410,2009-05-03,/project/rrg-mchakrav-ab/moncia/oasis_3_bids/sub-OAS30079/ses-d3410/anat/sub-OAS30079_ses-d3410_T1w.nii.gz,1,0.0
OAS30079,d4523,2012-05-20,/project/rrg-mchakrav-ab/moncia/oasis_3_bids/sub-OAS30079/ses-d4523/anat/sub-OAS30079_ses-d4523_T1w.nii.gz,1,0.0
OAS30080,d0048,2000-02-18,/project/rrg-mchakrav-ab/moncia/oasis_3_bids/sub-OAS30080/ses-d0048/anat/sub-OAS30080_ses-d0048_T1w.nii.gz,1,0.0
OAS30080,d1318,2003-08-11,/project/rrg-mchakrav-ab/moncia/oasis_3_bids/sub-OAS30080/ses-d1318/anat/sub-OAS30080_ses-d1318_T1w.nii.gz,1,0.0
OAS30080,d2281,2006-03-31,/project/rrg-mchakrav-ab/moncia/oasis_3_bids/sub-OAS30080/ses-d2281/anat/sub-OAS30080_ses-d2281_T1w.nii.gz,1,0.0
OAS30083,d0465,2001-04-10,/project/rrg-mchakrav-ab/moncia/oasis_3_bids/sub-OAS30083/ses-d0465/anat/sub-OAS30083_ses-d0465_run-01_T1w.nii.gz,1,0.0
OAS30083,d2882,2007-11-22,/project/rrg-mchakrav-ab/moncia/oasis_3_bids/sub-OAS30083/ses-d2882/anat/sub-OAS30083_ses-d2882_T1w.nii.gz,1,0.0
OAS30083,d3827,2010-06-24,/project/rrg-mchakrav-ab/moncia/oasis_3_bids/sub-OAS30083/ses-d3827/anat/sub-OAS30083_ses-d3827_T1w.nii.gz,1,0.0
OAS30084,d0470,2001-04-15,/project/rrg-mchakrav-ab/moncia/oasis_3_bids/sub-OAS30084/ses-d0470/anat/sub-OAS30084_ses-d0470_run-01_T1w.nii.gz,1,0.0
OAS30084,d1360,2003-09-22,/project/rrg-mchakrav-ab/moncia/oasis_3_bids/sub-OAS30084/ses-d1360/anat/sub-OAS30084_ses-d1360_T1w.nii.gz,1,0.0
OAS30085,d1566,2004-04-15,/project/rrg-mchakrav-ab/moncia/oasis_3_bids/sub-OAS30085/ses-d1566/anat/sub-OAS30085_ses-d1566_T1w.nii.gz,2,0.5
OAS30086,d0000,2000-01-01,/project/rrg-mchakrav-ab/moncia/oasis_3_bids/sub-OAS30086/ses-d0000/anat/sub-OAS30086_ses-d0000_run-01_T1w.nii.gz,1,0.0
OAS30087,d0260,2000-09-17,/project/rrg-mchakrav-ab/moncia/oasis_3_bids/sub-OAS30087/ses-d0260/anat/sub-OAS30087_ses-d0260_run-01_T1w.nii.gz,2,0.5
OAS30088,d0093,2000-04-03,/project/rrg-mchakrav-ab/moncia/oasis_3_bids/sub-OAS30088/ses-d0093/anat/sub-OAS30088_ses-d0093_run-01_T1w.nii.gz,1,0.0
OAS30089,d0001,2000-01-02,/project/rrg-mchakrav-ab/moncia/oasis_3_bids/sub-OAS30089/ses-d0001/anat/sub-OAS30089_ses-d0001_T1w.nii.gz,1,0.0
OAS30090,d0118,2000-04-28,/project/rrg-mchakrav-ab/moncia/oasis_3_bids/sub-OAS30090/ses-d0118/anat/sub-OAS30090_ses-d0118_T1w.nii.gz,1,0.0
OAS30090,d2676,2007-04-30,/project/rrg-mchakrav-ab/moncia/oasis_3_bids/sub-OAS30090/ses-d2676/anat/sub-OAS30090_ses-d2676_T1w.nii.gz,1,0.0
OAS30091,d0092,2000-04-02,/project/rrg-mchakrav-ab/moncia/oasis_3_bids/sub-OAS30091/ses-d0092/anat/sub-OAS30091_ses-d0092_run-01_T1w.nii.gz,3,1.0
OAS30093,d0056,2000-02-26,/project/rrg-mchakrav-ab/moncia/oasis_3_bids/sub-OAS30093/ses-d0056/anat/sub-OAS30093_ses-d0056_T1w.nii.gz,1,0.0
OAS30093,d0070,2000-03-11,/project/rrg-mchakrav-ab/moncia/oasis_3_bids/sub-OAS30093/ses-d0070/anat/sub-OAS30093_ses-d0070_T1w.nii.gz,1,0.0
OAS30093,d1192,2003-04-07,/project/rrg-mchakrav-ab/moncia/oasis_3_bids/sub-OAS30093/ses-d1192/anat/sub-OAS30093_ses-d1192_T1w.nii.gz,1,0.0
OAS30094,d0140,2000-05-20,/project/rrg-mchakrav-ab/moncia/oasis_3_bids/sub-OAS30094/ses-d0140/anat/sub-OAS30094_ses-d0140_run-01_T1w.nii.gz,2,0.5
OAS30094,d0679,2001-11-10,/project/rrg-mchakrav-ab/moncia/oasis_3_bids/sub-OAS30094/ses-d0679/anat/sub-OAS30094_ses-d0679_run-01_T1w.nii.gz,2,0.5
OAS30095,d0033,2000-02-03,/project/rrg-mchakrav-ab/moncia/oasis_3_bids/sub-OAS30095/ses-d0033/anat/sub-OAS30095_ses-d0033_T1w.nii.gz,2,0.5
OAS30096,d0024,2000-01-25,/project/rrg-mchakrav-ab/moncia/oasis_3_bids/sub-OAS30096/ses-d0024/anat/sub-OAS30096_ses-d0024_run-01_T1w.nii.gz,1,0.0
OAS30096,d2948,2008-01-27,/project/rrg-mchakrav-ab/moncia/oasis_3_bids/sub-OAS30096/ses-d2948/anat/sub-OAS30096_ses-d2948_T1w.nii.gz,1,0.0
OAS30097,d0504,2001-05-19,/project/rrg-mchakrav-ab/moncia/oasis_3_bids/sub-OAS30097/ses-d0504/anat/sub-OAS30097_ses-d0504_run-01_T1w.nii.gz,1,0.0
OAS30097,d3787,2010-05-15,/project/rrg-mchakrav-ab/moncia/oasis_3_bids/sub-OAS30097/ses-d3787/anat/sub-OAS30097_ses-d3787_T1w.nii.gz,1,0.0
OAS30097,d3788,2010-05-16,/project/rrg-mchakrav-ab/moncia/oasis_3_bids/sub-OAS30097/ses-d3788/anat/sub-OAS30097_ses-d3788_T1w.nii.gz,1,0.0
OAS30098,d0036,2000-02-06,/project/rrg-mchakrav-ab/moncia/oasis_3_bids/sub-OAS30098/ses-d0036/anat/sub-OAS30098_ses-d0036_T1w.nii.gz,3,1.0
OAS30099,d0032,2000-02-02,/project/rrg-mchakrav-ab/moncia/oasis_3_bids/sub-OAS30099/ses-d0032/anat/sub-OAS30099_ses-d0032_T1w.nii.gz,1,0.0
OAS30099,d1605,2004-05-24,/project/rrg-mchakrav-ab/moncia/oasis_3_bids/sub-OAS30099/ses-d1605/anat/sub-OAS30099_ses-d1605_T1w.nii.gz,1,0.0
OAS30100,d0158,2000-06-07,/project/rrg-mchakrav-ab/moncia/oasis_3_bids/sub-OAS30100/ses-d0158/anat/sub-OAS30100_ses-d0158_T1w.nii.gz,3,1.0
OAS30101,d0101,2000-04-11,/project/rrg-mchakrav-ab/moncia/oasis_3_bids/sub-OAS30101/ses-d0101/anat/sub-OAS30101_ses-d0101_run-01_T1w.nii.gz,1,0.0
OAS30101,d0919,2002-07-08,/project/rrg-mchakrav-ab/moncia/oasis_3_bids/sub-OAS30101/ses-d0919/anat/sub-OAS30101_ses-d0919_run-01_T1w.nii.gz,1,0.0
OAS30101,d2650,2007-04-04,/project/rrg-mchakrav-ab/moncia/oasis_3_bids/sub-OAS30101/ses-d2650/anat/sub-OAS30101_ses-d2650_T1w.nii.gz,1,0.0
OAS30102,d0024,2000-01-25,/project/rrg-mchakrav-ab/moncia/oasis_3_bids/sub-OAS30102/ses-d0024/anat/sub-OAS30102_ses-d0024_T1w.nii.gz,1,0.0
OAS30102,d1505,2004-02-14,/project/rrg-mchakrav-ab/moncia/oasis_3_bids/sub-OAS30102/ses-d1505/anat/sub-OAS30102_ses-d1505_T1w.nii.gz,1,0.0
OAS30103,d4255,2011-08-26,/project/rrg-mchakrav-ab/moncia/oasis_3_bids/sub-OAS30103/ses-d4255/anat/sub-OAS30103_ses-d4255_run-01_T1w.nii.gz,1,0.0
OAS30103,d7334,2020-01-30,/project/rrg-mchakrav-ab/moncia/oasis_3_bids/sub-OAS30103/ses-d7334/anat/sub-OAS30103_ses-d7334_T1w.nii.gz,1,0.0
OAS30104,d0328,2000-11-24,/project/rrg-mchakrav-ab/moncia/oasis_3_bids/sub-OAS30104/ses-d0328/anat/sub-OAS30104_ses-d0328_run-01_T1w.nii.gz,1,0.0
OAS30105,d0056,2000-02-26,/project/rrg-mchakrav-ab/moncia/oasis_3_bids/sub-OAS30105/ses-d0056/anat/sub-OAS30105_ses-d0056_T1w.nii.gz,1,0.0
OAS30105,d1228,2003-05-13,/project/rrg-mchakrav-ab/moncia/oasis_3_bids/sub-OAS30105/ses-d1228/anat/sub-OAS30105_ses-d1228_T1w.nii.gz,1,0.0
OAS30106,d2982,2008-03-01,/project/rrg-mchakrav-ab/moncia/oasis_3_bids/sub-OAS30106/ses-d2982/anat/sub-OAS30106_ses-d2982_run-01_T1w.nii.gz,1,0.0
OAS30106,d4675,2012-10-19,/project/rrg-mchakrav-ab/moncia/oasis_3_bids/sub-OAS30106/ses-d4675/anat/sub-OAS30106_ses-d4675_T1w.nii.gz,1,0.0
OAS30107,d0387,2001-01-22,/project/rrg-mchakrav-ab/moncia/oasis_3_bids/sub-OAS30107/ses-d0387/anat/sub-OAS30107_ses-d0387_run-01_T1w.nii.gz,1,0.0
OAS30107,d0940,2002-07-29,/project/rrg-mchakrav-ab/moncia/oasis_3_bids/sub-OAS30107/ses-d0940/anat/sub-OAS30107_ses-d0940_run-01_T1w.nii.gz,1,0.0
OAS30108,d0168,2000-06-17,/project/rrg-mchakrav-ab/moncia/oasis_3_bids/sub-OAS30108/ses-d0168/anat/sub-OAS30108_ses-d0168_run-01_T1w.nii.gz,1,0.0
OAS30108,d1062,2002-11-28,/project/rrg-mchakrav-ab/moncia/oasis_3_bids/sub-OAS30108/ses-d1062/anat/sub-OAS30108_ses-d1062_T1w.nii.gz,1,0.0
OAS30108,d2066,2005-08-28,/project/rrg-mchakrav-ab/moncia/oasis_3_bids/sub-OAS30108/ses-d2066/anat/sub-OAS30108_ses-d2066_T1w.nii.gz,1,0.0
OAS30109,d0997,2002-09-24,/project/rrg-mchakrav-ab/moncia/oasis_3_bids/sub-OAS30109/ses-d0997/anat/sub-OAS30109_ses-d0997_run-01_T1w.nii.gz,1,0.0
OAS30109,d2310,2006-04-29,/project/rrg-mchakrav-ab/moncia/oasis_3_bids/sub-OAS30109/ses-d2310/anat/sub-OAS30109_ses-d2310_T1w.nii.gz,1,0.0
OAS30109,d2320,2006-05-09,/project/rrg-mchakrav-ab/moncia/oasis_3_bids/sub-OAS30109/ses-d2320/anat/sub-OAS30109_ses-d2320_T1w.nii.gz,1,0.0
OAS30109,d4518,2012-05-15,/project/rrg-mchakrav-ab/moncia/oasis_3_bids/sub-OAS30109/ses-d4518/anat/sub-OAS30109_ses-d4518_T1w.nii.gz,1,0.0
OAS30110,d0155,2000-06-04,/project/rrg-mchakrav-ab/moncia/oasis_3_bids/sub-OAS30110/ses-d0155/anat/sub-OAS30110_ses-d0155_run-01_T1w.nii.gz,2,0.5
OAS30111,d0385,2001-01-20,/project/rrg-mchakrav-ab/moncia/oasis_3_bids/sub-OAS30111/ses-d0385/anat/sub-OAS30111_ses-d0385_run-01_T1w.nii.gz,3,1.0
OAS30112,d0091,2000-04-01,/project/rrg-mchakrav-ab/moncia/oasis_3_bids/sub-OAS30112/ses-d0091/anat/sub-OAS30112_ses-d0091_T1w.nii.gz,1,0.0
OAS30112,d0098,2000-04-08,/project/rrg-mchakrav-ab/moncia/oasis_3_bids/sub-OAS30112/ses-d0098/anat/sub-OAS30112_ses-d0098_T1w.nii.gz,1,0.0
OAS30112,d1196,2003-04-11,/project/rrg-mchakrav-ab/moncia/oasis_3_bids/sub-OAS30112/ses-d1196/anat/sub-OAS30112_ses-d1196_T1w.nii.gz,1,0.0
OAS30113,d1301,2003-07-25,/project/rrg-mchakrav-ab/moncia/oasis_3_bids/sub-OAS30113/ses-d1301/anat/sub-OAS30113_ses-d1301_run-01_T1w.nii.gz,1,0.0
OAS30113,d2280,2006-03-30,/project/rrg-mchakrav-ab/moncia/oasis_3_bids/sub-OAS30113/ses-d2280/anat/sub-OAS30113_ses-d2280_run-01_T1w.nii.gz,1,0.0
OAS30113,d3502,2009-08-03,/project/rrg-mchakrav-ab/moncia/oasis_3_bids/sub-OAS30113/ses-d3502/anat/sub-OAS30113_ses-d3502_T1w.nii.gz,1,0.0
OAS30113,d4437,2012-02-24,/project/rrg-mchakrav-ab/moncia/oasis_3_bids/sub-OAS30113/ses-d4437/anat/sub-OAS30113_ses-d4437_T1w.nii.gz,1,0.0
OAS30113,d5558,2015-03-21,/project/rrg-mchakrav-ab/moncia/oasis_3_bids/sub-OAS30113/ses-d5558/anat/sub-OAS30113_ses-d5558_T1w.nii.gz,1,0.0
OAS30113,d5592,2015-04-24,/project/rrg-mchakrav-ab/moncia/oasis_3_bids/sub-OAS30113/ses-d5592/anat/sub-OAS30113_ses-d5592_T1w.nii.gz,1,0.0
OAS30114,d0086,2000-03-27,/project/rrg-mchakrav-ab/moncia/oasis_3_bids/sub-OAS30114/ses-d0086/anat/sub-OAS30114_ses-d0086_T1w.nii.gz,3,1.0
OAS30115,d0138,2000-05-18,/project/rrg-mchakrav-ab/moncia/oasis_3_bids/sub-OAS30115/ses-d0138/anat/sub-OAS30115_ses-d0138_T1w.nii.gz,1,0.0
OAS30115,d1660,2004-07-18,/project/rrg-mchakrav-ab/moncia/oasis_3_bids/sub-OAS30115/ses-d1660/anat/sub-OAS30115_ses-d1660_T1w.nii.gz,1,0.0
OAS30116,d0017,2000-01-18,/project/rrg-mchakrav-ab/moncia/oasis_3_bids/sub-OAS30116/ses-d0017/anat/sub-OAS30116_ses-d0017_run-01_T1w.nii.gz,2,0.5
OAS30117,d2034,2005-07-27,/project/rrg-mchakrav-ab/moncia/oasis_3_bids/sub-OAS30117/ses-d2034/anat/sub-OAS30117_ses-d2034_run-01_T1w.nii.gz,1,0.0
OAS30117,d4155,2011-05-18,/project/rrg-mchakrav-ab/moncia/oasis_3_bids/sub-OAS30117/ses-d4155/anat/sub-OAS30117_ses-d4155_T1w.nii.gz,1,0.0
OAS30117,d5243,2014-05-10,/project/rrg-mchakrav-ab/moncia/oasis_3_bids/sub-OAS30117/ses-d5243/anat/sub-OAS30117_ses-d5243_T1w.nii.gz,1,0.0
OAS30118,d1663,2004-07-21,/project/rrg-mchakrav-ab/moncia/oasis_3_bids/sub-OAS30118/ses-d1663/anat/sub-OAS30118_ses-d1663_run-01_T1w.nii.gz,1,0.0
OAS30119,d1209,2003-04-24,/project/rrg-mchakrav-ab/moncia/oasis_3_bids/sub-OAS30119/ses-d1209/anat/sub-OAS30119_ses-d1209_run-01_T1w.nii.gz,2,0.5
OAS30119,d2415,2006-08-12,/project/rrg-mchakrav-ab/moncia/oasis_3_bids/sub-OAS30119/ses-d2415/anat/sub-OAS30119_ses-d2415_run-01_T1w.nii.gz,2,0.5
OAS30119,d3260,2008-12-04,/project/rrg-mchakrav-ab/moncia/oasis_3_bids/sub-OAS30119/ses-d3260/anat/sub-OAS30119_ses-d3260_run-01_T1w.nii.gz,2,0.5
OAS30119,d3722,2010-03-11,/project/rrg-mchakrav-ab/moncia/oasis_3_bids/sub-OAS30119/ses-d3722/anat/sub-OAS30119_ses-d3722_T1w.nii.gz,3,1.0
OAS30121,d2392,2006-07-20,/project/rrg-mchakrav-ab/moncia/oasis_3_bids/sub-OAS30121/ses-d2392/anat/sub-OAS30121_ses-d2392_run-01_T1w.nii.gz,1,0.0
OAS30122,d0136,2000-05-16,/project/rrg-mchakrav-ab/moncia/oasis_3_bids/sub-OAS30122/ses-d0136/anat/sub-OAS30122_ses-d0136_T1w.nii.gz,1,0.0
OAS30123,d0122,2000-05-02,/project/rrg-mchakrav-ab/moncia/oasis_3_bids/sub-OAS30123/ses-d0122/anat/sub-OAS30123_ses-d0122_T1w.nii.gz,1,0.0
OAS30124,d0046,2000-02-16,/project/rrg-mchakrav-ab/moncia/oasis_3_bids/sub-OAS30124/ses-d0046/anat/sub-OAS30124_ses-d0046_run-01_T1w.nii.gz,2,0.5
OAS30126,d1105,2003-01-10,/project/rrg-mchakrav-ab/moncia/oasis_3_bids/sub-OAS30126/ses-d1105/anat/sub-OAS30126_ses-d1105_run-01_T1w.nii.gz,1,0.0
OAS30126,d2361,2006-06-19,/project/rrg-mchakrav-ab/moncia/oasis_3_bids/sub-OAS30126/ses-d2361/anat/sub-OAS30126_ses-d2361_T1w.nii.gz,1,0.0
OAS30126,d3465,2009-06-27,/project/rrg-mchakrav-ab/moncia/oasis_3_bids/sub-OAS30126/ses-d3465/anat/sub-OAS30126_ses-d3465_T1w.nii.gz,1,0.0
OAS30127,d0098,2000-04-08,/project/rrg-mchakrav-ab/moncia/oasis_3_bids/sub-OAS30127/ses-d0098/anat/sub-OAS30127_ses-d0098_T1w.nii.gz,1,0.0
OAS30127,d0110,2000-04-20,/project/rrg-mchakrav-ab/moncia/oasis_3_bids/sub-OAS30127/ses-d0110/anat/sub-OAS30127_ses-d0110_T1w.nii.gz,1,0.0
OAS30127,d0837,2002-04-17,/project/rrg-mchakrav-ab/moncia/oasis_3_bids/sub-OAS30127/ses-d0837/anat/sub-OAS30127_ses-d0837_T1w.nii.gz,1,0.0
OAS30127,d2279,2006-03-29,/project/rrg-mchakrav-ab/moncia/oasis_3_bids/sub-OAS30127/ses-d2279/anat/sub-OAS30127_ses-d2279_run-01_T1w.nii.gz,1,0.0
OAS30128,d0044,2000-02-14,/project/rrg-mchakrav-ab/moncia/oasis_3_bids/sub-OAS30128/ses-d0044/anat/sub-OAS30128_ses-d0044_T1w.nii.gz,2,0.5
OAS30128,d1254,2003-06-08,/project/rrg-mchakrav-ab/moncia/oasis_3_bids/sub-OAS30128/ses-d1254/anat/sub-OAS30128_ses-d1254_T1w.nii.gz,3,1.0
OAS30129,d0055,2000-02-25,/project/rrg-mchakrav-ab/moncia/oasis_3_bids/sub-OAS30129/ses-d0055/anat/sub-OAS30129_ses-d0055_T1w.nii.gz,1,0.0
OAS30130,d0025,2000-01-26,/project/rrg-mchakrav-ab/moncia/oasis_3_bids/sub-OAS30130/ses-d0025/anat/sub-OAS30130_ses-d0025_run-01_T1w.nii.gz,3,1.0
OAS30131,d0086,2000-03-27,/project/rrg-mchakrav-ab/moncia/oasis_3_bids/sub-OAS30131/ses-d0086/anat/sub-OAS30131_ses-d0086_run-01_T1w.nii.gz,1,0.0
OAS30132,d0063,2000-03-04,/project/rrg-mchakrav-ab/moncia/oasis_3_bids/sub-OAS30132/ses-d0063/anat/sub-OAS30132_ses-d0063_run-01_T1w.nii.gz,1,0.0
OAS30132,d1392,2003-10-24,/project/rrg-mchakrav-ab/moncia/oasis_3_bids/sub-OAS30132/ses-d1392/anat/sub-OAS30132_ses-d1392_T1w.nii.gz,1,0.0
OAS30132,d2288,2006-04-07,/project/rrg-mchakrav-ab/moncia/oasis_3_bids/sub-OAS30132/ses-d2288/anat/sub-OAS30132_ses-d2288_T1w.nii.gz,2,0.5
OAS30133,d0505,2001-05-20,/project/rrg-mchakrav-ab/moncia/oasis_3_bids/sub-OAS30133/ses-d0505/anat/sub-OAS30133_ses-d0505_T1w.nii.gz,2,0.5
OAS30134,d0080,2000-03-21,/project/rrg-mchakrav-ab/moncia/oasis_3_bids/sub-OAS30134/ses-d0080/anat/sub-OAS30134_ses-d0080_run-01_T1w.nii.gz,1,0.0
OAS30134,d1642,2004-06-30,/project/rrg-mchakrav-ab/moncia/oasis_3_bids/sub-OAS30134/ses-d1642/anat/sub-OAS30134_ses-d1642_T1w.nii.gz,1,0.0
OAS30134,d2927,2008-01-06,/project/rrg-mchakrav-ab/moncia/oasis_3_bids/sub-OAS30134/ses-d2927/anat/sub-OAS30134_ses-d2927_T1w.nii.gz,1,0.0
OAS30135,d0190,2000-07-09,/project/rrg-mchakrav-ab/moncia/oasis_3_bids/sub-OAS30135/ses-d0190/anat/sub-OAS30135_ses-d0190_T1w.nii.gz,1,0.0
OAS30135,d0341,2000-12-07,/project/rrg-mchakrav-ab/moncia/oasis_3_bids/sub-OAS30135/ses-d0341/anat/sub-OAS30135_ses-d0341_run-01_T1w.nii.gz,1,0.0
OAS30135,d1000,2002-09-27,/project/rrg-mchakrav-ab/moncia/oasis_3_bids/sub-OAS30135/ses-d1000/anat/sub-OAS30135_ses-d1000_run-01_T1w.nii.gz,1,0.0
OAS30135,d2357,2006-06-15,/project/rrg-mchakrav-ab/moncia/oasis_3_bids/sub-OAS30135/ses-d2357/anat/sub-OAS30135_ses-d2357_T1w.nii.gz,1,0.0
OAS30135,d2367,2006-06-25,/project/rrg-mchakrav-ab/moncia/oasis_3_bids/sub-OAS30135/ses-d2367/anat/sub-OAS30135_ses-d2367_T1w.nii.gz,1,0.0
OAS30135,d2799,2007-08-31,/project/rrg-mchakrav-ab/moncia/oasis_3_bids/sub-OAS30135/ses-d2799/anat/sub-OAS30135_ses-d2799_T1w.nii.gz,1,0.0
OAS30135,d2931,2008-01-10,/project/rrg-mchakrav-ab/moncia/oasis_3_bids/sub-OAS30135/ses-d2931/anat/sub-OAS30135_ses-d2931_T1w.nii.gz,1,0.0
OAS30136,d0063,2000-03-04,/project/rrg-mchakrav-ab/moncia/oasis_3_bids/sub-OAS30136/ses-d0063/anat/sub-OAS30136_ses-d0063_T1w.nii.gz,2,0.5
OAS30137,d3907,2010-09-12,/project/rrg-mchakrav-ab/moncia/oasis_3_bids/sub-OAS30137/ses-d3907/anat/sub-OAS30137_ses-d3907_T1w.nii.gz,1,0.0
OAS30137,d4208,2011-07-10,/project/rrg-mchakrav-ab/moncia/oasis_3_bids/sub-OAS30137/ses-d4208/anat/sub-OAS30137_ses-d4208_T1w.nii.gz,1,0.0
OAS30137,d4525,2012-05-22,/project/rrg-mchakrav-ab/moncia/oasis_3_bids/sub-OAS30137/ses-d4525/anat/sub-OAS30137_ses-d4525_T1w.nii.gz,1,0.0
OAS30138,d0074,2000-03-15,/project/rrg-mchakrav-ab/moncia/oasis_3_bids/sub-OAS30138/ses-d0074/anat/sub-OAS30138_ses-d0074_T1w.nii.gz,1,0.0
OAS30139,d0101,2000-04-11,/project/rrg-mchakrav-ab/moncia/oasis_3_bids/sub-OAS30139/ses-d0101/anat/sub-OAS30139_ses-d0101_T1w.nii.gz,2,0.5
OAS30139,d1702,2004-08-29,/project/rrg-mchakrav-ab/moncia/oasis_3_bids/sub-OAS30139/ses-d1702/anat/sub-OAS30139_ses-d1702_T1w.nii.gz,1,0.0
OAS30140,d0172,2000-06-21,/project/rrg-mchakrav-ab/moncia/oasis_3_bids/sub-OAS30140/ses-d0172/anat/sub-OAS30140_ses-d0172_run-01_T1w.nii.gz,1,0.0
OAS30141,d0544,2001-06-28,/project/rrg-mchakrav-ab/moncia/oasis_3_bids/sub-OAS30141/ses-d0544/anat/sub-OAS30141_ses-d0544_T1w.nii.gz,1,0.0
OAS30141,d1306,2003-07-30,/project/rrg-mchakrav-ab/moncia/oasis_3_bids/sub-OAS30141/ses-d1306/anat/sub-OAS30141_ses-d1306_T1w.nii.gz,1,0.0
OAS30141,d2512,2006-11-17,/project/rrg-mchakrav-ab/moncia/oasis_3_bids/sub-OAS30141/ses-d2512/anat/sub-OAS30141_ses-d2512_T1w.nii.gz,1,0.0
OAS30142,d0075,2000-03-16,/project/rrg-mchakrav-ab/moncia/oasis_3_bids/sub-OAS30142/ses-d0075/anat/sub-OAS30142_ses-d0075_run-01_T1w.nii.gz,1,0.0
OAS30142,d1279,2003-07-03,/project/rrg-mchakrav-ab/moncia/oasis_3_bids/sub-OAS30142/ses-d1279/anat/sub-OAS30142_ses-d1279_T1w.nii.gz,1,0.0
OAS30143,d2235,2006-02-13,/project/rrg-mchakrav-ab/moncia/oasis_3_bids/sub-OAS30143/ses-d2235/anat/sub-OAS30143_ses-d2235_run-01_T1w.nii.gz,1,0.0
OAS30143,d3507,2009-08-08,/project/rrg-mchakrav-ab/moncia/oasis_3_bids/sub-OAS30143/ses-d3507/anat/sub-OAS30143_ses-d3507_T1w.nii.gz,1,0.0
OAS30143,d3509,2009-08-10,/project/rrg-mchakrav-ab/moncia/oasis_3_bids/sub-OAS30143/ses-d3509/anat/sub-OAS30143_ses-d3509_T1w.nii.gz,1,0.0
OAS30143,d3856,2010-07-23,/project/rrg-mchakrav-ab/moncia/oasis_3_bids/sub-OAS30143/ses-d3856/anat/sub-OAS30143_ses-d3856_T1w.nii.gz,1,0.0
OAS30143,d4041,2011-01-24,/project/rrg-mchakrav-ab/moncia/oasis_3_bids/sub-OAS30143/ses-d4041/anat/sub-OAS30143_ses-d4041_T1w.nii.gz,1,0.0
OAS30145,d3506,2009-08-07,/project/rrg-mchakrav-ab/moncia/oasis_3_bids/sub-OAS30145/ses-d3506/anat/sub-OAS30145_ses-d3506_run-01_T1w.nii.gz,2,0.5
OAS30145,d4247,2011-08-18,/project/rrg-mchakrav-ab/moncia/oasis_3_bids/sub-OAS30145/ses-d4247/anat/sub-OAS30145_ses-d4247_run-01_T1w.nii.gz,3,1.0
OAS30146,d2309,2006-04-28,/project/rrg-mchakrav-ab/moncia/oasis_3_bids/sub-OAS30146/ses-d2309/anat/sub-OAS30146_ses-d2309_T1w.nii.gz,1,0.0
OAS30146,d3322,2009-02-04,/project/rrg-mchakrav-ab/moncia/oasis_3_bids/sub-OAS30146/ses-d3322/anat/sub-OAS30146_ses-d3322_T1w.nii.gz,1,0.0
OAS30147,d0048,2000-02-18,/project/rrg-mchakrav-ab/moncia/oasis_3_bids/sub-OAS30147/ses-d0048/anat/sub-OAS30147_ses-d0048_T1w.nii.gz,2,0.5
OAS30149,d0051,2000-02-21,/project/rrg-mchakrav-ab/moncia/oasis_3_bids/sub-OAS30149/ses-d0051/anat/sub-OAS30149_ses-d0051_T1w.nii.gz,1,0.0
OAS30149,d1240,2003-05-25,/project/rrg-mchakrav-ab/moncia/oasis_3_bids/sub-OAS30149/ses-d1240/anat/sub-OAS30149_ses-d1240_T1w.nii.gz,1,0.0
OAS30150,d0100,2000-04-10,/project/rrg-mchakrav-ab/moncia/oasis_3_bids/sub-OAS30150/ses-d0100/anat/sub-OAS30150_ses-d0100_run-01_T1w.nii.gz,2,0.5
OAS30151,d0064,2000-03-05,/project/rrg-mchakrav-ab/moncia/oasis_3_bids/sub-OAS30151/ses-d0064/anat/sub-OAS30151_ses-d0064_T1w.nii.gz,1,0.0
OAS30152,d0111,2000-04-21,/project/rrg-mchakrav-ab/moncia/oasis_3_bids/sub-OAS30152/ses-d0111/anat/sub-OAS30152_ses-d0111_run-01_T1w.nii.gz,1,0.0
OAS30153,d2220,2006-01-29,/project/rrg-mchakrav-ab/moncia/oasis_3_bids/sub-OAS30153/ses-d2220/anat/sub-OAS30153_ses-d2220_run-01_T1w.nii.gz,2,0.5
OAS30153,d3877,2010-08-13,/project/rrg-mchakrav-ab/moncia/oasis_3_bids/sub-OAS30153/ses-d3877/anat/sub-OAS30153_ses-d3877_run-01_T1w.nii.gz,2,0.5
OAS30154,d0244,2000-09-01,/project/rrg-mchakrav-ab/moncia/oasis_3_bids/sub-OAS30154/ses-d0244/anat/sub-OAS30154_ses-d0244_T1w.nii.gz,1,0.0
OAS30155,d0785,2002-02-24,/project/rrg-mchakrav-ab/moncia/oasis_3_bids/sub-OAS30155/ses-d0785/anat/sub-OAS30155_ses-d0785_T1w.nii.gz,1,0.0
OAS30155,d1934,2005-04-18,/project/rrg-mchakrav-ab/moncia/oasis_3_bids/sub-OAS30155/ses-d1934/anat/sub-OAS30155_ses-d1934_T1w.nii.gz,1,0.0
OAS30156,d0503,2001-05-18,/project/rrg-mchakrav-ab/moncia/oasis_3_bids/sub-OAS30156/ses-d0503/anat/sub-OAS30156_ses-d0503_run-01_T1w.nii.gz,2,0.5
OAS30157,d0889,2002-06-08,/project/rrg-mchakrav-ab/moncia/oasis_3_bids/sub-OAS30157/ses-d0889/anat/sub-OAS30157_ses-d0889_run-01_T1w.nii.gz,1,0.0
OAS30157,d1428,2003-11-29,/project/rrg-mchakrav-ab/moncia/oasis_3_bids/sub-OAS30157/ses-d1428/anat/sub-OAS30157_ses-d1428_run-01_T1w.nii.gz,1,0.0
OAS30158,d2467,2006-10-03,/project/rrg-mchakrav-ab/moncia/oasis_3_bids/sub-OAS30158/ses-d2467/anat/sub-OAS30158_ses-d2467_run-01_T1w.nii.gz,3,2.0
OAS30159,d0110,2000-04-20,/project/rrg-mchakrav-ab/moncia/oasis_3_bids/sub-OAS30159/ses-d0110/anat/sub-OAS30159_ses-d0110_T1w.nii.gz,1,0.0
OAS30160,d0099,2000-04-09,/project/rrg-mchakrav-ab/moncia/oasis_3_bids/sub-OAS30160/ses-d0099/anat/sub-OAS30160_ses-d0099_run-01_T1w.nii.gz,1,0.0
OAS30160,d0751,2002-01-21,/project/rrg-mchakrav-ab/moncia/oasis_3_bids/sub-OAS30160/ses-d0751/anat/sub-OAS30160_ses-d0751_run-01_T1w.nii.gz,1,0.0
OAS30160,d2392,2006-07-20,/project/rrg-mchakrav-ab/moncia/oasis_3_bids/sub-OAS30160/ses-d2392/anat/sub-OAS30160_ses-d2392_T1w.nii.gz,1,0.0
OAS30160,d3534,2009-09-04,/project/rrg-mchakrav-ab/moncia/oasis_3_bids/sub-OAS30160/ses-d3534/anat/sub-OAS30160_ses-d3534_T1w.nii.gz,1,0.0
OAS30161,d2517,2006-11-22,/project/rrg-mchakrav-ab/moncia/oasis_3_bids/sub-OAS30161/ses-d2517/anat/sub-OAS30161_ses-d2517_T1w.nii.gz,1,0.0
OAS30163,d0091,2000-04-01,/project/rrg-mchakrav-ab/moncia/oasis_3_bids/sub-OAS30163/ses-d0091/anat/sub-OAS30163_ses-d0091_run-01_T1w.nii.gz,1,0.0
OAS30164,d0233,2000-08-21,/project/rrg-mchakrav-ab/moncia/oasis_3_bids/sub-OAS30164/ses-d0233/anat/sub-OAS30164_ses-d0233_run-01_T1w.nii.gz,1,0.0
OAS30164,d0975,2002-09-02,/project/rrg-mchakrav-ab/moncia/oasis_3_bids/sub-OAS30164/ses-d0975/anat/sub-OAS30164_ses-d0975_run-01_T1w.nii.gz,1,0.0
OAS30164,d2416,2006-08-13,/project/rrg-mchakrav-ab/moncia/oasis_3_bids/sub-OAS30164/ses-d2416/anat/sub-OAS30164_ses-d2416_T1w.nii.gz,1,0.0
OAS30167,d0111,2000-04-21,/project/rrg-mchakrav-ab/moncia/oasis_3_bids/sub-OAS30167/ses-d0111/anat/sub-OAS30167_ses-d0111_T1w.nii.gz,1,0.0
OAS30167,d1340,2003-09-02,/project/rrg-mchakrav-ab/moncia/oasis_3_bids/sub-OAS30167/ses-d1340/anat/sub-OAS30167_ses-d1340_T1w.nii.gz,1,0.0
OAS30168,d0059,2000-02-29,/project/rrg-mchakrav-ab/moncia/oasis_3_bids/sub-OAS30168/ses-d0059/anat/sub-OAS30168_ses-d0059_run-01_T1w.nii.gz,1,0.0
OAS30168,d1268,2003-06-22,/project/rrg-mchakrav-ab/moncia/oasis_3_bids/sub-OAS30168/ses-d1268/anat/sub-OAS30168_ses-d1268_T1w.nii.gz,1,0.0
OAS30170,d0005,2000-01-06,/project/rrg-mchakrav-ab/moncia/oasis_3_bids/sub-OAS30170/ses-d0005/anat/sub-OAS30170_ses-d0005_T1w.nii.gz,3,1.0
OAS30171,d0139,2000-05-19,/project/rrg-mchakrav-ab/moncia/oasis_3_bids/sub-OAS30171/ses-d0139/anat/sub-OAS30171_ses-d0139_run-01_T1w.nii.gz,2,0.5
OAS30172,d0028,2000-01-29,/project/rrg-mchakrav-ab/moncia/oasis_3_bids/sub-OAS30172/ses-d0028/anat/sub-OAS30172_ses-d0028_run-01_T1w.nii.gz,2,0.5
OAS30173,d1188,2003-04-03,/project/rrg-mchakrav-ab/moncia/oasis_3_bids/sub-OAS30173/ses-d1188/anat/sub-OAS30173_ses-d1188_run-01_T1w.nii.gz,1,0.0
OAS30173,d3030,2008-04-18,/project/rrg-mchakrav-ab/moncia/oasis_3_bids/sub-OAS30173/ses-d3030/anat/sub-OAS30173_ses-d3030_T1w.nii.gz,2,0.5
OAS30173,d3841,2010-07-08,/project/rrg-mchakrav-ab/moncia/oasis_3_bids/sub-OAS30173/ses-d3841/anat/sub-OAS30173_ses-d3841_T1w.nii.gz,1,0.0
OAS30175,d0349,2000-12-15,/project/rrg-mchakrav-ab/moncia/oasis_3_bids/sub-OAS30175/ses-d0349/anat/sub-OAS30175_ses-d0349_run-01_T1w.nii.gz,1,0.0
OAS30176,d0000,2000-01-01,/project/rrg-mchakrav-ab/moncia/oasis_3_bids/sub-OAS30176/ses-d0000/anat/sub-OAS30176_ses-d0000_T1w.nii.gz,1,0.0
OAS30178,d0049,2000-02-19,/project/rrg-mchakrav-ab/moncia/oasis_3_bids/sub-OAS30178/ses-d0049/anat/sub-OAS30178_ses-d0049_T1w.nii.gz,1,0.0
OAS30178,d1384,2003-10-16,/project/rrg-mchakrav-ab/moncia/oasis_3_bids/sub-OAS30178/ses-d1384/anat/sub-OAS30178_ses-d1384_run-01_T1w.nii.gz,1,0.0
OAS30178,d2443,2006-09-09,/project/rrg-mchakrav-ab/moncia/oasis_3_bids/sub-OAS30178/ses-d2443/anat/sub-OAS30178_ses-d2443_T1w.nii.gz,1,0.0
OAS30178,d2455,2006-09-21,/project/rrg-mchakrav-ab/moncia/oasis_3_bids/sub-OAS30178/ses-d2455/anat/sub-OAS30178_ses-d2455_run-01_T1w.nii.gz,1,0.0
OAS30178,d2794,2007-08-26,/project/rrg-mchakrav-ab/moncia/oasis_3_bids/sub-OAS30178/ses-d2794/anat/sub-OAS30178_ses-d2794_T1w.nii.gz,1,0.0
OAS30178,d3500,2009-08-01,/project/rrg-mchakrav-ab/moncia/oasis_3_bids/sub-OAS30178/ses-d3500/anat/sub-OAS30178_ses-d3500_T1w.nii.gz,1,0.0
OAS30178,d4730,2012-12-13,/project/rrg-mchakrav-ab/moncia/oasis_3_bids/sub-OAS30178/ses-d4730/anat/sub-OAS30178_ses-d4730_run-01_T1w.nii.gz,1,0.0
OAS30179,d0061,2000-03-02,/project/rrg-mchakrav-ab/moncia/oasis_3_bids/sub-OAS30179/ses-d0061/anat/sub-OAS30179_ses-d0061_T1w.nii.gz,1,0.0
OAS30180,d0051,2000-02-21,/project/rrg-mchakrav-ab/moncia/oasis_3_bids/sub-OAS30180/ses-d0051/anat/sub-OAS30180_ses-d0051_run-01_T1w.nii.gz,1,0.0
OAS30181,d0058,2000-02-28,/project/rrg-mchakrav-ab/moncia/oasis_3_bids/sub-OAS30181/ses-d0058/anat/sub-OAS30181_ses-d0058_T1w.nii.gz,2,0.5
OAS30181,d1227,2003-05-12,/project/rrg-mchakrav-ab/moncia/oasis_3_bids/sub-OAS30181/ses-d1227/anat/sub-OAS30181_ses-d1227_T1w.nii.gz,1,0.0
OAS30182,d0094,2000-04-04,/project/rrg-mchakrav-ab/moncia/oasis_3_bids/sub-OAS30182/ses-d0094/anat/sub-OAS30182_ses-d0094_T1w.nii.gz,1,0.0
OAS30182,d0101,2000-04-11,/project/rrg-mchakrav-ab/moncia/oasis_3_bids/sub-OAS30182/ses-d0101/anat/sub-OAS30182_ses-d0101_T1w.nii.gz,1,0.0
OAS30182,d2289,2006-04-08,/project/rrg-mchakrav-ab/moncia/oasis_3_bids/sub-OAS30182/ses-d2289/anat/sub-OAS30182_ses-d2289_T1w.nii.gz,1,0.0
OAS30183,d0082,2000-03-23,/project/rrg-mchakrav-ab/moncia/oasis_3_bids/sub-OAS30183/ses-d0082/anat/sub-OAS30183_ses-d0082_run-01_T1w.nii.gz,1,0.0
OAS30184,d0169,2000-06-18,/project/rrg-mchakrav-ab/moncia/oasis_3_bids/sub-OAS30184/ses-d0169/anat/sub-OAS30184_ses-d0169_run-01_T1w.nii.gz,1,0.0
OAS30184,d0876,2002-05-26,/project/rrg-mchakrav-ab/moncia/oasis_3_bids/sub-OAS30184/ses-d0876/anat/sub-OAS30184_ses-d0876_run-01_T1w.nii.gz,1,0.0
OAS30184,d3157,2008-08-23,/project/rrg-mchakrav-ab/moncia/oasis_3_bids/sub-OAS30184/ses-d3157/anat/sub-OAS30184_ses-d3157_T1w.nii.gz,1,0.0
OAS30185,d3787,2010-05-15,/project/rrg-mchakrav-ab/moncia/oasis_3_bids/sub-OAS30185/ses-d3787/anat/sub-OAS30185_ses-d3787_T1w.nii.gz,2,0.5
OAS30185,d4551,2012-06-17,/project/rrg-mchakrav-ab/moncia/oasis_3_bids/sub-OAS30185/ses-d4551/anat/sub-OAS30185_ses-d4551_T1w.nii.gz,1,0.0
OAS30185,d6000,2016-06-05,/project/rrg-mchakrav-ab/moncia/oasis_3_bids/sub-OAS30185/ses-d6000/anat/sub-OAS30185_ses-d6000_T1w.nii.gz,1,0.0
OAS30187,d0070,2000-03-11,/project/rrg-mchakrav-ab/moncia/oasis_3_bids/sub-OAS30187/ses-d0070/anat/sub-OAS30187_ses-d0070_T1w.nii.gz,1,0.0
OAS30187,d1210,2003-04-25,/project/rrg-mchakrav-ab/moncia/oasis_3_bids/sub-OAS30187/ses-d1210/anat/sub-OAS30187_ses-d1210_T1w.nii.gz,1,0.0
OAS30189,d0072,2000-03-13,/project/rrg-mchakrav-ab/moncia/oasis_3_bids/sub-OAS30189/ses-d0072/anat/sub-OAS30189_ses-d0072_T1w.nii.gz,1,0.0
OAS30189,d1220,2003-05-05,/project/rrg-mchakrav-ab/moncia/oasis_3_bids/sub-OAS30189/ses-d1220/anat/sub-OAS30189_ses-d1220_T1w.nii.gz,1,0.0
OAS30190,d0082,2000-03-23,/project/rrg-mchakrav-ab/moncia/oasis_3_bids/sub-OAS30190/ses-d0082/anat/sub-OAS30190_ses-d0082_run-01_T1w.nii.gz,3,1.0
OAS30191,d1136,2003-02-10,/project/rrg-mchakrav-ab/moncia/oasis_3_bids/sub-OAS30191/ses-d1136/anat/sub-OAS30191_ses-d1136_T1w.nii.gz,1,0.0
OAS30191,d2352,2006-06-10,/project/rrg-mchakrav-ab/moncia/oasis_3_bids/sub-OAS30191/ses-d2352/anat/sub-OAS30191_ses-d2352_T1w.nii.gz,1,0.0
OAS30192,d1409,2003-11-10,/project/rrg-mchakrav-ab/moncia/oasis_3_bids/sub-OAS30192/ses-d1409/anat/sub-OAS30192_ses-d1409_run-01_T1w.nii.gz,1,0.0
OAS30193,d0043,2000-02-13,/project/rrg-mchakrav-ab/moncia/oasis_3_bids/sub-OAS30193/ses-d0043/anat/sub-OAS30193_ses-d0043_run-01_T1w.nii.gz,1,0.0
OAS30193,d1611,2004-05-30,/project/rrg-mchakrav-ab/moncia/oasis_3_bids/sub-OAS30193/ses-d1611/anat/sub-OAS30193_ses-d1611_T1w.nii.gz,1,0.0
OAS30194,d5837,2015-12-25,/project/rrg-mchakrav-ab/moncia/oasis_3_bids/sub-OAS30194/ses-d5837/anat/sub-OAS30194_ses-d5837_run-01_T1w.nii.gz,1,0.0
OAS30194,d6419,2017-07-29,/project/rrg-mchakrav-ab/moncia/oasis_3_bids/sub-OAS30194/ses-d6419/anat/sub-OAS30194_ses-d6419_run-01_T1w.nii.gz,1,0.0
OAS30194,d6605,2018-01-31,/project/rrg-mchakrav-ab/moncia/oasis_3_bids/sub-OAS30194/ses-d6605/anat/sub-OAS30194_ses-d6605_run-01_T1w.nii.gz,1,0.0
OAS30194,d7432,2020-05-07,/project/rrg-mchakrav-ab/moncia/oasis_3_bids/sub-OAS30194/ses-d7432/anat/sub-OAS30194_ses-d7432_run-01_T1w.nii.gz,1,0.0
OAS30194,d8874,2024-04-18,/project/rrg-mchakrav-ab/moncia/oasis_3_bids/sub-OAS30194/ses-d8874/anat/sub-OAS30194_ses-d8874_T1w.nii.gz,1,0.0
OAS30194,d8881,2024-04-25,/project/rrg-mchakrav-ab/moncia/oasis_3_bids/sub-OAS30194/ses-d8881/anat/sub-OAS30194_ses-d8881_T1w.nii.gz,1,0.0
OAS30194,d9317,2025-07-05,/project/rrg-mchakrav-ab/moncia/oasis_3_bids/sub-OAS30194/ses-d9317/anat/sub-OAS30194_ses-d9317_T1w.nii.gz,2,0.5
OAS30194,d9443,2025-11-08,/project/rrg-mchakrav-ab/moncia/oasis_3_bids/sub-OAS30194/ses-d9443/anat/sub-OAS30194_ses-d9443_T1w.nii.gz,2,0.5
OAS30194,d9874,2027-01-13,/project/rrg-mchakrav-ab/moncia/oasis_3_bids/sub-OAS30194/ses-d9874/anat/sub-OAS30194_ses-d9874_T1w.nii.gz,3,2.0
OAS30195,d0193,2000-07-12,/project/rrg-mchakrav-ab/moncia/oasis_3_bids/sub-OAS30195/ses-d0193/anat/sub-OAS30195_ses-d0193_T1w.nii.gz,1,0.0
OAS30195,d1596,2004-05-15,/project/rrg-mchakrav-ab/moncia/oasis_3_bids/sub-OAS30195/ses-d1596/anat/sub-OAS30195_ses-d1596_T1w.nii.gz,1,0.0
OAS30197,d0115,2000-04-25,/project/rrg-mchakrav-ab/moncia/oasis_3_bids/sub-OAS30197/ses-d0115/anat/sub-OAS30197_ses-d0115_T1w.nii.gz,1,0.0
OAS30198,d0083,2000-03-24,/project/rrg-mchakrav-ab/moncia/oasis_3_bids/sub-OAS30198/ses-d0083/anat/sub-OAS30198_ses-d0083_T1w.nii.gz,3,1.0
OAS30199,d0024,2000-01-25,/project/rrg-mchakrav-ab/moncia/oasis_3_bids/sub-OAS30199/ses-d0024/anat/sub-OAS30199_ses-d0024_T1w.nii.gz,3,1.0
OAS30200,d0075,2000-03-16,/project/rrg-mchakrav-ab/moncia/oasis_3_bids/sub-OAS30200/ses-d0075/anat/sub-OAS30200_ses-d0075_run-01_T1w.nii.gz,1,0.0
OAS30201,d0077,2000-03-18,/project/rrg-mchakrav-ab/moncia/oasis_3_bids/sub-OAS30201/ses-d0077/anat/sub-OAS30201_ses-d0077_T1w.nii.gz,1,0.0
OAS30202,d0175,2000-06-24,/project/rrg-mchakrav-ab/moncia/oasis_3_bids/sub-OAS30202/ses-d0175/anat/sub-OAS30202_ses-d0175_run-01_T1w.nii.gz,3,1.0
OAS30203,d0802,2002-03-13,/project/rrg-mchakrav-ab/moncia/oasis_3_bids/sub-OAS30203/ses-d0802/anat/sub-OAS30203_ses-d0802_run-01_T1w.nii.gz,1,0.0
OAS30203,d2881,2007-11-21,/project/rrg-mchakrav-ab/moncia/oasis_3_bids/sub-OAS30203/ses-d2881/anat/sub-OAS30203_ses-d2881_T1w.nii.gz,2,0.5
OAS30204,d0020,2000-01-21,/project/rrg-mchakrav-ab/moncia/oasis_3_bids/sub-OAS30204/ses-d0020/anat/sub-OAS30204_ses-d0020_T1w.nii.gz,1,0.0
OAS30204,d0033,2000-02-03,/project/rrg-mchakrav-ab/moncia/oasis_3_bids/sub-OAS30204/ses-d0033/anat/sub-OAS30204_ses-d0033_run-01_T1w.nii.gz,1,0.0
OAS30205,d0061,2000-03-02,/project/rrg-mchakrav-ab/moncia/oasis_3_bids/sub-OAS30205/ses-d0061/anat/sub-OAS30205_ses-d0061_T1w.nii.gz,1,0.0
OAS30206,d0306,2000-11-02,/project/rrg-mchakrav-ab/moncia/oasis_3_bids/sub-OAS30206/ses-d0306/anat/sub-OAS30206_ses-d0306_run-01_T1w.nii.gz,2,0.5
OAS30206,d1036,2002-11-02,/project/rrg-mchakrav-ab/moncia/oasis_3_bids/sub-OAS30206/ses-d1036/anat/sub-OAS30206_ses-d1036_run-01_T1w.nii.gz,2,0.5
OAS30206,d2303,2006-04-22,/project/rrg-mchakrav-ab/moncia/oasis_3_bids/sub-OAS30206/ses-d2303/anat/sub-OAS30206_ses-d2303_T1w.nii.gz,2,0.5
OAS30206,d3024,2008-04-12,/project/rrg-mchakrav-ab/moncia/oasis_3_bids/sub-OAS30206/ses-d3024/anat/sub-OAS30206_ses-d3024_T1w.nii.gz,1,0.0
OAS30207,d2812,2007-09-13,/project/rrg-mchakrav-ab/moncia/oasis_3_bids/sub-OAS30207/ses-d2812/anat/sub-OAS30207_ses-d2812_T1w.nii.gz,1,0.0
OAS30208,d0436,2001-03-12,/project/rrg-mchakrav-ab/moncia/oasis_3_bids/sub-OAS30208/ses-d0436/anat/sub-OAS30208_ses-d0436_T1w.nii.gz,1,0.0
OAS30208,d1703,2004-08-30,/project/rrg-mchakrav-ab/moncia/oasis_3_bids/sub-OAS30208/ses-d1703/anat/sub-OAS30208_ses-d1703_T1w.nii.gz,2,0.5
OAS30208,d2442,2006-09-08,/project/rrg-mchakrav-ab/moncia/oasis_3_bids/sub-OAS30208/ses-d2442/anat/sub-OAS30208_ses-d2442_T1w.nii.gz,1,0.0
OAS30209,d0609,2001-09-01,/project/rrg-mchakrav-ab/moncia/oasis_3_bids/sub-OAS30209/ses-d0609/anat/sub-OAS30209_ses-d0609_run-01_T1w.nii.gz,3,1.0
OAS30209,d1976,2005-05-30,/project/rrg-mchakrav-ab/moncia/oasis_3_bids/sub-OAS30209/ses-d1976/anat/sub-OAS30209_ses-d1976_T1w.nii.gz,3,1.0
OAS30210,d0047,2000-02-17,/project/rrg-mchakrav-ab/moncia/oasis_3_bids/sub-OAS30210/ses-d0047/anat/sub-OAS30210_ses-d0047_T1w.nii.gz,2,0.5
OAS30211,d0046,2000-02-16,/project/rrg-mchakrav-ab/moncia/oasis_3_bids/sub-OAS30211/ses-d0046/anat/sub-OAS30211_ses-d0046_T1w.nii.gz,1,0.0
OAS30211,d1239,2003-05-24,/project/rrg-mchakrav-ab/moncia/oasis_3_bids/sub-OAS30211/ses-d1239/anat/sub-OAS30211_ses-d1239_T1w.nii.gz,1,0.0
OAS30211,d2380,2006-07-08,/project/rrg-mchakrav-ab/moncia/oasis_3_bids/sub-OAS30211/ses-d2380/anat/sub-OAS30211_ses-d2380_T1w.nii.gz,1,0.0
OAS30212,d0091,2000-04-01,/project/rrg-mchakrav-ab/moncia/oasis_3_bids/sub-OAS30212/ses-d0091/anat/sub-OAS30212_ses-d0091_run-01_T1w.nii.gz,1,0.0
OAS30212,d0753,2002-01-23,/project/rrg-mchakrav-ab/moncia/oasis_3_bids/sub-OAS30212/ses-d0753/anat/sub-OAS30212_ses-d0753_run-01_T1w.nii.gz,2,0.5
OAS30212,d3043,2008-05-01,/project/rrg-mchakrav-ab/moncia/oasis_3_bids/sub-OAS30212/ses-d3043/anat/sub-OAS30212_ses-d3043_T1w.nii.gz,2,0.5
OAS30213,d0041,2000-02-11,/project/rrg-mchakrav-ab/moncia/oasis_3_bids/sub-OAS30213/ses-d0041/anat/sub-OAS30213_ses-d0041_T1w.nii.gz,1,0.0
OAS30214,d4464,2012-03-22,/project/rrg-mchakrav-ab/moncia/oasis_3_bids/sub-OAS30214/ses-d4464/anat/sub-OAS30214_ses-d4464_T1w.nii.gz,3,1.0
OAS30215,d0098,2000-04-08,/project/rrg-mchakrav-ab/moncia/oasis_3_bids/sub-OAS30215/ses-d0098/anat/sub-OAS30215_ses-d0098_T1w.nii.gz,2,0.5
OAS30216,d2849,2007-10-20,/project/rrg-mchakrav-ab/moncia/oasis_3_bids/sub-OAS30216/ses-d2849/anat/sub-OAS30216_ses-d2849_run-01_T1w.nii.gz,1,0.0
OAS30216,d3830,2010-06-27,/project/rrg-mchakrav-ab/moncia/oasis_3_bids/sub-OAS30216/ses-d3830/anat/sub-OAS30216_ses-d3830_run-01_T1w.nii.gz,1,0.0
OAS30217,d0077,2000-03-18,/project/rrg-mchakrav-ab/moncia/oasis_3_bids/sub-OAS30217/ses-d0077/anat/sub-OAS30217_ses-d0077_T1w.nii.gz,2,0.5
OAS30218,d0092,2000-04-02,/project/rrg-mchakrav-ab/moncia/oasis_3_bids/sub-OAS30218/ses-d0092/anat/sub-OAS30218_ses-d0092_run-01_T1w.nii.gz,2,0.5
OAS30218,d0841,2002-04-21,/project/rrg-mchakrav-ab/moncia/oasis_3_bids/sub-OAS30218/ses-d0841/anat/sub-OAS30218_ses-d0841_T1w.nii.gz,2,0.5
OAS30219,d0064,2000-03-05,/project/rrg-mchakrav-ab/moncia/oasis_3_bids/sub-OAS30219/ses-d0064/anat/sub-OAS30219_ses-d0064_T1w.nii.gz,1,0.0
OAS30219,d1184,2003-03-30,/project/rrg-mchakrav-ab/moncia/oasis_3_bids/sub-OAS30219/ses-d1184/anat/sub-OAS30219_ses-d1184_T1w.nii.gz,1,0.0
OAS30219,d2184,2005-12-24,/project/rrg-mchakrav-ab/moncia/oasis_3_bids/sub-OAS30219/ses-d2184/anat/sub-OAS30219_ses-d2184_T1w.nii.gz,1,0.0
OAS30220,d0104,2000-04-14,/project/rrg-mchakrav-ab/moncia/oasis_3_bids/sub-OAS30220/ses-d0104/anat/sub-OAS30220_ses-d0104_T1w.nii.gz,1,0.0
OAS30220,d1165,2003-03-11,/project/rrg-mchakrav-ab/moncia/oasis_3_bids/sub-OAS30220/ses-d1165/anat/sub-OAS30220_ses-d1165_T1w.nii.gz,1,0.0
OAS30220,d2246,2006-02-24,/project/rrg-mchakrav-ab/moncia/oasis_3_bids/sub-OAS30220/ses-d2246/anat/sub-OAS30220_ses-d2246_T1w.nii.gz,1,0.0
OAS30221,d0079,2000-03-20,/project/rrg-mchakrav-ab/moncia/oasis_3_bids/sub-OAS30221/ses-d0079/anat/sub-OAS30221_ses-d0079_T1w.nii.gz,1,0.0
OAS30221,d1143,2003-02-17,/project/rrg-mchakrav-ab/moncia/oasis_3_bids/sub-OAS30221/ses-d1143/anat/sub-OAS30221_ses-d1143_T1w.nii.gz,1,0.0
OAS30221,d2358,2006-06-16,/project/rrg-mchakrav-ab/moncia/oasis_3_bids/sub-OAS30221/ses-d2358/anat/sub-OAS30221_ses-d2358_run-01_T1w.nii.gz,1,0.0
OAS30222,d1000,2002-09-27,/project/rrg-mchakrav-ab/moncia/oasis_3_bids/sub-OAS30222/ses-d1000/anat/sub-OAS30222_ses-d1000_run-01_T1w.nii.gz,1,0.0
OAS30223,d0455,2001-03-31,/project/rrg-mchakrav-ab/moncia/oasis_3_bids/sub-OAS30223/ses-d0455/anat/sub-OAS30223_ses-d0455_run-01_T1w.nii.gz,1,0.0
OAS30223,d1235,2003-05-20,/project/rrg-mchakrav-ab/moncia/oasis_3_bids/sub-OAS30223/ses-d1235/anat/sub-OAS30223_ses-d1235_run-01_T1w.nii.gz,2,0.5
OAS30224,d0556,2001-07-10,/project/rrg-mchakrav-ab/moncia/oasis_3_bids/sub-OAS30224/ses-d0556/anat/sub-OAS30224_ses-d0556_run-01_T1w.nii.gz,2,0.5
OAS30225,d0482,2001-04-27,/project/rrg-mchakrav-ab/moncia/oasis_3_bids/sub-OAS30225/ses-d0482/anat/sub-OAS30225_ses-d0482_T1w.nii.gz,1,0.0
OAS30226,d0183,2000-07-02,/project/rrg-mchakrav-ab/moncia/oasis_3_bids/sub-OAS30226/ses-d0183/anat/sub-OAS30226_ses-d0183_run-01_T1w.nii.gz,2,0.5
OAS30227,d0000,2000-01-01,/project/rrg-mchakrav-ab/moncia/oasis_3_bids/sub-OAS30227/ses-d0000/anat/sub-OAS30227_ses-d0000_run-01_T1w.nii.gz,1,0.0
OAS30228,d0090,2000-03-31,/project/rrg-mchakrav-ab/moncia/oasis_3_bids/sub-OAS30228/ses-d0090/anat/sub-OAS30228_ses-d0090_T1w.nii.gz,1,0.0
OAS30228,d1211,2003-04-26,/project/rrg-mchakrav-ab/moncia/oasis_3_bids/sub-OAS30228/ses-d1211/anat/sub-OAS30228_ses-d1211_T1w.nii.gz,1,0.0
OAS30229,d0101,2000-04-11,/project/rrg-mchakrav-ab/moncia/oasis_3_bids/sub-OAS30229/ses-d0101/anat/sub-OAS30229_ses-d0101_T1w.nii.gz,1,0.0
OAS30230,d3855,2010-07-22,/project/rrg-mchakrav-ab/moncia/oasis_3_bids/sub-OAS30230/ses-d3855/anat/sub-OAS30230_ses-d3855_T1w.nii.gz,1,0.0
OAS30231,d2510,2006-11-15,/project/rrg-mchakrav-ab/moncia/oasis_3_bids/sub-OAS30231/ses-d2510/anat/sub-OAS30231_ses-d2510_run-01_T1w.nii.gz,1,0.0
OAS30231,d3617,2009-11-26,/project/rrg-mchakrav-ab/moncia/oasis_3_bids/sub-OAS30231/ses-d3617/anat/sub-OAS30231_ses-d3617_T1w.nii.gz,1,0.0
OAS30231,d3630,2009-12-09,/project/rrg-mchakrav-ab/moncia/oasis_3_bids/sub-OAS30231/ses-d3630/anat/sub-OAS30231_ses-d3630_T1w.nii.gz,1,0.0
OAS30232,d0120,2000-04-30,/project/rrg-mchakrav-ab/moncia/oasis_3_bids/sub-OAS30232/ses-d0120/anat/sub-OAS30232_ses-d0120_run-01_T1w.nii.gz,1,0.0
OAS30232,d0695,2001-11-26,/project/rrg-mchakrav-ab/moncia/oasis_3_bids/sub-OAS30232/ses-d0695/anat/sub-OAS30232_ses-d0695_run-01_T1w.nii.gz,1,0.0
OAS30232,d2324,2006-05-13,/project/rrg-mchakrav-ab/moncia/oasis_3_bids/sub-OAS30232/ses-d2324/anat/sub-OAS30232_ses-d2324_T1w.nii.gz,1,0.0
OAS30233,d3867,2010-08-03,/project/rrg-mchakrav-ab/moncia/oasis_3_bids/sub-OAS30233/ses-d3867/anat/sub-OAS30233_ses-d3867_T1w.nii.gz,1,0.0
OAS30233,d5295,2014-07-01,/project/rrg-mchakrav-ab/moncia/oasis_3_bids/sub-OAS30233/ses-d5295/anat/sub-OAS30233_ses-d5295_T1w.nii.gz,1,0.0
OAS30234,d1119,2003-01-24,/project/rrg-mchakrav-ab/moncia/oasis_3_bids/sub-OAS30234/ses-d1119/anat/sub-OAS30234_ses-d1119_run-01_T1w.nii.gz,1,0.0
OAS30235,d0139,2000-05-19,/project/rrg-mchakrav-ab/moncia/oasis_3_bids/sub-OAS30235/ses-d0139/anat/sub-OAS30235_ses-d0139_T1w.nii.gz,1,0.0
OAS30235,d1175,2003-03-21,/project/rrg-mchakrav-ab/moncia/oasis_3_bids/sub-OAS30235/ses-d1175/anat/sub-OAS30235_ses-d1175_T1w.nii.gz,1,0.0
OAS30236,d0088,2000-03-29,/project/rrg-mchakrav-ab/moncia/oasis_3_bids/sub-OAS30236/ses-d0088/anat/sub-OAS30236_ses-d0088_T1w.nii.gz,1,0.0
OAS30237,d1353,2003-09-15,/project/rrg-mchakrav-ab/moncia/oasis_3_bids/sub-OAS30237/ses-d1353/anat/sub-OAS30237_ses-d1353_run-01_T1w.nii.gz,2,0.5
OAS30237,d2478,2006-10-14,/project/rrg-mchakrav-ab/moncia/oasis_3_bids/sub-OAS30237/ses-d2478/anat/sub-OAS30237_ses-d2478_run-01_T1w.nii.gz,2,0.5
OAS30237,d3368,2009-03-22,/project/rrg-mchakrav-ab/moncia/oasis_3_bids/sub-OAS30237/ses-d3368/anat/sub-OAS30237_ses-d3368_T1w.nii.gz,1,0.0
OAS30238,d0037,2000-02-07,/project/rrg-mchakrav-ab/moncia/oasis_3_bids/sub-OAS30238/ses-d0037/anat/sub-OAS30238_ses-d0037_T1w.nii.gz,2,0.5
OAS30239,d0175,2000-06-24,/project/rrg-mchakrav-ab/moncia/oasis_3_bids/sub-OAS30239/ses-d0175/anat/sub-OAS30239_ses-d0175_run-01_T1w.nii.gz,3,1.0
OAS30240,d1871,2005-02-14,/project/rrg-mchakrav-ab/moncia/oasis_3_bids/sub-OAS30240/ses-d1871/anat/sub-OAS30240_ses-d1871_run-01_T1w.nii.gz,1,0.0
OAS30240,d3483,2009-07-15,/project/rrg-mchakrav-ab/moncia/oasis_3_bids/sub-OAS30240/ses-d3483/anat/sub-OAS30240_ses-d3483_T1w.nii.gz,1,0.0
OAS30240,d3487,2009-07-19,/project/rrg-mchakrav-ab/moncia/oasis_3_bids/sub-OAS30240/ses-d3487/anat/sub-OAS30240_ses-d3487_T1w.nii.gz,1,0.0
OAS30240,d3843,2010-07-10,/project/rrg-mchakrav-ab/moncia/oasis_3_bids/sub-OAS30240/ses-d3843/anat/sub-OAS30240_ses-d3843_T1w.nii.gz,1,0.0
OAS30240,d4197,2011-06-29,/project/rrg-mchakrav-ab/moncia/oasis_3_bids/sub-OAS30240/ses-d4197/anat/sub-OAS30240_ses-d4197_T1w.nii.gz,1,0.0
OAS30240,d4844,2013-04-06,/project/rrg-mchakrav-ab/moncia/oasis_3_bids/sub-OAS30240/ses-d4844/anat/sub-OAS30240_ses-d4844_T1w.nii.gz,1,0.0
OAS30240,d5621,2015-05-23,/project/rrg-mchakrav-ab/moncia/oasis_3_bids/sub-OAS30240/ses-d5621/anat/sub-OAS30240_ses-d5621_T1w.nii.gz,1,0.0
OAS30241,d0170,2000-06-19,/project/rrg-mchakrav-ab/moncia/oasis_3_bids/sub-OAS30241/ses-d0170/anat/sub-OAS30241_ses-d0170_run-01_T1w.nii.gz,1,0.0
OAS30241,d1203,2003-04-18,/project/rrg-mchakrav-ab/moncia/oasis_3_bids/sub-OAS30241/ses-d1203/anat/sub-OAS30241_ses-d1203_run-01_T1w.nii.gz,1,0.0
OAS30241,d3605,2009-11-14,/project/rrg-mchakrav-ab/moncia/oasis_3_bids/sub-OAS30241/ses-d3605/anat/sub-OAS30241_ses-d3605_T1w.nii.gz,2,0.5
OAS30241,d4514,2012-05-11,/project/rrg-mchakrav-ab/moncia/oasis_3_bids/sub-OAS30241/ses-d4514/anat/sub-OAS30241_ses-d4514_T1w.nii.gz,1,0.0
OAS30242,d0137,2000-05-17,/project/rrg-mchakrav-ab/moncia/oasis_3_bids/sub-OAS30242/ses-d0137/anat/sub-OAS30242_ses-d0137_T1w.nii.gz,1,0.0
OAS30242,d1138,2003-02-12,/project/rrg-mchakrav-ab/moncia/oasis_3_bids/sub-OAS30242/ses-d1138/anat/sub-OAS30242_ses-d1138_T1w.nii.gz,1,0.0
OAS30243,d0034,2000-02-04,/project/rrg-mchakrav-ab/moncia/oasis_3_bids/sub-OAS30243/ses-d0034/anat/sub-OAS30243_ses-d0034_run-01_T1w.nii.gz,3,2.0
OAS30244,d0104,2000-04-14,/project/rrg-mchakrav-ab/moncia/oasis_3_bids/sub-OAS30244/ses-d0104/anat/sub-OAS30244_ses-d0104_T1w.nii.gz,2,0.5
OAS30244,d1526,2004-03-06,/project/rrg-mchakrav-ab/moncia/oasis_3_bids/sub-OAS30244/ses-d1526/anat/sub-OAS30244_ses-d1526_T1w.nii.gz,2,0.5
OAS30245,d0058,2000-02-28,/project/rrg-mchakrav-ab/moncia/oasis_3_bids/sub-OAS30245/ses-d0058/anat/sub-OAS30245_ses-d0058_T1w.nii.gz,1,0.0
OAS30245,d1548,2004-03-28,/project/rrg-mchakrav-ab/moncia/oasis_3_bids/sub-OAS30245/ses-d1548/anat/sub-OAS30245_ses-d1548_run-01_T1w.nii.gz,1,0.0
OAS30246,d0119,2000-04-29,/project/rrg-mchakrav-ab/moncia/oasis_3_bids/sub-OAS30246/ses-d0119/anat/sub-OAS30246_ses-d0119_run-01_T1w.nii.gz,1,0.0
OAS30246,d0746,2002-01-16,/project/rrg-mchakrav-ab/moncia/oasis_3_bids/sub-OAS30246/ses-d0746/anat/sub-OAS30246_ses-d0746_run-01_T1w.nii.gz,1,0.0
OAS30246,d1591,2004-05-10,/project/rrg-mchakrav-ab/moncia/oasis_3_bids/sub-OAS30246/ses-d1591/anat/sub-OAS30246_ses-d1591_T1w.nii.gz,1,0.0
OAS30246,d2354,2006-06-12,/project/rrg-mchakrav-ab/moncia/oasis_3_bids/sub-OAS30246/ses-d2354/anat/sub-OAS30246_ses-d2354_T1w.nii.gz,1,0.0
OAS30247,d0168,2000-06-17,/project/rrg-mchakrav-ab/moncia/oasis_3_bids/sub-OAS30247/ses-d0168/anat/sub-OAS30247_ses-d0168_run-01_T1w.nii.gz,1,0.0
OAS30247,d0844,2002-04-24,/project/rrg-mchakrav-ab/moncia/oasis_3_bids/sub-OAS30247/ses-d0844/anat/sub-OAS30247_ses-d0844_run-01_T1w.nii.gz,1,0.0
OAS30247,d2643,2007-03-28,/project/rrg-mchakrav-ab/moncia/oasis_3_bids/sub-OAS30247/ses-d2643/anat/sub-OAS30247_ses-d2643_T1w.nii.gz,1,0.0
OAS30248,d0078,2000-03-19,/project/rrg-mchakrav-ab/moncia/oasis_3_bids/sub-OAS30248/ses-d0078/anat/sub-OAS30248_ses-d0078_T1w.nii.gz,1,0.0
OAS30248,d1191,2003-04-06,/project/rrg-mchakrav-ab/moncia/oasis_3_bids/sub-OAS30248/ses-d1191/anat/sub-OAS30248_ses-d1191_T1w.nii.gz,1,0.0
OAS30248,d2017,2005-07-10,/project/rrg-mchakrav-ab/moncia/oasis_3_bids/sub-OAS30248/ses-d2017/anat/sub-OAS30248_ses-d2017_T1w.nii.gz,1,0.0
OAS30249,d0091,2000-04-01,/project/rrg-mchakrav-ab/moncia/oasis_3_bids/sub-OAS30249/ses-d0091/anat/sub-OAS30249_ses-d0091_run-01_T1w.nii.gz,1,0.0
OAS30249,d1238,2003-05-23,/project/rrg-mchakrav-ab/moncia/oasis_3_bids/sub-OAS30249/ses-d1238/anat/sub-OAS30249_ses-d1238_run-01_T1w.nii.gz,1,0.0
OAS30249,d3431,2009-05-24,/project/rrg-mchakrav-ab/moncia/oasis_3_bids/sub-OAS30249/ses-d3431/anat/sub-OAS30249_ses-d3431_T1w.nii.gz,1,0.0
OAS30249,d4416,2012-02-03,/project/rrg-mchakrav-ab/moncia/oasis_3_bids/sub-OAS30249/ses-d4416/anat/sub-OAS30249_ses-d4416_T1w.nii.gz,1,0.0
OAS30249,d5650,2015-06-21,/project/rrg-mchakrav-ab/moncia/oasis_3_bids/sub-OAS30249/ses-d5650/anat/sub-OAS30249_ses-d5650_T1w.nii.gz,1,0.0
OAS30250,d0389,2001-01-24,/project/rrg-mchakrav-ab/moncia/oasis_3_bids/sub-OAS30250/ses-d0389/anat/sub-OAS30250_ses-d0389_run-01_T1w.nii.gz,1,0.0
OAS30250,d1233,2003-05-18,/project/rrg-mchakrav-ab/moncia/oasis_3_bids/sub-OAS30250/ses-d1233/anat/sub-OAS30250_ses-d1233_T1w.nii.gz,1,0.0
OAS30250,d1722,2004-09-18,/project/rrg-mchakrav-ab/moncia/oasis_3_bids/sub-OAS30250/ses-d1722/anat/sub-OAS30250_ses-d1722_run-01_T1w.nii.gz,1,0.0
OAS30250,d3004,2008-03-23,/project/rrg-mchakrav-ab/moncia/oasis_3_bids/sub-OAS30250/ses-d3004/anat/sub-OAS30250_ses-d3004_T1w.nii.gz,2,0.5
OAS30251,d0220,2000-08-08,/project/rrg-mchakrav-ab/moncia/oasis_3_bids/sub-OAS30251/ses-d0220/anat/sub-OAS30251_ses-d0220_run-01_T1w.nii.gz,1,0.0
OAS30251,d2067,2005-08-29,/project/rrg-mchakrav-ab/moncia/oasis_3_bids/sub-OAS30251/ses-d2067/anat/sub-OAS30251_ses-d2067_T1w.nii.gz,1,0.0
OAS30251,d2954,2008-02-02,/project/rrg-mchakrav-ab/moncia/oasis_3_bids/sub-OAS30251/ses-d2954/anat/sub-OAS30251_ses-d2954_T1w.nii.gz,1,0.0
OAS30252,d0119,2000-04-29,/project/rrg-mchakrav-ab/moncia/oasis_3_bids/sub-OAS30252/ses-d0119/anat/sub-OAS30252_ses-d0119_T1w.nii.gz,2,0.5
OAS30253,d1288,2003-07-12,/project/rrg-mchakrav-ab/moncia/oasis_3_bids/sub-OAS30253/ses-d1288/anat/sub-OAS30253_ses-d1288_T1w.nii.gz,1,0.0
OAS30253,d3490,2009-07-22,/project/rrg-mchakrav-ab/moncia/oasis_3_bids/sub-OAS30253/ses-d3490/anat/sub-OAS30253_ses-d3490_T1w.nii.gz,1,0.0
OAS30254,d0057,2000-02-27,/project/rrg-mchakrav-ab/moncia/oasis_3_bids/sub-OAS30254/ses-d0057/anat/sub-OAS30254_ses-d0057_run-01_T1w.nii.gz,1,0.0
OAS30255,d0019,2000-01-20,/project/rrg-mchakrav-ab/moncia/oasis_3_bids/sub-OAS30255/ses-d0019/anat/sub-OAS30255_ses-d0019_run-01_T1w.nii.gz,2,0.5
OAS30256,d0000,2000-01-01,/project/rrg-mchakrav-ab/moncia/oasis_3_bids/sub-OAS30256/ses-d0000/anat/sub-OAS30256_ses-d0000_run-01_T1w.nii.gz,1,0.0
OAS30256,d1284,2003-07-08,/project/rrg-mchakrav-ab/moncia/oasis_3_bids/sub-OAS30256/ses-d1284/anat/sub-OAS30256_ses-d1284_run-01_T1w.nii.gz,1,0.0
OAS30256,d2368,2006-06-26,/project/rrg-mchakrav-ab/moncia/oasis_3_bids/sub-OAS30256/ses-d2368/anat/sub-OAS30256_ses-d2368_T1w.nii.gz,1,0.0
OAS30256,d3588,2009-10-28,/project/rrg-mchakrav-ab/moncia/oasis_3_bids/sub-OAS30256/ses-d3588/anat/sub-OAS30256_ses-d3588_T1w.nii.gz,1,0.0
OAS30257,d0610,2001-09-02,/project/rrg-mchakrav-ab/moncia/oasis_3_bids/sub-OAS30257/ses-d0610/anat/sub-OAS30257_ses-d0610_run-01_T1w.nii.gz,1,0.0
OAS30257,d1938,2005-04-22,/project/rrg-mchakrav-ab/moncia/oasis_3_bids/sub-OAS30257/ses-d1938/anat/sub-OAS30257_ses-d1938_T1w.nii.gz,2,0.5
OAS30257,d3773,2010-05-01,/project/rrg-mchakrav-ab/moncia/oasis_3_bids/sub-OAS30257/ses-d3773/anat/sub-OAS30257_ses-d3773_T1w.nii.gz,2,0.5
OAS30258,d0487,2001-05-02,/project/rrg-mchakrav-ab/moncia/oasis_3_bids/sub-OAS30258/ses-d0487/anat/sub-OAS30258_ses-d0487_run-01_T1w.nii.gz,1,0.0
OAS30258,d1225,2003-05-10,/project/rrg-mchakrav-ab/moncia/oasis_3_bids/sub-OAS30258/ses-d1225/anat/sub-OAS30258_ses-d1225_T1w.nii.gz,1,0.0
OAS30259,d0000,2000-01-01,/project/rrg-mchakrav-ab/moncia/oasis_3_bids/sub-OAS30259/ses-d0000/anat/sub-OAS30259_ses-d0000_run-01_T1w.nii.gz,2,0.5
OAS30261,d0785,2002-02-24,/project/rrg-mchakrav-ab/moncia/oasis_3_bids/sub-OAS30261/ses-d0785/anat/sub-OAS30261_ses-d0785_run-01_T1w.nii.gz,1,0.0
OAS30261,d1892,2005-03-07,/project/rrg-mchakrav-ab/moncia/oasis_3_bids/sub-OAS30261/ses-d1892/anat/sub-OAS30261_ses-d1892_T1w.nii.gz,1,0.0
OAS30262,d0037,2000-02-07,/project/rrg-mchakrav-ab/moncia/oasis_3_bids/sub-OAS30262/ses-d0037/anat/sub-OAS30262_ses-d0037_T1w.nii.gz,2,0.5
OAS30262,d1868,2005-02-11,/project/rrg-mchakrav-ab/moncia/oasis_3_bids/sub-OAS30262/ses-d1868/anat/sub-OAS30262_ses-d1868_T1w.nii.gz,3,1.0
OAS30263,d0129,2000-05-09,/project/rrg-mchakrav-ab/moncia/oasis_3_bids/sub-OAS30263/ses-d0129/anat/sub-OAS30263_ses-d0129_run-01_T1w.nii.gz,1,0.0
OAS30263,d2477,2006-10-13,/project/rrg-mchakrav-ab/moncia/oasis_3_bids/sub-OAS30263/ses-d2477/anat/sub-OAS30263_ses-d2477_T1w.nii.gz,2,0.5
OAS30263,d2483,2006-10-19,/project/rrg-mchakrav-ab/moncia/oasis_3_bids/sub-OAS30263/ses-d2483/anat/sub-OAS30263_ses-d2483_T1w.nii.gz,2,0.5
OAS30263,d4709,2012-11-22,/project/rrg-mchakrav-ab/moncia/oasis_3_bids/sub-OAS30263/ses-d4709/anat/sub-OAS30263_ses-d4709_T1w.nii.gz,2,0.5
OAS30264,d0466,2001-04-11,/project/rrg-mchakrav-ab/moncia/oasis_3_bids/sub-OAS30264/ses-d0466/anat/sub-OAS30264_ses-d0466_T1w.nii.gz,1,0.0
OAS30265,d0192,2000-07-11,/project/rrg-mchakrav-ab/moncia/oasis_3_bids/sub-OAS30265/ses-d0192/anat/sub-OAS30265_ses-d0192_run-01_T1w.nii.gz,3,1.0
OAS30267,d0043,2000-02-13,/project/rrg-mchakrav-ab/moncia/oasis_3_bids/sub-OAS30267/ses-d0043/anat/sub-OAS30267_ses-d0043_run-01_T1w.nii.gz,2,0.5
OAS30268,d0096,2000-04-06,/project/rrg-mchakrav-ab/moncia/oasis_3_bids/sub-OAS30268/ses-d0096/anat/sub-OAS30268_ses-d0096_run-01_T1w.nii.gz,1,0.0
OAS30269,d0052,2000-02-22,/project/rrg-mchakrav-ab/moncia/oasis_3_bids/sub-OAS30269/ses-d0052/anat/sub-OAS30269_ses-d0052_run-01_T1w.nii.gz,1,0.0
OAS30270,d0070,2000-03-11,/project/rrg-mchakrav-ab/moncia/oasis_3_bids/sub-OAS30270/ses-d0070/anat/sub-OAS30270_ses-d0070_T1w.nii.gz,1,0.0
OAS30271,d0004,2000-01-05,/project/rrg-mchakrav-ab/moncia/oasis_3_bids/sub-OAS30271/ses-d0004/anat/sub-OAS30271_ses-d0004_run-01_T1w.nii.gz,3,2.0
OAS30272,d0057,2000-02-27,/project/rrg-mchakrav-ab/moncia/oasis_3_bids/sub-OAS30272/ses-d0057/anat/sub-OAS30272_ses-d0057_run-01_T1w.nii.gz,1,0.0
OAS30272,d2456,2006-09-22,/project/rrg-mchakrav-ab/moncia/oasis_3_bids/sub-OAS30272/ses-d2456/anat/sub-OAS30272_ses-d2456_T1w.nii.gz,1,0.0
OAS30272,d3087,2008-06-14,/project/rrg-mchakrav-ab/moncia/oasis_3_bids/sub-OAS30272/ses-d3087/anat/sub-OAS30272_ses-d3087_T1w.nii.gz,1,0.0
OAS30273,d0077,2000-03-18,/project/rrg-mchakrav-ab/moncia/oasis_3_bids/sub-OAS30273/ses-d0077/anat/sub-OAS30273_ses-d0077_T1w.nii.gz,1,0.0
OAS30273,d1591,2004-05-10,/project/rrg-mchakrav-ab/moncia/oasis_3_bids/sub-OAS30273/ses-d1591/anat/sub-OAS30273_ses-d1591_run-01_T1w.nii.gz,2,0.5
OAS30273,d2304,2006-04-23,/project/rrg-mchakrav-ab/moncia/oasis_3_bids/sub-OAS30273/ses-d2304/anat/sub-OAS30273_ses-d2304_T1w.nii.gz,2,0.5
OAS30274,d3332,2009-02-14,/project/rrg-mchakrav-ab/moncia/oasis_3_bids/sub-OAS30274/ses-d3332/anat/sub-OAS30274_ses-d3332_T1w.nii.gz,1,0.0
OAS30275,d0280,2000-10-07,/project/rrg-mchakrav-ab/moncia/oasis_3_bids/sub-OAS30275/ses-d0280/anat/sub-OAS30275_ses-d0280_run-01_T1w.nii.gz,1,0.0
OAS30275,d1006,2002-10-03,/project/rrg-mchakrav-ab/moncia/oasis_3_bids/sub-OAS30275/ses-d1006/anat/sub-OAS30275_ses-d1006_run-01_T1w.nii.gz,1,0.0
OAS30276,d0138,2000-05-18,/project/rrg-mchakrav-ab/moncia/oasis_3_bids/sub-OAS30276/ses-d0138/anat/sub-OAS30276_ses-d0138_T1w.nii.gz,1,0.0
OAS30276,d1200,2003-04-15,/project/rrg-mchakrav-ab/moncia/oasis_3_bids/sub-OAS30276/ses-d1200/anat/sub-OAS30276_ses-d1200_run-01_T1w.nii.gz,1,0.0
OAS30276,d2405,2006-08-02,/project/rrg-mchakrav-ab/moncia/oasis_3_bids/sub-OAS30276/ses-d2405/anat/sub-OAS30276_ses-d2405_T1w.nii.gz,1,0.0
OAS30276,d2408,2006-08-05,/project/rrg-mchakrav-ab/moncia/oasis_3_bids/sub-OAS30276/ses-d2408/anat/sub-OAS30276_ses-d2408_T1w.nii.gz,1,0.0
OAS30276,d3217,2008-10-22,/project/rrg-mchakrav-ab/moncia/oasis_3_bids/sub-OAS30276/ses-d3217/anat/sub-OAS30276_ses-d3217_T1w.nii.gz,1,0.0
OAS30278,d0028,2000-01-29,/project/rrg-mchakrav-ab/moncia/oasis_3_bids/sub-OAS30278/ses-d0028/anat/sub-OAS30278_ses-d0028_run-01_T1w.nii.gz,1,0.0
OAS30278,d1325,2003-08-18,/project/rrg-mchakrav-ab/moncia/oasis_3_bids/sub-OAS30278/ses-d1325/anat/sub-OAS30278_ses-d1325_run-01_T1w.nii.gz,1,0.0
OAS30279,d0136,2000-05-16,/project/rrg-mchakrav-ab/moncia/oasis_3_bids/sub-OAS30279/ses-d0136/anat/sub-OAS30279_ses-d0136_T1w.nii.gz,2,0.5
OAS30280,d0085,2000-03-26,/project/rrg-mchakrav-ab/moncia/oasis_3_bids/sub-OAS30280/ses-d0085/anat/sub-OAS30280_ses-d0085_run-01_T1w.nii.gz,1,0.0
OAS30280,d0667,2001-10-29,/project/rrg-mchakrav-ab/moncia/oasis_3_bids/sub-OAS30280/ses-d0667/anat/sub-OAS30280_ses-d0667_run-01_T1w.nii.gz,1,0.0
OAS30280,d1647,2004-07-05,/project/rrg-mchakrav-ab/moncia/oasis_3_bids/sub-OAS30280/ses-d1647/anat/sub-OAS30280_ses-d1647_T1w.nii.gz,1,0.0
OAS30281,d0042,2000-02-12,/project/rrg-mchakrav-ab/moncia/oasis_3_bids/sub-OAS30281/ses-d0042/anat/sub-OAS30281_ses-d0042_T1w.nii.gz,3,1.0
OAS30282,d0040,2000-02-10,/project/rrg-mchakrav-ab/moncia/oasis_3_bids/sub-OAS30282/ses-d0040/anat/sub-OAS30282_ses-d0040_T1w.nii.gz,3,1.0
OAS30283,d0064,2000-03-05,/project/rrg-mchakrav-ab/moncia/oasis_3_bids/sub-OAS30283/ses-d0064/anat/sub-OAS30283_ses-d0064_run-01_T1w.nii.gz,1,0.0
OAS30283,d0797,2002-03-08,/project/rrg-mchakrav-ab/moncia/oasis_3_bids/sub-OAS30283/ses-d0797/anat/sub-OAS30283_ses-d0797_T1w.nii.gz,1,0.0
OAS30283,d2660,2007-04-14,/project/rrg-mchakrav-ab/moncia/oasis_3_bids/sub-OAS30283/ses-d2660/anat/sub-OAS30283_ses-d2660_T1w.nii.gz,1,0.0
OAS30283,d3342,2009-02-24,/project/rrg-mchakrav-ab/moncia/oasis_3_bids/sub-OAS30283/ses-d3342/anat/sub-OAS30283_ses-d3342_T1w.nii.gz,1,0.0
OAS30283,d3737,2010-03-26,/project/rrg-mchakrav-ab/moncia/oasis_3_bids/sub-OAS30283/ses-d3737/anat/sub-OAS30283_ses-d3737_T1w.nii.gz,1,0.0
OAS30284,d0094,2000-04-04,/project/rrg-mchakrav-ab/moncia/oasis_3_bids/sub-OAS30284/ses-d0094/anat/sub-OAS30284_ses-d0094_run-01_T1w.nii.gz,1,0.0
OAS30284,d3510,2009-08-11,/project/rrg-mchakrav-ab/moncia/oasis_3_bids/sub-OAS30284/ses-d3510/anat/sub-OAS30284_ses-d3510_T1w.nii.gz,1,0.0
OAS30285,d0055,2000-02-25,/project/rrg-mchakrav-ab/moncia/oasis_3_bids/sub-OAS30285/ses-d0055/anat/sub-OAS30285_ses-d0055_run-01_T1w.nii.gz,1,0.0
OAS30286,d0047,2000-02-17,/project/rrg-mchakrav-ab/moncia/oasis_3_bids/sub-OAS30286/ses-d0047/anat/sub-OAS30286_ses-d0047_T1w.nii.gz,3,1.0
OAS30287,d0890,2002-06-09,/project/rrg-mchakrav-ab/moncia/oasis_3_bids/sub-OAS30287/ses-d0890/anat/sub-OAS30287_ses-d0890_T1w.nii.gz,2,0.5
OAS30288,d4509,2012-05-06,/project/rrg-mchakrav-ab/moncia/oasis_3_bids/sub-OAS30288/ses-d4509/anat/sub-OAS30288_ses-d4509_T1w.nii.gz,1,0.0
OAS30289,d0160,2000-06-09,/project/rrg-mchakrav-ab/moncia/oasis_3_bids/sub-OAS30289/ses-d0160/anat/sub-OAS30289_ses-d0160_T1w.nii.gz,1,0.0
OAS30290,d0000,2000-01-01,/project/rrg-mchakrav-ab/moncia/oasis_3_bids/sub-OAS30290/ses-d0000/anat/sub-OAS30290_ses-d0000_T1w.nii.gz,1,0.0
OAS30291,d0078,2000-03-19,/project/rrg-mchakrav-ab/moncia/oasis_3_bids/sub-OAS30291/ses-d0078/anat/sub-OAS30291_ses-d0078_run-01_T1w.nii.gz,1,0.0
OAS30291,d1979,2005-06-02,/project/rrg-mchakrav-ab/moncia/oasis_3_bids/sub-OAS30291/ses-d1979/anat/sub-OAS30291_ses-d1979_T1w.nii.gz,1,0.0
OAS30291,d3148,2008-08-14,/project/rrg-mchakrav-ab/moncia/oasis_3_bids/sub-OAS30291/ses-d3148/anat/sub-OAS30291_ses-d3148_T1w.nii.gz,1,0.0
OAS30292,d0165,2000-06-14,/project/rrg-mchakrav-ab/moncia/oasis_3_bids/sub-OAS30292/ses-d0165/anat/sub-OAS30292_ses-d0165_run-01_T1w.nii.gz,2,0.5
OAS30293,d0056,2000-02-26,/project/rrg-mchakrav-ab/moncia/oasis_3_bids/sub-OAS30293/ses-d0056/anat/sub-OAS30293_ses-d0056_T1w.nii.gz,1,0.0
OAS30293,d1221,2003-05-06,/project/rrg-mchakrav-ab/moncia/oasis_3_bids/sub-OAS30293/ses-d1221/anat/sub-OAS30293_ses-d1221_T1w.nii.gz,1,0.0
OAS30294,d0462,2001-04-07,/project/rrg-mchakrav-ab/moncia/oasis_3_bids/sub-OAS30294/ses-d0462/anat/sub-OAS30294_ses-d0462_run-01_T1w.nii.gz,1,0.0
OAS30295,d0967,2002-08-25,/project/rrg-mchakrav-ab/moncia/oasis_3_bids/sub-OAS30295/ses-d0967/anat/sub-OAS30295_ses-d0967_run-01_T1w.nii.gz,1,0.0
OAS30296,d0069,2000-03-10,/project/rrg-mchakrav-ab/moncia/oasis_3_bids/sub-OAS30296/ses-d0069/anat/sub-OAS30296_ses-d0069_T1w.nii.gz,1,0.0
OAS30297,d0105,2000-04-15,/project/rrg-mchakrav-ab/moncia/oasis_3_bids/sub-OAS30297/ses-d0105/anat/sub-OAS30297_ses-d0105_run-01_T1w.nii.gz,1,0.0
OAS30297,d2331,2006-05-20,/project/rrg-mchakrav-ab/moncia/oasis_3_bids/sub-OAS30297/ses-d2331/anat/sub-OAS30297_ses-d2331_run-01_T1w.nii.gz,1,0.0
OAS30298,d0292,2000-10-19,/project/rrg-mchakrav-ab/moncia/oasis_3_bids/sub-OAS30298/ses-d0292/anat/sub-OAS30298_ses-d0292_run-01_T1w.nii.gz,2,0.5
OAS30299,d0119,2000-04-29,/project/rrg-mchakrav-ab/moncia/oasis_3_bids/sub-OAS30299/ses-d0119/anat/sub-OAS30299_ses-d0119_run-01_T1w.nii.gz,1,0.0
OAS30300,d0100,2000-04-10,/project/rrg-mchakrav-ab/moncia/oasis_3_bids/sub-OAS30300/ses-d0100/anat/sub-OAS30300_ses-d0100_T1w.nii.gz,1,0.0
OAS30302,d0262,2000-09-19,/project/rrg-mchakrav-ab/moncia/oasis_3_bids/sub-OAS30302/ses-d0262/anat/sub-OAS30302_ses-d0262_run-01_T1w.nii.gz,1,0.0
OAS30303,d0910,2002-06-29,/project/rrg-mchakrav-ab/moncia/oasis_3_bids/sub-OAS30303/ses-d0910/anat/sub-OAS30303_ses-d0910_run-01_T1w.nii.gz,1,0.0
OAS30303,d1948,2005-05-02,/project/rrg-mchakrav-ab/moncia/oasis_3_bids/sub-OAS30303/ses-d1948/anat/sub-OAS30303_ses-d1948_run-01_T1w.nii.gz,1,0.0
OAS30303,d2650,2007-04-04,/project/rrg-mchakrav-ab/moncia/oasis_3_bids/sub-OAS30303/ses-d2650/anat/sub-OAS30303_ses-d2650_run-01_T1w.nii.gz,1,0.0
OAS30304,d0027,2000-01-28,/project/rrg-mchakrav-ab/moncia/oasis_3_bids/sub-OAS30304/ses-d0027/anat/sub-OAS30304_ses-d0027_T1w.nii.gz,1,0.0
OAS30304,d1272,2003-06-26,/project/rrg-mchakrav-ab/moncia/oasis_3_bids/sub-OAS30304/ses-d1272/anat/sub-OAS30304_ses-d1272_T1w.nii.gz,1,0.0
OAS30305,d0245,2000-09-02,/project/rrg-mchakrav-ab/moncia/oasis_3_bids/sub-OAS30305/ses-d0245/anat/sub-OAS30305_ses-d0245_run-01_T1w.nii.gz,1,0.0
OAS30306,d0028,2000-01-29,/project/rrg-mchakrav-ab/moncia/oasis_3_bids/sub-OAS30306/ses-d0028/anat/sub-OAS30306_ses-d0028_T1w.nii.gz,1,0.0
OAS30306,d0473,2001-04-18,/project/rrg-mchakrav-ab/moncia/oasis_3_bids/sub-OAS30306/ses-d0473/anat/sub-OAS30306_ses-d0473_T1w.nii.gz,1,0.0
OAS30306,d0678,2001-11-09,/project/rrg-mchakrav-ab/moncia/oasis_3_bids/sub-OAS30306/ses-d0678/anat/sub-OAS30306_ses-d0678_T1w.nii.gz,1,0.0
OAS30307,d0032,2000-02-02,/project/rrg-mchakrav-ab/moncia/oasis_3_bids/sub-OAS30307/ses-d0032/anat/sub-OAS30307_ses-d0032_run-01_T1w.nii.gz,1,0.0
OAS30307,d2362,2006-06-20,/project/rrg-mchakrav-ab/moncia/oasis_3_bids/sub-OAS30307/ses-d2362/anat/sub-OAS30307_ses-d2362_T1w.nii.gz,1,0.0
OAS30308,d0004,2000-01-05,/project/rrg-mchakrav-ab/moncia/oasis_3_bids/sub-OAS30308/ses-d0004/anat/sub-OAS30308_ses-d0004_run-01_T1w.nii.gz,1,0.0
OAS30309,d0094,2000-04-04,/project/rrg-mchakrav-ab/moncia/oasis_3_bids/sub-OAS30309/ses-d0094/anat/sub-OAS30309_ses-d0094_T1w.nii.gz,1,0.0
OAS30311,d0127,2000-05-07,/project/rrg-mchakrav-ab/moncia/oasis_3_bids/sub-OAS30311/ses-d0127/anat/sub-OAS30311_ses-d0127_T1w.nii.gz,2,0.5
OAS30312,d0068,2000-03-09,/project/rrg-mchakrav-ab/moncia/oasis_3_bids/sub-OAS30312/ses-d0068/anat/sub-OAS30312_ses-d0068_T1w.nii.gz,2,0.5
OAS30313,d0048,2000-02-18,/project/rrg-mchakrav-ab/moncia/oasis_3_bids/sub-OAS30313/ses-d0048/anat/sub-OAS30313_ses-d0048_T1w.nii.gz,2,0.5
OAS30314,d6379,2017-06-19,/project/rrg-mchakrav-ab/moncia/oasis_3_bids/sub-OAS30314/ses-d6379/anat/sub-OAS30314_ses-d6379_run-01_T1w.nii.gz,2,0.5
OAS30314,d6827,2018-09-10,/project/rrg-mchakrav-ab/moncia/oasis_3_bids/sub-OAS30314/ses-d6827/anat/sub-OAS30314_ses-d6827_run-01_T1w.nii.gz,1,0.0
OAS30314,d7000,2019-03-02,/project/rrg-mchakrav-ab/moncia/oasis_3_bids/sub-OAS30314/ses-d7000/anat/sub-OAS30314_ses-d7000_run-01_T1w.nii.gz,1,0.0
OAS30314,d7814,2021-05-24,/project/rrg-mchakrav-ab/moncia/oasis_3_bids/sub-OAS30314/ses-d7814/anat/sub-OAS30314_ses-d7814_run-01_T1w.nii.gz,1,0.0
OAS30315,d0124,2000-05-04,/project/rrg-mchakrav-ab/moncia/oasis_3_bids/sub-OAS30315/ses-d0124/anat/sub-OAS30315_ses-d0124_T1w.nii.gz,3,1.0
OAS30316,d0018,2000-01-19,/project/rrg-mchakrav-ab/moncia/oasis_3_bids/sub-OAS30316/ses-d0018/anat/sub-OAS30316_ses-d0018_T1w.nii.gz,2,0.5
OAS30317,d0088,2000-03-29,/project/rrg-mchakrav-ab/moncia/oasis_3_bids/sub-OAS30317/ses-d0088/anat/sub-OAS30317_ses-d0088_T1w.nii.gz,1,0.0
OAS30318,d2975,2008-02-23,/project/rrg-mchakrav-ab/moncia/oasis_3_bids/sub-OAS30318/ses-d2975/anat/sub-OAS30318_ses-d2975_T1w.nii.gz,1,0.0
OAS30318,d3298,2009-01-11,/project/rrg-mchakrav-ab/moncia/oasis_3_bids/sub-OAS30318/ses-d3298/anat/sub-OAS30318_ses-d3298_T1w.nii.gz,1,0.0
OAS30318,d5075,2013-11-23,/project/rrg-mchakrav-ab/moncia/oasis_3_bids/sub-OAS30318/ses-d5075/anat/sub-OAS30318_ses-d5075_run-01_T1w.nii.gz,2,0.5
OAS30319,d0043,2000-02-13,/project/rrg-mchakrav-ab/moncia/oasis_3_bids/sub-OAS30319/ses-d0043/anat/sub-OAS30319_ses-d0043_run-01_T1w.nii.gz,1,0.0
OAS30320,d0136,2000-05-16,/project/rrg-mchakrav-ab/moncia/oasis_3_bids/sub-OAS30320/ses-d0136/anat/sub-OAS30320_ses-d0136_run-01_T1w.nii.gz,1,0.0
OAS30320,d1740,2004-10-06,/project/rrg-mchakrav-ab/moncia/oasis_3_bids/sub-OAS30320/ses-d1740/anat/sub-OAS30320_ses-d1740_T1w.nii.gz,1,0.0
OAS30321,d0075,2000-03-16,/project/rrg-mchakrav-ab/moncia/oasis_3_bids/sub-OAS30321/ses-d0075/anat/sub-OAS30321_ses-d0075_run-01_T1w.nii.gz,1,0.0
OAS30321,d1988,2005-06-11,/project/rrg-mchakrav-ab/moncia/oasis_3_bids/sub-OAS30321/ses-d1988/anat/sub-OAS30321_ses-d1988_T1w.nii.gz,1,0.0
OAS30321,d3003,2008-03-22,/project/rrg-mchakrav-ab/moncia/oasis_3_bids/sub-OAS30321/ses-d3003/anat/sub-OAS30321_ses-d3003_T1w.nii.gz,1,0.0
OAS30322,d0173,2000-06-22,/project/rrg-mchakrav-ab/moncia/oasis_3_bids/sub-OAS30322/ses-d0173/anat/sub-OAS30322_ses-d0173_run-01_T1w.nii.gz,2,0.5
OAS30322,d0645,2001-10-07,/project/rrg-mchakrav-ab/moncia/oasis_3_bids/sub-OAS30322/ses-d0645/anat/sub-OAS30322_ses-d0645_run-01_T1w.nii.gz,2,0.5
OAS30322,d1630,2004-06-18,/project/rrg-mchakrav-ab/moncia/oasis_3_bids/sub-OAS30322/ses-d1630/anat/sub-OAS30322_ses-d1630_run-01_T1w.nii.gz,2,0.5
OAS30322,d3851,2010-07-18,/project/rrg-mchakrav-ab/moncia/oasis_3_bids/sub-OAS30322/ses-d3851/anat/sub-OAS30322_ses-d3851_T1w.nii.gz,2,0.5
OAS30322,d5194,2014-03-22,/project/rrg-mchakrav-ab/moncia/oasis_3_bids/sub-OAS30322/ses-d5194/anat/sub-OAS30322_ses-d5194_T1w.nii.gz,2,0.5
OAS30324,d0119,2000-04-29,/project/rrg-mchakrav-ab/moncia/oasis_3_bids/sub-OAS30324/ses-d0119/anat/sub-OAS30324_ses-d0119_T1w.nii.gz,1,0.0
OAS30324,d0959,2002-08-17,/project/rrg-mchakrav-ab/moncia/oasis_3_bids/sub-OAS30324/ses-d0959/anat/sub-OAS30324_ses-d0959_T1w.nii.gz,1,0.0
OAS30324,d2433,2006-08-30,/project/rrg-mchakrav-ab/moncia/oasis_3_bids/sub-OAS30324/ses-d2433/anat/sub-OAS30324_ses-d2433_T1w.nii.gz,1,0.0
OAS30325,d0032,2000-02-02,/project/rrg-mchakrav-ab/moncia/oasis_3_bids/sub-OAS30325/ses-d0032/anat/sub-OAS30325_ses-d0032_T1w.nii.gz,2,0.5
OAS30326,d0189,2000-07-08,/project/rrg-mchakrav-ab/moncia/oasis_3_bids/sub-OAS30326/ses-d0189/anat/sub-OAS30326_ses-d0189_run-01_T1w.nii.gz,1,0.0
OAS30327,d0281,2000-10-08,/project/rrg-mchakrav-ab/moncia/oasis_3_bids/sub-OAS30327/ses-d0281/anat/sub-OAS30327_ses-d0281_run-01_T1w.nii.gz,1,0.0
OAS30328,d0105,2000-04-15,/project/rrg-mchakrav-ab/moncia/oasis_3_bids/sub-OAS30328/ses-d0105/anat/sub-OAS30328_ses-d0105_T1w.nii.gz,1,0.0
OAS30328,d0470,2001-04-15,/project/rrg-mchakrav-ab/moncia/oasis_3_bids/sub-OAS30328/ses-d0470/anat/sub-OAS30328_ses-d0470_T1w.nii.gz,1,0.0
OAS30329,d0376,2001-01-11,/project/rrg-mchakrav-ab/moncia/oasis_3_bids/sub-OAS30329/ses-d0376/anat/sub-OAS30329_ses-d0376_T1w.nii.gz,2,0.5
OAS30330,d0000,2000-01-01,/project/rrg-mchakrav-ab/moncia/oasis_3_bids/sub-OAS30330/ses-d0000/anat/sub-OAS30330_ses-d0000_run-01_T1w.nii.gz,2,0.5
OAS30331,d2229,2006-02-07,/project/rrg-mchakrav-ab/moncia/oasis_3_bids/sub-OAS30331/ses-d2229/anat/sub-OAS30331_ses-d2229_run-01_T1w.nii.gz,1,0.0
OAS30331,d2824,2007-09-25,/project/rrg-mchakrav-ab/moncia/oasis_3_bids/sub-OAS30331/ses-d2824/anat/sub-OAS30331_ses-d2824_run-01_T1w.nii.gz,1,0.0
OAS30331,d3478,2009-07-10,/project/rrg-mchakrav-ab/moncia/oasis_3_bids/sub-OAS30331/ses-d3478/anat/sub-OAS30331_ses-d3478_run-01_T1w.nii.gz,2,0.5
OAS30331,d4694,2012-11-07,/project/rrg-mchakrav-ab/moncia/oasis_3_bids/sub-OAS30331/ses-d4694/anat/sub-OAS30331_ses-d4694_T1w.nii.gz,3,1.0
OAS30332,d0091,2000-04-01,/project/rrg-mchakrav-ab/moncia/oasis_3_bids/sub-OAS30332/ses-d0091/anat/sub-OAS30332_ses-d0091_T1w.nii.gz,2,0.5
OAS30333,d0093,2000-04-03,/project/rrg-mchakrav-ab/moncia/oasis_3_bids/sub-OAS30333/ses-d0093/anat/sub-OAS30333_ses-d0093_run-01_T1w.nii.gz,1,0.0
OAS30333,d2005,2005-06-28,/project/rrg-mchakrav-ab/moncia/oasis_3_bids/sub-OAS30333/ses-d2005/anat/sub-OAS30333_ses-d2005_T1w.nii.gz,1,0.0
OAS30333,d2008,2005-07-01,/project/rrg-mchakrav-ab/moncia/oasis_3_bids/sub-OAS30333/ses-d2008/anat/sub-OAS30333_ses-d2008_T1w.nii.gz,1,0.0
OAS30333,d2457,2006-09-23,/project/rrg-mchakrav-ab/moncia/oasis_3_bids/sub-OAS30333/ses-d2457/anat/sub-OAS30333_ses-d2457_T1w.nii.gz,1,0.0
OAS30333,d2891,2007-12-01,/project/rrg-mchakrav-ab/moncia/oasis_3_bids/sub-OAS30333/ses-d2891/anat/sub-OAS30333_ses-d2891_T1w.nii.gz,1,0.0
OAS30333,d2985,2008-03-04,/project/rrg-mchakrav-ab/moncia/oasis_3_bids/sub-OAS30333/ses-d2985/anat/sub-OAS30333_ses-d2985_T1w.nii.gz,1,0.0
OAS30333,d4277,2011-09-17,/project/rrg-mchakrav-ab/moncia/oasis_3_bids/sub-OAS30333/ses-d4277/anat/sub-OAS30333_ses-d4277_T1w.nii.gz,1,0.0
OAS30333,d4347,2011-11-26,/project/rrg-mchakrav-ab/moncia/oasis_3_bids/sub-OAS30333/ses-d4347/anat/sub-OAS30333_ses-d4347_T1w.nii.gz,1,0.0
OAS30334,d0000,2000-01-01,/project/rrg-mchakrav-ab/moncia/oasis_3_bids/sub-OAS30334/ses-d0000/anat/sub-OAS30334_ses-d0000_run-01_T1w.nii.gz,2,0.5
OAS30335,d0109,2000-04-19,/project/rrg-mchakrav-ab/moncia/oasis_3_bids/sub-OAS30335/ses-d0109/anat/sub-OAS30335_ses-d0109_T1w.nii.gz,1,0.0
OAS30335,d0693,2001-11-24,/project/rrg-mchakrav-ab/moncia/oasis_3_bids/sub-OAS30335/ses-d0693/anat/sub-OAS30335_ses-d0693_run-01_T1w.nii.gz,1,0.0
OAS30335,d1482,2004-01-22,/project/rrg-mchakrav-ab/moncia/oasis_3_bids/sub-OAS30335/ses-d1482/anat/sub-OAS30335_ses-d1482_run-01_T1w.nii.gz,1,0.0
OAS30335,d2770,2007-08-02,/project/rrg-mchakrav-ab/moncia/oasis_3_bids/sub-OAS30335/ses-d2770/anat/sub-OAS30335_ses-d2770_T1w.nii.gz,1,0.0
OAS30335,d2783,2007-08-15,/project/rrg-mchakrav-ab/moncia/oasis_3_bids/sub-OAS30335/ses-d2783/anat/sub-OAS30335_ses-d2783_T1w.nii.gz,1,0.0
OAS30335,d3812,2010-06-09,/project/rrg-mchakrav-ab/moncia/oasis_3_bids/sub-OAS30335/ses-d3812/anat/sub-OAS30335_ses-d3812_T1w.nii.gz,1,0.0
OAS30336,d0012,2000-01-13,/project/rrg-mchakrav-ab/moncia/oasis_3_bids/sub-OAS30336/ses-d0012/anat/sub-OAS30336_ses-d0012_T1w.nii.gz,1,0.0
OAS30336,d0244,2000-09-01,/project/rrg-mchakrav-ab/moncia/oasis_3_bids/sub-OAS30336/ses-d0244/anat/sub-OAS30336_ses-d0244_T1w.nii.gz,1,0.0
OAS30336,d1264,2003-06-18,/project/rrg-mchakrav-ab/moncia/oasis_3_bids/sub-OAS30336/ses-d1264/anat/sub-OAS30336_ses-d1264_T1w.nii.gz,1,0.0
OAS30337,d0064,2000-03-05,/project/rrg-mchakrav-ab/moncia/oasis_3_bids/sub-OAS30337/ses-d0064/anat/sub-OAS30337_ses-d0064_T1w.nii.gz,1,0.0
OAS30337,d1204,2003-04-19,/project/rrg-mchakrav-ab/moncia/oasis_3_bids/sub-OAS30337/ses-d1204/anat/sub-OAS30337_ses-d1204_T1w.nii.gz,1,0.0
OAS30339,d0066,2000-03-07,/project/rrg-mchakrav-ab/moncia/oasis_3_bids/sub-OAS30339/ses-d0066/anat/sub-OAS30339_ses-d0066_run-01_T1w.nii.gz,1,0.0
OAS30340,d0070,2000-03-11,/project/rrg-mchakrav-ab/moncia/oasis_3_bids/sub-OAS30340/ses-d0070/anat/sub-OAS30340_ses-d0070_T1w.nii.gz,1,0.0
OAS30341,d0025,2000-01-26,/project/rrg-mchakrav-ab/moncia/oasis_3_bids/sub-OAS30341/ses-d0025/anat/sub-OAS30341_ses-d0025_T1w.nii.gz,1,0.0
OAS30342,d0001,2000-01-02,/project/rrg-mchakrav-ab/moncia/oasis_3_bids/sub-OAS30342/ses-d0001/anat/sub-OAS30342_ses-d0001_T1w.nii.gz,3,1.0
OAS30342,d0429,2001-03-05,/project/rrg-mchakrav-ab/moncia/oasis_3_bids/sub-OAS30342/ses-d0429/anat/sub-OAS30342_ses-d0429_T1w.nii.gz,2,0.5
OAS30343,d2141,2005-11-11,/project/rrg-mchakrav-ab/moncia/oasis_3_bids/sub-OAS30343/ses-d2141/anat/sub-OAS30343_ses-d2141_run-01_T1w.nii.gz,1,0.0
OAS30343,d2820,2007-09-21,/project/rrg-mchakrav-ab/moncia/oasis_3_bids/sub-OAS30343/ses-d2820/anat/sub-OAS30343_ses-d2820_run-01_T1w.nii.gz,1,0.0
OAS30343,d4178,2011-06-10,/project/rrg-mchakrav-ab/moncia/oasis_3_bids/sub-OAS30343/ses-d4178/anat/sub-OAS30343_ses-d4178_run-01_T1w.nii.gz,1,0.0
OAS30343,d4900,2013-06-01,/project/rrg-mchakrav-ab/moncia/oasis_3_bids/sub-OAS30343/ses-d4900/anat/sub-OAS30343_ses-d4900_T1w.nii.gz,1,0.0
OAS30344,d0049,2000-02-19,/project/rrg-mchakrav-ab/moncia/oasis_3_bids/sub-OAS30344/ses-d0049/anat/sub-OAS30344_ses-d0049_run-01_T1w.nii.gz,1,0.0
OAS30344,d1052,2002-11-18,/project/rrg-mchakrav-ab/moncia/oasis_3_bids/sub-OAS30344/ses-d1052/anat/sub-OAS30344_ses-d1052_run-01_T1w.nii.gz,2,0.5
OAS30344,d2375,2006-07-03,/project/rrg-mchakrav-ab/moncia/oasis_3_bids/sub-OAS30344/ses-d2375/anat/sub-OAS30344_ses-d2375_T1w.nii.gz,3,1.0
OAS30345,d0087,2000-03-28,/project/rrg-mchakrav-ab/moncia/oasis_3_bids/sub-OAS30345/ses-d0087/anat/sub-OAS30345_ses-d0087_run-01_T1w.nii.gz,2,0.5
OAS30346,d0083,2000-03-24,/project/rrg-mchakrav-ab/moncia/oasis_3_bids/sub-OAS30346/ses-d0083/anat/sub-OAS30346_ses-d0083_run-01_T1w.nii.gz,1,0.0
OAS30346,d1685,2004-08-12,/project/rrg-mchakrav-ab/moncia/oasis_3_bids/sub-OAS30346/ses-d1685/anat/sub-OAS30346_ses-d1685_T1w.nii.gz,1,0.0
OAS30347,d2615,2007-02-28,/project/rrg-mchakrav-ab/moncia/oasis_3_bids/sub-OAS30347/ses-d2615/anat/sub-OAS30347_ses-d2615_run-01_T1w.nii.gz,2,0.5
OAS30348,d0077,2000-03-18,/project/rrg-mchakrav-ab/moncia/oasis_3_bids/sub-OAS30348/ses-d0077/anat/sub-OAS30348_ses-d0077_T1w.nii.gz,1,0.0
OAS30349,d0699,2001-11-30,/project/rrg-mchakrav-ab/moncia/oasis_3_bids/sub-OAS30349/ses-d0699/anat/sub-OAS30349_ses-d0699_run-01_T1w.nii.gz,1,0.0
OAS30349,d3241,2008-11-15,/project/rrg-mchakrav-ab/moncia/oasis_3_bids/sub-OAS30349/ses-d3241/anat/sub-OAS30349_ses-d3241_T1w.nii.gz,1,0.0
OAS30350,d0018,2000-01-19,/project/rrg-mchakrav-ab/moncia/oasis_3_bids/sub-OAS30350/ses-d0018/anat/sub-OAS30350_ses-d0018_run-01_T1w.nii.gz,1,0.0
OAS30350,d0509,2001-05-24,/project/rrg-mchakrav-ab/moncia/oasis_3_bids/sub-OAS30350/ses-d0509/anat/sub-OAS30350_ses-d0509_T1w.nii.gz,1,0.0
OAS30350,d1201,2003-04-16,/project/rrg-mchakrav-ab/moncia/oasis_3_bids/sub-OAS30350/ses-d1201/anat/sub-OAS30350_ses-d1201_T1w.nii.gz,1,0.0
OAS30351,d0037,2000-02-07,/project/rrg-mchakrav-ab/moncia/oasis_3_bids/sub-OAS30351/ses-d0037/anat/sub-OAS30351_ses-d0037_T1w.nii.gz,1,0.0
OAS30352,d0099,2000-04-09,/project/rrg-mchakrav-ab/moncia/oasis_3_bids/sub-OAS30352/ses-d0099/anat/sub-OAS30352_ses-d0099_T1w.nii.gz,1,0.0
OAS30353,d3421,2009-05-14,/project/rrg-mchakrav-ab/moncia/oasis_3_bids/sub-OAS30353/ses-d3421/anat/sub-OAS30353_ses-d3421_T1w.nii.gz,1,0.0
OAS30353,d4450,2012-03-08,/project/rrg-mchakrav-ab/moncia/oasis_3_bids/sub-OAS30353/ses-d4450/anat/sub-OAS30353_ses-d4450_T1w.nii.gz,1,0.0
OAS30354,d0056,2000-02-26,/project/rrg-mchakrav-ab/moncia/oasis_3_bids/sub-OAS30354/ses-d0056/anat/sub-OAS30354_ses-d0056_run-01_T1w.nii.gz,2,0.5
OAS30355,d0048,2000-02-18,/project/rrg-mchakrav-ab/moncia/oasis_3_bids/sub-OAS30355/ses-d0048/anat/sub-OAS30355_ses-d0048_T1w.nii.gz,2,0.5
OAS30355,d0861,2002-05-11,/project/rrg-mchakrav-ab/moncia/oasis_3_bids/sub-OAS30355/ses-d0861/anat/sub-OAS30355_ses-d0861_T1w.nii.gz,2,0.5
OAS30356,d0714,2001-12-15,/project/rrg-mchakrav-ab/moncia/oasis_3_bids/sub-OAS30356/ses-d0714/anat/sub-OAS30356_ses-d0714_run-01_T1w.nii.gz,1,0.0
OAS30357,d1195,2003-04-10,/project/rrg-mchakrav-ab/moncia/oasis_3_bids/sub-OAS30357/ses-d1195/anat/sub-OAS30357_ses-d1195_T1w.nii.gz,1,0.0
OAS30358,d0367,2001-01-02,/project/rrg-mchakrav-ab/moncia/oasis_3_bids/sub-OAS30358/ses-d0367/anat/sub-OAS30358_ses-d0367_run-01_T1w.nii.gz,3,1.0
OAS30359,d0069,2000-03-10,/project/rrg-mchakrav-ab/moncia/oasis_3_bids/sub-OAS30359/ses-d0069/anat/sub-OAS30359_ses-d0069_run-01_T1w.nii.gz,1,0.0
OAS30360,d0118,2000-04-28,/project/rrg-mchakrav-ab/moncia/oasis_3_bids/sub-OAS30360/ses-d0118/anat/sub-OAS30360_ses-d0118_T1w.nii.gz,1,0.0
OAS30360,d1407,2003-11-08,/project/rrg-mchakrav-ab/moncia/oasis_3_bids/sub-OAS30360/ses-d1407/anat/sub-OAS30360_ses-d1407_T1w.nii.gz,1,0.0
OAS30361,d1457,2003-12-28,/project/rrg-mchakrav-ab/moncia/oasis_3_bids/sub-OAS30361/ses-d1457/anat/sub-OAS30361_ses-d1457_run-01_T1w.nii.gz,1,0.0
OAS30361,d2151,2005-11-21,/project/rrg-mchakrav-ab/moncia/oasis_3_bids/sub-OAS30361/ses-d2151/anat/sub-OAS30361_ses-d2151_run-01_T1w.nii.gz,1,0.0
OAS30361,d3275,2008-12-19,/project/rrg-mchakrav-ab/moncia/oasis_3_bids/sub-OAS30361/ses-d3275/anat/sub-OAS30361_ses-d3275_T1w.nii.gz,1,0.0
OAS30362,d0032,2000-02-02,/project/rrg-mchakrav-ab/moncia/oasis_3_bids/sub-OAS30362/ses-d0032/anat/sub-OAS30362_ses-d0032_T1w.nii.gz,1,0.0
OAS30363,d0087,2000-03-28,/project/rrg-mchakrav-ab/moncia/oasis_3_bids/sub-OAS30363/ses-d0087/anat/sub-OAS30363_ses-d0087_run-01_T1w.nii.gz,1,0.0
OAS30363,d0880,2002-05-30,/project/rrg-mchakrav-ab/moncia/oasis_3_bids/sub-OAS30363/ses-d0880/anat/sub-OAS30363_ses-d0880_run-01_T1w.nii.gz,1,0.0
OAS30363,d2626,2007-03-11,/project/rrg-mchakrav-ab/moncia/oasis_3_bids/sub-OAS30363/ses-d2626/anat/sub-OAS30363_ses-d2626_T1w.nii.gz,1,0.0
OAS30363,d2701,2007-05-25,/project/rrg-mchakrav-ab/moncia/oasis_3_bids/sub-OAS30363/ses-d2701/anat/sub-OAS30363_ses-d2701_T1w.nii.gz,1,0.0
OAS30364,d0110,2000-04-20,/project/rrg-mchakrav-ab/moncia/oasis_3_bids/sub-OAS30364/ses-d0110/anat/sub-OAS30364_ses-d0110_T1w.nii.gz,1,0.0
OAS30365,d5600,2015-05-02,/project/rrg-mchakrav-ab/moncia/oasis_3_bids/sub-OAS30365/ses-d5600/anat/sub-OAS30365_ses-d5600_run-01_T1w.nii.gz,1,0.0
OAS30365,d6199,2016-12-21,/project/rrg-mchakrav-ab/moncia/oasis_3_bids/sub-OAS30365/ses-d6199/anat/sub-OAS30365_ses-d6199_run-01_T1w.nii.gz,1,0.0
OAS30367,d0055,2000-02-25,/project/rrg-mchakrav-ab/moncia/oasis_3_bids/sub-OAS30367/ses-d0055/anat/sub-OAS30367_ses-d0055_run-01_T1w.nii.gz,1,0.0
OAS30367,d3394,2009-04-17,/project/rrg-mchakrav-ab/moncia/oasis_3_bids/sub-OAS30367/ses-d3394/anat/sub-OAS30367_ses-d3394_T1w.nii.gz,1,0.0
OAS30367,d3396,2009-04-19,/project/rrg-mchakrav-ab/moncia/oasis_3_bids/sub-OAS30367/ses-d3396/anat/sub-OAS30367_ses-d3396_T1w.nii.gz,1,0.0
OAS30367,d4337,2011-11-16,/project/rrg-mchakrav-ab/moncia/oasis_3_bids/sub-OAS30367/ses-d4337/anat/sub-OAS30367_ses-d4337_T1w.nii.gz,1,0.0
OAS30367,d5611,2015-05-13,/project/rrg-mchakrav-ab/moncia/oasis_3_bids/sub-OAS30367/ses-d5611/anat/sub-OAS30367_ses-d5611_T1w.nii.gz,1,0.0
OAS30368,d0056,2000-02-26,/project/rrg-mchakrav-ab/moncia/oasis_3_bids/sub-OAS30368/ses-d0056/anat/sub-OAS30368_ses-d0056_run-01_T1w.nii.gz,1,0.0
OAS30368,d2379,2006-07-07,/project/rrg-mchakrav-ab/moncia/oasis_3_bids/sub-OAS30368/ses-d2379/anat/sub-OAS30368_ses-d2379_T1w.nii.gz,1,0.0
OAS30368,d3318,2009-01-31,/project/rrg-mchakrav-ab/moncia/oasis_3_bids/sub-OAS30368/ses-d3318/anat/sub-OAS30368_ses-d3318_T1w.nii.gz,1,0.0
OAS30368,d3990,2010-12-04,/project/rrg-mchakrav-ab/moncia/oasis_3_bids/sub-OAS30368/ses-d3990/anat/sub-OAS30368_ses-d3990_T1w.nii.gz,1,0.0
OAS30369,d2819,2007-09-20,/project/rrg-mchakrav-ab/moncia/oasis_3_bids/sub-OAS30369/ses-d2819/anat/sub-OAS30369_ses-d2819_run-01_T1w.nii.gz,1,0.0
OAS30369,d4058,2011-02-10,/project/rrg-mchakrav-ab/moncia/oasis_3_bids/sub-OAS30369/ses-d4058/anat/sub-OAS30369_ses-d4058_run-01_T1w.nii.gz,1,0.0
OAS30369,d4921,2013-06-22,/project/rrg-mchakrav-ab/moncia/oasis_3_bids/sub-OAS30369/ses-d4921/anat/sub-OAS30369_ses-d4921_T1w.nii.gz,1,0.0
OAS30369,d5872,2016-01-29,/project/rrg-mchakrav-ab/moncia/oasis_3_bids/sub-OAS30369/ses-d5872/anat/sub-OAS30369_ses-d5872_T1w.nii.gz,2,0.5
OAS30369,d5880,2016-02-06,/project/rrg-mchakrav-ab/moncia/oasis_3_bids/sub-OAS30369/ses-d5880/anat/sub-OAS30369_ses-d5880_T1w.nii.gz,2,0.5
OAS30369,d6215,2017-01-06,/project/rrg-mchakrav-ab/moncia/oasis_3_bids/sub-OAS30369/ses-d6215/anat/sub-OAS30369_ses-d6215_T1w.nii.gz,1,0.0
OAS30369,d6992,2019-02-22,/project/rrg-mchakrav-ab/moncia/oasis_3_bids/sub-OAS30369/ses-d6992/anat/sub-OAS30369_ses-d6992_T1w.nii.gz,1,0.0
OAS30370,d0141,2000-05-21,/project/rrg-mchakrav-ab/moncia/oasis_3_bids/sub-OAS30370/ses-d0141/anat/sub-OAS30370_ses-d0141_run-01_T1w.nii.gz,2,0.5
OAS30371,d0338,2000-12-04,/project/rrg-mchakrav-ab/moncia/oasis_3_bids/sub-OAS30371/ses-d0338/anat/sub-OAS30371_ses-d0338_run-01_T1w.nii.gz,1,0.0
OAS30371,d0981,2002-09-08,/project/rrg-mchakrav-ab/moncia/oasis_3_bids/sub-OAS30371/ses-d0981/anat/sub-OAS30371_ses-d0981_T1w.nii.gz,1,0.0
OAS30371,d1400,2003-11-01,/project/rrg-mchakrav-ab/moncia/oasis_3_bids/sub-OAS30371/ses-d1400/anat/sub-OAS30371_ses-d1400_T1w.nii.gz,1,0.0
OAS30372,d3464,2009-06-26,/project/rrg-mchakrav-ab/moncia/oasis_3_bids/sub-OAS30372/ses-d3464/anat/sub-OAS30372_ses-d3464_T1w.nii.gz,1,0.0
OAS30372,d4514,2012-05-11,/project/rrg-mchakrav-ab/moncia/oasis_3_bids/sub-OAS30372/ses-d4514/anat/sub-OAS30372_ses-d4514_T1w.nii.gz,1,0.0
OAS30373,d0048,2000-02-18,/project/rrg-mchakrav-ab/moncia/oasis_3_bids/sub-OAS30373/ses-d0048/anat/sub-OAS30373_ses-d0048_run-01_T1w.nii.gz,2,0.5
OAS30373,d1211,2003-04-26,/project/rrg-mchakrav-ab/moncia/oasis_3_bids/sub-OAS30373/ses-d1211/anat/sub-OAS30373_ses-d1211_T1w.nii.gz,3,1.0
OAS30374,d0084,2000-03-25,/project/rrg-mchakrav-ab/moncia/oasis_3_bids/sub-OAS30374/ses-d0084/anat/sub-OAS30374_ses-d0084_T1w.nii.gz,1,0.0
OAS30375,d5792,2015-11-10,/project/rrg-mchakrav-ab/moncia/oasis_3_bids/sub-OAS30375/ses-d5792/anat/sub-OAS30375_ses-d5792_run-01_T1w.nii.gz,1,0.0
OAS30375,d6879,2018-11-01,/project/rrg-mchakrav-ab/moncia/oasis_3_bids/sub-OAS30375/ses-d6879/anat/sub-OAS30375_ses-d6879_T1w.nii.gz,1,0.0
OAS30376,d0082,2000-03-23,/project/rrg-mchakrav-ab/moncia/oasis_3_bids/sub-OAS30376/ses-d0082/anat/sub-OAS30376_ses-d0082_T1w.nii.gz,1,0.0
OAS30377,d0048,2000-02-18,/project/rrg-mchakrav-ab/moncia/oasis_3_bids/sub-OAS30377/ses-d0048/anat/sub-OAS30377_ses-d0048_T1w.nii.gz,2,0.5
OAS30378,d0204,2000-07-23,/project/rrg-mchakrav-ab/moncia/oasis_3_bids/sub-OAS30378/ses-d0204/anat/sub-OAS30378_ses-d0204_run-01_T1w.nii.gz,1,0.0
OAS30379,d1169,2003-03-15,/project/rrg-mchakrav-ab/moncia/oasis_3_bids/sub-OAS30379/ses-d1169/anat/sub-OAS30379_ses-d1169_run-01_T1w.nii.gz,1,0.0
OAS30381,d1158,2003-03-04,/project/rrg-mchakrav-ab/moncia/oasis_3_bids/sub-OAS30381/ses-d1158/anat/sub-OAS30381_ses-d1158_run-01_T1w.nii.gz,1,0.0
OAS30382,d0051,2000-02-21,/project/rrg-mchakrav-ab/moncia/oasis_3_bids/sub-OAS30382/ses-d0051/anat/sub-OAS30382_ses-d0051_run-01_T1w.nii.gz,1,0.0
OAS30382,d1199,2003-04-14,/project/rrg-mchakrav-ab/moncia/oasis_3_bids/sub-OAS30382/ses-d1199/anat/sub-OAS30382_ses-d1199_T1w.nii.gz,1,0.0
OAS30383,d0134,2000-05-14,/project/rrg-mchakrav-ab/moncia/oasis_3_bids/sub-OAS30383/ses-d0134/anat/sub-OAS30383_ses-d0134_run-01_T1w.nii.gz,1,0.0
OAS30384,d0108,2000-04-18,/project/rrg-mchakrav-ab/moncia/oasis_3_bids/sub-OAS30384/ses-d0108/anat/sub-OAS30384_ses-d0108_T1w.nii.gz,1,0.0
OAS30385,d0112,2000-04-22,/project/rrg-mchakrav-ab/moncia/oasis_3_bids/sub-OAS30385/ses-d0112/anat/sub-OAS30385_ses-d0112_T1w.nii.gz,1,0.0
OAS30386,d0055,2000-02-25,/project/rrg-mchakrav-ab/moncia/oasis_3_bids/sub-OAS30386/ses-d0055/anat/sub-OAS30386_ses-d0055_T1w.nii.gz,1,0.0
OAS30387,d0616,2001-09-08,/project/rrg-mchakrav-ab/moncia/oasis_3_bids/sub-OAS30387/ses-d0616/anat/sub-OAS30387_ses-d0616_run-01_T1w.nii.gz,1,0.0
OAS30387,d1832,2005-01-06,/project/rrg-mchakrav-ab/moncia/oasis_3_bids/sub-OAS30387/ses-d1832/anat/sub-OAS30387_ses-d1832_T1w.nii.gz,1,0.0
OAS30387,d3401,2009-04-24,/project/rrg-mchakrav-ab/moncia/oasis_3_bids/sub-OAS30387/ses-d3401/anat/sub-OAS30387_ses-d3401_T1w.nii.gz,1,0.0
OAS30388,d0073,2000-03-14,/project/rrg-mchakrav-ab/moncia/oasis_3_bids/sub-OAS30388/ses-d0073/anat/sub-OAS30388_ses-d0073_run-01_T1w.nii.gz,3,1.0
OAS30390,d2428,2006-08-25,/project/rrg-mchakrav-ab/moncia/oasis_3_bids/sub-OAS30390/ses-d2428/anat/sub-OAS30390_ses-d2428_T1w.nii.gz,1,0.0
OAS30391,d1547,2004-03-27,/project/rrg-mchakrav-ab/moncia/oasis_3_bids/sub-OAS30391/ses-d1547/anat/sub-OAS30391_ses-d1547_T1w.nii.gz,2,0.5
OAS30392,d0730,2001-12-31,/project/rrg-mchakrav-ab/moncia/oasis_3_bids/sub-OAS30392/ses-d0730/anat/sub-OAS30392_ses-d0730_run-01_T1w.nii.gz,1,0.0
OAS30392,d1682,2004-08-09,/project/rrg-mchakrav-ab/moncia/oasis_3_bids/sub-OAS30392/ses-d1682/anat/sub-OAS30392_ses-d1682_run-01_T1w.nii.gz,1,0.0
OAS30392,d3145,2008-08-11,/project/rrg-mchakrav-ab/moncia/oasis_3_bids/sub-OAS30392/ses-d3145/anat/sub-OAS30392_ses-d3145_T1w.nii.gz,1,0.0
OAS30393,d6201,2016-12-23,/project/rrg-mchakrav-ab/moncia/oasis_3_bids/sub-OAS30393/ses-d6201/anat/sub-OAS30393_ses-d6201_run-01_T1w.nii.gz,1,0.0
OAS30393,d6803,2018-08-17,/project/rrg-mchakrav-ab/moncia/oasis_3_bids/sub-OAS30393/ses-d6803/anat/sub-OAS30393_ses-d6803_run-01_T1w.nii.gz,1,0.0
OAS30393,d7726,2021-02-25,/project/rrg-mchakrav-ab/moncia/oasis_3_bids/sub-OAS30393/ses-d7726/anat/sub-OAS30393_ses-d7726_run-01_T1w.nii.gz,1,0.0
OAS30393,d8651,2023-09-08,/project/rrg-mchakrav-ab/moncia/oasis_3_bids/sub-OAS30393/ses-d8651/anat/sub-OAS30393_ses-d8651_T1w.nii.gz,1,0.0
OAS30394,d0039,2000-02-09,/project/rrg-mchakrav-ab/moncia/oasis_3_bids/sub-OAS30394/ses-d0039/anat/sub-OAS30394_ses-d0039_T1w.nii.gz,2,0.5
OAS30395,d0002,2000-01-03,/project/rrg-mchakrav-ab/moncia/oasis_3_bids/sub-OAS30395/ses-d0002/anat/sub-OAS30395_ses-d0002_T1w.nii.gz,1,0.0
OAS30395,d1241,2003-05-26,/project/rrg-mchakrav-ab/moncia/oasis_3_bids/sub-OAS30395/ses-d1241/anat/sub-OAS30395_ses-d1241_T1w.nii.gz,1,0.0
OAS30396,d0037,2000-02-07,/project/rrg-mchakrav-ab/moncia/oasis_3_bids/sub-OAS30396/ses-d0037/anat/sub-OAS30396_ses-d0037_run-01_T1w.nii.gz,2,0.5
OAS30397,d0043,2000-02-13,/project/rrg-mchakrav-ab/moncia/oasis_3_bids/sub-OAS30397/ses-d0043/anat/sub-OAS30397_ses-d0043_T1w.nii.gz,3,1.0
OAS30398,d0051,2000-02-21,/project/rrg-mchakrav-ab/moncia/oasis_3_bids/sub-OAS30398/ses-d0051/anat/sub-OAS30398_ses-d0051_T1w.nii.gz,1,0.0
OAS30399,d0380,2001-01-15,/project/rrg-mchakrav-ab/moncia/oasis_3_bids/sub-OAS30399/ses-d0380/anat/sub-OAS30399_ses-d0380_run-01_T1w.nii.gz,2,0.5
OAS30399,d1220,2003-05-05,/project/rrg-mchakrav-ab/moncia/oasis_3_bids/sub-OAS30399/ses-d1220/anat/sub-OAS30399_ses-d1220_run-01_T1w.nii.gz,2,0.5
OAS30399,d2293,2006-04-12,/project/rrg-mchakrav-ab/moncia/oasis_3_bids/sub-OAS30399/ses-d2293/anat/sub-OAS30399_ses-d2293_T1w.nii.gz,2,0.5
OAS30400,d0070,2000-03-11,/project/rrg-mchakrav-ab/moncia/oasis_3_bids/sub-OAS30400/ses-d0070/anat/sub-OAS30400_ses-d0070_T1w.nii.gz,1,0.0
OAS30400,d1134,2003-02-08,/project/rrg-mchakrav-ab/moncia/oasis_3_bids/sub-OAS30400/ses-d1134/anat/sub-OAS30400_ses-d1134_T1w.nii.gz,1,0.0
OAS30401,d0106,2000-04-16,/project/rrg-mchakrav-ab/moncia/oasis_3_bids/sub-OAS30401/ses-d0106/anat/sub-OAS30401_ses-d0106_run-01_T1w.nii.gz,2,0.5
OAS30402,d0015,2000-01-16,/project/rrg-mchakrav-ab/moncia/oasis_3_bids/sub-OAS30402/ses-d0015/anat/sub-OAS30402_ses-d0015_T1w.nii.gz,1,0.0
OAS30402,d1085,2002-12-21,/project/rrg-mchakrav-ab/moncia/oasis_3_bids/sub-OAS30402/ses-d1085/anat/sub-OAS30402_ses-d1085_T1w.nii.gz,1,0.0
OAS30402,d2442,2006-09-08,/project/rrg-mchakrav-ab/moncia/oasis_3_bids/sub-OAS30402/ses-d2442/anat/sub-OAS30402_ses-d2442_T1w.nii.gz,1,0.0
OAS30403,d0091,2000-04-01,/project/rrg-mchakrav-ab/moncia/oasis_3_bids/sub-OAS30403/ses-d0091/anat/sub-OAS30403_ses-d0091_T1w.nii.gz,1,0.0
OAS30403,d1232,2003-05-17,/project/rrg-mchakrav-ab/moncia/oasis_3_bids/sub-OAS30403/ses-d1232/anat/sub-OAS30403_ses-d1232_run-01_T1w.nii.gz,1,0.0
OAS30403,d2378,2006-07-06,/project/rrg-mchakrav-ab/moncia/oasis_3_bids/sub-OAS30403/ses-d2378/anat/sub-OAS30403_ses-d2378_T1w.nii.gz,1,0.0
OAS30403,d2379,2006-07-07,/project/rrg-mchakrav-ab/moncia/oasis_3_bids/sub-OAS30403/ses-d2379/anat/sub-OAS30403_ses-d2379_T1w.nii.gz,1,0.0
OAS30403,d3669,2010-01-17,/project/rrg-mchakrav-ab/moncia/oasis_3_bids/sub-OAS30403/ses-d3669/anat/sub-OAS30403_ses-d3669_T1w.nii.gz,2,0.5
OAS30404,d0104,2000-04-14,/project/rrg-mchakrav-ab/moncia/oasis_3_bids/sub-OAS30404/ses-d0104/anat/sub-OAS30404_ses-d0104_T1w.nii.gz,2,0.5
OAS30405,d0079,2000-03-20,/project/rrg-mchakrav-ab/moncia/oasis_3_bids/sub-OAS30405/ses-d0079/anat/sub-OAS30405_ses-d0079_run-01_T1w.nii.gz,1,0.0
OAS30405,d1883,2005-02-26,/project/rrg-mchakrav-ab/moncia/oasis_3_bids/sub-OAS30405/ses-d1883/anat/sub-OAS30405_ses-d1883_T1w.nii.gz,1,0.0
OAS30406,d0084,2000-03-25,/project/rrg-mchakrav-ab/moncia/oasis_3_bids/sub-OAS30406/ses-d0084/anat/sub-OAS30406_ses-d0084_run-01_T1w.nii.gz,1,0.0
OAS30407,d0061,2000-03-02,/project/rrg-mchakrav-ab/moncia/oasis_3_bids/sub-OAS30407/ses-d0061/anat/sub-OAS30407_ses-d0061_run-01_T1w.nii.gz,1,0.0
OAS30407,d1267,2003-06-21,/project/rrg-mchakrav-ab/moncia/oasis_3_bids/sub-OAS30407/ses-d1267/anat/sub-OAS30407_ses-d1267_T1w.nii.gz,1,0.0
OAS30407,d2862,2007-11-02,/project/rrg-mchakrav-ab/moncia/oasis_3_bids/sub-OAS30407/ses-d2862/anat/sub-OAS30407_ses-d2862_T1w.nii.gz,1,0.0
OAS30410,d0034,2000-02-04,/project/rrg-mchakrav-ab/moncia/oasis_3_bids/sub-OAS30410/ses-d0034/anat/sub-OAS30410_ses-d0034_T1w.nii.gz,2,0.5
OAS30411,d1227,2003-05-12,/project/rrg-mchakrav-ab/moncia/oasis_3_bids/sub-OAS30411/ses-d1227/anat/sub-OAS30411_ses-d1227_run-01_T1w.nii.gz,1,0.0
OAS30411,d3011,2008-03-30,/project/rrg-mchakrav-ab/moncia/oasis_3_bids/sub-OAS30411/ses-d3011/anat/sub-OAS30411_ses-d3011_T1w.nii.gz,1,0.0
OAS30411,d3025,2008-04-13,/project/rrg-mchakrav-ab/moncia/oasis_3_bids/sub-OAS30411/ses-d3025/anat/sub-OAS30411_ses-d3025_T1w.nii.gz,1,0.0
OAS30411,d4368,2011-12-17,/project/rrg-mchakrav-ab/moncia/oasis_3_bids/sub-OAS30411/ses-d4368/anat/sub-OAS30411_ses-d4368_T1w.nii.gz,1,0.0
OAS30411,d5564,2015-03-27,/project/rrg-mchakrav-ab/moncia/oasis_3_bids/sub-OAS30411/ses-d5564/anat/sub-OAS30411_ses-d5564_T1w.nii.gz,1,0.0
OAS30412,d6024,2016-06-29,/project/rrg-mchakrav-ab/moncia/oasis_3_bids/sub-OAS30412/ses-d6024/anat/sub-OAS30412_ses-d6024_run-01_T1w.nii.gz,1,0.0
OAS30413,d0044,2000-02-14,/project/rrg-mchakrav-ab/moncia/oasis_3_bids/sub-OAS30413/ses-d0044/anat/sub-OAS30413_ses-d0044_T1w.nii.gz,1,0.0
OAS30413,d1533,2004-03-13,/project/rrg-mchakrav-ab/moncia/oasis_3_bids/sub-OAS30413/ses-d1533/anat/sub-OAS30413_ses-d1533_run-01_T1w.nii.gz,1,0.0
OAS30414,d0030,2000-01-31,/project/rrg-mchakrav-ab/moncia/oasis_3_bids/sub-OAS30414/ses-d0030/anat/sub-OAS30414_ses-d0030_run-01_T1w.nii.gz,1,0.0
OAS30414,d0037,2000-02-07,/project/rrg-mchakrav-ab/moncia/oasis_3_bids/sub-OAS30414/ses-d0037/anat/sub-OAS30414_ses-d0037_T1w.nii.gz,1,0.0
OAS30414,d0363,2000-12-29,/project/rrg-mchakrav-ab/moncia/oasis_3_bids/sub-OAS30414/ses-d0363/anat/sub-OAS30414_ses-d0363_T1w.nii.gz,1,0.0
OAS30414,d1175,2003-03-21,/project/rrg-mchakrav-ab/moncia/oasis_3_bids/sub-OAS30414/ses-d1175/anat/sub-OAS30414_ses-d1175_run-01_T1w.nii.gz,1,0.0
OAS30414,d2163,2005-12-03,/project/rrg-mchakrav-ab/moncia/oasis_3_bids/sub-OAS30414/ses-d2163/anat/sub-OAS30414_ses-d2163_T1w.nii.gz,1,0.0
OAS30415,d0784,2002-02-23,/project/rrg-mchakrav-ab/moncia/oasis_3_bids/sub-OAS30415/ses-d0784/anat/sub-OAS30415_ses-d0784_T1w.nii.gz,1,0.0
OAS30416,d0044,2000-02-14,/project/rrg-mchakrav-ab/moncia/oasis_3_bids/sub-OAS30416/ses-d0044/anat/sub-OAS30416_ses-d0044_T1w.nii.gz,2,0.5
OAS30417,d0093,2000-04-03,/project/rrg-mchakrav-ab/moncia/oasis_3_bids/sub-OAS30417/ses-d0093/anat/sub-OAS30417_ses-d0093_T1w.nii.gz,1,0.0
OAS30417,d0107,2000-04-17,/project/rrg-mchakrav-ab/moncia/oasis_3_bids/sub-OAS30417/ses-d0107/anat/sub-OAS30417_ses-d0107_T1w.nii.gz,1,0.0
OAS30417,d2265,2006-03-15,/project/rrg-mchakrav-ab/moncia/oasis_3_bids/sub-OAS30417/ses-d2265/anat/sub-OAS30417_ses-d2265_T1w.nii.gz,1,0.0
OAS30418,d0069,2000-03-10,/project/rrg-mchakrav-ab/moncia/oasis_3_bids/sub-OAS30418/ses-d0069/anat/sub-OAS30418_ses-d0069_run-01_T1w.nii.gz,2,0.5
OAS30418,d0803,2002-03-14,/project/rrg-mchakrav-ab/moncia/oasis_3_bids/sub-OAS30418/ses-d0803/anat/sub-OAS30418_ses-d0803_T1w.nii.gz,1,0.0
OAS30418,d2687,2007-05-11,/project/rrg-mchakrav-ab/moncia/oasis_3_bids/sub-OAS30418/ses-d2687/anat/sub-OAS30418_ses-d2687_T1w.nii.gz,1,0.0
OAS30419,d1139,2003-02-13,/project/rrg-mchakrav-ab/moncia/oasis_3_bids/sub-OAS30419/ses-d1139/anat/sub-OAS30419_ses-d1139_run-01_T1w.nii.gz,1,0.0
OAS30419,d2360,2006-06-18,/project/rrg-mchakrav-ab/moncia/oasis_3_bids/sub-OAS30419/ses-d2360/anat/sub-OAS30419_ses-d2360_T1w.nii.gz,1,0.0
OAS30419,d3307,2009-01-20,/project/rrg-mchakrav-ab/moncia/oasis_3_bids/sub-OAS30419/ses-d3307/anat/sub-OAS30419_ses-d3307_T1w.nii.gz,1,0.0
OAS30420,d2792,2007-08-24,/project/rrg-mchakrav-ab/moncia/oasis_3_bids/sub-OAS30420/ses-d2792/anat/sub-OAS30420_ses-d2792_run-01_T1w.nii.gz,1,0.0
OAS30420,d3746,2010-04-04,/project/rrg-mchakrav-ab/moncia/oasis_3_bids/sub-OAS30420/ses-d3746/anat/sub-OAS30420_ses-d3746_run-01_T1w.nii.gz,1,0.0
OAS30421,d2605,2007-02-18,/project/rrg-mchakrav-ab/moncia/oasis_3_bids/sub-OAS30421/ses-d2605/anat/sub-OAS30421_ses-d2605_run-01_T1w.nii.gz,1,0.0
OAS30422,d0099,2000-04-09,/project/rrg-mchakrav-ab/moncia/oasis_3_bids/sub-OAS30422/ses-d0099/anat/sub-OAS30422_ses-d0099_T1w.nii.gz,1,0.0
OAS30422,d0104,2000-04-14,/project/rrg-mchakrav-ab/moncia/oasis_3_bids/sub-OAS30422/ses-d0104/anat/sub-OAS30422_ses-d0104_T1w.nii.gz,1,0.0
OAS30423,d0067,2000-03-08,/project/rrg-mchakrav-ab/moncia/oasis_3_bids/sub-OAS30423/ses-d0067/anat/sub-OAS30423_ses-d0067_run-01_T1w.nii.gz,1,0.0
OAS30423,d1267,2003-06-21,/project/rrg-mchakrav-ab/moncia/oasis_3_bids/sub-OAS30423/ses-d1267/anat/sub-OAS30423_ses-d1267_T1w.nii.gz,1,0.0
OAS30423,d2099,2005-09-30,/project/rrg-mchakrav-ab/moncia/oasis_3_bids/sub-OAS30423/ses-d2099/anat/sub-OAS30423_ses-d2099_T1w.nii.gz,1,0.0
OAS30424,d0095,2000-04-05,/project/rrg-mchakrav-ab/moncia/oasis_3_bids/sub-OAS30424/ses-d0095/anat/sub-OAS30424_ses-d0095_run-01_T1w.nii.gz,3,1.0
OAS30427,d4348,2011-11-27,/project/rrg-mchakrav-ab/moncia/oasis_3_bids/sub-OAS30427/ses-d4348/anat/sub-OAS30427_ses-d4348_T1w.nii.gz,1,0.0
OAS30428,d0133,2000-05-13,/project/rrg-mchakrav-ab/moncia/oasis_3_bids/sub-OAS30428/ses-d0133/anat/sub-OAS30428_ses-d0133_T1w.nii.gz,2,0.5
OAS30429,d0055,2000-02-25,/project/rrg-mchakrav-ab/moncia/oasis_3_bids/sub-OAS30429/ses-d0055/anat/sub-OAS30429_ses-d0055_T1w.nii.gz,1,0.0
OAS30430,d0055,2000-02-25,/project/rrg-mchakrav-ab/moncia/oasis_3_bids/sub-OAS30430/ses-d0055/anat/sub-OAS30430_ses-d0055_run-01_T1w.nii.gz,1,0.0
OAS30430,d0909,2002-06-28,/project/rrg-mchakrav-ab/moncia/oasis_3_bids/sub-OAS30430/ses-d0909/anat/sub-OAS30430_ses-d0909_T1w.nii.gz,1,0.0
OAS30431,d0113,2000-04-23,/project/rrg-mchakrav-ab/moncia/oasis_3_bids/sub-OAS30431/ses-d0113/anat/sub-OAS30431_ses-d0113_T1w.nii.gz,1,0.0
OAS30432,d0100,2000-04-10,/project/rrg-mchakrav-ab/moncia/oasis_3_bids/sub-OAS30432/ses-d0100/anat/sub-OAS30432_ses-d0100_T1w.nii.gz,1,0.0
OAS30432,d2137,2005-11-07,/project/rrg-mchakrav-ab/moncia/oasis_3_bids/sub-OAS30432/ses-d2137/anat/sub-OAS30432_ses-d2137_T1w.nii.gz,1,0.0
OAS30433,d1954,2005-05-08,/project/rrg-mchakrav-ab/moncia/oasis_3_bids/sub-OAS30433/ses-d1954/anat/sub-OAS30433_ses-d1954_run-01_T1w.nii.gz,2,0.5
OAS30434,d0054,2000-02-24,/project/rrg-mchakrav-ab/moncia/oasis_3_bids/sub-OAS30434/ses-d0054/anat/sub-OAS30434_ses-d0054_T1w.nii.gz,1,0.0
OAS30435,d0054,2000-02-24,/project/rrg-mchakrav-ab/moncia/oasis_3_bids/sub-OAS30435/ses-d0054/anat/sub-OAS30435_ses-d0054_T1w.nii.gz,1,0.0
OAS30436,d0388,2001-01-23,/project/rrg-mchakrav-ab/moncia/oasis_3_bids/sub-OAS30436/ses-d0388/anat/sub-OAS30436_ses-d0388_run-01_T1w.nii.gz,3,1.0
OAS30438,d0064,2000-03-05,/project/rrg-mchakrav-ab/moncia/oasis_3_bids/sub-OAS30438/ses-d0064/anat/sub-OAS30438_ses-d0064_run-01_T1w.nii.gz,1,0.0
OAS30438,d0897,2002-06-16,/project/rrg-mchakrav-ab/moncia/oasis_3_bids/sub-OAS30438/ses-d0897/anat/sub-OAS30438_ses-d0897_T1w.nii.gz,1,0.0
OAS30438,d2358,2006-06-16,/project/rrg-mchakrav-ab/moncia/oasis_3_bids/sub-OAS30438/ses-d2358/anat/sub-OAS30438_ses-d2358_T1w.nii.gz,1,0.0
OAS30438,d3254,2008-11-28,/project/rrg-mchakrav-ab/moncia/oasis_3_bids/sub-OAS30438/ses-d3254/anat/sub-OAS30438_ses-d3254_T1w.nii.gz,1,0.0
OAS30440,d0163,2000-06-12,/project/rrg-mchakrav-ab/moncia/oasis_3_bids/sub-OAS30440/ses-d0163/anat/sub-OAS30440_ses-d0163_T1w.nii.gz,3,2.0
OAS30441,d0053,2000-02-23,/project/rrg-mchakrav-ab/moncia/oasis_3_bids/sub-OAS30441/ses-d0053/anat/sub-OAS30441_ses-d0053_T1w.nii.gz,1,0.0
OAS30442,d0903,2002-06-22,/project/rrg-mchakrav-ab/moncia/oasis_3_bids/sub-OAS30442/ses-d0903/anat/sub-OAS30442_ses-d0903_T1w.nii.gz,1,0.0
OAS30443,d0162,2000-06-11,/project/rrg-mchakrav-ab/moncia/oasis_3_bids/sub-OAS30443/ses-d0162/anat/sub-OAS30443_ses-d0162_T1w.nii.gz,1,0.0
OAS30443,d1480,2004-01-20,/project/rrg-mchakrav-ab/moncia/oasis_3_bids/sub-OAS30443/ses-d1480/anat/sub-OAS30443_ses-d1480_T1w.nii.gz,1,0.0
OAS30443,d2432,2006-08-29,/project/rrg-mchakrav-ab/moncia/oasis_3_bids/sub-OAS30443/ses-d2432/anat/sub-OAS30443_ses-d2432_T1w.nii.gz,1,0.0
OAS30444,d0001,2000-01-02,/project/rrg-mchakrav-ab/moncia/oasis_3_bids/sub-OAS30444/ses-d0001/anat/sub-OAS30444_ses-d0001_run-01_T1w.nii.gz,1,0.0
OAS30444,d1471,2004-01-11,/project/rrg-mchakrav-ab/moncia/oasis_3_bids/sub-OAS30444/ses-d1471/anat/sub-OAS30444_ses-d1471_run-01_T1w.nii.gz,1,0.0
OAS30445,d0133,2000-05-13,/project/rrg-mchakrav-ab/moncia/oasis_3_bids/sub-OAS30445/ses-d0133/anat/sub-OAS30445_ses-d0133_T1w.nii.gz,2,0.5
OAS30445,d1279,2003-07-03,/project/rrg-mchakrav-ab/moncia/oasis_3_bids/sub-OAS30445/ses-d1279/anat/sub-OAS30445_ses-d1279_T1w.nii.gz,1,0.0
OAS30446,d6989,2019-02-19,/project/rrg-mchakrav-ab/moncia/oasis_3_bids/sub-OAS30446/ses-d6989/anat/sub-OAS30446_ses-d6989_run-01_T1w.nii.gz,1,0.0
OAS30447,d0120,2000-04-30,/project/rrg-mchakrav-ab/moncia/oasis_3_bids/sub-OAS30447/ses-d0120/anat/sub-OAS30447_ses-d0120_T1w.nii.gz,2,0.5
OAS30448,d0101,2000-04-11,/project/rrg-mchakrav-ab/moncia/oasis_3_bids/sub-OAS30448/ses-d0101/anat/sub-OAS30448_ses-d0101_T1w.nii.gz,2,0.5
OAS30449,d0000,2000-01-01,/project/rrg-mchakrav-ab/moncia/oasis_3_bids/sub-OAS30449/ses-d0000/anat/sub-OAS30449_ses-d0000_run-01_T1w.nii.gz,1,0.0
OAS30449,d2359,2006-06-17,/project/rrg-mchakrav-ab/moncia/oasis_3_bids/sub-OAS30449/ses-d2359/anat/sub-OAS30449_ses-d2359_T1w.nii.gz,1,0.0
OAS30449,d2433,2006-08-30,/project/rrg-mchakrav-ab/moncia/oasis_3_bids/sub-OAS30449/ses-d2433/anat/sub-OAS30449_ses-d2433_T1w.nii.gz,1,0.0
OAS30450,d0034,2000-02-04,/project/rrg-mchakrav-ab/moncia/oasis_3_bids/sub-OAS30450/ses-d0034/anat/sub-OAS30450_ses-d0034_T1w.nii.gz,1,0.0
OAS30451,d2656,2007-04-10,/project/rrg-mchakrav-ab/moncia/oasis_3_bids/sub-OAS30451/ses-d2656/anat/sub-OAS30451_ses-d2656_T1w.nii.gz,1,0.0
OAS30452,d0993,2002-09-20,/project/rrg-mchakrav-ab/moncia/oasis_3_bids/sub-OAS30452/ses-d0993/anat/sub-OAS30452_ses-d0993_run-01_T1w.nii.gz,1,0.0
OAS30452,d2291,2006-04-10,/project/rrg-mchakrav-ab/moncia/oasis_3_bids/sub-OAS30452/ses-d2291/anat/sub-OAS30452_ses-d2291_run-01_T1w.nii.gz,2,0.5
OAS30452,d3472,2009-07-04,/project/rrg-mchakrav-ab/moncia/oasis_3_bids/sub-OAS30452/ses-d3472/anat/sub-OAS30452_ses-d3472_T1w.nii.gz,1,0.0
OAS30452,d4489,2012-04-16,/project/rrg-mchakrav-ab/moncia/oasis_3_bids/sub-OAS30452/ses-d4489/anat/sub-OAS30452_ses-d4489_T1w.nii.gz,2,0.5
OAS30452,d4501,2012-04-28,/project/rrg-mchakrav-ab/moncia/oasis_3_bids/sub-OAS30452/ses-d4501/anat/sub-OAS30452_ses-d4501_T1w.nii.gz,2,0.5
OAS30452,d6033,2016-07-08,/project/rrg-mchakrav-ab/moncia/oasis_3_bids/sub-OAS30452/ses-d6033/anat/sub-OAS30452_ses-d6033_T1w.nii.gz,2,0.5
OAS30453,d0077,2000-03-18,/project/rrg-mchakrav-ab/moncia/oasis_3_bids/sub-OAS30453/ses-d0077/anat/sub-OAS30453_ses-d0077_T1w.nii.gz,2,0.5
OAS30455,d0171,2000-06-20,/project/rrg-mchakrav-ab/moncia/oasis_3_bids/sub-OAS30455/ses-d0171/anat/sub-OAS30455_ses-d0171_run-01_T1w.nii.gz,1,0.0
OAS30455,d2887,2007-11-27,/project/rrg-mchakrav-ab/moncia/oasis_3_bids/sub-OAS30455/ses-d2887/anat/sub-OAS30455_ses-d2887_run-01_T1w.nii.gz,1,0.0
OAS30455,d2888,2007-11-28,/project/rrg-mchakrav-ab/moncia/oasis_3_bids/sub-OAS30455/ses-d2888/anat/sub-OAS30455_ses-d2888_T1w.nii.gz,1,0.0
OAS30455,d4209,2011-07-11,/project/rrg-mchakrav-ab/moncia/oasis_3_bids/sub-OAS30455/ses-d4209/anat/sub-OAS30455_ses-d4209_T1w.nii.gz,1,0.0
OAS30455,d5422,2014-11-05,/project/rrg-mchakrav-ab/moncia/oasis_3_bids/sub-OAS30455/ses-d5422/anat/sub-OAS30455_ses-d5422_T1w.nii.gz,1,0.0
OAS30456,d0476,2001-04-21,/project/rrg-mchakrav-ab/moncia/oasis_3_bids/sub-OAS30456/ses-d0476/anat/sub-OAS30456_ses-d0476_run-01_T1w.nii.gz,1,0.0
OAS30457,d0102,2000-04-12,/project/rrg-mchakrav-ab/moncia/oasis_3_bids/sub-OAS30457/ses-d0102/anat/sub-OAS30457_ses-d0102_run-01_T1w.nii.gz,2,0.5
OAS30458,d0063,2000-03-04,/project/rrg-mchakrav-ab/moncia/oasis_3_bids/sub-OAS30458/ses-d0063/anat/sub-OAS30458_ses-d0063_T1w.nii.gz,1,0.0
OAS30458,d0070,2000-03-11,/project/rrg-mchakrav-ab/moncia/oasis_3_bids/sub-OAS30458/ses-d0070/anat/sub-OAS30458_ses-d0070_T1w.nii.gz,1,0.0
OAS30458,d1174,2003-03-20,/project/rrg-mchakrav-ab/moncia/oasis_3_bids/sub-OAS30458/ses-d1174/anat/sub-OAS30458_ses-d1174_T1w.nii.gz,1,0.0
OAS30458,d2318,2006-05-07,/project/rrg-mchakrav-ab/moncia/oasis_3_bids/sub-OAS30458/ses-d2318/anat/sub-OAS30458_ses-d2318_T1w.nii.gz,1,0.0
OAS30459,d0078,2000-03-19,/project/rrg-mchakrav-ab/moncia/oasis_3_bids/sub-OAS30459/ses-d0078/anat/sub-OAS30459_ses-d0078_run-01_T1w.nii.gz,1,0.0
OAS30460,d0043,2000-02-13,/project/rrg-mchakrav-ab/moncia/oasis_3_bids/sub-OAS30460/ses-d0043/anat/sub-OAS30460_ses-d0043_T1w.nii.gz,3,1.0
OAS30461,d0198,2000-07-17,/project/rrg-mchakrav-ab/moncia/oasis_3_bids/sub-OAS30461/ses-d0198/anat/sub-OAS30461_ses-d0198_run-01_T1w.nii.gz,1,0.0
OAS30462,d0020,2000-01-21,/project/rrg-mchakrav-ab/moncia/oasis_3_bids/sub-OAS30462/ses-d0020/anat/sub-OAS30462_ses-d0020_T1w.nii.gz,1,0.0
OAS30462,d0034,2000-02-04,/project/rrg-mchakrav-ab/moncia/oasis_3_bids/sub-OAS30462/ses-d0034/anat/sub-OAS30462_ses-d0034_run-01_T1w.nii.gz,1,0.0
OAS30462,d1232,2003-05-17,/project/rrg-mchakrav-ab/moncia/oasis_3_bids/sub-OAS30462/ses-d1232/anat/sub-OAS30462_ses-d1232_T1w.nii.gz,1,0.0
OAS30463,d2198,2006-01-07,/project/rrg-mchakrav-ab/moncia/oasis_3_bids/sub-OAS30463/ses-d2198/anat/sub-OAS30463_ses-d2198_run-01_T1w.nii.gz,1,0.0
OAS30463,d2737,2007-06-30,/project/rrg-mchakrav-ab/moncia/oasis_3_bids/sub-OAS30463/ses-d2737/anat/sub-OAS30463_ses-d2737_run-01_T1w.nii.gz,1,0.0
OAS30464,d0077,2000-03-18,/project/rrg-mchakrav-ab/moncia/oasis_3_bids/sub-OAS30464/ses-d0077/anat/sub-OAS30464_ses-d0077_run-01_T1w.nii.gz,1,0.0
OAS30464,d0951,2002-08-09,/project/rrg-mchakrav-ab/moncia/oasis_3_bids/sub-OAS30464/ses-d0951/anat/sub-OAS30464_ses-d0951_run-01_T1w.nii.gz,1,0.0
OAS30464,d2445,2006-09-11,/project/rrg-mchakrav-ab/moncia/oasis_3_bids/sub-OAS30464/ses-d2445/anat/sub-OAS30464_ses-d2445_T1w.nii.gz,1,0.0
OAS30464,d2848,2007-10-19,/project/rrg-mchakrav-ab/moncia/oasis_3_bids/sub-OAS30464/ses-d2848/anat/sub-OAS30464_ses-d2848_T1w.nii.gz,1,0.0
OAS30464,d4292,2011-10-02,/project/rrg-mchakrav-ab/moncia/oasis_3_bids/sub-OAS30464/ses-d4292/anat/sub-OAS30464_ses-d4292_T1w.nii.gz,1,0.0
OAS30464,d4293,2011-10-03,/project/rrg-mchakrav-ab/moncia/oasis_3_bids/sub-OAS30464/ses-d4293/anat/sub-OAS30464_ses-d4293_T1w.nii.gz,1,0.0
OAS30465,d0152,2000-06-01,/project/rrg-mchakrav-ab/moncia/oasis_3_bids/sub-OAS30465/ses-d0152/anat/sub-OAS30465_ses-d0152_T1w.nii.gz,1,0.0
OAS30465,d1030,2002-10-27,/project/rrg-mchakrav-ab/moncia/oasis_3_bids/sub-OAS30465/ses-d1030/anat/sub-OAS30465_ses-d1030_T1w.nii.gz,1,0.0
OAS30466,d0058,2000-02-28,/project/rrg-mchakrav-ab/moncia/oasis_3_bids/sub-OAS30466/ses-d0058/anat/sub-OAS30466_ses-d0058_run-01_T1w.nii.gz,2,0.5
OAS30467,d0092,2000-04-02,/project/rrg-mchakrav-ab/moncia/oasis_3_bids/sub-OAS30467/ses-d0092/anat/sub-OAS30467_ses-d0092_T1w.nii.gz,3,1.0
OAS30468,d0069,2000-03-10,/project/rrg-mchakrav-ab/moncia/oasis_3_bids/sub-OAS30468/ses-d0069/anat/sub-OAS30468_ses-d0069_T1w.nii.gz,1,0.0
OAS30469,d0112,2000-04-22,/project/rrg-mchakrav-ab/moncia/oasis_3_bids/sub-OAS30469/ses-d0112/anat/sub-OAS30469_ses-d0112_T1w.nii.gz,1,0.0
OAS30470,d2828,2007-09-29,/project/rrg-mchakrav-ab/moncia/oasis_3_bids/sub-OAS30470/ses-d2828/anat/sub-OAS30470_ses-d2828_run-01_T1w.nii.gz,1,0.0
OAS30471,d0560,2001-07-14,/project/rrg-mchakrav-ab/moncia/oasis_3_bids/sub-OAS30471/ses-d0560/anat/sub-OAS30471_ses-d0560_run-01_T1w.nii.gz,1,0.0
OAS30471,d1883,2005-02-26,/project/rrg-mchakrav-ab/moncia/oasis_3_bids/sub-OAS30471/ses-d1883/anat/sub-OAS30471_ses-d1883_T1w.nii.gz,2,0.5
OAS30472,d0047,2000-02-17,/project/rrg-mchakrav-ab/moncia/oasis_3_bids/sub-OAS30472/ses-d0047/anat/sub-OAS30472_ses-d0047_run-01_T1w.nii.gz,2,0.5
OAS30472,d1267,2003-06-21,/project/rrg-mchakrav-ab/moncia/oasis_3_bids/sub-OAS30472/ses-d1267/anat/sub-OAS30472_ses-d1267_T1w.nii.gz,3,1.0
OAS30473,d0385,2001-01-20,/project/rrg-mchakrav-ab/moncia/oasis_3_bids/sub-OAS30473/ses-d0385/anat/sub-OAS30473_ses-d0385_run-01_T1w.nii.gz,1,0.0
OAS30474,d0069,2000-03-10,/project/rrg-mchakrav-ab/moncia/oasis_3_bids/sub-OAS30474/ses-d0069/anat/sub-OAS30474_ses-d0069_run-01_T1w.nii.gz,2,0.5
OAS30475,d0062,2000-03-03,/project/rrg-mchakrav-ab/moncia/oasis_3_bids/sub-OAS30475/ses-d0062/anat/sub-OAS30475_ses-d0062_T1w.nii.gz,1,0.0
OAS30476,d0090,2000-03-31,/project/rrg-mchakrav-ab/moncia/oasis_3_bids/sub-OAS30476/ses-d0090/anat/sub-OAS30476_ses-d0090_T1w.nii.gz,1,0.0
OAS30476,d0482,2001-04-27,/project/rrg-mchakrav-ab/moncia/oasis_3_bids/sub-OAS30476/ses-d0482/anat/sub-OAS30476_ses-d0482_T1w.nii.gz,1,0.0
OAS30476,d1931,2005-04-15,/project/rrg-mchakrav-ab/moncia/oasis_3_bids/sub-OAS30476/ses-d1931/anat/sub-OAS30476_ses-d1931_T1w.nii.gz,1,0.0
OAS30477,d0069,2000-03-10,/project/rrg-mchakrav-ab/moncia/oasis_3_bids/sub-OAS30477/ses-d0069/anat/sub-OAS30477_ses-d0069_T1w.nii.gz,2,0.5
OAS30479,d0398,2001-02-02,/project/rrg-mchakrav-ab/moncia/oasis_3_bids/sub-OAS30479/ses-d0398/anat/sub-OAS30479_ses-d0398_run-01_T1w.nii.gz,2,0.5
OAS30479,d1266,2003-06-20,/project/rrg-mchakrav-ab/moncia/oasis_3_bids/sub-OAS30479/ses-d1266/anat/sub-OAS30479_ses-d1266_T1w.nii.gz,1,0.0
OAS30479,d2421,2006-08-18,/project/rrg-mchakrav-ab/moncia/oasis_3_bids/sub-OAS30479/ses-d2421/anat/sub-OAS30479_ses-d2421_T1w.nii.gz,1,0.0
OAS30480,d0161,2000-06-10,/project/rrg-mchakrav-ab/moncia/oasis_3_bids/sub-OAS30480/ses-d0161/anat/sub-OAS30480_ses-d0161_run-01_T1w.nii.gz,1,0.0
OAS30480,d0711,2001-12-12,/project/rrg-mchakrav-ab/moncia/oasis_3_bids/sub-OAS30480/ses-d0711/anat/sub-OAS30480_ses-d0711_run-01_T1w.nii.gz,1,0.0
OAS30481,d0064,2000-03-05,/project/rrg-mchakrav-ab/moncia/oasis_3_bids/sub-OAS30481/ses-d0064/anat/sub-OAS30481_ses-d0064_T1w.nii.gz,1,0.0
OAS30482,d0140,2000-05-20,/project/rrg-mchakrav-ab/moncia/oasis_3_bids/sub-OAS30482/ses-d0140/anat/sub-OAS30482_ses-d0140_T1w.nii.gz,1,0.0
OAS30482,d1408,2003-11-09,/project/rrg-mchakrav-ab/moncia/oasis_3_bids/sub-OAS30482/ses-d1408/anat/sub-OAS30482_ses-d1408_run-01_T1w.nii.gz,1,0.0
OAS30483,d0006,2000-01-07,/project/rrg-mchakrav-ab/moncia/oasis_3_bids/sub-OAS30483/ses-d0006/anat/sub-OAS30483_ses-d0006_T1w.nii.gz,1,0.0
OAS30483,d0020,2000-01-21,/project/rrg-mchakrav-ab/moncia/oasis_3_bids/sub-OAS30483/ses-d0020/anat/sub-OAS30483_ses-d0020_run-01_T1w.nii.gz,1,0.0
OAS30483,d0947,2002-08-05,/project/rrg-mchakrav-ab/moncia/oasis_3_bids/sub-OAS30483/ses-d0947/anat/sub-OAS30483_ses-d0947_T1w.nii.gz,1,0.0
OAS30483,d2290,2006-04-09,/project/rrg-mchakrav-ab/moncia/oasis_3_bids/sub-OAS30483/ses-d2290/anat/sub-OAS30483_ses-d2290_T1w.nii.gz,1,0.0
OAS30484,d0040,2000-02-10,/project/rrg-mchakrav-ab/moncia/oasis_3_bids/sub-OAS30484/ses-d0040/anat/sub-OAS30484_ses-d0040_T1w.nii.gz,1,0.0
OAS30484,d0056,2000-02-26,/project/rrg-mchakrav-ab/moncia/oasis_3_bids/sub-OAS30484/ses-d0056/anat/sub-OAS30484_ses-d0056_run-01_T1w.nii.gz,1,0.0
OAS30484,d0069,2000-03-10,/project/rrg-mchakrav-ab/moncia/oasis_3_bids/sub-OAS30484/ses-d0069/anat/sub-OAS30484_ses-d0069_run-01_T1w.nii.gz,1,0.0
OAS30484,d1065,2002-12-01,/project/rrg-mchakrav-ab/moncia/oasis_3_bids/sub-OAS30484/ses-d1065/anat/sub-OAS30484_ses-d1065_T1w.nii.gz,1,0.0
OAS30484,d2273,2006-03-23,/project/rrg-mchakrav-ab/moncia/oasis_3_bids/sub-OAS30484/ses-d2273/anat/sub-OAS30484_ses-d2273_T1w.nii.gz,1,0.0
OAS30485,d0084,2000-03-25,/project/rrg-mchakrav-ab/moncia/oasis_3_bids/sub-OAS30485/ses-d0084/anat/sub-OAS30485_ses-d0084_T1w.nii.gz,1,0.0
OAS30486,d0075,2000-03-16,/project/rrg-mchakrav-ab/moncia/oasis_3_bids/sub-OAS30486/ses-d0075/anat/sub-OAS30486_ses-d0075_run-01_T1w.nii.gz,1,0.0
OAS30486,d1295,2003-07-19,/project/rrg-mchakrav-ab/moncia/oasis_3_bids/sub-OAS30486/ses-d1295/anat/sub-OAS30486_ses-d1295_T1w.nii.gz,1,0.0
OAS30486,d1300,2003-07-24,/project/rrg-mchakrav-ab/moncia/oasis_3_bids/sub-OAS30486/ses-d1300/anat/sub-OAS30486_ses-d1300_T1w.nii.gz,1,0.0
OAS30487,d0064,2000-03-05,/project/rrg-mchakrav-ab/moncia/oasis_3_bids/sub-OAS30487/ses-d0064/anat/sub-OAS30487_ses-d0064_run-01_T1w.nii.gz,1,0.0
OAS30487,d2165,2005-12-05,/project/rrg-mchakrav-ab/moncia/oasis_3_bids/sub-OAS30487/ses-d2165/anat/sub-OAS30487_ses-d2165_T1w.nii.gz,1,0.0
OAS30487,d3605,2009-11-14,/project/rrg-mchakrav-ab/moncia/oasis_3_bids/sub-OAS30487/ses-d3605/anat/sub-OAS30487_ses-d3605_T1w.nii.gz,1,0.0
OAS30489,d0012,2000-01-13,/project/rrg-mchakrav-ab/moncia/oasis_3_bids/sub-OAS30489/ses-d0012/anat/sub-OAS30489_ses-d0012_run-01_T1w.nii.gz,1,0.0
OAS30490,d0412,2001-02-16,/project/rrg-mchakrav-ab/moncia/oasis_3_bids/sub-OAS30490/ses-d0412/anat/sub-OAS30490_ses-d0412_run-01_T1w.nii.gz,1,0.0
OAS30490,d0574,2001-07-28,/project/rrg-mchakrav-ab/moncia/oasis_3_bids/sub-OAS30490/ses-d0574/anat/sub-OAS30490_ses-d0574_run-01_T1w.nii.gz,1,0.0
OAS30490,d1162,2003-03-08,/project/rrg-mchakrav-ab/moncia/oasis_3_bids/sub-OAS30490/ses-d1162/anat/sub-OAS30490_ses-d1162_run-01_T1w.nii.gz,1,0.0
OAS30491,d0074,2000-03-15,/project/rrg-mchakrav-ab/moncia/oasis_3_bids/sub-OAS30491/ses-d0074/anat/sub-OAS30491_ses-d0074_T1w.nii.gz,1,0.0
OAS30492,d0090,2000-03-31,/project/rrg-mchakrav-ab/moncia/oasis_3_bids/sub-OAS30492/ses-d0090/anat/sub-OAS30492_ses-d0090_T1w.nii.gz,1,0.0
OAS30492,d1169,2003-03-15,/project/rrg-mchakrav-ab/moncia/oasis_3_bids/sub-OAS30492/ses-d1169/anat/sub-OAS30492_ses-d1169_T1w.nii.gz,1,0.0
OAS30492,d2346,2006-06-04,/project/rrg-mchakrav-ab/moncia/oasis_3_bids/sub-OAS30492/ses-d2346/anat/sub-OAS30492_ses-d2346_T1w.nii.gz,1,0.0
OAS30493,d0608,2001-08-31,/project/rrg-mchakrav-ab/moncia/oasis_3_bids/sub-OAS30493/ses-d0608/anat/sub-OAS30493_ses-d0608_T1w.nii.gz,1,0.0
OAS30494,d0059,2000-02-29,/project/rrg-mchakrav-ab/moncia/oasis_3_bids/sub-OAS30494/ses-d0059/anat/sub-OAS30494_ses-d0059_run-01_T1w.nii.gz,1,0.0
OAS30495,d0052,2000-02-22,/project/rrg-mchakrav-ab/moncia/oasis_3_bids/sub-OAS30495/ses-d0052/anat/sub-OAS30495_ses-d0052_T1w.nii.gz,3,1.0
OAS30496,d0065,2000-03-06,/project/rrg-mchakrav-ab/moncia/oasis_3_bids/sub-OAS30496/ses-d0065/anat/sub-OAS30496_ses-d0065_T1w.nii.gz,1,0.0
OAS30496,d1150,2003-02-24,/project/rrg-mchakrav-ab/moncia/oasis_3_bids/sub-OAS30496/ses-d1150/anat/sub-OAS30496_ses-d1150_run-01_T1w.nii.gz,1,0.0
OAS30496,d2304,2006-04-23,/project/rrg-mchakrav-ab/moncia/oasis_3_bids/sub-OAS30496/ses-d2304/anat/sub-OAS30496_ses-d2304_T1w.nii.gz,1,0.0
OAS30497,d0056,2000-02-26,/project/rrg-mchakrav-ab/moncia/oasis_3_bids/sub-OAS30497/ses-d0056/anat/sub-OAS30497_ses-d0056_T1w.nii.gz,1,0.0
OAS30498,d0132,2000-05-12,/project/rrg-mchakrav-ab/moncia/oasis_3_bids/sub-OAS30498/ses-d0132/anat/sub-OAS30498_ses-d0132_T1w.nii.gz,2,0.5
OAS30499,d0067,2000-03-08,/project/rrg-mchakrav-ab/moncia/oasis_3_bids/sub-OAS30499/ses-d0067/anat/sub-OAS30499_ses-d0067_run-01_T1w.nii.gz,1,0.0
OAS30499,d1164,2003-03-10,/project/rrg-mchakrav-ab/moncia/oasis_3_bids/sub-OAS30499/ses-d1164/anat/sub-OAS30499_ses-d1164_T1w.nii.gz,1,0.0
OAS30499,d2296,2006-04-15,/project/rrg-mchakrav-ab/moncia/oasis_3_bids/sub-OAS30499/ses-d2296/anat/sub-OAS30499_ses-d2296_T1w.nii.gz,1,0.0
OAS30499,d3468,2009-06-30,/project/rrg-mchakrav-ab/moncia/oasis_3_bids/sub-OAS30499/ses-d3468/anat/sub-OAS30499_ses-d3468_T1w.nii.gz,1,0.0
OAS30500,d0093,2000-04-03,/project/rrg-mchakrav-ab/moncia/oasis_3_bids/sub-OAS30500/ses-d0093/anat/sub-OAS30500_ses-d0093_run-01_T1w.nii.gz,1,0.0
OAS30502,d1195,2003-04-10,/project/rrg-mchakrav-ab/moncia/oasis_3_bids/sub-OAS30502/ses-d1195/anat/sub-OAS30502_ses-d1195_T1w.nii.gz,1,0.0
OAS30502,d2228,2006-02-06,/project/rrg-mchakrav-ab/moncia/oasis_3_bids/sub-OAS30502/ses-d2228/anat/sub-OAS30502_ses-d2228_T1w.nii.gz,1,0.0
OAS30503,d0000,2000-01-01,/project/rrg-mchakrav-ab/moncia/oasis_3_bids/sub-OAS30503/ses-d0000/anat/sub-OAS30503_ses-d0000_T1w.nii.gz,1,0.0
OAS30504,d0000,2000-01-01,/project/rrg-mchakrav-ab/moncia/oasis_3_bids/sub-OAS30504/ses-d0000/anat/sub-OAS30504_ses-d0000_run-01_T1w.nii.gz,3,1.0
OAS30505,d4103,2011-03-27,/project/rrg-mchakrav-ab/moncia/oasis_3_bids/sub-OAS30505/ses-d4103/anat/sub-OAS30505_ses-d4103_run-01_T1w.nii.gz,1,0.0
OAS30505,d4682,2012-10-26,/project/rrg-mchakrav-ab/moncia/oasis_3_bids/sub-OAS30505/ses-d4682/anat/sub-OAS30505_ses-d4682_run-01_T1w.nii.gz,1,0.0
OAS30506,d1039,2002-11-05,/project/rrg-mchakrav-ab/moncia/oasis_3_bids/sub-OAS30506/ses-d1039/anat/sub-OAS30506_ses-d1039_run-01_T1w.nii.gz,2,0.5
OAS30506,d2206,2006-01-15,/project/rrg-mchakrav-ab/moncia/oasis_3_bids/sub-OAS30506/ses-d2206/anat/sub-OAS30506_ses-d2206_run-01_T1w.nii.gz,2,0.5
OAS30507,d2282,2006-04-01,/project/rrg-mchakrav-ab/moncia/oasis_3_bids/sub-OAS30507/ses-d2282/anat/sub-OAS30507_ses-d2282_T1w.nii.gz,1,0.0
OAS30507,d2411,2006-08-08,/project/rrg-mchakrav-ab/moncia/oasis_3_bids/sub-OAS30507/ses-d2411/anat/sub-OAS30507_ses-d2411_T1w.nii.gz,1,0.0
OAS30508,d0042,2000-02-12,/project/rrg-mchakrav-ab/moncia/oasis_3_bids/sub-OAS30508/ses-d0042/anat/sub-OAS30508_ses-d0042_T1w.nii.gz,1,0.0
OAS30509,d0153,2000-06-02,/project/rrg-mchakrav-ab/moncia/oasis_3_bids/sub-OAS30509/ses-d0153/anat/sub-OAS30509_ses-d0153_run-01_T1w.nii.gz,1,0.0
OAS30510,d1154,2003-02-28,/project/rrg-mchakrav-ab/moncia/oasis_3_bids/sub-OAS30510/ses-d1154/anat/sub-OAS30510_ses-d1154_T1w.nii.gz,3,1.0
OAS30513,d0119,2000-04-29,/project/rrg-mchakrav-ab/moncia/oasis_3_bids/sub-OAS30513/ses-d0119/anat/sub-OAS30513_ses-d0119_T1w.nii.gz,1,0.0
OAS30514,d0057,2000-02-27,/project/rrg-mchakrav-ab/moncia/oasis_3_bids/sub-OAS30514/ses-d0057/anat/sub-OAS30514_ses-d0057_T1w.nii.gz,1,0.0
OAS30514,d1526,2004-03-06,/project/rrg-mchakrav-ab/moncia/oasis_3_bids/sub-OAS30514/ses-d1526/anat/sub-OAS30514_ses-d1526_T1w.nii.gz,1,0.0
OAS30515,d0044,2000-02-14,/project/rrg-mchakrav-ab/moncia/oasis_3_bids/sub-OAS30515/ses-d0044/anat/sub-OAS30515_ses-d0044_T1w.nii.gz,2,0.5
OAS30515,d0587,2001-08-10,/project/rrg-mchakrav-ab/moncia/oasis_3_bids/sub-OAS30515/ses-d0587/anat/sub-OAS30515_ses-d0587_T1w.nii.gz,2,0.5
OAS30515,d1374,2003-10-06,/project/rrg-mchakrav-ab/moncia/oasis_3_bids/sub-OAS30515/ses-d1374/anat/sub-OAS30515_ses-d1374_T1w.nii.gz,2,0.5
OAS30516,d0225,2000-08-13,/project/rrg-mchakrav-ab/moncia/oasis_3_bids/sub-OAS30516/ses-d0225/anat/sub-OAS30516_ses-d0225_run-01_T1w.nii.gz,1,0.0
OAS30516,d1800,2004-12-05,/project/rrg-mchakrav-ab/moncia/oasis_3_bids/sub-OAS30516/ses-d1800/anat/sub-OAS30516_ses-d1800_run-01_T1w.nii.gz,1,0.0
OAS30516,d2706,2007-05-30,/project/rrg-mchakrav-ab/moncia/oasis_3_bids/sub-OAS30516/ses-d2706/anat/sub-OAS30516_ses-d2706_T1w.nii.gz,1,0.0
OAS30516,d4192,2011-06-24,/project/rrg-mchakrav-ab/moncia/oasis_3_bids/sub-OAS30516/ses-d4192/anat/sub-OAS30516_ses-d4192_T1w.nii.gz,1,0.0
OAS30517,d0072,2000-03-13,/project/rrg-mchakrav-ab/moncia/oasis_3_bids/sub-OAS30517/ses-d0072/anat/sub-OAS30517_ses-d0072_run-01_T1w.nii.gz,1,0.0
OAS30518,d0089,2000-03-30,/project/rrg-mchakrav-ab/moncia/oasis_3_bids/sub-OAS30518/ses-d0089/anat/sub-OAS30518_ses-d0089_T1w.nii.gz,2,0.5
OAS30519,d0080,2000-03-21,/project/rrg-mchakrav-ab/moncia/oasis_3_bids/sub-OAS30519/ses-d0080/anat/sub-OAS30519_ses-d0080_T1w.nii.gz,2,0.5
OAS30521,d0118,2000-04-28,/project/rrg-mchakrav-ab/moncia/oasis_3_bids/sub-OAS30521/ses-d0118/anat/sub-OAS30521_ses-d0118_run-01_T1w.nii.gz,2,0.5
OAS30521,d0979,2002-09-06,/project/rrg-mchakrav-ab/moncia/oasis_3_bids/sub-OAS30521/ses-d0979/anat/sub-OAS30521_ses-d0979_run-01_T1w.nii.gz,3,1.0
OAS30522,d0103,2000-04-13,/project/rrg-mchakrav-ab/moncia/oasis_3_bids/sub-OAS30522/ses-d0103/anat/sub-OAS30522_ses-d0103_T1w.nii.gz,2,0.5
OAS30523,d0027,2000-01-28,/project/rrg-mchakrav-ab/moncia/oasis_3_bids/sub-OAS30523/ses-d0027/anat/sub-OAS30523_ses-d0027_run-01_T1w.nii.gz,1,0.0
OAS30524,d0198,2000-07-17,/project/rrg-mchakrav-ab/moncia/oasis_3_bids/sub-OAS30524/ses-d0198/anat/sub-OAS30524_ses-d0198_run-01_T1w.nii.gz,1,0.0
OAS30525,d0671,2001-11-02,/project/rrg-mchakrav-ab/moncia/oasis_3_bids/sub-OAS30525/ses-d0671/anat/sub-OAS30525_ses-d0671_run-01_T1w.nii.gz,1,0.0
OAS30525,d1471,2004-01-11,/project/rrg-mchakrav-ab/moncia/oasis_3_bids/sub-OAS30525/ses-d1471/anat/sub-OAS30525_ses-d1471_run-01_T1w.nii.gz,1,0.0
OAS30525,d3407,2009-04-30,/project/rrg-mchakrav-ab/moncia/oasis_3_bids/sub-OAS30525/ses-d3407/anat/sub-OAS30525_ses-d3407_T1w.nii.gz,1,0.0
OAS30527,d0000,2000-01-01,/project/rrg-mchakrav-ab/moncia/oasis_3_bids/sub-OAS30527/ses-d0000/anat/sub-OAS30527_ses-d0000_T1w.nii.gz,2,0.5
OAS30527,d0006,2000-01-07,/project/rrg-mchakrav-ab/moncia/oasis_3_bids/sub-OAS30527/ses-d0006/anat/sub-OAS30527_ses-d0006_T1w.nii.gz,2,0.5
OAS30528,d0012,2000-01-13,/project/rrg-mchakrav-ab/moncia/oasis_3_bids/sub-OAS30528/ses-d0012/anat/sub-OAS30528_ses-d0012_T1w.nii.gz,1,0.0
OAS30529,d0099,2000-04-09,/project/rrg-mchakrav-ab/moncia/oasis_3_bids/sub-OAS30529/ses-d0099/anat/sub-OAS30529_ses-d0099_T1w.nii.gz,1,0.0
OAS30530,d0119,2000-04-29,/project/rrg-mchakrav-ab/moncia/oasis_3_bids/sub-OAS30530/ses-d0119/anat/sub-OAS30530_ses-d0119_run-01_T1w.nii.gz,2,0.5
OAS30530,d0522,2001-06-06,/project/rrg-mchakrav-ab/moncia/oasis_3_bids/sub-OAS30530/ses-d0522/anat/sub-OAS30530_ses-d0522_run-01_T1w.nii.gz,2,0.5
OAS30531,d0108,2000-04-18,/project/rrg-mchakrav-ab/moncia/oasis_3_bids/sub-OAS30531/ses-d0108/anat/sub-OAS30531_ses-d0108_run-01_T1w.nii.gz,1,0.0
OAS30531,d1347,2003-09-09,/project/rrg-mchakrav-ab/moncia/oasis_3_bids/sub-OAS30531/ses-d1347/anat/sub-OAS30531_ses-d1347_T1w.nii.gz,1,0.0
OAS30531,d1348,2003-09-10,/project/rrg-mchakrav-ab/moncia/oasis_3_bids/sub-OAS30531/ses-d1348/anat/sub-OAS30531_ses-d1348_T1w.nii.gz,1,0.0
OAS30531,d2584,2007-01-28,/project/rrg-mchakrav-ab/moncia/oasis_3_bids/sub-OAS30531/ses-d2584/anat/sub-OAS30531_ses-d2584_T1w.nii.gz,1,0.0
OAS30532,d0047,2000-02-17,/project/rrg-mchakrav-ab/moncia/oasis_3_bids/sub-OAS30532/ses-d0047/anat/sub-OAS30532_ses-d0047_run-01_T1w.nii.gz,1,0.0
OAS30533,d0087,2000-03-28,/project/rrg-mchakrav-ab/moncia/oasis_3_bids/sub-OAS30533/ses-d0087/anat/sub-OAS30533_ses-d0087_run-01_T1w.nii.gz,3,1.0
OAS30534,d0474,2001-04-19,/project/rrg-mchakrav-ab/moncia/oasis_3_bids/sub-OAS30534/ses-d0474/anat/sub-OAS30534_ses-d0474_run-01_T1w.nii.gz,1,0.0
OAS30534,d1174,2003-03-20,/project/rrg-mchakrav-ab/moncia/oasis_3_bids/sub-OAS30534/ses-d1174/anat/sub-OAS30534_ses-d1174_run-01_T1w.nii.gz,1,0.0
OAS30534,d2374,2006-07-02,/project/rrg-mchakrav-ab/moncia/oasis_3_bids/sub-OAS30534/ses-d2374/anat/sub-OAS30534_ses-d2374_T1w.nii.gz,1,0.0
OAS30534,d3728,2010-03-17,/project/rrg-mchakrav-ab/moncia/oasis_3_bids/sub-OAS30534/ses-d3728/anat/sub-OAS30534_ses-d3728_T1w.nii.gz,1,0.0
OAS30535,d0139,2000-05-19,/project/rrg-mchakrav-ab/moncia/oasis_3_bids/sub-OAS30535/ses-d0139/anat/sub-OAS30535_ses-d0139_run-01_T1w.nii.gz,1,0.0
OAS30535,d1329,2003-08-22,/project/rrg-mchakrav-ab/moncia/oasis_3_bids/sub-OAS30535/ses-d1329/anat/sub-OAS30535_ses-d1329_T1w.nii.gz,1,0.0
OAS30535,d1336,2003-08-29,/project/rrg-mchakrav-ab/moncia/oasis_3_bids/sub-OAS30535/ses-d1336/anat/sub-OAS30535_ses-d1336_T1w.nii.gz,1,0.0
OAS30535,d2624,2007-03-09,/project/rrg-mchakrav-ab/moncia/oasis_3_bids/sub-OAS30535/ses-d2624/anat/sub-OAS30535_ses-d2624_T1w.nii.gz,1,0.0
OAS30536,d2552,2006-12-27,/project/rrg-mchakrav-ab/moncia/oasis_3_bids/sub-OAS30536/ses-d2552/anat/sub-OAS30536_ses-d2552_run-01_T1w.nii.gz,1,0.0
OAS30537,d0029,2000-01-30,/project/rrg-mchakrav-ab/moncia/oasis_3_bids/sub-OAS30537/ses-d0029/anat/sub-OAS30537_ses-d0029_run-01_T1w.nii.gz,1,0.0
OAS30537,d1848,2005-01-22,/project/rrg-mchakrav-ab/moncia/oasis_3_bids/sub-OAS30537/ses-d1848/anat/sub-OAS30537_ses-d1848_T1w.nii.gz,1,0.0
OAS30537,d2813,2007-09-14,/project/rrg-mchakrav-ab/moncia/oasis_3_bids/sub-OAS30537/ses-d2813/anat/sub-OAS30537_ses-d2813_T1w.nii.gz,1,0.0
OAS30538,d0105,2000-04-15,/project/rrg-mchakrav-ab/moncia/oasis_3_bids/sub-OAS30538/ses-d0105/anat/sub-OAS30538_ses-d0105_T1w.nii.gz,1,0.0
OAS30539,d0154,2000-06-03,/project/rrg-mchakrav-ab/moncia/oasis_3_bids/sub-OAS30539/ses-d0154/anat/sub-OAS30539_ses-d0154_run-01_T1w.nii.gz,2,0.5
OAS30539,d0640,2001-10-02,/project/rrg-mchakrav-ab/moncia/oasis_3_bids/sub-OAS30539/ses-d0640/anat/sub-OAS30539_ses-d0640_run-01_T1w.nii.gz,2,0.5
OAS30540,d0084,2000-03-25,/project/rrg-mchakrav-ab/moncia/oasis_3_bids/sub-OAS30540/ses-d0084/anat/sub-OAS30540_ses-d0084_T1w.nii.gz,1,0.0
OAS30541,d0058,2000-02-28,/project/rrg-mchakrav-ab/moncia/oasis_3_bids/sub-OAS30541/ses-d0058/anat/sub-OAS30541_ses-d0058_run-01_T1w.nii.gz,2,0.5
OAS30541,d0823,2002-04-03,/project/rrg-mchakrav-ab/moncia/oasis_3_bids/sub-OAS30541/ses-d0823/anat/sub-OAS30541_ses-d0823_T1w.nii.gz,2,0.5
OAS30541,d1935,2005-04-19,/project/rrg-mchakrav-ab/moncia/oasis_3_bids/sub-OAS30541/ses-d1935/anat/sub-OAS30541_ses-d1935_T1w.nii.gz,3,1.0
OAS30541,d2527,2006-12-02,/project/rrg-mchakrav-ab/moncia/oasis_3_bids/sub-OAS30541/ses-d2527/anat/sub-OAS30541_ses-d2527_T1w.nii.gz,3,1.0
OAS30542,d0489,2001-05-04,/project/rrg-mchakrav-ab/moncia/oasis_3_bids/sub-OAS30542/ses-d0489/anat/sub-OAS30542_ses-d0489_run-01_T1w.nii.gz,1,0.0
OAS30542,d3116,2008-07-13,/project/rrg-mchakrav-ab/moncia/oasis_3_bids/sub-OAS30542/ses-d3116/anat/sub-OAS30542_ses-d3116_T1w.nii.gz,1,0.0
OAS30542,d3906,2010-09-11,/project/rrg-mchakrav-ab/moncia/oasis_3_bids/sub-OAS30542/ses-d3906/anat/sub-OAS30542_ses-d3906_T1w.nii.gz,1,0.0
OAS30544,d0346,2000-12-12,/project/rrg-mchakrav-ab/moncia/oasis_3_bids/sub-OAS30544/ses-d0346/anat/sub-OAS30544_ses-d0346_run-01_T1w.nii.gz,3,1.0
OAS30545,d0028,2000-01-29,/project/rrg-mchakrav-ab/moncia/oasis_3_bids/sub-OAS30545/ses-d0028/anat/sub-OAS30545_ses-d0028_run-01_T1w.nii.gz,2,0.5
OAS30546,d0530,2001-06-14,/project/rrg-mchakrav-ab/moncia/oasis_3_bids/sub-OAS30546/ses-d0530/anat/sub-OAS30546_ses-d0530_T1w.nii.gz,1,0.0
OAS30547,d0459,2001-04-04,/project/rrg-mchakrav-ab/moncia/oasis_3_bids/sub-OAS30547/ses-d0459/anat/sub-OAS30547_ses-d0459_T1w.nii.gz,1,0.0
OAS30548,d0447,2001-03-23,/project/rrg-mchakrav-ab/moncia/oasis_3_bids/sub-OAS30548/ses-d0447/anat/sub-OAS30548_ses-d0447_T1w.nii.gz,3,1.0
OAS30549,d1244,2003-05-29,/project/rrg-mchakrav-ab/moncia/oasis_3_bids/sub-OAS30549/ses-d1244/anat/sub-OAS30549_ses-d1244_run-01_T1w.nii.gz,2,0.5
OAS30550,d0070,2000-03-11,/project/rrg-mchakrav-ab/moncia/oasis_3_bids/sub-OAS30550/ses-d0070/anat/sub-OAS30550_ses-d0070_T1w.nii.gz,1,0.0
OAS30551,d0104,2000-04-14,/project/rrg-mchakrav-ab/moncia/oasis_3_bids/sub-OAS30551/ses-d0104/anat/sub-OAS30551_ses-d0104_T1w.nii.gz,1,0.0
OAS30551,d1310,2003-08-03,/project/rrg-mchakrav-ab/moncia/oasis_3_bids/sub-OAS30551/ses-d1310/anat/sub-OAS30551_ses-d1310_T1w.nii.gz,1,0.0
OAS30552,d0139,2000-05-19,/project/rrg-mchakrav-ab/moncia/oasis_3_bids/sub-OAS30552/ses-d0139/anat/sub-OAS30552_ses-d0139_run-01_T1w.nii.gz,1,0.0
OAS30553,d0216,2000-08-04,/project/rrg-mchakrav-ab/moncia/oasis_3_bids/sub-OAS30553/ses-d0216/anat/sub-OAS30553_ses-d0216_run-01_T1w.nii.gz,1,0.0
OAS30553,d0822,2002-04-02,/project/rrg-mchakrav-ab/moncia/oasis_3_bids/sub-OAS30553/ses-d0822/anat/sub-OAS30553_ses-d0822_run-01_T1w.nii.gz,2,0.5
OAS30554,d0118,2000-04-28,/project/rrg-mchakrav-ab/moncia/oasis_3_bids/sub-OAS30554/ses-d0118/anat/sub-OAS30554_ses-d0118_run-01_T1w.nii.gz,2,0.5
OAS30555,d1301,2003-07-25,/project/rrg-mchakrav-ab/moncia/oasis_3_bids/sub-OAS30555/ses-d1301/anat/sub-OAS30555_ses-d1301_T1w.nii.gz,1,0.0
OAS30555,d2548,2006-12-23,/project/rrg-mchakrav-ab/moncia/oasis_3_bids/sub-OAS30555/ses-d2548/anat/sub-OAS30555_ses-d2548_T1w.nii.gz,1,0.0
OAS30556,d0035,2000-02-05,/project/rrg-mchakrav-ab/moncia/oasis_3_bids/sub-OAS30556/ses-d0035/anat/sub-OAS30556_ses-d0035_T1w.nii.gz,2,0.5
OAS30557,d1448,2003-12-19,/project/rrg-mchakrav-ab/moncia/oasis_3_bids/sub-OAS30557/ses-d1448/anat/sub-OAS30557_ses-d1448_run-01_T1w.nii.gz,1,0.0
OAS30558,d0061,2000-03-02,/project/rrg-mchakrav-ab/moncia/oasis_3_bids/sub-OAS30558/ses-d0061/anat/sub-OAS30558_ses-d0061_run-01_T1w.nii.gz,1,0.0
OAS30558,d1429,2003-11-30,/project/rrg-mchakrav-ab/moncia/oasis_3_bids/sub-OAS30558/ses-d1429/anat/sub-OAS30558_ses-d1429_run-01_T1w.nii.gz,1,0.0
OAS30558,d2148,2005-11-18,/project/rrg-mchakrav-ab/moncia/oasis_3_bids/sub-OAS30558/ses-d2148/anat/sub-OAS30558_ses-d2148_run-01_T1w.nii.gz,1,0.0
OAS30558,d3408,2009-05-01,/project/rrg-mchakrav-ab/moncia/oasis_3_bids/sub-OAS30558/ses-d3408/anat/sub-OAS30558_ses-d3408_T1w.nii.gz,1,0.0
OAS30558,d3715,2010-03-04,/project/rrg-mchakrav-ab/moncia/oasis_3_bids/sub-OAS30558/ses-d3715/anat/sub-OAS30558_ses-d3715_T1w.nii.gz,1,0.0
OAS30558,d4493,2012-04-20,/project/rrg-mchakrav-ab/moncia/oasis_3_bids/sub-OAS30558/ses-d4493/anat/sub-OAS30558_ses-d4493_T1w.nii.gz,1,0.0
OAS30558,d5591,2015-04-23,/project/rrg-mchakrav-ab/moncia/oasis_3_bids/sub-OAS30558/ses-d5591/anat/sub-OAS30558_ses-d5591_T1w.nii.gz,1,0.0
OAS30559,d0431,2001-03-07,/project/rrg-mchakrav-ab/moncia/oasis_3_bids/sub-OAS30559/ses-d0431/anat/sub-OAS30559_ses-d0431_run-01_T1w.nii.gz,1,0.0
OAS30559,d1236,2003-05-21,/project/rrg-mchakrav-ab/moncia/oasis_3_bids/sub-OAS30559/ses-d1236/anat/sub-OAS30559_ses-d1236_T1w.nii.gz,1,0.0
OAS30559,d2422,2006-08-19,/project/rrg-mchakrav-ab/moncia/oasis_3_bids/sub-OAS30559/ses-d2422/anat/sub-OAS30559_ses-d2422_T1w.nii.gz,1,0.0
OAS30560,d0117,2000-04-27,/project/rrg-mchakrav-ab/moncia/oasis_3_bids/sub-OAS30560/ses-d0117/anat/sub-OAS30560_ses-d0117_run-01_T1w.nii.gz,1,0.0
OAS30560,d1203,2003-04-18,/project/rrg-mchakrav-ab/moncia/oasis_3_bids/sub-OAS30560/ses-d1203/anat/sub-OAS30560_ses-d1203_run-01_T1w.nii.gz,1,0.0
OAS30561,d0106,2000-04-16,/project/rrg-mchakrav-ab/moncia/oasis_3_bids/sub-OAS30561/ses-d0106/anat/sub-OAS30561_ses-d0106_T1w.nii.gz,1,0.0
OAS30561,d1137,2003-02-11,/project/rrg-mchakrav-ab/moncia/oasis_3_bids/sub-OAS30561/ses-d1137/anat/sub-OAS30561_ses-d1137_T1w.nii.gz,1,0.0
OAS30561,d1263,2003-06-17,/project/rrg-mchakrav-ab/moncia/oasis_3_bids/sub-OAS30561/ses-d1263/anat/sub-OAS30561_ses-d1263_T1w.nii.gz,1,0.0
OAS30562,d0030,2000-01-31,/project/rrg-mchakrav-ab/moncia/oasis_3_bids/sub-OAS30562/ses-d0030/anat/sub-OAS30562_ses-d0030_run-01_T1w.nii.gz,1,0.0
OAS30562,d2363,2006-06-21,/project/rrg-mchakrav-ab/moncia/oasis_3_bids/sub-OAS30562/ses-d2363/anat/sub-OAS30562_ses-d2363_T1w.nii.gz,1,0.0
OAS30562,d3383,2009-04-06,/project/rrg-mchakrav-ab/moncia/oasis_3_bids/sub-OAS30562/ses-d3383/anat/sub-OAS30562_ses-d3383_T1w.nii.gz,1,0.0
OAS30563,d0866,2002-05-16,/project/rrg-mchakrav-ab/moncia/oasis_3_bids/sub-OAS30563/ses-d0866/anat/sub-OAS30563_ses-d0866_run-01_T1w.nii.gz,2,0.5
OAS30563,d1318,2003-08-11,/project/rrg-mchakrav-ab/moncia/oasis_3_bids/sub-OAS30563/ses-d1318/anat/sub-OAS30563_ses-d1318_run-01_T1w.nii.gz,2,0.5
OAS30564,d0000,2000-01-01,/project/rrg-mchakrav-ab/moncia/oasis_3_bids/sub-OAS30564/ses-d0000/anat/sub-OAS30564_ses-d0000_run-01_T1w.nii.gz,1,0.0
OAS30564,d0432,2001-03-08,/project/rrg-mchakrav-ab/moncia/oasis_3_bids/sub-OAS30564/ses-d0432/anat/sub-OAS30564_ses-d0432_run-01_T1w.nii.gz,1,0.0
OAS30564,d1664,2004-07-22,/project/rrg-mchakrav-ab/moncia/oasis_3_bids/sub-OAS30564/ses-d1664/anat/sub-OAS30564_ses-d1664_run-01_T1w.nii.gz,1,0.0
OAS30564,d2808,2007-09-09,/project/rrg-mchakrav-ab/moncia/oasis_3_bids/sub-OAS30564/ses-d2808/anat/sub-OAS30564_ses-d2808_T1w.nii.gz,1,0.0
OAS30565,d3127,2008-07-24,/project/rrg-mchakrav-ab/moncia/oasis_3_bids/sub-OAS30565/ses-d3127/anat/sub-OAS30565_ses-d3127_run-01_T1w.nii.gz,1,0.0
OAS30566,d0067,2000-03-08,/project/rrg-mchakrav-ab/moncia/oasis_3_bids/sub-OAS30566/ses-d0067/anat/sub-OAS30566_ses-d0067_T1w.nii.gz,1,0.0
OAS30567,d0040,2000-02-10,/project/rrg-mchakrav-ab/moncia/oasis_3_bids/sub-OAS30567/ses-d0040/anat/sub-OAS30567_ses-d0040_T1w.nii.gz,1,0.0
OAS30567,d1246,2003-05-31,/project/rrg-mchakrav-ab/moncia/oasis_3_bids/sub-OAS30567/ses-d1246/anat/sub-OAS30567_ses-d1246_T1w.nii.gz,1,0.0
OAS30568,d0073,2000-03-14,/project/rrg-mchakrav-ab/moncia/oasis_3_bids/sub-OAS30568/ses-d0073/anat/sub-OAS30568_ses-d0073_run-01_T1w.nii.gz,1,0.0
OAS30568,d1281,2003-07-05,/project/rrg-mchakrav-ab/moncia/oasis_3_bids/sub-OAS30568/ses-d1281/anat/sub-OAS30568_ses-d1281_T1w.nii.gz,1,0.0
OAS30568,d1284,2003-07-08,/project/rrg-mchakrav-ab/moncia/oasis_3_bids/sub-OAS30568/ses-d1284/anat/sub-OAS30568_ses-d1284_T1w.nii.gz,1,0.0
OAS30568,d2326,2006-05-15,/project/rrg-mchakrav-ab/moncia/oasis_3_bids/sub-OAS30568/ses-d2326/anat/sub-OAS30568_ses-d2326_T1w.nii.gz,1,0.0
OAS30568,d3446,2009-06-08,/project/rrg-mchakrav-ab/moncia/oasis_3_bids/sub-OAS30568/ses-d3446/anat/sub-OAS30568_ses-d3446_T1w.nii.gz,1,0.0
OAS30569,d4070,2011-02-22,/project/rrg-mchakrav-ab/moncia/oasis_3_bids/sub-OAS30569/ses-d4070/anat/sub-OAS30569_ses-d4070_run-01_T1w.nii.gz,1,0.0
OAS30570,d0099,2000-04-09,/project/rrg-mchakrav-ab/moncia/oasis_3_bids/sub-OAS30570/ses-d0099/anat/sub-OAS30570_ses-d0099_run-01_T1w.nii.gz,1,0.0
OAS30571,d0120,2000-04-30,/project/rrg-mchakrav-ab/moncia/oasis_3_bids/sub-OAS30571/ses-d0120/anat/sub-OAS30571_ses-d0120_run-01_T1w.nii.gz,1,0.0
OAS30571,d2331,2006-05-20,/project/rrg-mchakrav-ab/moncia/oasis_3_bids/sub-OAS30571/ses-d2331/anat/sub-OAS30571_ses-d2331_T1w.nii.gz,1,0.0
OAS30571,d3528,2009-08-29,/project/rrg-mchakrav-ab/moncia/oasis_3_bids/sub-OAS30571/ses-d3528/anat/sub-OAS30571_ses-d3528_T1w.nii.gz,1,0.0
OAS30572,d0058,2000-02-28,/project/rrg-mchakrav-ab/moncia/oasis_3_bids/sub-OAS30572/ses-d0058/anat/sub-OAS30572_ses-d0058_T1w.nii.gz,1,0.0
OAS30572,d0064,2000-03-05,/project/rrg-mchakrav-ab/moncia/oasis_3_bids/sub-OAS30572/ses-d0064/anat/sub-OAS30572_ses-d0064_T1w.nii.gz,1,0.0
OAS30572,d1156,2003-03-02,/project/rrg-mchakrav-ab/moncia/oasis_3_bids/sub-OAS30572/ses-d1156/anat/sub-OAS30572_ses-d1156_T1w.nii.gz,1,0.0
OAS30572,d2207,2006-01-16,/project/rrg-mchakrav-ab/moncia/oasis_3_bids/sub-OAS30572/ses-d2207/anat/sub-OAS30572_ses-d2207_T1w.nii.gz,1,0.0
OAS30573,d0515,2001-05-30,/project/rrg-mchakrav-ab/moncia/oasis_3_bids/sub-OAS30573/ses-d0515/anat/sub-OAS30573_ses-d0515_T1w.nii.gz,2,0.5
OAS30574,d0918,2002-07-07,/project/rrg-mchakrav-ab/moncia/oasis_3_bids/sub-OAS30574/ses-d0918/anat/sub-OAS30574_ses-d0918_T1w.nii.gz,1,0.0
OAS30574,d1917,2005-04-01,/project/rrg-mchakrav-ab/moncia/oasis_3_bids/sub-OAS30574/ses-d1917/anat/sub-OAS30574_ses-d1917_T1w.nii.gz,1,0.0
OAS30575,d0115,2000-04-25,/project/rrg-mchakrav-ab/moncia/oasis_3_bids/sub-OAS30575/ses-d0115/anat/sub-OAS30575_ses-d0115_run-01_T1w.nii.gz,3,1.0
OAS30576,d0084,2000-03-25,/project/rrg-mchakrav-ab/moncia/oasis_3_bids/sub-OAS30576/ses-d0084/anat/sub-OAS30576_ses-d0084_run-01_T1w.nii.gz,2,0.5
OAS30577,d0067,2000-03-08,/project/rrg-mchakrav-ab/moncia/oasis_3_bids/sub-OAS30577/ses-d0067/anat/sub-OAS30577_ses-d0067_T1w.nii.gz,2,0.5
OAS30578,d0130,2000-05-10,/project/rrg-mchakrav-ab/moncia/oasis_3_bids/sub-OAS30578/ses-d0130/anat/sub-OAS30578_ses-d0130_T1w.nii.gz,2,0.5
OAS30579,d0112,2000-04-22,/project/rrg-mchakrav-ab/moncia/oasis_3_bids/sub-OAS30579/ses-d0112/anat/sub-OAS30579_ses-d0112_run-01_T1w.nii.gz,1,0.0
OAS30579,d1232,2003-05-17,/project/rrg-mchakrav-ab/moncia/oasis_3_bids/sub-OAS30579/ses-d1232/anat/sub-OAS30579_ses-d1232_T1w.nii.gz,1,0.0
OAS30579,d2400,2006-07-28,/project/rrg-mchakrav-ab/moncia/oasis_3_bids/sub-OAS30579/ses-d2400/anat/sub-OAS30579_ses-d2400_T1w.nii.gz,1,0.0
OAS30579,d3440,2009-06-02,/project/rrg-mchakrav-ab/moncia/oasis_3_bids/sub-OAS30579/ses-d3440/anat/sub-OAS30579_ses-d3440_run-01_T1w.nii.gz,1,0.0
OAS30580,d0032,2000-02-02,/project/rrg-mchakrav-ab/moncia/oasis_3_bids/sub-OAS30580/ses-d0032/anat/sub-OAS30580_ses-d0032_run-01_T1w.nii.gz,1,0.0
OAS30580,d1531,2004-03-11,/project/rrg-mchakrav-ab/moncia/oasis_3_bids/sub-OAS30580/ses-d1531/anat/sub-OAS30580_ses-d1531_T1w.nii.gz,1,0.0
OAS30580,d2664,2007-04-18,/project/rrg-mchakrav-ab/moncia/oasis_3_bids/sub-OAS30580/ses-d2664/anat/sub-OAS30580_ses-d2664_T1w.nii.gz,1,0.0
OAS30581,d0104,2000-04-14,/project/rrg-mchakrav-ab/moncia/oasis_3_bids/sub-OAS30581/ses-d0104/anat/sub-OAS30581_ses-d0104_run-01_T1w.nii.gz,1,0.0
OAS30581,d1374,2003-10-06,/project/rrg-mchakrav-ab/moncia/oasis_3_bids/sub-OAS30581/ses-d1374/anat/sub-OAS30581_ses-d1374_run-01_T1w.nii.gz,1,0.0
OAS30581,d3917,2010-09-22,/project/rrg-mchakrav-ab/moncia/oasis_3_bids/sub-OAS30581/ses-d3917/anat/sub-OAS30581_ses-d3917_T1w.nii.gz,1,0.0
OAS30582,d0153,2000-06-02,/project/rrg-mchakrav-ab/moncia/oasis_3_bids/sub-OAS30582/ses-d0153/anat/sub-OAS30582_ses-d0153_run-01_T1w.nii.gz,2,0.5
OAS30583,d0085,2000-03-26,/project/rrg-mchakrav-ab/moncia/oasis_3_bids/sub-OAS30583/ses-d0085/anat/sub-OAS30583_ses-d0085_run-01_T1w.nii.gz,2,0.5
OAS30584,d0096,2000-04-06,/project/rrg-mchakrav-ab/moncia/oasis_3_bids/sub-OAS30584/ses-d0096/anat/sub-OAS30584_ses-d0096_T1w.nii.gz,1,0.0
OAS30585,d0065,2000-03-06,/project/rrg-mchakrav-ab/moncia/oasis_3_bids/sub-OAS30585/ses-d0065/anat/sub-OAS30585_ses-d0065_T1w.nii.gz,1,0.0
OAS30586,d0070,2000-03-11,/project/rrg-mchakrav-ab/moncia/oasis_3_bids/sub-OAS30586/ses-d0070/anat/sub-OAS30586_ses-d0070_T1w.nii.gz,1,0.0
OAS30586,d0749,2002-01-19,/project/rrg-mchakrav-ab/moncia/oasis_3_bids/sub-OAS30586/ses-d0749/anat/sub-OAS30586_ses-d0749_T1w.nii.gz,1,0.0
OAS30586,d1149,2003-02-23,/project/rrg-mchakrav-ab/moncia/oasis_3_bids/sub-OAS30586/ses-d1149/anat/sub-OAS30586_ses-d1149_T1w.nii.gz,1,0.0
OAS30587,d4511,2012-05-08,/project/rrg-mchakrav-ab/moncia/oasis_3_bids/sub-OAS30587/ses-d4511/anat/sub-OAS30587_ses-d4511_T1w.nii.gz,3,1.0
OAS30588,d3591,2009-10-31,/project/rrg-mchakrav-ab/moncia/oasis_3_bids/sub-OAS30588/ses-d3591/anat/sub-OAS30588_ses-d3591_T1w.nii.gz,1,0.0
OAS30588,d4795,2013-02-16,/project/rrg-mchakrav-ab/moncia/oasis_3_bids/sub-OAS30588/ses-d4795/anat/sub-OAS30588_ses-d4795_T1w.nii.gz,1,0.0
OAS30588,d4796,2013-02-17,/project/rrg-mchakrav-ab/moncia/oasis_3_bids/sub-OAS30588/ses-d4796/anat/sub-OAS30588_ses-d4796_T1w.nii.gz,1,0.0
OAS30589,d0096,2000-04-06,/project/rrg-mchakrav-ab/moncia/oasis_3_bids/sub-OAS30589/ses-d0096/anat/sub-OAS30589_ses-d0096_run-01_T1w.nii.gz,1,0.0
OAS30589,d1525,2004-03-05,/project/rrg-mchakrav-ab/moncia/oasis_3_bids/sub-OAS30589/ses-d1525/anat/sub-OAS30589_ses-d1525_T1w.nii.gz,1,0.0
OAS30589,d2311,2006-04-30,/project/rrg-mchakrav-ab/moncia/oasis_3_bids/sub-OAS30589/ses-d2311/anat/sub-OAS30589_ses-d2311_T1w.nii.gz,1,0.0
OAS30590,d0085,2000-03-26,/project/rrg-mchakrav-ab/moncia/oasis_3_bids/sub-OAS30590/ses-d0085/anat/sub-OAS30590_ses-d0085_T1w.nii.gz,1,0.0
OAS30590,d0095,2000-04-05,/project/rrg-mchakrav-ab/moncia/oasis_3_bids/sub-OAS30590/ses-d0095/anat/sub-OAS30590_ses-d0095_T1w.nii.gz,1,0.0
OAS30591,d0403,2001-02-07,/project/rrg-mchakrav-ab/moncia/oasis_3_bids/sub-OAS30591/ses-d0403/anat/sub-OAS30591_ses-d0403_run-01_T1w.nii.gz,2,0.5
OAS30591,d0914,2002-07-03,/project/rrg-mchakrav-ab/moncia/oasis_3_bids/sub-OAS30591/ses-d0914/anat/sub-OAS30591_ses-d0914_run-01_T1w.nii.gz,2,0.5
OAS30592,d0087,2000-03-28,/project/rrg-mchakrav-ab/moncia/oasis_3_bids/sub-OAS30592/ses-d0087/anat/sub-OAS30592_ses-d0087_run-01_T1w.nii.gz,1,0.0
OAS30593,d4025,2011-01-08,/project/rrg-mchakrav-ab/moncia/oasis_3_bids/sub-OAS30593/ses-d4025/anat/sub-OAS30593_ses-d4025_T1w.nii.gz,2,0.5
OAS30594,d0066,2000-03-07,/project/rrg-mchakrav-ab/moncia/oasis_3_bids/sub-OAS30594/ses-d0066/anat/sub-OAS30594_ses-d0066_T1w.nii.gz,1,0.0
OAS30594,d1166,2003-03-12,/project/rrg-mchakrav-ab/moncia/oasis_3_bids/sub-OAS30594/ses-d1166/anat/sub-OAS30594_ses-d1166_T1w.nii.gz,1,0.0
OAS30595,d0084,2000-03-25,/project/rrg-mchakrav-ab/moncia/oasis_3_bids/sub-OAS30595/ses-d0084/anat/sub-OAS30595_ses-d0084_run-01_T1w.nii.gz,1,0.0
OAS30595,d0848,2002-04-28,/project/rrg-mchakrav-ab/moncia/oasis_3_bids/sub-OAS30595/ses-d0848/anat/sub-OAS30595_ses-d0848_run-01_T1w.nii.gz,1,0.0
OAS30596,d1759,2004-10-25,/project/rrg-mchakrav-ab/moncia/oasis_3_bids/sub-OAS30596/ses-d1759/anat/sub-OAS30596_ses-d1759_run-01_T1w.nii.gz,1,0.0
OAS30596,d2477,2006-10-13,/project/rrg-mchakrav-ab/moncia/oasis_3_bids/sub-OAS30596/ses-d2477/anat/sub-OAS30596_ses-d2477_T1w.nii.gz,1,0.0
OAS30597,d0234,2000-08-22,/project/rrg-mchakrav-ab/moncia/oasis_3_bids/sub-OAS30597/ses-d0234/anat/sub-OAS30597_ses-d0234_run-01_T1w.nii.gz,2,0.5
OAS30597,d1871,2005-02-14,/project/rrg-mchakrav-ab/moncia/oasis_3_bids/sub-OAS30597/ses-d1871/anat/sub-OAS30597_ses-d1871_T1w.nii.gz,2,0.5
OAS30597,d3137,2008-08-03,/project/rrg-mchakrav-ab/moncia/oasis_3_bids/sub-OAS30597/ses-d3137/anat/sub-OAS30597_ses-d3137_T1w.nii.gz,1,0.0
OAS30597,d4209,2011-07-11,/project/rrg-mchakrav-ab/moncia/oasis_3_bids/sub-OAS30597/ses-d4209/anat/sub-OAS30597_ses-d4209_T1w.nii.gz,1,0.0
OAS30598,d0069,2000-03-10,/project/rrg-mchakrav-ab/moncia/oasis_3_bids/sub-OAS30598/ses-d0069/anat/sub-OAS30598_ses-d0069_run-01_T1w.nii.gz,1,0.0
OAS30599,d0121,2000-05-01,/project/rrg-mchakrav-ab/moncia/oasis_3_bids/sub-OAS30599/ses-d0121/anat/sub-OAS30599_ses-d0121_T1w.nii.gz,2,0.5
OAS30600,d1176,2003-03-22,/project/rrg-mchakrav-ab/moncia/oasis_3_bids/sub-OAS30600/ses-d1176/anat/sub-OAS30600_ses-d1176_run-01_T1w.nii.gz,1,0.0
OAS30600,d3618,2009-11-27,/project/rrg-mchakrav-ab/moncia/oasis_3_bids/sub-OAS30600/ses-d3618/anat/sub-OAS30600_ses-d3618_T1w.nii.gz,1,0.0
OAS30601,d0111,2000-04-21,/project/rrg-mchakrav-ab/moncia/oasis_3_bids/sub-OAS30601/ses-d0111/anat/sub-OAS30601_ses-d0111_T1w.nii.gz,1,0.0
OAS30601,d1146,2003-02-20,/project/rrg-mchakrav-ab/moncia/oasis_3_bids/sub-OAS30601/ses-d1146/anat/sub-OAS30601_ses-d1146_T1w.nii.gz,1,0.0
OAS30601,d2372,2006-06-30,/project/rrg-mchakrav-ab/moncia/oasis_3_bids/sub-OAS30601/ses-d2372/anat/sub-OAS30601_ses-d2372_T1w.nii.gz,1,0.0
OAS30603,d0811,2002-03-22,/project/rrg-mchakrav-ab/moncia/oasis_3_bids/sub-OAS30603/ses-d0811/anat/sub-OAS30603_ses-d0811_T1w.nii.gz,1,0.0
OAS30603,d2253,2006-03-03,/project/rrg-mchakrav-ab/moncia/oasis_3_bids/sub-OAS30603/ses-d2253/anat/sub-OAS30603_ses-d2253_T1w.nii.gz,1,0.0
OAS30605,d0063,2000-03-04,/project/rrg-mchakrav-ab/moncia/oasis_3_bids/sub-OAS30605/ses-d0063/anat/sub-OAS30605_ses-d0063_run-01_T1w.nii.gz,2,0.5
OAS30606,d2822,2007-09-23,/project/rrg-mchakrav-ab/moncia/oasis_3_bids/sub-OAS30606/ses-d2822/anat/sub-OAS30606_ses-d2822_T1w.nii.gz,1,0.0
OAS30607,d0117,2000-04-27,/project/rrg-mchakrav-ab/moncia/oasis_3_bids/sub-OAS30607/ses-d0117/anat/sub-OAS30607_ses-d0117_T1w.nii.gz,1,0.0
OAS30608,d0722,2001-12-23,/project/rrg-mchakrav-ab/moncia/oasis_3_bids/sub-OAS30608/ses-d0722/anat/sub-OAS30608_ses-d0722_run-01_T1w.nii.gz,1,0.0
OAS30608,d1272,2003-06-26,/project/rrg-mchakrav-ab/moncia/oasis_3_bids/sub-OAS30608/ses-d1272/anat/sub-OAS30608_ses-d1272_run-01_T1w.nii.gz,1,0.0
OAS30608,d2527,2006-12-02,/project/rrg-mchakrav-ab/moncia/oasis_3_bids/sub-OAS30608/ses-d2527/anat/sub-OAS30608_ses-d2527_T1w.nii.gz,1,0.0
OAS30608,d3984,2010-11-28,/project/rrg-mchakrav-ab/moncia/oasis_3_bids/sub-OAS30608/ses-d3984/anat/sub-OAS30608_ses-d3984_T1w.nii.gz,1,0.0
OAS30608,d5006,2013-09-15,/project/rrg-mchakrav-ab/moncia/oasis_3_bids/sub-OAS30608/ses-d5006/anat/sub-OAS30608_ses-d5006_T1w.nii.gz,1,0.0
OAS30610,d0079,2000-03-20,/project/rrg-mchakrav-ab/moncia/oasis_3_bids/sub-OAS30610/ses-d0079/anat/sub-OAS30610_ses-d0079_run-01_T1w.nii.gz,3,1.0
OAS30612,d0039,2000-02-09,/project/rrg-mchakrav-ab/moncia/oasis_3_bids/sub-OAS30612/ses-d0039/anat/sub-OAS30612_ses-d0039_T1w.nii.gz,1,0.0
OAS30612,d1201,2003-04-16,/project/rrg-mchakrav-ab/moncia/oasis_3_bids/sub-OAS30612/ses-d1201/anat/sub-OAS30612_ses-d1201_T1w.nii.gz,2,0.5
OAS30612,d1792,2004-11-27,/project/rrg-mchakrav-ab/moncia/oasis_3_bids/sub-OAS30612/ses-d1792/anat/sub-OAS30612_ses-d1792_T1w.nii.gz,1,0.0
OAS30612,d2356,2006-06-14,/project/rrg-mchakrav-ab/moncia/oasis_3_bids/sub-OAS30612/ses-d2356/anat/sub-OAS30612_ses-d2356_T1w.nii.gz,1,0.0
OAS30613,d0042,2000-02-12,/project/rrg-mchakrav-ab/moncia/oasis_3_bids/sub-OAS30613/ses-d0042/anat/sub-OAS30613_ses-d0042_run-01_T1w.nii.gz,2,0.5
OAS30614,d1464,2004-01-04,/project/rrg-mchakrav-ab/moncia/oasis_3_bids/sub-OAS30614/ses-d1464/anat/sub-OAS30614_ses-d1464_run-01_T1w.nii.gz,1,0.0
OAS30614,d2872,2007-11-12,/project/rrg-mchakrav-ab/moncia/oasis_3_bids/sub-OAS30614/ses-d2872/anat/sub-OAS30614_ses-d2872_run-01_T1w.nii.gz,1,0.0
OAS30614,d4088,2011-03-12,/project/rrg-mchakrav-ab/moncia/oasis_3_bids/sub-OAS30614/ses-d4088/anat/sub-OAS30614_ses-d4088_T1w.nii.gz,2,0.5
OAS30615,d0191,2000-07-10,/project/rrg-mchakrav-ab/moncia/oasis_3_bids/sub-OAS30615/ses-d0191/anat/sub-OAS30615_ses-d0191_T1w.nii.gz,1,0.0
OAS30615,d0265,2000-09-22,/project/rrg-mchakrav-ab/moncia/oasis_3_bids/sub-OAS30615/ses-d0265/anat/sub-OAS30615_ses-d0265_run-01_T1w.nii.gz,1,0.0
OAS30615,d0925,2002-07-14,/project/rrg-mchakrav-ab/moncia/oasis_3_bids/sub-OAS30615/ses-d0925/anat/sub-OAS30615_ses-d0925_run-01_T1w.nii.gz,1,0.0
OAS30615,d2022,2005-07-15,/project/rrg-mchakrav-ab/moncia/oasis_3_bids/sub-OAS30615/ses-d2022/anat/sub-OAS30615_ses-d2022_T1w.nii.gz,1,0.0
OAS30617,d0073,2000-03-14,/project/rrg-mchakrav-ab/moncia/oasis_3_bids/sub-OAS30617/ses-d0073/anat/sub-OAS30617_ses-d0073_T1w.nii.gz,2,0.5
OAS30618,d0059,2000-02-29,/project/rrg-mchakrav-ab/moncia/oasis_3_bids/sub-OAS30618/ses-d0059/anat/sub-OAS30618_ses-d0059_T1w.nii.gz,2,0.5
OAS30619,d2640,2007-03-25,/project/rrg-mchakrav-ab/moncia/oasis_3_bids/sub-OAS30619/ses-d2640/anat/sub-OAS30619_ses-d2640_run-01_T1w.nii.gz,1,0.0
OAS30620,d1176,2003-03-22,/project/rrg-mchakrav-ab/moncia/oasis_3_bids/sub-OAS30620/ses-d1176/anat/sub-OAS30620_ses-d1176_T1w.nii.gz,1,0.0
OAS30620,d2211,2006-01-20,/project/rrg-mchakrav-ab/moncia/oasis_3_bids/sub-OAS30620/ses-d2211/anat/sub-OAS30620_ses-d2211_T1w.nii.gz,1,0.0
OAS30620,d3446,2009-06-08,/project/rrg-mchakrav-ab/moncia/oasis_3_bids/sub-OAS30620/ses-d3446/anat/sub-OAS30620_ses-d3446_run-01_T1w.nii.gz,1,0.0
OAS30622,d0179,2000-06-28,/project/rrg-mchakrav-ab/moncia/oasis_3_bids/sub-OAS30622/ses-d0179/anat/sub-OAS30622_ses-d0179_T1w.nii.gz,3,1.0
OAS30622,d0802,2002-03-13,/project/rrg-mchakrav-ab/moncia/oasis_3_bids/sub-OAS30622/ses-d0802/anat/sub-OAS30622_ses-d0802_T1w.nii.gz,3,1.0
OAS30623,d0054,2000-02-24,/project/rrg-mchakrav-ab/moncia/oasis_3_bids/sub-OAS30623/ses-d0054/anat/sub-OAS30623_ses-d0054_run-01_T1w.nii.gz,1,0.0
OAS30624,d0035,2000-02-05,/project/rrg-mchakrav-ab/moncia/oasis_3_bids/sub-OAS30624/ses-d0035/anat/sub-OAS30624_ses-d0035_run-01_T1w.nii.gz,1,0.0
OAS30624,d1643,2004-07-01,/project/rrg-mchakrav-ab/moncia/oasis_3_bids/sub-OAS30624/ses-d1643/anat/sub-OAS30624_ses-d1643_T1w.nii.gz,1,0.0
OAS30624,d2896,2007-12-06,/project/rrg-mchakrav-ab/moncia/oasis_3_bids/sub-OAS30624/ses-d2896/anat/sub-OAS30624_ses-d2896_T1w.nii.gz,1,0.0
OAS30625,d0033,2000-02-03,/project/rrg-mchakrav-ab/moncia/oasis_3_bids/sub-OAS30625/ses-d0033/anat/sub-OAS30625_ses-d0033_T1w.nii.gz,1,0.0
OAS30625,d1154,2003-02-28,/project/rrg-mchakrav-ab/moncia/oasis_3_bids/sub-OAS30625/ses-d1154/anat/sub-OAS30625_ses-d1154_T1w.nii.gz,1,0.0
OAS30626,d1213,2003-04-28,/project/rrg-mchakrav-ab/moncia/oasis_3_bids/sub-OAS30626/ses-d1213/anat/sub-OAS30626_ses-d1213_run-01_T1w.nii.gz,1,0.0
OAS30628,d0464,2001-04-09,/project/rrg-mchakrav-ab/moncia/oasis_3_bids/sub-OAS30628/ses-d0464/anat/sub-OAS30628_ses-d0464_T1w.nii.gz,1,0.0
OAS30630,d0133,2000-05-13,/project/rrg-mchakrav-ab/moncia/oasis_3_bids/sub-OAS30630/ses-d0133/anat/sub-OAS30630_ses-d0133_T1w.nii.gz,2,0.5
OAS30631,d0000,2000-01-01,/project/rrg-mchakrav-ab/moncia/oasis_3_bids/sub-OAS30631/ses-d0000/anat/sub-OAS30631_ses-d0000_run-01_T1w.nii.gz,1,0.0
OAS30632,d0106,2000-04-16,/project/rrg-mchakrav-ab/moncia/oasis_3_bids/sub-OAS30632/ses-d0106/anat/sub-OAS30632_ses-d0106_T1w.nii.gz,1,0.0
OAS30632,d1800,2004-12-05,/project/rrg-mchakrav-ab/moncia/oasis_3_bids/sub-OAS30632/ses-d1800/anat/sub-OAS30632_ses-d1800_T1w.nii.gz,1,0.0
OAS30632,d3040,2008-04-28,/project/rrg-mchakrav-ab/moncia/oasis_3_bids/sub-OAS30632/ses-d3040/anat/sub-OAS30632_ses-d3040_T1w.nii.gz,1,0.0
OAS30633,d0111,2000-04-21,/project/rrg-mchakrav-ab/moncia/oasis_3_bids/sub-OAS30633/ses-d0111/anat/sub-OAS30633_ses-d0111_run-01_T1w.nii.gz,1,0.0
OAS30633,d2223,2006-02-01,/project/rrg-mchakrav-ab/moncia/oasis_3_bids/sub-OAS30633/ses-d2223/anat/sub-OAS30633_ses-d2223_T1w.nii.gz,1,0.0
OAS30634,d0066,2000-03-07,/project/rrg-mchakrav-ab/moncia/oasis_3_bids/sub-OAS30634/ses-d0066/anat/sub-OAS30634_ses-d0066_T1w.nii.gz,1,0.0
OAS30635,d0022,2000-01-23,/project/rrg-mchakrav-ab/moncia/oasis_3_bids/sub-OAS30635/ses-d0022/anat/sub-OAS30635_ses-d0022_T1w.nii.gz,1,0.0
OAS30635,d0544,2001-06-28,/project/rrg-mchakrav-ab/moncia/oasis_3_bids/sub-OAS30635/ses-d0544/anat/sub-OAS30635_ses-d0544_T1w.nii.gz,1,0.0
OAS30635,d1533,2004-03-13,/project/rrg-mchakrav-ab/moncia/oasis_3_bids/sub-OAS30635/ses-d1533/anat/sub-OAS30635_ses-d1533_T1w.nii.gz,1,0.0
OAS30636,d0056,2000-02-26,/project/rrg-mchakrav-ab/moncia/oasis_3_bids/sub-OAS30636/ses-d0056/anat/sub-OAS30636_ses-d0056_T1w.nii.gz,1,0.0
OAS30636,d1199,2003-04-14,/project/rrg-mchakrav-ab/moncia/oasis_3_bids/sub-OAS30636/ses-d1199/anat/sub-OAS30636_ses-d1199_T1w.nii.gz,1,0.0
OAS30636,d2289,2006-04-08,/project/rrg-mchakrav-ab/moncia/oasis_3_bids/sub-OAS30636/ses-d2289/anat/sub-OAS30636_ses-d2289_T1w.nii.gz,1,0.0
OAS30637,d0079,2000-03-20,/project/rrg-mchakrav-ab/moncia/oasis_3_bids/sub-OAS30637/ses-d0079/anat/sub-OAS30637_ses-d0079_T1w.nii.gz,1,0.0
OAS30637,d1185,2003-03-31,/project/rrg-mchakrav-ab/moncia/oasis_3_bids/sub-OAS30637/ses-d1185/anat/sub-OAS30637_ses-d1185_T1w.nii.gz,1,0.0
OAS30637,d1186,2003-04-01,/project/rrg-mchakrav-ab/moncia/oasis_3_bids/sub-OAS30637/ses-d1186/anat/sub-OAS30637_ses-d1186_T1w.nii.gz,1,0.0
OAS30638,d0071,2000-03-12,/project/rrg-mchakrav-ab/moncia/oasis_3_bids/sub-OAS30638/ses-d0071/anat/sub-OAS30638_ses-d0071_T1w.nii.gz,1,0.0
OAS30638,d0072,2000-03-13,/project/rrg-mchakrav-ab/moncia/oasis_3_bids/sub-OAS30638/ses-d0072/anat/sub-OAS30638_ses-d0072_T1w.nii.gz,1,0.0
OAS30641,d0585,2001-08-08,/project/rrg-mchakrav-ab/moncia/oasis_3_bids/sub-OAS30641/ses-d0585/anat/sub-OAS30641_ses-d0585_run-01_T1w.nii.gz,2,0.5
OAS30642,d0154,2000-06-03,/project/rrg-mchakrav-ab/moncia/oasis_3_bids/sub-OAS30642/ses-d0154/anat/sub-OAS30642_ses-d0154_run-01_T1w.nii.gz,1,0.0
OAS30643,d0280,2000-10-07,/project/rrg-mchakrav-ab/moncia/oasis_3_bids/sub-OAS30643/ses-d0280/anat/sub-OAS30643_ses-d0280_run-01_T1w.nii.gz,1,0.0
OAS30643,d0893,2002-06-12,/project/rrg-mchakrav-ab/moncia/oasis_3_bids/sub-OAS30643/ses-d0893/anat/sub-OAS30643_ses-d0893_T1w.nii.gz,1,0.0
OAS30643,d2334,2006-05-23,/project/rrg-mchakrav-ab/moncia/oasis_3_bids/sub-OAS30643/ses-d2334/anat/sub-OAS30643_ses-d2334_T1w.nii.gz,1,0.0
OAS30643,d3084,2008-06-11,/project/rrg-mchakrav-ab/moncia/oasis_3_bids/sub-OAS30643/ses-d3084/anat/sub-OAS30643_ses-d3084_T1w.nii.gz,1,0.0
OAS30643,d3301,2009-01-14,/project/rrg-mchakrav-ab/moncia/oasis_3_bids/sub-OAS30643/ses-d3301/anat/sub-OAS30643_ses-d3301_acq-hippocampus_run-01_T1w.nii.gz,1,0.0
OAS30644,d0136,2000-05-16,/project/rrg-mchakrav-ab/moncia/oasis_3_bids/sub-OAS30644/ses-d0136/anat/sub-OAS30644_ses-d0136_T1w.nii.gz,1,0.0
OAS30646,d0062,2000-03-03,/project/rrg-mchakrav-ab/moncia/oasis_3_bids/sub-OAS30646/ses-d0062/anat/sub-OAS30646_ses-d0062_run-01_T1w.nii.gz,3,1.0
OAS30647,d1286,2003-07-10,/project/rrg-mchakrav-ab/moncia/oasis_3_bids/sub-OAS30647/ses-d1286/anat/sub-OAS30647_ses-d1286_T1w.nii.gz,1,0.0
OAS30647,d2394,2006-07-22,/project/rrg-mchakrav-ab/moncia/oasis_3_bids/sub-OAS30647/ses-d2394/anat/sub-OAS30647_ses-d2394_T1w.nii.gz,1,0.0
OAS30648,d0127,2000-05-07,/project/rrg-mchakrav-ab/moncia/oasis_3_bids/sub-OAS30648/ses-d0127/anat/sub-OAS30648_ses-d0127_T1w.nii.gz,2,0.5
OAS30649,d0098,2000-04-08,/project/rrg-mchakrav-ab/moncia/oasis_3_bids/sub-OAS30649/ses-d0098/anat/sub-OAS30649_ses-d0098_run-01_T1w.nii.gz,2,0.5
OAS30650,d1879,2005-02-22,/project/rrg-mchakrav-ab/moncia/oasis_3_bids/sub-OAS30650/ses-d1879/anat/sub-OAS30650_ses-d1879_run-01_T1w.nii.gz,3,1.0
OAS30651,d0253,2000-09-10,/project/rrg-mchakrav-ab/moncia/oasis_3_bids/sub-OAS30651/ses-d0253/anat/sub-OAS30651_ses-d0253_run-01_T1w.nii.gz,1,0.0
OAS30651,d1833,2005-01-07,/project/rrg-mchakrav-ab/moncia/oasis_3_bids/sub-OAS30651/ses-d1833/anat/sub-OAS30651_ses-d1833_T1w.nii.gz,1,0.0
OAS30651,d1847,2005-01-21,/project/rrg-mchakrav-ab/moncia/oasis_3_bids/sub-OAS30651/ses-d1847/anat/sub-OAS30651_ses-d1847_T1w.nii.gz,1,0.0
OAS30651,d3150,2008-08-16,/project/rrg-mchakrav-ab/moncia/oasis_3_bids/sub-OAS30651/ses-d3150/anat/sub-OAS30651_ses-d3150_T1w.nii.gz,1,0.0
OAS30652,d0778,2002-02-17,/project/rrg-mchakrav-ab/moncia/oasis_3_bids/sub-OAS30652/ses-d0778/anat/sub-OAS30652_ses-d0778_run-01_T1w.nii.gz,1,0.0
OAS30652,d1366,2003-09-28,/project/rrg-mchakrav-ab/moncia/oasis_3_bids/sub-OAS30652/ses-d1366/anat/sub-OAS30652_ses-d1366_run-01_T1w.nii.gz,1,0.0
OAS30653,d0102,2000-04-12,/project/rrg-mchakrav-ab/moncia/oasis_3_bids/sub-OAS30653/ses-d0102/anat/sub-OAS30653_ses-d0102_run-01_T1w.nii.gz,2,0.5
OAS30654,d0079,2000-03-20,/project/rrg-mchakrav-ab/moncia/oasis_3_bids/sub-OAS30654/ses-d0079/anat/sub-OAS30654_ses-d0079_run-01_T1w.nii.gz,1,0.0
OAS30655,d0092,2000-04-02,/project/rrg-mchakrav-ab/moncia/oasis_3_bids/sub-OAS30655/ses-d0092/anat/sub-OAS30655_ses-d0092_T1w.nii.gz,3,1.0
OAS30656,d1638,2004-06-26,/project/rrg-mchakrav-ab/moncia/oasis_3_bids/sub-OAS30656/ses-d1638/anat/sub-OAS30656_ses-d1638_T1w.nii.gz,1,0.0
OAS30656,d2737,2007-06-30,/project/rrg-mchakrav-ab/moncia/oasis_3_bids/sub-OAS30656/ses-d2737/anat/sub-OAS30656_ses-d2737_T1w.nii.gz,1,0.0
OAS30657,d0072,2000-03-13,/project/rrg-mchakrav-ab/moncia/oasis_3_bids/sub-OAS30657/ses-d0072/anat/sub-OAS30657_ses-d0072_run-01_T1w.nii.gz,1,0.0
OAS30659,d0410,2001-02-14,/project/rrg-mchakrav-ab/moncia/oasis_3_bids/sub-OAS30659/ses-d0410/anat/sub-OAS30659_ses-d0410_T1w.nii.gz,1,0.0
OAS30659,d1668,2004-07-26,/project/rrg-mchakrav-ab/moncia/oasis_3_bids/sub-OAS30659/ses-d1668/anat/sub-OAS30659_ses-d1668_T1w.nii.gz,1,0.0
OAS30660,d0087,2000-03-28,/project/rrg-mchakrav-ab/moncia/oasis_3_bids/sub-OAS30660/ses-d0087/anat/sub-OAS30660_ses-d0087_run-01_T1w.nii.gz,1,0.0
OAS30660,d3464,2009-06-26,/project/rrg-mchakrav-ab/moncia/oasis_3_bids/sub-OAS30660/ses-d3464/anat/sub-OAS30660_ses-d3464_T1w.nii.gz,1,0.0
OAS30660,d4468,2012-03-26,/project/rrg-mchakrav-ab/moncia/oasis_3_bids/sub-OAS30660/ses-d4468/anat/sub-OAS30660_ses-d4468_T1w.nii.gz,1,0.0
OAS30661,d0057,2000-02-27,/project/rrg-mchakrav-ab/moncia/oasis_3_bids/sub-OAS30661/ses-d0057/anat/sub-OAS30661_ses-d0057_T1w.nii.gz,3,1.0
OAS30662,d1483,2004-01-23,/project/rrg-mchakrav-ab/moncia/oasis_3_bids/sub-OAS30662/ses-d1483/anat/sub-OAS30662_ses-d1483_run-01_T1w.nii.gz,1,0.0
OAS30662,d2080,2005-09-11,/project/rrg-mchakrav-ab/moncia/oasis_3_bids/sub-OAS30662/ses-d2080/anat/sub-OAS30662_ses-d2080_run-01_T1w.nii.gz,1,0.0
OAS30662,d3095,2008-06-22,/project/rrg-mchakrav-ab/moncia/oasis_3_bids/sub-OAS30662/ses-d3095/anat/sub-OAS30662_ses-d3095_run-01_T1w.nii.gz,1,0.0
OAS30663,d0051,2000-02-21,/project/rrg-mchakrav-ab/moncia/oasis_3_bids/sub-OAS30663/ses-d0051/anat/sub-OAS30663_ses-d0051_T1w.nii.gz,1,0.0
OAS30664,d0226,2000-08-14,/project/rrg-mchakrav-ab/moncia/oasis_3_bids/sub-OAS30664/ses-d0226/anat/sub-OAS30664_ses-d0226_run-01_T1w.nii.gz,1,0.0
OAS30664,d3557,2009-09-27,/project/rrg-mchakrav-ab/moncia/oasis_3_bids/sub-OAS30664/ses-d3557/anat/sub-OAS30664_ses-d3557_T1w.nii.gz,1,0.0
OAS30665,d4735,2012-12-18,/project/rrg-mchakrav-ab/moncia/oasis_3_bids/sub-OAS30665/ses-d4735/anat/sub-OAS30665_ses-d4735_T1w.nii.gz,2,0.5
OAS30667,d0108,2000-04-18,/project/rrg-mchakrav-ab/moncia/oasis_3_bids/sub-OAS30667/ses-d0108/anat/sub-OAS30667_ses-d0108_T1w.nii.gz,2,0.5
OAS30667,d0115,2000-04-25,/project/rrg-mchakrav-ab/moncia/oasis_3_bids/sub-OAS30667/ses-d0115/anat/sub-OAS30667_ses-d0115_run-01_T1w.nii.gz,2,0.5
OAS30667,d0502,2001-05-17,/project/rrg-mchakrav-ab/moncia/oasis_3_bids/sub-OAS30667/ses-d0502/anat/sub-OAS30667_ses-d0502_T1w.nii.gz,1,0.0
OAS30667,d0888,2002-06-07,/project/rrg-mchakrav-ab/moncia/oasis_3_bids/sub-OAS30667/ses-d0888/anat/sub-OAS30667_ses-d0888_T1w.nii.gz,1,0.0
OAS30668,d1153,2003-02-27,/project/rrg-mchakrav-ab/moncia/oasis_3_bids/sub-OAS30668/ses-d1153/anat/sub-OAS30668_ses-d1153_run-01_T1w.nii.gz,1,0.0
OAS30668,d2432,2006-08-29,/project/rrg-mchakrav-ab/moncia/oasis_3_bids/sub-OAS30668/ses-d2432/anat/sub-OAS30668_ses-d2432_T1w.nii.gz,1,0.0
OAS30668,d3574,2009-10-14,/project/rrg-mchakrav-ab/moncia/oasis_3_bids/sub-OAS30668/ses-d3574/anat/sub-OAS30668_ses-d3574_T1w.nii.gz,1,0.0
OAS30669,d3919,2010-09-24,/project/rrg-mchakrav-ab/moncia/oasis_3_bids/sub-OAS30669/ses-d3919/anat/sub-OAS30669_ses-d3919_run-01_T1w.nii.gz,2,0.5
OAS30670,d0083,2000-03-24,/project/rrg-mchakrav-ab/moncia/oasis_3_bids/sub-OAS30670/ses-d0083/anat/sub-OAS30670_ses-d0083_T1w.nii.gz,1,0.0
OAS30671,d0267,2000-09-24,/project/rrg-mchakrav-ab/moncia/oasis_3_bids/sub-OAS30671/ses-d0267/anat/sub-OAS30671_ses-d0267_run-01_T1w.nii.gz,1,0.0
OAS30671,d1122,2003-01-27,/project/rrg-mchakrav-ab/moncia/oasis_3_bids/sub-OAS30671/ses-d1122/anat/sub-OAS30671_ses-d1122_run-01_T1w.nii.gz,1,0.0
OAS30671,d2486,2006-10-22,/project/rrg-mchakrav-ab/moncia/oasis_3_bids/sub-OAS30671/ses-d2486/anat/sub-OAS30671_ses-d2486_T1w.nii.gz,1,0.0
OAS30671,d3613,2009-11-22,/project/rrg-mchakrav-ab/moncia/oasis_3_bids/sub-OAS30671/ses-d3613/anat/sub-OAS30671_ses-d3613_T1w.nii.gz,1,0.0
OAS30672,d0107,2000-04-17,/project/rrg-mchakrav-ab/moncia/oasis_3_bids/sub-OAS30672/ses-d0107/anat/sub-OAS30672_ses-d0107_run-01_T1w.nii.gz,2,0.5
OAS30672,d0966,2002-08-24,/project/rrg-mchakrav-ab/moncia/oasis_3_bids/sub-OAS30672/ses-d0966/anat/sub-OAS30672_ses-d0966_T1w.nii.gz,2,0.5
OAS30673,d0043,2000-02-13,/project/rrg-mchakrav-ab/moncia/oasis_3_bids/sub-OAS30673/ses-d0043/anat/sub-OAS30673_ses-d0043_T1w.nii.gz,1,0.0
OAS30673,d1135,2003-02-09,/project/rrg-mchakrav-ab/moncia/oasis_3_bids/sub-OAS30673/ses-d1135/anat/sub-OAS30673_ses-d1135_run-01_T1w.nii.gz,1,0.0
OAS30673,d3803,2010-05-31,/project/rrg-mchakrav-ab/moncia/oasis_3_bids/sub-OAS30673/ses-d3803/anat/sub-OAS30673_ses-d3803_T1w.nii.gz,1,0.0
OAS30674,d1782,2004-11-17,/project/rrg-mchakrav-ab/moncia/oasis_3_bids/sub-OAS30674/ses-d1782/anat/sub-OAS30674_ses-d1782_run-01_T1w.nii.gz,1,0.0
OAS30675,d7433,2020-05-08,/project/rrg-mchakrav-ab/moncia/oasis_3_bids/sub-OAS30675/ses-d7433/anat/sub-OAS30675_ses-d7433_run-01_T1w.nii.gz,1,0.0
OAS30675,d8548,2023-05-28,/project/rrg-mchakrav-ab/moncia/oasis_3_bids/sub-OAS30675/ses-d8548/anat/sub-OAS30675_ses-d8548_run-01_T1w.nii.gz,1,0.0
OAS30675,d9297,2025-06-15,/project/rrg-mchakrav-ab/moncia/oasis_3_bids/sub-OAS30675/ses-d9297/anat/sub-OAS30675_ses-d9297_run-01_T1w.nii.gz,1,0.0
OAS30676,d2186,2005-12-26,/project/rrg-mchakrav-ab/moncia/oasis_3_bids/sub-OAS30676/ses-d2186/anat/sub-OAS30676_ses-d2186_run-01_T1w.nii.gz,1,0.0
OAS30676,d3567,2009-10-07,/project/rrg-mchakrav-ab/moncia/oasis_3_bids/sub-OAS30676/ses-d3567/anat/sub-OAS30676_ses-d3567_T1w.nii.gz,1,0.0
OAS30676,d3577,2009-10-17,/project/rrg-mchakrav-ab/moncia/oasis_3_bids/sub-OAS30676/ses-d3577/anat/sub-OAS30676_ses-d3577_T1w.nii.gz,1,0.0
OAS30677,d0000,2000-01-01,/project/rrg-mchakrav-ab/moncia/oasis_3_bids/sub-OAS30677/ses-d0000/anat/sub-OAS30677_ses-d0000_T1w.nii.gz,1,0.0
OAS30678,d0093,2000-04-03,/project/rrg-mchakrav-ab/moncia/oasis_3_bids/sub-OAS30678/ses-d0093/anat/sub-OAS30678_ses-d0093_run-01_T1w.nii.gz,3,1.0
OAS30679,d0091,2000-04-01,/project/rrg-mchakrav-ab/moncia/oasis_3_bids/sub-OAS30679/ses-d0091/anat/sub-OAS30679_ses-d0091_T1w.nii.gz,1,0.0
OAS30679,d1249,2003-06-03,/project/rrg-mchakrav-ab/moncia/oasis_3_bids/sub-OAS30679/ses-d1249/anat/sub-OAS30679_ses-d1249_T1w.nii.gz,1,0.0
OAS30680,d6255,2017-02-15,/project/rrg-mchakrav-ab/moncia/oasis_3_bids/sub-OAS30680/ses-d6255/anat/sub-OAS30680_ses-d6255_T1w.nii.gz,1,0.0
OAS30681,d0141,2000-05-21,/project/rrg-mchakrav-ab/moncia/oasis_3_bids/sub-OAS30681/ses-d0141/anat/sub-OAS30681_ses-d0141_T1w.nii.gz,1,0.0
OAS30681,d0154,2000-06-03,/project/rrg-mchakrav-ab/moncia/oasis_3_bids/sub-OAS30681/ses-d0154/anat/sub-OAS30681_ses-d0154_T1w.nii.gz,1,0.0
OAS30682,d0465,2001-04-10,/project/rrg-mchakrav-ab/moncia/oasis_3_bids/sub-OAS30682/ses-d0465/anat/sub-OAS30682_ses-d0465_run-01_T1w.nii.gz,3,1.0
OAS30683,d0037,2000-02-07,/project/rrg-mchakrav-ab/moncia/oasis_3_bids/sub-OAS30683/ses-d0037/anat/sub-OAS30683_ses-d0037_T1w.nii.gz,1,0.0
OAS30683,d0051,2000-02-21,/project/rrg-mchakrav-ab/moncia/oasis_3_bids/sub-OAS30683/ses-d0051/anat/sub-OAS30683_ses-d0051_run-01_T1w.nii.gz,1,0.0
OAS30683,d0528,2001-06-12,/project/rrg-mchakrav-ab/moncia/oasis_3_bids/sub-OAS30683/ses-d0528/anat/sub-OAS30683_ses-d0528_T1w.nii.gz,1,0.0
OAS30685,d0032,2000-02-02,/project/rrg-mchakrav-ab/moncia/oasis_3_bids/sub-OAS30685/ses-d0032/anat/sub-OAS30685_ses-d0032_T1w.nii.gz,1,0.0
OAS30685,d1552,2004-04-01,/project/rrg-mchakrav-ab/moncia/oasis_3_bids/sub-OAS30685/ses-d1552/anat/sub-OAS30685_ses-d1552_T1w.nii.gz,1,0.0
OAS30686,d0030,2000-01-31,/project/rrg-mchakrav-ab/moncia/oasis_3_bids/sub-OAS30686/ses-d0030/anat/sub-OAS30686_ses-d0030_T1w.nii.gz,2,0.5
OAS30687,d0064,2000-03-05,/project/rrg-mchakrav-ab/moncia/oasis_3_bids/sub-OAS30687/ses-d0064/anat/sub-OAS30687_ses-d0064_run-01_T1w.nii.gz,1,0.0
OAS30687,d0541,2001-06-25,/project/rrg-mchakrav-ab/moncia/oasis_3_bids/sub-OAS30687/ses-d0541/anat/sub-OAS30687_ses-d0541_run-01_T1w.nii.gz,2,0.5
OAS30688,d0120,2000-04-30,/project/rrg-mchakrav-ab/moncia/oasis_3_bids/sub-OAS30688/ses-d0120/anat/sub-OAS30688_ses-d0120_run-01_T1w.nii.gz,1,0.0
OAS30688,d0672,2001-11-03,/project/rrg-mchakrav-ab/moncia/oasis_3_bids/sub-OAS30688/ses-d0672/anat/sub-OAS30688_ses-d0672_run-01_T1w.nii.gz,1,0.0
OAS30688,d2394,2006-07-22,/project/rrg-mchakrav-ab/moncia/oasis_3_bids/sub-OAS30688/ses-d2394/anat/sub-OAS30688_ses-d2394_T1w.nii.gz,1,0.0
OAS30688,d3465,2009-06-27,/project/rrg-mchakrav-ab/moncia/oasis_3_bids/sub-OAS30688/ses-d3465/anat/sub-OAS30688_ses-d3465_T1w.nii.gz,1,0.0
OAS30688,d4604,2012-08-09,/project/rrg-mchakrav-ab/moncia/oasis_3_bids/sub-OAS30688/ses-d4604/anat/sub-OAS30688_ses-d4604_T1w.nii.gz,1,0.0
OAS30689,d2082,2005-09-13,/project/rrg-mchakrav-ab/moncia/oasis_3_bids/sub-OAS30689/ses-d2082/anat/sub-OAS30689_ses-d2082_run-01_T1w.nii.gz,1,0.0
OAS30690,d0042,2000-02-12,/project/rrg-mchakrav-ab/moncia/oasis_3_bids/sub-OAS30690/ses-d0042/anat/sub-OAS30690_ses-d0042_T1w.nii.gz,1,0.0
OAS30690,d1427,2003-11-28,/project/rrg-mchakrav-ab/moncia/oasis_3_bids/sub-OAS30690/ses-d1427/anat/sub-OAS30690_ses-d1427_T1w.nii.gz,1,0.0
OAS30691,d0056,2000-02-26,/project/rrg-mchakrav-ab/moncia/oasis_3_bids/sub-OAS30691/ses-d0056/anat/sub-OAS30691_ses-d0056_T1w.nii.gz,1,0.0
OAS30692,d2407,2006-08-04,/project/rrg-mchakrav-ab/moncia/oasis_3_bids/sub-OAS30692/ses-d2407/anat/sub-OAS30692_ses-d2407_run-01_T1w.nii.gz,2,0.5
OAS30693,d0032,2000-02-02,/project/rrg-mchakrav-ab/moncia/oasis_3_bids/sub-OAS30693/ses-d0032/anat/sub-OAS30693_ses-d0032_run-01_T1w.nii.gz,1,0.0
OAS30694,d0180,2000-06-29,/project/rrg-mchakrav-ab/moncia/oasis_3_bids/sub-OAS30694/ses-d0180/anat/sub-OAS30694_ses-d0180_T1w.nii.gz,1,0.0
OAS30695,d0104,2000-04-14,/project/rrg-mchakrav-ab/moncia/oasis_3_bids/sub-OAS30695/ses-d0104/anat/sub-OAS30695_ses-d0104_T1w.nii.gz,1,0.0
OAS30698,d0975,2002-09-02,/project/rrg-mchakrav-ab/moncia/oasis_3_bids/sub-OAS30698/ses-d0975/anat/sub-OAS30698_ses-d0975_run-01_T1w.nii.gz,1,0.0
OAS30698,d1553,2004-04-02,/project/rrg-mchakrav-ab/moncia/oasis_3_bids/sub-OAS30698/ses-d1553/anat/sub-OAS30698_ses-d1553_run-01_T1w.nii.gz,1,0.0
OAS30699,d0108,2000-04-18,/project/rrg-mchakrav-ab/moncia/oasis_3_bids/sub-OAS30699/ses-d0108/anat/sub-OAS30699_ses-d0108_run-01_T1w.nii.gz,1,0.0
OAS30699,d3846,2010-07-13,/project/rrg-mchakrav-ab/moncia/oasis_3_bids/sub-OAS30699/ses-d3846/anat/sub-OAS30699_ses-d3846_T1w.nii.gz,1,0.0
OAS30699,d5530,2015-02-21,/project/rrg-mchakrav-ab/moncia/oasis_3_bids/sub-OAS30699/ses-d5530/anat/sub-OAS30699_ses-d5530_T1w.nii.gz,1,0.0
OAS30700,d2243,2006-02-21,/project/rrg-mchakrav-ab/moncia/oasis_3_bids/sub-OAS30700/ses-d2243/anat/sub-OAS30700_ses-d2243_run-01_T1w.nii.gz,1,0.0
OAS30700,d3380,2009-04-03,/project/rrg-mchakrav-ab/moncia/oasis_3_bids/sub-OAS30700/ses-d3380/anat/sub-OAS30700_ses-d3380_run-01_T1w.nii.gz,2,0.5
OAS30701,d0054,2000-02-24,/project/rrg-mchakrav-ab/moncia/oasis_3_bids/sub-OAS30701/ses-d0054/anat/sub-OAS30701_ses-d0054_run-01_T1w.nii.gz,1,0.0
OAS30701,d1333,2003-08-26,/project/rrg-mchakrav-ab/moncia/oasis_3_bids/sub-OAS30701/ses-d1333/anat/sub-OAS30701_ses-d1333_T1w.nii.gz,1,0.0
OAS30701,d2371,2006-06-29,/project/rrg-mchakrav-ab/moncia/oasis_3_bids/sub-OAS30701/ses-d2371/anat/sub-OAS30701_ses-d2371_T1w.nii.gz,1,0.0
OAS30701,d3293,2009-01-06,/project/rrg-mchakrav-ab/moncia/oasis_3_bids/sub-OAS30701/ses-d3293/anat/sub-OAS30701_ses-d3293_T1w.nii.gz,1,0.0
OAS30702,d0084,2000-03-25,/project/rrg-mchakrav-ab/moncia/oasis_3_bids/sub-OAS30702/ses-d0084/anat/sub-OAS30702_ses-d0084_run-01_T1w.nii.gz,2,0.5
OAS30703,d0076,2000-03-17,/project/rrg-mchakrav-ab/moncia/oasis_3_bids/sub-OAS30703/ses-d0076/anat/sub-OAS30703_ses-d0076_run-01_T1w.nii.gz,1,0.0
OAS30703,d1120,2003-01-25,/project/rrg-mchakrav-ab/moncia/oasis_3_bids/sub-OAS30703/ses-d1120/anat/sub-OAS30703_ses-d1120_run-01_T1w.nii.gz,1,0.0
OAS30704,d0584,2001-08-07,/project/rrg-mchakrav-ab/moncia/oasis_3_bids/sub-OAS30704/ses-d0584/anat/sub-OAS30704_ses-d0584_run-01_T1w.nii.gz,1,0.0
OAS30705,d0070,2000-03-11,/project/rrg-mchakrav-ab/moncia/oasis_3_bids/sub-OAS30705/ses-d0070/anat/sub-OAS30705_ses-d0070_T1w.nii.gz,2,0.5
OAS30705,d2185,2005-12-25,/project/rrg-mchakrav-ab/moncia/oasis_3_bids/sub-OAS30705/ses-d2185/anat/sub-OAS30705_ses-d2185_T1w.nii.gz,3,1.0
OAS30706,d0060,2000-03-01,/project/rrg-mchakrav-ab/moncia/oasis_3_bids/sub-OAS30706/ses-d0060/anat/sub-OAS30706_ses-d0060_T1w.nii.gz,1,0.0
OAS30706,d1228,2003-05-13,/project/rrg-mchakrav-ab/moncia/oasis_3_bids/sub-OAS30706/ses-d1228/anat/sub-OAS30706_ses-d1228_T1w.nii.gz,1,0.0
OAS30707,d0453,2001-03-29,/project/rrg-mchakrav-ab/moncia/oasis_3_bids/sub-OAS30707/ses-d0453/anat/sub-OAS30707_ses-d0453_run-01_T1w.nii.gz,1,0.0
OAS30708,d0071,2000-03-12,/project/rrg-mchakrav-ab/moncia/oasis_3_bids/sub-OAS30708/ses-d0071/anat/sub-OAS30708_ses-d0071_T1w.nii.gz,1,0.0
OAS30709,d0026,2000-01-27,/project/rrg-mchakrav-ab/moncia/oasis_3_bids/sub-OAS30709/ses-d0026/anat/sub-OAS30709_ses-d0026_run-01_T1w.nii.gz,1,0.0
OAS30709,d1365,2003-09-27,/project/rrg-mchakrav-ab/moncia/oasis_3_bids/sub-OAS30709/ses-d1365/anat/sub-OAS30709_ses-d1365_run-01_T1w.nii.gz,1,0.0
OAS30710,d0058,2000-02-28,/project/rrg-mchakrav-ab/moncia/oasis_3_bids/sub-OAS30710/ses-d0058/anat/sub-OAS30710_ses-d0058_run-01_T1w.nii.gz,1,0.0
OAS30710,d1179,2003-03-25,/project/rrg-mchakrav-ab/moncia/oasis_3_bids/sub-OAS30710/ses-d1179/anat/sub-OAS30710_ses-d1179_T1w.nii.gz,1,0.0
OAS30710,d2323,2006-05-12,/project/rrg-mchakrav-ab/moncia/oasis_3_bids/sub-OAS30710/ses-d2323/anat/sub-OAS30710_ses-d2323_T1w.nii.gz,1,0.0
OAS30710,d3609,2009-11-18,/project/rrg-mchakrav-ab/moncia/oasis_3_bids/sub-OAS30710/ses-d3609/anat/sub-OAS30710_ses-d3609_T1w.nii.gz,1,0.0
OAS30711,d2521,2006-11-26,/project/rrg-mchakrav-ab/moncia/oasis_3_bids/sub-OAS30711/ses-d2521/anat/sub-OAS30711_ses-d2521_T1w.nii.gz,1,0.0
OAS30713,d0095,2000-04-05,/project/rrg-mchakrav-ab/moncia/oasis_3_bids/sub-OAS30713/ses-d0095/anat/sub-OAS30713_ses-d0095_run-01_T1w.nii.gz,1,0.0
OAS30713,d1692,2004-08-19,/project/rrg-mchakrav-ab/moncia/oasis_3_bids/sub-OAS30713/ses-d1692/anat/sub-OAS30713_ses-d1692_T1w.nii.gz,1,0.0
OAS30713,d2308,2006-04-27,/project/rrg-mchakrav-ab/moncia/oasis_3_bids/sub-OAS30713/ses-d2308/anat/sub-OAS30713_ses-d2308_T1w.nii.gz,1,0.0
OAS30713,d4047,2011-01-30,/project/rrg-mchakrav-ab/moncia/oasis_3_bids/sub-OAS30713/ses-d4047/anat/sub-OAS30713_ses-d4047_T1w.nii.gz,2,0.5
OAS30715,d0060,2000-03-01,/project/rrg-mchakrav-ab/moncia/oasis_3_bids/sub-OAS30715/ses-d0060/anat/sub-OAS30715_ses-d0060_T1w.nii.gz,1,0.0
OAS30715,d0061,2000-03-02,/project/rrg-mchakrav-ab/moncia/oasis_3_bids/sub-OAS30715/ses-d0061/anat/sub-OAS30715_ses-d0061_T1w.nii.gz,1,0.0
OAS30715,d1230,2003-05-15,/project/rrg-mchakrav-ab/moncia/oasis_3_bids/sub-OAS30715/ses-d1230/anat/sub-OAS30715_ses-d1230_T1w.nii.gz,1,0.0
OAS30715,d2444,2006-09-10,/project/rrg-mchakrav-ab/moncia/oasis_3_bids/sub-OAS30715/ses-d2444/anat/sub-OAS30715_ses-d2444_T1w.nii.gz,1,0.0
OAS30716,d0037,2000-02-07,/project/rrg-mchakrav-ab/moncia/oasis_3_bids/sub-OAS30716/ses-d0037/anat/sub-OAS30716_ses-d0037_T1w.nii.gz,1,0.0
OAS30717,d0039,2000-02-09,/project/rrg-mchakrav-ab/moncia/oasis_3_bids/sub-OAS30717/ses-d0039/anat/sub-OAS30717_ses-d0039_run-01_T1w.nii.gz,1,0.0
OAS30717,d2476,2006-10-12,/project/rrg-mchakrav-ab/moncia/oasis_3_bids/sub-OAS30717/ses-d2476/anat/sub-OAS30717_ses-d2476_T1w.nii.gz,2,0.5
OAS30718,d5999,2016-06-04,/project/rrg-mchakrav-ab/moncia/oasis_3_bids/sub-OAS30718/ses-d5999/anat/sub-OAS30718_ses-d5999_run-01_T1w.nii.gz,1,0.0
OAS30718,d7409,2020-04-14,/project/rrg-mchakrav-ab/moncia/oasis_3_bids/sub-OAS30718/ses-d7409/anat/sub-OAS30718_ses-d7409_run-01_T1w.nii.gz,1,0.0
OAS30719,d1166,2003-03-12,/project/rrg-mchakrav-ab/moncia/oasis_3_bids/sub-OAS30719/ses-d1166/anat/sub-OAS30719_ses-d1166_run-01_T1w.nii.gz,1,0.0
OAS30720,d0069,2000-03-10,/project/rrg-mchakrav-ab/moncia/oasis_3_bids/sub-OAS30720/ses-d0069/anat/sub-OAS30720_ses-d0069_run-01_T1w.nii.gz,3,1.0
OAS30720,d0566,2001-07-20,/project/rrg-mchakrav-ab/moncia/oasis_3_bids/sub-OAS30720/ses-d0566/anat/sub-OAS30720_ses-d0566_run-01_T1w.nii.gz,2,0.5
OAS30720,d1570,2004-04-19,/project/rrg-mchakrav-ab/moncia/oasis_3_bids/sub-OAS30720/ses-d1570/anat/sub-OAS30720_ses-d1570_run-01_T1w.nii.gz,2,0.5
OAS30720,d2715,2007-06-08,/project/rrg-mchakrav-ab/moncia/oasis_3_bids/sub-OAS30720/ses-d2715/anat/sub-OAS30720_ses-d2715_T1w.nii.gz,3,1.0
OAS30720,d4213,2011-07-15,/project/rrg-mchakrav-ab/moncia/oasis_3_bids/sub-OAS30720/ses-d4213/anat/sub-OAS30720_ses-d4213_T1w.nii.gz,3,1.0
OAS30721,d0062,2000-03-03,/project/rrg-mchakrav-ab/moncia/oasis_3_bids/sub-OAS30721/ses-d0062/anat/sub-OAS30721_ses-d0062_T1w.nii.gz,1,0.0
OAS30721,d0396,2001-01-31,/project/rrg-mchakrav-ab/moncia/oasis_3_bids/sub-OAS30721/ses-d0396/anat/sub-OAS30721_ses-d0396_T1w.nii.gz,1,0.0
OAS30722,d0049,2000-02-19,/project/rrg-mchakrav-ab/moncia/oasis_3_bids/sub-OAS30722/ses-d0049/anat/sub-OAS30722_ses-d0049_T1w.nii.gz,1,0.0
OAS30722,d1162,2003-03-08,/project/rrg-mchakrav-ab/moncia/oasis_3_bids/sub-OAS30722/ses-d1162/anat/sub-OAS30722_ses-d1162_T1w.nii.gz,1,0.0
OAS30723,d0042,2000-02-12,/project/rrg-mchakrav-ab/moncia/oasis_3_bids/sub-OAS30723/ses-d0042/anat/sub-OAS30723_ses-d0042_run-01_T1w.nii.gz,1,0.0
OAS30723,d1179,2003-03-25,/project/rrg-mchakrav-ab/moncia/oasis_3_bids/sub-OAS30723/ses-d1179/anat/sub-OAS30723_ses-d1179_T1w.nii.gz,1,0.0
OAS30723,d2278,2006-03-28,/project/rrg-mchakrav-ab/moncia/oasis_3_bids/sub-OAS30723/ses-d2278/anat/sub-OAS30723_ses-d2278_T1w.nii.gz,1,0.0
OAS30723,d2568,2007-01-12,/project/rrg-mchakrav-ab/moncia/oasis_3_bids/sub-OAS30723/ses-d2568/anat/sub-OAS30723_ses-d2568_run-01_T1w.nii.gz,1,0.0
OAS30724,d2228,2006-02-06,/project/rrg-mchakrav-ab/moncia/oasis_3_bids/sub-OAS30724/ses-d2228/anat/sub-OAS30724_ses-d2228_run-01_T1w.nii.gz,1,0.0
OAS30725,d0160,2000-06-09,/project/rrg-mchakrav-ab/moncia/oasis_3_bids/sub-OAS30725/ses-d0160/anat/sub-OAS30725_ses-d0160_run-01_T1w.nii.gz,1,0.0
OAS30725,d1182,2003-03-28,/project/rrg-mchakrav-ab/moncia/oasis_3_bids/sub-OAS30725/ses-d1182/anat/sub-OAS30725_ses-d1182_run-01_T1w.nii.gz,1,0.0
OAS30725,d2453,2006-09-19,/project/rrg-mchakrav-ab/moncia/oasis_3_bids/sub-OAS30725/ses-d2453/anat/sub-OAS30725_ses-d2453_T1w.nii.gz,1,0.0
OAS30725,d2456,2006-09-22,/project/rrg-mchakrav-ab/moncia/oasis_3_bids/sub-OAS30725/ses-d2456/anat/sub-OAS30725_ses-d2456_T1w.nii.gz,1,0.0
OAS30725,d3121,2008-07-18,/project/rrg-mchakrav-ab/moncia/oasis_3_bids/sub-OAS30725/ses-d3121/anat/sub-OAS30725_ses-d3121_T1w.nii.gz,1,0.0
OAS30726,d0061,2000-03-02,/project/rrg-mchakrav-ab/moncia/oasis_3_bids/sub-OAS30726/ses-d0061/anat/sub-OAS30726_ses-d0061_T1w.nii.gz,1,0.0
OAS30726,d0558,2001-07-12,/project/rrg-mchakrav-ab/moncia/oasis_3_bids/sub-OAS30726/ses-d0558/anat/sub-OAS30726_ses-d0558_T1w.nii.gz,1,0.0
OAS30727,d0126,2000-05-06,/project/rrg-mchakrav-ab/moncia/oasis_3_bids/sub-OAS30727/ses-d0126/anat/sub-OAS30727_ses-d0126_run-01_T1w.nii.gz,1,0.0
OAS30727,d1208,2003-04-23,/project/rrg-mchakrav-ab/moncia/oasis_3_bids/sub-OAS30727/ses-d1208/anat/sub-OAS30727_ses-d1208_T1w.nii.gz,1,0.0
OAS30728,d0516,2001-05-31,/project/rrg-mchakrav-ab/moncia/oasis_3_bids/sub-OAS30728/ses-d0516/anat/sub-OAS30728_ses-d0516_T1w.nii.gz,1,0.0
OAS30729,d3628,2009-12-07,/project/rrg-mchakrav-ab/moncia/oasis_3_bids/sub-OAS30729/ses-d3628/anat/sub-OAS30729_ses-d3628_run-01_T1w.nii.gz,1,0.0
OAS30729,d4384,2012-01-02,/project/rrg-mchakrav-ab/moncia/oasis_3_bids/sub-OAS30729/ses-d4384/anat/sub-OAS30729_ses-d4384_run-01_T1w.nii.gz,1,0.0
OAS30729,d6253,2017-02-13,/project/rrg-mchakrav-ab/moncia/oasis_3_bids/sub-OAS30729/ses-d6253/anat/sub-OAS30729_ses-d6253_T1w.nii.gz,1,0.0
OAS30729,d7577,2020-09-29,/project/rrg-mchakrav-ab/moncia/oasis_3_bids/sub-OAS30729/ses-d7577/anat/sub-OAS30729_ses-d7577_T1w.nii.gz,1,0.0
OAS30729,d7578,2020-09-30,/project/rrg-mchakrav-ab/moncia/oasis_3_bids/sub-OAS30729/ses-d7578/anat/sub-OAS30729_ses-d7578_T1w.nii.gz,1,0.0
OAS30730,d0075,2000-03-16,/project/rrg-mchakrav-ab/moncia/oasis_3_bids/sub-OAS30730/ses-d0075/anat/sub-OAS30730_ses-d0075_T1w.nii.gz,1,0.0
OAS30731,d0044,2000-02-14,/project/rrg-mchakrav-ab/moncia/oasis_3_bids/sub-OAS30731/ses-d0044/anat/sub-OAS30731_ses-d0044_run-01_T1w.nii.gz,1,0.0
OAS30731,d1148,2003-02-22,/project/rrg-mchakrav-ab/moncia/oasis_3_bids/sub-OAS30731/ses-d1148/anat/sub-OAS30731_ses-d1148_T1w.nii.gz,1,0.0
OAS30731,d2254,2006-03-04,/project/rrg-mchakrav-ab/moncia/oasis_3_bids/sub-OAS30731/ses-d2254/anat/sub-OAS30731_ses-d2254_T1w.nii.gz,1,0.0
OAS30732,d0074,2000-03-15,/project/rrg-mchakrav-ab/moncia/oasis_3_bids/sub-OAS30732/ses-d0074/anat/sub-OAS30732_ses-d0074_T1w.nii.gz,2,0.5
OAS30733,d3393,2009-04-16,/project/rrg-mchakrav-ab/moncia/oasis_3_bids/sub-OAS30733/ses-d3393/anat/sub-OAS30733_ses-d3393_T1w.nii.gz,1,0.0
OAS30733,d4997,2013-09-06,/project/rrg-mchakrav-ab/moncia/oasis_3_bids/sub-OAS30733/ses-d4997/anat/sub-OAS30733_ses-d4997_T1w.nii.gz,1,0.0
OAS30734,d0097,2000-04-07,/project/rrg-mchakrav-ab/moncia/oasis_3_bids/sub-OAS30734/ses-d0097/anat/sub-OAS30734_ses-d0097_run-01_T1w.nii.gz,2,0.5
OAS30734,d0857,2002-05-07,/project/rrg-mchakrav-ab/moncia/oasis_3_bids/sub-OAS30734/ses-d0857/anat/sub-OAS30734_ses-d0857_run-01_T1w.nii.gz,2,0.5
OAS30735,d1119,2003-01-24,/project/rrg-mchakrav-ab/moncia/oasis_3_bids/sub-OAS30735/ses-d1119/anat/sub-OAS30735_ses-d1119_run-01_T1w.nii.gz,1,0.0
OAS30735,d2484,2006-10-20,/project/rrg-mchakrav-ab/moncia/oasis_3_bids/sub-OAS30735/ses-d2484/anat/sub-OAS30735_ses-d2484_T1w.nii.gz,1,0.0
OAS30737,d0035,2000-02-05,/project/rrg-mchakrav-ab/moncia/oasis_3_bids/sub-OAS30737/ses-d0035/anat/sub-OAS30737_ses-d0035_run-01_T1w.nii.gz,1,0.0
OAS30737,d1137,2003-02-11,/project/rrg-mchakrav-ab/moncia/oasis_3_bids/sub-OAS30737/ses-d1137/anat/sub-OAS30737_ses-d1137_T1w.nii.gz,1,0.0
OAS30739,d0051,2000-02-21,/project/rrg-mchakrav-ab/moncia/oasis_3_bids/sub-OAS30739/ses-d0051/anat/sub-OAS30739_ses-d0051_T1w.nii.gz,1,0.0
OAS30739,d1394,2003-10-26,/project/rrg-mchakrav-ab/moncia/oasis_3_bids/sub-OAS30739/ses-d1394/anat/sub-OAS30739_ses-d1394_T1w.nii.gz,1,0.0
OAS30740,d0069,2000-03-10,/project/rrg-mchakrav-ab/moncia/oasis_3_bids/sub-OAS30740/ses-d0069/anat/sub-OAS30740_ses-d0069_run-01_T1w.nii.gz,3,1.0
OAS30741,d3184,2008-09-19,/project/rrg-mchakrav-ab/moncia/oasis_3_bids/sub-OAS30741/ses-d3184/anat/sub-OAS30741_ses-d3184_T1w.nii.gz,2,0.5
OAS30742,d0058,2000-02-28,/project/rrg-mchakrav-ab/moncia/oasis_3_bids/sub-OAS30742/ses-d0058/anat/sub-OAS30742_ses-d0058_run-01_T1w.nii.gz,1,0.0
OAS30742,d3387,2009-04-10,/project/rrg-mchakrav-ab/moncia/oasis_3_bids/sub-OAS30742/ses-d3387/anat/sub-OAS30742_ses-d3387_T1w.nii.gz,1,0.0
OAS30742,d3401,2009-04-24,/project/rrg-mchakrav-ab/moncia/oasis_3_bids/sub-OAS30742/ses-d3401/anat/sub-OAS30742_ses-d3401_T1w.nii.gz,1,0.0
OAS30742,d3619,2009-11-28,/project/rrg-mchakrav-ab/moncia/oasis_3_bids/sub-OAS30742/ses-d3619/anat/sub-OAS30742_ses-d3619_T1w.nii.gz,1,0.0
OAS30742,d3766,2010-04-24,/project/rrg-mchakrav-ab/moncia/oasis_3_bids/sub-OAS30742/ses-d3766/anat/sub-OAS30742_ses-d3766_T1w.nii.gz,1,0.0
OAS30742,d4551,2012-06-17,/project/rrg-mchakrav-ab/moncia/oasis_3_bids/sub-OAS30742/ses-d4551/anat/sub-OAS30742_ses-d4551_T1w.nii.gz,1,0.0
OAS30742,d5655,2015-06-26,/project/rrg-mchakrav-ab/moncia/oasis_3_bids/sub-OAS30742/ses-d5655/anat/sub-OAS30742_ses-d5655_T1w.nii.gz,1,0.0
OAS30743,d0051,2000-02-21,/project/rrg-mchakrav-ab/moncia/oasis_3_bids/sub-OAS30743/ses-d0051/anat/sub-OAS30743_ses-d0051_run-01_T1w.nii.gz,1,0.0
OAS30743,d0645,2001-10-07,/project/rrg-mchakrav-ab/moncia/oasis_3_bids/sub-OAS30743/ses-d0645/anat/sub-OAS30743_ses-d0645_run-01_T1w.nii.gz,1,0.0
OAS30743,d2309,2006-04-28,/project/rrg-mchakrav-ab/moncia/oasis_3_bids/sub-OAS30743/ses-d2309/anat/sub-OAS30743_ses-d2309_T1w.nii.gz,1,0.0
OAS30744,d0063,2000-03-04,/project/rrg-mchakrav-ab/moncia/oasis_3_bids/sub-OAS30744/ses-d0063/anat/sub-OAS30744_ses-d0063_run-01_T1w.nii.gz,2,0.5
OAS30744,d1429,2003-11-30,/project/rrg-mchakrav-ab/moncia/oasis_3_bids/sub-OAS30744/ses-d1429/anat/sub-OAS30744_ses-d1429_T1w.nii.gz,2,0.5
OAS30745,d2651,2007-04-05,/project/rrg-mchakrav-ab/moncia/oasis_3_bids/sub-OAS30745/ses-d2651/anat/sub-OAS30745_ses-d2651_run-01_T1w.nii.gz,2,0.5
OAS30745,d2863,2007-11-03,/project/rrg-mchakrav-ab/moncia/oasis_3_bids/sub-OAS30745/ses-d2863/anat/sub-OAS30745_ses-d2863_run-01_T1w.nii.gz,1,0.0
OAS30745,d4282,2011-09-22,/project/rrg-mchakrav-ab/moncia/oasis_3_bids/sub-OAS30745/ses-d4282/anat/sub-OAS30745_ses-d4282_T1w.nii.gz,2,0.5
OAS30746,d0035,2000-02-05,/project/rrg-mchakrav-ab/moncia/oasis_3_bids/sub-OAS30746/ses-d0035/anat/sub-OAS30746_ses-d0035_T1w.nii.gz,1,0.0
OAS30747,d3140,2008-08-06,/project/rrg-mchakrav-ab/moncia/oasis_3_bids/sub-OAS30747/ses-d3140/anat/sub-OAS30747_ses-d3140_T1w.nii.gz,1,0.0
OAS30748,d3268,2008-12-12,/project/rrg-mchakrav-ab/moncia/oasis_3_bids/sub-OAS30748/ses-d3268/anat/sub-OAS30748_ses-d3268_T1w.nii.gz,1,0.0
OAS30749,d0046,2000-02-16,/project/rrg-mchakrav-ab/moncia/oasis_3_bids/sub-OAS30749/ses-d0046/anat/sub-OAS30749_ses-d0046_run-01_T1w.nii.gz,1,0.0
OAS30749,d1157,2003-03-03,/project/rrg-mchakrav-ab/moncia/oasis_3_bids/sub-OAS30749/ses-d1157/anat/sub-OAS30749_ses-d1157_T1w.nii.gz,1,0.0
OAS30749,d1996,2005-06-19,/project/rrg-mchakrav-ab/moncia/oasis_3_bids/sub-OAS30749/ses-d1996/anat/sub-OAS30749_ses-d1996_T1w.nii.gz,1,0.0
OAS30750,d0376,2001-01-11,/project/rrg-mchakrav-ab/moncia/oasis_3_bids/sub-OAS30750/ses-d0376/anat/sub-OAS30750_ses-d0376_run-01_T1w.nii.gz,1,0.0
OAS30750,d0894,2002-06-13,/project/rrg-mchakrav-ab/moncia/oasis_3_bids/sub-OAS30750/ses-d0894/anat/sub-OAS30750_ses-d0894_run-01_T1w.nii.gz,1,0.0
OAS30750,d2309,2006-04-28,/project/rrg-mchakrav-ab/moncia/oasis_3_bids/sub-OAS30750/ses-d2309/anat/sub-OAS30750_ses-d2309_T1w.nii.gz,1,0.0
OAS30750,d2350,2006-06-08,/project/rrg-mchakrav-ab/moncia/oasis_3_bids/sub-OAS30750/ses-d2350/anat/sub-OAS30750_ses-d2350_T1w.nii.gz,1,0.0
OAS30750,d3459,2009-06-21,/project/rrg-mchakrav-ab/moncia/oasis_3_bids/sub-OAS30750/ses-d3459/anat/sub-OAS30750_ses-d3459_T1w.nii.gz,1,0.0
OAS30750,d3754,2010-04-12,/project/rrg-mchakrav-ab/moncia/oasis_3_bids/sub-OAS30750/ses-d3754/anat/sub-OAS30750_ses-d3754_T1w.nii.gz,1,0.0
OAS30751,d0063,2000-03-04,/project/rrg-mchakrav-ab/moncia/oasis_3_bids/sub-OAS30751/ses-d0063/anat/sub-OAS30751_ses-d0063_T1w.nii.gz,2,0.5
OAS30752,d0608,2001-08-31,/project/rrg-mchakrav-ab/moncia/oasis_3_bids/sub-OAS30752/ses-d0608/anat/sub-OAS30752_ses-d0608_run-01_T1w.nii.gz,3,1.0
OAS30754,d0019,2000-01-20,/project/rrg-mchakrav-ab/moncia/oasis_3_bids/sub-OAS30754/ses-d0019/anat/sub-OAS30754_ses-d0019_run-01_T1w.nii.gz,1,0.0
OAS30754,d1341,2003-09-03,/project/rrg-mchakrav-ab/moncia/oasis_3_bids/sub-OAS30754/ses-d1341/anat/sub-OAS30754_ses-d1341_T1w.nii.gz,1,0.0
OAS30754,d2462,2006-09-28,/project/rrg-mchakrav-ab/moncia/oasis_3_bids/sub-OAS30754/ses-d2462/anat/sub-OAS30754_ses-d2462_T1w.nii.gz,1,0.0
OAS30755,d0063,2000-03-04,/project/rrg-mchakrav-ab/moncia/oasis_3_bids/sub-OAS30755/ses-d0063/anat/sub-OAS30755_ses-d0063_run-01_T1w.nii.gz,1,0.0
OAS30755,d1540,2004-03-20,/project/rrg-mchakrav-ab/moncia/oasis_3_bids/sub-OAS30755/ses-d1540/anat/sub-OAS30755_ses-d1540_T1w.nii.gz,1,0.0
OAS30755,d2318,2006-05-07,/project/rrg-mchakrav-ab/moncia/oasis_3_bids/sub-OAS30755/ses-d2318/anat/sub-OAS30755_ses-d2318_T1w.nii.gz,1,0.0
OAS30755,d2442,2006-09-08,/project/rrg-mchakrav-ab/moncia/oasis_3_bids/sub-OAS30755/ses-d2442/anat/sub-OAS30755_ses-d2442_T1w.nii.gz,1,0.0
OAS30755,d3410,2009-05-03,/project/rrg-mchakrav-ab/moncia/oasis_3_bids/sub-OAS30755/ses-d3410/anat/sub-OAS30755_ses-d3410_T1w.nii.gz,1,0.0
OAS30755,d4360,2011-12-09,/project/rrg-mchakrav-ab/moncia/oasis_3_bids/sub-OAS30755/ses-d4360/anat/sub-OAS30755_ses-d4360_T1w.nii.gz,1,0.0
OAS30756,d0014,2000-01-15,/project/rrg-mchakrav-ab/moncia/oasis_3_bids/sub-OAS30756/ses-d0014/anat/sub-OAS30756_ses-d0014_T1w.nii.gz,1,0.0
OAS30756,d0022,2000-01-23,/project/rrg-mchakrav-ab/moncia/oasis_3_bids/sub-OAS30756/ses-d0022/anat/sub-OAS30756_ses-d0022_run-01_T1w.nii.gz,1,0.0
OAS30756,d1267,2003-06-21,/project/rrg-mchakrav-ab/moncia/oasis_3_bids/sub-OAS30756/ses-d1267/anat/sub-OAS30756_ses-d1267_T1w.nii.gz,1,0.0
OAS30756,d2464,2006-09-30,/project/rrg-mchakrav-ab/moncia/oasis_3_bids/sub-OAS30756/ses-d2464/anat/sub-OAS30756_ses-d2464_T1w.nii.gz,1,0.0
OAS30757,d2279,2006-03-29,/project/rrg-mchakrav-ab/moncia/oasis_3_bids/sub-OAS30757/ses-d2279/anat/sub-OAS30757_ses-d2279_T1w.nii.gz,1,0.0
OAS30757,d2649,2007-04-03,/project/rrg-mchakrav-ab/moncia/oasis_3_bids/sub-OAS30757/ses-d2649/anat/sub-OAS30757_ses-d2649_T1w.nii.gz,1,0.0
OAS30758,d0007,2000-01-08,/project/rrg-mchakrav-ab/moncia/oasis_3_bids/sub-OAS30758/ses-d0007/anat/sub-OAS30758_ses-d0007_T1w.nii.gz,3,1.0
OAS30759,d0063,2000-03-04,/project/rrg-mchakrav-ab/moncia/oasis_3_bids/sub-OAS30759/ses-d0063/anat/sub-OAS30759_ses-d0063_T1w.nii.gz,1,0.0
OAS30759,d1408,2003-11-09,/project/rrg-mchakrav-ab/moncia/oasis_3_bids/sub-OAS30759/ses-d1408/anat/sub-OAS30759_ses-d1408_T1w.nii.gz,1,0.0
OAS30759,d1442,2003-12-13,/project/rrg-mchakrav-ab/moncia/oasis_3_bids/sub-OAS30759/ses-d1442/anat/sub-OAS30759_ses-d1442_T1w.nii.gz,1,0.0
OAS30760,d3837,2010-07-04,/project/rrg-mchakrav-ab/moncia/oasis_3_bids/sub-OAS30760/ses-d3837/anat/sub-OAS30760_ses-d3837_run-01_T1w.nii.gz,1,0.0
OAS30761,d0099,2000-04-09,/project/rrg-mchakrav-ab/moncia/oasis_3_bids/sub-OAS30761/ses-d0099/anat/sub-OAS30761_ses-d0099_run-01_T1w.nii.gz,2,0.5
OAS30762,d0043,2000-02-13,/project/rrg-mchakrav-ab/moncia/oasis_3_bids/sub-OAS30762/ses-d0043/anat/sub-OAS30762_ses-d0043_T1w.nii.gz,1,0.0
OAS30762,d1002,2002-09-29,/project/rrg-mchakrav-ab/moncia/oasis_3_bids/sub-OAS30762/ses-d1002/anat/sub-OAS30762_ses-d1002_T1w.nii.gz,1,0.0
OAS30762,d2359,2006-06-17,/project/rrg-mchakrav-ab/moncia/oasis_3_bids/sub-OAS30762/ses-d2359/anat/sub-OAS30762_ses-d2359_T1w.nii.gz,1,0.0
OAS30763,d0112,2000-04-22,/project/rrg-mchakrav-ab/moncia/oasis_3_bids/sub-OAS30763/ses-d0112/anat/sub-OAS30763_ses-d0112_run-01_T1w.nii.gz,3,1.0
OAS30764,d0055,2000-02-25,/project/rrg-mchakrav-ab/moncia/oasis_3_bids/sub-OAS30764/ses-d0055/anat/sub-OAS30764_ses-d0055_T1w.nii.gz,1,0.0
OAS30765,d0089,2000-03-30,/project/rrg-mchakrav-ab/moncia/oasis_3_bids/sub-OAS30765/ses-d0089/anat/sub-OAS30765_ses-d0089_run-01_T1w.nii.gz,1,0.0
OAS30765,d0890,2002-06-09,/project/rrg-mchakrav-ab/moncia/oasis_3_bids/sub-OAS30765/ses-d0890/anat/sub-OAS30765_ses-d0890_run-01_T1w.nii.gz,1,0.0
OAS30765,d2798,2007-08-30,/project/rrg-mchakrav-ab/moncia/oasis_3_bids/sub-OAS30765/ses-d2798/anat/sub-OAS30765_ses-d2798_T1w.nii.gz,1,0.0
OAS30766,d0147,2000-05-27,/project/rrg-mchakrav-ab/moncia/oasis_3_bids/sub-OAS30766/ses-d0147/anat/sub-OAS30766_ses-d0147_T1w.nii.gz,1,0.0
OAS30766,d1169,2003-03-15,/project/rrg-mchakrav-ab/moncia/oasis_3_bids/sub-OAS30766/ses-d1169/anat/sub-OAS30766_ses-d1169_T1w.nii.gz,1,0.0
OAS30767,d0065,2000-03-06,/project/rrg-mchakrav-ab/moncia/oasis_3_bids/sub-OAS30767/ses-d0065/anat/sub-OAS30767_ses-d0065_T1w.nii.gz,1,0.0
OAS30767,d0948,2002-08-06,/project/rrg-mchakrav-ab/moncia/oasis_3_bids/sub-OAS30767/ses-d0948/anat/sub-OAS30767_ses-d0948_run-01_T1w.nii.gz,1,0.0
OAS30768,d0024,2000-01-25,/project/rrg-mchakrav-ab/moncia/oasis_3_bids/sub-OAS30768/ses-d0024/anat/sub-OAS30768_ses-d0024_run-01_T1w.nii.gz,1,0.0
OAS30768,d0887,2002-06-06,/project/rrg-mchakrav-ab/moncia/oasis_3_bids/sub-OAS30768/ses-d0887/anat/sub-OAS30768_ses-d0887_T1w.nii.gz,1,0.0
OAS30768,d2337,2006-05-26,/project/rrg-mchakrav-ab/moncia/oasis_3_bids/sub-OAS30768/ses-d2337/anat/sub-OAS30768_ses-d2337_T1w.nii.gz,1,0.0
OAS30769,d0039,2000-02-09,/project/rrg-mchakrav-ab/moncia/oasis_3_bids/sub-OAS30769/ses-d0039/anat/sub-OAS30769_ses-d0039_run-01_T1w.nii.gz,1,0.0
OAS30769,d1547,2004-03-27,/project/rrg-mchakrav-ab/moncia/oasis_3_bids/sub-OAS30769/ses-d1547/anat/sub-OAS30769_ses-d1547_run-01_T1w.nii.gz,1,0.0
OAS30769,d1554,2004-04-03,/project/rrg-mchakrav-ab/moncia/oasis_3_bids/sub-OAS30769/ses-d1554/anat/sub-OAS30769_ses-d1554_T1w.nii.gz,1,0.0
OAS30769,d2231,2006-02-09,/project/rrg-mchakrav-ab/moncia/oasis_3_bids/sub-OAS30769/ses-d2231/anat/sub-OAS30769_ses-d2231_T1w.nii.gz,1,0.0
OAS30769,d3319,2009-02-01,/project/rrg-mchakrav-ab/moncia/oasis_3_bids/sub-OAS30769/ses-d3319/anat/sub-OAS30769_ses-d3319_T1w.nii.gz,1,0.0
OAS30770,d0255,2000-09-12,/project/rrg-mchakrav-ab/moncia/oasis_3_bids/sub-OAS30770/ses-d0255/anat/sub-OAS30770_ses-d0255_run-01_T1w.nii.gz,1,0.0
OAS30770,d1201,2003-04-16,/project/rrg-mchakrav-ab/moncia/oasis_3_bids/sub-OAS30770/ses-d1201/anat/sub-OAS30770_ses-d1201_T1w.nii.gz,1,0.0
OAS30770,d1210,2003-04-25,/project/rrg-mchakrav-ab/moncia/oasis_3_bids/sub-OAS30770/ses-d1210/anat/sub-OAS30770_ses-d1210_run-01_T1w.nii.gz,1,0.0
OAS30770,d2131,2005-11-01,/project/rrg-mchakrav-ab/moncia/oasis_3_bids/sub-OAS30770/ses-d2131/anat/sub-OAS30770_ses-d2131_T1w.nii.gz,1,0.0
OAS30770,d3532,2009-09-02,/project/rrg-mchakrav-ab/moncia/oasis_3_bids/sub-OAS30770/ses-d3532/anat/sub-OAS30770_ses-d3532_T1w.nii.gz,1,0.0
OAS30773,d0044,2000-02-14,/project/rrg-mchakrav-ab/moncia/oasis_3_bids/sub-OAS30773/ses-d0044/anat/sub-OAS30773_ses-d0044_T1w.nii.gz,3,2.0
OAS30775,d0329,2000-11-25,/project/rrg-mchakrav-ab/moncia/oasis_3_bids/sub-OAS30775/ses-d0329/anat/sub-OAS30775_ses-d0329_run-01_T1w.nii.gz,1,0.0
OAS30775,d0999,2002-09-26,/project/rrg-mchakrav-ab/moncia/oasis_3_bids/sub-OAS30775/ses-d0999/anat/sub-OAS30775_ses-d0999_run-01_T1w.nii.gz,1,0.0
OAS30775,d2381,2006-07-09,/project/rrg-mchakrav-ab/moncia/oasis_3_bids/sub-OAS30775/ses-d2381/anat/sub-OAS30775_ses-d2381_T1w.nii.gz,1,0.0
OAS30775,d2395,2006-07-23,/project/rrg-mchakrav-ab/moncia/oasis_3_bids/sub-OAS30775/ses-d2395/anat/sub-OAS30775_ses-d2395_T1w.nii.gz,1,0.0
OAS30775,d2893,2007-12-03,/project/rrg-mchakrav-ab/moncia/oasis_3_bids/sub-OAS30775/ses-d2893/anat/sub-OAS30775_ses-d2893_T1w.nii.gz,1,0.0
OAS30775,d3017,2008-04-05,/project/rrg-mchakrav-ab/moncia/oasis_3_bids/sub-OAS30775/ses-d3017/anat/sub-OAS30775_ses-d3017_T1w.nii.gz,1,0.0
OAS30775,d4558,2012-06-24,/project/rrg-mchakrav-ab/moncia/oasis_3_bids/sub-OAS30775/ses-d4558/anat/sub-OAS30775_ses-d4558_T1w.nii.gz,3,1.0
OAS30776,d0308,2000-11-04,/project/rrg-mchakrav-ab/moncia/oasis_3_bids/sub-OAS30776/ses-d0308/anat/sub-OAS30776_ses-d0308_run-01_T1w.nii.gz,1,0.0
OAS30776,d4024,2011-01-07,/project/rrg-mchakrav-ab/moncia/oasis_3_bids/sub-OAS30776/ses-d4024/anat/sub-OAS30776_ses-d4024_T1w.nii.gz,1,0.0
OAS30776,d5121,2014-01-08,/project/rrg-mchakrav-ab/moncia/oasis_3_bids/sub-OAS30776/ses-d5121/anat/sub-OAS30776_ses-d5121_T1w.nii.gz,1,0.0
OAS30777,d0526,2001-06-10,/project/rrg-mchakrav-ab/moncia/oasis_3_bids/sub-OAS30777/ses-d0526/anat/sub-OAS30777_ses-d0526_run-01_T1w.nii.gz,1,0.0
OAS30777,d1747,2004-10-13,/project/rrg-mchakrav-ab/moncia/oasis_3_bids/sub-OAS30777/ses-d1747/anat/sub-OAS30777_ses-d1747_run-01_T1w.nii.gz,1,0.0
OAS30777,d2999,2008-03-18,/project/rrg-mchakrav-ab/moncia/oasis_3_bids/sub-OAS30777/ses-d2999/anat/sub-OAS30777_ses-d2999_T1w.nii.gz,1,0.0
OAS30777,d4740,2012-12-23,/project/rrg-mchakrav-ab/moncia/oasis_3_bids/sub-OAS30777/ses-d4740/anat/sub-OAS30777_ses-d4740_T1w.nii.gz,1,0.0
OAS30777,d5615,2015-05-17,/project/rrg-mchakrav-ab/moncia/oasis_3_bids/sub-OAS30777/ses-d5615/anat/sub-OAS30777_ses-d5615_T1w.nii.gz,1,0.0
OAS30778,d0510,2001-05-25,/project/rrg-mchakrav-ab/moncia/oasis_3_bids/sub-OAS30778/ses-d0510/anat/sub-OAS30778_ses-d0510_run-01_T1w.nii.gz,1,0.0
OAS30778,d1273,2003-06-27,/project/rrg-mchakrav-ab/moncia/oasis_3_bids/sub-OAS30778/ses-d1273/anat/sub-OAS30778_ses-d1273_run-01_T1w.nii.gz,1,0.0
OAS30779,d0065,2000-03-06,/project/rrg-mchakrav-ab/moncia/oasis_3_bids/sub-OAS30779/ses-d0065/anat/sub-OAS30779_ses-d0065_T1w.nii.gz,2,0.5
OAS30780,d0055,2000-02-25,/project/rrg-mchakrav-ab/moncia/oasis_3_bids/sub-OAS30780/ses-d0055/anat/sub-OAS30780_ses-d0055_run-01_T1w.nii.gz,1,0.0
OAS30781,d0048,2000-02-18,/project/rrg-mchakrav-ab/moncia/oasis_3_bids/sub-OAS30781/ses-d0048/anat/sub-OAS30781_ses-d0048_T1w.nii.gz,1,0.0
OAS30781,d0971,2002-08-29,/project/rrg-mchakrav-ab/moncia/oasis_3_bids/sub-OAS30781/ses-d0971/anat/sub-OAS30781_ses-d0971_T1w.nii.gz,2,0.5
OAS30782,d0074,2000-03-15,/project/rrg-mchakrav-ab/moncia/oasis_3_bids/sub-OAS30782/ses-d0074/anat/sub-OAS30782_ses-d0074_run-01_T1w.nii.gz,2,0.5
OAS30782,d0980,2002-09-07,/project/rrg-mchakrav-ab/moncia/oasis_3_bids/sub-OAS30782/ses-d0980/anat/sub-OAS30782_ses-d0980_T1w.nii.gz,2,0.5
OAS30783,d0056,2000-02-26,/project/rrg-mchakrav-ab/moncia/oasis_3_bids/sub-OAS30783/ses-d0056/anat/sub-OAS30783_ses-d0056_run-01_T1w.nii.gz,1,0.0
OAS30784,d0126,2000-05-06,/project/rrg-mchakrav-ab/moncia/oasis_3_bids/sub-OAS30784/ses-d0126/anat/sub-OAS30784_ses-d0126_run-01_T1w.nii.gz,2,0.5
OAS30784,d2716,2007-06-09,/project/rrg-mchakrav-ab/moncia/oasis_3_bids/sub-OAS30784/ses-d2716/anat/sub-OAS30784_ses-d2716_T1w.nii.gz,1,0.0
OAS30785,d0096,2000-04-06,/project/rrg-mchakrav-ab/moncia/oasis_3_bids/sub-OAS30785/ses-d0096/anat/sub-OAS30785_ses-d0096_T1w.nii.gz,1,0.0
OAS30786,d3713,2010-03-02,/project/rrg-mchakrav-ab/moncia/oasis_3_bids/sub-OAS30786/ses-d3713/anat/sub-OAS30786_ses-d3713_T1w.nii.gz,1,0.0
OAS30786,d4865,2013-04-27,/project/rrg-mchakrav-ab/moncia/oasis_3_bids/sub-OAS30786/ses-d4865/anat/sub-OAS30786_ses-d4865_T1w.nii.gz,1,0.0
OAS30787,d3333,2009-02-15,/project/rrg-mchakrav-ab/moncia/oasis_3_bids/sub-OAS30787/ses-d3333/anat/sub-OAS30787_ses-d3333_run-01_T1w.nii.gz,2,0.5
OAS30787,d5139,2014-01-26,/project/rrg-mchakrav-ab/moncia/oasis_3_bids/sub-OAS30787/ses-d5139/anat/sub-OAS30787_ses-d5139_T1w.nii.gz,2,0.5
OAS30788,d0201,2000-07-20,/project/rrg-mchakrav-ab/moncia/oasis_3_bids/sub-OAS30788/ses-d0201/anat/sub-OAS30788_ses-d0201_run-01_T1w.nii.gz,1,0.0
OAS30788,d1136,2003-02-10,/project/rrg-mchakrav-ab/moncia/oasis_3_bids/sub-OAS30788/ses-d1136/anat/sub-OAS30788_ses-d1136_run-01_T1w.nii.gz,1,0.0
OAS30788,d2927,2008-01-06,/project/rrg-mchakrav-ab/moncia/oasis_3_bids/sub-OAS30788/ses-d2927/anat/sub-OAS30788_ses-d2927_T1w.nii.gz,1,0.0
OAS30788,d4108,2011-04-01,/project/rrg-mchakrav-ab/moncia/oasis_3_bids/sub-OAS30788/ses-d4108/anat/sub-OAS30788_ses-d4108_T1w.nii.gz,1,0.0
OAS30789,d0083,2000-03-24,/project/rrg-mchakrav-ab/moncia/oasis_3_bids/sub-OAS30789/ses-d0083/anat/sub-OAS30789_ses-d0083_T1w.nii.gz,2,0.5
OAS30789,d1604,2004-05-23,/project/rrg-mchakrav-ab/moncia/oasis_3_bids/sub-OAS30789/ses-d1604/anat/sub-OAS30789_ses-d1604_T1w.nii.gz,1,0.0
OAS30791,d1422,2003-11-23,/project/rrg-mchakrav-ab/moncia/oasis_3_bids/sub-OAS30791/ses-d1422/anat/sub-OAS30791_ses-d1422_run-01_T1w.nii.gz,2,0.5
OAS30791,d2794,2007-08-26,/project/rrg-mchakrav-ab/moncia/oasis_3_bids/sub-OAS30791/ses-d2794/anat/sub-OAS30791_ses-d2794_run-01_T1w.nii.gz,2,0.5
OAS30792,d0106,2000-04-16,/project/rrg-mchakrav-ab/moncia/oasis_3_bids/sub-OAS30792/ses-d0106/anat/sub-OAS30792_ses-d0106_run-01_T1w.nii.gz,1,0.0
OAS30792,d1556,2004-04-05,/project/rrg-mchakrav-ab/moncia/oasis_3_bids/sub-OAS30792/ses-d1556/anat/sub-OAS30792_ses-d1556_T1w.nii.gz,1,0.0
OAS30792,d3410,2009-05-03,/project/rrg-mchakrav-ab/moncia/oasis_3_bids/sub-OAS30792/ses-d3410/anat/sub-OAS30792_ses-d3410_T1w.nii.gz,1,0.0
OAS30793,d1343,2003-09-05,/project/rrg-mchakrav-ab/moncia/oasis_3_bids/sub-OAS30793/ses-d1343/anat/sub-OAS30793_ses-d1343_T1w.nii.gz,1,0.0
OAS30794,d1680,2004-08-07,/project/rrg-mchakrav-ab/moncia/oasis_3_bids/sub-OAS30794/ses-d1680/anat/sub-OAS30794_ses-d1680_run-01_T1w.nii.gz,1,0.0
OAS30794,d2633,2007-03-18,/project/rrg-mchakrav-ab/moncia/oasis_3_bids/sub-OAS30794/ses-d2633/anat/sub-OAS30794_ses-d2633_run-01_T1w.nii.gz,1,0.0
OAS30794,d3513,2009-08-14,/project/rrg-mchakrav-ab/moncia/oasis_3_bids/sub-OAS30794/ses-d3513/anat/sub-OAS30794_ses-d3513_T1w.nii.gz,1,0.0
OAS30794,d4550,2012-06-16,/project/rrg-mchakrav-ab/moncia/oasis_3_bids/sub-OAS30794/ses-d4550/anat/sub-OAS30794_ses-d4550_T1w.nii.gz,1,0.0
OAS30794,d5548,2015-03-11,/project/rrg-mchakrav-ab/moncia/oasis_3_bids/sub-OAS30794/ses-d5548/anat/sub-OAS30794_ses-d5548_T1w.nii.gz,1,0.0
OAS30794,d6661,2018-03-28,/project/rrg-mchakrav-ab/moncia/oasis_3_bids/sub-OAS30794/ses-d6661/anat/sub-OAS30794_ses-d6661_T1w.nii.gz,1,0.0
OAS30796,d0079,2000-03-20,/project/rrg-mchakrav-ab/moncia/oasis_3_bids/sub-OAS30796/ses-d0079/anat/sub-OAS30796_ses-d0079_T1w.nii.gz,2,0.5
OAS30797,d3465,2009-06-27,/project/rrg-mchakrav-ab/moncia/oasis_3_bids/sub-OAS30797/ses-d3465/anat/sub-OAS30797_ses-d3465_T1w.nii.gz,1,0.0
OAS30798,d0078,2000-03-19,/project/rrg-mchakrav-ab/moncia/oasis_3_bids/sub-OAS30798/ses-d0078/anat/sub-OAS30798_ses-d0078_T1w.nii.gz,1,0.0
OAS30798,d1003,2002-09-30,/project/rrg-mchakrav-ab/moncia/oasis_3_bids/sub-OAS30798/ses-d1003/anat/sub-OAS30798_ses-d1003_T1w.nii.gz,1,0.0
OAS30799,d0557,2001-07-11,/project/rrg-mchakrav-ab/moncia/oasis_3_bids/sub-OAS30799/ses-d0557/anat/sub-OAS30799_ses-d0557_run-01_T1w.nii.gz,1,0.0
OAS30800,d0029,2000-01-30,/project/rrg-mchakrav-ab/moncia/oasis_3_bids/sub-OAS30800/ses-d0029/anat/sub-OAS30800_ses-d0029_run-01_T1w.nii.gz,1,0.0
OAS30801,d0097,2000-04-07,/project/rrg-mchakrav-ab/moncia/oasis_3_bids/sub-OAS30801/ses-d0097/anat/sub-OAS30801_ses-d0097_run-01_T1w.nii.gz,1,0.0
OAS30802,d0132,2000-05-12,/project/rrg-mchakrav-ab/moncia/oasis_3_bids/sub-OAS30802/ses-d0132/anat/sub-OAS30802_ses-d0132_T1w.nii.gz,3,1.0
OAS30803,d0086,2000-03-27,/project/rrg-mchakrav-ab/moncia/oasis_3_bids/sub-OAS30803/ses-d0086/anat/sub-OAS30803_ses-d0086_run-01_T1w.nii.gz,1,0.0
OAS30803,d3424,2009-05-17,/project/rrg-mchakrav-ab/moncia/oasis_3_bids/sub-OAS30803/ses-d3424/anat/sub-OAS30803_ses-d3424_T1w.nii.gz,1,0.0
OAS30803,d4473,2012-03-31,/project/rrg-mchakrav-ab/moncia/oasis_3_bids/sub-OAS30803/ses-d4473/anat/sub-OAS30803_ses-d4473_T1w.nii.gz,1,0.0
OAS30803,d5619,2015-05-21,/project/rrg-mchakrav-ab/moncia/oasis_3_bids/sub-OAS30803/ses-d5619/anat/sub-OAS30803_ses-d5619_T1w.nii.gz,1,0.0
OAS30804,d0086,2000-03-27,/project/rrg-mchakrav-ab/moncia/oasis_3_bids/sub-OAS30804/ses-d0086/anat/sub-OAS30804_ses-d0086_T1w.nii.gz,3,1.0
OAS30804,d0507,2001-05-22,/project/rrg-mchakrav-ab/moncia/oasis_3_bids/sub-OAS30804/ses-d0507/anat/sub-OAS30804_ses-d0507_T1w.nii.gz,3,1.0
OAS30805,d5456,2014-12-09,/project/rrg-mchakrav-ab/moncia/oasis_3_bids/sub-OAS30805/ses-d5456/anat/sub-OAS30805_ses-d5456_run-01_T1w.nii.gz,2,0.5
OAS30805,d7028,2019-03-30,/project/rrg-mchakrav-ab/moncia/oasis_3_bids/sub-OAS30805/ses-d7028/anat/sub-OAS30805_ses-d7028_T1w.nii.gz,3,1.0
OAS30806,d0026,2000-01-27,/project/rrg-mchakrav-ab/moncia/oasis_3_bids/sub-OAS30806/ses-d0026/anat/sub-OAS30806_ses-d0026_run-01_T1w.nii.gz,1,0.0
OAS30807,d0472,2001-04-17,/project/rrg-mchakrav-ab/moncia/oasis_3_bids/sub-OAS30807/ses-d0472/anat/sub-OAS30807_ses-d0472_T1w.nii.gz,1,0.0
OAS30807,d1492,2004-02-01,/project/rrg-mchakrav-ab/moncia/oasis_3_bids/sub-OAS30807/ses-d1492/anat/sub-OAS30807_ses-d1492_T1w.nii.gz,1,0.0
OAS30808,d0498,2001-05-13,/project/rrg-mchakrav-ab/moncia/oasis_3_bids/sub-OAS30808/ses-d0498/anat/sub-OAS30808_ses-d0498_run-01_T1w.nii.gz,1,0.0
OAS30808,d1522,2004-03-02,/project/rrg-mchakrav-ab/moncia/oasis_3_bids/sub-OAS30808/ses-d1522/anat/sub-OAS30808_ses-d1522_run-01_T1w.nii.gz,1,0.0
OAS30808,d3453,2009-06-15,/project/rrg-mchakrav-ab/moncia/oasis_3_bids/sub-OAS30808/ses-d3453/anat/sub-OAS30808_ses-d3453_T1w.nii.gz,1,0.0
OAS30810,d0106,2000-04-16,/project/rrg-mchakrav-ab/moncia/oasis_3_bids/sub-OAS30810/ses-d0106/anat/sub-OAS30810_ses-d0106_T1w.nii.gz,2,0.5
OAS30810,d1351,2003-09-13,/project/rrg-mchakrav-ab/moncia/oasis_3_bids/sub-OAS30810/ses-d1351/anat/sub-OAS30810_ses-d1351_T1w.nii.gz,1,0.0
OAS30812,d0055,2000-02-25,/project/rrg-mchakrav-ab/moncia/oasis_3_bids/sub-OAS30812/ses-d0055/anat/sub-OAS30812_ses-d0055_T1w.nii.gz,2,0.5
OAS30813,d0138,2000-05-18,/project/rrg-mchakrav-ab/moncia/oasis_3_bids/sub-OAS30813/ses-d0138/anat/sub-OAS30813_ses-d0138_T1w.nii.gz,1,0.0
OAS30813,d1156,2003-03-02,/project/rrg-mchakrav-ab/moncia/oasis_3_bids/sub-OAS30813/ses-d1156/anat/sub-OAS30813_ses-d1156_T1w.nii.gz,1,0.0
OAS30814,d0144,2000-05-24,/project/rrg-mchakrav-ab/moncia/oasis_3_bids/sub-OAS30814/ses-d0144/anat/sub-OAS30814_ses-d0144_run-01_T1w.nii.gz,1,0.0
OAS30814,d1152,2003-02-26,/project/rrg-mchakrav-ab/moncia/oasis_3_bids/sub-OAS30814/ses-d1152/anat/sub-OAS30814_ses-d1152_T1w.nii.gz,1,0.0
OAS30815,d0148,2000-05-28,/project/rrg-mchakrav-ab/moncia/oasis_3_bids/sub-OAS30815/ses-d0148/anat/sub-OAS30815_ses-d0148_run-01_T1w.nii.gz,2,0.5
OAS30816,d3379,2009-04-02,/project/rrg-mchakrav-ab/moncia/oasis_3_bids/sub-OAS30816/ses-d3379/anat/sub-OAS30816_ses-d3379_T1w.nii.gz,1,0.0
OAS30816,d4576,2012-07-12,/project/rrg-mchakrav-ab/moncia/oasis_3_bids/sub-OAS30816/ses-d4576/anat/sub-OAS30816_ses-d4576_T1w.nii.gz,1,0.0
OAS30816,d4583,2012-07-19,/project/rrg-mchakrav-ab/moncia/oasis_3_bids/sub-OAS30816/ses-d4583/anat/sub-OAS30816_ses-d4583_T1w.nii.gz,1,0.0
OAS30817,d0236,2000-08-24,/project/rrg-mchakrav-ab/moncia/oasis_3_bids/sub-OAS30817/ses-d0236/anat/sub-OAS30817_ses-d0236_run-01_T1w.nii.gz,1,0.0
OAS30817,d1254,2003-06-08,/project/rrg-mchakrav-ab/moncia/oasis_3_bids/sub-OAS30817/ses-d1254/anat/sub-OAS30817_ses-d1254_T1w.nii.gz,1,0.0
OAS30817,d2324,2006-05-13,/project/rrg-mchakrav-ab/moncia/oasis_3_bids/sub-OAS30817/ses-d2324/anat/sub-OAS30817_ses-d2324_T1w.nii.gz,1,0.0
OAS30818,d0097,2000-04-07,/project/rrg-mchakrav-ab/moncia/oasis_3_bids/sub-OAS30818/ses-d0097/anat/sub-OAS30818_ses-d0097_run-01_T1w.nii.gz,1,0.0
OAS30818,d1214,2003-04-29,/project/rrg-mchakrav-ab/moncia/oasis_3_bids/sub-OAS30818/ses-d1214/anat/sub-OAS30818_ses-d1214_T1w.nii.gz,1,0.0
OAS30818,d1228,2003-05-13,/project/rrg-mchakrav-ab/moncia/oasis_3_bids/sub-OAS30818/ses-d1228/anat/sub-OAS30818_ses-d1228_run-01_T1w.nii.gz,1,0.0
OAS30818,d1720,2004-09-16,/project/rrg-mchakrav-ab/moncia/oasis_3_bids/sub-OAS30818/ses-d1720/anat/sub-OAS30818_ses-d1720_T1w.nii.gz,1,0.0
OAS30818,d2399,2006-07-27,/project/rrg-mchakrav-ab/moncia/oasis_3_bids/sub-OAS30818/ses-d2399/anat/sub-OAS30818_ses-d2399_T1w.nii.gz,2,0.5
OAS30818,d2656,2007-04-10,/project/rrg-mchakrav-ab/moncia/oasis_3_bids/sub-OAS30818/ses-d2656/anat/sub-OAS30818_ses-d2656_T1w.nii.gz,1,0.0
OAS30819,d0077,2000-03-18,/project/rrg-mchakrav-ab/moncia/oasis_3_bids/sub-OAS30819/ses-d0077/anat/sub-OAS30819_ses-d0077_T1w.nii.gz,1,0.0
OAS30819,d1776,2004-11-11,/project/rrg-mchakrav-ab/moncia/oasis_3_bids/sub-OAS30819/ses-d1776/anat/sub-OAS30819_ses-d1776_T1w.nii.gz,1,0.0
OAS30820,d0034,2000-02-04,/project/rrg-mchakrav-ab/moncia/oasis_3_bids/sub-OAS30820/ses-d0034/anat/sub-OAS30820_ses-d0034_T1w.nii.gz,1,0.0
OAS30820,d1903,2005-03-18,/project/rrg-mchakrav-ab/moncia/oasis_3_bids/sub-OAS30820/ses-d1903/anat/sub-OAS30820_ses-d1903_T1w.nii.gz,1,0.0
OAS30821,d0063,2000-03-04,/project/rrg-mchakrav-ab/moncia/oasis_3_bids/sub-OAS30821/ses-d0063/anat/sub-OAS30821_ses-d0063_T1w.nii.gz,1,0.0
OAS30821,d0068,2000-03-09,/project/rrg-mchakrav-ab/moncia/oasis_3_bids/sub-OAS30821/ses-d0068/anat/sub-OAS30821_ses-d0068_run-01_T1w.nii.gz,1,0.0
OAS30822,d0036,2000-02-06,/project/rrg-mchakrav-ab/moncia/oasis_3_bids/sub-OAS30822/ses-d0036/anat/sub-OAS30822_ses-d0036_run-01_T1w.nii.gz,1,0.0
OAS30822,d2022,2005-07-15,/project/rrg-mchakrav-ab/moncia/oasis_3_bids/sub-OAS30822/ses-d2022/anat/sub-OAS30822_ses-d2022_T1w.nii.gz,1,0.0
OAS30822,d3227,2008-11-01,/project/rrg-mchakrav-ab/moncia/oasis_3_bids/sub-OAS30822/ses-d3227/anat/sub-OAS30822_ses-d3227_T1w.nii.gz,1,0.0
OAS30823,d0055,2000-02-25,/project/rrg-mchakrav-ab/moncia/oasis_3_bids/sub-OAS30823/ses-d0055/anat/sub-OAS30823_ses-d0055_run-01_T1w.nii.gz,1,0.0
OAS30823,d0849,2002-04-29,/project/rrg-mchakrav-ab/moncia/oasis_3_bids/sub-OAS30823/ses-d0849/anat/sub-OAS30823_ses-d0849_run-01_T1w.nii.gz,1,0.0
OAS30823,d2277,2006-03-27,/project/rrg-mchakrav-ab/moncia/oasis_3_bids/sub-OAS30823/ses-d2277/anat/sub-OAS30823_ses-d2277_T1w.nii.gz,1,0.0
OAS30823,d2722,2007-06-15,/project/rrg-mchakrav-ab/moncia/oasis_3_bids/sub-OAS30823/ses-d2722/anat/sub-OAS30823_ses-d2722_T1w.nii.gz,1,0.0
OAS30823,d3459,2009-06-21,/project/rrg-mchakrav-ab/moncia/oasis_3_bids/sub-OAS30823/ses-d3459/anat/sub-OAS30823_ses-d3459_T1w.nii.gz,1,0.0
OAS30824,d0077,2000-03-18,/project/rrg-mchakrav-ab/moncia/oasis_3_bids/sub-OAS30824/ses-d0077/anat/sub-OAS30824_ses-d0077_T1w.nii.gz,1,0.0
OAS30824,d1651,2004-07-09,/project/rrg-mchakrav-ab/moncia/oasis_3_bids/sub-OAS30824/ses-d1651/anat/sub-OAS30824_ses-d1651_T1w.nii.gz,1,0.0
OAS30825,d3430,2009-05-23,/project/rrg-mchakrav-ab/moncia/oasis_3_bids/sub-OAS30825/ses-d3430/anat/sub-OAS30825_ses-d3430_run-01_T1w.nii.gz,1,0.0
OAS30825,d4885,2013-05-17,/project/rrg-mchakrav-ab/moncia/oasis_3_bids/sub-OAS30825/ses-d4885/anat/sub-OAS30825_ses-d4885_run-01_T1w.nii.gz,1,0.0
OAS30825,d5535,2015-02-26,/project/rrg-mchakrav-ab/moncia/oasis_3_bids/sub-OAS30825/ses-d5535/anat/sub-OAS30825_ses-d5535_run-01_T1w.nii.gz,1,0.0
OAS30826,d0217,2000-08-05,/project/rrg-mchakrav-ab/moncia/oasis_3_bids/sub-OAS30826/ses-d0217/anat/sub-OAS30826_ses-d0217_run-01_T1w.nii.gz,3,1.0
OAS30827,d0043,2000-02-13,/project/rrg-mchakrav-ab/moncia/oasis_3_bids/sub-OAS30827/ses-d0043/anat/sub-OAS30827_ses-d0043_run-01_T1w.nii.gz,2,0.5
OAS30827,d1875,2005-02-18,/project/rrg-mchakrav-ab/moncia/oasis_3_bids/sub-OAS30827/ses-d1875/anat/sub-OAS30827_ses-d1875_T1w.nii.gz,3,1.0
OAS30828,d1520,2004-02-29,/project/rrg-mchakrav-ab/moncia/oasis_3_bids/sub-OAS30828/ses-d1520/anat/sub-OAS30828_ses-d1520_run-01_T1w.nii.gz,1,0.0
OAS30828,d1736,2004-10-02,/project/rrg-mchakrav-ab/moncia/oasis_3_bids/sub-OAS30828/ses-d1736/anat/sub-OAS30828_ses-d1736_run-01_T1w.nii.gz,1,0.0
OAS30829,d5823,2015-12-11,/project/rrg-mchakrav-ab/moncia/oasis_3_bids/sub-OAS30829/ses-d5823/anat/sub-OAS30829_ses-d5823_run-01_T1w.nii.gz,1,0.0
OAS30829,d6357,2017-05-28,/project/rrg-mchakrav-ab/moncia/oasis_3_bids/sub-OAS30829/ses-d6357/anat/sub-OAS30829_ses-d6357_run-01_T1w.nii.gz,1,0.0
OAS30829,d6593,2018-01-19,/project/rrg-mchakrav-ab/moncia/oasis_3_bids/sub-OAS30829/ses-d6593/anat/sub-OAS30829_ses-d6593_run-01_T1w.nii.gz,1,0.0
OAS30829,d7552,2020-09-04,/project/rrg-mchakrav-ab/moncia/oasis_3_bids/sub-OAS30829/ses-d7552/anat/sub-OAS30829_ses-d7552_run-01_T1w.nii.gz,1,0.0
OAS30829,d8406,2023-01-06,/project/rrg-mchakrav-ab/moncia/oasis_3_bids/sub-OAS30829/ses-d8406/anat/sub-OAS30829_ses-d8406_T1w.nii.gz,1,0.0
OAS30830,d0030,2000-01-31,/project/rrg-mchakrav-ab/moncia/oasis_3_bids/sub-OAS30830/ses-d0030/anat/sub-OAS30830_ses-d0030_run-01_T1w.nii.gz,1,0.0
OAS30830,d1569,2004-04-18,/project/rrg-mchakrav-ab/moncia/oasis_3_bids/sub-OAS30830/ses-d1569/anat/sub-OAS30830_ses-d1569_T1w.nii.gz,3,1.0
OAS30832,d1203,2003-04-18,/project/rrg-mchakrav-ab/moncia/oasis_3_bids/sub-OAS30832/ses-d1203/anat/sub-OAS30832_ses-d1203_run-01_T1w.nii.gz,1,0.0
OAS30832,d2369,2006-06-27,/project/rrg-mchakrav-ab/moncia/oasis_3_bids/sub-OAS30832/ses-d2369/anat/sub-OAS30832_ses-d2369_T1w.nii.gz,1,0.0
OAS30832,d2382,2006-07-10,/project/rrg-mchakrav-ab/moncia/oasis_3_bids/sub-OAS30832/ses-d2382/anat/sub-OAS30832_ses-d2382_T1w.nii.gz,1,0.0
OAS30832,d3848,2010-07-15,/project/rrg-mchakrav-ab/moncia/oasis_3_bids/sub-OAS30832/ses-d3848/anat/sub-OAS30832_ses-d3848_T1w.nii.gz,1,0.0
OAS30832,d4580,2012-07-16,/project/rrg-mchakrav-ab/moncia/oasis_3_bids/sub-OAS30832/ses-d4580/anat/sub-OAS30832_ses-d4580_run-01_T1w.nii.gz,1,0.0
OAS30834,d0098,2000-04-08,/project/rrg-mchakrav-ab/moncia/oasis_3_bids/sub-OAS30834/ses-d0098/anat/sub-OAS30834_ses-d0098_T1w.nii.gz,2,0.5
OAS30835,d0709,2001-12-10,/project/rrg-mchakrav-ab/moncia/oasis_3_bids/sub-OAS30835/ses-d0709/anat/sub-OAS30835_ses-d0709_run-01_T1w.nii.gz,1,0.0
OAS30836,d0094,2000-04-04,/project/rrg-mchakrav-ab/moncia/oasis_3_bids/sub-OAS30836/ses-d0094/anat/sub-OAS30836_ses-d0094_T1w.nii.gz,2,0.5
OAS30837,d1722,2004-09-18,/project/rrg-mchakrav-ab/moncia/oasis_3_bids/sub-OAS30837/ses-d1722/anat/sub-OAS30837_ses-d1722_run-01_T1w.nii.gz,3,1.0
OAS30838,d0098,2000-04-08,/project/rrg-mchakrav-ab/moncia/oasis_3_bids/sub-OAS30838/ses-d0098/anat/sub-OAS30838_ses-d0098_T1w.nii.gz,2,0.5
OAS30839,d1394,2003-10-26,/project/rrg-mchakrav-ab/moncia/oasis_3_bids/sub-OAS30839/ses-d1394/anat/sub-OAS30839_ses-d1394_T1w.nii.gz,1,0.0
OAS30840,d0042,2000-02-12,/project/rrg-mchakrav-ab/moncia/oasis_3_bids/sub-OAS30840/ses-d0042/anat/sub-OAS30840_ses-d0042_run-01_T1w.nii.gz,1,0.0
OAS30841,d0187,2000-07-06,/project/rrg-mchakrav-ab/moncia/oasis_3_bids/sub-OAS30841/ses-d0187/anat/sub-OAS30841_ses-d0187_run-01_T1w.nii.gz,1,0.0
OAS30841,d0348,2000-12-14,/project/rrg-mchakrav-ab/moncia/oasis_3_bids/sub-OAS30841/ses-d0348/anat/sub-OAS30841_ses-d0348_run-01_T1w.nii.gz,1,0.0
OAS30841,d1826,2004-12-31,/project/rrg-mchakrav-ab/moncia/oasis_3_bids/sub-OAS30841/ses-d1826/anat/sub-OAS30841_ses-d1826_run-01_T1w.nii.gz,1,0.0
OAS30841,d3499,2009-07-31,/project/rrg-mchakrav-ab/moncia/oasis_3_bids/sub-OAS30841/ses-d3499/anat/sub-OAS30841_ses-d3499_T1w.nii.gz,1,0.0
OAS30842,d0526,2001-06-10,/project/rrg-mchakrav-ab/moncia/oasis_3_bids/sub-OAS30842/ses-d0526/anat/sub-OAS30842_ses-d0526_T1w.nii.gz,1,0.0
OAS30843,d0236,2000-08-24,/project/rrg-mchakrav-ab/moncia/oasis_3_bids/sub-OAS30843/ses-d0236/anat/sub-OAS30843_ses-d0236_T1w.nii.gz,1,0.0
OAS30844,d0035,2000-02-05,/project/rrg-mchakrav-ab/moncia/oasis_3_bids/sub-OAS30844/ses-d0035/anat/sub-OAS30844_ses-d0035_run-01_T1w.nii.gz,1,0.0
OAS30845,d0068,2000-03-09,/project/rrg-mchakrav-ab/moncia/oasis_3_bids/sub-OAS30845/ses-d0068/anat/sub-OAS30845_ses-d0068_T1w.nii.gz,1,0.0
OAS30845,d1266,2003-06-20,/project/rrg-mchakrav-ab/moncia/oasis_3_bids/sub-OAS30845/ses-d1266/anat/sub-OAS30845_ses-d1266_T1w.nii.gz,1,0.0
OAS30846,d0160,2000-06-09,/project/rrg-mchakrav-ab/moncia/oasis_3_bids/sub-OAS30846/ses-d0160/anat/sub-OAS30846_ses-d0160_T1w.nii.gz,1,0.0
OAS30846,d1101,2003-01-06,/project/rrg-mchakrav-ab/moncia/oasis_3_bids/sub-OAS30846/ses-d1101/anat/sub-OAS30846_ses-d1101_T1w.nii.gz,1,0.0
OAS30846,d1136,2003-02-10,/project/rrg-mchakrav-ab/moncia/oasis_3_bids/sub-OAS30846/ses-d1136/anat/sub-OAS30846_ses-d1136_T1w.nii.gz,1,0.0
OAS30847,d0040,2000-02-10,/project/rrg-mchakrav-ab/moncia/oasis_3_bids/sub-OAS30847/ses-d0040/anat/sub-OAS30847_ses-d0040_T1w.nii.gz,2,0.5
OAS30848,d0070,2000-03-11,/project/rrg-mchakrav-ab/moncia/oasis_3_bids/sub-OAS30848/ses-d0070/anat/sub-OAS30848_ses-d0070_run-01_T1w.nii.gz,1,0.0
OAS30849,d0151,2000-05-31,/project/rrg-mchakrav-ab/moncia/oasis_3_bids/sub-OAS30849/ses-d0151/anat/sub-OAS30849_ses-d0151_T1w.nii.gz,3,1.0
OAS30851,d0000,2000-01-01,/project/rrg-mchakrav-ab/moncia/oasis_3_bids/sub-OAS30851/ses-d0000/anat/sub-OAS30851_ses-d0000_run-01_T1w.nii.gz,2,0.5
OAS30852,d2307,2006-04-26,/project/rrg-mchakrav-ab/moncia/oasis_3_bids/sub-OAS30852/ses-d2307/anat/sub-OAS30852_ses-d2307_run-01_T1w.nii.gz,1,0.0
OAS30852,d3014,2008-04-02,/project/rrg-mchakrav-ab/moncia/oasis_3_bids/sub-OAS30852/ses-d3014/anat/sub-OAS30852_ses-d3014_run-01_T1w.nii.gz,1,0.0
OAS30852,d3983,2010-11-27,/project/rrg-mchakrav-ab/moncia/oasis_3_bids/sub-OAS30852/ses-d3983/anat/sub-OAS30852_ses-d3983_run-01_T1w.nii.gz,1,0.0
OAS30852,d6963,2019-01-24,/project/rrg-mchakrav-ab/moncia/oasis_3_bids/sub-OAS30852/ses-d6963/anat/sub-OAS30852_ses-d6963_T1w.nii.gz,1,0.0
OAS30852,d7830,2021-06-09,/project/rrg-mchakrav-ab/moncia/oasis_3_bids/sub-OAS30852/ses-d7830/anat/sub-OAS30852_ses-d7830_T1w.nii.gz,1,0.0
OAS30853,d0100,2000-04-10,/project/rrg-mchakrav-ab/moncia/oasis_3_bids/sub-OAS30853/ses-d0100/anat/sub-OAS30853_ses-d0100_T1w.nii.gz,3,1.0
OAS30854,d0069,2000-03-10,/project/rrg-mchakrav-ab/moncia/oasis_3_bids/sub-OAS30854/ses-d0069/anat/sub-OAS30854_ses-d0069_run-01_T1w.nii.gz,1,0.0
OAS30854,d1385,2003-10-17,/project/rrg-mchakrav-ab/moncia/oasis_3_bids/sub-OAS30854/ses-d1385/anat/sub-OAS30854_ses-d1385_T1w.nii.gz,1,0.0
OAS30854,d2339,2006-05-28,/project/rrg-mchakrav-ab/moncia/oasis_3_bids/sub-OAS30854/ses-d2339/anat/sub-OAS30854_ses-d2339_T1w.nii.gz,1,0.0
OAS30854,d3380,2009-04-03,/project/rrg-mchakrav-ab/moncia/oasis_3_bids/sub-OAS30854/ses-d3380/anat/sub-OAS30854_ses-d3380_run-01_T1w.nii.gz,1,0.0
OAS30855,d0741,2002-01-11,/project/rrg-mchakrav-ab/moncia/oasis_3_bids/sub-OAS30855/ses-d0741/anat/sub-OAS30855_ses-d0741_run-01_T1w.nii.gz,1,0.0
OAS30855,d3346,2009-02-28,/project/rrg-mchakrav-ab/moncia/oasis_3_bids/sub-OAS30855/ses-d3346/anat/sub-OAS30855_ses-d3346_T1w.nii.gz,1,0.0
OAS30855,d6166,2016-11-18,/project/rrg-mchakrav-ab/moncia/oasis_3_bids/sub-OAS30855/ses-d6166/anat/sub-OAS30855_ses-d6166_run-01_T1w.nii.gz,1,0.0
OAS30857,d0058,2000-02-28,/project/rrg-mchakrav-ab/moncia/oasis_3_bids/sub-OAS30857/ses-d0058/anat/sub-OAS30857_ses-d0058_run-01_T1w.nii.gz,1,0.0
OAS30857,d1263,2003-06-17,/project/rrg-mchakrav-ab/moncia/oasis_3_bids/sub-OAS30857/ses-d1263/anat/sub-OAS30857_ses-d1263_T1w.nii.gz,1,0.0
OAS30857,d1271,2003-06-25,/project/rrg-mchakrav-ab/moncia/oasis_3_bids/sub-OAS30857/ses-d1271/anat/sub-OAS30857_ses-d1271_T1w.nii.gz,1,0.0
OAS30857,d2255,2006-03-05,/project/rrg-mchakrav-ab/moncia/oasis_3_bids/sub-OAS30857/ses-d2255/anat/sub-OAS30857_ses-d2255_T1w.nii.gz,1,0.0
OAS30857,d3612,2009-11-21,/project/rrg-mchakrav-ab/moncia/oasis_3_bids/sub-OAS30857/ses-d3612/anat/sub-OAS30857_ses-d3612_T1w.nii.gz,1,0.0
OAS30858,d0060,2000-03-01,/project/rrg-mchakrav-ab/moncia/oasis_3_bids/sub-OAS30858/ses-d0060/anat/sub-OAS30858_ses-d0060_run-01_T1w.nii.gz,1,0.0
OAS30858,d1071,2002-12-07,/project/rrg-mchakrav-ab/moncia/oasis_3_bids/sub-OAS30858/ses-d1071/anat/sub-OAS30858_ses-d1071_T1w.nii.gz,1,0.0
OAS30859,d0154,2000-06-03,/project/rrg-mchakrav-ab/moncia/oasis_3_bids/sub-OAS30859/ses-d0154/anat/sub-OAS30859_ses-d0154_T1w.nii.gz,2,0.5
OAS30860,d0134,2000-05-14,/project/rrg-mchakrav-ab/moncia/oasis_3_bids/sub-OAS30860/ses-d0134/anat/sub-OAS30860_ses-d0134_run-01_T1w.nii.gz,2,0.5
OAS30860,d0638,2001-09-30,/project/rrg-mchakrav-ab/moncia/oasis_3_bids/sub-OAS30860/ses-d0638/anat/sub-OAS30860_ses-d0638_run-01_T1w.nii.gz,2,0.5
OAS30861,d0101,2000-04-11,/project/rrg-mchakrav-ab/moncia/oasis_3_bids/sub-OAS30861/ses-d0101/anat/sub-OAS30861_ses-d0101_T1w.nii.gz,1,0.0
OAS30861,d1702,2004-08-29,/project/rrg-mchakrav-ab/moncia/oasis_3_bids/sub-OAS30861/ses-d1702/anat/sub-OAS30861_ses-d1702_T1w.nii.gz,1,0.0
OAS30862,d3654,2010-01-02,/project/rrg-mchakrav-ab/moncia/oasis_3_bids/sub-OAS30862/ses-d3654/anat/sub-OAS30862_ses-d3654_T1w.nii.gz,2,0.5
OAS30863,d0171,2000-06-20,/project/rrg-mchakrav-ab/moncia/oasis_3_bids/sub-OAS30863/ses-d0171/anat/sub-OAS30863_ses-d0171_run-01_T1w.nii.gz,1,0.0
OAS30863,d1260,2003-06-14,/project/rrg-mchakrav-ab/moncia/oasis_3_bids/sub-OAS30863/ses-d1260/anat/sub-OAS30863_ses-d1260_run-01_T1w.nii.gz,1,0.0
OAS30863,d1607,2004-05-26,/project/rrg-mchakrav-ab/moncia/oasis_3_bids/sub-OAS30863/ses-d1607/anat/sub-OAS30863_ses-d1607_run-01_T1w.nii.gz,1,0.0
OAS30863,d4148,2011-05-11,/project/rrg-mchakrav-ab/moncia/oasis_3_bids/sub-OAS30863/ses-d4148/anat/sub-OAS30863_ses-d4148_T1w.nii.gz,2,0.5
OAS30864,d0603,2001-08-26,/project/rrg-mchakrav-ab/moncia/oasis_3_bids/sub-OAS30864/ses-d0603/anat/sub-OAS30864_ses-d0603_T1w.nii.gz,2,0.5
OAS30865,d0109,2000-04-19,/project/rrg-mchakrav-ab/moncia/oasis_3_bids/sub-OAS30865/ses-d0109/anat/sub-OAS30865_ses-d0109_run-01_T1w.nii.gz,2,0.5
OAS30866,d0033,2000-02-03,/project/rrg-mchakrav-ab/moncia/oasis_3_bids/sub-OAS30866/ses-d0033/anat/sub-OAS30866_ses-d0033_T1w.nii.gz,3,1.0
OAS30866,d0640,2001-10-02,/project/rrg-mchakrav-ab/moncia/oasis_3_bids/sub-OAS30866/ses-d0640/anat/sub-OAS30866_ses-d0640_T1w.nii.gz,3,1.0
OAS30867,d0161,2000-06-10,/project/rrg-mchakrav-ab/moncia/oasis_3_bids/sub-OAS30867/ses-d0161/anat/sub-OAS30867_ses-d0161_run-01_T1w.nii.gz,1,0.0
OAS30867,d0647,2001-10-09,/project/rrg-mchakrav-ab/moncia/oasis_3_bids/sub-OAS30867/ses-d0647/anat/sub-OAS30867_ses-d0647_run-01_T1w.nii.gz,1,0.0
OAS30867,d1764,2004-10-30,/project/rrg-mchakrav-ab/moncia/oasis_3_bids/sub-OAS30867/ses-d1764/anat/sub-OAS30867_ses-d1764_run-01_T1w.nii.gz,2,0.5
OAS30867,d2660,2007-04-14,/project/rrg-mchakrav-ab/moncia/oasis_3_bids/sub-OAS30867/ses-d2660/anat/sub-OAS30867_ses-d2660_T1w.nii.gz,2,0.5
OAS30867,d4407,2012-01-25,/project/rrg-mchakrav-ab/moncia/oasis_3_bids/sub-OAS30867/ses-d4407/anat/sub-OAS30867_ses-d4407_T1w.nii.gz,1,0.0
OAS30868,d0115,2000-04-25,/project/rrg-mchakrav-ab/moncia/oasis_3_bids/sub-OAS30868/ses-d0115/anat/sub-OAS30868_ses-d0115_run-01_T1w.nii.gz,3,1.0
OAS30869,d0077,2000-03-18,/project/rrg-mchakrav-ab/moncia/oasis_3_bids/sub-OAS30869/ses-d0077/anat/sub-OAS30869_ses-d0077_run-01_T1w.nii.gz,1,0.0
OAS30869,d1691,2004-08-18,/project/rrg-mchakrav-ab/moncia/oasis_3_bids/sub-OAS30869/ses-d1691/anat/sub-OAS30869_ses-d1691_T1w.nii.gz,2,0.5
OAS30869,d2290,2006-04-09,/project/rrg-mchakrav-ab/moncia/oasis_3_bids/sub-OAS30869/ses-d2290/anat/sub-OAS30869_ses-d2290_T1w.nii.gz,3,1.0
OAS30870,d1926,2005-04-10,/project/rrg-mchakrav-ab/moncia/oasis_3_bids/sub-OAS30870/ses-d1926/anat/sub-OAS30870_ses-d1926_run-01_T1w.nii.gz,1,0.0
OAS30870,d3066,2008-05-24,/project/rrg-mchakrav-ab/moncia/oasis_3_bids/sub-OAS30870/ses-d3066/anat/sub-OAS30870_ses-d3066_run-01_T1w.nii.gz,1,0.0
OAS30870,d3785,2010-05-13,/project/rrg-mchakrav-ab/moncia/oasis_3_bids/sub-OAS30870/ses-d3785/anat/sub-OAS30870_ses-d3785_run-01_T1w.nii.gz,2,0.5
OAS30871,d0040,2000-02-10,/project/rrg-mchakrav-ab/moncia/oasis_3_bids/sub-OAS30871/ses-d0040/anat/sub-OAS30871_ses-d0040_T1w.nii.gz,1,0.0
OAS30871,d2282,2006-04-01,/project/rrg-mchakrav-ab/moncia/oasis_3_bids/sub-OAS30871/ses-d2282/anat/sub-OAS30871_ses-d2282_T1w.nii.gz,1,0.0
OAS30872,d0179,2000-06-28,/project/rrg-mchakrav-ab/moncia/oasis_3_bids/sub-OAS30872/ses-d0179/anat/sub-OAS30872_ses-d0179_run-01_T1w.nii.gz,1,0.0
OAS30872,d3057,2008-05-15,/project/rrg-mchakrav-ab/moncia/oasis_3_bids/sub-OAS30872/ses-d3057/anat/sub-OAS30872_ses-d3057_T1w.nii.gz,1,0.0
OAS30872,d3097,2008-06-24,/project/rrg-mchakrav-ab/moncia/oasis_3_bids/sub-OAS30872/ses-d3097/anat/sub-OAS30872_ses-d3097_T1w.nii.gz,1,0.0
OAS30873,d0026,2000-01-27,/project/rrg-mchakrav-ab/moncia/oasis_3_bids/sub-OAS30873/ses-d0026/anat/sub-OAS30873_ses-d0026_run-01_T1w.nii.gz,2,0.5
OAS30874,d0057,2000-02-27,/project/rrg-mchakrav-ab/moncia/oasis_3_bids/sub-OAS30874/ses-d0057/anat/sub-OAS30874_ses-d0057_run-01_T1w.nii.gz,2,0.5
OAS30875,d0154,2000-06-03,/project/rrg-mchakrav-ab/moncia/oasis_3_bids/sub-OAS30875/ses-d0154/anat/sub-OAS30875_ses-d0154_T1w.nii.gz,1,0.0
OAS30875,d1252,2003-06-06,/project/rrg-mchakrav-ab/moncia/oasis_3_bids/sub-OAS30875/ses-d1252/anat/sub-OAS30875_ses-d1252_T1w.nii.gz,1,0.0
OAS30876,d0126,2000-05-06,/project/rrg-mchakrav-ab/moncia/oasis_3_bids/sub-OAS30876/ses-d0126/anat/sub-OAS30876_ses-d0126_run-01_T1w.nii.gz,1,0.0
OAS30876,d3364,2009-03-18,/project/rrg-mchakrav-ab/moncia/oasis_3_bids/sub-OAS30876/ses-d3364/anat/sub-OAS30876_ses-d3364_T1w.nii.gz,1,0.0
OAS30876,d3427,2009-05-20,/project/rrg-mchakrav-ab/moncia/oasis_3_bids/sub-OAS30876/ses-d3427/anat/sub-OAS30876_ses-d3427_T1w.nii.gz,1,0.0
OAS30876,d4592,2012-07-28,/project/rrg-mchakrav-ab/moncia/oasis_3_bids/sub-OAS30876/ses-d4592/anat/sub-OAS30876_ses-d4592_T1w.nii.gz,1,0.0
OAS30877,d2308,2006-04-27,/project/rrg-mchakrav-ab/moncia/oasis_3_bids/sub-OAS30877/ses-d2308/anat/sub-OAS30877_ses-d2308_T1w.nii.gz,1,0.0
OAS30878,d0105,2000-04-15,/project/rrg-mchakrav-ab/moncia/oasis_3_bids/sub-OAS30878/ses-d0105/anat/sub-OAS30878_ses-d0105_run-01_T1w.nii.gz,3,1.0
OAS30878,d2556,2006-12-31,/project/rrg-mchakrav-ab/moncia/oasis_3_bids/sub-OAS30878/ses-d2556/anat/sub-OAS30878_ses-d2556_T1w.nii.gz,3,1.0
OAS30879,d3497,2009-07-29,/project/rrg-mchakrav-ab/moncia/oasis_3_bids/sub-OAS30879/ses-d3497/anat/sub-OAS30879_ses-d3497_T1w.nii.gz,1,0.0
OAS30880,d1166,2003-03-12,/project/rrg-mchakrav-ab/moncia/oasis_3_bids/sub-OAS30880/ses-d1166/anat/sub-OAS30880_ses-d1166_run-01_T1w.nii.gz,1,0.0
OAS30881,d0152,2000-06-01,/project/rrg-mchakrav-ab/moncia/oasis_3_bids/sub-OAS30881/ses-d0152/anat/sub-OAS30881_ses-d0152_T1w.nii.gz,1,0.0
OAS30881,d0304,2000-10-31,/project/rrg-mchakrav-ab/moncia/oasis_3_bids/sub-OAS30881/ses-d0304/anat/sub-OAS30881_ses-d0304_run-01_T1w.nii.gz,1,0.0
OAS30881,d0804,2002-03-15,/project/rrg-mchakrav-ab/moncia/oasis_3_bids/sub-OAS30881/ses-d0804/anat/sub-OAS30881_ses-d0804_run-01_T1w.nii.gz,1,0.0
OAS30881,d1252,2003-06-06,/project/rrg-mchakrav-ab/moncia/oasis_3_bids/sub-OAS30881/ses-d1252/anat/sub-OAS30881_ses-d1252_run-01_T1w.nii.gz,1,0.0
OAS30881,d2593,2007-02-06,/project/rrg-mchakrav-ab/moncia/oasis_3_bids/sub-OAS30881/ses-d2593/anat/sub-OAS30881_ses-d2593_T1w.nii.gz,1,0.0
OAS30881,d3163,2008-08-29,/project/rrg-mchakrav-ab/moncia/oasis_3_bids/sub-OAS30881/ses-d3163/anat/sub-OAS30881_ses-d3163_T1w.nii.gz,1,0.0
OAS30883,d0282,2000-10-09,/project/rrg-mchakrav-ab/moncia/oasis_3_bids/sub-OAS30883/ses-d0282/anat/sub-OAS30883_ses-d0282_run-01_T1w.nii.gz,1,0.0
OAS30883,d0842,2002-04-22,/project/rrg-mchakrav-ab/moncia/oasis_3_bids/sub-OAS30883/ses-d0842/anat/sub-OAS30883_ses-d0842_run-01_T1w.nii.gz,1,0.0
OAS30884,d2400,2006-07-28,/project/rrg-mchakrav-ab/moncia/oasis_3_bids/sub-OAS30884/ses-d2400/anat/sub-OAS30884_ses-d2400_run-01_T1w.nii.gz,1,0.0
OAS30884,d3204,2008-10-09,/project/rrg-mchakrav-ab/moncia/oasis_3_bids/sub-OAS30884/ses-d3204/anat/sub-OAS30884_ses-d3204_T1w.nii.gz,2,0.5
OAS30884,d4499,2012-04-26,/project/rrg-mchakrav-ab/moncia/oasis_3_bids/sub-OAS30884/ses-d4499/anat/sub-OAS30884_ses-d4499_T1w.nii.gz,3,1.0
OAS30885,d0075,2000-03-16,/project/rrg-mchakrav-ab/moncia/oasis_3_bids/sub-OAS30885/ses-d0075/anat/sub-OAS30885_ses-d0075_run-01_T1w.nii.gz,2,0.5
OAS30886,d0045,2000-02-15,/project/rrg-mchakrav-ab/moncia/oasis_3_bids/sub-OAS30886/ses-d0045/anat/sub-OAS30886_ses-d0045_run-01_T1w.nii.gz,2,0.5
OAS30887,d0064,2000-03-05,/project/rrg-mchakrav-ab/moncia/oasis_3_bids/sub-OAS30887/ses-d0064/anat/sub-OAS30887_ses-d0064_T1w.nii.gz,1,0.0
OAS30887,d1407,2003-11-08,/project/rrg-mchakrav-ab/moncia/oasis_3_bids/sub-OAS30887/ses-d1407/anat/sub-OAS30887_ses-d1407_T1w.nii.gz,1,0.0
OAS30887,d2368,2006-06-26,/project/rrg-mchakrav-ab/moncia/oasis_3_bids/sub-OAS30887/ses-d2368/anat/sub-OAS30887_ses-d2368_T1w.nii.gz,1,0.0
OAS30888,d0066,2000-03-07,/project/rrg-mchakrav-ab/moncia/oasis_3_bids/sub-OAS30888/ses-d0066/anat/sub-OAS30888_ses-d0066_T1w.nii.gz,1,0.0
OAS30890,d0859,2002-05-09,/project/rrg-mchakrav-ab/moncia/oasis_3_bids/sub-OAS30890/ses-d0859/anat/sub-OAS30890_ses-d0859_run-01_T1w.nii.gz,1,0.0
OAS30891,d0213,2000-08-01,/project/rrg-mchakrav-ab/moncia/oasis_3_bids/sub-OAS30891/ses-d0213/anat/sub-OAS30891_ses-d0213_run-01_T1w.nii.gz,1,0.0
OAS30892,d0029,2000-01-30,/project/rrg-mchakrav-ab/moncia/oasis_3_bids/sub-OAS30892/ses-d0029/anat/sub-OAS30892_ses-d0029_T1w.nii.gz,3,1.0
OAS30893,d0053,2000-02-23,/project/rrg-mchakrav-ab/moncia/oasis_3_bids/sub-OAS30893/ses-d0053/anat/sub-OAS30893_ses-d0053_run-01_T1w.nii.gz,2,0.5
OAS30895,d0077,2000-03-18,/project/rrg-mchakrav-ab/moncia/oasis_3_bids/sub-OAS30895/ses-d0077/anat/sub-OAS30895_ses-d0077_T1w.nii.gz,1,0.0
OAS30895,d1209,2003-04-24,/project/rrg-mchakrav-ab/moncia/oasis_3_bids/sub-OAS30895/ses-d1209/anat/sub-OAS30895_ses-d1209_T1w.nii.gz,1,0.0
OAS30896,d0439,2001-03-15,/project/rrg-mchakrav-ab/moncia/oasis_3_bids/sub-OAS30896/ses-d0439/anat/sub-OAS30896_ses-d0439_run-01_T1w.nii.gz,1,0.0
OAS30896,d1588,2004-05-07,/project/rrg-mchakrav-ab/moncia/oasis_3_bids/sub-OAS30896/ses-d1588/anat/sub-OAS30896_ses-d1588_T1w.nii.gz,2,0.5
OAS30896,d3528,2009-08-29,/project/rrg-mchakrav-ab/moncia/oasis_3_bids/sub-OAS30896/ses-d3528/anat/sub-OAS30896_ses-d3528_T1w.nii.gz,1,0.0
OAS30897,d1217,2003-05-02,/project/rrg-mchakrav-ab/moncia/oasis_3_bids/sub-OAS30897/ses-d1217/anat/sub-OAS30897_ses-d1217_T1w.nii.gz,1,0.0
OAS30898,d0358,2000-12-24,/project/rrg-mchakrav-ab/moncia/oasis_3_bids/sub-OAS30898/ses-d0358/anat/sub-OAS30898_ses-d0358_run-01_T1w.nii.gz,1,0.0
OAS30898,d0946,2002-08-04,/project/rrg-mchakrav-ab/moncia/oasis_3_bids/sub-OAS30898/ses-d0946/anat/sub-OAS30898_ses-d0946_run-01_T1w.nii.gz,1,0.0
OAS30899,d0070,2000-03-11,/project/rrg-mchakrav-ab/moncia/oasis_3_bids/sub-OAS30899/ses-d0070/anat/sub-OAS30899_ses-d0070_run-01_T1w.nii.gz,1,0.0
OAS30899,d0072,2000-03-13,/project/rrg-mchakrav-ab/moncia/oasis_3_bids/sub-OAS30899/ses-d0072/anat/sub-OAS30899_ses-d0072_run-01_T1w.nii.gz,1,0.0
OAS30899,d1616,2004-06-04,/project/rrg-mchakrav-ab/moncia/oasis_3_bids/sub-OAS30899/ses-d1616/anat/sub-OAS30899_ses-d1616_T1w.nii.gz,2,0.5
OAS30899,d2324,2006-05-13,/project/rrg-mchakrav-ab/moncia/oasis_3_bids/sub-OAS30899/ses-d2324/anat/sub-OAS30899_ses-d2324_T1w.nii.gz,3,1.0
OAS30899,d2471,2006-10-07,/project/rrg-mchakrav-ab/moncia/oasis_3_bids/sub-OAS30899/ses-d2471/anat/sub-OAS30899_ses-d2471_T1w.nii.gz,3,1.0
OAS30900,d0051,2000-02-21,/project/rrg-mchakrav-ab/moncia/oasis_3_bids/sub-OAS30900/ses-d0051/anat/sub-OAS30900_ses-d0051_T1w.nii.gz,1,0.0
OAS30900,d1058,2002-11-24,/project/rrg-mchakrav-ab/moncia/oasis_3_bids/sub-OAS30900/ses-d1058/anat/sub-OAS30900_ses-d1058_T1w.nii.gz,1,0.0
OAS30901,d0155,2000-06-04,/project/rrg-mchakrav-ab/moncia/oasis_3_bids/sub-OAS30901/ses-d0155/anat/sub-OAS30901_ses-d0155_T1w.nii.gz,3,1.0
OAS30902,d0015,2000-01-16,/project/rrg-mchakrav-ab/moncia/oasis_3_bids/sub-OAS30902/ses-d0015/anat/sub-OAS30902_ses-d0015_run-01_T1w.nii.gz,2,0.5
OAS30903,d0046,2000-02-16,/project/rrg-mchakrav-ab/moncia/oasis_3_bids/sub-OAS30903/ses-d0046/anat/sub-OAS30903_ses-d0046_T1w.nii.gz,1,0.0
OAS30904,d1304,2003-07-28,/project/rrg-mchakrav-ab/moncia/oasis_3_bids/sub-OAS30904/ses-d1304/anat/sub-OAS30904_ses-d1304_run-01_T1w.nii.gz,1,0.0
OAS30904,d2802,2007-09-03,/project/rrg-mchakrav-ab/moncia/oasis_3_bids/sub-OAS30904/ses-d2802/anat/sub-OAS30904_ses-d2802_T1w.nii.gz,1,0.0
OAS30904,d4786,2013-02-07,/project/rrg-mchakrav-ab/moncia/oasis_3_bids/sub-OAS30904/ses-d4786/anat/sub-OAS30904_ses-d4786_T1w.nii.gz,1,0.0
OAS30905,d0154,2000-06-03,/project/rrg-mchakrav-ab/moncia/oasis_3_bids/sub-OAS30905/ses-d0154/anat/sub-OAS30905_ses-d0154_run-01_T1w.nii.gz,1,0.0
OAS30905,d2331,2006-05-20,/project/rrg-mchakrav-ab/moncia/oasis_3_bids/sub-OAS30905/ses-d2331/anat/sub-OAS30905_ses-d2331_T1w.nii.gz,1,0.0
OAS30905,d3084,2008-06-11,/project/rrg-mchakrav-ab/moncia/oasis_3_bids/sub-OAS30905/ses-d3084/anat/sub-OAS30905_ses-d3084_T1w.nii.gz,1,0.0
OAS30906,d0035,2000-02-05,/project/rrg-mchakrav-ab/moncia/oasis_3_bids/sub-OAS30906/ses-d0035/anat/sub-OAS30906_ses-d0035_run-01_T1w.nii.gz,1,0.0
OAS30907,d0084,2000-03-25,/project/rrg-mchakrav-ab/moncia/oasis_3_bids/sub-OAS30907/ses-d0084/anat/sub-OAS30907_ses-d0084_run-01_T1w.nii.gz,1,0.0
OAS30907,d0813,2002-03-24,/project/rrg-mchakrav-ab/moncia/oasis_3_bids/sub-OAS30907/ses-d0813/anat/sub-OAS30907_ses-d0813_run-01_T1w.nii.gz,1,0.0
OAS30907,d1953,2005-05-07,/project/rrg-mchakrav-ab/moncia/oasis_3_bids/sub-OAS30907/ses-d1953/anat/sub-OAS30907_ses-d1953_T1w.nii.gz,1,0.0
OAS30907,d3359,2009-03-13,/project/rrg-mchakrav-ab/moncia/oasis_3_bids/sub-OAS30907/ses-d3359/anat/sub-OAS30907_ses-d3359_T1w.nii.gz,1,0.0
OAS30908,d0065,2000-03-06,/project/rrg-mchakrav-ab/moncia/oasis_3_bids/sub-OAS30908/ses-d0065/anat/sub-OAS30908_ses-d0065_run-01_T1w.nii.gz,1,0.0
OAS30908,d0617,2001-09-09,/project/rrg-mchakrav-ab/moncia/oasis_3_bids/sub-OAS30908/ses-d0617/anat/sub-OAS30908_ses-d0617_run-01_T1w.nii.gz,1,0.0
OAS30908,d3517,2009-08-18,/project/rrg-mchakrav-ab/moncia/oasis_3_bids/sub-OAS30908/ses-d3517/anat/sub-OAS30908_ses-d3517_T1w.nii.gz,2,0.5
OAS30909,d0109,2000-04-19,/project/rrg-mchakrav-ab/moncia/oasis_3_bids/sub-OAS30909/ses-d0109/anat/sub-OAS30909_ses-d0109_run-01_T1w.nii.gz,1,0.0
OAS30910,d0090,2000-03-31,/project/rrg-mchakrav-ab/moncia/oasis_3_bids/sub-OAS30910/ses-d0090/anat/sub-OAS30910_ses-d0090_T1w.nii.gz,1,0.0
OAS30910,d1028,2002-10-25,/project/rrg-mchakrav-ab/moncia/oasis_3_bids/sub-OAS30910/ses-d1028/anat/sub-OAS30910_ses-d1028_T1w.nii.gz,1,0.0
OAS30911,d0099,2000-04-09,/project/rrg-mchakrav-ab/moncia/oasis_3_bids/sub-OAS30911/ses-d0099/anat/sub-OAS30911_ses-d0099_run-01_T1w.nii.gz,3,2.0
OAS30913,d0931,2002-07-20,/project/rrg-mchakrav-ab/moncia/oasis_3_bids/sub-OAS30913/ses-d0931/anat/sub-OAS30913_ses-d0931_T1w.nii.gz,1,0.0
OAS30913,d2007,2005-06-30,/project/rrg-mchakrav-ab/moncia/oasis_3_bids/sub-OAS30913/ses-d2007/anat/sub-OAS30913_ses-d2007_T1w.nii.gz,1,0.0
OAS30914,d0108,2000-04-18,/project/rrg-mchakrav-ab/moncia/oasis_3_bids/sub-OAS30914/ses-d0108/anat/sub-OAS30914_ses-d0108_run-01_T1w.nii.gz,3,1.0
OAS30915,d0085,2000-03-26,/project/rrg-mchakrav-ab/moncia/oasis_3_bids/sub-OAS30915/ses-d0085/anat/sub-OAS30915_ses-d0085_T1w.nii.gz,2,0.5
OAS30916,d0172,2000-06-21,/project/rrg-mchakrav-ab/moncia/oasis_3_bids/sub-OAS30916/ses-d0172/anat/sub-OAS30916_ses-d0172_T1w.nii.gz,1,0.0
OAS30917,d0053,2000-02-23,/project/rrg-mchakrav-ab/moncia/oasis_3_bids/sub-OAS30917/ses-d0053/anat/sub-OAS30917_ses-d0053_T1w.nii.gz,1,0.0
OAS30917,d1196,2003-04-11,/project/rrg-mchakrav-ab/moncia/oasis_3_bids/sub-OAS30917/ses-d1196/anat/sub-OAS30917_ses-d1196_T1w.nii.gz,1,0.0
OAS30917,d1222,2003-05-07,/project/rrg-mchakrav-ab/moncia/oasis_3_bids/sub-OAS30917/ses-d1222/anat/sub-OAS30917_ses-d1222_T1w.nii.gz,1,0.0
OAS30918,d0089,2000-03-30,/project/rrg-mchakrav-ab/moncia/oasis_3_bids/sub-OAS30918/ses-d0089/anat/sub-OAS30918_ses-d0089_run-01_T1w.nii.gz,2,0.5
OAS30919,d0035,2000-02-05,/project/rrg-mchakrav-ab/moncia/oasis_3_bids/sub-OAS30919/ses-d0035/anat/sub-OAS30919_ses-d0035_run-01_T1w.nii.gz,1,0.0
OAS30919,d3650,2009-12-29,/project/rrg-mchakrav-ab/moncia/oasis_3_bids/sub-OAS30919/ses-d3650/anat/sub-OAS30919_ses-d3650_T1w.nii.gz,1,0.0
OAS30919,d4506,2012-05-03,/project/rrg-mchakrav-ab/moncia/oasis_3_bids/sub-OAS30919/ses-d4506/anat/sub-OAS30919_ses-d4506_T1w.nii.gz,1,0.0
OAS30919,d5473,2014-12-26,/project/rrg-mchakrav-ab/moncia/oasis_3_bids/sub-OAS30919/ses-d5473/anat/sub-OAS30919_ses-d5473_run-01_T1w.nii.gz,1,0.0
OAS30920,d0155,2000-06-04,/project/rrg-mchakrav-ab/moncia/oasis_3_bids/sub-OAS30920/ses-d0155/anat/sub-OAS30920_ses-d0155_run-01_T1w.nii.gz,1,0.0
OAS30920,d1125,2003-01-30,/project/rrg-mchakrav-ab/moncia/oasis_3_bids/sub-OAS30920/ses-d1125/anat/sub-OAS30920_ses-d1125_run-01_T1w.nii.gz,1,0.0
OAS30920,d1924,2005-04-08,/project/rrg-mchakrav-ab/moncia/oasis_3_bids/sub-OAS30920/ses-d1924/anat/sub-OAS30920_ses-d1924_run-01_T1w.nii.gz,1,0.0
OAS30921,d1141,2003-02-15,/project/rrg-mchakrav-ab/moncia/oasis_3_bids/sub-OAS30921/ses-d1141/anat/sub-OAS30921_ses-d1141_run-01_T1w.nii.gz,1,0.0
OAS30921,d2464,2006-09-30,/project/rrg-mchakrav-ab/moncia/oasis_3_bids/sub-OAS30921/ses-d2464/anat/sub-OAS30921_ses-d2464_run-01_T1w.nii.gz,1,0.0
OAS30921,d2468,2006-10-04,/project/rrg-mchakrav-ab/moncia/oasis_3_bids/sub-OAS30921/ses-d2468/anat/sub-OAS30921_ses-d2468_run-01_T1w.nii.gz,1,0.0
OAS30921,d2923,2008-01-02,/project/rrg-mchakrav-ab/moncia/oasis_3_bids/sub-OAS30921/ses-d2923/anat/sub-OAS30921_ses-d2923_T1w.nii.gz,1,0.0
OAS30921,d3232,2008-11-06,/project/rrg-mchakrav-ab/moncia/oasis_3_bids/sub-OAS30921/ses-d3232/anat/sub-OAS30921_ses-d3232_T1w.nii.gz,1,0.0
OAS30922,d0058,2000-02-28,/project/rrg-mchakrav-ab/moncia/oasis_3_bids/sub-OAS30922/ses-d0058/anat/sub-OAS30922_ses-d0058_T1w.nii.gz,1,0.0
OAS30922,d1406,2003-11-07,/project/rrg-mchakrav-ab/moncia/oasis_3_bids/sub-OAS30922/ses-d1406/anat/sub-OAS30922_ses-d1406_T1w.nii.gz,1,0.0
OAS30923,d4802,2013-02-23,/project/rrg-mchakrav-ab/moncia/oasis_3_bids/sub-OAS30923/ses-d4802/anat/sub-OAS30923_ses-d4802_run-01_T1w.nii.gz,2,0.5
OAS30923,d5307,2014-07-13,/project/rrg-mchakrav-ab/moncia/oasis_3_bids/sub-OAS30923/ses-d5307/anat/sub-OAS30923_ses-d5307_run-01_T1w.nii.gz,1,0.0
OAS30923,d6337,2017-05-08,/project/rrg-mchakrav-ab/moncia/oasis_3_bids/sub-OAS30923/ses-d6337/anat/sub-OAS30923_ses-d6337_run-01_T1w.nii.gz,2,0.5
OAS30924,d0069,2000-03-10,/project/rrg-mchakrav-ab/moncia/oasis_3_bids/sub-OAS30924/ses-d0069/anat/sub-OAS30924_ses-d0069_T1w.nii.gz,1,0.0
OAS30925,d0196,2000-07-15,/project/rrg-mchakrav-ab/moncia/oasis_3_bids/sub-OAS30925/ses-d0196/anat/sub-OAS30925_ses-d0196_run-01_T1w.nii.gz,2,0.5
OAS30926,d0092,2000-04-02,/project/rrg-mchakrav-ab/moncia/oasis_3_bids/sub-OAS30926/ses-d0092/anat/sub-OAS30926_ses-d0092_T1w.nii.gz,2,0.5
OAS30926,d1520,2004-02-29,/project/rrg-mchakrav-ab/moncia/oasis_3_bids/sub-OAS30926/ses-d1520/anat/sub-OAS30926_ses-d1520_T1w.nii.gz,3,1.0
OAS30927,d0145,2000-05-25,/project/rrg-mchakrav-ab/moncia/oasis_3_bids/sub-OAS30927/ses-d0145/anat/sub-OAS30927_ses-d0145_T1w.nii.gz,1,0.0
OAS30927,d1180,2003-03-26,/project/rrg-mchakrav-ab/moncia/oasis_3_bids/sub-OAS30927/ses-d1180/anat/sub-OAS30927_ses-d1180_T1w.nii.gz,1,0.0
OAS30928,d0177,2000-06-26,/project/rrg-mchakrav-ab/moncia/oasis_3_bids/sub-OAS30928/ses-d0177/anat/sub-OAS30928_ses-d0177_T1w.nii.gz,2,0.5
OAS30928,d0884,2002-06-03,/project/rrg-mchakrav-ab/moncia/oasis_3_bids/sub-OAS30928/ses-d0884/anat/sub-OAS30928_ses-d0884_T1w.nii.gz,3,1.0
OAS30929,d0115,2000-04-25,/project/rrg-mchakrav-ab/moncia/oasis_3_bids/sub-OAS30929/ses-d0115/anat/sub-OAS30929_ses-d0115_run-01_T1w.nii.gz,1,0.0
OAS30929,d0699,2001-11-30,/project/rrg-mchakrav-ab/moncia/oasis_3_bids/sub-OAS30929/ses-d0699/anat/sub-OAS30929_ses-d0699_run-01_T1w.nii.gz,2,0.5
OAS30930,d0414,2001-02-18,/project/rrg-mchakrav-ab/moncia/oasis_3_bids/sub-OAS30930/ses-d0414/anat/sub-OAS30930_ses-d0414_run-01_T1w.nii.gz,2,0.5
OAS30930,d0900,2002-06-19,/project/rrg-mchakrav-ab/moncia/oasis_3_bids/sub-OAS30930/ses-d0900/anat/sub-OAS30930_ses-d0900_run-01_T1w.nii.gz,3,1.0
OAS30931,d0489,2001-05-04,/project/rrg-mchakrav-ab/moncia/oasis_3_bids/sub-OAS30931/ses-d0489/anat/sub-OAS30931_ses-d0489_T1w.nii.gz,2,0.5
OAS30932,d4007,2010-12-21,/project/rrg-mchakrav-ab/moncia/oasis_3_bids/sub-OAS30932/ses-d4007/anat/sub-OAS30932_ses-d4007_run-01_T1w.nii.gz,2,0.5
OAS30933,d0052,2000-02-22,/project/rrg-mchakrav-ab/moncia/oasis_3_bids/sub-OAS30933/ses-d0052/anat/sub-OAS30933_ses-d0052_run-01_T1w.nii.gz,1,0.0
OAS30933,d2167,2005-12-07,/project/rrg-mchakrav-ab/moncia/oasis_3_bids/sub-OAS30933/ses-d2167/anat/sub-OAS30933_ses-d2167_T1w.nii.gz,1,0.0
OAS30933,d2251,2006-03-01,/project/rrg-mchakrav-ab/moncia/oasis_3_bids/sub-OAS30933/ses-d2251/anat/sub-OAS30933_ses-d2251_T1w.nii.gz,1,0.0
OAS30933,d3460,2009-06-22,/project/rrg-mchakrav-ab/moncia/oasis_3_bids/sub-OAS30933/ses-d3460/anat/sub-OAS30933_ses-d3460_T1w.nii.gz,1,0.0
OAS30933,d3788,2010-05-16,/project/rrg-mchakrav-ab/moncia/oasis_3_bids/sub-OAS30933/ses-d3788/anat/sub-OAS30933_ses-d3788_run-01_T1w.nii.gz,1,0.0
OAS30934,d0520,2001-06-04,/project/rrg-mchakrav-ab/moncia/oasis_3_bids/sub-OAS30934/ses-d0520/anat/sub-OAS30934_ses-d0520_T1w.nii.gz,1,0.0
OAS30934,d2150,2005-11-20,/project/rrg-mchakrav-ab/moncia/oasis_3_bids/sub-OAS30934/ses-d2150/anat/sub-OAS30934_ses-d2150_T1w.nii.gz,2,0.5
OAS30936,d6301,2017-04-02,/project/rrg-mchakrav-ab/moncia/oasis_3_bids/sub-OAS30936/ses-d6301/anat/sub-OAS30936_ses-d6301_run-01_T1w.nii.gz,1,0.0
OAS30936,d6483,2017-10-01,/project/rrg-mchakrav-ab/moncia/oasis_3_bids/sub-OAS30936/ses-d6483/anat/sub-OAS30936_ses-d6483_run-01_T1w.nii.gz,1,0.0
OAS30936,d7225,2019-10-13,/project/rrg-mchakrav-ab/moncia/oasis_3_bids/sub-OAS30936/ses-d7225/anat/sub-OAS30936_ses-d7225_run-01_T1w.nii.gz,1,0.0
OAS30938,d0095,2000-04-05,/project/rrg-mchakrav-ab/moncia/oasis_3_bids/sub-OAS30938/ses-d0095/anat/sub-OAS30938_ses-d0095_T1w.nii.gz,1,0.0
OAS30938,d1242,2003-05-27,/project/rrg-mchakrav-ab/moncia/oasis_3_bids/sub-OAS30938/ses-d1242/anat/sub-OAS30938_ses-d1242_T1w.nii.gz,1,0.0
OAS30939,d0483,2001-04-28,/project/rrg-mchakrav-ab/moncia/oasis_3_bids/sub-OAS30939/ses-d0483/anat/sub-OAS30939_ses-d0483_T1w.nii.gz,1,0.0
OAS30939,d1968,2005-05-22,/project/rrg-mchakrav-ab/moncia/oasis_3_bids/sub-OAS30939/ses-d1968/anat/sub-OAS30939_ses-d1968_T1w.nii.gz,1,0.0
OAS30941,d0786,2002-02-25,/project/rrg-mchakrav-ab/moncia/oasis_3_bids/sub-OAS30941/ses-d0786/anat/sub-OAS30941_ses-d0786_run-01_T1w.nii.gz,3,1.0
OAS30942,d0111,2000-04-21,/project/rrg-mchakrav-ab/moncia/oasis_3_bids/sub-OAS30942/ses-d0111/anat/sub-OAS30942_ses-d0111_run-01_T1w.nii.gz,1,0.0
OAS30942,d0752,2002-01-22,/project/rrg-mchakrav-ab/moncia/oasis_3_bids/sub-OAS30942/ses-d0752/anat/sub-OAS30942_ses-d0752_run-01_T1w.nii.gz,1,0.0
OAS30943,d0295,2000-10-22,/project/rrg-mchakrav-ab/moncia/oasis_3_bids/sub-OAS30943/ses-d0295/anat/sub-OAS30943_ses-d0295_T1w.nii.gz,1,0.0
OAS30944,d0089,2000-03-30,/project/rrg-mchakrav-ab/moncia/oasis_3_bids/sub-OAS30944/ses-d0089/anat/sub-OAS30944_ses-d0089_run-01_T1w.nii.gz,1,0.0
OAS30945,d0155,2000-06-04,/project/rrg-mchakrav-ab/moncia/oasis_3_bids/sub-OAS30945/ses-d0155/anat/sub-OAS30945_ses-d0155_T1w.nii.gz,1,0.0
OAS30946,d0096,2000-04-06,/project/rrg-mchakrav-ab/moncia/oasis_3_bids/sub-OAS30946/ses-d0096/anat/sub-OAS30946_ses-d0096_run-01_T1w.nii.gz,1,0.0
OAS30947,d0595,2001-08-18,/project/rrg-mchakrav-ab/moncia/oasis_3_bids/sub-OAS30947/ses-d0595/anat/sub-OAS30947_ses-d0595_run-01_T1w.nii.gz,2,0.5
OAS30947,d1688,2004-08-15,/project/rrg-mchakrav-ab/moncia/oasis_3_bids/sub-OAS30947/ses-d1688/anat/sub-OAS30947_ses-d1688_run-01_T1w.nii.gz,2,0.5
OAS30948,d0076,2000-03-17,/project/rrg-mchakrav-ab/moncia/oasis_3_bids/sub-OAS30948/ses-d0076/anat/sub-OAS30948_ses-d0076_T1w.nii.gz,3,1.0
OAS30949,d0053,2000-02-23,/project/rrg-mchakrav-ab/moncia/oasis_3_bids/sub-OAS30949/ses-d0053/anat/sub-OAS30949_ses-d0053_run-01_T1w.nii.gz,1,0.0
OAS30949,d1418,2003-11-19,/project/rrg-mchakrav-ab/moncia/oasis_3_bids/sub-OAS30949/ses-d1418/anat/sub-OAS30949_ses-d1418_run-01_T1w.nii.gz,1,0.0
OAS30950,d0063,2000-03-04,/project/rrg-mchakrav-ab/moncia/oasis_3_bids/sub-OAS30950/ses-d0063/anat/sub-OAS30950_ses-d0063_T1w.nii.gz,1,0.0
OAS30952,d0133,2000-05-13,/project/rrg-mchakrav-ab/moncia/oasis_3_bids/sub-OAS30952/ses-d0133/anat/sub-OAS30952_ses-d0133_run-01_T1w.nii.gz,2,0.5
OAS30953,d0103,2000-04-13,/project/rrg-mchakrav-ab/moncia/oasis_3_bids/sub-OAS30953/ses-d0103/anat/sub-OAS30953_ses-d0103_T1w.nii.gz,2,0.5
OAS30955,d0133,2000-05-13,/project/rrg-mchakrav-ab/moncia/oasis_3_bids/sub-OAS30955/ses-d0133/anat/sub-OAS30955_ses-d0133_T1w.nii.gz,3,1.0
OAS30956,d0082,2000-03-23,/project/rrg-mchakrav-ab/moncia/oasis_3_bids/sub-OAS30956/ses-d0082/anat/sub-OAS30956_ses-d0082_T1w.nii.gz,1,0.0
OAS30957,d0030,2000-01-31,/project/rrg-mchakrav-ab/moncia/oasis_3_bids/sub-OAS30957/ses-d0030/anat/sub-OAS30957_ses-d0030_run-01_T1w.nii.gz,2,0.5
OAS30959,d0123,2000-05-03,/project/rrg-mchakrav-ab/moncia/oasis_3_bids/sub-OAS30959/ses-d0123/anat/sub-OAS30959_ses-d0123_T1w.nii.gz,1,0.0
OAS30959,d1301,2003-07-25,/project/rrg-mchakrav-ab/moncia/oasis_3_bids/sub-OAS30959/ses-d1301/anat/sub-OAS30959_ses-d1301_run-01_T1w.nii.gz,1,0.0
OAS30959,d2684,2007-05-08,/project/rrg-mchakrav-ab/moncia/oasis_3_bids/sub-OAS30959/ses-d2684/anat/sub-OAS30959_ses-d2684_T1w.nii.gz,1,0.0
OAS30959,d2692,2007-05-16,/project/rrg-mchakrav-ab/moncia/oasis_3_bids/sub-OAS30959/ses-d2692/anat/sub-OAS30959_ses-d2692_T1w.nii.gz,1,0.0
OAS30959,d3174,2008-09-09,/project/rrg-mchakrav-ab/moncia/oasis_3_bids/sub-OAS30959/ses-d3174/anat/sub-OAS30959_ses-d3174_T1w.nii.gz,2,0.5
OAS30959,d3385,2009-04-08,/project/rrg-mchakrav-ab/moncia/oasis_3_bids/sub-OAS30959/ses-d3385/anat/sub-OAS30959_ses-d3385_T1w.nii.gz,2,0.5
OAS30959,d4116,2011-04-09,/project/rrg-mchakrav-ab/moncia/oasis_3_bids/sub-OAS30959/ses-d4116/anat/sub-OAS30959_ses-d4116_T1w.nii.gz,1,0.0
OAS30959,d4631,2012-09-05,/project/rrg-mchakrav-ab/moncia/oasis_3_bids/sub-OAS30959/ses-d4631/anat/sub-OAS30959_ses-d4631_T1w.nii.gz,2,0.5
OAS30959,d4632,2012-09-06,/project/rrg-mchakrav-ab/moncia/oasis_3_bids/sub-OAS30959/ses-d4632/anat/sub-OAS30959_ses-d4632_T1w.nii.gz,2,0.5
OAS30960,d0061,2000-03-02,/project/rrg-mchakrav-ab/moncia/oasis_3_bids/sub-OAS30960/ses-d0061/anat/sub-OAS30960_ses-d0061_run-01_T1w.nii.gz,1,0.0
OAS30960,d2110,2005-10-11,/project/rrg-mchakrav-ab/moncia/oasis_3_bids/sub-OAS30960/ses-d2110/anat/sub-OAS30960_ses-d2110_run-01_T1w.nii.gz,1,0.0
OAS30960,d3518,2009-08-19,/project/rrg-mchakrav-ab/moncia/oasis_3_bids/sub-OAS30960/ses-d3518/anat/sub-OAS30960_ses-d3518_T1w.nii.gz,1,0.0
OAS30960,d4513,2012-05-10,/project/rrg-mchakrav-ab/moncia/oasis_3_bids/sub-OAS30960/ses-d4513/anat/sub-OAS30960_ses-d4513_T1w.nii.gz,1,0.0
OAS30960,d5864,2016-01-21,/project/rrg-mchakrav-ab/moncia/oasis_3_bids/sub-OAS30960/ses-d5864/anat/sub-OAS30960_ses-d5864_T1w.nii.gz,1,0.0
OAS30961,d0062,2000-03-03,/project/rrg-mchakrav-ab/moncia/oasis_3_bids/sub-OAS30961/ses-d0062/anat/sub-OAS30961_ses-d0062_T1w.nii.gz,1,0.0
OAS30962,d0007,2000-01-08,/project/rrg-mchakrav-ab/moncia/oasis_3_bids/sub-OAS30962/ses-d0007/anat/sub-OAS30962_ses-d0007_T1w.nii.gz,1,0.0
OAS30963,d0047,2000-02-17,/project/rrg-mchakrav-ab/moncia/oasis_3_bids/sub-OAS30963/ses-d0047/anat/sub-OAS30963_ses-d0047_run-01_T1w.nii.gz,1,0.0
OAS30963,d1279,2003-07-03,/project/rrg-mchakrav-ab/moncia/oasis_3_bids/sub-OAS30963/ses-d1279/anat/sub-OAS30963_ses-d1279_run-01_T1w.nii.gz,1,0.0
OAS30963,d3464,2009-06-26,/project/rrg-mchakrav-ab/moncia/oasis_3_bids/sub-OAS30963/ses-d3464/anat/sub-OAS30963_ses-d3464_T1w.nii.gz,1,0.0
OAS30964,d0397,2001-02-01,/project/rrg-mchakrav-ab/moncia/oasis_3_bids/sub-OAS30964/ses-d0397/anat/sub-OAS30964_ses-d0397_run-01_T1w.nii.gz,1,0.0
OAS30964,d1135,2003-02-09,/project/rrg-mchakrav-ab/moncia/oasis_3_bids/sub-OAS30964/ses-d1135/anat/sub-OAS30964_ses-d1135_run-01_T1w.nii.gz,1,0.0
OAS30964,d1587,2004-05-06,/project/rrg-mchakrav-ab/moncia/oasis_3_bids/sub-OAS30964/ses-d1587/anat/sub-OAS30964_ses-d1587_run-01_T1w.nii.gz,1,0.0
OAS30964,d2772,2007-08-04,/project/rrg-mchakrav-ab/moncia/oasis_3_bids/sub-OAS30964/ses-d2772/anat/sub-OAS30964_ses-d2772_T1w.nii.gz,1,0.0
OAS30964,d3870,2010-08-06,/project/rrg-mchakrav-ab/moncia/oasis_3_bids/sub-OAS30964/ses-d3870/anat/sub-OAS30964_ses-d3870_T1w.nii.gz,2,0.5
OAS30965,d0434,2001-03-10,/project/rrg-mchakrav-ab/moncia/oasis_3_bids/sub-OAS30965/ses-d0434/anat/sub-OAS30965_ses-d0434_run-01_T1w.nii.gz,2,0.5
OAS30965,d0791,2002-03-02,/project/rrg-mchakrav-ab/moncia/oasis_3_bids/sub-OAS30965/ses-d0791/anat/sub-OAS30965_ses-d0791_run-01_T1w.nii.gz,2,0.5
OAS30966,d0903,2002-06-22,/project/rrg-mchakrav-ab/moncia/oasis_3_bids/sub-OAS30966/ses-d0903/anat/sub-OAS30966_ses-d0903_run-01_T1w.nii.gz,1,0.0
OAS30966,d1267,2003-06-21,/project/rrg-mchakrav-ab/moncia/oasis_3_bids/sub-OAS30966/ses-d1267/anat/sub-OAS30966_ses-d1267_run-01_T1w.nii.gz,1,0.0
OAS30966,d1923,2005-04-07,/project/rrg-mchakrav-ab/moncia/oasis_3_bids/sub-OAS30966/ses-d1923/anat/sub-OAS30966_ses-d1923_T1w.nii.gz,1,0.0
OAS30966,d3381,2009-04-04,/project/rrg-mchakrav-ab/moncia/oasis_3_bids/sub-OAS30966/ses-d3381/anat/sub-OAS30966_ses-d3381_T1w.nii.gz,1,0.0
OAS30966,d4446,2012-03-04,/project/rrg-mchakrav-ab/moncia/oasis_3_bids/sub-OAS30966/ses-d4446/anat/sub-OAS30966_ses-d4446_T1w.nii.gz,1,0.0
OAS30967,d0098,2000-04-08,/project/rrg-mchakrav-ab/moncia/oasis_3_bids/sub-OAS30967/ses-d0098/anat/sub-OAS30967_ses-d0098_run-01_T1w.nii.gz,1,0.0
OAS30967,d0120,2000-04-30,/project/rrg-mchakrav-ab/moncia/oasis_3_bids/sub-OAS30967/ses-d0120/anat/sub-OAS30967_ses-d0120_T1w.nii.gz,1,0.0
OAS30967,d0854,2002-05-04,/project/rrg-mchakrav-ab/moncia/oasis_3_bids/sub-OAS30967/ses-d0854/anat/sub-OAS30967_ses-d0854_run-01_T1w.nii.gz,1,0.0
OAS30967,d0988,2002-09-15,/project/rrg-mchakrav-ab/moncia/oasis_3_bids/sub-OAS30967/ses-d0988/anat/sub-OAS30967_ses-d0988_run-01_T1w.nii.gz,1,0.0
OAS30968,d0166,2000-06-15,/project/rrg-mchakrav-ab/moncia/oasis_3_bids/sub-OAS30968/ses-d0166/anat/sub-OAS30968_ses-d0166_T1w.nii.gz,1,0.0
OAS30969,d0047,2000-02-17,/project/rrg-mchakrav-ab/moncia/oasis_3_bids/sub-OAS30969/ses-d0047/anat/sub-OAS30969_ses-d0047_run-01_T1w.nii.gz,1,0.0
OAS30969,d1345,2003-09-07,/project/rrg-mchakrav-ab/moncia/oasis_3_bids/sub-OAS30969/ses-d1345/anat/sub-OAS30969_ses-d1345_run-01_T1w.nii.gz,1,0.0
OAS30971,d0077,2000-03-18,/project/rrg-mchakrav-ab/moncia/oasis_3_bids/sub-OAS30971/ses-d0077/anat/sub-OAS30971_ses-d0077_run-01_T1w.nii.gz,2,0.5
OAS30972,d0842,2002-04-22,/project/rrg-mchakrav-ab/moncia/oasis_3_bids/sub-OAS30972/ses-d0842/anat/sub-OAS30972_ses-d0842_run-01_T1w.nii.gz,2,0.5
OAS30973,d0065,2000-03-06,/project/rrg-mchakrav-ab/moncia/oasis_3_bids/sub-OAS30973/ses-d0065/anat/sub-OAS30973_ses-d0065_T1w.nii.gz,1,0.0
OAS30973,d1318,2003-08-11,/project/rrg-mchakrav-ab/moncia/oasis_3_bids/sub-OAS30973/ses-d1318/anat/sub-OAS30973_ses-d1318_T1w.nii.gz,1,0.0
OAS30974,d0901,2002-06-20,/project/rrg-mchakrav-ab/moncia/oasis_3_bids/sub-OAS30974/ses-d0901/anat/sub-OAS30974_ses-d0901_T1w.nii.gz,1,0.0
OAS30975,d0008,2000-01-09,/project/rrg-mchakrav-ab/moncia/oasis_3_bids/sub-OAS30975/ses-d0008/anat/sub-OAS30975_ses-d0008_T1w.nii.gz,2,0.5
OAS30976,d0065,2000-03-06,/project/rrg-mchakrav-ab/moncia/oasis_3_bids/sub-OAS30976/ses-d0065/anat/sub-OAS30976_ses-d0065_T1w.nii.gz,3,1.0
OAS30977,d0404,2001-02-08,/project/rrg-mchakrav-ab/moncia/oasis_3_bids/sub-OAS30977/ses-d0404/anat/sub-OAS30977_ses-d0404_T1w.nii.gz,1,0.0
OAS30978,d0041,2000-02-11,/project/rrg-mchakrav-ab/moncia/oasis_3_bids/sub-OAS30978/ses-d0041/anat/sub-OAS30978_ses-d0041_T1w.nii.gz,1,0.0
OAS30978,d0059,2000-02-29,/project/rrg-mchakrav-ab/moncia/oasis_3_bids/sub-OAS30978/ses-d0059/anat/sub-OAS30978_ses-d0059_run-01_T1w.nii.gz,1,0.0
OAS30978,d0425,2001-03-01,/project/rrg-mchakrav-ab/moncia/oasis_3_bids/sub-OAS30978/ses-d0425/anat/sub-OAS30978_ses-d0425_T1w.nii.gz,1,0.0
OAS30978,d1207,2003-04-22,/project/rrg-mchakrav-ab/moncia/oasis_3_bids/sub-OAS30978/ses-d1207/anat/sub-OAS30978_ses-d1207_T1w.nii.gz,2,0.5
OAS30978,d2118,2005-10-19,/project/rrg-mchakrav-ab/moncia/oasis_3_bids/sub-OAS30978/ses-d2118/anat/sub-OAS30978_ses-d2118_T1w.nii.gz,1,0.0
OAS30979,d0051,2000-02-21,/project/rrg-mchakrav-ab/moncia/oasis_3_bids/sub-OAS30979/ses-d0051/anat/sub-OAS30979_ses-d0051_T1w.nii.gz,1,0.0
OAS30979,d0435,2001-03-11,/project/rrg-mchakrav-ab/moncia/oasis_3_bids/sub-OAS30979/ses-d0435/anat/sub-OAS30979_ses-d0435_T1w.nii.gz,1,0.0
OAS30981,d0061,2000-03-02,/project/rrg-mchakrav-ab/moncia/oasis_3_bids/sub-OAS30981/ses-d0061/anat/sub-OAS30981_ses-d0061_T1w.nii.gz,1,0.0
OAS30981,d0074,2000-03-15,/project/rrg-mchakrav-ab/moncia/oasis_3_bids/sub-OAS30981/ses-d0074/anat/sub-OAS30981_ses-d0074_T1w.nii.gz,1,0.0
OAS30982,d0063,2000-03-04,/project/rrg-mchakrav-ab/moncia/oasis_3_bids/sub-OAS30982/ses-d0063/anat/sub-OAS30982_ses-d0063_run-01_T1w.nii.gz,1,0.0
OAS30982,d1705,2004-09-01,/project/rrg-mchakrav-ab/moncia/oasis_3_bids/sub-OAS30982/ses-d1705/anat/sub-OAS30982_ses-d1705_T1w.nii.gz,1,0.0
OAS30982,d1708,2004-09-04,/project/rrg-mchakrav-ab/moncia/oasis_3_bids/sub-OAS30982/ses-d1708/anat/sub-OAS30982_ses-d1708_T1w.nii.gz,1,0.0
OAS30984,d3927,2010-10-02,/project/rrg-mchakrav-ab/moncia/oasis_3_bids/sub-OAS30984/ses-d3927/anat/sub-OAS30984_ses-d3927_run-01_T1w.nii.gz,2,0.5
OAS30985,d0084,2000-03-25,/project/rrg-mchakrav-ab/moncia/oasis_3_bids/sub-OAS30985/ses-d0084/anat/sub-OAS30985_ses-d0084_run-01_T1w.nii.gz,1,0.0
OAS30986,d1188,2003-04-03,/project/rrg-mchakrav-ab/moncia/oasis_3_bids/sub-OAS30986/ses-d1188/anat/sub-OAS30986_ses-d1188_run-01_T1w.nii.gz,1,0.0
OAS30986,d2308,2006-04-27,/project/rrg-mchakrav-ab/moncia/oasis_3_bids/sub-OAS30986/ses-d2308/anat/sub-OAS30986_ses-d2308_T1w.nii.gz,1,0.0
OAS30986,d4711,2012-11-24,/project/rrg-mchakrav-ab/moncia/oasis_3_bids/sub-OAS30986/ses-d4711/anat/sub-OAS30986_ses-d4711_T1w.nii.gz,1,0.0
OAS30986,d4712,2012-11-25,/project/rrg-mchakrav-ab/moncia/oasis_3_bids/sub-OAS30986/ses-d4712/anat/sub-OAS30986_ses-d4712_T1w.nii.gz,1,0.0
OAS30987,d0965,2002-08-23,/project/rrg-mchakrav-ab/moncia/oasis_3_bids/sub-OAS30987/ses-d0965/anat/sub-OAS30987_ses-d0965_T1w.nii.gz,3,1.0
OAS30988,d0033,2000-02-03,/project/rrg-mchakrav-ab/moncia/oasis_3_bids/sub-OAS30988/ses-d0033/anat/sub-OAS30988_ses-d0033_T1w.nii.gz,2,0.5
OAS30989,d0109,2000-04-19,/project/rrg-mchakrav-ab/moncia/oasis_3_bids/sub-OAS30989/ses-d0109/anat/sub-OAS30989_ses-d0109_run-01_T1w.nii.gz,1,0.0
OAS30989,d2594,2007-02-07,/project/rrg-mchakrav-ab/moncia/oasis_3_bids/sub-OAS30989/ses-d2594/anat/sub-OAS30989_ses-d2594_T1w.nii.gz,1,0.0
OAS30990,d0107,2000-04-17,/project/rrg-mchakrav-ab/moncia/oasis_3_bids/sub-OAS30990/ses-d0107/anat/sub-OAS30990_ses-d0107_T1w.nii.gz,2,0.5
OAS30990,d1360,2003-09-22,/project/rrg-mchakrav-ab/moncia/oasis_3_bids/sub-OAS30990/ses-d1360/anat/sub-OAS30990_ses-d1360_T1w.nii.gz,3,1.0
OAS30991,d0106,2000-04-16,/project/rrg-mchakrav-ab/moncia/oasis_3_bids/sub-OAS30991/ses-d0106/anat/sub-OAS30991_ses-d0106_run-01_T1w.nii.gz,1,0.0
OAS30992,d0016,2000-01-17,/project/rrg-mchakrav-ab/moncia/oasis_3_bids/sub-OAS30992/ses-d0016/anat/sub-OAS30992_ses-d0016_T1w.nii.gz,1,0.0
OAS30992,d0470,2001-04-15,/project/rrg-mchakrav-ab/moncia/oasis_3_bids/sub-OAS30992/ses-d0470/anat/sub-OAS30992_ses-d0470_T1w.nii.gz,1,0.0
OAS30993,d0059,2000-02-29,/project/rrg-mchakrav-ab/moncia/oasis_3_bids/sub-OAS30993/ses-d0059/anat/sub-OAS30993_ses-d0059_T1w.nii.gz,1,0.0
OAS30993,d0920,2002-07-09,/project/rrg-mchakrav-ab/moncia/oasis_3_bids/sub-OAS30993/ses-d0920/anat/sub-OAS30993_ses-d0920_T1w.nii.gz,1,0.0
OAS30994,d0070,2000-03-11,/project/rrg-mchakrav-ab/moncia/oasis_3_bids/sub-OAS30994/ses-d0070/anat/sub-OAS30994_ses-d0070_T1w.nii.gz,3,1.0
OAS30995,d0054,2000-02-24,/project/rrg-mchakrav-ab/moncia/oasis_3_bids/sub-OAS30995/ses-d0054/anat/sub-OAS30995_ses-d0054_T1w.nii.gz,1,0.0
OAS30996,d4705,2012-11-18,/project/rrg-mchakrav-ab/moncia/oasis_3_bids/sub-OAS30996/ses-d4705/anat/sub-OAS30996_ses-d4705_T1w.nii.gz,1,0.0
OAS30996,d5818,2015-12-06,/project/rrg-mchakrav-ab/moncia/oasis_3_bids/sub-OAS30996/ses-d5818/anat/sub-OAS30996_ses-d5818_T1w.nii.gz,1,0.0
OAS30997,d0058,2000-02-28,/project/rrg-mchakrav-ab/moncia/oasis_3_bids/sub-OAS30997/ses-d0058/anat/sub-OAS30997_ses-d0058_T1w.nii.gz,1,0.0
OAS30998,d0051,2000-02-21,/project/rrg-mchakrav-ab/moncia/oasis_3_bids/sub-OAS30998/ses-d0051/anat/sub-OAS30998_ses-d0051_run-01_T1w.nii.gz,1,0.0
OAS30999,d0153,2000-06-02,/project/rrg-mchakrav-ab/moncia/oasis_3_bids/sub-OAS30999/ses-d0153/anat/sub-OAS30999_ses-d0153_run-01_T1w.nii.gz,3,1.0
OAS31000,d0072,2000-03-13,/project/rrg-mchakrav-ab/moncia/oasis_3_bids/sub-OAS31000/ses-d0072/anat/sub-OAS31000_ses-d0072_T1w.nii.gz,1,0.0
OAS31001,d0064,2000-03-05,/project/rrg-mchakrav-ab/moncia/oasis_3_bids/sub-OAS31001/ses-d0064/anat/sub-OAS31001_ses-d0064_T1w.nii.gz,1,0.0
OAS31001,d1079,2002-12-15,/project/rrg-mchakrav-ab/moncia/oasis_3_bids/sub-OAS31001/ses-d1079/anat/sub-OAS31001_ses-d1079_run-01_T1w.nii.gz,1,0.0
OAS31001,d3394,2009-04-17,/project/rrg-mchakrav-ab/moncia/oasis_3_bids/sub-OAS31001/ses-d3394/anat/sub-OAS31001_ses-d3394_T1w.nii.gz,2,0.5
OAS31001,d4543,2012-06-09,/project/rrg-mchakrav-ab/moncia/oasis_3_bids/sub-OAS31001/ses-d4543/anat/sub-OAS31001_ses-d4543_T1w.nii.gz,1,0.0
OAS31002,d3832,2010-06-29,/project/rrg-mchakrav-ab/moncia/oasis_3_bids/sub-OAS31002/ses-d3832/anat/sub-OAS31002_ses-d3832_run-01_T1w.nii.gz,1,0.0
OAS31002,d4948,2013-07-19,/project/rrg-mchakrav-ab/moncia/oasis_3_bids/sub-OAS31002/ses-d4948/anat/sub-OAS31002_ses-d4948_run-01_T1w.nii.gz,1,0.0
OAS31002,d5329,2014-08-04,/project/rrg-mchakrav-ab/moncia/oasis_3_bids/sub-OAS31002/ses-d5329/anat/sub-OAS31002_ses-d5329_run-01_T1w.nii.gz,1,0.0
OAS31003,d0075,2000-03-16,/project/rrg-mchakrav-ab/moncia/oasis_3_bids/sub-OAS31003/ses-d0075/anat/sub-OAS31003_ses-d0075_T1w.nii.gz,2,0.5
OAS31004,d0000,2000-01-01,/project/rrg-mchakrav-ab/moncia/oasis_3_bids/sub-OAS31004/ses-d0000/anat/sub-OAS31004_ses-d0000_T1w.nii.gz,2,0.5
OAS31005,d0066,2000-03-07,/project/rrg-mchakrav-ab/moncia/oasis_3_bids/sub-OAS31005/ses-d0066/anat/sub-OAS31005_ses-d0066_run-01_T1w.nii.gz,1,0.0
OAS31005,d1649,2004-07-07,/project/rrg-mchakrav-ab/moncia/oasis_3_bids/sub-OAS31005/ses-d1649/anat/sub-OAS31005_ses-d1649_T1w.nii.gz,1,0.0
OAS31006,d0120,2000-04-30,/project/rrg-mchakrav-ab/moncia/oasis_3_bids/sub-OAS31006/ses-d0120/anat/sub-OAS31006_ses-d0120_T1w.nii.gz,1,0.0
OAS31006,d1106,2003-01-11,/project/rrg-mchakrav-ab/moncia/oasis_3_bids/sub-OAS31006/ses-d1106/anat/sub-OAS31006_ses-d1106_T1w.nii.gz,1,0.0
OAS31006,d2655,2007-04-09,/project/rrg-mchakrav-ab/moncia/oasis_3_bids/sub-OAS31006/ses-d2655/anat/sub-OAS31006_ses-d2655_T1w.nii.gz,1,0.0
OAS31008,d0142,2000-05-22,/project/rrg-mchakrav-ab/moncia/oasis_3_bids/sub-OAS31008/ses-d0142/anat/sub-OAS31008_ses-d0142_run-01_T1w.nii.gz,3,1.0
OAS31009,d1049,2002-11-15,/project/rrg-mchakrav-ab/moncia/oasis_3_bids/sub-OAS31009/ses-d1049/anat/sub-OAS31009_ses-d1049_run-01_T1w.nii.gz,1,0.0
OAS31009,d2325,2006-05-14,/project/rrg-mchakrav-ab/moncia/oasis_3_bids/sub-OAS31009/ses-d2325/anat/sub-OAS31009_ses-d2325_T1w.nii.gz,1,0.0
OAS31009,d3330,2009-02-12,/project/rrg-mchakrav-ab/moncia/oasis_3_bids/sub-OAS31009/ses-d3330/anat/sub-OAS31009_ses-d3330_T1w.nii.gz,1,0.0
OAS31009,d3611,2009-11-20,/project/rrg-mchakrav-ab/moncia/oasis_3_bids/sub-OAS31009/ses-d3611/anat/sub-OAS31009_ses-d3611_T1w.nii.gz,1,0.0
OAS31010,d0086,2000-03-27,/project/rrg-mchakrav-ab/moncia/oasis_3_bids/sub-OAS31010/ses-d0086/anat/sub-OAS31010_ses-d0086_T1w.nii.gz,2,0.5
OAS31011,d0089,2000-03-30,/project/rrg-mchakrav-ab/moncia/oasis_3_bids/sub-OAS31011/ses-d0089/anat/sub-OAS31011_ses-d0089_T1w.nii.gz,1,0.0
OAS31012,d0308,2000-11-04,/project/rrg-mchakrav-ab/moncia/oasis_3_bids/sub-OAS31012/ses-d0308/anat/sub-OAS31012_ses-d0308_run-01_T1w.nii.gz,1,0.0
OAS31012,d4024,2011-01-07,/project/rrg-mchakrav-ab/moncia/oasis_3_bids/sub-OAS31012/ses-d4024/anat/sub-OAS31012_ses-d4024_T1w.nii.gz,1,0.0
OAS31012,d5114,2014-01-01,/project/rrg-mchakrav-ab/moncia/oasis_3_bids/sub-OAS31012/ses-d5114/anat/sub-OAS31012_ses-d5114_T1w.nii.gz,1,0.0
OAS31013,d0039,2000-02-09,/project/rrg-mchakrav-ab/moncia/oasis_3_bids/sub-OAS31013/ses-d0039/anat/sub-OAS31013_ses-d0039_T1w.nii.gz,1,0.0
OAS31013,d0067,2000-03-08,/project/rrg-mchakrav-ab/moncia/oasis_3_bids/sub-OAS31013/ses-d0067/anat/sub-OAS31013_ses-d0067_T1w.nii.gz,1,0.0
OAS31013,d0628,2001-09-20,/project/rrg-mchakrav-ab/moncia/oasis_3_bids/sub-OAS31013/ses-d0628/anat/sub-OAS31013_ses-d0628_run-01_T1w.nii.gz,1,0.0
OAS31013,d1656,2004-07-14,/project/rrg-mchakrav-ab/moncia/oasis_3_bids/sub-OAS31013/ses-d1656/anat/sub-OAS31013_ses-d1656_T1w.nii.gz,1,0.0
OAS31014,d0133,2000-05-13,/project/rrg-mchakrav-ab/moncia/oasis_3_bids/sub-OAS31014/ses-d0133/anat/sub-OAS31014_ses-d0133_run-01_T1w.nii.gz,1,0.0
OAS31014,d2235,2006-02-13,/project/rrg-mchakrav-ab/moncia/oasis_3_bids/sub-OAS31014/ses-d2235/anat/sub-OAS31014_ses-d2235_T1w.nii.gz,1,0.0
OAS31016,d0126,2000-05-06,/project/rrg-mchakrav-ab/moncia/oasis_3_bids/sub-OAS31016/ses-d0126/anat/sub-OAS31016_ses-d0126_T1w.nii.gz,2,0.5
OAS31017,d0072,2000-03-13,/project/rrg-mchakrav-ab/moncia/oasis_3_bids/sub-OAS31017/ses-d0072/anat/sub-OAS31017_ses-d0072_T1w.nii.gz,1,0.0
OAS31018,d0041,2000-02-11,/project/rrg-mchakrav-ab/moncia/oasis_3_bids/sub-OAS31018/ses-d0041/anat/sub-OAS31018_ses-d0041_T1w.nii.gz,1,0.0
OAS31018,d0045,2000-02-15,/project/rrg-mchakrav-ab/moncia/oasis_3_bids/sub-OAS31018/ses-d0045/anat/sub-OAS31018_ses-d0045_T1w.nii.gz,1,0.0
OAS31018,d1208,2003-04-23,/project/rrg-mchakrav-ab/moncia/oasis_3_bids/sub-OAS31018/ses-d1208/anat/sub-OAS31018_ses-d1208_T1w.nii.gz,1,0.0
OAS31018,d2397,2006-07-25,/project/rrg-mchakrav-ab/moncia/oasis_3_bids/sub-OAS31018/ses-d2397/anat/sub-OAS31018_ses-d2397_run-01_T1w.nii.gz,1,0.0
OAS31018,d2398,2006-07-26,/project/rrg-mchakrav-ab/moncia/oasis_3_bids/sub-OAS31018/ses-d2398/anat/sub-OAS31018_ses-d2398_T1w.nii.gz,1,0.0
OAS31019,d0076,2000-03-17,/project/rrg-mchakrav-ab/moncia/oasis_3_bids/sub-OAS31019/ses-d0076/anat/sub-OAS31019_ses-d0076_T1w.nii.gz,1,0.0
OAS31019,d1370,2003-10-02,/project/rrg-mchakrav-ab/moncia/oasis_3_bids/sub-OAS31019/ses-d1370/anat/sub-OAS31019_ses-d1370_T1w.nii.gz,1,0.0
OAS31020,d0083,2000-03-24,/project/rrg-mchakrav-ab/moncia/oasis_3_bids/sub-OAS31020/ses-d0083/anat/sub-OAS31020_ses-d0083_T1w.nii.gz,1,0.0
OAS31020,d0084,2000-03-25,/project/rrg-mchakrav-ab/moncia/oasis_3_bids/sub-OAS31020/ses-d0084/anat/sub-OAS31020_ses-d0084_T1w.nii.gz,1,0.0
OAS31020,d1475,2004-01-15,/project/rrg-mchakrav-ab/moncia/oasis_3_bids/sub-OAS31020/ses-d1475/anat/sub-OAS31020_ses-d1475_T1w.nii.gz,1,0.0
OAS31021,d0049,2000-02-19,/project/rrg-mchakrav-ab/moncia/oasis_3_bids/sub-OAS31021/ses-d0049/anat/sub-OAS31021_ses-d0049_T1w.nii.gz,1,0.0
OAS31021,d1318,2003-08-11,/project/rrg-mchakrav-ab/moncia/oasis_3_bids/sub-OAS31021/ses-d1318/anat/sub-OAS31021_ses-d1318_T1w.nii.gz,1,0.0
OAS31021,d2281,2006-03-31,/project/rrg-mchakrav-ab/moncia/oasis_3_bids/sub-OAS31021/ses-d2281/anat/sub-OAS31021_ses-d2281_T1w.nii.gz,1,0.0
OAS31022,d0089,2000-03-30,/project/rrg-mchakrav-ab/moncia/oasis_3_bids/sub-OAS31022/ses-d0089/anat/sub-OAS31022_ses-d0089_T1w.nii.gz,1,0.0
OAS31022,d0896,2002-06-15,/project/rrg-mchakrav-ab/moncia/oasis_3_bids/sub-OAS31022/ses-d0896/anat/sub-OAS31022_ses-d0896_T1w.nii.gz,1,0.0
OAS31023,d0070,2000-03-11,/project/rrg-mchakrav-ab/moncia/oasis_3_bids/sub-OAS31023/ses-d0070/anat/sub-OAS31023_ses-d0070_T1w.nii.gz,1,0.0
OAS31023,d2441,2006-09-07,/project/rrg-mchakrav-ab/moncia/oasis_3_bids/sub-OAS31023/ses-d2441/anat/sub-OAS31023_ses-d2441_T1w.nii.gz,1,0.0
OAS31023,d2484,2006-10-20,/project/rrg-mchakrav-ab/moncia/oasis_3_bids/sub-OAS31023/ses-d2484/anat/sub-OAS31023_ses-d2484_T1w.nii.gz,1,0.0
OAS31023,d3561,2009-10-01,/project/rrg-mchakrav-ab/moncia/oasis_3_bids/sub-OAS31023/ses-d3561/anat/sub-OAS31023_ses-d3561_T1w.nii.gz,1,0.0
OAS31024,d0204,2000-07-23,/project/rrg-mchakrav-ab/moncia/oasis_3_bids/sub-OAS31024/ses-d0204/anat/sub-OAS31024_ses-d0204_run-01_T1w.nii.gz,2,0.5
OAS31024,d1057,2002-11-23,/project/rrg-mchakrav-ab/moncia/oasis_3_bids/sub-OAS31024/ses-d1057/anat/sub-OAS31024_ses-d1057_run-01_T1w.nii.gz,3,1.0
OAS31024,d2323,2006-05-12,/project/rrg-mchakrav-ab/moncia/oasis_3_bids/sub-OAS31024/ses-d2323/anat/sub-OAS31024_ses-d2323_T1w.nii.gz,2,0.5
OAS31025,d0410,2001-02-14,/project/rrg-mchakrav-ab/moncia/oasis_3_bids/sub-OAS31025/ses-d0410/anat/sub-OAS31025_ses-d0410_run-01_T1w.nii.gz,1,0.0
OAS31025,d1258,2003-06-12,/project/rrg-mchakrav-ab/moncia/oasis_3_bids/sub-OAS31025/ses-d1258/anat/sub-OAS31025_ses-d1258_run-01_T1w.nii.gz,1,0.0
OAS31025,d3510,2009-08-11,/project/rrg-mchakrav-ab/moncia/oasis_3_bids/sub-OAS31025/ses-d3510/anat/sub-OAS31025_ses-d3510_T1w.nii.gz,1,0.0
OAS31026,d0043,2000-02-13,/project/rrg-mchakrav-ab/moncia/oasis_3_bids/sub-OAS31026/ses-d0043/anat/sub-OAS31026_ses-d0043_run-01_T1w.nii.gz,1,0.0
OAS31028,d0058,2000-02-28,/project/rrg-mchakrav-ab/moncia/oasis_3_bids/sub-OAS31028/ses-d0058/anat/sub-OAS31028_ses-d0058_T1w.nii.gz,1,0.0
OAS31028,d1285,2003-07-09,/project/rrg-mchakrav-ab/moncia/oasis_3_bids/sub-OAS31028/ses-d1285/anat/sub-OAS31028_ses-d1285_T1w.nii.gz,1,0.0
OAS31028,d2386,2006-07-14,/project/rrg-mchakrav-ab/moncia/oasis_3_bids/sub-OAS31028/ses-d2386/anat/sub-OAS31028_ses-d2386_T1w.nii.gz,1,0.0
OAS31029,d2448,2006-09-14,/project/rrg-mchakrav-ab/moncia/oasis_3_bids/sub-OAS31029/ses-d2448/anat/sub-OAS31029_ses-d2448_T1w.nii.gz,2,0.5
OAS31030,d0031,2000-02-01,/project/rrg-mchakrav-ab/moncia/oasis_3_bids/sub-OAS31030/ses-d0031/anat/sub-OAS31030_ses-d0031_T1w.nii.gz,2,0.5
OAS31031,d0069,2000-03-10,/project/rrg-mchakrav-ab/moncia/oasis_3_bids/sub-OAS31031/ses-d0069/anat/sub-OAS31031_ses-d0069_run-01_T1w.nii.gz,1,0.0
OAS31031,d1119,2003-01-24,/project/rrg-mchakrav-ab/moncia/oasis_3_bids/sub-OAS31031/ses-d1119/anat/sub-OAS31031_ses-d1119_run-01_T1w.nii.gz,1,0.0
OAS31031,d3596,2009-11-05,/project/rrg-mchakrav-ab/moncia/oasis_3_bids/sub-OAS31031/ses-d3596/anat/sub-OAS31031_ses-d3596_T1w.nii.gz,1,0.0
OAS31031,d4072,2011-02-24,/project/rrg-mchakrav-ab/moncia/oasis_3_bids/sub-OAS31031/ses-d4072/anat/sub-OAS31031_ses-d4072_T1w.nii.gz,1,0.0
OAS31031,d5046,2013-10-25,/project/rrg-mchakrav-ab/moncia/oasis_3_bids/sub-OAS31031/ses-d5046/anat/sub-OAS31031_ses-d5046_T1w.nii.gz,1,0.0
OAS31031,d5047,2013-10-26,/project/rrg-mchakrav-ab/moncia/oasis_3_bids/sub-OAS31031/ses-d5047/anat/sub-OAS31031_ses-d5047_T1w.nii.gz,1,0.0
OAS31032,d0139,2000-05-19,/project/rrg-mchakrav-ab/moncia/oasis_3_bids/sub-OAS31032/ses-d0139/anat/sub-OAS31032_ses-d0139_run-01_T1w.nii.gz,1,0.0
OAS31033,d0002,2000-01-03,/project/rrg-mchakrav-ab/moncia/oasis_3_bids/sub-OAS31033/ses-d0002/anat/sub-OAS31033_ses-d0002_T1w.nii.gz,3,1.0
OAS31035,d5659,2015-06-30,/project/rrg-mchakrav-ab/moncia/oasis_3_bids/sub-OAS31035/ses-d5659/anat/sub-OAS31035_ses-d5659_run-01_T1w.nii.gz,1,0.0
OAS31036,d0056,2000-02-26,/project/rrg-mchakrav-ab/moncia/oasis_3_bids/sub-OAS31036/ses-d0056/anat/sub-OAS31036_ses-d0056_run-01_T1w.nii.gz,1,0.0
OAS31037,d3770,2010-04-28,/project/rrg-mchakrav-ab/moncia/oasis_3_bids/sub-OAS31037/ses-d3770/anat/sub-OAS31037_ses-d3770_run-01_T1w.nii.gz,2,0.5
OAS31037,d4395,2012-01-13,/project/rrg-mchakrav-ab/moncia/oasis_3_bids/sub-OAS31037/ses-d4395/anat/sub-OAS31037_ses-d4395_T1w.nii.gz,1,0.0
OAS31037,d6061,2016-08-05,/project/rrg-mchakrav-ab/moncia/oasis_3_bids/sub-OAS31037/ses-d6061/anat/sub-OAS31037_ses-d6061_T1w.nii.gz,2,0.5
OAS31038,d3010,2008-03-29,/project/rrg-mchakrav-ab/moncia/oasis_3_bids/sub-OAS31038/ses-d3010/anat/sub-OAS31038_ses-d3010_run-01_T1w.nii.gz,1,0.0
OAS31038,d4037,2011-01-20,/project/rrg-mchakrav-ab/moncia/oasis_3_bids/sub-OAS31038/ses-d4037/anat/sub-OAS31038_ses-d4037_run-01_T1w.nii.gz,2,0.5
OAS31039,d0001,2000-01-02,/project/rrg-mchakrav-ab/moncia/oasis_3_bids/sub-OAS31039/ses-d0001/anat/sub-OAS31039_ses-d0001_T1w.nii.gz,1,0.0
OAS31039,d1184,2003-03-30,/project/rrg-mchakrav-ab/moncia/oasis_3_bids/sub-OAS31039/ses-d1184/anat/sub-OAS31039_ses-d1184_T1w.nii.gz,1,0.0
OAS31039,d2184,2005-12-24,/project/rrg-mchakrav-ab/moncia/oasis_3_bids/sub-OAS31039/ses-d2184/anat/sub-OAS31039_ses-d2184_T1w.nii.gz,1,0.0
OAS31040,d0067,2000-03-08,/project/rrg-mchakrav-ab/moncia/oasis_3_bids/sub-OAS31040/ses-d0067/anat/sub-OAS31040_ses-d0067_T1w.nii.gz,1,0.0
OAS31041,d0528,2001-06-12,/project/rrg-mchakrav-ab/moncia/oasis_3_bids/sub-OAS31041/ses-d0528/anat/sub-OAS31041_ses-d0528_T1w.nii.gz,1,0.0
OAS31042,d3618,2009-11-27,/project/rrg-mchakrav-ab/moncia/oasis_3_bids/sub-OAS31042/ses-d3618/anat/sub-OAS31042_ses-d3618_T1w.nii.gz,1,0.0
OAS31043,d0437,2001-03-13,/project/rrg-mchakrav-ab/moncia/oasis_3_bids/sub-OAS31043/ses-d0437/anat/sub-OAS31043_ses-d0437_run-01_T1w.nii.gz,2,0.5
OAS31043,d1731,2004-09-27,/project/rrg-mchakrav-ab/moncia/oasis_3_bids/sub-OAS31043/ses-d1731/anat/sub-OAS31043_ses-d1731_T1w.nii.gz,1,0.0
OAS31044,d0827,2002-04-07,/project/rrg-mchakrav-ab/moncia/oasis_3_bids/sub-OAS31044/ses-d0827/anat/sub-OAS31044_ses-d0827_T1w.nii.gz,3,1.0
OAS31045,d1257,2003-06-11,/project/rrg-mchakrav-ab/moncia/oasis_3_bids/sub-OAS31045/ses-d1257/anat/sub-OAS31045_ses-d1257_run-01_T1w.nii.gz,1,0.0
OAS31045,d1901,2005-03-16,/project/rrg-mchakrav-ab/moncia/oasis_3_bids/sub-OAS31045/ses-d1901/anat/sub-OAS31045_ses-d1901_run-01_T1w.nii.gz,1,0.0
OAS31046,d0473,2001-04-18,/project/rrg-mchakrav-ab/moncia/oasis_3_bids/sub-OAS31046/ses-d0473/anat/sub-OAS31046_ses-d0473_run-01_T1w.nii.gz,1,0.0
OAS31046,d1260,2003-06-14,/project/rrg-mchakrav-ab/moncia/oasis_3_bids/sub-OAS31046/ses-d1260/anat/sub-OAS31046_ses-d1260_run-01_T1w.nii.gz,1,0.0
OAS31046,d2360,2006-06-18,/project/rrg-mchakrav-ab/moncia/oasis_3_bids/sub-OAS31046/ses-d2360/anat/sub-OAS31046_ses-d2360_T1w.nii.gz,1,0.0
OAS31047,d1165,2003-03-11,/project/rrg-mchakrav-ab/moncia/oasis_3_bids/sub-OAS31047/ses-d1165/anat/sub-OAS31047_ses-d1165_T1w.nii.gz,1,0.0
OAS31048,d0122,2000-05-02,/project/rrg-mchakrav-ab/moncia/oasis_3_bids/sub-OAS31048/ses-d0122/anat/sub-OAS31048_ses-d0122_run-01_T1w.nii.gz,1,0.0
OAS31048,d1151,2003-02-25,/project/rrg-mchakrav-ab/moncia/oasis_3_bids/sub-OAS31048/ses-d1151/anat/sub-OAS31048_ses-d1151_run-01_T1w.nii.gz,1,0.0
OAS31048,d2385,2006-07-13,/project/rrg-mchakrav-ab/moncia/oasis_3_bids/sub-OAS31048/ses-d2385/anat/sub-OAS31048_ses-d2385_T1w.nii.gz,1,0.0
OAS31048,d2398,2006-07-26,/project/rrg-mchakrav-ab/moncia/oasis_3_bids/sub-OAS31048/ses-d2398/anat/sub-OAS31048_ses-d2398_T1w.nii.gz,1,0.0
OAS31048,d3195,2008-09-30,/project/rrg-mchakrav-ab/moncia/oasis_3_bids/sub-OAS31048/ses-d3195/anat/sub-OAS31048_ses-d3195_T1w.nii.gz,1,0.0
OAS31048,d3426,2009-05-19,/project/rrg-mchakrav-ab/moncia/oasis_3_bids/sub-OAS31048/ses-d3426/anat/sub-OAS31048_ses-d3426_T1w.nii.gz,1,0.0
OAS31048,d4535,2012-06-01,/project/rrg-mchakrav-ab/moncia/oasis_3_bids/sub-OAS31048/ses-d4535/anat/sub-OAS31048_ses-d4535_T1w.nii.gz,1,0.0
OAS31049,d0575,2001-07-29,/project/rrg-mchakrav-ab/moncia/oasis_3_bids/sub-OAS31049/ses-d0575/anat/sub-OAS31049_ses-d0575_run-01_T1w.nii.gz,2,0.5
OAS31050,d0109,2000-04-19,/project/rrg-mchakrav-ab/moncia/oasis_3_bids/sub-OAS31050/ses-d0109/anat/sub-OAS31050_ses-d0109_T1w.nii.gz,2,0.5
OAS31052,d0093,2000-04-03,/project/rrg-mchakrav-ab/moncia/oasis_3_bids/sub-OAS31052/ses-d0093/anat/sub-OAS31052_ses-d0093_run-01_T1w.nii.gz,2,0.5
OAS31053,d0057,2000-02-27,/project/rrg-mchakrav-ab/moncia/oasis_3_bids/sub-OAS31053/ses-d0057/anat/sub-OAS31053_ses-d0057_T1w.nii.gz,2,0.5
OAS31054,d0212,2000-07-31,/project/rrg-mchakrav-ab/moncia/oasis_3_bids/sub-OAS31054/ses-d0212/anat/sub-OAS31054_ses-d0212_run-01_T1w.nii.gz,3,1.0
OAS31054,d2787,2007-08-19,/project/rrg-mchakrav-ab/moncia/oasis_3_bids/sub-OAS31054/ses-d2787/anat/sub-OAS31054_ses-d2787_T1w.nii.gz,3,2.0
OAS31055,d0074,2000-03-15,/project/rrg-mchakrav-ab/moncia/oasis_3_bids/sub-OAS31055/ses-d0074/anat/sub-OAS31055_ses-d0074_run-01_T1w.nii.gz,2,0.5
OAS31056,d0100,2000-04-10,/project/rrg-mchakrav-ab/moncia/oasis_3_bids/sub-OAS31056/ses-d0100/anat/sub-OAS31056_ses-d0100_run-01_T1w.nii.gz,1,0.0
OAS31056,d0808,2002-03-19,/project/rrg-mchakrav-ab/moncia/oasis_3_bids/sub-OAS31056/ses-d0808/anat/sub-OAS31056_ses-d0808_T1w.nii.gz,1,0.0
OAS31056,d1912,2005-03-27,/project/rrg-mchakrav-ab/moncia/oasis_3_bids/sub-OAS31056/ses-d1912/anat/sub-OAS31056_ses-d1912_T1w.nii.gz,1,0.0
OAS31057,d1054,2002-11-20,/project/rrg-mchakrav-ab/moncia/oasis_3_bids/sub-OAS31057/ses-d1054/anat/sub-OAS31057_ses-d1054_run-01_T1w.nii.gz,1,0.0
OAS31058,d2233,2006-02-11,/project/rrg-mchakrav-ab/moncia/oasis_3_bids/sub-OAS31058/ses-d2233/anat/sub-OAS31058_ses-d2233_run-01_T1w.nii.gz,1,0.0
OAS31058,d3519,2009-08-20,/project/rrg-mchakrav-ab/moncia/oasis_3_bids/sub-OAS31058/ses-d3519/anat/sub-OAS31058_ses-d3519_T1w.nii.gz,1,0.0
OAS31059,d1231,2003-05-16,/project/rrg-mchakrav-ab/moncia/oasis_3_bids/sub-OAS31059/ses-d1231/anat/sub-OAS31059_ses-d1231_run-01_T1w.nii.gz,1,0.0
OAS31059,d3491,2009-07-23,/project/rrg-mchakrav-ab/moncia/oasis_3_bids/sub-OAS31059/ses-d3491/anat/sub-OAS31059_ses-d3491_T1w.nii.gz,1,0.0
OAS31059,d4501,2012-04-28,/project/rrg-mchakrav-ab/moncia/oasis_3_bids/sub-OAS31059/ses-d4501/anat/sub-OAS31059_ses-d4501_T1w.nii.gz,1,0.0
OAS31060,d0083,2000-03-24,/project/rrg-mchakrav-ab/moncia/oasis_3_bids/sub-OAS31060/ses-d0083/anat/sub-OAS31060_ses-d0083_T1w.nii.gz,3,1.0
OAS31061,d0964,2002-08-22,/project/rrg-mchakrav-ab/moncia/oasis_3_bids/sub-OAS31061/ses-d0964/anat/sub-OAS31061_ses-d0964_run-01_T1w.nii.gz,2,0.5
OAS31062,d0071,2000-03-12,/project/rrg-mchakrav-ab/moncia/oasis_3_bids/sub-OAS31062/ses-d0071/anat/sub-OAS31062_ses-d0071_T1w.nii.gz,2,0.5
OAS31063,d0146,2000-05-26,/project/rrg-mchakrav-ab/moncia/oasis_3_bids/sub-OAS31063/ses-d0146/anat/sub-OAS31063_ses-d0146_run-01_T1w.nii.gz,2,0.5
OAS31063,d0917,2002-07-06,/project/rrg-mchakrav-ab/moncia/oasis_3_bids/sub-OAS31063/ses-d0917/anat/sub-OAS31063_ses-d0917_run-01_T1w.nii.gz,3,1.0
OAS31064,d0054,2000-02-24,/project/rrg-mchakrav-ab/moncia/oasis_3_bids/sub-OAS31064/ses-d0054/anat/sub-OAS31064_ses-d0054_run-01_T1w.nii.gz,1,0.0
OAS31064,d2091,2005-09-22,/project/rrg-mchakrav-ab/moncia/oasis_3_bids/sub-OAS31064/ses-d2091/anat/sub-OAS31064_ses-d2091_run-01_T1w.nii.gz,1,0.0
OAS31064,d3439,2009-06-01,/project/rrg-mchakrav-ab/moncia/oasis_3_bids/sub-OAS31064/ses-d3439/anat/sub-OAS31064_ses-d3439_T1w.nii.gz,1,0.0
OAS31064,d3450,2009-06-12,/project/rrg-mchakrav-ab/moncia/oasis_3_bids/sub-OAS31064/ses-d3450/anat/sub-OAS31064_ses-d3450_T1w.nii.gz,1,0.0
OAS31065,d0034,2000-02-04,/project/rrg-mchakrav-ab/moncia/oasis_3_bids/sub-OAS31065/ses-d0034/anat/sub-OAS31065_ses-d0034_run-01_T1w.nii.gz,1,0.0
OAS31065,d0044,2000-02-14,/project/rrg-mchakrav-ab/moncia/oasis_3_bids/sub-OAS31065/ses-d0044/anat/sub-OAS31065_ses-d0044_echo-1_run-01_T1w.nii.gz,1,0.0
OAS31065,d0056,2000-02-26,/project/rrg-mchakrav-ab/moncia/oasis_3_bids/sub-OAS31065/ses-d0056/anat/sub-OAS31065_ses-d0056_run-01_T1w.nii.gz,1,0.0
OAS31066,d0077,2000-03-18,/project/rrg-mchakrav-ab/moncia/oasis_3_bids/sub-OAS31066/ses-d0077/anat/sub-OAS31066_ses-d0077_run-01_T1w.nii.gz,1,0.0
OAS31067,d0037,2000-02-07,/project/rrg-mchakrav-ab/moncia/oasis_3_bids/sub-OAS31067/ses-d0037/anat/sub-OAS31067_ses-d0037_T1w.nii.gz,3,1.0
OAS31068,d1547,2004-03-27,/project/rrg-mchakrav-ab/moncia/oasis_3_bids/sub-OAS31068/ses-d1547/anat/sub-OAS31068_ses-d1547_run-01_T1w.nii.gz,1,0.0
OAS31068,d2654,2007-04-08,/project/rrg-mchakrav-ab/moncia/oasis_3_bids/sub-OAS31068/ses-d2654/anat/sub-OAS31068_ses-d2654_T1w.nii.gz,1,0.0
OAS31068,d3484,2009-07-16,/project/rrg-mchakrav-ab/moncia/oasis_3_bids/sub-OAS31068/ses-d3484/anat/sub-OAS31068_ses-d3484_T1w.nii.gz,1,0.0
OAS31069,d0025,2000-01-26,/project/rrg-mchakrav-ab/moncia/oasis_3_bids/sub-OAS31069/ses-d0025/anat/sub-OAS31069_ses-d0025_run-01_T1w.nii.gz,1,0.0
OAS31070,d0084,2000-03-25,/project/rrg-mchakrav-ab/moncia/oasis_3_bids/sub-OAS31070/ses-d0084/anat/sub-OAS31070_ses-d0084_T1w.nii.gz,1,0.0
OAS31071,d0068,2000-03-09,/project/rrg-mchakrav-ab/moncia/oasis_3_bids/sub-OAS31071/ses-d0068/anat/sub-OAS31071_ses-d0068_T1w.nii.gz,1,0.0
OAS31071,d0978,2002-09-05,/project/rrg-mchakrav-ab/moncia/oasis_3_bids/sub-OAS31071/ses-d0978/anat/sub-OAS31071_ses-d0978_T1w.nii.gz,2,0.5
OAS31072,d2178,2005-12-18,/project/rrg-mchakrav-ab/moncia/oasis_3_bids/sub-OAS31072/ses-d2178/anat/sub-OAS31072_ses-d2178_run-01_T1w.nii.gz,1,0.0
OAS31072,d3537,2009-09-07,/project/rrg-mchakrav-ab/moncia/oasis_3_bids/sub-OAS31072/ses-d3537/anat/sub-OAS31072_ses-d3537_T1w.nii.gz,1,0.0
OAS31072,d4621,2012-08-26,/project/rrg-mchakrav-ab/moncia/oasis_3_bids/sub-OAS31072/ses-d4621/anat/sub-OAS31072_ses-d4621_T1w.nii.gz,1,0.0
OAS31072,d5711,2015-08-21,/project/rrg-mchakrav-ab/moncia/oasis_3_bids/sub-OAS31072/ses-d5711/anat/sub-OAS31072_ses-d5711_T1w.nii.gz,1,0.0
OAS31073,d0779,2002-02-18,/project/rrg-mchakrav-ab/moncia/oasis_3_bids/sub-OAS31073/ses-d0779/anat/sub-OAS31073_ses-d0779_run-01_T1w.nii.gz,1,0.0
OAS31073,d2443,2006-09-09,/project/rrg-mchakrav-ab/moncia/oasis_3_bids/sub-OAS31073/ses-d2443/anat/sub-OAS31073_ses-d2443_T1w.nii.gz,1,0.0
OAS31073,d3760,2010-04-18,/project/rrg-mchakrav-ab/moncia/oasis_3_bids/sub-OAS31073/ses-d3760/anat/sub-OAS31073_ses-d3760_T1w.nii.gz,1,0.0
OAS31074,d3372,2009-03-26,/project/rrg-mchakrav-ab/moncia/oasis_3_bids/sub-OAS31074/ses-d3372/anat/sub-OAS31074_ses-d3372_run-01_T1w.nii.gz,2,0.5
OAS31075,d1199,2003-04-14,/project/rrg-mchakrav-ab/moncia/oasis_3_bids/sub-OAS31075/ses-d1199/anat/sub-OAS31075_ses-d1199_T1w.nii.gz,1,0.0
OAS31076,d0071,2000-03-12,/project/rrg-mchakrav-ab/moncia/oasis_3_bids/sub-OAS31076/ses-d0071/anat/sub-OAS31076_ses-d0071_T1w.nii.gz,1,0.0
OAS31076,d1235,2003-05-20,/project/rrg-mchakrav-ab/moncia/oasis_3_bids/sub-OAS31076/ses-d1235/anat/sub-OAS31076_ses-d1235_T1w.nii.gz,1,0.0
OAS31076,d1261,2003-06-15,/project/rrg-mchakrav-ab/moncia/oasis_3_bids/sub-OAS31076/ses-d1261/anat/sub-OAS31076_ses-d1261_T1w.nii.gz,1,0.0
OAS31077,d0194,2000-07-13,/project/rrg-mchakrav-ab/moncia/oasis_3_bids/sub-OAS31077/ses-d0194/anat/sub-OAS31077_ses-d0194_run-01_T1w.nii.gz,1,0.0
OAS31077,d0853,2002-05-03,/project/rrg-mchakrav-ab/moncia/oasis_3_bids/sub-OAS31077/ses-d0853/anat/sub-OAS31077_ses-d0853_run-01_T1w.nii.gz,1,0.0
OAS31078,d0027,2000-01-28,/project/rrg-mchakrav-ab/moncia/oasis_3_bids/sub-OAS31078/ses-d0027/anat/sub-OAS31078_ses-d0027_run-01_T1w.nii.gz,1,0.0
OAS31078,d1173,2003-03-19,/project/rrg-mchakrav-ab/moncia/oasis_3_bids/sub-OAS31078/ses-d1173/anat/sub-OAS31078_ses-d1173_T1w.nii.gz,1,0.0
OAS31081,d0129,2000-05-09,/project/rrg-mchakrav-ab/moncia/oasis_3_bids/sub-OAS31081/ses-d0129/anat/sub-OAS31081_ses-d0129_run-01_T1w.nii.gz,1,0.0
OAS31081,d3636,2009-12-15,/project/rrg-mchakrav-ab/moncia/oasis_3_bids/sub-OAS31081/ses-d3636/anat/sub-OAS31081_ses-d3636_T1w.nii.gz,1,0.0
OAS31082,d0000,2000-01-01,/project/rrg-mchakrav-ab/moncia/oasis_3_bids/sub-OAS31082/ses-d0000/anat/sub-OAS31082_ses-d0000_T1w.nii.gz,2,0.5
OAS31083,d0091,2000-04-01,/project/rrg-mchakrav-ab/moncia/oasis_3_bids/sub-OAS31083/ses-d0091/anat/sub-OAS31083_ses-d0091_run-01_T1w.nii.gz,1,0.0
OAS31083,d1232,2003-05-17,/project/rrg-mchakrav-ab/moncia/oasis_3_bids/sub-OAS31083/ses-d1232/anat/sub-OAS31083_ses-d1232_T1w.nii.gz,1,0.0
OAS31083,d1981,2005-06-04,/project/rrg-mchakrav-ab/moncia/oasis_3_bids/sub-OAS31083/ses-d1981/anat/sub-OAS31083_ses-d1981_T1w.nii.gz,1,0.0
OAS31083,d1989,2005-06-12,/project/rrg-mchakrav-ab/moncia/oasis_3_bids/sub-OAS31083/ses-d1989/anat/sub-OAS31083_ses-d1989_T1w.nii.gz,1,0.0
OAS31083,d2661,2007-04-15,/project/rrg-mchakrav-ab/moncia/oasis_3_bids/sub-OAS31083/ses-d2661/anat/sub-OAS31083_ses-d2661_T1w.nii.gz,1,0.0
OAS31083,d3346,2009-02-28,/project/rrg-mchakrav-ab/moncia/oasis_3_bids/sub-OAS31083/ses-d3346/anat/sub-OAS31083_ses-d3346_T1w.nii.gz,1,0.0
OAS31084,d0029,2000-01-30,/project/rrg-mchakrav-ab/moncia/oasis_3_bids/sub-OAS31084/ses-d0029/anat/sub-OAS31084_ses-d0029_run-01_T1w.nii.gz,2,0.5
OAS31084,d2319,2006-05-08,/project/rrg-mchakrav-ab/moncia/oasis_3_bids/sub-OAS31084/ses-d2319/anat/sub-OAS31084_ses-d2319_T1w.nii.gz,2,0.5
OAS31085,d0112,2000-04-22,/project/rrg-mchakrav-ab/moncia/oasis_3_bids/sub-OAS31085/ses-d0112/anat/sub-OAS31085_ses-d0112_run-01_T1w.nii.gz,1,0.0
OAS31085,d0504,2001-05-19,/project/rrg-mchakrav-ab/moncia/oasis_3_bids/sub-OAS31085/ses-d0504/anat/sub-OAS31085_ses-d0504_run-01_T1w.nii.gz,1,0.0
OAS31086,d0065,2000-03-06,/project/rrg-mchakrav-ab/moncia/oasis_3_bids/sub-OAS31086/ses-d0065/anat/sub-OAS31086_ses-d0065_T1w.nii.gz,2,0.5
OAS31087,d0168,2000-06-17,/project/rrg-mchakrav-ab/moncia/oasis_3_bids/sub-OAS31087/ses-d0168/anat/sub-OAS31087_ses-d0168_run-01_T1w.nii.gz,1,0.0
OAS31088,d2045,2005-08-07,/project/rrg-mchakrav-ab/moncia/oasis_3_bids/sub-OAS31088/ses-d2045/anat/sub-OAS31088_ses-d2045_T1w.nii.gz,1,0.0
OAS31088,d3212,2008-10-17,/project/rrg-mchakrav-ab/moncia/oasis_3_bids/sub-OAS31088/ses-d3212/anat/sub-OAS31088_ses-d3212_T1w.nii.gz,1,0.0
OAS31088,d4383,2012-01-01,/project/rrg-mchakrav-ab/moncia/oasis_3_bids/sub-OAS31088/ses-d4383/anat/sub-OAS31088_ses-d4383_T1w.nii.gz,1,0.0
OAS31089,d0023,2000-01-24,/project/rrg-mchakrav-ab/moncia/oasis_3_bids/sub-OAS31089/ses-d0023/anat/sub-OAS31089_ses-d0023_T1w.nii.gz,1,0.0
OAS31090,d0353,2000-12-19,/project/rrg-mchakrav-ab/moncia/oasis_3_bids/sub-OAS31090/ses-d0353/anat/sub-OAS31090_ses-d0353_run-01_T1w.nii.gz,1,0.0
OAS31090,d0833,2002-04-13,/project/rrg-mchakrav-ab/moncia/oasis_3_bids/sub-OAS31090/ses-d0833/anat/sub-OAS31090_ses-d0833_run-01_T1w.nii.gz,1,0.0
OAS31090,d1879,2005-02-22,/project/rrg-mchakrav-ab/moncia/oasis_3_bids/sub-OAS31090/ses-d1879/anat/sub-OAS31090_ses-d1879_T1w.nii.gz,1,0.0
OAS31090,d3565,2009-10-05,/project/rrg-mchakrav-ab/moncia/oasis_3_bids/sub-OAS31090/ses-d3565/anat/sub-OAS31090_ses-d3565_T1w.nii.gz,1,0.0
OAS31091,d3949,2010-10-24,/project/rrg-mchakrav-ab/moncia/oasis_3_bids/sub-OAS31091/ses-d3949/anat/sub-OAS31091_ses-d3949_run-01_T1w.nii.gz,1,0.0
OAS31092,d0203,2000-07-22,/project/rrg-mchakrav-ab/moncia/oasis_3_bids/sub-OAS31092/ses-d0203/anat/sub-OAS31092_ses-d0203_run-01_T1w.nii.gz,1,0.0
OAS31092,d1211,2003-04-26,/project/rrg-mchakrav-ab/moncia/oasis_3_bids/sub-OAS31092/ses-d1211/anat/sub-OAS31092_ses-d1211_run-01_T1w.nii.gz,1,0.0
OAS31092,d3113,2008-07-10,/project/rrg-mchakrav-ab/moncia/oasis_3_bids/sub-OAS31092/ses-d3113/anat/sub-OAS31092_ses-d3113_T1w.nii.gz,2,0.5
OAS31093,d0063,2000-03-04,/project/rrg-mchakrav-ab/moncia/oasis_3_bids/sub-OAS31093/ses-d0063/anat/sub-OAS31093_ses-d0063_run-01_T1w.nii.gz,1,0.0
OAS31094,d0103,2000-04-13,/project/rrg-mchakrav-ab/moncia/oasis_3_bids/sub-OAS31094/ses-d0103/anat/sub-OAS31094_ses-d0103_run-01_T1w.nii.gz,1,0.0
OAS31094,d1195,2003-04-10,/project/rrg-mchakrav-ab/moncia/oasis_3_bids/sub-OAS31094/ses-d1195/anat/sub-OAS31094_ses-d1195_T1w.nii.gz,1,0.0
OAS31094,d2064,2005-08-26,/project/rrg-mchakrav-ab/moncia/oasis_3_bids/sub-OAS31094/ses-d2064/anat/sub-OAS31094_ses-d2064_T1w.nii.gz,1,0.0
OAS31094,d3350,2009-03-04,/project/rrg-mchakrav-ab/moncia/oasis_3_bids/sub-OAS31094/ses-d3350/anat/sub-OAS31094_ses-d3350_T1w.nii.gz,1,0.0
OAS31096,d1308,2003-08-01,/project/rrg-mchakrav-ab/moncia/oasis_3_bids/sub-OAS31096/ses-d1308/anat/sub-OAS31096_ses-d1308_T1w.nii.gz,2,0.5
OAS31097,d2763,2007-07-26,/project/rrg-mchakrav-ab/moncia/oasis_3_bids/sub-OAS31097/ses-d2763/anat/sub-OAS31097_ses-d2763_run-01_T1w.nii.gz,2,0.5
OAS31098,d0048,2000-02-18,/project/rrg-mchakrav-ab/moncia/oasis_3_bids/sub-OAS31098/ses-d0048/anat/sub-OAS31098_ses-d0048_T1w.nii.gz,2,0.5
OAS31099,d0086,2000-03-27,/project/rrg-mchakrav-ab/moncia/oasis_3_bids/sub-OAS31099/ses-d0086/anat/sub-OAS31099_ses-d0086_T1w.nii.gz,1,0.0
OAS31099,d4993,2013-09-02,/project/rrg-mchakrav-ab/moncia/oasis_3_bids/sub-OAS31099/ses-d4993/anat/sub-OAS31099_ses-d4993_T1w.nii.gz,1,0.0
OAS31100,d6834,2018-09-17,/project/rrg-mchakrav-ab/moncia/oasis_3_bids/sub-OAS31100/ses-d6834/anat/sub-OAS31100_ses-d6834_run-01_T1w.nii.gz,1,0.0
OAS31100,d7350,2020-02-15,/project/rrg-mchakrav-ab/moncia/oasis_3_bids/sub-OAS31100/ses-d7350/anat/sub-OAS31100_ses-d7350_run-01_T1w.nii.gz,1,0.0
OAS31101,d0076,2000-03-17,/project/rrg-mchakrav-ab/moncia/oasis_3_bids/sub-OAS31101/ses-d0076/anat/sub-OAS31101_ses-d0076_T1w.nii.gz,1,0.0
OAS31101,d2286,2006-04-05,/project/rrg-mchakrav-ab/moncia/oasis_3_bids/sub-OAS31101/ses-d2286/anat/sub-OAS31101_ses-d2286_T1w.nii.gz,1,0.0
OAS31103,d0170,2000-06-19,/project/rrg-mchakrav-ab/moncia/oasis_3_bids/sub-OAS31103/ses-d0170/anat/sub-OAS31103_ses-d0170_run-01_T1w.nii.gz,1,0.0
OAS31103,d3821,2010-06-18,/project/rrg-mchakrav-ab/moncia/oasis_3_bids/sub-OAS31103/ses-d3821/anat/sub-OAS31103_ses-d3821_T1w.nii.gz,1,0.0
OAS31103,d4815,2013-03-08,/project/rrg-mchakrav-ab/moncia/oasis_3_bids/sub-OAS31103/ses-d4815/anat/sub-OAS31103_ses-d4815_T1w.nii.gz,1,0.0
OAS31104,d2333,2006-05-22,/project/rrg-mchakrav-ab/moncia/oasis_3_bids/sub-OAS31104/ses-d2333/anat/sub-OAS31104_ses-d2333_T1w.nii.gz,2,0.5
OAS31104,d3744,2010-04-02,/project/rrg-mchakrav-ab/moncia/oasis_3_bids/sub-OAS31104/ses-d3744/anat/sub-OAS31104_ses-d3744_T1w.nii.gz,1,0.0
OAS31104,d3745,2010-04-03,/project/rrg-mchakrav-ab/moncia/oasis_3_bids/sub-OAS31104/ses-d3745/anat/sub-OAS31104_ses-d3745_T1w.nii.gz,1,0.0
OAS31105,d0259,2000-09-16,/project/rrg-mchakrav-ab/moncia/oasis_3_bids/sub-OAS31105/ses-d0259/anat/sub-OAS31105_ses-d0259_run-01_T1w.nii.gz,1,0.0
OAS31105,d1017,2002-10-14,/project/rrg-mchakrav-ab/moncia/oasis_3_bids/sub-OAS31105/ses-d1017/anat/sub-OAS31105_ses-d1017_run-01_T1w.nii.gz,1,0.0
OAS31106,d0065,2000-03-06,/project/rrg-mchakrav-ab/moncia/oasis_3_bids/sub-OAS31106/ses-d0065/anat/sub-OAS31106_ses-d0065_run-01_T1w.nii.gz,1,0.0
OAS31107,d0912,2002-07-01,/project/rrg-mchakrav-ab/moncia/oasis_3_bids/sub-OAS31107/ses-d0912/anat/sub-OAS31107_ses-d0912_T1w.nii.gz,1,0.0
OAS31108,d3850,2010-07-17,/project/rrg-mchakrav-ab/moncia/oasis_3_bids/sub-OAS31108/ses-d3850/anat/sub-OAS31108_ses-d3850_run-01_T1w.nii.gz,1,0.0
OAS31108,d4795,2013-02-16,/project/rrg-mchakrav-ab/moncia/oasis_3_bids/sub-OAS31108/ses-d4795/anat/sub-OAS31108_ses-d4795_run-01_T1w.nii.gz,1,0.0
OAS31109,d0000,2000-01-01,/project/rrg-mchakrav-ab/moncia/oasis_3_bids/sub-OAS31109/ses-d0000/anat/sub-OAS31109_ses-d0000_run-01_T1w.nii.gz,2,0.5
OAS31110,d0031,2000-02-01,/project/rrg-mchakrav-ab/moncia/oasis_3_bids/sub-OAS31110/ses-d0031/anat/sub-OAS31110_ses-d0031_run-01_T1w.nii.gz,1,0.0
OAS31110,d2336,2006-05-25,/project/rrg-mchakrav-ab/moncia/oasis_3_bids/sub-OAS31110/ses-d2336/anat/sub-OAS31110_ses-d2336_T1w.nii.gz,1,0.0
OAS31111,d0246,2000-09-03,/project/rrg-mchakrav-ab/moncia/oasis_3_bids/sub-OAS31111/ses-d0246/anat/sub-OAS31111_ses-d0246_run-01_T1w.nii.gz,1,0.0
OAS31111,d1108,2003-01-13,/project/rrg-mchakrav-ab/moncia/oasis_3_bids/sub-OAS31111/ses-d1108/anat/sub-OAS31111_ses-d1108_run-01_T1w.nii.gz,2,0.5
OAS31111,d3618,2009-11-27,/project/rrg-mchakrav-ab/moncia/oasis_3_bids/sub-OAS31111/ses-d3618/anat/sub-OAS31111_ses-d3618_T1w.nii.gz,1,0.0
OAS31112,d0276,2000-10-03,/project/rrg-mchakrav-ab/moncia/oasis_3_bids/sub-OAS31112/ses-d0276/anat/sub-OAS31112_ses-d0276_run-01_T1w.nii.gz,2,0.5
OAS31113,d0033,2000-02-03,/project/rrg-mchakrav-ab/moncia/oasis_3_bids/sub-OAS31113/ses-d0033/anat/sub-OAS31113_ses-d0033_T1w.nii.gz,1,0.0
OAS31113,d0881,2002-05-31,/project/rrg-mchakrav-ab/moncia/oasis_3_bids/sub-OAS31113/ses-d0881/anat/sub-OAS31113_ses-d0881_T1w.nii.gz,1,0.0
OAS31114,d1442,2003-12-13,/project/rrg-mchakrav-ab/moncia/oasis_3_bids/sub-OAS31114/ses-d1442/anat/sub-OAS31114_ses-d1442_run-01_T1w.nii.gz,1,0.0
OAS31114,d1864,2005-02-07,/project/rrg-mchakrav-ab/moncia/oasis_3_bids/sub-OAS31114/ses-d1864/anat/sub-OAS31114_ses-d1864_run-01_T1w.nii.gz,1,0.0
OAS31114,d2644,2007-03-29,/project/rrg-mchakrav-ab/moncia/oasis_3_bids/sub-OAS31114/ses-d2644/anat/sub-OAS31114_ses-d2644_T1w.nii.gz,1,0.0
OAS31114,d2658,2007-04-12,/project/rrg-mchakrav-ab/moncia/oasis_3_bids/sub-OAS31114/ses-d2658/anat/sub-OAS31114_ses-d2658_run-01_T1w.nii.gz,1,0.0
OAS31114,d3338,2009-02-20,/project/rrg-mchakrav-ab/moncia/oasis_3_bids/sub-OAS31114/ses-d3338/anat/sub-OAS31114_ses-d3338_T1w.nii.gz,1,0.0
OAS31114,d3479,2009-07-11,/project/rrg-mchakrav-ab/moncia/oasis_3_bids/sub-OAS31114/ses-d3479/anat/sub-OAS31114_ses-d3479_T1w.nii.gz,1,0.0
OAS31114,d4375,2011-12-24,/project/rrg-mchakrav-ab/moncia/oasis_3_bids/sub-OAS31114/ses-d4375/anat/sub-OAS31114_ses-d4375_T1w.nii.gz,1,0.0
OAS31115,d0466,2001-04-11,/project/rrg-mchakrav-ab/moncia/oasis_3_bids/sub-OAS31115/ses-d0466/anat/sub-OAS31115_ses-d0466_T1w.nii.gz,1,0.0
OAS31117,d0073,2000-03-14,/project/rrg-mchakrav-ab/moncia/oasis_3_bids/sub-OAS31117/ses-d0073/anat/sub-OAS31117_ses-d0073_T1w.nii.gz,1,0.0
OAS31118,d0116,2000-04-26,/project/rrg-mchakrav-ab/moncia/oasis_3_bids/sub-OAS31118/ses-d0116/anat/sub-OAS31118_ses-d0116_run-01_T1w.nii.gz,1,0.0
OAS31118,d2023,2005-07-16,/project/rrg-mchakrav-ab/moncia/oasis_3_bids/sub-OAS31118/ses-d2023/anat/sub-OAS31118_ses-d2023_T1w.nii.gz,1,0.0
OAS31118,d2041,2005-08-03,/project/rrg-mchakrav-ab/moncia/oasis_3_bids/sub-OAS31118/ses-d2041/anat/sub-OAS31118_ses-d2041_run-01_T1w.nii.gz,1,0.0
OAS31118,d2835,2007-10-06,/project/rrg-mchakrav-ab/moncia/oasis_3_bids/sub-OAS31118/ses-d2835/anat/sub-OAS31118_ses-d2835_T1w.nii.gz,1,0.0
OAS31118,d2847,2007-10-18,/project/rrg-mchakrav-ab/moncia/oasis_3_bids/sub-OAS31118/ses-d2847/anat/sub-OAS31118_ses-d2847_T1w.nii.gz,1,0.0
OAS31118,d3618,2009-11-27,/project/rrg-mchakrav-ab/moncia/oasis_3_bids/sub-OAS31118/ses-d3618/anat/sub-OAS31118_ses-d3618_T1w.nii.gz,1,0.0
OAS31119,d0069,2000-03-10,/project/rrg-mchakrav-ab/moncia/oasis_3_bids/sub-OAS31119/ses-d0069/anat/sub-OAS31119_ses-d0069_T1w.nii.gz,1,0.0
OAS31119,d2757,2007-07-20,/project/rrg-mchakrav-ab/moncia/oasis_3_bids/sub-OAS31119/ses-d2757/anat/sub-OAS31119_ses-d2757_T1w.nii.gz,1,0.0
OAS31120,d0119,2000-04-29,/project/rrg-mchakrav-ab/moncia/oasis_3_bids/sub-OAS31120/ses-d0119/anat/sub-OAS31120_ses-d0119_T1w.nii.gz,1,0.0
OAS31123,d0078,2000-03-19,/project/rrg-mchakrav-ab/moncia/oasis_3_bids/sub-OAS31123/ses-d0078/anat/sub-OAS31123_ses-d0078_T1w.nii.gz,3,1.0
OAS31124,d0436,2001-03-12,/project/rrg-mchakrav-ab/moncia/oasis_3_bids/sub-OAS31124/ses-d0436/anat/sub-OAS31124_ses-d0436_T1w.nii.gz,1,0.0
OAS31125,d0049,2000-02-19,/project/rrg-mchakrav-ab/moncia/oasis_3_bids/sub-OAS31125/ses-d0049/anat/sub-OAS31125_ses-d0049_run-01_T1w.nii.gz,1,0.0
OAS31125,d0735,2002-01-05,/project/rrg-mchakrav-ab/moncia/oasis_3_bids/sub-OAS31125/ses-d0735/anat/sub-OAS31125_ses-d0735_run-01_T1w.nii.gz,1,0.0
OAS31125,d3093,2008-06-20,/project/rrg-mchakrav-ab/moncia/oasis_3_bids/sub-OAS31125/ses-d3093/anat/sub-OAS31125_ses-d3093_T1w.nii.gz,1,0.0
OAS31125,d3847,2010-07-14,/project/rrg-mchakrav-ab/moncia/oasis_3_bids/sub-OAS31125/ses-d3847/anat/sub-OAS31125_ses-d3847_T1w.nii.gz,1,0.0
OAS31126,d1156,2003-03-02,/project/rrg-mchakrav-ab/moncia/oasis_3_bids/sub-OAS31126/ses-d1156/anat/sub-OAS31126_ses-d1156_run-01_T1w.nii.gz,1,0.0
OAS31127,d0123,2000-05-03,/project/rrg-mchakrav-ab/moncia/oasis_3_bids/sub-OAS31127/ses-d0123/anat/sub-OAS31127_ses-d0123_run-01_T1w.nii.gz,2,0.5
OAS31127,d2140,2005-11-10,/project/rrg-mchakrav-ab/moncia/oasis_3_bids/sub-OAS31127/ses-d2140/anat/sub-OAS31127_ses-d2140_T1w.nii.gz,1,0.0
OAS31128,d0673,2001-11-04,/project/rrg-mchakrav-ab/moncia/oasis_3_bids/sub-OAS31128/ses-d0673/anat/sub-OAS31128_ses-d0673_run-01_T1w.nii.gz,1,0.0
OAS31128,d1405,2003-11-06,/project/rrg-mchakrav-ab/moncia/oasis_3_bids/sub-OAS31128/ses-d1405/anat/sub-OAS31128_ses-d1405_run-01_T1w.nii.gz,1,0.0
OAS31128,d2332,2006-05-21,/project/rrg-mchakrav-ab/moncia/oasis_3_bids/sub-OAS31128/ses-d2332/anat/sub-OAS31128_ses-d2332_T1w.nii.gz,1,0.0
OAS31129,d0055,2000-02-25,/project/rrg-mchakrav-ab/moncia/oasis_3_bids/sub-OAS31129/ses-d0055/anat/sub-OAS31129_ses-d0055_T1w.nii.gz,2,0.5
OAS31131,d0101,2000-04-11,/project/rrg-mchakrav-ab/moncia/oasis_3_bids/sub-OAS31131/ses-d0101/anat/sub-OAS31131_ses-d0101_T1w.nii.gz,1,0.0
OAS31132,d3163,2008-08-29,/project/rrg-mchakrav-ab/moncia/oasis_3_bids/sub-OAS31132/ses-d3163/anat/sub-OAS31132_ses-d3163_run-01_T1w.nii.gz,1,0.0
OAS31132,d4297,2011-10-07,/project/rrg-mchakrav-ab/moncia/oasis_3_bids/sub-OAS31132/ses-d4297/anat/sub-OAS31132_ses-d4297_run-01_T1w.nii.gz,1,0.0
OAS31133,d0000,2000-01-01,/project/rrg-mchakrav-ab/moncia/oasis_3_bids/sub-OAS31133/ses-d0000/anat/sub-OAS31133_ses-d0000_run-01_T1w.nii.gz,1,0.0
OAS31134,d0019,2000-01-20,/project/rrg-mchakrav-ab/moncia/oasis_3_bids/sub-OAS31134/ses-d0019/anat/sub-OAS31134_ses-d0019_T1w.nii.gz,2,0.5
OAS31135,d0498,2001-05-13,/project/rrg-mchakrav-ab/moncia/oasis_3_bids/sub-OAS31135/ses-d0498/anat/sub-OAS31135_ses-d0498_run-01_T1w.nii.gz,3,1.0
OAS31136,d0156,2000-06-05,/project/rrg-mchakrav-ab/moncia/oasis_3_bids/sub-OAS31136/ses-d0156/anat/sub-OAS31136_ses-d0156_T1w.nii.gz,1,0.0
OAS31137,d3443,2009-06-05,/project/rrg-mchakrav-ab/moncia/oasis_3_bids/sub-OAS31137/ses-d3443/anat/sub-OAS31137_ses-d3443_T1w.nii.gz,1,0.0
OAS31137,d4519,2012-05-16,/project/rrg-mchakrav-ab/moncia/oasis_3_bids/sub-OAS31137/ses-d4519/anat/sub-OAS31137_ses-d4519_T1w.nii.gz,1,0.0
OAS31137,d5508,2015-01-30,/project/rrg-mchakrav-ab/moncia/oasis_3_bids/sub-OAS31137/ses-d5508/anat/sub-OAS31137_ses-d5508_T1w.nii.gz,1,0.0
OAS31137,d5544,2015-03-07,/project/rrg-mchakrav-ab/moncia/oasis_3_bids/sub-OAS31137/ses-d5544/anat/sub-OAS31137_ses-d5544_T1w.nii.gz,1,0.0
OAS31138,d0487,2001-05-02,/project/rrg-mchakrav-ab/moncia/oasis_3_bids/sub-OAS31138/ses-d0487/anat/sub-OAS31138_ses-d0487_T1w.nii.gz,1,0.0
OAS31138,d2040,2005-08-02,/project/rrg-mchakrav-ab/moncia/oasis_3_bids/sub-OAS31138/ses-d2040/anat/sub-OAS31138_ses-d2040_T1w.nii.gz,1,0.0
OAS31139,d0533,2001-06-17,/project/rrg-mchakrav-ab/moncia/oasis_3_bids/sub-OAS31139/ses-d0533/anat/sub-OAS31139_ses-d0533_T1w.nii.gz,1,0.0
OAS31139,d1568,2004-04-17,/project/rrg-mchakrav-ab/moncia/oasis_3_bids/sub-OAS31139/ses-d1568/anat/sub-OAS31139_ses-d1568_T1w.nii.gz,2,0.5
OAS31140,d0332,2000-11-28,/project/rrg-mchakrav-ab/moncia/oasis_3_bids/sub-OAS31140/ses-d0332/anat/sub-OAS31140_ses-d0332_run-01_T1w.nii.gz,3,1.0
OAS31141,d0106,2000-04-16,/project/rrg-mchakrav-ab/moncia/oasis_3_bids/sub-OAS31141/ses-d0106/anat/sub-OAS31141_ses-d0106_run-01_T1w.nii.gz,1,0.0
OAS31142,d0889,2002-06-08,/project/rrg-mchakrav-ab/moncia/oasis_3_bids/sub-OAS31142/ses-d0889/anat/sub-OAS31142_ses-d0889_run-01_T1w.nii.gz,1,0.0
OAS31142,d1267,2003-06-21,/project/rrg-mchakrav-ab/moncia/oasis_3_bids/sub-OAS31142/ses-d1267/anat/sub-OAS31142_ses-d1267_run-01_T1w.nii.gz,1,0.0
OAS31142,d2109,2005-10-10,/project/rrg-mchakrav-ab/moncia/oasis_3_bids/sub-OAS31142/ses-d2109/anat/sub-OAS31142_ses-d2109_T1w.nii.gz,1,0.0
OAS31142,d4594,2012-07-30,/project/rrg-mchakrav-ab/moncia/oasis_3_bids/sub-OAS31142/ses-d4594/anat/sub-OAS31142_ses-d4594_T1w.nii.gz,1,0.0
OAS31143,d0109,2000-04-19,/project/rrg-mchakrav-ab/moncia/oasis_3_bids/sub-OAS31143/ses-d0109/anat/sub-OAS31143_ses-d0109_run-01_T1w.nii.gz,1,0.0
OAS31144,d0072,2000-03-13,/project/rrg-mchakrav-ab/moncia/oasis_3_bids/sub-OAS31144/ses-d0072/anat/sub-OAS31144_ses-d0072_run-01_T1w.nii.gz,2,0.5
OAS31145,d0483,2001-04-28,/project/rrg-mchakrav-ab/moncia/oasis_3_bids/sub-OAS31145/ses-d0483/anat/sub-OAS31145_ses-d0483_run-01_T1w.nii.gz,1,0.0
OAS31146,d0073,2000-03-14,/project/rrg-mchakrav-ab/moncia/oasis_3_bids/sub-OAS31146/ses-d0073/anat/sub-OAS31146_ses-d0073_T1w.nii.gz,1,0.0
OAS31146,d1882,2005-02-25,/project/rrg-mchakrav-ab/moncia/oasis_3_bids/sub-OAS31146/ses-d1882/anat/sub-OAS31146_ses-d1882_T1w.nii.gz,1,0.0
OAS31147,d0147,2000-05-27,/project/rrg-mchakrav-ab/moncia/oasis_3_bids/sub-OAS31147/ses-d0147/anat/sub-OAS31147_ses-d0147_T1w.nii.gz,1,0.0
OAS31147,d1218,2003-05-03,/project/rrg-mchakrav-ab/moncia/oasis_3_bids/sub-OAS31147/ses-d1218/anat/sub-OAS31147_ses-d1218_T1w.nii.gz,1,0.0
OAS31148,d1290,2003-07-14,/project/rrg-mchakrav-ab/moncia/oasis_3_bids/sub-OAS31148/ses-d1290/anat/sub-OAS31148_ses-d1290_T1w.nii.gz,1,0.0
OAS31149,d0061,2000-03-02,/project/rrg-mchakrav-ab/moncia/oasis_3_bids/sub-OAS31149/ses-d0061/anat/sub-OAS31149_ses-d0061_T1w.nii.gz,1,0.0
OAS31149,d1386,2003-10-18,/project/rrg-mchakrav-ab/moncia/oasis_3_bids/sub-OAS31149/ses-d1386/anat/sub-OAS31149_ses-d1386_T1w.nii.gz,1,0.0
OAS31150,d0073,2000-03-14,/project/rrg-mchakrav-ab/moncia/oasis_3_bids/sub-OAS31150/ses-d0073/anat/sub-OAS31150_ses-d0073_T1w.nii.gz,1,0.0
OAS31150,d1416,2003-11-17,/project/rrg-mchakrav-ab/moncia/oasis_3_bids/sub-OAS31150/ses-d1416/anat/sub-OAS31150_ses-d1416_T1w.nii.gz,1,0.0
OAS31150,d2604,2007-02-17,/project/rrg-mchakrav-ab/moncia/oasis_3_bids/sub-OAS31150/ses-d2604/anat/sub-OAS31150_ses-d2604_T1w.nii.gz,2,0.5
OAS31151,d0086,2000-03-27,/project/rrg-mchakrav-ab/moncia/oasis_3_bids/sub-OAS31151/ses-d0086/anat/sub-OAS31151_ses-d0086_run-01_T1w.nii.gz,1,0.0
OAS31152,d0092,2000-04-02,/project/rrg-mchakrav-ab/moncia/oasis_3_bids/sub-OAS31152/ses-d0092/anat/sub-OAS31152_ses-d0092_T1w.nii.gz,2,0.5
OAS31153,d1174,2003-03-20,/project/rrg-mchakrav-ab/moncia/oasis_3_bids/sub-OAS31153/ses-d1174/anat/sub-OAS31153_ses-d1174_T1w.nii.gz,1,0.0
OAS31153,d1239,2003-05-24,/project/rrg-mchakrav-ab/moncia/oasis_3_bids/sub-OAS31153/ses-d1239/anat/sub-OAS31153_ses-d1239_run-01_T1w.nii.gz,1,0.0
OAS31153,d2282,2006-04-01,/project/rrg-mchakrav-ab/moncia/oasis_3_bids/sub-OAS31153/ses-d2282/anat/sub-OAS31153_ses-d2282_T1w.nii.gz,1,0.0
OAS31154,d0034,2000-02-04,/project/rrg-mchakrav-ab/moncia/oasis_3_bids/sub-OAS31154/ses-d0034/anat/sub-OAS31154_ses-d0034_T1w.nii.gz,2,0.5
OAS31155,d6242,2017-02-02,/project/rrg-mchakrav-ab/moncia/oasis_3_bids/sub-OAS31155/ses-d6242/anat/sub-OAS31155_ses-d6242_run-01_T1w.nii.gz,1,0.0
OAS31155,d7635,2020-11-26,/project/rrg-mchakrav-ab/moncia/oasis_3_bids/sub-OAS31155/ses-d7635/anat/sub-OAS31155_ses-d7635_run-01_T1w.nii.gz,1,0.0
OAS31155,d8643,2023-08-31,/project/rrg-mchakrav-ab/moncia/oasis_3_bids/sub-OAS31155/ses-d8643/anat/sub-OAS31155_ses-d8643_run-01_T1w.nii.gz,1,0.0
OAS31156,d0001,2000-01-02,/project/rrg-mchakrav-ab/moncia/oasis_3_bids/sub-OAS31156/ses-d0001/anat/sub-OAS31156_ses-d0001_run-01_T1w.nii.gz,3,2.0
OAS31157,d1361,2003-09-23,/project/rrg-mchakrav-ab/moncia/oasis_3_bids/sub-OAS31157/ses-d1361/anat/sub-OAS31157_ses-d1361_T1w.nii.gz,1,0.0
OAS31157,d4924,2013-06-25,/project/rrg-mchakrav-ab/moncia/oasis_3_bids/sub-OAS31157/ses-d4924/anat/sub-OAS31157_ses-d4924_T1w.nii.gz,1,0.0
OAS31157,d6328,2017-04-29,/project/rrg-mchakrav-ab/moncia/oasis_3_bids/sub-OAS31157/ses-d6328/anat/sub-OAS31157_ses-d6328_T1w.nii.gz,1,0.0
OAS31158,d0029,2000-01-30,/project/rrg-mchakrav-ab/moncia/oasis_3_bids/sub-OAS31158/ses-d0029/anat/sub-OAS31158_ses-d0029_run-01_T1w.nii.gz,1,0.0
OAS31158,d0668,2001-10-30,/project/rrg-mchakrav-ab/moncia/oasis_3_bids/sub-OAS31158/ses-d0668/anat/sub-OAS31158_ses-d0668_run-01_T1w.nii.gz,1,0.0
OAS31158,d2481,2006-10-17,/project/rrg-mchakrav-ab/moncia/oasis_3_bids/sub-OAS31158/ses-d2481/anat/sub-OAS31158_ses-d2481_T1w.nii.gz,1,0.0
OAS31159,d0074,2000-03-15,/project/rrg-mchakrav-ab/moncia/oasis_3_bids/sub-OAS31159/ses-d0074/anat/sub-OAS31159_ses-d0074_run-01_T1w.nii.gz,1,0.0
OAS31160,d6062,2016-08-06,/project/rrg-mchakrav-ab/moncia/oasis_3_bids/sub-OAS31160/ses-d6062/anat/sub-OAS31160_ses-d6062_T1w.nii.gz,1,0.0
OAS31161,d0056,2000-02-26,/project/rrg-mchakrav-ab/moncia/oasis_3_bids/sub-OAS31161/ses-d0056/anat/sub-OAS31161_ses-d0056_T1w.nii.gz,1,0.0
OAS31161,d0068,2000-03-09,/project/rrg-mchakrav-ab/moncia/oasis_3_bids/sub-OAS31161/ses-d0068/anat/sub-OAS31161_ses-d0068_T1w.nii.gz,1,0.0
OAS31162,d0107,2000-04-17,/project/rrg-mchakrav-ab/moncia/oasis_3_bids/sub-OAS31162/ses-d0107/anat/sub-OAS31162_ses-d0107_T1w.nii.gz,1,0.0
OAS31163,d0036,2000-02-06,/project/rrg-mchakrav-ab/moncia/oasis_3_bids/sub-OAS31163/ses-d0036/anat/sub-OAS31163_ses-d0036_run-01_T1w.nii.gz,2,0.5
OAS31164,d0069,2000-03-10,/project/rrg-mchakrav-ab/moncia/oasis_3_bids/sub-OAS31164/ses-d0069/anat/sub-OAS31164_ses-d0069_run-01_T1w.nii.gz,1,0.0
OAS31164,d1678,2004-08-05,/project/rrg-mchakrav-ab/moncia/oasis_3_bids/sub-OAS31164/ses-d1678/anat/sub-OAS31164_ses-d1678_T1w.nii.gz,1,0.0
OAS31165,d1122,2003-01-27,/project/rrg-mchakrav-ab/moncia/oasis_3_bids/sub-OAS31165/ses-d1122/anat/sub-OAS31165_ses-d1122_T1w.nii.gz,1,0.0
OAS31166,d0947,2002-08-05,/project/rrg-mchakrav-ab/moncia/oasis_3_bids/sub-OAS31166/ses-d0947/anat/sub-OAS31166_ses-d0947_T1w.nii.gz,1,0.0
OAS31167,d0064,2000-03-05,/project/rrg-mchakrav-ab/moncia/oasis_3_bids/sub-OAS31167/ses-d0064/anat/sub-OAS31167_ses-d0064_run-01_T1w.nii.gz,1,0.0
OAS31167,d4564,2012-06-30,/project/rrg-mchakrav-ab/moncia/oasis_3_bids/sub-OAS31167/ses-d4564/anat/sub-OAS31167_ses-d4564_T1w.nii.gz,1,0.0
OAS31168,d0148,2000-05-28,/project/rrg-mchakrav-ab/moncia/oasis_3_bids/sub-OAS31168/ses-d0148/anat/sub-OAS31168_ses-d0148_run-01_T1w.nii.gz,1,0.0
OAS31168,d1566,2004-04-15,/project/rrg-mchakrav-ab/moncia/oasis_3_bids/sub-OAS31168/ses-d1566/anat/sub-OAS31168_ses-d1566_T1w.nii.gz,1,0.0
OAS31168,d2526,2006-12-01,/project/rrg-mchakrav-ab/moncia/oasis_3_bids/sub-OAS31168/ses-d2526/anat/sub-OAS31168_ses-d2526_T1w.nii.gz,1,0.0
OAS31168,d3493,2009-07-25,/project/rrg-mchakrav-ab/moncia/oasis_3_bids/sub-OAS31168/ses-d3493/anat/sub-OAS31168_ses-d3493_T1w.nii.gz,1,0.0
OAS31170,d2410,2006-08-07,/project/rrg-mchakrav-ab/moncia/oasis_3_bids/sub-OAS31170/ses-d2410/anat/sub-OAS31170_ses-d2410_T1w.nii.gz,3,1.0
OAS31171,d0752,2002-01-22,/project/rrg-mchakrav-ab/moncia/oasis_3_bids/sub-OAS31171/ses-d0752/anat/sub-OAS31171_ses-d0752_T1w.nii.gz,3,1.0
OAS31172,d0407,2001-02-11,/project/rrg-mchakrav-ab/moncia/oasis_3_bids/sub-OAS31172/ses-d0407/anat/sub-OAS31172_ses-d0407_run-01_T1w.nii.gz,1,0.0
OAS31172,d1717,2004-09-13,/project/rrg-mchakrav-ab/moncia/oasis_3_bids/sub-OAS31172/ses-d1717/anat/sub-OAS31172_ses-d1717_T1w.nii.gz,1,0.0
OAS31175,d0069,2000-03-10,/project/rrg-mchakrav-ab/moncia/oasis_3_bids/sub-OAS31175/ses-d0069/anat/sub-OAS31175_ses-d0069_T1w.nii.gz,1,0.0
OAS31176,d0097,2000-04-07,/project/rrg-mchakrav-ab/moncia/oasis_3_bids/sub-OAS31176/ses-d0097/anat/sub-OAS31176_ses-d0097_T1w.nii.gz,1,0.0
OAS31177,d0022,2000-01-23,/project/rrg-mchakrav-ab/moncia/oasis_3_bids/sub-OAS31177/ses-d0022/anat/sub-OAS31177_ses-d0022_T1w.nii.gz,1,0.0
OAS31177,d0149,2000-05-29,/project/rrg-mchakrav-ab/moncia/oasis_3_bids/sub-OAS31177/ses-d0149/anat/sub-OAS31177_ses-d0149_T1w.nii.gz,1,0.0
OAS31178,d3655,2010-01-03,/project/rrg-mchakrav-ab/moncia/oasis_3_bids/sub-OAS31178/ses-d3655/anat/sub-OAS31178_ses-d3655_T1w.nii.gz,1,0.0
OAS31179,d0180,2000-06-29,/project/rrg-mchakrav-ab/moncia/oasis_3_bids/sub-OAS31179/ses-d0180/anat/sub-OAS31179_ses-d0180_T1w.nii.gz,2,0.5
OAS31180,d0161,2000-06-10,/project/rrg-mchakrav-ab/moncia/oasis_3_bids/sub-OAS31180/ses-d0161/anat/sub-OAS31180_ses-d0161_T1w.nii.gz,1,0.0
OAS31180,d0162,2000-06-11,/project/rrg-mchakrav-ab/moncia/oasis_3_bids/sub-OAS31180/ses-d0162/anat/sub-OAS31180_ses-d0162_T1w.nii.gz,1,0.0
OAS31181,d0120,2000-04-30,/project/rrg-mchakrav-ab/moncia/oasis_3_bids/sub-OAS31181/ses-d0120/anat/sub-OAS31181_ses-d0120_T1w.nii.gz,3,1.0
OAS31184,d0056,2000-02-26,/project/rrg-mchakrav-ab/moncia/oasis_3_bids/sub-OAS31184/ses-d0056/anat/sub-OAS31184_ses-d0056_T1w.nii.gz,1,0.0
OAS31185,d0172,2000-06-21,/project/rrg-mchakrav-ab/moncia/oasis_3_bids/sub-OAS31185/ses-d0172/anat/sub-OAS31185_ses-d0172_T1w.nii.gz,2,0.5
OAS31186,d0102,2000-04-12,/project/rrg-mchakrav-ab/moncia/oasis_3_bids/sub-OAS31186/ses-d0102/anat/sub-OAS31186_ses-d0102_T1w.nii.gz,1,0.0
OAS31188,d0081,2000-03-22,/project/rrg-mchakrav-ab/moncia/oasis_3_bids/sub-OAS31188/ses-d0081/anat/sub-OAS31188_ses-d0081_T1w.nii.gz,1,0.0
OAS31189,d0112,2000-04-22,/project/rrg-mchakrav-ab/moncia/oasis_3_bids/sub-OAS31189/ses-d0112/anat/sub-OAS31189_ses-d0112_T1w.nii.gz,1,0.0
OAS31190,d0081,2000-03-22,/project/rrg-mchakrav-ab/moncia/oasis_3_bids/sub-OAS31190/ses-d0081/anat/sub-OAS31190_ses-d0081_T1w.nii.gz,2,0.5
OAS31190,d0136,2000-05-16,/project/rrg-mchakrav-ab/moncia/oasis_3_bids/sub-OAS31190/ses-d0136/anat/sub-OAS31190_ses-d0136_T1w.nii.gz,2,0.5
OAS31191,d0069,2000-03-10,/project/rrg-mchakrav-ab/moncia/oasis_3_bids/sub-OAS31191/ses-d0069/anat/sub-OAS31191_ses-d0069_T1w.nii.gz,2,0.5
OAS31192,d0036,2000-02-06,/project/rrg-mchakrav-ab/moncia/oasis_3_bids/sub-OAS31192/ses-d0036/anat/sub-OAS31192_ses-d0036_T1w.nii.gz,1,0.0
OAS31195,d0098,2000-04-08,/project/rrg-mchakrav-ab/moncia/oasis_3_bids/sub-OAS31195/ses-d0098/anat/sub-OAS31195_ses-d0098_T1w.nii.gz,1,0.0
OAS31196,d0135,2000-05-15,/project/rrg-mchakrav-ab/moncia/oasis_3_bids/sub-OAS31196/ses-d0135/anat/sub-OAS31196_ses-d0135_T1w.nii.gz,1,0.0
OAS31197,d0179,2000-06-28,/project/rrg-mchakrav-ab/moncia/oasis_3_bids/sub-OAS31197/ses-d0179/anat/sub-OAS31197_ses-d0179_T1w.nii.gz,1,0.0
OAS31198,d0119,2000-04-29,/project/rrg-mchakrav-ab/moncia/oasis_3_bids/sub-OAS31198/ses-d0119/anat/sub-OAS31198_ses-d0119_T1w.nii.gz,1,0.0
OAS31198,d0120,2000-04-30,/project/rrg-mchakrav-ab/moncia/oasis_3_bids/sub-OAS31198/ses-d0120/anat/sub-OAS31198_ses-d0120_T1w.nii.gz,1,0.0
OAS31199,d0111,2000-04-21,/project/rrg-mchakrav-ab/moncia/oasis_3_bids/sub-OAS31199/ses-d0111/anat/sub-OAS31199_ses-d0111_T1w.nii.gz,1,0.0
OAS31201,d0172,2000-06-21,/project/rrg-mchakrav-ab/moncia/oasis_3_bids/sub-OAS31201/ses-d0172/anat/sub-OAS31201_ses-d0172_T1w.nii.gz,2,0.5
OAS31202,d0043,2000-02-13,/project/rrg-mchakrav-ab/moncia/oasis_3_bids/sub-OAS31202/ses-d0043/anat/sub-OAS31202_ses-d0043_T1w.nii.gz,1,0.0
OAS31202,d0106,2000-04-16,/project/rrg-mchakrav-ab/moncia/oasis_3_bids/sub-OAS31202/ses-d0106/anat/sub-OAS31202_ses-d0106_run-01_T1w.nii.gz,1,0.0
OAS31204,d0006,2000-01-07,/project/rrg-mchakrav-ab/moncia/oasis_3_bids/sub-OAS31204/ses-d0006/anat/sub-OAS31204_ses-d0006_T1w.nii.gz,1,0.0
OAS31205,d0077,2000-03-18,/project/rrg-mchakrav-ab/moncia/oasis_3_bids/sub-OAS31205/ses-d0077/anat/sub-OAS31205_ses-d0077_T1w.nii.gz,1,0.0
OAS31207,d0049,2000-02-19,/project/rrg-mchakrav-ab/moncia/oasis_3_bids/sub-OAS31207/ses-d0049/anat/sub-OAS31207_ses-d0049_T1w.nii.gz,1,0.0
OAS31208,d0094,2000-04-04,/project/rrg-mchakrav-ab/moncia/oasis_3_bids/sub-OAS31208/ses-d0094/anat/sub-OAS31208_ses-d0094_T1w.nii.gz,1,0.0
OAS31209,d0095,2000-04-05,/project/rrg-mchakrav-ab/moncia/oasis_3_bids/sub-OAS31209/ses-d0095/anat/sub-OAS31209_ses-d0095_T1w.nii.gz,1,0.0
OAS31210,d0064,2000-03-05,/project/rrg-mchakrav-ab/moncia/oasis_3_bids/sub-OAS31210/ses-d0064/anat/sub-OAS31210_ses-d0064_T1w.nii.gz,1,0.0
OAS31211,d0127,2000-05-07,/project/rrg-mchakrav-ab/moncia/oasis_3_bids/sub-OAS31211/ses-d0127/anat/sub-OAS31211_ses-d0127_T1w.nii.gz,1,0.0
OAS31213,d0114,2000-04-24,/project/rrg-mchakrav-ab/moncia/oasis_3_bids/sub-OAS31213/ses-d0114/anat/sub-OAS31213_ses-d0114_T1w.nii.gz,1,0.0
OAS31214,d0077,2000-03-18,/project/rrg-mchakrav-ab/moncia/oasis_3_bids/sub-OAS31214/ses-d0077/anat/sub-OAS31214_ses-d0077_T1w.nii.gz,3,1.0
OAS31215,d0063,2000-03-04,/project/rrg-mchakrav-ab/moncia/oasis_3_bids/sub-OAS31215/ses-d0063/anat/sub-OAS31215_ses-d0063_T1w.nii.gz,1,0.0
OAS31217,d0118,2000-04-28,/project/rrg-mchakrav-ab/moncia/oasis_3_bids/sub-OAS31217/ses-d0118/anat/sub-OAS31217_ses-d0118_T1w.nii.gz,1,0.0
OAS31217,d0119,2000-04-29,/project/rrg-mchakrav-ab/moncia/oasis_3_bids/sub-OAS31217/ses-d0119/anat/sub-OAS31217_ses-d0119_T1w.nii.gz,1,0.0
OAS31218,d0067,2000-03-08,/project/rrg-mchakrav-ab/moncia/oasis_3_bids/sub-OAS31218/ses-d0067/anat/sub-OAS31218_ses-d0067_T1w.nii.gz,1,0.0
OAS31219,d0098,2000-04-08,/project/rrg-mchakrav-ab/moncia/oasis_3_bids/sub-OAS31219/ses-d0098/anat/sub-OAS31219_ses-d0098_T1w.nii.gz,1,0.0
OAS31220,d0082,2000-03-23,/project/rrg-mchakrav-ab/moncia/oasis_3_bids/sub-OAS31220/ses-d0082/anat/sub-OAS31220_ses-d0082_T1w.nii.gz,1,0.0
OAS31221,d0017,2000-01-18,/project/rrg-mchakrav-ab/moncia/oasis_3_bids/sub-OAS31221/ses-d0017/anat/sub-OAS31221_ses-d0017_T1w.nii.gz,2,0.5
OAS31221,d0078,2000-03-19,/project/rrg-mchakrav-ab/moncia/oasis_3_bids/sub-OAS31221/ses-d0078/anat/sub-OAS31221_ses-d0078_T1w.nii.gz,2,0.5
OAS31222,d0040,2000-02-10,/project/rrg-mchakrav-ab/moncia/oasis_3_bids/sub-OAS31222/ses-d0040/anat/sub-OAS31222_ses-d0040_T1w.nii.gz,2,0.5
OAS31222,d0095,2000-04-05,/project/rrg-mchakrav-ab/moncia/oasis_3_bids/sub-OAS31222/ses-d0095/anat/sub-OAS31222_ses-d0095_T1w.nii.gz,2,0.5
OAS31224,d0116,2000-04-26,/project/rrg-mchakrav-ab/moncia/oasis_3_bids/sub-OAS31224/ses-d0116/anat/sub-OAS31224_ses-d0116_T1w.nii.gz,1,0.0
OAS31225,d0132,2000-05-12,/project/rrg-mchakrav-ab/moncia/oasis_3_bids/sub-OAS31225/ses-d0132/anat/sub-OAS31225_ses-d0132_T1w.nii.gz,2,0.5
OAS31226,d0063,2000-03-04,/project/rrg-mchakrav-ab/moncia/oasis_3_bids/sub-OAS31226/ses-d0063/anat/sub-OAS31226_ses-d0063_T1w.nii.gz,1,0.0
OAS31227,d0050,2000-02-20,/project/rrg-mchakrav-ab/moncia/oasis_3_bids/sub-OAS31227/ses-d0050/anat/sub-OAS31227_ses-d0050_T1w.nii.gz,1,0.0
OAS31229,d0025,2000-01-26,/project/rrg-mchakrav-ab/moncia/oasis_3_bids/sub-OAS31229/ses-d0025/anat/sub-OAS31229_ses-d0025_acq-hippocampus_run-01_T1w.nii.gz,2,0.5
OAS31229,d0130,2000-05-10,/project/rrg-mchakrav-ab/moncia/oasis_3_bids/sub-OAS31229/ses-d0130/anat/sub-OAS31229_ses-d0130_T1w.nii.gz,2,0.5
OAS31230,d0000,2000-01-01,/project/rrg-mchakrav-ab/moncia/oasis_3_bids/sub-OAS31230/ses-d0000/anat/sub-OAS31230_ses-d0000_T1w.nii.gz,2,0.5
OAS31231,d0035,2000-02-05,/project/rrg-mchakrav-ab/moncia/oasis_3_bids/sub-OAS31231/ses-d0035/anat/sub-OAS31231_ses-d0035_T1w.nii.gz,1,0.0
OAS31232,d0124,2000-05-04,/project/rrg-mchakrav-ab/moncia/oasis_3_bids/sub-OAS31232/ses-d0124/anat/sub-OAS31232_ses-d0124_T1w.nii.gz,1,0.0
OAS31232,d0159,2000-06-08,/project/rrg-mchakrav-ab/moncia/oasis_3_bids/sub-OAS31232/ses-d0159/anat/sub-OAS31232_ses-d0159_T1w.nii.gz,1,0.0
OAS31235,d0054,2000-02-24,/project/rrg-mchakrav-ab/moncia/oasis_3_bids/sub-OAS31235/ses-d0054/anat/sub-OAS31235_ses-d0054_T1w.nii.gz,1,0.0
OAS31236,d0048,2000-02-18,/project/rrg-mchakrav-ab/moncia/oasis_3_bids/sub-OAS31236/ses-d0048/anat/sub-OAS31236_ses-d0048_T1w.nii.gz,1,0.0
OAS31237,d0172,2000-06-21,/project/rrg-mchakrav-ab/moncia/oasis_3_bids/sub-OAS31237/ses-d0172/anat/sub-OAS31237_ses-d0172_run-01_T1w.nii.gz,1,0.0
OAS31238,d0057,2000-02-27,/project/rrg-mchakrav-ab/moncia/oasis_3_bids/sub-OAS31238/ses-d0057/anat/sub-OAS31238_ses-d0057_T1w.nii.gz,1,0.0
OAS31239,d0048,2000-02-18,/project/rrg-mchakrav-ab/moncia/oasis_3_bids/sub-OAS31239/ses-d0048/anat/sub-OAS31239_ses-d0048_run-01_T1w.nii.gz,2,0.5
OAS31240,d0108,2000-04-18,/project/rrg-mchakrav-ab/moncia/oasis_3_bids/sub-OAS31240/ses-d0108/anat/sub-OAS31240_ses-d0108_T1w.nii.gz,1,0.0
OAS31240,d0109,2000-04-19,/project/rrg-mchakrav-ab/moncia/oasis_3_bids/sub-OAS31240/ses-d0109/anat/sub-OAS31240_ses-d0109_T1w.nii.gz,1,0.0
OAS31241,d0069,2000-03-10,/project/rrg-mchakrav-ab/moncia/oasis_3_bids/sub-OAS31241/ses-d0069/anat/sub-OAS31241_ses-d0069_T1w.nii.gz,1,0.0
OAS31242,d0129,2000-05-09,/project/rrg-mchakrav-ab/moncia/oasis_3_bids/sub-OAS31242/ses-d0129/anat/sub-OAS31242_ses-d0129_T1w.nii.gz,1,0.0
OAS31243,d0011,2000-01-12,/project/rrg-mchakrav-ab/moncia/oasis_3_bids/sub-OAS31243/ses-d0011/anat/sub-OAS31243_ses-d0011_T1w.nii.gz,1,0.0
OAS31243,d0116,2000-04-26,/project/rrg-mchakrav-ab/moncia/oasis_3_bids/sub-OAS31243/ses-d0116/anat/sub-OAS31243_ses-d0116_T1w.nii.gz,1,0.0
OAS31245,d0133,2000-05-13,/project/rrg-mchakrav-ab/moncia/oasis_3_bids/sub-OAS31245/ses-d0133/anat/sub-OAS31245_ses-d0133_T1w.nii.gz,2,0.5
OAS31246,d0132,2000-05-12,/project/rrg-mchakrav-ab/moncia/oasis_3_bids/sub-OAS31246/ses-d0132/anat/sub-OAS31246_ses-d0132_T1w.nii.gz,1,0.0
OAS31247,d0110,2000-04-20,/project/rrg-mchakrav-ab/moncia/oasis_3_bids/sub-OAS31247/ses-d0110/anat/sub-OAS31247_ses-d0110_T1w.nii.gz,1,0.0
OAS31249,d0063,2000-03-04,/project/rrg-mchakrav-ab/moncia/oasis_3_bids/sub-OAS31249/ses-d0063/anat/sub-OAS31249_ses-d0063_T1w.nii.gz,1,0.0
OAS31249,d0153,2000-06-02,/project/rrg-mchakrav-ab/moncia/oasis_3_bids/sub-OAS31249/ses-d0153/anat/sub-OAS31249_ses-d0153_T1w.nii.gz,1,0.0
OAS31250,d0174,2000-06-23,/project/rrg-mchakrav-ab/moncia/oasis_3_bids/sub-OAS31250/ses-d0174/anat/sub-OAS31250_ses-d0174_run-01_T1w.nii.gz,1,0.0
OAS31252,d0113,2000-04-23,/project/rrg-mchakrav-ab/moncia/oasis_3_bids/sub-OAS31252/ses-d0113/anat/sub-OAS31252_ses-d0113_T1w.nii.gz,1,0.0
OAS31254,d0043,2000-02-13,/project/rrg-mchakrav-ab/moncia/oasis_3_bids/sub-OAS31254/ses-d0043/anat/sub-OAS31254_ses-d0043_T1w.nii.gz,2,0.5
OAS31254,d0138,2000-05-18,/project/rrg-mchakrav-ab/moncia/oasis_3_bids/sub-OAS31254/ses-d0138/anat/sub-OAS31254_ses-d0138_T1w.nii.gz,2,0.5
OAS31255,d0100,2000-04-10,/project/rrg-mchakrav-ab/moncia/oasis_3_bids/sub-OAS31255/ses-d0100/anat/sub-OAS31255_ses-d0100_T1w.nii.gz,1,0.0
OAS31255,d0101,2000-04-11,/project/rrg-mchakrav-ab/moncia/oasis_3_bids/sub-OAS31255/ses-d0101/anat/sub-OAS31255_ses-d0101_T1w.nii.gz,1,0.0
OAS31256,d0163,2000-06-12,/project/rrg-mchakrav-ab/moncia/oasis_3_bids/sub-OAS31256/ses-d0163/anat/sub-OAS31256_ses-d0163_T1w.nii.gz,2,0.5
OAS31257,d0097,2000-04-07,/project/rrg-mchakrav-ab/moncia/oasis_3_bids/sub-OAS31257/ses-d0097/anat/sub-OAS31257_ses-d0097_T1w.nii.gz,1,0.0
OAS31260,d0138,2000-05-18,/project/rrg-mchakrav-ab/moncia/oasis_3_bids/sub-OAS31260/ses-d0138/anat/sub-OAS31260_ses-d0138_T1w.nii.gz,1,0.0
OAS31260,d0139,2000-05-19,/project/rrg-mchakrav-ab/moncia/oasis_3_bids/sub-OAS31260/ses-d0139/anat/sub-OAS31260_ses-d0139_T1w.nii.gz,1,0.0
OAS31261,d0095,2000-04-05,/project/rrg-mchakrav-ab/moncia/oasis_3_bids/sub-OAS31261/ses-d0095/anat/sub-OAS31261_ses-d0095_T1w.nii.gz,1,0.0
OAS31261,d0152,2000-06-01,/project/rrg-mchakrav-ab/moncia/oasis_3_bids/sub-OAS31261/ses-d0152/anat/sub-OAS31261_ses-d0152_T1w.nii.gz,1,0.0
OAS31262,d0033,2000-02-03,/project/rrg-mchakrav-ab/moncia/oasis_3_bids/sub-OAS31262/ses-d0033/anat/sub-OAS31262_ses-d0033_T1w.nii.gz,2,0.5
OAS31263,d0069,2000-03-10,/project/rrg-mchakrav-ab/moncia/oasis_3_bids/sub-OAS31263/ses-d0069/anat/sub-OAS31263_ses-d0069_T1w.nii.gz,1,0.0
OAS31263,d0152,2000-06-01,/project/rrg-mchakrav-ab/moncia/oasis_3_bids/sub-OAS31263/ses-d0152/anat/sub-OAS31263_ses-d0152_T1w.nii.gz,1,0.0
OAS31264,d0133,2000-05-13,/project/rrg-mchakrav-ab/moncia/oasis_3_bids/sub-OAS31264/ses-d0133/anat/sub-OAS31264_ses-d0133_T1w.nii.gz,2,0.5
OAS31265,d0028,2000-01-29,/project/rrg-mchakrav-ab/moncia/oasis_3_bids/sub-OAS31265/ses-d0028/anat/sub-OAS31265_ses-d0028_T1w.nii.gz,1,0.0
OAS31267,d0090,2000-03-31,/project/rrg-mchakrav-ab/moncia/oasis_3_bids/sub-OAS31267/ses-d0090/anat/sub-OAS31267_ses-d0090_T1w.nii.gz,1,0.0
OAS31268,d0040,2000-02-10,/project/rrg-mchakrav-ab/moncia/oasis_3_bids/sub-OAS31268/ses-d0040/anat/sub-OAS31268_ses-d0040_T1w.nii.gz,2,0.5
OAS31268,d0132,2000-05-12,/project/rrg-mchakrav-ab/moncia/oasis_3_bids/sub-OAS31268/ses-d0132/anat/sub-OAS31268_ses-d0132_T1w.nii.gz,2,0.5
OAS31269,d0031,2000-02-01,/project/rrg-mchakrav-ab/moncia/oasis_3_bids/sub-OAS31269/ses-d0031/anat/sub-OAS31269_ses-d0031_T1w.nii.gz,1,0.0
OAS31270,d0161,2000-06-10,/project/rrg-mchakrav-ab/moncia/oasis_3_bids/sub-OAS31270/ses-d0161/anat/sub-OAS31270_ses-d0161_T1w.nii.gz,3,1.0
OAS31271,d0119,2000-04-29,/project/rrg-mchakrav-ab/moncia/oasis_3_bids/sub-OAS31271/ses-d0119/anat/sub-OAS31271_ses-d0119_run-01_T1w.nii.gz,1,0.0
OAS31271,d0139,2000-05-19,/project/rrg-mchakrav-ab/moncia/oasis_3_bids/sub-OAS31271/ses-d0139/anat/sub-OAS31271_ses-d0139_T1w.nii.gz,1,0.0
OAS31272,d0022,2000-01-23,/project/rrg-mchakrav-ab/moncia/oasis_3_bids/sub-OAS31272/ses-d0022/anat/sub-OAS31272_ses-d0022_T1w.nii.gz,1,0.0
OAS31273,d0052,2000-02-22,/project/rrg-mchakrav-ab/moncia/oasis_3_bids/sub-OAS31273/ses-d0052/anat/sub-OAS31273_ses-d0052_T1w.nii.gz,1,0.0
OAS31274,d0130,2000-05-10,/project/rrg-mchakrav-ab/moncia/oasis_3_bids/sub-OAS31274/ses-d0130/anat/sub-OAS31274_ses-d0130_T1w.nii.gz,1,0.0
OAS31274,d0132,2000-05-12,/project/rrg-mchakrav-ab/moncia/oasis_3_bids/sub-OAS31274/ses-d0132/anat/sub-OAS31274_ses-d0132_T1w.nii.gz,1,0.0
OAS31276,d0052,2000-02-22,/project/rrg-mchakrav-ab/moncia/oasis_3_bids/sub-OAS31276/ses-d0052/anat/sub-OAS31276_ses-d0052_run-01_T1w.nii.gz,1,0.0
OAS31277,d0084,2000-03-25,/project/rrg-mchakrav-ab/moncia/oasis_3_bids/sub-OAS31277/ses-d0084/anat/sub-OAS31277_ses-d0084_T1w.nii.gz,1,0.0
OAS31278,d0146,2000-05-26,/project/rrg-mchakrav-ab/moncia/oasis_3_bids/sub-OAS31278/ses-d0146/anat/sub-OAS31278_ses-d0146_T1w.nii.gz,1,0.0
OAS31279,d0020,2000-01-21,/project/rrg-mchakrav-ab/moncia/oasis_3_bids/sub-OAS31279/ses-d0020/anat/sub-OAS31279_ses-d0020_run-01_T1w.nii.gz,1,0.0
OAS31280,d0016,2000-01-17,/project/rrg-mchakrav-ab/moncia/oasis_3_bids/sub-OAS31280/ses-d0016/anat/sub-OAS31280_ses-d0016_run-01_T1w.nii.gz,1,0.0
OAS31281,d0055,2000-02-25,/project/rrg-mchakrav-ab/moncia/oasis_3_bids/sub-OAS31281/ses-d0055/anat/sub-OAS31281_ses-d0055_T1w.nii.gz,3,1.0
OAS31282,d0036,2000-02-06,/project/rrg-mchakrav-ab/moncia/oasis_3_bids/sub-OAS31282/ses-d0036/anat/sub-OAS31282_ses-d0036_T1w.nii.gz,1,0.0
OAS31283,d0344,2000-12-10,/project/rrg-mchakrav-ab/moncia/oasis_3_bids/sub-OAS31283/ses-d0344/anat/sub-OAS31283_ses-d0344_T1w.nii.gz,1,0.0
OAS31284,d0045,2000-02-15,/project/rrg-mchakrav-ab/moncia/oasis_3_bids/sub-OAS31284/ses-d0045/anat/sub-OAS31284_ses-d0045_T1w.nii.gz,1,0.0
OAS31285,d0055,2000-02-25,/project/rrg-mchakrav-ab/moncia/oasis_3_bids/sub-OAS31285/ses-d0055/anat/sub-OAS31285_ses-d0055_T1w.nii.gz,1,0.0
OAS31286,d0058,2000-02-28,/project/rrg-mchakrav-ab/moncia/oasis_3_bids/sub-OAS31286/ses-d0058/anat/sub-OAS31286_ses-d0058_T1w.nii.gz,1,0.0
OAS31288,d0124,2000-05-04,/project/rrg-mchakrav-ab/moncia/oasis_3_bids/sub-OAS31288/ses-d0124/anat/sub-OAS31288_ses-d0124_T1w.nii.gz,1,0.0
OAS31290,d0048,2000-02-18,/project/rrg-mchakrav-ab/moncia/oasis_3_bids/sub-OAS31290/ses-d0048/anat/sub-OAS31290_ses-d0048_T1w.nii.gz,2,0.5
OAS31292,d0094,2000-04-04,/project/rrg-mchakrav-ab/moncia/oasis_3_bids/sub-OAS31292/ses-d0094/anat/sub-OAS31292_ses-d0094_T1w.nii.gz,3,1.0
OAS31293,d0084,2000-03-25,/project/rrg-mchakrav-ab/moncia/oasis_3_bids/sub-OAS31293/ses-d0084/anat/sub-OAS31293_ses-d0084_T1w.nii.gz,1,0.0
OAS31294,d0021,2000-01-22,/project/rrg-mchakrav-ab/moncia/oasis_3_bids/sub-OAS31294/ses-d0021/anat/sub-OAS31294_ses-d0021_T1w.nii.gz,1,0.0
OAS31295,d0120,2000-04-30,/project/rrg-mchakrav-ab/moncia/oasis_3_bids/sub-OAS31295/ses-d0120/anat/sub-OAS31295_ses-d0120_T1w.nii.gz,1,0.0
OAS31295,d0121,2000-05-01,/project/rrg-mchakrav-ab/moncia/oasis_3_bids/sub-OAS31295/ses-d0121/anat/sub-OAS31295_ses-d0121_T1w.nii.gz,1,0.0
OAS31297,d0035,2000-02-05,/project/rrg-mchakrav-ab/moncia/oasis_3_bids/sub-OAS31297/ses-d0035/anat/sub-OAS31297_ses-d0035_T1w.nii.gz,1,0.0
OAS31299,d0061,2000-03-02,/project/rrg-mchakrav-ab/moncia/oasis_3_bids/sub-OAS31299/ses-d0061/anat/sub-OAS31299_ses-d0061_T1w.nii.gz,1,0.0
OAS31301,d0085,2000-03-26,/project/rrg-mchakrav-ab/moncia/oasis_3_bids/sub-OAS31301/ses-d0085/anat/sub-OAS31301_ses-d0085_T1w.nii.gz,1,0.0
OAS31301,d0086,2000-03-27,/project/rrg-mchakrav-ab/moncia/oasis_3_bids/sub-OAS31301/ses-d0086/anat/sub-OAS31301_ses-d0086_T1w.nii.gz,1,0.0
OAS31302,d0056,2000-02-26,/project/rrg-mchakrav-ab/moncia/oasis_3_bids/sub-OAS31302/ses-d0056/anat/sub-OAS31302_ses-d0056_T1w.nii.gz,1,0.0
OAS31303,d0015,2000-01-16,/project/rrg-mchakrav-ab/moncia/oasis_3_bids/sub-OAS31303/ses-d0015/anat/sub-OAS31303_ses-d0015_run-01_T1w.nii.gz,1,0.0
OAS31304,d0084,2000-03-25,/project/rrg-mchakrav-ab/moncia/oasis_3_bids/sub-OAS31304/ses-d0084/anat/sub-OAS31304_ses-d0084_T1w.nii.gz,2,0.5
OAS31305,d0112,2000-04-22,/project/rrg-mchakrav-ab/moncia/oasis_3_bids/sub-OAS31305/ses-d0112/anat/sub-OAS31305_ses-d0112_T1w.nii.gz,1,0.0
OAS31306,d0028,2000-01-29,/project/rrg-mchakrav-ab/moncia/oasis_3_bids/sub-OAS31306/ses-d0028/anat/sub-OAS31306_ses-d0028_T1w.nii.gz,3,1.0
OAS31307,d0113,2000-04-23,/project/rrg-mchakrav-ab/moncia/oasis_3_bids/sub-OAS31307/ses-d0113/anat/sub-OAS31307_ses-d0113_T1w.nii.gz,1,0.0
OAS31308,d0093,2000-04-03,/project/rrg-mchakrav-ab/moncia/oasis_3_bids/sub-OAS31308/ses-d0093/anat/sub-OAS31308_ses-d0093_T1w.nii.gz,1,0.0
OAS31309,d0173,2000-06-22,/project/rrg-mchakrav-ab/moncia/oasis_3_bids/sub-OAS31309/ses-d0173/anat/sub-OAS31309_ses-d0173_T1w.nii.gz,2,0.5
OAS31309,d0174,2000-06-23,/project/rrg-mchakrav-ab/moncia/oasis_3_bids/sub-OAS31309/ses-d0174/anat/sub-OAS31309_ses-d0174_run-01_T1w.nii.gz,2,0.5
OAS31310,d0082,2000-03-23,/project/rrg-mchakrav-ab/moncia/oasis_3_bids/sub-OAS31310/ses-d0082/anat/sub-OAS31310_ses-d0082_T1w.nii.gz,1,0.0
OAS31311,d0055,2000-02-25,/project/rrg-mchakrav-ab/moncia/oasis_3_bids/sub-OAS31311/ses-d0055/anat/sub-OAS31311_ses-d0055_T1w.nii.gz,1,0.0
OAS31312,d0088,2000-03-29,/project/rrg-mchakrav-ab/moncia/oasis_3_bids/sub-OAS31312/ses-d0088/anat/sub-OAS31312_ses-d0088_T1w.nii.gz,1,0.0
OAS31312,d0089,2000-03-30,/project/rrg-mchakrav-ab/moncia/oasis_3_bids/sub-OAS31312/ses-d0089/anat/sub-OAS31312_ses-d0089_T1w.nii.gz,1,0.0
OAS31313,d0047,2000-02-17,/project/rrg-mchakrav-ab/moncia/oasis_3_bids/sub-OAS31313/ses-d0047/anat/sub-OAS31313_ses-d0047_run-01_T1w.nii.gz,1,0.0
OAS31314,d0280,2000-10-07,/project/rrg-mchakrav-ab/moncia/oasis_3_bids/sub-OAS31314/ses-d0280/anat/sub-OAS31314_ses-d0280_T1w.nii.gz,3,1.0
OAS31315,d0143,2000-05-23,/project/rrg-mchakrav-ab/moncia/oasis_3_bids/sub-OAS31315/ses-d0143/anat/sub-OAS31315_ses-d0143_T1w.nii.gz,1,0.0
OAS31316,d0061,2000-03-02,/project/rrg-mchakrav-ab/moncia/oasis_3_bids/sub-OAS31316/ses-d0061/anat/sub-OAS31316_ses-d0061_T1w.nii.gz,1,0.0
OAS31317,d0077,2000-03-18,/project/rrg-mchakrav-ab/moncia/oasis_3_bids/sub-OAS31317/ses-d0077/anat/sub-OAS31317_ses-d0077_T1w.nii.gz,1,0.0
OAS31318,d0155,2000-06-04,/project/rrg-mchakrav-ab/moncia/oasis_3_bids/sub-OAS31318/ses-d0155/anat/sub-OAS31318_ses-d0155_T1w.nii.gz,1,0.0
OAS31318,d0156,2000-06-05,/project/rrg-mchakrav-ab/moncia/oasis_3_bids/sub-OAS31318/ses-d0156/anat/sub-OAS31318_ses-d0156_T1w.nii.gz,1,0.0
OAS31319,d0075,2000-03-16,/project/rrg-mchakrav-ab/moncia/oasis_3_bids/sub-OAS31319/ses-d0075/anat/sub-OAS31319_ses-d0075_T1w.nii.gz,1,0.0
OAS31320,d0036,2000-02-06,/project/rrg-mchakrav-ab/moncia/oasis_3_bids/sub-OAS31320/ses-d0036/anat/sub-OAS31320_ses-d0036_T1w.nii.gz,1,0.0
OAS31320,d0174,2000-06-23,/project/rrg-mchakrav-ab/moncia/oasis_3_bids/sub-OAS31320/ses-d0174/anat/sub-OAS31320_ses-d0174_T1w.nii.gz,1,0.0
OAS31321,d0044,2000-02-14,/project/rrg-mchakrav-ab/moncia/oasis_3_bids/sub-OAS31321/ses-d0044/anat/sub-OAS31321_ses-d0044_T1w.nii.gz,1,0.0
OAS31322,d0105,2000-04-15,/project/rrg-mchakrav-ab/moncia/oasis_3_bids/sub-OAS31322/ses-d0105/anat/sub-OAS31322_ses-d0105_T1w.nii.gz,1,0.0
OAS31323,d0123,2000-05-03,/project/rrg-mchakrav-ab/moncia/oasis_3_bids/sub-OAS31323/ses-d0123/anat/sub-OAS31323_ses-d0123_T1w.nii.gz,1,0.0
OAS31325,d0086,2000-03-27,/project/rrg-mchakrav-ab/moncia/oasis_3_bids/sub-OAS31325/ses-d0086/anat/sub-OAS31325_ses-d0086_T1w.nii.gz,1,0.0
OAS31326,d0028,2000-01-29,/project/rrg-mchakrav-ab/moncia/oasis_3_bids/sub-OAS31326/ses-d0028/anat/sub-OAS31326_ses-d0028_T1w.nii.gz,1,0.0
OAS31327,d0062,2000-03-03,/project/rrg-mchakrav-ab/moncia/oasis_3_bids/sub-OAS31327/ses-d0062/anat/sub-OAS31327_ses-d0062_T1w.nii.gz,1,0.0
OAS31329,d0137,2000-05-17,/project/rrg-mchakrav-ab/moncia/oasis_3_bids/sub-OAS31329/ses-d0137/anat/sub-OAS31329_ses-d0137_T1w.nii.gz,1,0.0
OAS31330,d0229,2000-08-17,/project/rrg-mchakrav-ab/moncia/oasis_3_bids/sub-OAS31330/ses-d0229/anat/sub-OAS31330_ses-d0229_T1w.nii.gz,1,0.0
OAS31331,d0175,2000-06-24,/project/rrg-mchakrav-ab/moncia/oasis_3_bids/sub-OAS31331/ses-d0175/anat/sub-OAS31331_ses-d0175_T1w.nii.gz,1,0.0
OAS31333,d0023,2000-01-24,/project/rrg-mchakrav-ab/moncia/oasis_3_bids/sub-OAS31333/ses-d0023/anat/sub-OAS31333_ses-d0023_T1w.nii.gz,1,0.0
OAS31333,d0056,2000-02-26,/project/rrg-mchakrav-ab/moncia/oasis_3_bids/sub-OAS31333/ses-d0056/anat/sub-OAS31333_ses-d0056_T1w.nii.gz,1,0.0
OAS31334,d0088,2000-03-29,/project/rrg-mchakrav-ab/moncia/oasis_3_bids/sub-OAS31334/ses-d0088/anat/sub-OAS31334_ses-d0088_T1w.nii.gz,2,0.5
OAS31335,d0164,2000-06-13,/project/rrg-mchakrav-ab/moncia/oasis_3_bids/sub-OAS31335/ses-d0164/anat/sub-OAS31335_ses-d0164_T1w.nii.gz,1,0.0
OAS31336,d0176,2000-06-25,/project/rrg-mchakrav-ab/moncia/oasis_3_bids/sub-OAS31336/ses-d0176/anat/sub-OAS31336_ses-d0176_T1w.nii.gz,1,0.0
OAS31337,d0032,2000-02-02,/project/rrg-mchakrav-ab/moncia/oasis_3_bids/sub-OAS31337/ses-d0032/anat/sub-OAS31337_ses-d0032_T1w.nii.gz,1,0.0
OAS31338,d0091,2000-04-01,/project/rrg-mchakrav-ab/moncia/oasis_3_bids/sub-OAS31338/ses-d0091/anat/sub-OAS31338_ses-d0091_T1w.nii.gz,1,0.0
OAS31338,d0120,2000-04-30,/project/rrg-mchakrav-ab/moncia/oasis_3_bids/sub-OAS31338/ses-d0120/anat/sub-OAS31338_ses-d0120_T1w.nii.gz,1,0.0
OAS31340,d0143,2000-05-23,/project/rrg-mchakrav-ab/moncia/oasis_3_bids/sub-OAS31340/ses-d0143/anat/sub-OAS31340_ses-d0143_T1w.nii.gz,2,0.5
OAS31342,d0097,2000-04-07,/project/rrg-mchakrav-ab/moncia/oasis_3_bids/sub-OAS31342/ses-d0097/anat/sub-OAS31342_ses-d0097_T1w.nii.gz,1,0.0
OAS31345,d0034,2000-02-04,/project/rrg-mchakrav-ab/moncia/oasis_3_bids/sub-OAS31345/ses-d0034/anat/sub-OAS31345_ses-d0034_T1w.nii.gz,1,0.0
OAS31346,d0058,2000-02-28,/project/rrg-mchakrav-ab/moncia/oasis_3_bids/sub-OAS31346/ses-d0058/anat/sub-OAS31346_ses-d0058_T1w.nii.gz,1,0.0
OAS31348,d0100,2000-04-10,/project/rrg-mchakrav-ab/moncia/oasis_3_bids/sub-OAS31348/ses-d0100/anat/sub-OAS31348_ses-d0100_T1w.nii.gz,2,0.5
OAS31348,d0164,2000-06-13,/project/rrg-mchakrav-ab/moncia/oasis_3_bids/sub-OAS31348/ses-d0164/anat/sub-OAS31348_ses-d0164_T1w.nii.gz,2,0.5
OAS31349,d0048,2000-02-18,/project/rrg-mchakrav-ab/moncia/oasis_3_bids/sub-OAS31349/ses-d0048/anat/sub-OAS31349_ses-d0048_T1w.nii.gz,1,0.0
OAS31350,d0030,2000-01-31,/project/rrg-mchakrav-ab/moncia/oasis_3_bids/sub-OAS31350/ses-d0030/anat/sub-OAS31350_ses-d0030_T1w.nii.gz,1,0.0
OAS31351,d0008,2000-01-09,/project/rrg-mchakrav-ab/moncia/oasis_3_bids/sub-OAS31351/ses-d0008/anat/sub-OAS31351_ses-d0008_T1w.nii.gz,2,0.5
OAS31351,d0147,2000-05-27,/project/rrg-mchakrav-ab/moncia/oasis_3_bids/sub-OAS31351/ses-d0147/anat/sub-OAS31351_ses-d0147_T1w.nii.gz,2,0.5
OAS31352,d0131,2000-05-11,/project/rrg-mchakrav-ab/moncia/oasis_3_bids/sub-OAS31352/ses-d0131/anat/sub-OAS31352_ses-d0131_T1w.nii.gz,1,0.0
OAS31352,d0132,2000-05-12,/project/rrg-mchakrav-ab/moncia/oasis_3_bids/sub-OAS31352/ses-d0132/anat/sub-OAS31352_ses-d0132_T1w.nii.gz,1,0.0
OAS31353,d0117,2000-04-27,/project/rrg-mchakrav-ab/moncia/oasis_3_bids/sub-OAS31353/ses-d0117/anat/sub-OAS31353_ses-d0117_T1w.nii.gz,2,0.5
OAS31354,d0139,2000-05-19,/project/rrg-mchakrav-ab/moncia/oasis_3_bids/sub-OAS31354/ses-d0139/anat/sub-OAS31354_ses-d0139_T1w.nii.gz,1,0.0
OAS31354,d0140,2000-05-20,/project/rrg-mchakrav-ab/moncia/oasis_3_bids/sub-OAS31354/ses-d0140/anat/sub-OAS31354_ses-d0140_T1w.nii.gz,1,0.0
OAS31356,d0091,2000-04-01,/project/rrg-mchakrav-ab/moncia/oasis_3_bids/sub-OAS31356/ses-d0091/anat/sub-OAS31356_ses-d0091_T1w.nii.gz,1,0.0
OAS31359,d0001,2000-01-02,/project/rrg-mchakrav-ab/moncia/oasis_3_bids/sub-OAS31359/ses-d0001/anat/sub-OAS31359_ses-d0001_T1w.nii.gz,2,0.5
OAS31360,d0158,2000-06-07,/project/rrg-mchakrav-ab/moncia/oasis_3_bids/sub-OAS31360/ses-d0158/anat/sub-OAS31360_ses-d0158_T1w.nii.gz,1,0.0
OAS31360,d0159,2000-06-08,/project/rrg-mchakrav-ab/moncia/oasis_3_bids/sub-OAS31360/ses-d0159/anat/sub-OAS31360_ses-d0159_T1w.nii.gz,1,0.0
OAS31362,d0354,2000-12-20,/project/rrg-mchakrav-ab/moncia/oasis_3_bids/sub-OAS31362/ses-d0354/anat/sub-OAS31362_ses-d0354_T1w.nii.gz,1,0.0
OAS31362,d0355,2000-12-21,/project/rrg-mchakrav-ab/moncia/oasis_3_bids/sub-OAS31362/ses-d0355/anat/sub-OAS31362_ses-d0355_T1w.nii.gz,1,0.0
OAS31363,d0049,2000-02-19,/project/rrg-mchakrav-ab/moncia/oasis_3_bids/sub-OAS31363/ses-d0049/anat/sub-OAS31363_ses-d0049_T1w.nii.gz,1,0.0
OAS31365,d0033,2000-02-03,/project/rrg-mchakrav-ab/moncia/oasis_3_bids/sub-OAS31365/ses-d0033/anat/sub-OAS31365_ses-d0033_T1w.nii.gz,1,0.0
OAS31366,d0040,2000-02-10,/project/rrg-mchakrav-ab/moncia/oasis_3_bids/sub-OAS31366/ses-d0040/anat/sub-OAS31366_ses-d0040_T1w.nii.gz,1,0.0
OAS31367,d0142,2000-05-22,/project/rrg-mchakrav-ab/moncia/oasis_3_bids/sub-OAS31367/ses-d0142/anat/sub-OAS31367_ses-d0142_T1w.nii.gz,1,0.0
OAS31367,d0156,2000-06-05,/project/rrg-mchakrav-ab/moncia/oasis_3_bids/sub-OAS31367/ses-d0156/anat/sub-OAS31367_ses-d0156_T1w.nii.gz,1,0.0
OAS31368,d0057,2000-02-27,/project/rrg-mchakrav-ab/moncia/oasis_3_bids/sub-OAS31368/ses-d0057/anat/sub-OAS31368_ses-d0057_run-01_T1w.nii.gz,2,0.5
OAS31369,d0074,2000-03-15,/project/rrg-mchakrav-ab/moncia/oasis_3_bids/sub-OAS31369/ses-d0074/anat/sub-OAS31369_ses-d0074_T1w.nii.gz,1,0.0
OAS31370,d0097,2000-04-07,/project/rrg-mchakrav-ab/moncia/oasis_3_bids/sub-OAS31370/ses-d0097/anat/sub-OAS31370_ses-d0097_T1w.nii.gz,1,0.0
OAS31371,d0167,2000-06-16,/project/rrg-mchakrav-ab/moncia/oasis_3_bids/sub-OAS31371/ses-d0167/anat/sub-OAS31371_ses-d0167_T1w.nii.gz,1,0.0
OAS31372,d1245,2003-05-30,/project/rrg-mchakrav-ab/moncia/oasis_3_bids/sub-OAS31372/ses-d1245/anat/sub-OAS31372_ses-d1245_T1w.nii.gz,1,0.0
OAS31373,d0133,2000-05-13,/project/rrg-mchakrav-ab/moncia/oasis_3_bids/sub-OAS31373/ses-d0133/anat/sub-OAS31373_ses-d0133_T1w.nii.gz,1,0.0
OAS31373,d0134,2000-05-14,/project/rrg-mchakrav-ab/moncia/oasis_3_bids/sub-OAS31373/ses-d0134/anat/sub-OAS31373_ses-d0134_T1w.nii.gz,1,0.0
OAS31376,d1213,2003-04-28,/project/rrg-mchakrav-ab/moncia/oasis_3_bids/sub-OAS31376/ses-d1213/anat/sub-OAS31376_ses-d1213_T1w.nii.gz,1,0.0
OAS31379,d0071,2000-03-12,/project/rrg-mchakrav-ab/moncia/oasis_3_bids/sub-OAS31379/ses-d0071/anat/sub-OAS31379_ses-d0071_T1w.nii.gz,2,0.5
OAS31380,d0132,2000-05-12,/project/rrg-mchakrav-ab/moncia/oasis_3_bids/sub-OAS31380/ses-d0132/anat/sub-OAS31380_ses-d0132_T1w.nii.gz,1,0.0
OAS31381,d0032,2000-02-02,/project/rrg-mchakrav-ab/moncia/oasis_3_bids/sub-OAS31381/ses-d0032/anat/sub-OAS31381_ses-d0032_T1w.nii.gz,1,0.0
OAS31382,d0089,2000-03-30,/project/rrg-mchakrav-ab/moncia/oasis_3_bids/sub-OAS31382/ses-d0089/anat/sub-OAS31382_ses-d0089_T1w.nii.gz,1,0.0
OAS31383,d0148,2000-05-28,/project/rrg-mchakrav-ab/moncia/oasis_3_bids/sub-OAS31383/ses-d0148/anat/sub-OAS31383_ses-d0148_T1w.nii.gz,1,0.0
OAS31384,d0143,2000-05-23,/project/rrg-mchakrav-ab/moncia/oasis_3_bids/sub-OAS31384/ses-d0143/anat/sub-OAS31384_ses-d0143_T1w.nii.gz,2,0.5
OAS31384,d0193,2000-07-12,/project/rrg-mchakrav-ab/moncia/oasis_3_bids/sub-OAS31384/ses-d0193/anat/sub-OAS31384_ses-d0193_run-01_T1w.nii.gz,2,0.5
OAS31388,d0026,2000-01-27,/project/rrg-mchakrav-ab/moncia/oasis_3_bids/sub-OAS31388/ses-d0026/anat/sub-OAS31388_ses-d0026_T1w.nii.gz,1,0.0
OAS31389,d0140,2000-05-20,/project/rrg-mchakrav-ab/moncia/oasis_3_bids/sub-OAS31389/ses-d0140/anat/sub-OAS31389_ses-d0140_T1w.nii.gz,3,1.0
OAS31390,d0060,2000-03-01,/project/rrg-mchakrav-ab/moncia/oasis_3_bids/sub-OAS31390/ses-d0060/anat/sub-OAS31390_ses-d0060_T1w.nii.gz,1,0.0
OAS31391,d0112,2000-04-22,/project/rrg-mchakrav-ab/moncia/oasis_3_bids/sub-OAS31391/ses-d0112/anat/sub-OAS31391_ses-d0112_T1w.nii.gz,1,0.0
OAS31392,d0144,2000-05-24,/project/rrg-mchakrav-ab/moncia/oasis_3_bids/sub-OAS31392/ses-d0144/anat/sub-OAS31392_ses-d0144_T1w.nii.gz,1,0.0
OAS31393,d0125,2000-05-05,/project/rrg-mchakrav-ab/moncia/oasis_3_bids/sub-OAS31393/ses-d0125/anat/sub-OAS31393_ses-d0125_T1w.nii.gz,1,0.0
OAS31394,d0056,2000-02-26,/project/rrg-mchakrav-ab/moncia/oasis_3_bids/sub-OAS31394/ses-d0056/anat/sub-OAS31394_ses-d0056_T1w.nii.gz,1,0.0
OAS31395,d0044,2000-02-14,/project/rrg-mchakrav-ab/moncia/oasis_3_bids/sub-OAS31395/ses-d0044/anat/sub-OAS31395_ses-d0044_T1w.nii.gz,1,0.0
OAS31396,d0068,2000-03-09,/project/rrg-mchakrav-ab/moncia/oasis_3_bids/sub-OAS31396/ses-d0068/anat/sub-OAS31396_ses-d0068_run-01_T1w.nii.gz,2,0.5
OAS31397,d0058,2000-02-28,/project/rrg-mchakrav-ab/moncia/oasis_3_bids/sub-OAS31397/ses-d0058/anat/sub-OAS31397_ses-d0058_T1w.nii.gz,1,0.0
OAS31398,d0098,2000-04-08,/project/rrg-mchakrav-ab/moncia/oasis_3_bids/sub-OAS31398/ses-d0098/anat/sub-OAS31398_ses-d0098_T1w.nii.gz,1,0.0
OAS31400,d0073,2000-03-14,/project/rrg-mchakrav-ab/moncia/oasis_3_bids/sub-OAS31400/ses-d0073/anat/sub-OAS31400_ses-d0073_T1w.nii.gz,2,0.5
OAS31401,d0120,2000-04-30,/project/rrg-mchakrav-ab/moncia/oasis_3_bids/sub-OAS31401/ses-d0120/anat/sub-OAS31401_ses-d0120_T1w.nii.gz,1,0.0
OAS31402,d0104,2000-04-14,/project/rrg-mchakrav-ab/moncia/oasis_3_bids/sub-OAS31402/ses-d0104/anat/sub-OAS31402_ses-d0104_T1w.nii.gz,2,0.5
OAS31404,d0010,2000-01-11,/project/rrg-mchakrav-ab/moncia/oasis_3_bids/sub-OAS31404/ses-d0010/anat/sub-OAS31404_ses-d0010_T1w.nii.gz,2,0.5
OAS31404,d0095,2000-04-05,/project/rrg-mchakrav-ab/moncia/oasis_3_bids/sub-OAS31404/ses-d0095/anat/sub-OAS31404_ses-d0095_T1w.nii.gz,2,0.5
OAS31405,d0149,2000-05-29,/project/rrg-mchakrav-ab/moncia/oasis_3_bids/sub-OAS31405/ses-d0149/anat/sub-OAS31405_ses-d0149_T1w.nii.gz,1,0.0
OAS31406,d0129,2000-05-09,/project/rrg-mchakrav-ab/moncia/oasis_3_bids/sub-OAS31406/ses-d0129/anat/sub-OAS31406_ses-d0129_T1w.nii.gz,2,0.5
OAS31407,d0098,2000-04-08,/project/rrg-mchakrav-ab/moncia/oasis_3_bids/sub-OAS31407/ses-d0098/anat/sub-OAS31407_ses-d0098_T1w.nii.gz,1,0.0
OAS31408,d0086,2000-03-27,/project/rrg-mchakrav-ab/moncia/oasis_3_bids/sub-OAS31408/ses-d0086/anat/sub-OAS31408_ses-d0086_T1w.nii.gz,1,0.0
OAS31408,d0253,2000-09-10,/project/rrg-mchakrav-ab/moncia/oasis_3_bids/sub-OAS31408/ses-d0253/anat/sub-OAS31408_ses-d0253_T1w.nii.gz,1,0.0
OAS31409,d0042,2000-02-12,/project/rrg-mchakrav-ab/moncia/oasis_3_bids/sub-OAS31409/ses-d0042/anat/sub-OAS31409_ses-d0042_T1w.nii.gz,1,0.0
OAS31411,d0053,2000-02-23,/project/rrg-mchakrav-ab/moncia/oasis_3_bids/sub-OAS31411/ses-d0053/anat/sub-OAS31411_ses-d0053_T1w.nii.gz,1,0.0
OAS31412,d0137,2000-05-17,/project/rrg-mchakrav-ab/moncia/oasis_3_bids/sub-OAS31412/ses-d0137/anat/sub-OAS31412_ses-d0137_T1w.nii.gz,1,0.0
OAS31413,d0144,2000-05-24,/project/rrg-mchakrav-ab/moncia/oasis_3_bids/sub-OAS31413/ses-d0144/anat/sub-OAS31413_ses-d0144_T1w.nii.gz,1,0.0
OAS31414,d0147,2000-05-27,/project/rrg-mchakrav-ab/moncia/oasis_3_bids/sub-OAS31414/ses-d0147/anat/sub-OAS31414_ses-d0147_T1w.nii.gz,1,0.0
OAS31414,d0148,2000-05-28,/project/rrg-mchakrav-ab/moncia/oasis_3_bids/sub-OAS31414/ses-d0148/anat/sub-OAS31414_ses-d0148_T1w.nii.gz,1,0.0
OAS31415,d0070,2000-03-11,/project/rrg-mchakrav-ab/moncia/oasis_3_bids/sub-OAS31415/ses-d0070/anat/sub-OAS31415_ses-d0070_T1w.nii.gz,1,0.0
OAS31416,d0025,2000-01-26,/project/rrg-mchakrav-ab/moncia/oasis_3_bids/sub-OAS31416/ses-d0025/anat/sub-OAS31416_ses-d0025_T1w.nii.gz,2,0.5
OAS31417,d0059,2000-02-29,/project/rrg-mchakrav-ab/moncia/oasis_3_bids/sub-OAS31417/ses-d0059/anat/sub-OAS31417_ses-d0059_T1w.nii.gz,2,0.5
OAS31418,d0068,2000-03-09,/project/rrg-mchakrav-ab/moncia/oasis_3_bids/sub-OAS31418/ses-d0068/anat/sub-OAS31418_ses-d0068_run-01_T1w.nii.gz,2,0.5
OAS31419,d0037,2000-02-07,/project/rrg-mchakrav-ab/moncia/oasis_3_bids/sub-OAS31419/ses-d0037/anat/sub-OAS31419_ses-d0037_T1w.nii.gz,2,0.5
OAS31420,d0025,2000-01-26,/project/rrg-mchakrav-ab/moncia/oasis_3_bids/sub-OAS31420/ses-d0025/anat/sub-OAS31420_ses-d0025_T1w.nii.gz,3,1.0
OAS31421,d0068,2000-03-09,/project/rrg-mchakrav-ab/moncia/oasis_3_bids/sub-OAS31421/ses-d0068/anat/sub-OAS31421_ses-d0068_T1w.nii.gz,1,0.0
OAS31423,d0046,2000-02-16,/project/rrg-mchakrav-ab/moncia/oasis_3_bids/sub-OAS31423/ses-d0046/anat/sub-OAS31423_ses-d0046_T1w.nii.gz,1,0.0
OAS31424,d0015,2000-01-16,/project/rrg-mchakrav-ab/moncia/oasis_3_bids/sub-OAS31424/ses-d0015/anat/sub-OAS31424_ses-d0015_T1w.nii.gz,2,0.5
OAS31427,d0063,2000-03-04,/project/rrg-mchakrav-ab/moncia/oasis_3_bids/sub-OAS31427/ses-d0063/anat/sub-OAS31427_ses-d0063_T1w.nii.gz,1,0.0
OAS31428,d0022,2000-01-23,/project/rrg-mchakrav-ab/moncia/oasis_3_bids/sub-OAS31428/ses-d0022/anat/sub-OAS31428_ses-d0022_T1w.nii.gz,1,0.0
OAS31429,d0062,2000-03-03,/project/rrg-mchakrav-ab/moncia/oasis_3_bids/sub-OAS31429/ses-d0062/anat/sub-OAS31429_ses-d0062_T1w.nii.gz,1,0.0
OAS31430,d0060,2000-03-01,/project/rrg-mchakrav-ab/moncia/oasis_3_bids/sub-OAS31430/ses-d0060/anat/sub-OAS31430_ses-d0060_T1w.nii.gz,1,0.0
OAS31431,d0070,2000-03-11,/project/rrg-mchakrav-ab/moncia/oasis_3_bids/sub-OAS31431/ses-d0070/anat/sub-OAS31431_ses-d0070_T1w.nii.gz,1,0.0
OAS31433,d0061,2000-03-02,/project/rrg-mchakrav-ab/moncia/oasis_3_bids/sub-OAS31433/ses-d0061/anat/sub-OAS31433_ses-d0061_T1w.nii.gz,1,0.0
OAS31435,d0071,2000-03-12,/project/rrg-mchakrav-ab/moncia/oasis_3_bids/sub-OAS31435/ses-d0071/anat/sub-OAS31435_ses-d0071_T1w.nii.gz,1,0.0
OAS31437,d0140,2000-05-20,/project/rrg-mchakrav-ab/moncia/oasis_3_bids/sub-OAS31437/ses-d0140/anat/sub-OAS31437_ses-d0140_T1w.nii.gz,1,0.0
OAS31439,d0081,2000-03-22,/project/rrg-mchakrav-ab/moncia/oasis_3_bids/sub-OAS31439/ses-d0081/anat/sub-OAS31439_ses-d0081_T1w.nii.gz,2,0.5
OAS31440,d0040,2000-02-10,/project/rrg-mchakrav-ab/moncia/oasis_3_bids/sub-OAS31440/ses-d0040/anat/sub-OAS31440_ses-d0040_T1w.nii.gz,1,0.0
OAS31441,d0067,2000-03-08,/project/rrg-mchakrav-ab/moncia/oasis_3_bids/sub-OAS31441/ses-d0067/anat/sub-OAS31441_ses-d0067_T1w.nii.gz,1,0.0
OAS31442,d0084,2000-03-25,/project/rrg-mchakrav-ab/moncia/oasis_3_bids/sub-OAS31442/ses-d0084/anat/sub-OAS31442_ses-d0084_T1w.nii.gz,3,1.0
OAS31444,d0321,2000-11-17,/project/rrg-mchakrav-ab/moncia/oasis_3_bids/sub-OAS31444/ses-d0321/anat/sub-OAS31444_ses-d0321_T1w.nii.gz,2,0.5
OAS31446,d0070,2000-03-11,/project/rrg-mchakrav-ab/moncia/oasis_3_bids/sub-OAS31446/ses-d0070/anat/sub-OAS31446_ses-d0070_T1w.nii.gz,1,0.0
OAS31447,d0089,2000-03-30,/project/rrg-mchakrav-ab/moncia/oasis_3_bids/sub-OAS31447/ses-d0089/anat/sub-OAS31447_ses-d0089_T1w.nii.gz,1,0.0
OAS31448,d0137,2000-05-17,/project/rrg-mchakrav-ab/moncia/oasis_3_bids/sub-OAS31448/ses-d0137/anat/sub-OAS31448_ses-d0137_T1w.nii.gz,1,0.0
OAS31449,d0063,2000-03-04,/project/rrg-mchakrav-ab/moncia/oasis_3_bids/sub-OAS31449/ses-d0063/anat/sub-OAS31449_ses-d0063_T1w.nii.gz,1,0.0
OAS31450,d0379,2001-01-14,/project/rrg-mchakrav-ab/moncia/oasis_3_bids/sub-OAS31450/ses-d0379/anat/sub-OAS31450_ses-d0379_T1w.nii.gz,2,0.5
OAS31455,d0087,2000-03-28,/project/rrg-mchakrav-ab/moncia/oasis_3_bids/sub-OAS31455/ses-d0087/anat/sub-OAS31455_ses-d0087_T1w.nii.gz,1,0.0
OAS31456,d0090,2000-03-31,/project/rrg-mchakrav-ab/moncia/oasis_3_bids/sub-OAS31456/ses-d0090/anat/sub-OAS31456_ses-d0090_T1w.nii.gz,1,0.0
OAS31457,d0113,2000-04-23,/project/rrg-mchakrav-ab/moncia/oasis_3_bids/sub-OAS31457/ses-d0113/anat/sub-OAS31457_ses-d0113_T1w.nii.gz,1,0.0
OAS31457,d0114,2000-04-24,/project/rrg-mchakrav-ab/moncia/oasis_3_bids/sub-OAS31457/ses-d0114/anat/sub-OAS31457_ses-d0114_T1w.nii.gz,1,0.0
OAS31458,d0030,2000-01-31,/project/rrg-mchakrav-ab/moncia/oasis_3_bids/sub-OAS31458/ses-d0030/anat/sub-OAS31458_ses-d0030_T1w.nii.gz,1,0.0
OAS31459,d0125,2000-05-05,/project/rrg-mchakrav-ab/moncia/oasis_3_bids/sub-OAS31459/ses-d0125/anat/sub-OAS31459_ses-d0125_T1w.nii.gz,1,0.0
OAS31460,d0053,2000-02-23,/project/rrg-mchakrav-ab/moncia/oasis_3_bids/sub-OAS31460/ses-d0053/anat/sub-OAS31460_ses-d0053_T1w.nii.gz,1,0.0
OAS31462,d0105,2000-04-15,/project/rrg-mchakrav-ab/moncia/oasis_3_bids/sub-OAS31462/ses-d0105/anat/sub-OAS31462_ses-d0105_T1w.nii.gz,1,0.0
OAS31462,d0107,2000-04-17,/project/rrg-mchakrav-ab/moncia/oasis_3_bids/sub-OAS31462/ses-d0107/anat/sub-OAS31462_ses-d0107_T1w.nii.gz,1,0.0
OAS31464,d0014,2000-01-15,/project/rrg-mchakrav-ab/moncia/oasis_3_bids/sub-OAS31464/ses-d0014/anat/sub-OAS31464_ses-d0014_T1w.nii.gz,1,0.0
OAS31465,d0089,2000-03-30,/project/rrg-mchakrav-ab/moncia/oasis_3_bids/sub-OAS31465/ses-d0089/anat/sub-OAS31465_ses-d0089_T1w.nii.gz,1,0.0
OAS31466,d0104,2000-04-14,/project/rrg-mchakrav-ab/moncia/oasis_3_bids/sub-OAS31466/ses-d0104/anat/sub-OAS31466_ses-d0104_T1w.nii.gz,3,1.0
OAS31469,d0105,2000-04-15,/project/rrg-mchakrav-ab/moncia/oasis_3_bids/sub-OAS31469/ses-d0105/anat/sub-OAS31469_ses-d0105_T1w.nii.gz,1,0.0
OAS31469,d0106,2000-04-16,/project/rrg-mchakrav-ab/moncia/oasis_3_bids/sub-OAS31469/ses-d0106/anat/sub-OAS31469_ses-d0106_T1w.nii.gz,1,0.0
OAS31470,d0007,2000-01-08,/project/rrg-mchakrav-ab/moncia/oasis_3_bids/sub-OAS31470/ses-d0007/anat/sub-OAS31470_ses-d0007_T1w.nii.gz,1,0.0
OAS31471,d0059,2000-02-29,/project/rrg-mchakrav-ab/moncia/oasis_3_bids/sub-OAS31471/ses-d0059/anat/sub-OAS31471_ses-d0059_T1w.nii.gz,1,0.0
OAS31472,d0045,2000-02-15,/project/rrg-mchakrav-ab/moncia/oasis_3_bids/sub-OAS31472/ses-d0045/anat/sub-OAS31472_ses-d0045_T1w.nii.gz,1,0.0
OAS31473,d0136,2000-05-16,/project/rrg-mchakrav-ab/moncia/oasis_3_bids/sub-OAS31473/ses-d0136/anat/sub-OAS31473_ses-d0136_T1w.nii.gz,1,0.0
OAS31474,d0150,2000-05-30,/project/rrg-mchakrav-ab/moncia/oasis_3_bids/sub-OAS31474/ses-d0150/anat/sub-OAS31474_ses-d0150_T1w.nii.gz,2,0.5
