subject,visit_code,acq_date,path,diagnosis,diagnosis_str,dataset
002_S_0729,bl,2006-08-03,/project/rrg-mchakrav-ab/moncia/ADNI/bids_adni1/sub-002S0729/ses-bl/anat/sub-002S0729_ses-bl_acq-3T_T1w.nii.gz,2,MCI,bids_adni1
002_S_0729,m06,2007-02-01,/project/rrg-mchakrav-ab/moncia/ADNI/bids_adni1/sub-002S0729/ses-m06/anat/sub-002S0729_ses-m06_acq-15T_T1w.nii.gz,2,MCI,bids_adni1
002_S_0729,m18,2008-02-01,/project/rrg-mchakrav-ab/moncia/ADNI/bids_adni1/sub-002S0729/ses-m18/anat/sub-002S0729_ses-m18_acq-15T_T1w.nii.gz,3,Dementia,bids_adni1
002_S_0729,m24,2008-08-02,/project/rrg-mchakrav-ab/moncia/ADNI/bids_adni1/sub-002S0729/ses-m24/anat/sub-002S0729_ses-m24_acq-15T_T1w.nii.gz,3,Dementia,bids_adni1
002_S_0729,m36,2009-08-02,/project/rrg-mchakrav-ab/moncia/ADNI/bids_adni1/sub-002S0729/ses-m36/anat/sub-002S0729_ses-m36_acq-15T_T1w.nii.gz,3,Dementia,bids_adni1
002_S_0729,m48,2010-08-03,/project/rrg-mchakrav-ab/moncia/ADNI/bids_adni_go2/sub-002S0729/ses-m48/anat/sub-002S0729_ses-m48_acq-15Tunaccel_T1w.nii.gz,3,Dementia,bids_adni_go2
002_S_0729,m60,2011-08-03,/project/rrg-mchakrav-ab/moncia/ADNI/bids_adni_go2/sub-002S0729/ses-m60/anat/sub-002S0729_ses-m60_acq-3Taccel_T1w.nii.gz,3,Dementia,bids_adni_go2
002_S_0729,m72,2012-08-02,/project/rrg-mchakrav-ab/moncia/ADNI/bids_adni_go2/sub-002S0729/ses-m72/anat/sub-002S0729_ses-m72_acq-3Taccel_T1w.nii.gz,3,Dementia,bids_adni_go2
002_S_0729,m84,2013-08-02,/project/rrg-mchakrav-ab/moncia/ADNI/bids_adni_go2/sub-002S0729/ses-m84/anat/sub-002S0729_ses-m84_acq-3Taccel_T1w.nii.gz,3,Dementia,bids_adni_go2
002_S_0782,sc,2006-08-23,/project/rrg-mchakrav-ab/moncia/ADNI/bids_adni1/sub-002S0782/ses-sc/anat/sub-002S0782_ses-sc_acq-15T_T1w.nii.gz,2,MCI,bids_adni1
002_S_0782,m06,2007-02-21,/project/rrg-mchakrav-ab/moncia/ADNI/bids_adni1/sub-002S0782/ses-m06/anat/sub-002S0782_ses-m06_acq-15T_T1w.nii.gz,2,MCI,bids_adni1
002_S_0782,m12,2007-08-23,/project/rrg-mchakrav-ab/moncia/ADNI/bids_adni1/sub-002S0782/ses-m12/anat/sub-002S0782_ses-m12_acq-15T_T1w.nii.gz,2,MCI,bids_adni1
002_S_0782,m18,2008-02-21,/project/rrg-mchakrav-ab/moncia/ADNI/bids_adni1/sub-002S0782/ses-m18/anat/sub-002S0782_ses-m18_acq-15T_T1w.nii.gz,2,MCI,bids_adni1
002_S_0782,m24,2008-08-22,/project/rrg-mchakrav-ab/moncia/ADNI/bids_adni1/sub-002S0782/ses-m24/anat/sub-002S0782_ses-m24_acq-15T_T1w.nii.gz,2,MCI,bids_adni1
002_S_0954,bl,2006-11-22,/project/rrg-mchakrav-ab/moncia/ADNI/bids_adni1/sub-002S0954/ses-bl/anat/sub-002S0954_ses-bl_acq-3T_T1w.nii.gz,2,MCI,bids_adni1
002_S_0954,sc,2006-11-22,/project/rrg-mchakrav-ab/moncia/ADNI/bids_adni1/sub-002S0954/ses-sc/anat/sub-002S0954_ses-sc_acq-15T_T1w.nii.gz,2,MCI,bids_adni1
002_S_0954,m06,2007-05-23,/project/rrg-mchakrav-ab/moncia/ADNI/bids_adni1/sub-002S0954/ses-m06/anat/sub-002S0954_ses-m06_acq-15T_T1w.nii.gz,2,MCI,bids_adni1
002_S_0954,m18,2008-05-22,/project/rrg-mchakrav-ab/moncia/ADNI/bids_adni1/sub-002S0954/ses-m18/anat/sub-002S0954_ses-m18_acq-15T_T1w.nii.gz,3,Dementia,bids_adni1
002_S_1070,bl,2006-12-27,/project/rrg-mchakrav-ab/moncia/ADNI/bids_adni1/sub-002S1070/ses-bl/anat/sub-002S1070_ses-bl_acq-3T_T1w.nii.gz,2,MCI,bids_adni1
002_S_1070,sc,2006-12-27,/project/rrg-mchakrav-ab/moncia/ADNI/bids_adni1/sub-002S1070/ses-sc/anat/sub-002S1070_ses-sc_acq-15T_T1w.nii.gz,2,MCI,bids_adni1
002_S_1070,m06,2007-06-27,/project/rrg-mchakrav-ab/moncia/ADNI/bids_adni1/sub-002S1070/ses-m06/anat/sub-002S1070_ses-m06_acq-15T_T1w.nii.gz,2,MCI,bids_adni1
002_S_1070,m18,2008-06-26,/project/rrg-mchakrav-ab/moncia/ADNI/bids_adni1/sub-002S1070/ses-m18/anat/sub-002S1070_ses-m18_acq-15T_T1w.nii.gz,2,MCI,bids_adni1
002_S_1070,m24,2008-12-26,/project/rrg-mchakrav-ab/moncia/ADNI/bids_adni1/sub-002S1070/ses-m24/anat/sub-002S1070_ses-m24_acq-15T_T1w.nii.gz,3,Dementia,bids_adni1
002_S_1070,m36,2009-12-26,/project/rrg-mchakrav-ab/moncia/ADNI/bids_adni1/sub-002S1070/ses-m36/anat/sub-002S1070_ses-m36_acq-15T_T1w.nii.gz,3,Dementia,bids_adni1
002_S_1155,sc,2007-01-10,/project/rrg-mchakrav-ab/moncia/ADNI/bids_adni1/sub-002S1155/ses-sc/anat/sub-002S1155_ses-sc_acq-15T_T1w.nii.gz,2,MCI,bids_adni1
002_S_1155,m18,2008-07-10,/project/rrg-mchakrav-ab/moncia/ADNI/bids_adni1/sub-002S1155/ses-m18/anat/sub-002S1155_ses-m18_acq-15T_T1w.nii.gz,2,MCI,bids_adni1
002_S_1155,m24,2009-01-09,/project/rrg-mchakrav-ab/moncia/ADNI/bids_adni1/sub-002S1155/ses-m24/anat/sub-002S1155_ses-m24_acq-15T_T1w.nii.gz,2,MCI,bids_adni1
002_S_1155,m36,2010-01-09,/project/rrg-mchakrav-ab/moncia/ADNI/bids_adni1/sub-002S1155/ses-m36/anat/sub-002S1155_ses-m36_acq-15T_T1w.nii.gz,2,MCI,bids_adni1
002_S_1155,m60,2012-01-10,/project/rrg-mchakrav-ab/moncia/ADNI/bids_adni_go2/sub-002S1155/ses-m60/anat/sub-002S1155_ses-m60_acq-3Taccel_T1w.nii.gz,2,MCI,bids_adni_go2
002_S_1155,m72,2013-01-09,/project/rrg-mchakrav-ab/moncia/ADNI/bids_adni_go2/sub-002S1155/ses-m72/anat/sub-002S1155_ses-m72_acq-3Taccel_T1w.nii.gz,2,MCI,bids_adni_go2
002_S_1155,m84,2014-01-09,/project/rrg-mchakrav-ab/moncia/ADNI/bids_adni_go2/sub-002S1155/ses-m84/anat/sub-002S1155_ses-m84_acq-3Taccel_T1w.nii.gz,2,MCI,bids_adni_go2
002_S_1155,m96,2015-01-10,/project/rrg-mchakrav-ab/moncia/ADNI/bids_adni_go2/sub-002S1155/ses-m96/anat/sub-002S1155_ses-m96_acq-3Taccel_T1w.nii.gz,2,MCI,bids_adni_go2
002_S_1155,m126,2017-07-11,/project/rrg-mchakrav-ab/moncia/ADNI/bids_adni3/sub-002S1155/ses-m126/anat/sub-002S1155_ses-m126_acq-3T_T1w.nii.gz,2,MCI,bids_adni3
002_S_1155,m138,2018-07-11,/project/rrg-mchakrav-ab/moncia/ADNI/bids_adni3/sub-002S1155/ses-m138/anat/sub-002S1155_ses-m138_acq-3T_T1w.nii.gz,2,MCI,bids_adni3
002_S_1155,m150,2019-07-12,/project/rrg-mchakrav-ab/moncia/ADNI/bids_adni3/sub-002S1155/ses-m150/anat/sub-002S1155_ses-m150_acq-3T_T1w.nii.gz,2,MCI,bids_adni3
002_S_1268,bl,2007-03-28,/project/rrg-mchakrav-ab/moncia/ADNI/bids_adni1/sub-002S1268/ses-bl/anat/sub-002S1268_ses-bl_acq-3T_T1w.nii.gz,2,MCI,bids_adni1
002_S_1268,sc,2007-03-28,/project/rrg-mchakrav-ab/moncia/ADNI/bids_adni1/sub-002S1268/ses-sc/anat/sub-002S1268_ses-sc_acq-15T_T1w.nii.gz,2,MCI,bids_adni1
002_S_1268,m12,2008-03-27,/project/rrg-mchakrav-ab/moncia/ADNI/bids_adni1/sub-002S1268/ses-m12/anat/sub-002S1268_ses-m12_acq-15T_T1w.nii.gz,2,MCI,bids_adni1
002_S_1268,m18,2008-09-25,/project/rrg-mchakrav-ab/moncia/ADNI/bids_adni1/sub-002S1268/ses-m18/anat/sub-002S1268_ses-m18_acq-15T_T1w.nii.gz,2,MCI,bids_adni1
002_S_1268,m24,2009-03-27,/project/rrg-mchakrav-ab/moncia/ADNI/bids_adni1/sub-002S1268/ses-m24/anat/sub-002S1268_ses-m24_acq-15T_T1w.nii.gz,2,MCI,bids_adni1
002_S_1268,m36,2010-03-27,/project/rrg-mchakrav-ab/moncia/ADNI/bids_adni1/sub-002S1268/ses-m36/anat/sub-002S1268_ses-m36_acq-15T_T1w.nii.gz,2,MCI,bids_adni1
002_S_1268,m48,2011-03-28,/project/rrg-mchakrav-ab/moncia/ADNI/bids_adni_go2/sub-002S1268/ses-m48/anat/sub-002S1268_ses-m48_acq-3Taccel_T1w.nii.gz,2,MCI,bids_adni_go2
002_S_1268,m60,2012-03-27,/project/rrg-mchakrav-ab/moncia/ADNI/bids_adni_go2/sub-002S1268/ses-m60/anat/sub-002S1268_ses-m60_acq-3Taccel_T1w.nii.gz,2,MCI,bids_adni_go2
002_S_2010,m03,2010-10-07,/project/rrg-mchakrav-ab/moncia/ADNI/bids_adni_go2/sub-002S2010/ses-m03/anat/sub-002S2010_ses-m03_acq-3Taccel_T1w.nii.gz,2,MCI,bids_adni_go2
002_S_2010,m06,2011-01-06,/project/rrg-mchakrav-ab/moncia/ADNI/bids_adni_go2/sub-002S2010/ses-m06/anat/sub-002S2010_ses-m06_acq-3Taccel_T1w.nii.gz,1,CN,bids_adni_go2
002_S_2010,m12,2011-07-08,/project/rrg-mchakrav-ab/moncia/ADNI/bids_adni_go2/sub-002S2010/ses-m12/anat/sub-002S2010_ses-m12_acq-3Taccel_T1w.nii.gz,1,CN,bids_adni_go2
002_S_2010,m24,2012-07-07,/project/rrg-mchakrav-ab/moncia/ADNI/bids_adni_go2/sub-002S2010/ses-m24/anat/sub-002S2010_ses-m24_acq-3Taccel_T1w.nii.gz,1,CN,bids_adni_go2
002_S_2010,m36,2013-07-07,/project/rrg-mchakrav-ab/moncia/ADNI/bids_adni_go2/sub-002S2010/ses-m36/anat/sub-002S2010_ses-m36_acq-3Taccel_T1w.nii.gz,1,CN,bids_adni_go2
002_S_2010,m60,2015-07-08,/project/rrg-mchakrav-ab/moncia/ADNI/bids_adni_go2/sub-002S2010/ses-m60/anat/sub-002S2010_ses-m60_acq-3Taccel_T1w.nii.gz,1,CN,bids_adni_go2
002_S_2043,m03,2010-12-16,/project/rrg-mchakrav-ab/moncia/ADNI/bids_adni_go2/sub-002S2043/ses-m03/anat/sub-002S2043_ses-m03_acq-3Taccel_T1w.nii.gz,2,MCI,bids_adni_go2
002_S_2043,m12,2011-09-16,/project/rrg-mchakrav-ab/moncia/ADNI/bids_adni_go2/sub-002S2043/ses-m12/anat/sub-002S2043_ses-m12_acq-3Taccel_T1w.nii.gz,2,MCI,bids_adni_go2
002_S_2073,m03,2010-12-21,/project/rrg-mchakrav-ab/moncia/ADNI/bids_adni_go2/sub-002S2073/ses-m03/anat/sub-002S2073_ses-m03_acq-3Taccel_T1w.nii.gz,2,MCI,bids_adni_go2
002_S_2073,m06,2011-03-22,/project/rrg-mchakrav-ab/moncia/ADNI/bids_adni_go2/sub-002S2073/ses-m06/anat/sub-002S2073_ses-m06_acq-3Taccel_T1w.nii.gz,2,MCI,bids_adni_go2
002_S_2073,m12,2011-09-21,/project/rrg-mchakrav-ab/moncia/ADNI/bids_adni_go2/sub-002S2073/ses-m12/anat/sub-002S2073_ses-m12_acq-3Taccel_T1w.nii.gz,2,MCI,bids_adni_go2
002_S_2073,m24,2012-09-20,/project/rrg-mchakrav-ab/moncia/ADNI/bids_adni_go2/sub-002S2073/ses-m24/anat/sub-002S2073_ses-m24_acq-3Taccel_T1w.nii.gz,2,MCI,bids_adni_go2
002_S_2073,m36,2013-09-20,/project/rrg-mchakrav-ab/moncia/ADNI/bids_adni_go2/sub-002S2073/ses-m36/anat/sub-002S2073_ses-m36_acq-3Taccel_T1w.nii.gz,2,MCI,bids_adni_go2
002_S_2073,m48,2014-09-21,/project/rrg-mchakrav-ab/moncia/ADNI/bids_adni_go2/sub-002S2073/ses-m48/anat/sub-002S2073_ses-m48_acq-3Taccel_T1w.nii.gz,1,CN,bids_adni_go2
002_S_2073,m72,2016-09-20,/project/rrg-mchakrav-ab/moncia/ADNI/bids_adni_go2/sub-002S2073/ses-m72/anat/sub-002S2073_ses-m72_acq-3Taccel_T1w.nii.gz,1,CN,bids_adni_go2
002_S_4171,m03,2011-11-03,/project/rrg-mchakrav-ab/moncia/ADNI/bids_adni_go2/sub-002S4171/ses-m03/anat/sub-002S4171_ses-m03_acq-3Taccel_T1w.nii.gz,2,MCI,bids_adni_go2
002_S_4171,m06,2012-02-02,/project/rrg-mchakrav-ab/moncia/ADNI/bids_adni_go2/sub-002S4171/ses-m06/anat/sub-002S4171_ses-m06_acq-3Taccel_T1w.nii.gz,2,MCI,bids_adni_go2
002_S_4171,m12,2012-08-03,/project/rrg-mchakrav-ab/moncia/ADNI/bids_adni_go2/sub-002S4171/ses-m12/anat/sub-002S4171_ses-m12_acq-3Taccel_T1w.nii.gz,2,MCI,bids_adni_go2
002_S_4219,m03,2011-11-29,/project/rrg-mchakrav-ab/moncia/ADNI/bids_adni_go2/sub-002S4219/ses-m03/anat/sub-002S4219_ses-m03_acq-3Taccel_T1w.nii.gz,2,MCI,bids_adni_go2
002_S_4219,m06,2012-02-28,/project/rrg-mchakrav-ab/moncia/ADNI/bids_adni_go2/sub-002S4219/ses-m06/anat/sub-002S4219_ses-m06_acq-3Taccel_T1w.nii.gz,2,MCI,bids_adni_go2
002_S_4219,m12,2012-08-29,/project/rrg-mchakrav-ab/moncia/ADNI/bids_adni_go2/sub-002S4219/ses-m12/anat/sub-002S4219_ses-m12_acq-3Taccel_T1w.nii.gz,2,MCI,bids_adni_go2
002_S_4229,m03,2011-12-06,/project/rrg-mchakrav-ab/moncia/ADNI/bids_adni_go2/sub-002S4229/ses-m03/anat/sub-002S4229_ses-m03_acq-3Taccel_T1w.nii.gz,2,MCI,bids_adni_go2
002_S_4229,m06,2012-03-06,/project/rrg-mchakrav-ab/moncia/ADNI/bids_adni_go2/sub-002S4229/ses-m06/anat/sub-002S4229_ses-m06_acq-3Taccel_T1w.nii.gz,2,MCI,bids_adni_go2
002_S_4229,m12,2012-09-05,/project/rrg-mchakrav-ab/moncia/ADNI/bids_adni_go2/sub-002S4229/ses-m12/anat/sub-002S4229_ses-m12_acq-3Taccel_T1w.nii.gz,2,MCI,bids_adni_go2
002_S_4229,m24,2013-09-05,/project/rrg-mchakrav-ab/moncia/ADNI/bids_adni_go2/sub-002S4229/ses-m24/anat/sub-002S4229_ses-m24_acq-3Taccel_T1w.nii.gz,2,MCI,bids_adni_go2
002_S_4229,m48,2015-09-06,/project/rrg-mchakrav-ab/moncia/ADNI/bids_adni_go2/sub-002S4229/ses-m48/anat/sub-002S4229_ses-m48_acq-3Taccel_T1w.nii.gz,2,MCI,bids_adni_go2
002_S_4229,m72,2017-09-05,/project/rrg-mchakrav-ab/moncia/ADNI/bids_adni3/sub-002S4229/ses-m72/anat/sub-002S4229_ses-m72_acq-3T_T1w.nii.gz,2,MCI,bids_adni3
002_S_4229,m84,2018-09-05,/project/rrg-mchakrav-ab/moncia/ADNI/bids_adni3/sub-002S4229/ses-m84/anat/sub-002S4229_ses-m84_acq-3T_T1w.nii.gz,2,MCI,bids_adni3
002_S_4229,m96,2019-09-06,/project/rrg-mchakrav-ab/moncia/ADNI/bids_adni3/sub-002S4229/ses-m96/anat/sub-002S4229_ses-m96_acq-3T_T1w.nii.gz,2,MCI,bids_adni3
002_S_4237,m03,2011-12-08,/project/rrg-mchakrav-ab/moncia/ADNI/bids_adni_go2/sub-002S4237/ses-m03/anat/sub-002S4237_ses-m03_acq-3Taccel_T1w.nii.gz,2,MCI,bids_adni_go2
002_S_4237,m06,2012-03-08,/project/rrg-mchakrav-ab/moncia/ADNI/bids_adni_go2/sub-002S4237/ses-m06/anat/sub-002S4237_ses-m06_acq-3Taccel_T1w.nii.gz,2,MCI,bids_adni_go2
002_S_4237,m12,2012-09-07,/project/rrg-mchakrav-ab/moncia/ADNI/bids_adni_go2/sub-002S4237/ses-m12/anat/sub-002S4237_ses-m12_acq-3Taccel_T1w.nii.gz,2,MCI,bids_adni_go2
002_S_4237,m24,2013-09-07,/project/rrg-mchakrav-ab/moncia/ADNI/bids_adni_go2/sub-002S4237/ses-m24/anat/sub-002S4237_ses-m24_acq-3Taccel_T1w.nii.gz,2,MCI,bids_adni_go2
002_S_4251,m03,2011-12-15,/project/rrg-mchakrav-ab/moncia/ADNI/bids_adni_go2/sub-002S4251/ses-m03/anat/sub-002S4251_ses-m03_acq-3Taccel_T1w.nii.gz,2,MCI,bids_adni_go2
002_S_4251,m06,2012-03-15,/project/rrg-mchakrav-ab/moncia/ADNI/bids_adni_go2/sub-002S4251/ses-m06/anat/sub-002S4251_ses-m06_acq-3Taccel_T1w.nii.gz,2,MCI,bids_adni_go2
002_S_4447,m03,2012-04-03,/project/rrg-mchakrav-ab/moncia/ADNI/bids_adni_go2/sub-002S4447/ses-m03/anat/sub-002S4447_ses-m03_acq-3Taccel_T1w.nii.gz,2,MCI,bids_adni_go2
002_S_4447,m06,2012-07-03,/project/rrg-mchakrav-ab/moncia/ADNI/bids_adni_go2/sub-002S4447/ses-m06/anat/sub-002S4447_ses-m06_acq-3Taccel_T1w.nii.gz,2,MCI,bids_adni_go2
002_S_4447,m12,2013-01-02,/project/rrg-mchakrav-ab/moncia/ADNI/bids_adni_go2/sub-002S4447/ses-m12/anat/sub-002S4447_ses-m12_acq-3Taccel_T1w.nii.gz,2,MCI,bids_adni_go2
002_S_4447,m24,2014-01-02,/project/rrg-mchakrav-ab/moncia/ADNI/bids_adni_go2/sub-002S4447/ses-m24/anat/sub-002S4447_ses-m24_acq-3Taccel_T1w.nii.gz,2,MCI,bids_adni_go2
002_S_4447,m36,2015-01-02,/project/rrg-mchakrav-ab/moncia/ADNI/bids_adni_go2/sub-002S4447/ses-m36/anat/sub-002S4447_ses-m36_acq-3Taccel_T1w.nii.gz,2,MCI,bids_adni_go2
002_S_4473,m03,2012-04-12,/project/rrg-mchakrav-ab/moncia/ADNI/bids_adni_go2/sub-002S4473/ses-m03/anat/sub-002S4473_ses-m03_acq-3Taccel_T1w.nii.gz,2,MCI,bids_adni_go2
002_S_4473,m06,2012-07-12,/project/rrg-mchakrav-ab/moncia/ADNI/bids_adni_go2/sub-002S4473/ses-m06/anat/sub-002S4473_ses-m06_acq-3Taccel_T1w.nii.gz,2,MCI,bids_adni_go2
002_S_4473,m12,2013-01-11,/project/rrg-mchakrav-ab/moncia/ADNI/bids_adni_go2/sub-002S4473/ses-m12/anat/sub-002S4473_ses-m12_acq-3Taccel_T1w.nii.gz,2,MCI,bids_adni_go2
002_S_4473,m24,2014-01-11,/project/rrg-mchakrav-ab/moncia/ADNI/bids_adni_go2/sub-002S4473/ses-m24/anat/sub-002S4473_ses-m24_acq-3Taccel_T1w.nii.gz,2,MCI,bids_adni_go2
002_S_4473,m36,2015-01-11,/project/rrg-mchakrav-ab/moncia/ADNI/bids_adni_go2/sub-002S4473/ses-m36/anat/sub-002S4473_ses-m36_acq-3Taccel_T1w.nii.gz,2,MCI,bids_adni_go2
002_S_4473,m48,2016-01-12,/project/rrg-mchakrav-ab/moncia/ADNI/bids_adni_go2/sub-002S4473/ses-m48/anat/sub-002S4473_ses-m48_acq-3Taccel_T1w.nii.gz,2,MCI,bids_adni_go2
002_S_4473,m60,2017-01-11,/project/rrg-mchakrav-ab/moncia/ADNI/bids_adni3/sub-002S4473/ses-m60/anat/sub-002S4473_ses-m60_acq-3T_T1w.nii.gz,2,MCI,bids_adni3
002_S_4521,m03,2012-05-01,/project/rrg-mchakrav-ab/moncia/ADNI/bids_adni_go2/sub-002S4521/ses-m03/anat/sub-002S4521_ses-m03_acq-3Taccel_T1w.nii.gz,2,MCI,bids_adni_go2
002_S_4521,m06,2012-07-31,/project/rrg-mchakrav-ab/moncia/ADNI/bids_adni_go2/sub-002S4521/ses-m06/anat/sub-002S4521_ses-m06_acq-3Taccel_T1w.nii.gz,2,MCI,bids_adni_go2
002_S_4521,m12,2013-01-30,/project/rrg-mchakrav-ab/moncia/ADNI/bids_adni_go2/sub-002S4521/ses-m12/anat/sub-002S4521_ses-m12_acq-3Taccel_T1w.nii.gz,2,MCI,bids_adni_go2
002_S_4521,m24,2014-01-30,/project/rrg-mchakrav-ab/moncia/ADNI/bids_adni_go2/sub-002S4521/ses-m24/anat/sub-002S4521_ses-m24_acq-3Taccel_T1w.nii.gz,2,MCI,bids_adni_go2
002_S_4521,m36,2015-01-30,/project/rrg-mchakrav-ab/moncia/ADNI/bids_adni_go2/sub-002S4521/ses-m36/anat/sub-002S4521_ses-m36_acq-3Taccel_T1w.nii.gz,3,Dementia,bids_adni_go2
002_S_4521,m48,2016-01-31,/project/rrg-mchakrav-ab/moncia/ADNI/bids_adni_go2/sub-002S4521/ses-m48/anat/sub-002S4521_ses-m48_acq-3Taccel_T1w.nii.gz,3,Dementia,bids_adni_go2
002_S_4654,m03,2012-06-28,/project/rrg-mchakrav-ab/moncia/ADNI/bids_adni_go2/sub-002S4654/ses-m03/anat/sub-002S4654_ses-m03_acq-3Taccel_T1w.nii.gz,2,MCI,bids_adni_go2
002_S_4654,m06,2012-09-27,/project/rrg-mchakrav-ab/moncia/ADNI/bids_adni_go2/sub-002S4654/ses-m06/anat/sub-002S4654_ses-m06_acq-3Taccel_T1w.nii.gz,2,MCI,bids_adni_go2
002_S_4654,m12,2013-03-29,/project/rrg-mchakrav-ab/moncia/ADNI/bids_adni_go2/sub-002S4654/ses-m12/anat/sub-002S4654_ses-m12_acq-3Taccel_T1w.nii.gz,2,MCI,bids_adni_go2
002_S_4654,m24,2014-03-29,/project/rrg-mchakrav-ab/moncia/ADNI/bids_adni_go2/sub-002S4654/ses-m24/anat/sub-002S4654_ses-m24_acq-3Taccel_T1w.nii.gz,2,MCI,bids_adni_go2
002_S_4654,m48,2016-03-29,/project/rrg-mchakrav-ab/moncia/ADNI/bids_adni_go2/sub-002S4654/ses-m48/anat/sub-002S4654_ses-m48_acq-3Taccel_T1w.nii.gz,2,MCI,bids_adni_go2
002_S_4654,m60,2017-03-29,/project/rrg-mchakrav-ab/moncia/ADNI/bids_adni3/sub-002S4654/ses-m60/anat/sub-002S4654_ses-m60_acq-3T_T1w.nii.gz,2,MCI,bids_adni3
002_S_4654,m72,2018-03-29,/project/rrg-mchakrav-ab/moncia/ADNI/bids_adni3/sub-002S4654/ses-m72/anat/sub-002S4654_ses-m72_acq-3T_T1w.nii.gz,2,MCI,bids_adni3
002_S_4654,m84,2019-03-29,/project/rrg-mchakrav-ab/moncia/ADNI/bids_adni3/sub-002S4654/ses-m84/anat/sub-002S4654_ses-m84_acq-3T_T1w.nii.gz,2,MCI,bids_adni3
002_S_4746,m03,2012-08-16,/project/rrg-mchakrav-ab/moncia/ADNI/bids_adni_go2/sub-002S4746/ses-m03/anat/sub-002S4746_ses-m03_acq-3Taccel_T1w.nii.gz,2,MCI,bids_adni_go2
002_S_4746,m06,2012-11-15,/project/rrg-mchakrav-ab/moncia/ADNI/bids_adni_go2/sub-002S4746/ses-m06/anat/sub-002S4746_ses-m06_acq-3Taccel_T1w.nii.gz,2,MCI,bids_adni_go2
002_S_4746,m12,2013-05-17,/project/rrg-mchakrav-ab/moncia/ADNI/bids_adni_go2/sub-002S4746/ses-m12/anat/sub-002S4746_ses-m12_acq-3Taccel_T1w.nii.gz,2,MCI,bids_adni_go2
002_S_4799,m03,2012-09-06,/project/rrg-mchakrav-ab/moncia/ADNI/bids_adni_go2/sub-002S4799/ses-m03/anat/sub-002S4799_ses-m03_acq-3Taccel_T1w.nii.gz,2,MCI,bids_adni_go2
002_S_4799,m06,2012-12-06,/project/rrg-mchakrav-ab/moncia/ADNI/bids_adni_go2/sub-002S4799/ses-m06/anat/sub-002S4799_ses-m06_acq-3Taccel_T1w.nii.gz,2,MCI,bids_adni_go2
002_S_4799,m12,2013-06-07,/project/rrg-mchakrav-ab/moncia/ADNI/bids_adni_go2/sub-002S4799/ses-m12/anat/sub-002S4799_ses-m12_acq-3Taccel_T1w.nii.gz,1,CN,bids_adni_go2
002_S_4799,m24,2014-06-07,/project/rrg-mchakrav-ab/moncia/ADNI/bids_adni_go2/sub-002S4799/ses-m24/anat/sub-002S4799_ses-m24_acq-3Taccel_T1w.nii.gz,1,CN,bids_adni_go2
002_S_4799,m48,2016-06-07,/project/rrg-mchakrav-ab/moncia/ADNI/bids_adni_go2/sub-002S4799/ses-m48/anat/sub-002S4799_ses-m48_acq-3Taccel_T1w.nii.gz,2,MCI,bids_adni_go2
002_S_4799,m60,2017-06-07,/project/rrg-mchakrav-ab/moncia/ADNI/bids_adni3/sub-002S4799/ses-m60/anat/sub-002S4799_ses-m60_acq-3T_T1w.nii.gz,1,CN,bids_adni3
002_S_4799,m72,2018-06-07,/project/rrg-mchakrav-ab/moncia/ADNI/bids_adni3/sub-002S4799/ses-m72/anat/sub-002S4799_ses-m72_acq-3T_T1w.nii.gz,1,CN,bids_adni3
002_S_4799,m84,2019-06-07,/project/rrg-mchakrav-ab/moncia/ADNI/bids_adni3/sub-002S4799/ses-m84/anat/sub-002S4799_ses-m84_acq-3T_T1w.nii.gz,1,CN,bids_adni3
003_S_0908,sc,2006-10-12,/project/rrg-mchakrav-ab/moncia/ADNI/bids_adni1/sub-003S0908/ses-sc/anat/sub-003S0908_ses-sc_acq-15T_T1w.nii.gz,2,MCI,bids_adni1
003_S_0908,m06,2007-04-12,/project/rrg-mchakrav-ab/moncia/ADNI/bids_adni1/sub-003S0908/ses-m06/anat/sub-003S0908_ses-m06_acq-15T_T1w.nii.gz,2,MCI,bids_adni1
003_S_0908,m12,2007-10-12,/project/rrg-mchakrav-ab/moncia/ADNI/bids_adni1/sub-003S0908/ses-m12/anat/sub-003S0908_ses-m12_acq-15T_T1w.nii.gz,2,MCI,bids_adni1
003_S_0908,m18,2008-04-11,/project/rrg-mchakrav-ab/moncia/ADNI/bids_adni1/sub-003S0908/ses-m18/anat/sub-003S0908_ses-m18_acq-15T_T1w.nii.gz,2,MCI,bids_adni1
003_S_0908,m24,2008-10-11,/project/rrg-mchakrav-ab/moncia/ADNI/bids_adni1/sub-003S0908/ses-m24/anat/sub-003S0908_ses-m24_acq-15T_T1w.nii.gz,2,MCI,bids_adni1
003_S_0908,m36,2009-10-11,/project/rrg-mchakrav-ab/moncia/ADNI/bids_adni1/sub-003S0908/ses-m36/anat/sub-003S0908_ses-m36_acq-15T_T1w.nii.gz,2,MCI,bids_adni1
003_S_0908,m84,2013-10-11,/project/rrg-mchakrav-ab/moncia/ADNI/bids_adni_go2/sub-003S0908/ses-m84/anat/sub-003S0908_ses-m84_acq-3Taccel_T1w.nii.gz,2,MCI,bids_adni_go2
003_S_0908,m132,2017-10-12,/project/rrg-mchakrav-ab/moncia/ADNI/bids_adni3/sub-003S0908/ses-m132/anat/sub-003S0908_ses-m132_acq-3T_T1w.nii.gz,2,MCI,bids_adni3
003_S_0908,m144,2018-10-12,/project/rrg-mchakrav-ab/moncia/ADNI/bids_adni3/sub-003S0908/ses-m144/anat/sub-003S0908_ses-m144_acq-3T_T1w.nii.gz,2,MCI,bids_adni3
003_S_0908,m156,2019-10-12,/project/rrg-mchakrav-ab/moncia/ADNI/bids_adni3/sub-003S0908/ses-m156/anat/sub-003S0908_ses-m156_acq-3T_T1w.nii.gz,2,MCI,bids_adni3
003_S_1057,sc,2007-02-09,/project/rrg-mchakrav-ab/moncia/ADNI/bids_adni1/sub-003S1057/ses-sc/anat/sub-003S1057_ses-sc_acq-15T_T1w.nii.gz,2,MCI,bids_adni1
003_S_1057,m12,2008-02-09,/project/rrg-mchakrav-ab/moncia/ADNI/bids_adni1/sub-003S1057/ses-m12/anat/sub-003S1057_ses-m12_acq-15T_T1w.nii.gz,2,MCI,bids_adni1
003_S_1057,m24,2009-02-08,/project/rrg-mchakrav-ab/moncia/ADNI/bids_adni1/sub-003S1057/ses-m24/anat/sub-003S1057_ses-m24_acq-15T_T1w.nii.gz,3,Dementia,bids_adni1
003_S_1074,sc,2007-02-07,/project/rrg-mchakrav-ab/moncia/ADNI/bids_adni1/sub-003S1074/ses-sc/anat/sub-003S1074_ses-sc_acq-15T_T1w.nii.gz,2,MCI,bids_adni1
003_S_1074,m12,2008-02-07,/project/rrg-mchakrav-ab/moncia/ADNI/bids_adni1/sub-003S1074/ses-m12/anat/sub-003S1074_ses-m12_acq-15T_T1w.nii.gz,2,MCI,bids_adni1
003_S_1074,m18,2008-08-07,/project/rrg-mchakrav-ab/moncia/ADNI/bids_adni1/sub-003S1074/ses-m18/anat/sub-003S1074_ses-m18_acq-15T_T1w.nii.gz,2,MCI,bids_adni1
003_S_1074,m24,2009-02-06,/project/rrg-mchakrav-ab/moncia/ADNI/bids_adni1/sub-003S1074/ses-m24/anat/sub-003S1074_ses-m24_acq-15T_T1w.nii.gz,2,MCI,bids_adni1
003_S_1074,m36,2010-02-06,/project/rrg-mchakrav-ab/moncia/ADNI/bids_adni1/sub-003S1074/ses-m36/anat/sub-003S1074_ses-m36_acq-15T_T1w.nii.gz,2,MCI,bids_adni1
003_S_1074,m60,2012-02-07,/project/rrg-mchakrav-ab/moncia/ADNI/bids_adni_go2/sub-003S1074/ses-m60/anat/sub-003S1074_ses-m60_acq-15Tunaccel_T1w.nii.gz,1,CN,bids_adni_go2
003_S_1074,m96,2015-02-07,/project/rrg-mchakrav-ab/moncia/ADNI/bids_adni_go2/sub-003S1074/ses-m96/anat/sub-003S1074_ses-m96_acq-3Taccel_T1w.nii.gz,2,MCI,bids_adni_go2
003_S_1074,m126,2017-08-08,/project/rrg-mchakrav-ab/moncia/ADNI/bids_adni3/sub-003S1074/ses-m126/anat/sub-003S1074_ses-m126_acq-3T_T1w.nii.gz,3,Dementia,bids_adni3
003_S_1122,sc,2007-01-12,/project/rrg-mchakrav-ab/moncia/ADNI/bids_adni1/sub-003S1122/ses-sc/anat/sub-003S1122_ses-sc_acq-15T_T1w.nii.gz,2,MCI,bids_adni1
003_S_1122,m06,2007-07-13,/project/rrg-mchakrav-ab/moncia/ADNI/bids_adni1/sub-003S1122/ses-m06/anat/sub-003S1122_ses-m06_acq-15T_T1w.nii.gz,2,MCI,bids_adni1
003_S_1122,m12,2008-01-12,/project/rrg-mchakrav-ab/moncia/ADNI/bids_adni1/sub-003S1122/ses-m12/anat/sub-003S1122_ses-m12_acq-15T_T1w.nii.gz,2,MCI,bids_adni1
003_S_1122,m18,2008-07-12,/project/rrg-mchakrav-ab/moncia/ADNI/bids_adni1/sub-003S1122/ses-m18/anat/sub-003S1122_ses-m18_acq-15T_T1w.nii.gz,2,MCI,bids_adni1
003_S_1122,m24,2009-01-11,/project/rrg-mchakrav-ab/moncia/ADNI/bids_adni1/sub-003S1122/ses-m24/anat/sub-003S1122_ses-m24_acq-15T_T1w.nii.gz,2,MCI,bids_adni1
003_S_1122,m126,2017-07-13,/project/rrg-mchakrav-ab/moncia/ADNI/bids_adni3/sub-003S1122/ses-m126/anat/sub-003S1122_ses-m126_acq-3T_T1w.nii.gz,2,MCI,bids_adni3
003_S_1122,m138,2018-07-13,/project/rrg-mchakrav-ab/moncia/ADNI/bids_adni3/sub-003S1122/ses-m138/anat/sub-003S1122_ses-m138_acq-3T_T1w.nii.gz,2,MCI,bids_adni3
003_S_1122,m150,2019-07-14,/project/rrg-mchakrav-ab/moncia/ADNI/bids_adni3/sub-003S1122/ses-m150/anat/sub-003S1122_ses-m150_acq-3T_T1w.nii.gz,2,MCI,bids_adni3
003_S_2374,m12,2012-05-12,/project/rrg-mchakrav-ab/moncia/ADNI/bids_adni_go2/sub-003S2374/ses-m12/anat/sub-003S2374_ses-m12_acq-3Taccel_T1w.nii.gz,2,MCI,bids_adni_go2
003_S_2374,m24,2013-05-12,/project/rrg-mchakrav-ab/moncia/ADNI/bids_adni_go2/sub-003S2374/ses-m24/anat/sub-003S2374_ses-m24_acq-3Taccel_T1w.nii.gz,2,MCI,bids_adni_go2
003_S_2374,m90,2018-11-11,/project/rrg-mchakrav-ab/moncia/ADNI/bids_adni3/sub-003S2374/ses-m90/anat/sub-003S2374_ses-m90_acq-3T_T1w.nii.gz,2,MCI,bids_adni3
003_S_4354,m03,2012-01-31,/project/rrg-mchakrav-ab/moncia/ADNI/bids_adni_go2/sub-003S4354/ses-m03/anat/sub-003S4354_ses-m03_acq-3Taccel_T1w.nii.gz,2,MCI,bids_adni_go2
003_S_4354,m06,2012-05-01,/project/rrg-mchakrav-ab/moncia/ADNI/bids_adni_go2/sub-003S4354/ses-m06/anat/sub-003S4354_ses-m06_acq-3Taccel_T1w.nii.gz,2,MCI,bids_adni_go2
003_S_4354,m12,2012-10-31,/project/rrg-mchakrav-ab/moncia/ADNI/bids_adni_go2/sub-003S4354/ses-m12/anat/sub-003S4354_ses-m12_acq-3Taccel_T1w.nii.gz,2,MCI,bids_adni_go2
003_S_4354,m24,2013-10-31,/project/rrg-mchakrav-ab/moncia/ADNI/bids_adni_go2/sub-003S4354/ses-m24/anat/sub-003S4354_ses-m24_acq-3Taccel_T1w.nii.gz,2,MCI,bids_adni_go2
003_S_4354,m48,2015-11-01,/project/rrg-mchakrav-ab/moncia/ADNI/bids_adni_go2/sub-003S4354/ses-m48/anat/sub-003S4354_ses-m48_acq-3Taccel_T1w.nii.gz,2,MCI,bids_adni_go2
003_S_4354,m66,2017-05-02,/project/rrg-mchakrav-ab/moncia/ADNI/bids_adni3/sub-003S4354/ses-m66/anat/sub-003S4354_ses-m66_acq-3T_T1w.nii.gz,2,MCI,bids_adni3
003_S_4354,m84,2018-10-31,/project/rrg-mchakrav-ab/moncia/ADNI/bids_adni3/sub-003S4354/ses-m84/anat/sub-003S4354_ses-m84_acq-3T_T1w.nii.gz,2,MCI,bids_adni3
003_S_4354,m90,2019-05-02,/project/rrg-mchakrav-ab/moncia/ADNI/bids_adni3/sub-003S4354/ses-m90/anat/sub-003S4354_ses-m90_acq-3T_T1w.nii.gz,2,MCI,bids_adni3
003_S_4354,m114,2021-05-02,/project/rrg-mchakrav-ab/moncia/ADNI/bids_adni3/sub-003S4354/ses-m114/anat/sub-003S4354_ses-m114_acq-3T_T1w.nii.gz,3,Dementia,bids_adni3
003_S_6258,sc,2018-03-08,/project/rrg-mchakrav-ab/moncia/ADNI/bids_adni3/sub-003S6258/ses-sc/anat/sub-003S6258_ses-sc_acq-3T_T1w.nii.gz,2,MCI,bids_adni3
003_S_6258,m12,2019-03-08,/project/rrg-mchakrav-ab/moncia/ADNI/bids_adni3/sub-003S6258/ses-m12/anat/sub-003S6258_ses-m12_acq-3T_T1w.nii.gz,2,MCI,bids_adni3
003_S_6258,m36,2021-03-07,/project/rrg-mchakrav-ab/moncia/ADNI/bids_adni3/sub-003S6258/ses-m36/anat/sub-003S6258_ses-m36_acq-3T_T1w.nii.gz,2,MCI,bids_adni3
003_S_6258,m48,2022-03-08,/project/rrg-mchakrav-ab/moncia/ADNI/bids_adni3/sub-003S6258/ses-m48/anat/sub-003S6258_ses-m48_acq-3T_T1w.nii.gz,2,MCI,bids_adni3
003_S_6268,sc,2018-06-08,/project/rrg-mchakrav-ab/moncia/ADNI/bids_adni3/sub-003S6268/ses-sc/anat/sub-003S6268_ses-sc_acq-3T_T1w.nii.gz,2,MCI,bids_adni3
003_S_6268,m12,2019-06-08,/project/rrg-mchakrav-ab/moncia/ADNI/bids_adni3/sub-003S6268/ses-m12/anat/sub-003S6268_ses-m12_acq-3T_T1w.nii.gz,2,MCI,bids_adni3
003_S_6268,m36,2021-06-07,/project/rrg-mchakrav-ab/moncia/ADNI/bids_adni3/sub-003S6268/ses-m36/anat/sub-003S6268_ses-m36_acq-3T_T1w.nii.gz,2,MCI,bids_adni3
003_S_6268,m48,2022-06-08,/project/rrg-mchakrav-ab/moncia/ADNI/bids_adni3/sub-003S6268/ses-m48/anat/sub-003S6268_ses-m48_acq-3T_T1w.nii.gz,2,MCI,bids_adni3
005_S_0222,sc,2006-03-17,/project/rrg-mchakrav-ab/moncia/ADNI/bids_adni1/sub-005S0222/ses-sc/anat/sub-005S0222_ses-sc_acq-15T_T1w.nii.gz,2,MCI,bids_adni1
005_S_0222,m06,2006-09-15,/project/rrg-mchakrav-ab/moncia/ADNI/bids_adni1/sub-005S0222/ses-m06/anat/sub-005S0222_ses-m06_acq-15T_T1w.nii.gz,2,MCI,bids_adni1
005_S_0222,m12,2007-03-17,/project/rrg-mchakrav-ab/moncia/ADNI/bids_adni1/sub-005S0222/ses-m12/anat/sub-005S0222_ses-m12_acq-15T_T1w.nii.gz,3,Dementia,bids_adni1
005_S_0222,m18,2007-09-15,/project/rrg-mchakrav-ab/moncia/ADNI/bids_adni1/sub-005S0222/ses-m18/anat/sub-005S0222_ses-m18_acq-15T_T1w.nii.gz,3,Dementia,bids_adni1
005_S_0222,m24,2008-03-16,/project/rrg-mchakrav-ab/moncia/ADNI/bids_adni1/sub-005S0222/ses-m24/anat/sub-005S0222_ses-m24_acq-15T_T1w.nii.gz,3,Dementia,bids_adni1
005_S_0324,m06,2006-10-20,/project/rrg-mchakrav-ab/moncia/ADNI/bids_adni1/sub-005S0324/ses-m06/anat/sub-005S0324_ses-m06_acq-15T_T1w.nii.gz,2,MCI,bids_adni1
005_S_0324,m12,2007-04-21,/project/rrg-mchakrav-ab/moncia/ADNI/bids_adni1/sub-005S0324/ses-m12/anat/sub-005S0324_ses-m12_acq-15T_T1w.nii.gz,2,MCI,bids_adni1
005_S_0324,m24,2008-04-20,/project/rrg-mchakrav-ab/moncia/ADNI/bids_adni1/sub-005S0324/ses-m24/anat/sub-005S0324_ses-m24_acq-15T_T1w.nii.gz,2,MCI,bids_adni1
005_S_0324,m36,2009-04-20,/project/rrg-mchakrav-ab/moncia/ADNI/bids_adni1/sub-005S0324/ses-m36/anat/sub-005S0324_ses-m36_acq-15T_T1w.nii.gz,2,MCI,bids_adni1
005_S_0448,m06,2006-11-13,/project/rrg-mchakrav-ab/moncia/ADNI/bids_adni1/sub-005S0448/ses-m06/anat/sub-005S0448_ses-m06_acq-15T_T1w.nii.gz,2,MCI,bids_adni1
005_S_0448,m12,2007-05-15,/project/rrg-mchakrav-ab/moncia/ADNI/bids_adni1/sub-005S0448/ses-m12/anat/sub-005S0448_ses-m12_acq-15T_T1w.nii.gz,2,MCI,bids_adni1
005_S_0448,m18,2007-11-13,/project/rrg-mchakrav-ab/moncia/ADNI/bids_adni1/sub-005S0448/ses-m18/anat/sub-005S0448_ses-m18_acq-3T_T1w.nii.gz,2,MCI,bids_adni1
005_S_0448,m24,2008-05-14,/project/rrg-mchakrav-ab/moncia/ADNI/bids_adni1/sub-005S0448/ses-m24/anat/sub-005S0448_ses-m24_acq-15T_T1w.nii.gz,2,MCI,bids_adni1
005_S_0546,m06,2007-01-11,/project/rrg-mchakrav-ab/moncia/ADNI/bids_adni1/sub-005S0546/ses-m06/anat/sub-005S0546_ses-m06_acq-15T_T1w.nii.gz,2,MCI,bids_adni1
005_S_0546,m12,2007-07-13,/project/rrg-mchakrav-ab/moncia/ADNI/bids_adni1/sub-005S0546/ses-m12/anat/sub-005S0546_ses-m12_acq-15T_T1w.nii.gz,2,MCI,bids_adni1
005_S_0546,m18,2008-01-11,/project/rrg-mchakrav-ab/moncia/ADNI/bids_adni1/sub-005S0546/ses-m18/anat/sub-005S0546_ses-m18_acq-15T_T1w.nii.gz,2,MCI,bids_adni1
005_S_0546,m24,2008-07-12,/project/rrg-mchakrav-ab/moncia/ADNI/bids_adni1/sub-005S0546/ses-m24/anat/sub-005S0546_ses-m24_acq-15T_T1w.nii.gz,2,MCI,bids_adni1
005_S_0572,m06,2007-01-04,/project/rrg-mchakrav-ab/moncia/ADNI/bids_adni1/sub-005S0572/ses-m06/anat/sub-005S0572_ses-m06_acq-15T_T1w.nii.gz,2,MCI,bids_adni1
005_S_0572,m12,2007-07-06,/project/rrg-mchakrav-ab/moncia/ADNI/bids_adni1/sub-005S0572/ses-m12/anat/sub-005S0572_ses-m12_acq-15T_T1w.nii.gz,3,Dementia,bids_adni1
005_S_0572,m18,2008-01-04,/project/rrg-mchakrav-ab/moncia/ADNI/bids_adni1/sub-005S0572/ses-m18/anat/sub-005S0572_ses-m18_acq-15T_T1w.nii.gz,3,Dementia,bids_adni1
005_S_0572,m24,2008-07-05,/project/rrg-mchakrav-ab/moncia/ADNI/bids_adni1/sub-005S0572/ses-m24/anat/sub-005S0572_ses-m24_acq-15T_T1w.nii.gz,3,Dementia,bids_adni1
005_S_0572,m36,2009-07-05,/project/rrg-mchakrav-ab/moncia/ADNI/bids_adni1/sub-005S0572/ses-m36/anat/sub-005S0572_ses-m36_acq-15T_T1w.nii.gz,3,Dementia,bids_adni1
005_S_1224,sc,2007-02-13,/project/rrg-mchakrav-ab/moncia/ADNI/bids_adni1/sub-005S1224/ses-sc/anat/sub-005S1224_ses-sc_acq-15T_T1w.nii.gz,2,MCI,bids_adni1
005_S_1224,m06,2007-08-14,/project/rrg-mchakrav-ab/moncia/ADNI/bids_adni1/sub-005S1224/ses-m06/anat/sub-005S1224_ses-m06_acq-15T_T1w.nii.gz,2,MCI,bids_adni1
005_S_1224,m12,2008-02-13,/project/rrg-mchakrav-ab/moncia/ADNI/bids_adni1/sub-005S1224/ses-m12/anat/sub-005S1224_ses-m12_acq-15T_T1w.nii.gz,2,MCI,bids_adni1
005_S_1224,m18,2008-08-13,/project/rrg-mchakrav-ab/moncia/ADNI/bids_adni1/sub-005S1224/ses-m18/anat/sub-005S1224_ses-m18_acq-15T_T1w.nii.gz,2,MCI,bids_adni1
005_S_1224,m24,2009-02-12,/project/rrg-mchakrav-ab/moncia/ADNI/bids_adni1/sub-005S1224/ses-m24/anat/sub-005S1224_ses-m24_acq-15T_T1w.nii.gz,2,MCI,bids_adni1
005_S_1224,m36,2010-02-12,/project/rrg-mchakrav-ab/moncia/ADNI/bids_adni1/sub-005S1224/ses-m36/anat/sub-005S1224_ses-m36_acq-15T_T1w.nii.gz,3,Dementia,bids_adni1
005_S_2390,m03,2011-10-31,/project/rrg-mchakrav-ab/moncia/ADNI/bids_adni_go2/sub-005S2390/ses-m03/anat/sub-005S2390_ses-m03_acq-3Taccel_T1w.nii.gz,2,MCI,bids_adni_go2
005_S_2390,m06,2012-01-30,/project/rrg-mchakrav-ab/moncia/ADNI/bids_adni_go2/sub-005S2390/ses-m06/anat/sub-005S2390_ses-m06_acq-3Taccel_T1w.nii.gz,2,MCI,bids_adni_go2
005_S_2390,m12,2012-07-31,/project/rrg-mchakrav-ab/moncia/ADNI/bids_adni_go2/sub-005S2390/ses-m12/anat/sub-005S2390_ses-m12_acq-3Taccel_T1w.nii.gz,2,MCI,bids_adni_go2
005_S_2390,m24,2013-07-31,/project/rrg-mchakrav-ab/moncia/ADNI/bids_adni_go2/sub-005S2390/ses-m24/anat/sub-005S2390_ses-m24_acq-3Taccel_T1w.nii.gz,2,MCI,bids_adni_go2
005_S_2390,m48,2015-08-01,/project/rrg-mchakrav-ab/moncia/ADNI/bids_adni_go2/sub-005S2390/ses-m48/anat/sub-005S2390_ses-m48_acq-3Taccel_T1w.nii.gz,2,MCI,bids_adni_go2
005_S_4168,m03,2011-11-15,/project/rrg-mchakrav-ab/moncia/ADNI/bids_adni_go2/sub-005S4168/ses-m03/anat/sub-005S4168_ses-m03_acq-3Taccel_T1w.nii.gz,2,MCI,bids_adni_go2
005_S_4168,m06,2012-02-14,/project/rrg-mchakrav-ab/moncia/ADNI/bids_adni_go2/sub-005S4168/ses-m06/anat/sub-005S4168_ses-m06_acq-3Taccel_T1w.nii.gz,2,MCI,bids_adni_go2
005_S_4168,m12,2012-08-15,/project/rrg-mchakrav-ab/moncia/ADNI/bids_adni_go2/sub-005S4168/ses-m12/anat/sub-005S4168_ses-m12_acq-3Taccel_T1w.nii.gz,2,MCI,bids_adni_go2
005_S_4168,m24,2013-08-15,/project/rrg-mchakrav-ab/moncia/ADNI/bids_adni_go2/sub-005S4168/ses-m24/anat/sub-005S4168_ses-m24_acq-3Taccel_T1w.nii.gz,2,MCI,bids_adni_go2
005_S_4168,m48,2015-08-16,/project/rrg-mchakrav-ab/moncia/ADNI/bids_adni_go2/sub-005S4168/ses-m48/anat/sub-005S4168_ses-m48_acq-3Taccel_T1w.nii.gz,1,CN,bids_adni_go2
005_S_4185,m03,2011-11-15,/project/rrg-mchakrav-ab/moncia/ADNI/bids_adni_go2/sub-005S4185/ses-m03/anat/sub-005S4185_ses-m03_acq-3Taccel_T1w.nii.gz,2,MCI,bids_adni_go2
005_S_4185,m06,2012-02-14,/project/rrg-mchakrav-ab/moncia/ADNI/bids_adni_go2/sub-005S4185/ses-m06/anat/sub-005S4185_ses-m06_acq-3Taccel_T1w.nii.gz,2,MCI,bids_adni_go2
005_S_4185,m12,2012-08-15,/project/rrg-mchakrav-ab/moncia/ADNI/bids_adni_go2/sub-005S4185/ses-m12/anat/sub-005S4185_ses-m12_acq-3Taccel_T1w.nii.gz,2,MCI,bids_adni_go2
005_S_4185,m24,2013-08-15,/project/rrg-mchakrav-ab/moncia/ADNI/bids_adni_go2/sub-005S4185/ses-m24/anat/sub-005S4185_ses-m24_acq-3Taccel_T1w.nii.gz,2,MCI,bids_adni_go2
005_S_4185,m48,2015-08-16,/project/rrg-mchakrav-ab/moncia/ADNI/bids_adni_go2/sub-005S4185/ses-m48/anat/sub-005S4185_ses-m48_acq-3Taccel_T1w.nii.gz,2,MCI,bids_adni_go2
005_S_4185,m72,2017-08-15,/project/rrg-mchakrav-ab/moncia/ADNI/bids_adni3/sub-005S4185/ses-m72/anat/sub-005S4185_ses-m72_acq-3T_T1w.nii.gz,2,MCI,bids_adni3
005_S_4185,m84,2018-08-15,/project/rrg-mchakrav-ab/moncia/ADNI/bids_adni3/sub-005S4185/ses-m84/anat/sub-005S4185_ses-m84_acq-3T_T1w.nii.gz,2,MCI,bids_adni3
006_S_0675,sc,2006-10-18,/project/rrg-mchakrav-ab/moncia/ADNI/bids_adni1/sub-006S0675/ses-sc/anat/sub-006S0675_ses-sc_acq-15T_T1w.nii.gz,2,MCI,bids_adni1
006_S_0675,m06,2007-04-18,/project/rrg-mchakrav-ab/moncia/ADNI/bids_adni1/sub-006S0675/ses-m06/anat/sub-006S0675_ses-m06_acq-15T_T1w.nii.gz,2,MCI,bids_adni1
006_S_0675,m24,2008-10-17,/project/rrg-mchakrav-ab/moncia/ADNI/bids_adni1/sub-006S0675/ses-m24/anat/sub-006S0675_ses-m24_acq-15T_T1w.nii.gz,3,Dementia,bids_adni1
006_S_1130,sc,2007-01-04,/project/rrg-mchakrav-ab/moncia/ADNI/bids_adni1/sub-006S1130/ses-sc/anat/sub-006S1130_ses-sc_acq-15T_T1w.nii.gz,2,MCI,bids_adni1
006_S_1130,m06,2007-07-05,/project/rrg-mchakrav-ab/moncia/ADNI/bids_adni1/sub-006S1130/ses-m06/anat/sub-006S1130_ses-m06_acq-15T_T1w.nii.gz,2,MCI,bids_adni1
006_S_1130,m18,2008-07-04,/project/rrg-mchakrav-ab/moncia/ADNI/bids_adni1/sub-006S1130/ses-m18/anat/sub-006S1130_ses-m18_acq-15T_T1w.nii.gz,3,Dementia,bids_adni1
006_S_1130,m24,2009-01-03,/project/rrg-mchakrav-ab/moncia/ADNI/bids_adni1/sub-006S1130/ses-m24/anat/sub-006S1130_ses-m24_acq-15T_T1w.nii.gz,3,Dementia,bids_adni1
006_S_1130,m36,2010-01-03,/project/rrg-mchakrav-ab/moncia/ADNI/bids_adni1/sub-006S1130/ses-m36/anat/sub-006S1130_ses-m36_acq-15T_T1w.nii.gz,3,Dementia,bids_adni1
006_S_4346,m03,2012-02-01,/project/rrg-mchakrav-ab/moncia/ADNI/bids_adni_go2/sub-006S4346/ses-m03/anat/sub-006S4346_ses-m03_acq-3Taccel_T1w.nii.gz,2,MCI,bids_adni_go2
006_S_4346,m06,2012-05-02,/project/rrg-mchakrav-ab/moncia/ADNI/bids_adni_go2/sub-006S4346/ses-m06/anat/sub-006S4346_ses-m06_acq-3Taccel_T1w.nii.gz,2,MCI,bids_adni_go2
006_S_4346,m12,2012-11-01,/project/rrg-mchakrav-ab/moncia/ADNI/bids_adni_go2/sub-006S4346/ses-m12/anat/sub-006S4346_ses-m12_acq-3Taccel_T1w.nii.gz,2,MCI,bids_adni_go2
006_S_4363,m03,2012-02-09,/project/rrg-mchakrav-ab/moncia/ADNI/bids_adni_go2/sub-006S4363/ses-m03/anat/sub-006S4363_ses-m03_acq-3Taccel_T1w.nii.gz,2,MCI,bids_adni_go2
006_S_4363,m06,2012-05-10,/project/rrg-mchakrav-ab/moncia/ADNI/bids_adni_go2/sub-006S4363/ses-m06/anat/sub-006S4363_ses-m06_acq-3Taccel_T1w.nii.gz,2,MCI,bids_adni_go2
006_S_4363,m12,2012-11-09,/project/rrg-mchakrav-ab/moncia/ADNI/bids_adni_go2/sub-006S4363/ses-m12/anat/sub-006S4363_ses-m12_acq-3Taccel_T1w.nii.gz,2,MCI,bids_adni_go2
006_S_4363,m24,2013-11-09,/project/rrg-mchakrav-ab/moncia/ADNI/bids_adni_go2/sub-006S4363/ses-m24/anat/sub-006S4363_ses-m24_acq-3Taccel_T1w.nii.gz,2,MCI,bids_adni_go2
006_S_4515,m03,2012-05-02,/project/rrg-mchakrav-ab/moncia/ADNI/bids_adni_go2/sub-006S4515/ses-m03/anat/sub-006S4515_ses-m03_acq-3Taccel_T1w.nii.gz,2,MCI,bids_adni_go2
006_S_4515,m06,2012-08-01,/project/rrg-mchakrav-ab/moncia/ADNI/bids_adni_go2/sub-006S4515/ses-m06/anat/sub-006S4515_ses-m06_acq-3Taccel_T1w.nii.gz,3,Dementia,bids_adni_go2
006_S_4515,m12,2013-01-31,/project/rrg-mchakrav-ab/moncia/ADNI/bids_adni_go2/sub-006S4515/ses-m12/anat/sub-006S4515_ses-m12_acq-3Taccel_T1w.nii.gz,3,Dementia,bids_adni_go2
006_S_4515,m24,2014-01-31,/project/rrg-mchakrav-ab/moncia/ADNI/bids_adni_go2/sub-006S4515/ses-m24/anat/sub-006S4515_ses-m24_acq-3Taccel_T1w.nii.gz,3,Dementia,bids_adni_go2
006_S_4679,m03,2012-08-20,/project/rrg-mchakrav-ab/moncia/ADNI/bids_adni_go2/sub-006S4679/ses-m03/anat/sub-006S4679_ses-m03_acq-3Taccel_T1w.nii.gz,2,MCI,bids_adni_go2
006_S_4679,m06,2012-11-19,/project/rrg-mchakrav-ab/moncia/ADNI/bids_adni_go2/sub-006S4679/ses-m06/anat/sub-006S4679_ses-m06_acq-3Taccel_T1w.nii.gz,2,MCI,bids_adni_go2
006_S_4679,m12,2013-05-21,/project/rrg-mchakrav-ab/moncia/ADNI/bids_adni_go2/sub-006S4679/ses-m12/anat/sub-006S4679_ses-m12_acq-3Taccel_T1w.nii.gz,2,MCI,bids_adni_go2
006_S_4679,m24,2014-05-21,/project/rrg-mchakrav-ab/moncia/ADNI/bids_adni_go2/sub-006S4679/ses-m24/anat/sub-006S4679_ses-m24_acq-3Taccel_T1w.nii.gz,2,MCI,bids_adni_go2
006_S_4713,m03,2012-08-02,/project/rrg-mchakrav-ab/moncia/ADNI/bids_adni_go2/sub-006S4713/ses-m03/anat/sub-006S4713_ses-m03_acq-3Taccel_T1w.nii.gz,2,MCI,bids_adni_go2
006_S_4713,m06,2012-11-01,/project/rrg-mchakrav-ab/moncia/ADNI/bids_adni_go2/sub-006S4713/ses-m06/anat/sub-006S4713_ses-m06_acq-3Taccel_T1w.nii.gz,2,MCI,bids_adni_go2
006_S_4713,m12,2013-05-03,/project/rrg-mchakrav-ab/moncia/ADNI/bids_adni_go2/sub-006S4713/ses-m12/anat/sub-006S4713_ses-m12_acq-3Taccel_T1w.nii.gz,2,MCI,bids_adni_go2
006_S_4713,m24,2014-05-03,/project/rrg-mchakrav-ab/moncia/ADNI/bids_adni_go2/sub-006S4713/ses-m24/anat/sub-006S4713_ses-m24_acq-3Taccel_T1w.nii.gz,1,CN,bids_adni_go2
006_S_4713,m48,2016-05-03,/project/rrg-mchakrav-ab/moncia/ADNI/bids_adni_go2/sub-006S4713/ses-m48/anat/sub-006S4713_ses-m48_acq-3Taccel_T1w.nii.gz,1,CN,bids_adni_go2
006_S_4713,m90,2019-11-02,/project/rrg-mchakrav-ab/moncia/ADNI/bids_adni3/sub-006S4713/ses-m90/anat/sub-006S4713_ses-m90_acq-3T_T1w.nii.gz,1,CN,bids_adni3
006_S_4713,m108,2021-05-03,/project/rrg-mchakrav-ab/moncia/ADNI/bids_adni3/sub-006S4713/ses-m108/anat/sub-006S4713_ses-m108_acq-3T_T1w.nii.gz,1,CN,bids_adni3
006_S_4713,m150,2024-11-02,/project/rrg-mchakrav-ab/moncia/ADNI/bids_adni4_qc/sub-006S4713/ses-m150/anat/sub-006S4713_ses-m150_acq-3Tultrafast_T1w.nii.gz,3,Dementia,bids_adni4_qc
006_S_4960,m03,2012-12-24,/project/rrg-mchakrav-ab/moncia/ADNI/bids_adni_go2/sub-006S4960/ses-m03/anat/sub-006S4960_ses-m03_acq-3Taccel_T1w.nii.gz,2,MCI,bids_adni_go2
006_S_4960,m06,2013-03-25,/project/rrg-mchakrav-ab/moncia/ADNI/bids_adni_go2/sub-006S4960/ses-m06/anat/sub-006S4960_ses-m06_acq-3Taccel_T1w.nii.gz,2,MCI,bids_adni_go2
006_S_4960,m12,2013-09-24,/project/rrg-mchakrav-ab/moncia/ADNI/bids_adni_go2/sub-006S4960/ses-m12/anat/sub-006S4960_ses-m12_acq-3Taccel_T1w.nii.gz,2,MCI,bids_adni_go2
006_S_4960,m24,2014-09-24,/project/rrg-mchakrav-ab/moncia/ADNI/bids_adni_go2/sub-006S4960/ses-m24/anat/sub-006S4960_ses-m24_acq-3Taccel_T1w.nii.gz,1,CN,bids_adni_go2
006_S_4960,m36,2015-09-24,/project/rrg-mchakrav-ab/moncia/ADNI/bids_adni_go2/sub-006S4960/ses-m36/anat/sub-006S4960_ses-m36_acq-3Taccel_T1w.nii.gz,1,CN,bids_adni_go2
006_S_4960,m66,2018-03-26,/project/rrg-mchakrav-ab/moncia/ADNI/bids_adni3/sub-006S4960/ses-m66/anat/sub-006S4960_ses-m66_acq-3T_T1w.nii.gz,1,CN,bids_adni3
006_S_6243,sc,2018-02-26,/project/rrg-mchakrav-ab/moncia/ADNI/bids_adni3/sub-006S6243/ses-sc/anat/sub-006S6243_ses-sc_acq-3T_T1w.nii.gz,2,MCI,bids_adni3
006_S_6243,m12,2019-02-26,/project/rrg-mchakrav-ab/moncia/ADNI/bids_adni3/sub-006S6243/ses-m12/anat/sub-006S6243_ses-m12_acq-3T_T1w.nii.gz,2,MCI,bids_adni3
006_S_6243,m42,2021-08-27,/project/rrg-mchakrav-ab/moncia/ADNI/bids_adni3/sub-006S6243/ses-m42/anat/sub-006S6243_ses-m42_acq-3T_T1w.nii.gz,1,CN,bids_adni3
006_S_6243,m54,2022-08-27,/project/rrg-mchakrav-ab/moncia/ADNI/bids_adni3/sub-006S6243/ses-m54/anat/sub-006S6243_ses-m54_acq-3T_T1w.nii.gz,1,CN,bids_adni3
006_S_6243,m66,2023-08-28,/project/rrg-mchakrav-ab/moncia/ADNI/bids_adni4_qc/sub-006S6243/ses-m66/anat/sub-006S6243_ses-m66_acq-3Tultrafast_T1w.nii.gz,1,CN,bids_adni4_qc
006_S_6291,sc,2018-03-28,/project/rrg-mchakrav-ab/moncia/ADNI/bids_adni3/sub-006S6291/ses-sc/anat/sub-006S6291_ses-sc_acq-3T_T1w.nii.gz,2,MCI,bids_adni3
006_S_6291,m12,2019-03-28,/project/rrg-mchakrav-ab/moncia/ADNI/bids_adni3/sub-006S6291/ses-m12/anat/sub-006S6291_ses-m12_acq-3T_T1w.nii.gz,2,MCI,bids_adni3
006_S_6291,m54,2022-09-26,/project/rrg-mchakrav-ab/moncia/ADNI/bids_adni3/sub-006S6291/ses-m54/anat/sub-006S6291_ses-m54_acq-3T_T1w.nii.gz,1,CN,bids_adni3
006_S_6657,sc,2018-12-19,/project/rrg-mchakrav-ab/moncia/ADNI/bids_adni3/sub-006S6657/ses-sc/anat/sub-006S6657_ses-sc_acq-3T_T1w.nii.gz,2,MCI,bids_adni3
006_S_6657,m36,2021-12-18,/project/rrg-mchakrav-ab/moncia/ADNI/bids_adni3/sub-006S6657/ses-m36/anat/sub-006S6657_ses-m36_acq-3T_T1w.nii.gz,1,CN,bids_adni3
006_S_6657,m66,2024-06-19,/project/rrg-mchakrav-ab/moncia/ADNI/bids_adni4_qc/sub-006S6657/ses-m66/anat/sub-006S6657_ses-m66_acq-3Tultrafast_T1w.nii.gz,1,CN,bids_adni4_qc
006_S_6681,sc,2019-01-24,/project/rrg-mchakrav-ab/moncia/ADNI/bids_adni3/sub-006S6681/ses-sc/anat/sub-006S6681_ses-sc_acq-3T_T1w.nii.gz,2,MCI,bids_adni3
006_S_6681,m30,2021-07-25,/project/rrg-mchakrav-ab/moncia/ADNI/bids_adni3/sub-006S6681/ses-m30/anat/sub-006S6681_ses-m30_acq-3T_T1w.nii.gz,1,CN,bids_adni3
006_S_6681,m66,2024-07-25,/project/rrg-mchakrav-ab/moncia/ADNI/bids_adni4_qc/sub-006S6681/ses-m66/anat/sub-006S6681_ses-m66_acq-3Tultrafast_T1w.nii.gz,1,CN,bids_adni4_qc
006_S_6770,sc,2019-07-10,/project/rrg-mchakrav-ab/moncia/ADNI/bids_adni3/sub-006S6770/ses-sc/anat/sub-006S6770_ses-sc_acq-3T_T1w.nii.gz,2,MCI,bids_adni3
006_S_6770,m24,2021-07-09,/project/rrg-mchakrav-ab/moncia/ADNI/bids_adni3/sub-006S6770/ses-m24/anat/sub-006S6770_ses-m24_acq-3T_T1w.nii.gz,3,Dementia,bids_adni3
006_S_6770,m36,2022-07-09,/project/rrg-mchakrav-ab/moncia/ADNI/bids_adni3/sub-006S6770/ses-m36/anat/sub-006S6770_ses-m36_acq-3T_T1w.nii.gz,3,Dementia,bids_adni3
007_S_0041,sc,2005-11-14,/project/rrg-mchakrav-ab/moncia/ADNI/bids_adni1/sub-007S0041/ses-sc/anat/sub-007S0041_ses-sc_acq-15T_T1w.nii.gz,2,MCI,bids_adni1
007_S_0041,m12,2006-11-14,/project/rrg-mchakrav-ab/moncia/ADNI/bids_adni1/sub-007S0041/ses-m12/anat/sub-007S0041_ses-m12_acq-15T_T1w.nii.gz,2,MCI,bids_adni1
007_S_0041,m18,2007-05-15,/project/rrg-mchakrav-ab/moncia/ADNI/bids_adni1/sub-007S0041/ses-m18/anat/sub-007S0041_ses-m18_acq-15T_T1w.nii.gz,3,Dementia,bids_adni1
007_S_0041,m24,2007-11-14,/project/rrg-mchakrav-ab/moncia/ADNI/bids_adni1/sub-007S0041/ses-m24/anat/sub-007S0041_ses-m24_acq-15T_T1w.nii.gz,3,Dementia,bids_adni1
007_S_0041,m36,2008-11-13,/project/rrg-mchakrav-ab/moncia/ADNI/bids_adni1/sub-007S0041/ses-m36/anat/sub-007S0041_ses-m36_acq-15T_T1w.nii.gz,3,Dementia,bids_adni1
007_S_0041,m48,2009-11-14,/project/rrg-mchakrav-ab/moncia/ADNI/bids_adni1/sub-007S0041/ses-m48/anat/sub-007S0041_ses-m48_acq-15T_T1w.nii.gz,3,Dementia,bids_adni1
007_S_0101,sc,2006-01-05,/project/rrg-mchakrav-ab/moncia/ADNI/bids_adni1/sub-007S0101/ses-sc/anat/sub-007S0101_ses-sc_acq-15T_T1w.nii.gz,2,MCI,bids_adni1
007_S_0101,m06,2006-07-06,/project/rrg-mchakrav-ab/moncia/ADNI/bids_adni1/sub-007S0101/ses-m06/anat/sub-007S0101_ses-m06_acq-15T_T1w.nii.gz,2,MCI,bids_adni1
007_S_0101,m12,2007-01-05,/project/rrg-mchakrav-ab/moncia/ADNI/bids_adni1/sub-007S0101/ses-m12/anat/sub-007S0101_ses-m12_acq-15T_T1w.nii.gz,2,MCI,bids_adni1
007_S_0101,m18,2007-07-06,/project/rrg-mchakrav-ab/moncia/ADNI/bids_adni1/sub-007S0101/ses-m18/anat/sub-007S0101_ses-m18_acq-15T_T1w.nii.gz,2,MCI,bids_adni1
007_S_0101,m24,2008-01-05,/project/rrg-mchakrav-ab/moncia/ADNI/bids_adni1/sub-007S0101/ses-m24/anat/sub-007S0101_ses-m24_acq-15T_T1w.nii.gz,3,Dementia,bids_adni1
007_S_0101,m36,2009-01-04,/project/rrg-mchakrav-ab/moncia/ADNI/bids_adni1/sub-007S0101/ses-m36/anat/sub-007S0101_ses-m36_acq-15T_T1w.nii.gz,3,Dementia,bids_adni1
007_S_0101,m48,2010-01-05,/project/rrg-mchakrav-ab/moncia/ADNI/bids_adni1/sub-007S0101/ses-m48/anat/sub-007S0101_ses-m48_acq-15T_T1w.nii.gz,3,Dementia,bids_adni1
007_S_0128,sc,2006-02-06,/project/rrg-mchakrav-ab/moncia/ADNI/bids_adni1/sub-007S0128/ses-sc/anat/sub-007S0128_ses-sc_acq-15T_T1w.nii.gz,2,MCI,bids_adni1
007_S_0128,m06,2006-08-07,/project/rrg-mchakrav-ab/moncia/ADNI/bids_adni1/sub-007S0128/ses-m06/anat/sub-007S0128_ses-m06_acq-15T_T1w.nii.gz,2,MCI,bids_adni1
007_S_0128,m12,2007-02-06,/project/rrg-mchakrav-ab/moncia/ADNI/bids_adni1/sub-007S0128/ses-m12/anat/sub-007S0128_ses-m12_acq-15T_T1w.nii.gz,2,MCI,bids_adni1
007_S_0128,m18,2007-08-07,/project/rrg-mchakrav-ab/moncia/ADNI/bids_adni1/sub-007S0128/ses-m18/anat/sub-007S0128_ses-m18_acq-15T_T1w.nii.gz,3,Dementia,bids_adni1
007_S_0128,m24,2008-02-06,/project/rrg-mchakrav-ab/moncia/ADNI/bids_adni1/sub-007S0128/ses-m24/anat/sub-007S0128_ses-m24_acq-15T_T1w.nii.gz,3,Dementia,bids_adni1
007_S_0128,m36,2009-02-05,/project/rrg-mchakrav-ab/moncia/ADNI/bids_adni1/sub-007S0128/ses-m36/anat/sub-007S0128_ses-m36_acq-15T_T1w.nii.gz,3,Dementia,bids_adni1
007_S_0128,m48,2010-02-06,/project/rrg-mchakrav-ab/moncia/ADNI/bids_adni1/sub-007S0128/ses-m48/anat/sub-007S0128_ses-m48_acq-15T_T1w.nii.gz,3,Dementia,bids_adni1
007_S_0249,sc,2006-03-14,/project/rrg-mchakrav-ab/moncia/ADNI/bids_adni1/sub-007S0249/ses-sc/anat/sub-007S0249_ses-sc_acq-15T_T1w.nii.gz,2,MCI,bids_adni1
007_S_0249,m06,2006-09-12,/project/rrg-mchakrav-ab/moncia/ADNI/bids_adni1/sub-007S0249/ses-m06/anat/sub-007S0249_ses-m06_acq-15T_T1w.nii.gz,2,MCI,bids_adni1
007_S_0249,m12,2007-03-14,/project/rrg-mchakrav-ab/moncia/ADNI/bids_adni1/sub-007S0249/ses-m12/anat/sub-007S0249_ses-m12_acq-15T_T1w.nii.gz,3,Dementia,bids_adni1
007_S_0249,m18,2007-09-12,/project/rrg-mchakrav-ab/moncia/ADNI/bids_adni1/sub-007S0249/ses-m18/anat/sub-007S0249_ses-m18_acq-15T_T1w.nii.gz,3,Dementia,bids_adni1
007_S_0249,m24,2008-03-13,/project/rrg-mchakrav-ab/moncia/ADNI/bids_adni1/sub-007S0249/ses-m24/anat/sub-007S0249_ses-m24_acq-15T_T1w.nii.gz,3,Dementia,bids_adni1
007_S_0249,m36,2009-03-13,/project/rrg-mchakrav-ab/moncia/ADNI/bids_adni1/sub-007S0249/ses-m36/anat/sub-007S0249_ses-m36_acq-15T_T1w.nii.gz,3,Dementia,bids_adni1
007_S_0249,m48,2010-03-14,/project/rrg-mchakrav-ab/moncia/ADNI/bids_adni1/sub-007S0249/ses-m48/anat/sub-007S0249_ses-m48_acq-15T_T1w.nii.gz,3,Dementia,bids_adni1
007_S_0293,m06,2006-09-26,/project/rrg-mchakrav-ab/moncia/ADNI/bids_adni1/sub-007S0293/ses-m06/anat/sub-007S0293_ses-m06_acq-15T_T1w.nii.gz,2,MCI,bids_adni1
007_S_0293,m12,2007-03-28,/project/rrg-mchakrav-ab/moncia/ADNI/bids_adni1/sub-007S0293/ses-m12/anat/sub-007S0293_ses-m12_acq-15T_T1w.nii.gz,2,MCI,bids_adni1
007_S_0293,m24,2008-03-27,/project/rrg-mchakrav-ab/moncia/ADNI/bids_adni1/sub-007S0293/ses-m24/anat/sub-007S0293_ses-m24_acq-15T_T1w.nii.gz,3,Dementia,bids_adni1
007_S_0293,m36,2009-03-27,/project/rrg-mchakrav-ab/moncia/ADNI/bids_adni1/sub-007S0293/ses-m36/anat/sub-007S0293_ses-m36_acq-15T_T1w.nii.gz,3,Dementia,bids_adni1
007_S_0344,m12,2007-04-20,/project/rrg-mchakrav-ab/moncia/ADNI/bids_adni1/sub-007S0344/ses-m12/anat/sub-007S0344_ses-m12_acq-15T_T1w.nii.gz,3,Dementia,bids_adni1
007_S_0344,m24,2008-04-19,/project/rrg-mchakrav-ab/moncia/ADNI/bids_adni1/sub-007S0344/ses-m24/anat/sub-007S0344_ses-m24_acq-15T_T1w.nii.gz,3,Dementia,bids_adni1
007_S_0344,m36,2009-04-19,/project/rrg-mchakrav-ab/moncia/ADNI/bids_adni1/sub-007S0344/ses-m36/anat/sub-007S0344_ses-m36_acq-15T_T1w.nii.gz,3,Dementia,bids_adni1
007_S_0344,m48,2010-04-20,/project/rrg-mchakrav-ab/moncia/ADNI/bids_adni1/sub-007S0344/ses-m48/anat/sub-007S0344_ses-m48_acq-15T_T1w.nii.gz,3,Dementia,bids_adni1
007_S_0698,sc,2006-08-23,/project/rrg-mchakrav-ab/moncia/ADNI/bids_adni1/sub-007S0698/ses-sc/anat/sub-007S0698_ses-sc_acq-15T_T1w.nii.gz,2,MCI,bids_adni1
007_S_0698,m06,2007-02-21,/project/rrg-mchakrav-ab/moncia/ADNI/bids_adni1/sub-007S0698/ses-m06/anat/sub-007S0698_ses-m06_acq-15T_T1w.nii.gz,2,MCI,bids_adni1
007_S_0698,m12,2007-08-23,/project/rrg-mchakrav-ab/moncia/ADNI/bids_adni1/sub-007S0698/ses-m12/anat/sub-007S0698_ses-m12_acq-15T_T1w.nii.gz,2,MCI,bids_adni1
007_S_0698,m24,2008-08-22,/project/rrg-mchakrav-ab/moncia/ADNI/bids_adni1/sub-007S0698/ses-m24/anat/sub-007S0698_ses-m24_acq-15T_T1w.nii.gz,2,MCI,bids_adni1
007_S_0698,m48,2010-08-23,/project/rrg-mchakrav-ab/moncia/ADNI/bids_adni1/sub-007S0698/ses-m48/anat/sub-007S0698_ses-m48_acq-15T_T1w.nii.gz,2,MCI,bids_adni1
007_S_2058,m03,2011-01-05,/project/rrg-mchakrav-ab/moncia/ADNI/bids_adni_go2/sub-007S2058/ses-m03/anat/sub-007S2058_ses-m03_acq-3Taccel_T1w.nii.gz,2,MCI,bids_adni_go2
007_S_2058,m06,2011-04-06,/project/rrg-mchakrav-ab/moncia/ADNI/bids_adni_go2/sub-007S2058/ses-m06/anat/sub-007S2058_ses-m06_acq-3Taccel_T1w.nii.gz,2,MCI,bids_adni_go2
007_S_2058,m12,2011-10-06,/project/rrg-mchakrav-ab/moncia/ADNI/bids_adni_go2/sub-007S2058/ses-m12/anat/sub-007S2058_ses-m12_acq-3Taccel_T1w.nii.gz,2,MCI,bids_adni_go2
007_S_2106,m03,2011-01-18,/project/rrg-mchakrav-ab/moncia/ADNI/bids_adni_go2/sub-007S2106/ses-m03/anat/sub-007S2106_ses-m03_acq-3Taccel_T1w.nii.gz,2,MCI,bids_adni_go2
007_S_2106,m06,2011-04-19,/project/rrg-mchakrav-ab/moncia/ADNI/bids_adni_go2/sub-007S2106/ses-m06/anat/sub-007S2106_ses-m06_acq-3Taccel_T1w.nii.gz,2,MCI,bids_adni_go2
007_S_2106,m12,2011-10-19,/project/rrg-mchakrav-ab/moncia/ADNI/bids_adni_go2/sub-007S2106/ses-m12/anat/sub-007S2106_ses-m12_acq-3Taccel_T1w.nii.gz,2,MCI,bids_adni_go2
007_S_2106,m36,2013-10-18,/project/rrg-mchakrav-ab/moncia/ADNI/bids_adni_go2/sub-007S2106/ses-m36/anat/sub-007S2106_ses-m36_acq-3Taccel_T1w.nii.gz,3,Dementia,bids_adni_go2
007_S_2394,m03,2011-12-16,/project/rrg-mchakrav-ab/moncia/ADNI/bids_adni_go2/sub-007S2394/ses-m03/anat/sub-007S2394_ses-m03_acq-3Taccel_T1w.nii.gz,2,MCI,bids_adni_go2
007_S_2394,m06,2012-03-16,/project/rrg-mchakrav-ab/moncia/ADNI/bids_adni_go2/sub-007S2394/ses-m06/anat/sub-007S2394_ses-m06_acq-3Taccel_T1w.nii.gz,2,MCI,bids_adni_go2
007_S_2394,m12,2012-09-15,/project/rrg-mchakrav-ab/moncia/ADNI/bids_adni_go2/sub-007S2394/ses-m12/anat/sub-007S2394_ses-m12_acq-3Taccel_T1w.nii.gz,2,MCI,bids_adni_go2
007_S_2394,m24,2013-09-15,/project/rrg-mchakrav-ab/moncia/ADNI/bids_adni_go2/sub-007S2394/ses-m24/anat/sub-007S2394_ses-m24_acq-3Taccel_T1w.nii.gz,2,MCI,bids_adni_go2
007_S_2394,m48,2015-09-16,/project/rrg-mchakrav-ab/moncia/ADNI/bids_adni_go2/sub-007S2394/ses-m48/anat/sub-007S2394_ses-m48_acq-3Taccel_T1w.nii.gz,2,MCI,bids_adni_go2
007_S_2394,m72,2017-09-15,/project/rrg-mchakrav-ab/moncia/ADNI/bids_adni3/sub-007S2394/ses-m72/anat/sub-007S2394_ses-m72_acq-3T_T1w.nii.gz,2,MCI,bids_adni3
007_S_2394,m84,2018-09-15,/project/rrg-mchakrav-ab/moncia/ADNI/bids_adni3/sub-007S2394/ses-m84/anat/sub-007S2394_ses-m84_acq-3T_T1w.nii.gz,2,MCI,bids_adni3
007_S_2394,m96,2019-09-16,/project/rrg-mchakrav-ab/moncia/ADNI/bids_adni3/sub-007S2394/ses-m96/anat/sub-007S2394_ses-m96_acq-3T_T1w.nii.gz,2,MCI,bids_adni3
007_S_2394,m132,2022-09-16,/project/rrg-mchakrav-ab/moncia/ADNI/bids_adni3/sub-007S2394/ses-m132/anat/sub-007S2394_ses-m132_acq-3T_T1w.nii.gz,1,CN,bids_adni3
007_S_2394,m150,2024-03-17,/project/rrg-mchakrav-ab/moncia/ADNI/bids_adni4_qc/sub-007S2394/ses-m150/anat/sub-007S2394_ses-m150_acq-3Taccel_T1w.nii.gz,1,CN,bids_adni4_qc
007_S_2394,m162,2025-03-17,/project/rrg-mchakrav-ab/moncia/ADNI/bids_adni4_qc/sub-007S2394/ses-m162/anat/sub-007S2394_ses-m162_acq-3Taccel_T1w.nii.gz,2,MCI,bids_adni4_qc
007_S_2394,m168,2025-09-15,/project/rrg-mchakrav-ab/moncia/ADNI/bids_adni4_qc/sub-007S2394/ses-m168/anat/sub-007S2394_ses-m168_acq-3Taccel_T1w.nii.gz,2,MCI,bids_adni4_qc
007_S_4272,m03,2012-01-05,/project/rrg-mchakrav-ab/moncia/ADNI/bids_adni_go2/sub-007S4272/ses-m03/anat/sub-007S4272_ses-m03_acq-3Taccel_T1w.nii.gz,2,MCI,bids_adni_go2
007_S_4272,m06,2012-04-05,/project/rrg-mchakrav-ab/moncia/ADNI/bids_adni_go2/sub-007S4272/ses-m06/anat/sub-007S4272_ses-m06_acq-3Taccel_T1w.nii.gz,2,MCI,bids_adni_go2
007_S_4272,m12,2012-10-05,/project/rrg-mchakrav-ab/moncia/ADNI/bids_adni_go2/sub-007S4272/ses-m12/anat/sub-007S4272_ses-m12_acq-3Taccel_T1w.nii.gz,2,MCI,bids_adni_go2
007_S_4272,m24,2013-10-05,/project/rrg-mchakrav-ab/moncia/ADNI/bids_adni_go2/sub-007S4272/ses-m24/anat/sub-007S4272_ses-m24_acq-3Taccel_T1w.nii.gz,2,MCI,bids_adni_go2
007_S_4272,m48,2015-10-06,/project/rrg-mchakrav-ab/moncia/ADNI/bids_adni_go2/sub-007S4272/ses-m48/anat/sub-007S4272_ses-m48_acq-3Taccel_T1w.nii.gz,2,MCI,bids_adni_go2
007_S_4272,m72,2017-10-05,/project/rrg-mchakrav-ab/moncia/ADNI/bids_adni3/sub-007S4272/ses-m72/anat/sub-007S4272_ses-m72_acq-3T_T1w.nii.gz,2,MCI,bids_adni3
007_S_4272,m84,2018-10-05,/project/rrg-mchakrav-ab/moncia/ADNI/bids_adni3/sub-007S4272/ses-m84/anat/sub-007S4272_ses-m84_acq-3T_T1w.nii.gz,2,MCI,bids_adni3
007_S_4272,m96,2019-10-06,/project/rrg-mchakrav-ab/moncia/ADNI/bids_adni3/sub-007S4272/ses-m96/anat/sub-007S4272_ses-m96_acq-3T_T1w.nii.gz,2,MCI,bids_adni3
007_S_4272,m114,2021-04-06,/project/rrg-mchakrav-ab/moncia/ADNI/bids_adni3/sub-007S4272/ses-m114/anat/sub-007S4272_ses-m114_acq-3T_T1w.nii.gz,2,MCI,bids_adni3
007_S_4272,m120,2021-10-05,/project/rrg-mchakrav-ab/moncia/ADNI/bids_adni3/sub-007S4272/ses-m120/anat/sub-007S4272_ses-m120_acq-3T_T1w.nii.gz,2,MCI,bids_adni3
007_S_4272,m132,2022-10-06,/project/rrg-mchakrav-ab/moncia/ADNI/bids_adni3/sub-007S4272/ses-m132/anat/sub-007S4272_ses-m132_acq-3T_T1w.nii.gz,3,Dementia,bids_adni3
007_S_4272,m150,2024-04-06,/project/rrg-mchakrav-ab/moncia/ADNI/bids_adni4_qc/sub-007S4272/ses-m150/anat/sub-007S4272_ses-m150_acq-3Taccel_T1w.nii.gz,3,Dementia,bids_adni4_qc
007_S_4272,m162,2025-04-06,/project/rrg-mchakrav-ab/moncia/ADNI/bids_adni4_qc/sub-007S4272/ses-m162/anat/sub-007S4272_ses-m162_acq-3Taccel_T1w.nii.gz,3,Dementia,bids_adni4_qc
007_S_4467,m03,2012-04-11,/project/rrg-mchakrav-ab/moncia/ADNI/bids_adni_go2/sub-007S4467/ses-m03/anat/sub-007S4467_ses-m03_acq-3Taccel_T1w.nii.gz,2,MCI,bids_adni_go2
007_S_4467,m06,2012-07-11,/project/rrg-mchakrav-ab/moncia/ADNI/bids_adni_go2/sub-007S4467/ses-m06/anat/sub-007S4467_ses-m06_acq-3Taccel_T1w.nii.gz,2,MCI,bids_adni_go2
007_S_4467,m12,2013-01-10,/project/rrg-mchakrav-ab/moncia/ADNI/bids_adni_go2/sub-007S4467/ses-m12/anat/sub-007S4467_ses-m12_acq-3Taccel_T1w.nii.gz,2,MCI,bids_adni_go2
007_S_4467,m24,2014-01-10,/project/rrg-mchakrav-ab/moncia/ADNI/bids_adni_go2/sub-007S4467/ses-m24/anat/sub-007S4467_ses-m24_acq-3Taccel_T1w.nii.gz,2,MCI,bids_adni_go2
007_S_4611,m03,2012-06-13,/project/rrg-mchakrav-ab/moncia/ADNI/bids_adni_go2/sub-007S4611/ses-m03/anat/sub-007S4611_ses-m03_acq-3Taccel_T1w.nii.gz,2,MCI,bids_adni_go2
007_S_4611,m06,2012-09-12,/project/rrg-mchakrav-ab/moncia/ADNI/bids_adni_go2/sub-007S4611/ses-m06/anat/sub-007S4611_ses-m06_acq-3Taccel_T1w.nii.gz,2,MCI,bids_adni_go2
007_S_4611,m12,2013-03-14,/project/rrg-mchakrav-ab/moncia/ADNI/bids_adni_go2/sub-007S4611/ses-m12/anat/sub-007S4611_ses-m12_acq-3Taccel_T1w.nii.gz,2,MCI,bids_adni_go2
007_S_4611,m24,2014-03-14,/project/rrg-mchakrav-ab/moncia/ADNI/bids_adni_go2/sub-007S4611/ses-m24/anat/sub-007S4611_ses-m24_acq-3Taccel_T1w.nii.gz,2,MCI,bids_adni_go2
007_S_4611,m48,2016-03-14,/project/rrg-mchakrav-ab/moncia/ADNI/bids_adni_go2/sub-007S4611/ses-m48/anat/sub-007S4611_ses-m48_acq-3Taccel_T1w.nii.gz,2,MCI,bids_adni_go2
007_S_6341,sc,2018-04-30,/project/rrg-mchakrav-ab/moncia/ADNI/bids_adni3/sub-007S6341/ses-sc/anat/sub-007S6341_ses-sc_acq-3T_T1w.nii.gz,2,MCI,bids_adni3
007_S_6341,m12,2019-04-30,/project/rrg-mchakrav-ab/moncia/ADNI/bids_adni3/sub-007S6341/ses-m12/anat/sub-007S6341_ses-m12_acq-3T_T1w.nii.gz,2,MCI,bids_adni3
007_S_6341,m24,2020-04-29,/project/rrg-mchakrav-ab/moncia/ADNI/bids_adni3/sub-007S6341/ses-m24/anat/sub-007S6341_ses-m24_acq-3T_T1w.nii.gz,2,MCI,bids_adni3
007_S_6341,m36,2021-04-29,/project/rrg-mchakrav-ab/moncia/ADNI/bids_adni3/sub-007S6341/ses-m36/anat/sub-007S6341_ses-m36_acq-3T_T1w.nii.gz,3,Dementia,bids_adni3
009_S_1030,sc,2006-11-13,/project/rrg-mchakrav-ab/moncia/ADNI/bids_adni1/sub-009S1030/ses-sc/anat/sub-009S1030_ses-sc_acq-15T_T1w.nii.gz,2,MCI,bids_adni1
009_S_1030,m06,2007-05-14,/project/rrg-mchakrav-ab/moncia/ADNI/bids_adni1/sub-009S1030/ses-m06/anat/sub-009S1030_ses-m06_acq-15T_T1w.nii.gz,2,MCI,bids_adni1
009_S_1030,m18,2008-05-13,/project/rrg-mchakrav-ab/moncia/ADNI/bids_adni1/sub-009S1030/ses-m18/anat/sub-009S1030_ses-m18_acq-15T_T1w.nii.gz,2,MCI,bids_adni1
009_S_1030,m36,2009-11-12,/project/rrg-mchakrav-ab/moncia/ADNI/bids_adni1/sub-009S1030/ses-m36/anat/sub-009S1030_ses-m36_acq-15T_T1w.nii.gz,2,MCI,bids_adni1
009_S_1030,m60,2011-11-13,/project/rrg-mchakrav-ab/moncia/ADNI/bids_adni_go2/sub-009S1030/ses-m60/anat/sub-009S1030_ses-m60_acq-3Taccel_T1w.nii.gz,3,Dementia,bids_adni_go2
009_S_1030,m72,2012-11-12,/project/rrg-mchakrav-ab/moncia/ADNI/bids_adni_go2/sub-009S1030/ses-m72/anat/sub-009S1030_ses-m72_acq-3Taccel_T1w.nii.gz,3,Dementia,bids_adni_go2
009_S_1030,m84,2013-11-12,/project/rrg-mchakrav-ab/moncia/ADNI/bids_adni_go2/sub-009S1030/ses-m84/anat/sub-009S1030_ses-m84_acq-3Taccel_T1w.nii.gz,3,Dementia,bids_adni_go2
009_S_1030,m96,2014-11-13,/project/rrg-mchakrav-ab/moncia/ADNI/bids_adni_go2/sub-009S1030/ses-m96/anat/sub-009S1030_ses-m96_acq-3Taccel_T1w.nii.gz,3,Dementia,bids_adni_go2
009_S_2208,m03,2011-05-24,/project/rrg-mchakrav-ab/moncia/ADNI/bids_adni_go2/sub-009S2208/ses-m03/anat/sub-009S2208_ses-m03_acq-3Taccel_T1w.nii.gz,2,MCI,bids_adni_go2
009_S_2208,m06,2011-08-23,/project/rrg-mchakrav-ab/moncia/ADNI/bids_adni_go2/sub-009S2208/ses-m06/anat/sub-009S2208_ses-m06_acq-3Taccel_T1w.nii.gz,2,MCI,bids_adni_go2
009_S_2208,m12,2012-02-22,/project/rrg-mchakrav-ab/moncia/ADNI/bids_adni_go2/sub-009S2208/ses-m12/anat/sub-009S2208_ses-m12_acq-3Taccel_T1w.nii.gz,2,MCI,bids_adni_go2
009_S_2208,m24,2013-02-21,/project/rrg-mchakrav-ab/moncia/ADNI/bids_adni_go2/sub-009S2208/ses-m24/anat/sub-009S2208_ses-m24_acq-3Taccel_T1w.nii.gz,2,MCI,bids_adni_go2
009_S_2208,m36,2014-02-21,/project/rrg-mchakrav-ab/moncia/ADNI/bids_adni_go2/sub-009S2208/ses-m36/anat/sub-009S2208_ses-m36_acq-3Taccel_T1w.nii.gz,2,MCI,bids_adni_go2
009_S_2208,m48,2015-02-22,/project/rrg-mchakrav-ab/moncia/ADNI/bids_adni_go2/sub-009S2208/ses-m48/anat/sub-009S2208_ses-m48_acq-3Taccel_T1w.nii.gz,2,MCI,bids_adni_go2
009_S_2381,m03,2011-09-23,/project/rrg-mchakrav-ab/moncia/ADNI/bids_adni_go2/sub-009S2381/ses-m03/anat/sub-009S2381_ses-m03_acq-3Taccel_T1w.nii.gz,2,MCI,bids_adni_go2
009_S_2381,m06,2011-12-23,/project/rrg-mchakrav-ab/moncia/ADNI/bids_adni_go2/sub-009S2381/ses-m06/anat/sub-009S2381_ses-m06_acq-3Taccel_T1w.nii.gz,2,MCI,bids_adni_go2
009_S_2381,m12,2012-06-23,/project/rrg-mchakrav-ab/moncia/ADNI/bids_adni_go2/sub-009S2381/ses-m12/anat/sub-009S2381_ses-m12_acq-3Taccel_T1w.nii.gz,2,MCI,bids_adni_go2
009_S_2381,m24,2013-06-23,/project/rrg-mchakrav-ab/moncia/ADNI/bids_adni_go2/sub-009S2381/ses-m24/anat/sub-009S2381_ses-m24_acq-3Taccel_T1w.nii.gz,3,Dementia,bids_adni_go2
009_S_2381,m48,2015-06-24,/project/rrg-mchakrav-ab/moncia/ADNI/bids_adni_go2/sub-009S2381/ses-m48/anat/sub-009S2381_ses-m48_acq-3Taccel_T1w.nii.gz,3,Dementia,bids_adni_go2
009_S_4324,m03,2012-01-25,/project/rrg-mchakrav-ab/moncia/ADNI/bids_adni_go2/sub-009S4324/ses-m03/anat/sub-009S4324_ses-m03_acq-3Taccel_T1w.nii.gz,2,MCI,bids_adni_go2
009_S_4324,m06,2012-04-25,/project/rrg-mchakrav-ab/moncia/ADNI/bids_adni_go2/sub-009S4324/ses-m06/anat/sub-009S4324_ses-m06_acq-3Taccel_T1w.nii.gz,2,MCI,bids_adni_go2
009_S_4324,m12,2012-10-25,/project/rrg-mchakrav-ab/moncia/ADNI/bids_adni_go2/sub-009S4324/ses-m12/anat/sub-009S4324_ses-m12_acq-3Taccel_T1w.nii.gz,2,MCI,bids_adni_go2
009_S_4324,m24,2013-10-25,/project/rrg-mchakrav-ab/moncia/ADNI/bids_adni_go2/sub-009S4324/ses-m24/anat/sub-009S4324_ses-m24_acq-3Taccel_T1w.nii.gz,3,Dementia,bids_adni_go2
009_S_4324,m48,2015-10-26,/project/rrg-mchakrav-ab/moncia/ADNI/bids_adni_go2/sub-009S4324/ses-m48/anat/sub-009S4324_ses-m48_acq-3Taccel_T1w.nii.gz,3,Dementia,bids_adni_go2
009_S_4324,m78,2018-04-26,/project/rrg-mchakrav-ab/moncia/ADNI/bids_adni3/sub-009S4324/ses-m78/anat/sub-009S4324_ses-m78_acq-3T_T1w.nii.gz,3,Dementia,bids_adni3
009_S_4324,m90,2019-04-26,/project/rrg-mchakrav-ab/moncia/ADNI/bids_adni3/sub-009S4324/ses-m90/anat/sub-009S4324_ses-m90_acq-3T_T1w.nii.gz,3,Dementia,bids_adni3
009_S_4359,m03,2012-02-17,/project/rrg-mchakrav-ab/moncia/ADNI/bids_adni_go2/sub-009S4359/ses-m03/anat/sub-009S4359_ses-m03_acq-3Taccel_T1w.nii.gz,2,MCI,bids_adni_go2
009_S_4359,m06,2012-05-18,/project/rrg-mchakrav-ab/moncia/ADNI/bids_adni_go2/sub-009S4359/ses-m06/anat/sub-009S4359_ses-m06_acq-3Taccel_T1w.nii.gz,2,MCI,bids_adni_go2
009_S_4359,m12,2012-11-17,/project/rrg-mchakrav-ab/moncia/ADNI/bids_adni_go2/sub-009S4359/ses-m12/anat/sub-009S4359_ses-m12_acq-3Taccel_T1w.nii.gz,2,MCI,bids_adni_go2
009_S_4359,m24,2013-11-17,/project/rrg-mchakrav-ab/moncia/ADNI/bids_adni_go2/sub-009S4359/ses-m24/anat/sub-009S4359_ses-m24_acq-3Taccel_T1w.nii.gz,2,MCI,bids_adni_go2
009_S_4359,m48,2015-11-18,/project/rrg-mchakrav-ab/moncia/ADNI/bids_adni_go2/sub-009S4359/ses-m48/anat/sub-009S4359_ses-m48_acq-3Taccel_T1w.nii.gz,2,MCI,bids_adni_go2
009_S_4530,m03,2012-05-07,/project/rrg-mchakrav-ab/moncia/ADNI/bids_adni_go2/sub-009S4530/ses-m03/anat/sub-009S4530_ses-m03_acq-3Taccel_T1w.nii.gz,2,MCI,bids_adni_go2
009_S_4530,m06,2012-08-06,/project/rrg-mchakrav-ab/moncia/ADNI/bids_adni_go2/sub-009S4530/ses-m06/anat/sub-009S4530_ses-m06_acq-3Taccel_T1w.nii.gz,3,Dementia,bids_adni_go2
009_S_4530,m12,2013-02-05,/project/rrg-mchakrav-ab/moncia/ADNI/bids_adni_go2/sub-009S4530/ses-m12/anat/sub-009S4530_ses-m12_acq-3Taccel_T1w.nii.gz,3,Dementia,bids_adni_go2
009_S_4543,m03,2012-05-13,/project/rrg-mchakrav-ab/moncia/ADNI/bids_adni_go2/sub-009S4543/ses-m03/anat/sub-009S4543_ses-m03_acq-3Taccel_T1w.nii.gz,2,MCI,bids_adni_go2
009_S_4543,m06,2012-08-12,/project/rrg-mchakrav-ab/moncia/ADNI/bids_adni_go2/sub-009S4543/ses-m06/anat/sub-009S4543_ses-m06_acq-3Taccel_T1w.nii.gz,2,MCI,bids_adni_go2
009_S_4543,m12,2013-02-11,/project/rrg-mchakrav-ab/moncia/ADNI/bids_adni_go2/sub-009S4543/ses-m12/anat/sub-009S4543_ses-m12_acq-3Taccel_T1w.nii.gz,2,MCI,bids_adni_go2
009_S_4543,m24,2014-02-11,/project/rrg-mchakrav-ab/moncia/ADNI/bids_adni_go2/sub-009S4543/ses-m24/anat/sub-009S4543_ses-m24_acq-3Taccel_T1w.nii.gz,1,CN,bids_adni_go2
009_S_4543,m48,2016-02-12,/project/rrg-mchakrav-ab/moncia/ADNI/bids_adni_go2/sub-009S4543/ses-m48/anat/sub-009S4543_ses-m48_acq-3Taccel_T1w.nii.gz,1,CN,bids_adni_go2
009_S_4741,m03,2012-08-20,/project/rrg-mchakrav-ab/moncia/ADNI/bids_adni_go2/sub-009S4741/ses-m03/anat/sub-009S4741_ses-m03_acq-3Taccel_T1w.nii.gz,2,MCI,bids_adni_go2
009_S_4741,m06,2012-11-19,/project/rrg-mchakrav-ab/moncia/ADNI/bids_adni_go2/sub-009S4741/ses-m06/anat/sub-009S4741_ses-m06_acq-3Taccel_T1w.nii.gz,3,Dementia,bids_adni_go2
009_S_4741,m12,2013-05-21,/project/rrg-mchakrav-ab/moncia/ADNI/bids_adni_go2/sub-009S4741/ses-m12/anat/sub-009S4741_ses-m12_acq-3Taccel_T1w.nii.gz,2,MCI,bids_adni_go2
009_S_4741,m24,2014-05-21,/project/rrg-mchakrav-ab/moncia/ADNI/bids_adni_go2/sub-009S4741/ses-m24/anat/sub-009S4741_ses-m24_acq-3Taccel_T1w.nii.gz,3,Dementia,bids_adni_go2
009_S_4741,m48,2016-05-21,/project/rrg-mchakrav-ab/moncia/ADNI/bids_adni_go2/sub-009S4741/ses-m48/anat/sub-009S4741_ses-m48_acq-3Taccel_T1w.nii.gz,3,Dementia,bids_adni_go2
009_S_4814,m03,2012-09-17,/project/rrg-mchakrav-ab/moncia/ADNI/bids_adni_go2/sub-009S4814/ses-m03/anat/sub-009S4814_ses-m03_acq-3Taccel_T1w.nii.gz,2,MCI,bids_adni_go2
009_S_4814,m06,2012-12-17,/project/rrg-mchakrav-ab/moncia/ADNI/bids_adni_go2/sub-009S4814/ses-m06/anat/sub-009S4814_ses-m06_acq-3Taccel_T1w.nii.gz,2,MCI,bids_adni_go2
009_S_4814,m12,2013-06-18,/project/rrg-mchakrav-ab/moncia/ADNI/bids_adni_go2/sub-009S4814/ses-m12/anat/sub-009S4814_ses-m12_acq-3Taccel_T1w.nii.gz,2,MCI,bids_adni_go2
009_S_4903,m03,2012-11-07,/project/rrg-mchakrav-ab/moncia/ADNI/bids_adni_go2/sub-009S4903/ses-m03/anat/sub-009S4903_ses-m03_acq-3Taccel_T1w.nii.gz,2,MCI,bids_adni_go2
009_S_4903,m06,2013-02-06,/project/rrg-mchakrav-ab/moncia/ADNI/bids_adni_go2/sub-009S4903/ses-m06/anat/sub-009S4903_ses-m06_acq-3Taccel_T1w.nii.gz,2,MCI,bids_adni_go2
009_S_4903,m12,2013-08-08,/project/rrg-mchakrav-ab/moncia/ADNI/bids_adni_go2/sub-009S4903/ses-m12/anat/sub-009S4903_ses-m12_acq-3Taccel_T1w.nii.gz,2,MCI,bids_adni_go2
009_S_4958,m03,2012-12-24,/project/rrg-mchakrav-ab/moncia/ADNI/bids_adni_go2/sub-009S4958/ses-m03/anat/sub-009S4958_ses-m03_acq-3Taccel_T1w.nii.gz,2,MCI,bids_adni_go2
009_S_4958,m06,2013-03-25,/project/rrg-mchakrav-ab/moncia/ADNI/bids_adni_go2/sub-009S4958/ses-m06/anat/sub-009S4958_ses-m06_acq-3Taccel_T1w.nii.gz,3,Dementia,bids_adni_go2
009_S_4958,m12,2013-09-24,/project/rrg-mchakrav-ab/moncia/ADNI/bids_adni_go2/sub-009S4958/ses-m12/anat/sub-009S4958_ses-m12_acq-3Taccel_T1w.nii.gz,3,Dementia,bids_adni_go2
009_S_5000,m03,2013-01-18,/project/rrg-mchakrav-ab/moncia/ADNI/bids_adni_go2/sub-009S5000/ses-m03/anat/sub-009S5000_ses-m03_acq-3Taccel_T1w.nii.gz,2,MCI,bids_adni_go2
009_S_5000,m06,2013-04-19,/project/rrg-mchakrav-ab/moncia/ADNI/bids_adni_go2/sub-009S5000/ses-m06/anat/sub-009S5000_ses-m06_acq-3Taccel_T1w.nii.gz,2,MCI,bids_adni_go2
009_S_5000,m12,2013-10-19,/project/rrg-mchakrav-ab/moncia/ADNI/bids_adni_go2/sub-009S5000/ses-m12/anat/sub-009S5000_ses-m12_acq-3Taccel_T1w.nii.gz,2,MCI,bids_adni_go2
009_S_5000,m24,2014-10-19,/project/rrg-mchakrav-ab/moncia/ADNI/bids_adni_go2/sub-009S5000/ses-m24/anat/sub-009S5000_ses-m24_acq-3Taccel_T1w.nii.gz,2,MCI,bids_adni_go2
010_S_0422,sc,2006-09-15,/project/rrg-mchakrav-ab/moncia/ADNI/bids_adni1/sub-010S0422/ses-sc/anat/sub-010S0422_ses-sc_acq-15T_T1w.nii.gz,2,MCI,bids_adni1
010_S_0422,m06,2007-03-16,/project/rrg-mchakrav-ab/moncia/ADNI/bids_adni1/sub-010S0422/ses-m06/anat/sub-010S0422_ses-m06_acq-15T_T1w.nii.gz,2,MCI,bids_adni1
010_S_0422,m24,2008-09-14,/project/rrg-mchakrav-ab/moncia/ADNI/bids_adni1/sub-010S0422/ses-m24/anat/sub-010S0422_ses-m24_acq-15T_T1w.nii.gz,1,CN,bids_adni1
010_S_0422,m36,2009-09-14,/project/rrg-mchakrav-ab/moncia/ADNI/bids_adni1/sub-010S0422/ses-m36/anat/sub-010S0422_ses-m36_acq-15T_T1w.nii.gz,1,CN,bids_adni1
010_S_0904,sc,2006-12-19,/project/rrg-mchakrav-ab/moncia/ADNI/bids_adni1/sub-010S0904/ses-sc/anat/sub-010S0904_ses-sc_acq-15T_T1w.nii.gz,2,MCI,bids_adni1
010_S_0904,m18,2008-06-18,/project/rrg-mchakrav-ab/moncia/ADNI/bids_adni1/sub-010S0904/ses-m18/anat/sub-010S0904_ses-m18_acq-15T_T1w.nii.gz,2,MCI,bids_adni1
010_S_0904,m24,2008-12-18,/project/rrg-mchakrav-ab/moncia/ADNI/bids_adni1/sub-010S0904/ses-m24/anat/sub-010S0904_ses-m24_acq-15T_T1w.nii.gz,3,Dementia,bids_adni1
010_S_6748,sc,2019-07-09,/project/rrg-mchakrav-ab/moncia/ADNI/bids_adni3/sub-010S6748/ses-sc/anat/sub-010S6748_ses-sc_acq-3T_T1w.nii.gz,2,MCI,bids_adni3
010_S_6748,m24,2021-07-08,/project/rrg-mchakrav-ab/moncia/ADNI/bids_adni3/sub-010S6748/ses-m24/anat/sub-010S6748_ses-m24_acq-3T_T1w.nii.gz,2,MCI,bids_adni3
010_S_6748,m72,2025-07-08,/project/rrg-mchakrav-ab/moncia/ADNI/bids_adni4_qc/sub-010S6748/ses-m72/anat/sub-010S6748_ses-m72_acq-3Taccel_T1w.nii.gz,2,MCI,bids_adni4_qc
011_S_0168,sc,2006-02-20,/project/rrg-mchakrav-ab/moncia/ADNI/bids_adni1/sub-011S0168/ses-sc/anat/sub-011S0168_ses-sc_acq-15T_T1w.nii.gz,2,MCI,bids_adni1
011_S_0168,m06,2006-08-21,/project/rrg-mchakrav-ab/moncia/ADNI/bids_adni1/sub-011S0168/ses-m06/anat/sub-011S0168_ses-m06_acq-15T_T1w.nii.gz,1,CN,bids_adni1
011_S_0241,sc,2006-03-28,/project/rrg-mchakrav-ab/moncia/ADNI/bids_adni1/sub-011S0241/ses-sc/anat/sub-011S0241_ses-sc_acq-15T_T1w.nii.gz,2,MCI,bids_adni1
011_S_0241,m06,2006-09-26,/project/rrg-mchakrav-ab/moncia/ADNI/bids_adni1/sub-011S0241/ses-m06/anat/sub-011S0241_ses-m06_acq-15T_T1w.nii.gz,3,Dementia,bids_adni1
011_S_0241,m12,2007-03-28,/project/rrg-mchakrav-ab/moncia/ADNI/bids_adni1/sub-011S0241/ses-m12/anat/sub-011S0241_ses-m12_acq-15T_T1w.nii.gz,3,Dementia,bids_adni1
011_S_0241,m18,2007-09-26,/project/rrg-mchakrav-ab/moncia/ADNI/bids_adni1/sub-011S0241/ses-m18/anat/sub-011S0241_ses-m18_acq-15T_T1w.nii.gz,3,Dementia,bids_adni1
011_S_0241,m24,2008-03-27,/project/rrg-mchakrav-ab/moncia/ADNI/bids_adni1/sub-011S0241/ses-m24/anat/sub-011S0241_ses-m24_acq-15T_T1w.nii.gz,3,Dementia,bids_adni1
011_S_0241,m36,2009-03-27,/project/rrg-mchakrav-ab/moncia/ADNI/bids_adni1/sub-011S0241/ses-m36/anat/sub-011S0241_ses-m36_acq-15T_T1w.nii.gz,3,Dementia,bids_adni1
011_S_0326,sc,2006-04-07,/project/rrg-mchakrav-ab/moncia/ADNI/bids_adni1/sub-011S0326/ses-sc/anat/sub-011S0326_ses-sc_acq-15T_T1w.nii.gz,2,MCI,bids_adni1
011_S_0326,m06,2006-10-06,/project/rrg-mchakrav-ab/moncia/ADNI/bids_adni1/sub-011S0326/ses-m06/anat/sub-011S0326_ses-m06_acq-15T_T1w.nii.gz,2,MCI,bids_adni1
011_S_0326,m12,2007-04-07,/project/rrg-mchakrav-ab/moncia/ADNI/bids_adni1/sub-011S0326/ses-m12/anat/sub-011S0326_ses-m12_acq-15T_T1w.nii.gz,2,MCI,bids_adni1
011_S_0326,m36,2009-04-06,/project/rrg-mchakrav-ab/moncia/ADNI/bids_adni1/sub-011S0326/ses-m36/anat/sub-011S0326_ses-m36_acq-15T_T1w.nii.gz,3,Dementia,bids_adni1
011_S_0362,m06,2006-11-17,/project/rrg-mchakrav-ab/moncia/ADNI/bids_adni1/sub-011S0362/ses-m06/anat/sub-011S0362_ses-m06_acq-15T_T1w.nii.gz,2,MCI,bids_adni1
011_S_0362,m12,2007-05-19,/project/rrg-mchakrav-ab/moncia/ADNI/bids_adni1/sub-011S0362/ses-m12/anat/sub-011S0362_ses-m12_acq-15T_T1w.nii.gz,2,MCI,bids_adni1
011_S_0362,m18,2007-11-17,/project/rrg-mchakrav-ab/moncia/ADNI/bids_adni1/sub-011S0362/ses-m18/anat/sub-011S0362_ses-m18_acq-15T_T1w.nii.gz,2,MCI,bids_adni1
011_S_0362,m24,2008-05-18,/project/rrg-mchakrav-ab/moncia/ADNI/bids_adni1/sub-011S0362/ses-m24/anat/sub-011S0362_ses-m24_acq-15T_T1w.nii.gz,2,MCI,bids_adni1
011_S_0362,m36,2009-05-18,/project/rrg-mchakrav-ab/moncia/ADNI/bids_adni1/sub-011S0362/ses-m36/anat/sub-011S0362_ses-m36_acq-15T_T1w.nii.gz,3,Dementia,bids_adni1
011_S_0856,sc,2006-09-29,/project/rrg-mchakrav-ab/moncia/ADNI/bids_adni1/sub-011S0856/ses-sc/anat/sub-011S0856_ses-sc_acq-15T_T1w.nii.gz,2,MCI,bids_adni1
011_S_0856,m06,2007-03-30,/project/rrg-mchakrav-ab/moncia/ADNI/bids_adni1/sub-011S0856/ses-m06/anat/sub-011S0856_ses-m06_acq-15T_T1w.nii.gz,3,Dementia,bids_adni1
011_S_0856,m24,2008-09-28,/project/rrg-mchakrav-ab/moncia/ADNI/bids_adni1/sub-011S0856/ses-m24/anat/sub-011S0856_ses-m24_acq-15T_T1w.nii.gz,3,Dementia,bids_adni1
011_S_0861,sc,2006-10-05,/project/rrg-mchakrav-ab/moncia/ADNI/bids_adni1/sub-011S0861/ses-sc/anat/sub-011S0861_ses-sc_acq-15T_T1w.nii.gz,2,MCI,bids_adni1
011_S_0861,m06,2007-04-05,/project/rrg-mchakrav-ab/moncia/ADNI/bids_adni1/sub-011S0861/ses-m06/anat/sub-011S0861_ses-m06_acq-15T_T1w.nii.gz,2,MCI,bids_adni1
011_S_0861,m18,2008-04-04,/project/rrg-mchakrav-ab/moncia/ADNI/bids_adni1/sub-011S0861/ses-m18/anat/sub-011S0861_ses-m18_acq-15T_T1w.nii.gz,3,Dementia,bids_adni1
011_S_0861,m24,2008-10-04,/project/rrg-mchakrav-ab/moncia/ADNI/bids_adni1/sub-011S0861/ses-m24/anat/sub-011S0861_ses-m24_acq-15T_T1w.nii.gz,3,Dementia,bids_adni1
011_S_0861,m36,2009-10-04,/project/rrg-mchakrav-ab/moncia/ADNI/bids_adni1/sub-011S0861/ses-m36/anat/sub-011S0861_ses-m36_acq-15T_T1w.nii.gz,3,Dementia,bids_adni1
011_S_1080,sc,2006-12-08,/project/rrg-mchakrav-ab/moncia/ADNI/bids_adni1/sub-011S1080/ses-sc/anat/sub-011S1080_ses-sc_acq-15T_T1w.nii.gz,2,MCI,bids_adni1
011_S_1080,m06,2007-06-08,/project/rrg-mchakrav-ab/moncia/ADNI/bids_adni1/sub-011S1080/ses-m06/anat/sub-011S1080_ses-m06_acq-15T_T1w.nii.gz,2,MCI,bids_adni1
011_S_1080,m12,2007-12-08,/project/rrg-mchakrav-ab/moncia/ADNI/bids_adni1/sub-011S1080/ses-m12/anat/sub-011S1080_ses-m12_acq-15T_T1w.nii.gz,2,MCI,bids_adni1
011_S_1080,m18,2008-06-07,/project/rrg-mchakrav-ab/moncia/ADNI/bids_adni1/sub-011S1080/ses-m18/anat/sub-011S1080_ses-m18_acq-15T_T1w.nii.gz,2,MCI,bids_adni1
011_S_1080,m24,2008-12-07,/project/rrg-mchakrav-ab/moncia/ADNI/bids_adni1/sub-011S1080/ses-m24/anat/sub-011S1080_ses-m24_acq-15T_T1w.nii.gz,2,MCI,bids_adni1
011_S_1080,m36,2009-12-07,/project/rrg-mchakrav-ab/moncia/ADNI/bids_adni1/sub-011S1080/ses-m36/anat/sub-011S1080_ses-m36_acq-15T_T1w.nii.gz,2,MCI,bids_adni1
011_S_1080,m48,2010-12-08,/project/rrg-mchakrav-ab/moncia/ADNI/bids_adni_go2/sub-011S1080/ses-m48/anat/sub-011S1080_ses-m48_acq-3Tunaccel_T1w.nii.gz,3,Dementia,bids_adni_go2
011_S_1282,sc,2007-02-26,/project/rrg-mchakrav-ab/moncia/ADNI/bids_adni1/sub-011S1282/ses-sc/anat/sub-011S1282_ses-sc_acq-15T_T1w.nii.gz,2,MCI,bids_adni1
011_S_1282,m06,2007-08-27,/project/rrg-mchakrav-ab/moncia/ADNI/bids_adni1/sub-011S1282/ses-m06/anat/sub-011S1282_ses-m06_acq-15T_T1w.nii.gz,2,MCI,bids_adni1
011_S_1282,m12,2008-02-26,/project/rrg-mchakrav-ab/moncia/ADNI/bids_adni1/sub-011S1282/ses-m12/anat/sub-011S1282_ses-m12_acq-15T_T1w.nii.gz,3,Dementia,bids_adni1
011_S_1282,m18,2008-08-26,/project/rrg-mchakrav-ab/moncia/ADNI/bids_adni1/sub-011S1282/ses-m18/anat/sub-011S1282_ses-m18_acq-15T_T1w.nii.gz,3,Dementia,bids_adni1
011_S_1282,m24,2009-02-25,/project/rrg-mchakrav-ab/moncia/ADNI/bids_adni1/sub-011S1282/ses-m24/anat/sub-011S1282_ses-m24_acq-15T_T1w.nii.gz,3,Dementia,bids_adni1
011_S_1282,m48,2011-02-26,/project/rrg-mchakrav-ab/moncia/ADNI/bids_adni_go2/sub-011S1282/ses-m48/anat/sub-011S1282_ses-m48_acq-3Taccel_T1w.nii.gz,3,Dementia,bids_adni_go2
011_S_2274,m03,2011-05-12,/project/rrg-mchakrav-ab/moncia/ADNI/bids_adni_go2/sub-011S2274/ses-m03/anat/sub-011S2274_ses-m03_acq-3Taccel_T1w.nii.gz,2,MCI,bids_adni_go2
011_S_2274,m06,2011-08-11,/project/rrg-mchakrav-ab/moncia/ADNI/bids_adni_go2/sub-011S2274/ses-m06/anat/sub-011S2274_ses-m06_acq-3Taccel_T1w.nii.gz,2,MCI,bids_adni_go2
011_S_2274,m12,2012-02-10,/project/rrg-mchakrav-ab/moncia/ADNI/bids_adni_go2/sub-011S2274/ses-m12/anat/sub-011S2274_ses-m12_acq-3Taccel_T1w.nii.gz,3,Dementia,bids_adni_go2
011_S_2274,m24,2013-02-09,/project/rrg-mchakrav-ab/moncia/ADNI/bids_adni_go2/sub-011S2274/ses-m24/anat/sub-011S2274_ses-m24_acq-3Taccel_T1w.nii.gz,2,MCI,bids_adni_go2
011_S_2274,m36,2014-02-09,/project/rrg-mchakrav-ab/moncia/ADNI/bids_adni_go2/sub-011S2274/ses-m36/anat/sub-011S2274_ses-m36_acq-3Taccel_T1w.nii.gz,2,MCI,bids_adni_go2
011_S_2274,m48,2015-02-10,/project/rrg-mchakrav-ab/moncia/ADNI/bids_adni_go2/sub-011S2274/ses-m48/anat/sub-011S2274_ses-m48_acq-3Taccel_T1w.nii.gz,3,Dementia,bids_adni_go2
011_S_4235,m03,2011-12-07,/project/rrg-mchakrav-ab/moncia/ADNI/bids_adni_go2/sub-011S4235/ses-m03/anat/sub-011S4235_ses-m03_acq-3Taccel_T1w.nii.gz,2,MCI,bids_adni_go2
011_S_4235,m06,2012-03-07,/project/rrg-mchakrav-ab/moncia/ADNI/bids_adni_go2/sub-011S4235/ses-m06/anat/sub-011S4235_ses-m06_acq-3Taccel_T1w.nii.gz,2,MCI,bids_adni_go2
011_S_4235,m12,2012-09-06,/project/rrg-mchakrav-ab/moncia/ADNI/bids_adni_go2/sub-011S4235/ses-m12/anat/sub-011S4235_ses-m12_acq-3Taccel_T1w.nii.gz,2,MCI,bids_adni_go2
011_S_4235,m24,2013-09-06,/project/rrg-mchakrav-ab/moncia/ADNI/bids_adni_go2/sub-011S4235/ses-m24/anat/sub-011S4235_ses-m24_acq-3Taccel_T1w.nii.gz,2,MCI,bids_adni_go2
011_S_4235,m48,2015-09-07,/project/rrg-mchakrav-ab/moncia/ADNI/bids_adni_go2/sub-011S4235/ses-m48/anat/sub-011S4235_ses-m48_acq-3Taccel_T1w.nii.gz,2,MCI,bids_adni_go2
011_S_4366,m03,2012-02-06,/project/rrg-mchakrav-ab/moncia/ADNI/bids_adni_go2/sub-011S4366/ses-m03/anat/sub-011S4366_ses-m03_acq-3Taccel_T1w.nii.gz,2,MCI,bids_adni_go2
011_S_4366,m06,2012-05-07,/project/rrg-mchakrav-ab/moncia/ADNI/bids_adni_go2/sub-011S4366/ses-m06/anat/sub-011S4366_ses-m06_acq-3Taccel_T1w.nii.gz,2,MCI,bids_adni_go2
011_S_4366,m12,2012-11-06,/project/rrg-mchakrav-ab/moncia/ADNI/bids_adni_go2/sub-011S4366/ses-m12/anat/sub-011S4366_ses-m12_acq-3Taccel_T1w.nii.gz,3,Dementia,bids_adni_go2
011_S_4547,m03,2012-05-14,/project/rrg-mchakrav-ab/moncia/ADNI/bids_adni_go2/sub-011S4547/ses-m03/anat/sub-011S4547_ses-m03_acq-3Taccel_T1w.nii.gz,2,MCI,bids_adni_go2
011_S_4547,m06,2012-08-13,/project/rrg-mchakrav-ab/moncia/ADNI/bids_adni_go2/sub-011S4547/ses-m06/anat/sub-011S4547_ses-m06_acq-3Taccel_T1w.nii.gz,2,MCI,bids_adni_go2
011_S_4547,m12,2013-02-12,/project/rrg-mchakrav-ab/moncia/ADNI/bids_adni_go2/sub-011S4547/ses-m12/anat/sub-011S4547_ses-m12_acq-3Taccel_T1w.nii.gz,2,MCI,bids_adni_go2
011_S_4547,m24,2014-02-12,/project/rrg-mchakrav-ab/moncia/ADNI/bids_adni_go2/sub-011S4547/ses-m24/anat/sub-011S4547_ses-m24_acq-3Taccel_T1w.nii.gz,2,MCI,bids_adni_go2
011_S_4547,m48,2016-02-13,/project/rrg-mchakrav-ab/moncia/ADNI/bids_adni_go2/sub-011S4547/ses-m48/anat/sub-011S4547_ses-m48_acq-3Taccel_T1w.nii.gz,2,MCI,bids_adni_go2
011_S_4547,m66,2017-08-14,/project/rrg-mchakrav-ab/moncia/ADNI/bids_adni3/sub-011S4547/ses-m66/anat/sub-011S4547_ses-m66_acq-3T_T1w.nii.gz,3,Dementia,bids_adni3
011_S_4893,m03,2012-10-30,/project/rrg-mchakrav-ab/moncia/ADNI/bids_adni_go2/sub-011S4893/ses-m03/anat/sub-011S4893_ses-m03_acq-3Taccel_T1w.nii.gz,2,MCI,bids_adni_go2
011_S_4893,m06,2013-01-29,/project/rrg-mchakrav-ab/moncia/ADNI/bids_adni_go2/sub-011S4893/ses-m06/anat/sub-011S4893_ses-m06_acq-3Taccel_T1w.nii.gz,2,MCI,bids_adni_go2
011_S_4893,m12,2013-07-31,/project/rrg-mchakrav-ab/moncia/ADNI/bids_adni_go2/sub-011S4893/ses-m12/anat/sub-011S4893_ses-m12_acq-3Taccel_T1w.nii.gz,2,MCI,bids_adni_go2
011_S_4893,m24,2014-07-31,/project/rrg-mchakrav-ab/moncia/ADNI/bids_adni_go2/sub-011S4893/ses-m24/anat/sub-011S4893_ses-m24_acq-3Taccel_T1w.nii.gz,2,MCI,bids_adni_go2
011_S_4893,m48,2016-07-31,/project/rrg-mchakrav-ab/moncia/ADNI/bids_adni_go2/sub-011S4893/ses-m48/anat/sub-011S4893_ses-m48_acq-3Taccel_T1w.nii.gz,3,Dementia,bids_adni_go2
011_S_4893,m60,2017-07-31,/project/rrg-mchakrav-ab/moncia/ADNI/bids_adni3/sub-011S4893/ses-m60/anat/sub-011S4893_ses-m60_acq-3T_T1w.nii.gz,3,Dementia,bids_adni3
012_S_0634,sc,2006-07-24,/project/rrg-mchakrav-ab/moncia/ADNI/bids_adni1/sub-012S0634/ses-sc/anat/sub-012S0634_ses-sc_acq-15T_T1w.nii.gz,2,MCI,bids_adni1
012_S_0634,m06,2007-01-22,/project/rrg-mchakrav-ab/moncia/ADNI/bids_adni1/sub-012S0634/ses-m06/anat/sub-012S0634_ses-m06_acq-15T_T1w.nii.gz,2,MCI,bids_adni1
012_S_0634,m12,2007-07-24,/project/rrg-mchakrav-ab/moncia/ADNI/bids_adni1/sub-012S0634/ses-m12/anat/sub-012S0634_ses-m12_acq-15T_T1w.nii.gz,2,MCI,bids_adni1
012_S_0634,m24,2008-07-23,/project/rrg-mchakrav-ab/moncia/ADNI/bids_adni1/sub-012S0634/ses-m24/anat/sub-012S0634_ses-m24_acq-15T_T1w.nii.gz,2,MCI,bids_adni1
012_S_0932,sc,2006-11-06,/project/rrg-mchakrav-ab/moncia/ADNI/bids_adni1/sub-012S0932/ses-sc/anat/sub-012S0932_ses-sc_acq-15T_T1w.nii.gz,2,MCI,bids_adni1
012_S_0932,m06,2007-05-07,/project/rrg-mchakrav-ab/moncia/ADNI/bids_adni1/sub-012S0932/ses-m06/anat/sub-012S0932_ses-m06_acq-15T_T1w.nii.gz,2,MCI,bids_adni1
012_S_0932,m18,2008-05-06,/project/rrg-mchakrav-ab/moncia/ADNI/bids_adni1/sub-012S0932/ses-m18/anat/sub-012S0932_ses-m18_acq-15T_T1w.nii.gz,2,MCI,bids_adni1
012_S_0932,m24,2008-11-05,/project/rrg-mchakrav-ab/moncia/ADNI/bids_adni1/sub-012S0932/ses-m24/anat/sub-012S0932_ses-m24_acq-15T_T1w.nii.gz,2,MCI,bids_adni1
012_S_1033,sc,2006-12-05,/project/rrg-mchakrav-ab/moncia/ADNI/bids_adni1/sub-012S1033/ses-sc/anat/sub-012S1033_ses-sc_acq-15T_T1w.nii.gz,2,MCI,bids_adni1
012_S_1033,m06,2007-06-05,/project/rrg-mchakrav-ab/moncia/ADNI/bids_adni1/sub-012S1033/ses-m06/anat/sub-012S1033_ses-m06_acq-15T_T1w.nii.gz,3,Dementia,bids_adni1
012_S_1033,m12,2007-12-05,/project/rrg-mchakrav-ab/moncia/ADNI/bids_adni1/sub-012S1033/ses-m12/anat/sub-012S1033_ses-m12_acq-15T_T1w.nii.gz,3,Dementia,bids_adni1
012_S_1165,sc,2007-01-18,/project/rrg-mchakrav-ab/moncia/ADNI/bids_adni1/sub-012S1165/ses-sc/anat/sub-012S1165_ses-sc_acq-15T_T1w.nii.gz,2,MCI,bids_adni1
012_S_1165,m06,2007-07-19,/project/rrg-mchakrav-ab/moncia/ADNI/bids_adni1/sub-012S1165/ses-m06/anat/sub-012S1165_ses-m06_acq-15T_T1w.nii.gz,2,MCI,bids_adni1
012_S_1165,m12,2008-01-18,/project/rrg-mchakrav-ab/moncia/ADNI/bids_adni1/sub-012S1165/ses-m12/anat/sub-012S1165_ses-m12_acq-15T_T1w.nii.gz,2,MCI,bids_adni1
012_S_1165,m18,2008-07-18,/project/rrg-mchakrav-ab/moncia/ADNI/bids_adni1/sub-012S1165/ses-m18/anat/sub-012S1165_ses-m18_acq-15T_T1w.nii.gz,2,MCI,bids_adni1
012_S_1165,m24,2009-01-17,/project/rrg-mchakrav-ab/moncia/ADNI/bids_adni1/sub-012S1165/ses-m24/anat/sub-012S1165_ses-m24_acq-15T_T1w.nii.gz,2,MCI,bids_adni1
012_S_1175,sc,2007-01-19,/project/rrg-mchakrav-ab/moncia/ADNI/bids_adni1/sub-012S1175/ses-sc/anat/sub-012S1175_ses-sc_acq-15T_T1w.nii.gz,2,MCI,bids_adni1
012_S_1175,m06,2007-07-20,/project/rrg-mchakrav-ab/moncia/ADNI/bids_adni1/sub-012S1175/ses-m06/anat/sub-012S1175_ses-m06_acq-15T_T1w.nii.gz,2,MCI,bids_adni1
012_S_1175,m18,2008-07-19,/project/rrg-mchakrav-ab/moncia/ADNI/bids_adni1/sub-012S1175/ses-m18/anat/sub-012S1175_ses-m18_acq-15T_T1w.nii.gz,2,MCI,bids_adni1
012_S_1175,m24,2009-01-18,/project/rrg-mchakrav-ab/moncia/ADNI/bids_adni1/sub-012S1175/ses-m24/anat/sub-012S1175_ses-m24_acq-15T_T1w.nii.gz,2,MCI,bids_adni1
012_S_1292,bl,2007-03-20,/project/rrg-mchakrav-ab/moncia/ADNI/bids_adni1/sub-012S1292/ses-bl/anat/sub-012S1292_ses-bl_acq-3T_T1w.nii.gz,2,MCI,bids_adni1
012_S_1292,sc,2007-03-20,/project/rrg-mchakrav-ab/moncia/ADNI/bids_adni1/sub-012S1292/ses-sc/anat/sub-012S1292_ses-sc_acq-15T_T1w.nii.gz,2,MCI,bids_adni1
012_S_1292,m18,2008-09-17,/project/rrg-mchakrav-ab/moncia/ADNI/bids_adni1/sub-012S1292/ses-m18/anat/sub-012S1292_ses-m18_acq-15T_T1w.nii.gz,3,Dementia,bids_adni1
012_S_1321,bl,2007-03-15,/project/rrg-mchakrav-ab/moncia/ADNI/bids_adni1/sub-012S1321/ses-bl/anat/sub-012S1321_ses-bl_acq-3T_T1w.nii.gz,2,MCI,bids_adni1
012_S_1321,sc,2007-03-15,/project/rrg-mchakrav-ab/moncia/ADNI/bids_adni1/sub-012S1321/ses-sc/anat/sub-012S1321_ses-sc_acq-15T_T1w.nii.gz,2,MCI,bids_adni1
012_S_1321,m12,2008-03-14,/project/rrg-mchakrav-ab/moncia/ADNI/bids_adni1/sub-012S1321/ses-m12/anat/sub-012S1321_ses-m12_acq-15T_T1w.nii.gz,2,MCI,bids_adni1
012_S_1321,m18,2008-09-12,/project/rrg-mchakrav-ab/moncia/ADNI/bids_adni1/sub-012S1321/ses-m18/anat/sub-012S1321_ses-m18_acq-15T_T1w.nii.gz,2,MCI,bids_adni1
012_S_1321,m24,2009-03-14,/project/rrg-mchakrav-ab/moncia/ADNI/bids_adni1/sub-012S1321/ses-m24/anat/sub-012S1321_ses-m24_acq-15T_T1w.nii.gz,2,MCI,bids_adni1
012_S_4012,m03,2011-06-21,/project/rrg-mchakrav-ab/moncia/ADNI/bids_adni_go2/sub-012S4012/ses-m03/anat/sub-012S4012_ses-m03_acq-3Taccel_T1w.nii.gz,2,MCI,bids_adni_go2
012_S_4012,m06,2011-09-20,/project/rrg-mchakrav-ab/moncia/ADNI/bids_adni_go2/sub-012S4012/ses-m06/anat/sub-012S4012_ses-m06_acq-3Taccel_T1w.nii.gz,2,MCI,bids_adni_go2
012_S_4012,m12,2012-03-21,/project/rrg-mchakrav-ab/moncia/ADNI/bids_adni_go2/sub-012S4012/ses-m12/anat/sub-012S4012_ses-m12_acq-3Taccel_T1w.nii.gz,2,MCI,bids_adni_go2
012_S_4012,m24,2013-03-21,/project/rrg-mchakrav-ab/moncia/ADNI/bids_adni_go2/sub-012S4012/ses-m24/anat/sub-012S4012_ses-m24_acq-3Taccel_T1w.nii.gz,2,MCI,bids_adni_go2
012_S_4012,m48,2015-03-22,/project/rrg-mchakrav-ab/moncia/ADNI/bids_adni_go2/sub-012S4012/ses-m48/anat/sub-012S4012_ses-m48_acq-3Taccel_T1w.nii.gz,2,MCI,bids_adni_go2
012_S_4094,m03,2011-09-20,/project/rrg-mchakrav-ab/moncia/ADNI/bids_adni_go2/sub-012S4094/ses-m03/anat/sub-012S4094_ses-m03_acq-3Taccel_T1w.nii.gz,2,MCI,bids_adni_go2
012_S_4094,m06,2011-12-20,/project/rrg-mchakrav-ab/moncia/ADNI/bids_adni_go2/sub-012S4094/ses-m06/anat/sub-012S4094_ses-m06_acq-3Taccel_T1w.nii.gz,3,Dementia,bids_adni_go2
012_S_4094,m12,2012-06-20,/project/rrg-mchakrav-ab/moncia/ADNI/bids_adni_go2/sub-012S4094/ses-m12/anat/sub-012S4094_ses-m12_acq-3Taccel_T1w.nii.gz,3,Dementia,bids_adni_go2
012_S_4094,m24,2013-06-20,/project/rrg-mchakrav-ab/moncia/ADNI/bids_adni_go2/sub-012S4094/ses-m24/anat/sub-012S4094_ses-m24_acq-3Taccel_T1w.nii.gz,3,Dementia,bids_adni_go2
012_S_4094,m48,2015-06-21,/project/rrg-mchakrav-ab/moncia/ADNI/bids_adni_go2/sub-012S4094/ses-m48/anat/sub-012S4094_ses-m48_acq-3Taccel_T1w.nii.gz,3,Dementia,bids_adni_go2
012_S_4094,m72,2017-06-20,/project/rrg-mchakrav-ab/moncia/ADNI/bids_adni3/sub-012S4094/ses-m72/anat/sub-012S4094_ses-m72_acq-3T_T1w.nii.gz,3,Dementia,bids_adni3
012_S_4094,m90,2018-12-20,/project/rrg-mchakrav-ab/moncia/ADNI/bids_adni3/sub-012S4094/ses-m90/anat/sub-012S4094_ses-m90_acq-3T_T1w.nii.gz,3,Dementia,bids_adni3
012_S_4094,m102,2019-12-20,/project/rrg-mchakrav-ab/moncia/ADNI/bids_adni3/sub-012S4094/ses-m102/anat/sub-012S4094_ses-m102_acq-3T_T1w.nii.gz,3,Dementia,bids_adni3
012_S_4128,m03,2011-10-19,/project/rrg-mchakrav-ab/moncia/ADNI/bids_adni_go2/sub-012S4128/ses-m03/anat/sub-012S4128_ses-m03_acq-3Taccel_T1w.nii.gz,2,MCI,bids_adni_go2
012_S_4128,m06,2012-01-18,/project/rrg-mchakrav-ab/moncia/ADNI/bids_adni_go2/sub-012S4128/ses-m06/anat/sub-012S4128_ses-m06_acq-3Taccel_T1w.nii.gz,2,MCI,bids_adni_go2
012_S_4128,m12,2012-07-19,/project/rrg-mchakrav-ab/moncia/ADNI/bids_adni_go2/sub-012S4128/ses-m12/anat/sub-012S4128_ses-m12_acq-3Taccel_T1w.nii.gz,2,MCI,bids_adni_go2
012_S_4128,m24,2013-07-19,/project/rrg-mchakrav-ab/moncia/ADNI/bids_adni_go2/sub-012S4128/ses-m24/anat/sub-012S4128_ses-m24_acq-3Taccel_T1w.nii.gz,2,MCI,bids_adni_go2
012_S_4128,m48,2015-07-20,/project/rrg-mchakrav-ab/moncia/ADNI/bids_adni_go2/sub-012S4128/ses-m48/anat/sub-012S4128_ses-m48_acq-3Taccel_T1w.nii.gz,2,MCI,bids_adni_go2
012_S_4188,m03,2011-11-22,/project/rrg-mchakrav-ab/moncia/ADNI/bids_adni_go2/sub-012S4188/ses-m03/anat/sub-012S4188_ses-m03_acq-3Taccel_T1w.nii.gz,2,MCI,bids_adni_go2
012_S_4188,m06,2012-02-21,/project/rrg-mchakrav-ab/moncia/ADNI/bids_adni_go2/sub-012S4188/ses-m06/anat/sub-012S4188_ses-m06_acq-3Taccel_T1w.nii.gz,2,MCI,bids_adni_go2
012_S_4188,m12,2012-08-22,/project/rrg-mchakrav-ab/moncia/ADNI/bids_adni_go2/sub-012S4188/ses-m12/anat/sub-012S4188_ses-m12_acq-3Taccel_T1w.nii.gz,2,MCI,bids_adni_go2
012_S_4188,m24,2013-08-22,/project/rrg-mchakrav-ab/moncia/ADNI/bids_adni_go2/sub-012S4188/ses-m24/anat/sub-012S4188_ses-m24_acq-3Taccel_T1w.nii.gz,2,MCI,bids_adni_go2
012_S_4188,m48,2015-08-23,/project/rrg-mchakrav-ab/moncia/ADNI/bids_adni_go2/sub-012S4188/ses-m48/anat/sub-012S4188_ses-m48_acq-3Taccel_T1w.nii.gz,3,Dementia,bids_adni_go2
012_S_4188,m72,2017-08-22,/project/rrg-mchakrav-ab/moncia/ADNI/bids_adni3/sub-012S4188/ses-m72/anat/sub-012S4188_ses-m72_acq-3T_T1w.nii.gz,3,Dementia,bids_adni3
012_S_4188,m96,2019-08-23,/project/rrg-mchakrav-ab/moncia/ADNI/bids_adni3/sub-012S4188/ses-m96/anat/sub-012S4188_ses-m96_acq-3T_T1w.nii.gz,3,Dementia,bids_adni3
012_S_4849,m03,2012-10-16,/project/rrg-mchakrav-ab/moncia/ADNI/bids_adni_go2/sub-012S4849/ses-m03/anat/sub-012S4849_ses-m03_acq-3Taccel_T1w.nii.gz,2,MCI,bids_adni_go2
012_S_4849,m06,2013-01-15,/project/rrg-mchakrav-ab/moncia/ADNI/bids_adni_go2/sub-012S4849/ses-m06/anat/sub-012S4849_ses-m06_acq-3Taccel_T1w.nii.gz,2,MCI,bids_adni_go2
012_S_4849,m12,2013-07-17,/project/rrg-mchakrav-ab/moncia/ADNI/bids_adni_go2/sub-012S4849/ses-m12/anat/sub-012S4849_ses-m12_acq-3Taccel_T1w.nii.gz,2,MCI,bids_adni_go2
012_S_4987,m03,2013-01-09,/project/rrg-mchakrav-ab/moncia/ADNI/bids_adni_go2/sub-012S4987/ses-m03/anat/sub-012S4987_ses-m03_acq-3Taccel_T1w.nii.gz,2,MCI,bids_adni_go2
012_S_4987,m06,2013-04-10,/project/rrg-mchakrav-ab/moncia/ADNI/bids_adni_go2/sub-012S4987/ses-m06/anat/sub-012S4987_ses-m06_acq-3Taccel_T1w.nii.gz,2,MCI,bids_adni_go2
012_S_4987,m12,2013-10-10,/project/rrg-mchakrav-ab/moncia/ADNI/bids_adni_go2/sub-012S4987/ses-m12/anat/sub-012S4987_ses-m12_acq-3Taccel_T1w.nii.gz,2,MCI,bids_adni_go2
012_S_6073,sc,2017-09-19,/project/rrg-mchakrav-ab/moncia/ADNI/bids_adni3/sub-012S6073/ses-sc/anat/sub-012S6073_ses-sc_acq-3T_T1w.nii.gz,2,MCI,bids_adni3
012_S_6073,m12,2018-09-19,/project/rrg-mchakrav-ab/moncia/ADNI/bids_adni3/sub-012S6073/ses-m12/anat/sub-012S6073_ses-m12_acq-3T_T1w.nii.gz,2,MCI,bids_adni3
012_S_6073,m24,2019-09-19,/project/rrg-mchakrav-ab/moncia/ADNI/bids_adni3/sub-012S6073/ses-m24/anat/sub-012S6073_ses-m24_acq-3T_T1w.nii.gz,3,Dementia,bids_adni3
012_S_6073,m42,2021-03-20,/project/rrg-mchakrav-ab/moncia/ADNI/bids_adni3/sub-012S6073/ses-m42/anat/sub-012S6073_ses-m42_acq-3T_T1w.nii.gz,3,Dementia,bids_adni3
012_S_6760,sc,2019-06-18,/project/rrg-mchakrav-ab/moncia/ADNI/bids_adni3/sub-012S6760/ses-sc/anat/sub-012S6760_ses-sc_acq-3T_T1w.nii.gz,2,MCI,bids_adni3
012_S_6760,m12,2020-06-17,/project/rrg-mchakrav-ab/moncia/ADNI/bids_adni3/sub-012S6760/ses-m12/anat/sub-012S6760_ses-m12_acq-3T_T1w.nii.gz,2,MCI,bids_adni3
012_S_6760,m30,2021-12-17,/project/rrg-mchakrav-ab/moncia/ADNI/bids_adni3/sub-012S6760/ses-m30/anat/sub-012S6760_ses-m30_acq-3T_T1w.nii.gz,2,MCI,bids_adni3
013_S_0240,sc,2006-09-26,/project/rrg-mchakrav-ab/moncia/ADNI/bids_adni1/sub-013S0240/ses-sc/anat/sub-013S0240_ses-sc_acq-15T_T1w.nii.gz,2,MCI,bids_adni1
013_S_0240,m06,2007-03-27,/project/rrg-mchakrav-ab/moncia/ADNI/bids_adni1/sub-013S0240/ses-m06/anat/sub-013S0240_ses-m06_acq-15T_T1w.nii.gz,2,MCI,bids_adni1
013_S_0240,m12,2007-09-26,/project/rrg-mchakrav-ab/moncia/ADNI/bids_adni1/sub-013S0240/ses-m12/anat/sub-013S0240_ses-m12_acq-15T_T1w.nii.gz,3,Dementia,bids_adni1
013_S_0240,m18,2008-03-26,/project/rrg-mchakrav-ab/moncia/ADNI/bids_adni1/sub-013S0240/ses-m18/anat/sub-013S0240_ses-m18_acq-15T_T1w.nii.gz,3,Dementia,bids_adni1
013_S_0240,m24,2008-09-25,/project/rrg-mchakrav-ab/moncia/ADNI/bids_adni1/sub-013S0240/ses-m24/anat/sub-013S0240_ses-m24_acq-15T_T1w.nii.gz,3,Dementia,bids_adni1
013_S_0325,sc,2006-06-27,/project/rrg-mchakrav-ab/moncia/ADNI/bids_adni1/sub-013S0325/ses-sc/anat/sub-013S0325_ses-sc_acq-15T_T1w.nii.gz,2,MCI,bids_adni1
013_S_0325,m06,2006-12-26,/project/rrg-mchakrav-ab/moncia/ADNI/bids_adni1/sub-013S0325/ses-m06/anat/sub-013S0325_ses-m06_acq-15T_T1w.nii.gz,2,MCI,bids_adni1
013_S_0325,m12,2007-06-27,/project/rrg-mchakrav-ab/moncia/ADNI/bids_adni1/sub-013S0325/ses-m12/anat/sub-013S0325_ses-m12_acq-15T_T1w.nii.gz,2,MCI,bids_adni1
013_S_0325,m18,2007-12-26,/project/rrg-mchakrav-ab/moncia/ADNI/bids_adni1/sub-013S0325/ses-m18/anat/sub-013S0325_ses-m18_acq-15T_T1w.nii.gz,3,Dementia,bids_adni1
013_S_0325,m24,2008-06-26,/project/rrg-mchakrav-ab/moncia/ADNI/bids_adni1/sub-013S0325/ses-m24/anat/sub-013S0325_ses-m24_acq-15T_T1w.nii.gz,3,Dementia,bids_adni1
013_S_1120,sc,2007-01-04,/project/rrg-mchakrav-ab/moncia/ADNI/bids_adni1/sub-013S1120/ses-sc/anat/sub-013S1120_ses-sc_acq-15T_T1w.nii.gz,2,MCI,bids_adni1
013_S_1120,m06,2007-07-05,/project/rrg-mchakrav-ab/moncia/ADNI/bids_adni1/sub-013S1120/ses-m06/anat/sub-013S1120_ses-m06_acq-15T_T1w.nii.gz,2,MCI,bids_adni1
013_S_1120,m12,2008-01-04,/project/rrg-mchakrav-ab/moncia/ADNI/bids_adni1/sub-013S1120/ses-m12/anat/sub-013S1120_ses-m12_acq-15T_T1w.nii.gz,2,MCI,bids_adni1
013_S_1120,m18,2008-07-04,/project/rrg-mchakrav-ab/moncia/ADNI/bids_adni1/sub-013S1120/ses-m18/anat/sub-013S1120_ses-m18_acq-15T_T1w.nii.gz,2,MCI,bids_adni1
013_S_1186,sc,2007-03-01,/project/rrg-mchakrav-ab/moncia/ADNI/bids_adni1/sub-013S1186/ses-sc/anat/sub-013S1186_ses-sc_acq-15T_T1w.nii.gz,2,MCI,bids_adni1
013_S_1186,m06,2007-08-30,/project/rrg-mchakrav-ab/moncia/ADNI/bids_adni1/sub-013S1186/ses-m06/anat/sub-013S1186_ses-m06_acq-15T_T1w.nii.gz,2,MCI,bids_adni1
013_S_1186,m12,2008-02-29,/project/rrg-mchakrav-ab/moncia/ADNI/bids_adni1/sub-013S1186/ses-m12/anat/sub-013S1186_ses-m12_acq-15T_T1w.nii.gz,2,MCI,bids_adni1
013_S_1186,m18,2008-08-29,/project/rrg-mchakrav-ab/moncia/ADNI/bids_adni1/sub-013S1186/ses-m18/anat/sub-013S1186_ses-m18_acq-15T_T1w.nii.gz,2,MCI,bids_adni1
013_S_1186,m24,2009-02-28,/project/rrg-mchakrav-ab/moncia/ADNI/bids_adni1/sub-013S1186/ses-m24/anat/sub-013S1186_ses-m24_acq-15T_T1w.nii.gz,2,MCI,bids_adni1
013_S_1186,m48,2011-03-01,/project/rrg-mchakrav-ab/moncia/ADNI/bids_adni_go2/sub-013S1186/ses-m48/anat/sub-013S1186_ses-m48_acq-3Taccel_T1w.nii.gz,2,MCI,bids_adni_go2
013_S_1186,m60,2012-02-29,/project/rrg-mchakrav-ab/moncia/ADNI/bids_adni_go2/sub-013S1186/ses-m60/anat/sub-013S1186_ses-m60_acq-3Taccel_T1w.nii.gz,2,MCI,bids_adni_go2
013_S_1186,m72,2013-02-28,/project/rrg-mchakrav-ab/moncia/ADNI/bids_adni_go2/sub-013S1186/ses-m72/anat/sub-013S1186_ses-m72_acq-3Taccel_T1w.nii.gz,2,MCI,bids_adni_go2
013_S_1186,m84,2014-02-28,/project/rrg-mchakrav-ab/moncia/ADNI/bids_adni_go2/sub-013S1186/ses-m84/anat/sub-013S1186_ses-m84_acq-3Taccel_T1w.nii.gz,2,MCI,bids_adni_go2
013_S_1186,m96,2015-03-01,/project/rrg-mchakrav-ab/moncia/ADNI/bids_adni_go2/sub-013S1186/ses-m96/anat/sub-013S1186_ses-m96_acq-3Taccel_T1w.nii.gz,3,Dementia,bids_adni_go2
013_S_1275,sc,2007-03-26,/project/rrg-mchakrav-ab/moncia/ADNI/bids_adni1/sub-013S1275/ses-sc/anat/sub-013S1275_ses-sc_acq-15T_T1w.nii.gz,2,MCI,bids_adni1
013_S_1275,m06,2007-09-24,/project/rrg-mchakrav-ab/moncia/ADNI/bids_adni1/sub-013S1275/ses-m06/anat/sub-013S1275_ses-m06_acq-15T_T1w.nii.gz,2,MCI,bids_adni1
013_S_1275,m12,2008-03-25,/project/rrg-mchakrav-ab/moncia/ADNI/bids_adni1/sub-013S1275/ses-m12/anat/sub-013S1275_ses-m12_acq-15T_T1w.nii.gz,2,MCI,bids_adni1
013_S_1275,m18,2008-09-23,/project/rrg-mchakrav-ab/moncia/ADNI/bids_adni1/sub-013S1275/ses-m18/anat/sub-013S1275_ses-m18_acq-15T_T1w.nii.gz,2,MCI,bids_adni1
013_S_2324,m03,2011-07-28,/project/rrg-mchakrav-ab/moncia/ADNI/bids_adni_go2/sub-013S2324/ses-m03/anat/sub-013S2324_ses-m03_acq-3Taccel_T1w.nii.gz,2,MCI,bids_adni_go2
013_S_2324,m06,2011-10-27,/project/rrg-mchakrav-ab/moncia/ADNI/bids_adni_go2/sub-013S2324/ses-m06/anat/sub-013S2324_ses-m06_acq-3Taccel_T1w.nii.gz,2,MCI,bids_adni_go2
013_S_2324,m12,2012-04-27,/project/rrg-mchakrav-ab/moncia/ADNI/bids_adni_go2/sub-013S2324/ses-m12/anat/sub-013S2324_ses-m12_acq-3Taccel_T1w.nii.gz,2,MCI,bids_adni_go2
013_S_2389,m03,2011-10-26,/project/rrg-mchakrav-ab/moncia/ADNI/bids_adni_go2/sub-013S2389/ses-m03/anat/sub-013S2389_ses-m03_acq-3Taccel_T1w.nii.gz,2,MCI,bids_adni_go2
013_S_2389,m06,2012-01-25,/project/rrg-mchakrav-ab/moncia/ADNI/bids_adni_go2/sub-013S2389/ses-m06/anat/sub-013S2389_ses-m06_acq-3Taccel_T1w.nii.gz,2,MCI,bids_adni_go2
013_S_2389,m12,2012-07-26,/project/rrg-mchakrav-ab/moncia/ADNI/bids_adni_go2/sub-013S2389/ses-m12/anat/sub-013S2389_ses-m12_acq-3Taccel_T1w.nii.gz,2,MCI,bids_adni_go2
013_S_2389,m78,2018-01-25,/project/rrg-mchakrav-ab/moncia/ADNI/bids_adni3/sub-013S2389/ses-m78/anat/sub-013S2389_ses-m78_acq-3T_T1w.nii.gz,1,CN,bids_adni3
013_S_4268,m03,2012-01-17,/project/rrg-mchakrav-ab/moncia/ADNI/bids_adni_go2/sub-013S4268/ses-m03/anat/sub-013S4268_ses-m03_acq-3Taccel_T1w.nii.gz,2,MCI,bids_adni_go2
013_S_4268,m06,2012-04-17,/project/rrg-mchakrav-ab/moncia/ADNI/bids_adni_go2/sub-013S4268/ses-m06/anat/sub-013S4268_ses-m06_acq-3Taccel_T1w.nii.gz,2,MCI,bids_adni_go2
013_S_4268,m12,2012-10-17,/project/rrg-mchakrav-ab/moncia/ADNI/bids_adni_go2/sub-013S4268/ses-m12/anat/sub-013S4268_ses-m12_acq-3Taccel_T1w.nii.gz,1,CN,bids_adni_go2
013_S_4268,m24,2013-10-17,/project/rrg-mchakrav-ab/moncia/ADNI/bids_adni_go2/sub-013S4268/ses-m24/anat/sub-013S4268_ses-m24_acq-3Taccel_T1w.nii.gz,1,CN,bids_adni_go2
013_S_4268,m84,2018-10-17,/project/rrg-mchakrav-ab/moncia/ADNI/bids_adni3/sub-013S4268/ses-m84/anat/sub-013S4268_ses-m84_acq-3T_T1w.nii.gz,1,CN,bids_adni3
013_S_4395,m03,2012-02-29,/project/rrg-mchakrav-ab/moncia/ADNI/bids_adni_go2/sub-013S4395/ses-m03/anat/sub-013S4395_ses-m03_acq-3Taccel_T1w.nii.gz,2,MCI,bids_adni_go2
013_S_4395,m06,2012-05-30,/project/rrg-mchakrav-ab/moncia/ADNI/bids_adni_go2/sub-013S4395/ses-m06/anat/sub-013S4395_ses-m06_acq-3Taccel_T1w.nii.gz,2,MCI,bids_adni_go2
013_S_4395,m12,2012-11-29,/project/rrg-mchakrav-ab/moncia/ADNI/bids_adni_go2/sub-013S4395/ses-m12/anat/sub-013S4395_ses-m12_acq-3Taccel_T1w.nii.gz,2,MCI,bids_adni_go2
013_S_4395,m24,2013-11-29,/project/rrg-mchakrav-ab/moncia/ADNI/bids_adni_go2/sub-013S4395/ses-m24/anat/sub-013S4395_ses-m24_acq-3Taccel_T1w.nii.gz,2,MCI,bids_adni_go2
013_S_4395,m48,2015-11-30,/project/rrg-mchakrav-ab/moncia/ADNI/bids_adni_go2/sub-013S4395/ses-m48/anat/sub-013S4395_ses-m48_acq-3Taccel_T1w.nii.gz,2,MCI,bids_adni_go2
013_S_4595,m03,2012-06-20,/project/rrg-mchakrav-ab/moncia/ADNI/bids_adni_go2/sub-013S4595/ses-m03/anat/sub-013S4595_ses-m03_acq-3Taccel_T1w.nii.gz,2,MCI,bids_adni_go2
013_S_4595,m06,2012-09-19,/project/rrg-mchakrav-ab/moncia/ADNI/bids_adni_go2/sub-013S4595/ses-m06/anat/sub-013S4595_ses-m06_acq-3Taccel_T1w.nii.gz,2,MCI,bids_adni_go2
013_S_4595,m12,2013-03-21,/project/rrg-mchakrav-ab/moncia/ADNI/bids_adni_go2/sub-013S4595/ses-m12/anat/sub-013S4595_ses-m12_acq-3Taccel_T1w.nii.gz,3,Dementia,bids_adni_go2
013_S_4595,m24,2014-03-21,/project/rrg-mchakrav-ab/moncia/ADNI/bids_adni_go2/sub-013S4595/ses-m24/anat/sub-013S4595_ses-m24_acq-3Taccel_T1w.nii.gz,3,Dementia,bids_adni_go2
013_S_4791,m03,2012-09-12,/project/rrg-mchakrav-ab/moncia/ADNI/bids_adni_go2/sub-013S4791/ses-m03/anat/sub-013S4791_ses-m03_acq-3Taccel_T1w.nii.gz,2,MCI,bids_adni_go2
013_S_4791,m06,2012-12-12,/project/rrg-mchakrav-ab/moncia/ADNI/bids_adni_go2/sub-013S4791/ses-m06/anat/sub-013S4791_ses-m06_acq-3Taccel_T1w.nii.gz,2,MCI,bids_adni_go2
013_S_4917,m03,2012-11-28,/project/rrg-mchakrav-ab/moncia/ADNI/bids_adni_go2/sub-013S4917/ses-m03/anat/sub-013S4917_ses-m03_acq-3Taccel_T1w.nii.gz,2,MCI,bids_adni_go2
013_S_4917,m06,2013-02-27,/project/rrg-mchakrav-ab/moncia/ADNI/bids_adni_go2/sub-013S4917/ses-m06/anat/sub-013S4917_ses-m06_acq-3Taccel_T1w.nii.gz,2,MCI,bids_adni_go2
013_S_4917,m12,2013-08-29,/project/rrg-mchakrav-ab/moncia/ADNI/bids_adni_go2/sub-013S4917/ses-m12/anat/sub-013S4917_ses-m12_acq-3Taccel_T1w.nii.gz,2,MCI,bids_adni_go2
013_S_4985,m06,2013-04-10,/project/rrg-mchakrav-ab/moncia/ADNI/bids_adni_go2/sub-013S4985/ses-m06/anat/sub-013S4985_ses-m06_acq-3Taccel_T1w.nii.gz,2,MCI,bids_adni_go2
013_S_4985,m12,2013-10-10,/project/rrg-mchakrav-ab/moncia/ADNI/bids_adni_go2/sub-013S4985/ses-m12/anat/sub-013S4985_ses-m12_acq-3Taccel_T1w.nii.gz,2,MCI,bids_adni_go2
013_S_4985,m24,2014-10-10,/project/rrg-mchakrav-ab/moncia/ADNI/bids_adni_go2/sub-013S4985/ses-m24/anat/sub-013S4985_ses-m24_acq-3Taccel_T1w.nii.gz,2,MCI,bids_adni_go2
014_S_0169,sc,2006-02-16,/project/rrg-mchakrav-ab/moncia/ADNI/bids_adni1/sub-014S0169/ses-sc/anat/sub-014S0169_ses-sc_acq-15T_T1w.nii.gz,2,MCI,bids_adni1
014_S_0169,m06,2006-08-17,/project/rrg-mchakrav-ab/moncia/ADNI/bids_adni1/sub-014S0169/ses-m06/anat/sub-014S0169_ses-m06_acq-15T_T1w.nii.gz,2,MCI,bids_adni1
014_S_0169,m12,2007-02-16,/project/rrg-mchakrav-ab/moncia/ADNI/bids_adni1/sub-014S0169/ses-m12/anat/sub-014S0169_ses-m12_acq-15T_T1w.nii.gz,2,MCI,bids_adni1
014_S_0169,m18,2007-08-17,/project/rrg-mchakrav-ab/moncia/ADNI/bids_adni1/sub-014S0169/ses-m18/anat/sub-014S0169_ses-m18_acq-15T_T1w.nii.gz,2,MCI,bids_adni1
014_S_0169,m24,2008-02-16,/project/rrg-mchakrav-ab/moncia/ADNI/bids_adni1/sub-014S0169/ses-m24/anat/sub-014S0169_ses-m24_acq-15T_T1w.nii.gz,2,MCI,bids_adni1
014_S_0169,m36,2009-02-15,/project/rrg-mchakrav-ab/moncia/ADNI/bids_adni1/sub-014S0169/ses-m36/anat/sub-014S0169_ses-m36_acq-15T_T1w.nii.gz,2,MCI,bids_adni1
014_S_0169,m48,2010-02-16,/project/rrg-mchakrav-ab/moncia/ADNI/bids_adni1/sub-014S0169/ses-m48/anat/sub-014S0169_ses-m48_acq-15T_T1w.nii.gz,2,MCI,bids_adni1
014_S_0557,m06,2006-12-07,/project/rrg-mchakrav-ab/moncia/ADNI/bids_adni1/sub-014S0557/ses-m06/anat/sub-014S0557_ses-m06_acq-15T_T1w.nii.gz,2,MCI,bids_adni1
014_S_0557,m18,2007-12-07,/project/rrg-mchakrav-ab/moncia/ADNI/bids_adni1/sub-014S0557/ses-m18/anat/sub-014S0557_ses-m18_acq-15T_T1w.nii.gz,2,MCI,bids_adni1
014_S_0557,m24,2008-06-07,/project/rrg-mchakrav-ab/moncia/ADNI/bids_adni1/sub-014S0557/ses-m24/anat/sub-014S0557_ses-m24_acq-15T_T1w.nii.gz,2,MCI,bids_adni1
014_S_0557,m36,2009-06-07,/project/rrg-mchakrav-ab/moncia/ADNI/bids_adni1/sub-014S0557/ses-m36/anat/sub-014S0557_ses-m36_acq-15T_T1w.nii.gz,2,MCI,bids_adni1
014_S_0563,m06,2007-01-18,/project/rrg-mchakrav-ab/moncia/ADNI/bids_adni1/sub-014S0563/ses-m06/anat/sub-014S0563_ses-m06_acq-15T_T1w.nii.gz,2,MCI,bids_adni1
014_S_0563,m12,2007-07-20,/project/rrg-mchakrav-ab/moncia/ADNI/bids_adni1/sub-014S0563/ses-m12/anat/sub-014S0563_ses-m12_acq-15T_T1w.nii.gz,2,MCI,bids_adni1
014_S_0563,m18,2008-01-18,/project/rrg-mchakrav-ab/moncia/ADNI/bids_adni1/sub-014S0563/ses-m18/anat/sub-014S0563_ses-m18_acq-15T_T1w.nii.gz,2,MCI,bids_adni1
014_S_0563,m24,2008-07-19,/project/rrg-mchakrav-ab/moncia/ADNI/bids_adni1/sub-014S0563/ses-m24/anat/sub-014S0563_ses-m24_acq-15T_T1w.nii.gz,2,MCI,bids_adni1
014_S_0563,m36,2009-07-19,/project/rrg-mchakrav-ab/moncia/ADNI/bids_adni1/sub-014S0563/ses-m36/anat/sub-014S0563_ses-m36_acq-15T_T1w.nii.gz,3,Dementia,bids_adni1
014_S_0658,sc,2006-08-03,/project/rrg-mchakrav-ab/moncia/ADNI/bids_adni1/sub-014S0658/ses-sc/anat/sub-014S0658_ses-sc_acq-15T_T1w.nii.gz,2,MCI,bids_adni1
014_S_0658,m06,2007-02-01,/project/rrg-mchakrav-ab/moncia/ADNI/bids_adni1/sub-014S0658/ses-m06/anat/sub-014S0658_ses-m06_acq-15T_T1w.nii.gz,2,MCI,bids_adni1
014_S_0658,m12,2007-08-03,/project/rrg-mchakrav-ab/moncia/ADNI/bids_adni1/sub-014S0658/ses-m12/anat/sub-014S0658_ses-m12_acq-15T_T1w.nii.gz,3,Dementia,bids_adni1
014_S_0658,m18,2008-02-01,/project/rrg-mchakrav-ab/moncia/ADNI/bids_adni1/sub-014S0658/ses-m18/anat/sub-014S0658_ses-m18_acq-15T_T1w.nii.gz,3,Dementia,bids_adni1
014_S_0658,m24,2008-08-02,/project/rrg-mchakrav-ab/moncia/ADNI/bids_adni1/sub-014S0658/ses-m24/anat/sub-014S0658_ses-m24_acq-15T_T1w.nii.gz,3,Dementia,bids_adni1
014_S_2185,m03,2011-04-13,/project/rrg-mchakrav-ab/moncia/ADNI/bids_adni_go2/sub-014S2185/ses-m03/anat/sub-014S2185_ses-m03_acq-3Taccel_T1w.nii.gz,2,MCI,bids_adni_go2
014_S_2185,m06,2011-07-13,/project/rrg-mchakrav-ab/moncia/ADNI/bids_adni_go2/sub-014S2185/ses-m06/anat/sub-014S2185_ses-m06_acq-3Taccel_T1w.nii.gz,2,MCI,bids_adni_go2
014_S_2185,m12,2012-01-12,/project/rrg-mchakrav-ab/moncia/ADNI/bids_adni_go2/sub-014S2185/ses-m12/anat/sub-014S2185_ses-m12_acq-3Taccel_T1w.nii.gz,2,MCI,bids_adni_go2
014_S_2185,m24,2013-01-11,/project/rrg-mchakrav-ab/moncia/ADNI/bids_adni_go2/sub-014S2185/ses-m24/anat/sub-014S2185_ses-m24_acq-3Taccel_T1w.nii.gz,2,MCI,bids_adni_go2
014_S_2308,m03,2011-06-29,/project/rrg-mchakrav-ab/moncia/ADNI/bids_adni_go2/sub-014S2308/ses-m03/anat/sub-014S2308_ses-m03_acq-3Taccel_T1w.nii.gz,2,MCI,bids_adni_go2
014_S_2308,m06,2011-09-28,/project/rrg-mchakrav-ab/moncia/ADNI/bids_adni_go2/sub-014S2308/ses-m06/anat/sub-014S2308_ses-m06_acq-3Taccel_T1w.nii.gz,2,MCI,bids_adni_go2
014_S_2308,m12,2012-03-29,/project/rrg-mchakrav-ab/moncia/ADNI/bids_adni_go2/sub-014S2308/ses-m12/anat/sub-014S2308_ses-m12_acq-3Taccel_T1w.nii.gz,2,MCI,bids_adni_go2
014_S_2308,m24,2013-03-29,/project/rrg-mchakrav-ab/moncia/ADNI/bids_adni_go2/sub-014S2308/ses-m24/anat/sub-014S2308_ses-m24_acq-3Taccel_T1w.nii.gz,2,MCI,bids_adni_go2
014_S_2308,m36,2014-03-29,/project/rrg-mchakrav-ab/moncia/ADNI/bids_adni_go2/sub-014S2308/ses-m36/anat/sub-014S2308_ses-m36_acq-3Taccel_T1w.nii.gz,2,MCI,bids_adni_go2
014_S_2308,m60,2016-03-29,/project/rrg-mchakrav-ab/moncia/ADNI/bids_adni_go2/sub-014S2308/ses-m60/anat/sub-014S2308_ses-m60_acq-3Taccel_T1w.nii.gz,2,MCI,bids_adni_go2
014_S_2308,m78,2017-09-28,/project/rrg-mchakrav-ab/moncia/ADNI/bids_adni3/sub-014S2308/ses-m78/anat/sub-014S2308_ses-m78_acq-3T_T1w.nii.gz,2,MCI,bids_adni3
014_S_2308,m90,2018-09-28,/project/rrg-mchakrav-ab/moncia/ADNI/bids_adni3/sub-014S2308/ses-m90/anat/sub-014S2308_ses-m90_acq-3T_T1w.nii.gz,2,MCI,bids_adni3
014_S_2308,m102,2019-09-28,/project/rrg-mchakrav-ab/moncia/ADNI/bids_adni3/sub-014S2308/ses-m102/anat/sub-014S2308_ses-m102_acq-3T_T1w.nii.gz,2,MCI,bids_adni3
014_S_2308,m120,2021-03-29,/project/rrg-mchakrav-ab/moncia/ADNI/bids_adni3/sub-014S2308/ses-m120/anat/sub-014S2308_ses-m120_acq-3T_T1w.nii.gz,2,MCI,bids_adni3
014_S_2308,m132,2022-03-30,/project/rrg-mchakrav-ab/moncia/ADNI/bids_adni3/sub-014S2308/ses-m132/anat/sub-014S2308_ses-m132_acq-3T_T1w.nii.gz,2,MCI,bids_adni3
014_S_4058,m03,2011-08-18,/project/rrg-mchakrav-ab/moncia/ADNI/bids_adni_go2/sub-014S4058/ses-m03/anat/sub-014S4058_ses-m03_acq-3Taccel_T1w.nii.gz,2,MCI,bids_adni_go2
014_S_4058,m06,2011-11-17,/project/rrg-mchakrav-ab/moncia/ADNI/bids_adni_go2/sub-014S4058/ses-m06/anat/sub-014S4058_ses-m06_acq-3Taccel_T1w.nii.gz,2,MCI,bids_adni_go2
014_S_4058,m12,2012-05-18,/project/rrg-mchakrav-ab/moncia/ADNI/bids_adni_go2/sub-014S4058/ses-m12/anat/sub-014S4058_ses-m12_acq-3Taccel_T1w.nii.gz,2,MCI,bids_adni_go2
014_S_4058,m24,2013-05-18,/project/rrg-mchakrav-ab/moncia/ADNI/bids_adni_go2/sub-014S4058/ses-m24/anat/sub-014S4058_ses-m24_acq-3Taccel_T1w.nii.gz,3,Dementia,bids_adni_go2
014_S_4079,m03,2011-09-06,/project/rrg-mchakrav-ab/moncia/ADNI/bids_adni_go2/sub-014S4079/ses-m03/anat/sub-014S4079_ses-m03_acq-3Taccel_T1w.nii.gz,2,MCI,bids_adni_go2
014_S_4079,m06,2011-12-06,/project/rrg-mchakrav-ab/moncia/ADNI/bids_adni_go2/sub-014S4079/ses-m06/anat/sub-014S4079_ses-m06_acq-3Taccel_T1w.nii.gz,2,MCI,bids_adni_go2
014_S_4079,m12,2012-06-06,/project/rrg-mchakrav-ab/moncia/ADNI/bids_adni_go2/sub-014S4079/ses-m12/anat/sub-014S4079_ses-m12_acq-3Taccel_T1w.nii.gz,2,MCI,bids_adni_go2
014_S_4079,m24,2013-06-06,/project/rrg-mchakrav-ab/moncia/ADNI/bids_adni_go2/sub-014S4079/ses-m24/anat/sub-014S4079_ses-m24_acq-3Taccel_T1w.nii.gz,3,Dementia,bids_adni_go2
014_S_4263,m03,2011-12-21,/project/rrg-mchakrav-ab/moncia/ADNI/bids_adni_go2/sub-014S4263/ses-m03/anat/sub-014S4263_ses-m03_acq-3Taccel_T1w.nii.gz,2,MCI,bids_adni_go2
014_S_4263,m06,2012-03-21,/project/rrg-mchakrav-ab/moncia/ADNI/bids_adni_go2/sub-014S4263/ses-m06/anat/sub-014S4263_ses-m06_acq-3Taccel_T1w.nii.gz,2,MCI,bids_adni_go2
014_S_4263,m12,2012-09-20,/project/rrg-mchakrav-ab/moncia/ADNI/bids_adni_go2/sub-014S4263/ses-m12/anat/sub-014S4263_ses-m12_acq-3Taccel_T1w.nii.gz,2,MCI,bids_adni_go2
014_S_4263,m24,2013-09-20,/project/rrg-mchakrav-ab/moncia/ADNI/bids_adni_go2/sub-014S4263/ses-m24/anat/sub-014S4263_ses-m24_acq-3Taccel_T1w.nii.gz,3,Dementia,bids_adni_go2
014_S_4328,m03,2012-01-19,/project/rrg-mchakrav-ab/moncia/ADNI/bids_adni_go2/sub-014S4328/ses-m03/anat/sub-014S4328_ses-m03_acq-3Taccel_T1w.nii.gz,2,MCI,bids_adni_go2
014_S_4328,m06,2012-04-19,/project/rrg-mchakrav-ab/moncia/ADNI/bids_adni_go2/sub-014S4328/ses-m06/anat/sub-014S4328_ses-m06_acq-3Taccel_T1w.nii.gz,2,MCI,bids_adni_go2
014_S_4328,m12,2012-10-19,/project/rrg-mchakrav-ab/moncia/ADNI/bids_adni_go2/sub-014S4328/ses-m12/anat/sub-014S4328_ses-m12_acq-3Taccel_T1w.nii.gz,2,MCI,bids_adni_go2
014_S_4328,m24,2013-10-19,/project/rrg-mchakrav-ab/moncia/ADNI/bids_adni_go2/sub-014S4328/ses-m24/anat/sub-014S4328_ses-m24_acq-3Taccel_T1w.nii.gz,2,MCI,bids_adni_go2
014_S_4668,m03,2012-07-09,/project/rrg-mchakrav-ab/moncia/ADNI/bids_adni_go2/sub-014S4668/ses-m03/anat/sub-014S4668_ses-m03_acq-3Taccel_T1w.nii.gz,2,MCI,bids_adni_go2
014_S_4668,m06,2012-10-08,/project/rrg-mchakrav-ab/moncia/ADNI/bids_adni_go2/sub-014S4668/ses-m06/anat/sub-014S4668_ses-m06_acq-3Taccel_T1w.nii.gz,2,MCI,bids_adni_go2
014_S_4668,m12,2013-04-09,/project/rrg-mchakrav-ab/moncia/ADNI/bids_adni_go2/sub-014S4668/ses-m12/anat/sub-014S4668_ses-m12_acq-3Taccel_T1w.nii.gz,3,Dementia,bids_adni_go2
014_S_6765,sc,2019-06-27,/project/rrg-mchakrav-ab/moncia/ADNI/bids_adni3/sub-014S6765/ses-sc/anat/sub-014S6765_ses-sc_acq-3T_T1w.nii.gz,2,MCI,bids_adni3
014_S_6765,m12,2020-06-26,/project/rrg-mchakrav-ab/moncia/ADNI/bids_adni3/sub-014S6765/ses-m12/anat/sub-014S6765_ses-m12_acq-3T_T1w.nii.gz,2,MCI,bids_adni3
014_S_6765,m30,2021-12-26,/project/rrg-mchakrav-ab/moncia/ADNI/bids_adni3/sub-014S6765/ses-m30/anat/sub-014S6765_ses-m30_acq-3T_T1w.nii.gz,2,MCI,bids_adni3
016_S_0702,sc,2006-08-23,/project/rrg-mchakrav-ab/moncia/ADNI/bids_adni1/sub-016S0702/ses-sc/anat/sub-016S0702_ses-sc_acq-15T_T1w.nii.gz,2,MCI,bids_adni1
016_S_0702,m06,2007-02-21,/project/rrg-mchakrav-ab/moncia/ADNI/bids_adni1/sub-016S0702/ses-m06/anat/sub-016S0702_ses-m06_acq-15T_T1w.nii.gz,2,MCI,bids_adni1
016_S_0702,m12,2007-08-23,/project/rrg-mchakrav-ab/moncia/ADNI/bids_adni1/sub-016S0702/ses-m12/anat/sub-016S0702_ses-m12_acq-15T_T1w.nii.gz,2,MCI,bids_adni1
016_S_0702,m18,2008-02-21,/project/rrg-mchakrav-ab/moncia/ADNI/bids_adni1/sub-016S0702/ses-m18/anat/sub-016S0702_ses-m18_acq-15T_T1w.nii.gz,2,MCI,bids_adni1
016_S_0702,m24,2008-08-22,/project/rrg-mchakrav-ab/moncia/ADNI/bids_adni1/sub-016S0702/ses-m24/anat/sub-016S0702_ses-m24_acq-15T_T1w.nii.gz,3,Dementia,bids_adni1
016_S_0702,m48,2010-08-23,/project/rrg-mchakrav-ab/moncia/ADNI/bids_adni_go2/sub-016S0702/ses-m48/anat/sub-016S0702_ses-m48_acq-15Tunaccel_T1w.nii.gz,3,Dementia,bids_adni_go2
016_S_0769,bl,2006-08-31,/project/rrg-mchakrav-ab/moncia/ADNI/bids_adni1/sub-016S0769/ses-bl/anat/sub-016S0769_ses-bl_acq-3T_T1w.nii.gz,2,MCI,bids_adni1
016_S_0769,sc,2006-08-31,/project/rrg-mchakrav-ab/moncia/ADNI/bids_adni1/sub-016S0769/ses-sc/anat/sub-016S0769_ses-sc_acq-15T_T1w.nii.gz,2,MCI,bids_adni1
016_S_0769,m06,2007-03-01,/project/rrg-mchakrav-ab/moncia/ADNI/bids_adni1/sub-016S0769/ses-m06/anat/sub-016S0769_ses-m06_acq-3T_T1w.nii.gz,2,MCI,bids_adni1
016_S_0769,m18,2008-02-29,/project/rrg-mchakrav-ab/moncia/ADNI/bids_adni1/sub-016S0769/ses-m18/anat/sub-016S0769_ses-m18_acq-15T_T1w.nii.gz,2,MCI,bids_adni1
016_S_0769,m36,2009-08-30,/project/rrg-mchakrav-ab/moncia/ADNI/bids_adni1/sub-016S0769/ses-m36/anat/sub-016S0769_ses-m36_acq-15T_T1w.nii.gz,3,Dementia,bids_adni1
016_S_1028,sc,2006-11-29,/project/rrg-mchakrav-ab/moncia/ADNI/bids_adni1/sub-016S1028/ses-sc/anat/sub-016S1028_ses-sc_acq-15T_T1w.nii.gz,2,MCI,bids_adni1
016_S_1028,m06,2007-05-30,/project/rrg-mchakrav-ab/moncia/ADNI/bids_adni1/sub-016S1028/ses-m06/anat/sub-016S1028_ses-m06_acq-15T_T1w.nii.gz,2,MCI,bids_adni1
016_S_1028,m12,2007-11-29,/project/rrg-mchakrav-ab/moncia/ADNI/bids_adni1/sub-016S1028/ses-m12/anat/sub-016S1028_ses-m12_acq-15T_T1w.nii.gz,2,MCI,bids_adni1
016_S_1028,m18,2008-05-29,/project/rrg-mchakrav-ab/moncia/ADNI/bids_adni1/sub-016S1028/ses-m18/anat/sub-016S1028_ses-m18_acq-15T_T1w.nii.gz,2,MCI,bids_adni1
016_S_1028,m24,2008-11-28,/project/rrg-mchakrav-ab/moncia/ADNI/bids_adni1/sub-016S1028/ses-m24/anat/sub-016S1028_ses-m24_acq-15T_T1w.nii.gz,2,MCI,bids_adni1
016_S_1092,sc,2006-12-29,/project/rrg-mchakrav-ab/moncia/ADNI/bids_adni1/sub-016S1092/ses-sc/anat/sub-016S1092_ses-sc_acq-15T_T1w.nii.gz,2,MCI,bids_adni1
016_S_1092,m06,2007-06-29,/project/rrg-mchakrav-ab/moncia/ADNI/bids_adni1/sub-016S1092/ses-m06/anat/sub-016S1092_ses-m06_acq-15T_T1w.nii.gz,2,MCI,bids_adni1
016_S_1092,m18,2008-06-28,/project/rrg-mchakrav-ab/moncia/ADNI/bids_adni1/sub-016S1092/ses-m18/anat/sub-016S1092_ses-m18_acq-15T_T1w.nii.gz,1,CN,bids_adni1
016_S_1092,m24,2008-12-28,/project/rrg-mchakrav-ab/moncia/ADNI/bids_adni1/sub-016S1092/ses-m24/anat/sub-016S1092_ses-m24_acq-15T_T1w.nii.gz,1,CN,bids_adni1
016_S_1092,m36,2009-12-28,/project/rrg-mchakrav-ab/moncia/ADNI/bids_adni1/sub-016S1092/ses-m36/anat/sub-016S1092_ses-m36_acq-15T_T1w.nii.gz,1,CN,bids_adni1
016_S_1117,sc,2006-12-11,/project/rrg-mchakrav-ab/moncia/ADNI/bids_adni1/sub-016S1117/ses-sc/anat/sub-016S1117_ses-sc_acq-15T_T1w.nii.gz,2,MCI,bids_adni1
016_S_1117,m06,2007-06-11,/project/rrg-mchakrav-ab/moncia/ADNI/bids_adni1/sub-016S1117/ses-m06/anat/sub-016S1117_ses-m06_acq-3T_T1w.nii.gz,2,MCI,bids_adni1
016_S_1117,m12,2007-12-11,/project/rrg-mchakrav-ab/moncia/ADNI/bids_adni1/sub-016S1117/ses-m12/anat/sub-016S1117_ses-m12_acq-15T_T1w.nii.gz,2,MCI,bids_adni1
016_S_1117,m18,2008-06-10,/project/rrg-mchakrav-ab/moncia/ADNI/bids_adni1/sub-016S1117/ses-m18/anat/sub-016S1117_ses-m18_acq-15T_T1w.nii.gz,2,MCI,bids_adni1
016_S_1117,m24,2008-12-10,/project/rrg-mchakrav-ab/moncia/ADNI/bids_adni1/sub-016S1117/ses-m24/anat/sub-016S1117_ses-m24_acq-15T_T1w.nii.gz,2,MCI,bids_adni1
016_S_1117,m36,2009-12-10,/project/rrg-mchakrav-ab/moncia/ADNI/bids_adni_go2/sub-016S1117/ses-m36/anat/sub-016S1117_ses-m36_acq-15Tunaccel_T1w.nii.gz,3,Dementia,bids_adni_go2
016_S_1121,sc,2006-12-28,/project/rrg-mchakrav-ab/moncia/ADNI/bids_adni1/sub-016S1121/ses-sc/anat/sub-016S1121_ses-sc_acq-15T_T1w.nii.gz,2,MCI,bids_adni1
016_S_1121,m06,2007-06-28,/project/rrg-mchakrav-ab/moncia/ADNI/bids_adni1/sub-016S1121/ses-m06/anat/sub-016S1121_ses-m06_acq-3T_T1w.nii.gz,2,MCI,bids_adni1
016_S_1121,m12,2007-12-28,/project/rrg-mchakrav-ab/moncia/ADNI/bids_adni1/sub-016S1121/ses-m12/anat/sub-016S1121_ses-m12_acq-3T_T1w.nii.gz,2,MCI,bids_adni1
016_S_1121,m18,2008-06-27,/project/rrg-mchakrav-ab/moncia/ADNI/bids_adni1/sub-016S1121/ses-m18/anat/sub-016S1121_ses-m18_acq-15T_T1w.nii.gz,3,Dementia,bids_adni1
016_S_1121,m24,2008-12-27,/project/rrg-mchakrav-ab/moncia/ADNI/bids_adni1/sub-016S1121/ses-m24/anat/sub-016S1121_ses-m24_acq-15T_T1w.nii.gz,3,Dementia,bids_adni1
016_S_1121,m36,2009-12-27,/project/rrg-mchakrav-ab/moncia/ADNI/bids_adni1/sub-016S1121/ses-m36/anat/sub-016S1121_ses-m36_acq-15T_T1w.nii.gz,3,Dementia,bids_adni1
016_S_1138,bl,2007-01-29,/project/rrg-mchakrav-ab/moncia/ADNI/bids_adni1/sub-016S1138/ses-bl/anat/sub-016S1138_ses-bl_acq-3T_T1w.nii.gz,2,MCI,bids_adni1
016_S_1138,sc,2007-01-29,/project/rrg-mchakrav-ab/moncia/ADNI/bids_adni1/sub-016S1138/ses-sc/anat/sub-016S1138_ses-sc_acq-15T_T1w.nii.gz,2,MCI,bids_adni1
016_S_1138,m06,2007-07-30,/project/rrg-mchakrav-ab/moncia/ADNI/bids_adni1/sub-016S1138/ses-m06/anat/sub-016S1138_ses-m06_acq-15T_T1w.nii.gz,2,MCI,bids_adni1
016_S_1326,bl,2007-03-27,/project/rrg-mchakrav-ab/moncia/ADNI/bids_adni1/sub-016S1326/ses-bl/anat/sub-016S1326_ses-bl_acq-3T_T1w.nii.gz,2,MCI,bids_adni1
016_S_1326,sc,2007-03-27,/project/rrg-mchakrav-ab/moncia/ADNI/bids_adni1/sub-016S1326/ses-sc/anat/sub-016S1326_ses-sc_acq-15T_T1w.nii.gz,2,MCI,bids_adni1
016_S_1326,m12,2008-03-26,/project/rrg-mchakrav-ab/moncia/ADNI/bids_adni1/sub-016S1326/ses-m12/anat/sub-016S1326_ses-m12_acq-15T_T1w.nii.gz,2,MCI,bids_adni1
016_S_1326,m18,2008-09-24,/project/rrg-mchakrav-ab/moncia/ADNI/bids_adni1/sub-016S1326/ses-m18/anat/sub-016S1326_ses-m18_acq-15T_T1w.nii.gz,3,Dementia,bids_adni1
016_S_1326,m24,2009-03-26,/project/rrg-mchakrav-ab/moncia/ADNI/bids_adni1/sub-016S1326/ses-m24/anat/sub-016S1326_ses-m24_acq-15T_T1w.nii.gz,3,Dementia,bids_adni1
016_S_1326,m36,2010-03-26,/project/rrg-mchakrav-ab/moncia/ADNI/bids_adni1/sub-016S1326/ses-m36/anat/sub-016S1326_ses-m36_acq-15T_T1w.nii.gz,3,Dementia,bids_adni1
016_S_2007,m03,2010-10-05,/project/rrg-mchakrav-ab/moncia/ADNI/bids_adni_go2/sub-016S2007/ses-m03/anat/sub-016S2007_ses-m03_acq-3Taccel_T1w.nii.gz,2,MCI,bids_adni_go2
016_S_2007,m06,2011-01-04,/project/rrg-mchakrav-ab/moncia/ADNI/bids_adni_go2/sub-016S2007/ses-m06/anat/sub-016S2007_ses-m06_acq-3Taccel_T1w.nii.gz,2,MCI,bids_adni_go2
016_S_2007,m12,2011-07-06,/project/rrg-mchakrav-ab/moncia/ADNI/bids_adni_go2/sub-016S2007/ses-m12/anat/sub-016S2007_ses-m12_acq-3Taccel_T1w.nii.gz,2,MCI,bids_adni_go2
016_S_2007,m24,2012-07-05,/project/rrg-mchakrav-ab/moncia/ADNI/bids_adni_go2/sub-016S2007/ses-m24/anat/sub-016S2007_ses-m24_acq-3Taccel_T1w.nii.gz,2,MCI,bids_adni_go2
016_S_2031,m03,2010-12-01,/project/rrg-mchakrav-ab/moncia/ADNI/bids_adni_go2/sub-016S2031/ses-m03/anat/sub-016S2031_ses-m03_acq-3Taccel_T1w.nii.gz,2,MCI,bids_adni_go2
016_S_2031,m06,2011-03-02,/project/rrg-mchakrav-ab/moncia/ADNI/bids_adni_go2/sub-016S2031/ses-m06/anat/sub-016S2031_ses-m06_acq-3Taccel_T1w.nii.gz,2,MCI,bids_adni_go2
016_S_2031,m12,2011-09-01,/project/rrg-mchakrav-ab/moncia/ADNI/bids_adni_go2/sub-016S2031/ses-m12/anat/sub-016S2031_ses-m12_acq-3Taccel_T1w.nii.gz,2,MCI,bids_adni_go2
016_S_2031,m24,2012-08-31,/project/rrg-mchakrav-ab/moncia/ADNI/bids_adni_go2/sub-016S2031/ses-m24/anat/sub-016S2031_ses-m24_acq-3Taccel_T1w.nii.gz,2,MCI,bids_adni_go2
016_S_2031,m36,2013-08-31,/project/rrg-mchakrav-ab/moncia/ADNI/bids_adni_go2/sub-016S2031/ses-m36/anat/sub-016S2031_ses-m36_acq-3Tunaccel_T1w.nii.gz,2,MCI,bids_adni_go2
016_S_2284,m03,2011-05-26,/project/rrg-mchakrav-ab/moncia/ADNI/bids_adni_go2/sub-016S2284/ses-m03/anat/sub-016S2284_ses-m03_acq-3Taccel_T1w.nii.gz,2,MCI,bids_adni_go2
016_S_2284,m12,2012-02-24,/project/rrg-mchakrav-ab/moncia/ADNI/bids_adni_go2/sub-016S2284/ses-m12/anat/sub-016S2284_ses-m12_acq-3Taccel_T1w.nii.gz,2,MCI,bids_adni_go2
016_S_4584,m03,2012-05-31,/project/rrg-mchakrav-ab/moncia/ADNI/bids_adni_go2/sub-016S4584/ses-m03/anat/sub-016S4584_ses-m03_acq-3Taccel_T1w.nii.gz,2,MCI,bids_adni_go2
016_S_4584,m06,2012-08-30,/project/rrg-mchakrav-ab/moncia/ADNI/bids_adni_go2/sub-016S4584/ses-m06/anat/sub-016S4584_ses-m06_acq-3Taccel_T1w.nii.gz,2,MCI,bids_adni_go2
016_S_4584,m12,2013-03-01,/project/rrg-mchakrav-ab/moncia/ADNI/bids_adni_go2/sub-016S4584/ses-m12/anat/sub-016S4584_ses-m12_acq-3Taccel_T1w.nii.gz,2,MCI,bids_adni_go2
016_S_4584,m24,2014-03-01,/project/rrg-mchakrav-ab/moncia/ADNI/bids_adni_go2/sub-016S4584/ses-m24/anat/sub-016S4584_ses-m24_acq-3Taccel_T1w.nii.gz,3,Dementia,bids_adni_go2
016_S_4646,m03,2012-06-26,/project/rrg-mchakrav-ab/moncia/ADNI/bids_adni_go2/sub-016S4646/ses-m03/anat/sub-016S4646_ses-m03_acq-3Taccel_T1w.nii.gz,2,MCI,bids_adni_go2
016_S_4646,m06,2012-09-25,/project/rrg-mchakrav-ab/moncia/ADNI/bids_adni_go2/sub-016S4646/ses-m06/anat/sub-016S4646_ses-m06_acq-3Taccel_T1w.nii.gz,2,MCI,bids_adni_go2
016_S_4646,m12,2013-03-27,/project/rrg-mchakrav-ab/moncia/ADNI/bids_adni_go2/sub-016S4646/ses-m12/anat/sub-016S4646_ses-m12_acq-3Taccel_T1w.nii.gz,2,MCI,bids_adni_go2
016_S_4646,m24,2014-03-27,/project/rrg-mchakrav-ab/moncia/ADNI/bids_adni_go2/sub-016S4646/ses-m24/anat/sub-016S4646_ses-m24_acq-3Taccel_T1w.nii.gz,2,MCI,bids_adni_go2
016_S_4902,m03,2012-11-16,/project/rrg-mchakrav-ab/moncia/ADNI/bids_adni_go2/sub-016S4902/ses-m03/anat/sub-016S4902_ses-m03_acq-3Taccel_T1w.nii.gz,2,MCI,bids_adni_go2
016_S_4902,m06,2013-02-15,/project/rrg-mchakrav-ab/moncia/ADNI/bids_adni_go2/sub-016S4902/ses-m06/anat/sub-016S4902_ses-m06_acq-3Taccel_T1w.nii.gz,2,MCI,bids_adni_go2
016_S_4902,m12,2013-08-17,/project/rrg-mchakrav-ab/moncia/ADNI/bids_adni_go2/sub-016S4902/ses-m12/anat/sub-016S4902_ses-m12_acq-3Taccel_T1w.nii.gz,2,MCI,bids_adni_go2
016_S_4902,m24,2014-08-17,/project/rrg-mchakrav-ab/moncia/ADNI/bids_adni_go2/sub-016S4902/ses-m24/anat/sub-016S4902_ses-m24_acq-3Taccel_T1w.nii.gz,3,Dementia,bids_adni_go2
016_S_4902,m36,2015-08-17,/project/rrg-mchakrav-ab/moncia/ADNI/bids_adni_go2/sub-016S4902/ses-m36/anat/sub-016S4902_ses-m36_acq-3Taccel_T1w.nii.gz,3,Dementia,bids_adni_go2
016_S_4902,m72,2018-08-17,/project/rrg-mchakrav-ab/moncia/ADNI/bids_adni3/sub-016S4902/ses-m72/anat/sub-016S4902_ses-m72_acq-3T_T1w.nii.gz,3,Dementia,bids_adni3
016_S_4902,m84,2019-08-17,/project/rrg-mchakrav-ab/moncia/ADNI/bids_adni3/sub-016S4902/ses-m84/anat/sub-016S4902_ses-m84_acq-3T_T1w.nii.gz,3,Dementia,bids_adni3
016_S_5007,m03,2013-01-28,/project/rrg-mchakrav-ab/moncia/ADNI/bids_adni_go2/sub-016S5007/ses-m03/anat/sub-016S5007_ses-m03_acq-3Taccel_T1w.nii.gz,2,MCI,bids_adni_go2
016_S_5007,m06,2013-04-29,/project/rrg-mchakrav-ab/moncia/ADNI/bids_adni_go2/sub-016S5007/ses-m06/anat/sub-016S5007_ses-m06_acq-3Taccel_T1w.nii.gz,2,MCI,bids_adni_go2
016_S_5007,m12,2013-10-29,/project/rrg-mchakrav-ab/moncia/ADNI/bids_adni_go2/sub-016S5007/ses-m12/anat/sub-016S5007_ses-m12_acq-3Taccel_T1w.nii.gz,2,MCI,bids_adni_go2
016_S_5007,m24,2014-10-29,/project/rrg-mchakrav-ab/moncia/ADNI/bids_adni_go2/sub-016S5007/ses-m24/anat/sub-016S5007_ses-m24_acq-3Taccel_T1w.nii.gz,2,MCI,bids_adni_go2
016_S_5031,m12,2013-11-16,/project/rrg-mchakrav-ab/moncia/ADNI/bids_adni_go2/sub-016S5031/ses-m12/anat/sub-016S5031_ses-m12_acq-3Taccel_T1w.nii.gz,2,MCI,bids_adni_go2
016_S_5031,m24,2014-11-16,/project/rrg-mchakrav-ab/moncia/ADNI/bids_adni_go2/sub-016S5031/ses-m24/anat/sub-016S5031_ses-m24_acq-3Tunaccel_T1w.nii.gz,2,MCI,bids_adni_go2
016_S_6816,sc,2019-09-20,/project/rrg-mchakrav-ab/moncia/ADNI/bids_adni3/sub-016S6816/ses-sc/anat/sub-016S6816_ses-sc_acq-3T_T1w.nii.gz,2,MCI,bids_adni3
016_S_6816,m12,2020-09-19,/project/rrg-mchakrav-ab/moncia/ADNI/bids_adni3/sub-016S6816/ses-m12/anat/sub-016S6816_ses-m12_acq-3T_T1w.nii.gz,2,MCI,bids_adni3
016_S_6816,m24,2021-09-19,/project/rrg-mchakrav-ab/moncia/ADNI/bids_adni3/sub-016S6816/ses-m24/anat/sub-016S6816_ses-m24_acq-3T_T1w.nii.gz,2,MCI,bids_adni3
016_S_6816,m60,2024-09-19,/project/rrg-mchakrav-ab/moncia/ADNI/bids_adni4_qc/sub-016S6816/ses-m60/anat/sub-016S6816_ses-m60_acq-3Taccel_T1w.nii.gz,2,MCI,bids_adni4_qc
016_S_6816,m72,2025-09-19,/project/rrg-mchakrav-ab/moncia/ADNI/bids_adni4_qc/sub-016S6816/ses-m72/anat/sub-016S6816_ses-m72_acq-3Taccel_T1w.nii.gz,2,MCI,bids_adni4_qc
018_S_0057,sc,2006-01-18,/project/rrg-mchakrav-ab/moncia/ADNI/bids_adni1/sub-018S0057/ses-sc/anat/sub-018S0057_ses-sc_acq-15T_T1w.nii.gz,2,MCI,bids_adni1
018_S_0057,m06,2006-07-19,/project/rrg-mchakrav-ab/moncia/ADNI/bids_adni1/sub-018S0057/ses-m06/anat/sub-018S0057_ses-m06_acq-15T_T1w.nii.gz,2,MCI,bids_adni1
018_S_0057,m12,2007-01-18,/project/rrg-mchakrav-ab/moncia/ADNI/bids_adni1/sub-018S0057/ses-m12/anat/sub-018S0057_ses-m12_acq-15T_T1w.nii.gz,2,MCI,bids_adni1
018_S_0057,m18,2007-07-19,/project/rrg-mchakrav-ab/moncia/ADNI/bids_adni1/sub-018S0057/ses-m18/anat/sub-018S0057_ses-m18_acq-15T_T1w.nii.gz,3,Dementia,bids_adni1
018_S_0080,sc,2006-01-18,/project/rrg-mchakrav-ab/moncia/ADNI/bids_adni1/sub-018S0080/ses-sc/anat/sub-018S0080_ses-sc_acq-15T_T1w.nii.gz,2,MCI,bids_adni1
018_S_0080,m06,2006-07-19,/project/rrg-mchakrav-ab/moncia/ADNI/bids_adni1/sub-018S0080/ses-m06/anat/sub-018S0080_ses-m06_acq-15T_T1w.nii.gz,2,MCI,bids_adni1
018_S_0080,m12,2007-01-18,/project/rrg-mchakrav-ab/moncia/ADNI/bids_adni1/sub-018S0080/ses-m12/anat/sub-018S0080_ses-m12_acq-15T_T1w.nii.gz,2,MCI,bids_adni1
018_S_0087,sc,2006-02-03,/project/rrg-mchakrav-ab/moncia/ADNI/bids_adni1/sub-018S0087/ses-sc/anat/sub-018S0087_ses-sc_acq-15T_T1w.nii.gz,2,MCI,bids_adni1
018_S_0087,m06,2006-08-04,/project/rrg-mchakrav-ab/moncia/ADNI/bids_adni1/sub-018S0087/ses-m06/anat/sub-018S0087_ses-m06_acq-15T_T1w.nii.gz,2,MCI,bids_adni1
018_S_0087,m12,2007-02-03,/project/rrg-mchakrav-ab/moncia/ADNI/bids_adni1/sub-018S0087/ses-m12/anat/sub-018S0087_ses-m12_acq-15T_T1w.nii.gz,2,MCI,bids_adni1
018_S_0087,m18,2007-08-04,/project/rrg-mchakrav-ab/moncia/ADNI/bids_adni1/sub-018S0087/ses-m18/anat/sub-018S0087_ses-m18_acq-15T_T1w.nii.gz,2,MCI,bids_adni1
018_S_0142,sc,2006-02-20,/project/rrg-mchakrav-ab/moncia/ADNI/bids_adni1/sub-018S0142/ses-sc/anat/sub-018S0142_ses-sc_acq-15T_T1w.nii.gz,2,MCI,bids_adni1
018_S_0142,m06,2006-08-21,/project/rrg-mchakrav-ab/moncia/ADNI/bids_adni1/sub-018S0142/ses-m06/anat/sub-018S0142_ses-m06_acq-15T_T1w.nii.gz,2,MCI,bids_adni1
018_S_0142,m12,2007-02-20,/project/rrg-mchakrav-ab/moncia/ADNI/bids_adni1/sub-018S0142/ses-m12/anat/sub-018S0142_ses-m12_acq-15T_T1w.nii.gz,2,MCI,bids_adni1
018_S_0142,m18,2007-08-21,/project/rrg-mchakrav-ab/moncia/ADNI/bids_adni1/sub-018S0142/ses-m18/anat/sub-018S0142_ses-m18_acq-15T_T1w.nii.gz,2,MCI,bids_adni1
018_S_0142,m36,2009-02-19,/project/rrg-mchakrav-ab/moncia/ADNI/bids_adni1/sub-018S0142/ses-m36/anat/sub-018S0142_ses-m36_acq-15T_T1w.nii.gz,2,MCI,bids_adni1
018_S_0142,m48,2010-02-20,/project/rrg-mchakrav-ab/moncia/ADNI/bids_adni1/sub-018S0142/ses-m48/anat/sub-018S0142_ses-m48_acq-15T_T1w.nii.gz,2,MCI,bids_adni1
018_S_0155,sc,2006-03-24,/project/rrg-mchakrav-ab/moncia/ADNI/bids_adni1/sub-018S0155/ses-sc/anat/sub-018S0155_ses-sc_acq-15T_T1w.nii.gz,2,MCI,bids_adni1
018_S_0155,m06,2006-09-22,/project/rrg-mchakrav-ab/moncia/ADNI/bids_adni1/sub-018S0155/ses-m06/anat/sub-018S0155_ses-m06_acq-15T_T1w.nii.gz,2,MCI,bids_adni1
018_S_0155,m12,2007-03-24,/project/rrg-mchakrav-ab/moncia/ADNI/bids_adni1/sub-018S0155/ses-m12/anat/sub-018S0155_ses-m12_acq-15T_T1w.nii.gz,2,MCI,bids_adni1
018_S_0155,m18,2007-09-22,/project/rrg-mchakrav-ab/moncia/ADNI/bids_adni1/sub-018S0155/ses-m18/anat/sub-018S0155_ses-m18_acq-15T_T1w.nii.gz,2,MCI,bids_adni1
018_S_0155,m36,2009-03-23,/project/rrg-mchakrav-ab/moncia/ADNI/bids_adni1/sub-018S0155/ses-m36/anat/sub-018S0155_ses-m36_acq-15T_T1w.nii.gz,3,Dementia,bids_adni1
018_S_0406,m06,2006-12-27,/project/rrg-mchakrav-ab/moncia/ADNI/bids_adni1/sub-018S0406/ses-m06/anat/sub-018S0406_ses-m06_acq-15T_T1w.nii.gz,2,MCI,bids_adni1
018_S_0406,m12,2007-06-28,/project/rrg-mchakrav-ab/moncia/ADNI/bids_adni1/sub-018S0406/ses-m12/anat/sub-018S0406_ses-m12_acq-15T_T1w.nii.gz,2,MCI,bids_adni1
018_S_0406,m24,2008-06-27,/project/rrg-mchakrav-ab/moncia/ADNI/bids_adni1/sub-018S0406/ses-m24/anat/sub-018S0406_ses-m24_acq-15T_T1w.nii.gz,2,MCI,bids_adni1
018_S_0450,m06,2006-12-24,/project/rrg-mchakrav-ab/moncia/ADNI/bids_adni1/sub-018S0450/ses-m06/anat/sub-018S0450_ses-m06_acq-15T_T1w.nii.gz,2,MCI,bids_adni1
018_S_0450,m24,2008-06-24,/project/rrg-mchakrav-ab/moncia/ADNI/bids_adni1/sub-018S0450/ses-m24/anat/sub-018S0450_ses-m24_acq-15T_T1w.nii.gz,2,MCI,bids_adni1
018_S_0450,m36,2009-06-24,/project/rrg-mchakrav-ab/moncia/ADNI/bids_adni1/sub-018S0450/ses-m36/anat/sub-018S0450_ses-m36_acq-15T_T1w.nii.gz,3,Dementia,bids_adni1
018_S_2133,m03,2011-08-05,/project/rrg-mchakrav-ab/moncia/ADNI/bids_adni_go2/sub-018S2133/ses-m03/anat/sub-018S2133_ses-m03_acq-3Taccel_T1w.nii.gz,2,MCI,bids_adni_go2
018_S_2133,m06,2011-11-04,/project/rrg-mchakrav-ab/moncia/ADNI/bids_adni_go2/sub-018S2133/ses-m06/anat/sub-018S2133_ses-m06_acq-3Taccel_T1w.nii.gz,2,MCI,bids_adni_go2
018_S_2133,m12,2012-05-05,/project/rrg-mchakrav-ab/moncia/ADNI/bids_adni_go2/sub-018S2133/ses-m12/anat/sub-018S2133_ses-m12_acq-3Taccel_T1w.nii.gz,2,MCI,bids_adni_go2
018_S_2133,m24,2013-05-05,/project/rrg-mchakrav-ab/moncia/ADNI/bids_adni_go2/sub-018S2133/ses-m24/anat/sub-018S2133_ses-m24_acq-3Taccel_T1w.nii.gz,2,MCI,bids_adni_go2
018_S_2133,m36,2014-05-05,/project/rrg-mchakrav-ab/moncia/ADNI/bids_adni_go2/sub-018S2133/ses-m36/anat/sub-018S2133_ses-m36_acq-3Taccel_T1w.nii.gz,2,MCI,bids_adni_go2
018_S_2133,m48,2015-05-06,/project/rrg-mchakrav-ab/moncia/ADNI/bids_adni_go2/sub-018S2133/ses-m48/anat/sub-018S2133_ses-m48_acq-3Taccel_T1w.nii.gz,2,MCI,bids_adni_go2
018_S_2133,m84,2018-05-05,/project/rrg-mchakrav-ab/moncia/ADNI/bids_adni3/sub-018S2133/ses-m84/anat/sub-018S2133_ses-m84_acq-3T_T1w.nii.gz,3,Dementia,bids_adni3
018_S_2133,m96,2019-05-06,/project/rrg-mchakrav-ab/moncia/ADNI/bids_adni3/sub-018S2133/ses-m96/anat/sub-018S2133_ses-m96_acq-3T_T1w.nii.gz,3,Dementia,bids_adni3
018_S_2138,m03,2011-08-03,/project/rrg-mchakrav-ab/moncia/ADNI/bids_adni_go2/sub-018S2138/ses-m03/anat/sub-018S2138_ses-m03_acq-3Taccel_T1w.nii.gz,2,MCI,bids_adni_go2
018_S_2138,m06,2011-11-02,/project/rrg-mchakrav-ab/moncia/ADNI/bids_adni_go2/sub-018S2138/ses-m06/anat/sub-018S2138_ses-m06_acq-3Taccel_T1w.nii.gz,2,MCI,bids_adni_go2
018_S_2155,m03,2011-08-05,/project/rrg-mchakrav-ab/moncia/ADNI/bids_adni_go2/sub-018S2155/ses-m03/anat/sub-018S2155_ses-m03_acq-3Taccel_T1w.nii.gz,2,MCI,bids_adni_go2
018_S_2155,m06,2011-11-04,/project/rrg-mchakrav-ab/moncia/ADNI/bids_adni_go2/sub-018S2155/ses-m06/anat/sub-018S2155_ses-m06_acq-3Taccel_T1w.nii.gz,2,MCI,bids_adni_go2
018_S_2155,m12,2012-05-05,/project/rrg-mchakrav-ab/moncia/ADNI/bids_adni_go2/sub-018S2155/ses-m12/anat/sub-018S2155_ses-m12_acq-3Taccel_T1w.nii.gz,2,MCI,bids_adni_go2
018_S_2155,m24,2013-05-05,/project/rrg-mchakrav-ab/moncia/ADNI/bids_adni_go2/sub-018S2155/ses-m24/anat/sub-018S2155_ses-m24_acq-3Taccel_T1w.nii.gz,2,MCI,bids_adni_go2
018_S_2155,m36,2014-05-05,/project/rrg-mchakrav-ab/moncia/ADNI/bids_adni_go2/sub-018S2155/ses-m36/anat/sub-018S2155_ses-m36_acq-3Taccel_T1w.nii.gz,2,MCI,bids_adni_go2
018_S_2155,m48,2015-05-06,/project/rrg-mchakrav-ab/moncia/ADNI/bids_adni_go2/sub-018S2155/ses-m48/anat/sub-018S2155_ses-m48_acq-3Taccel_T1w.nii.gz,2,MCI,bids_adni_go2
018_S_2155,m84,2018-05-05,/project/rrg-mchakrav-ab/moncia/ADNI/bids_adni3/sub-018S2155/ses-m84/anat/sub-018S2155_ses-m84_acq-3T_T1w.nii.gz,2,MCI,bids_adni3
018_S_2155,m90,2018-11-04,/project/rrg-mchakrav-ab/moncia/ADNI/bids_adni3/sub-018S2155/ses-m90/anat/sub-018S2155_ses-m90_acq-3T_T1w.nii.gz,2,MCI,bids_adni3
018_S_2155,m108,2020-05-05,/project/rrg-mchakrav-ab/moncia/ADNI/bids_adni3/sub-018S2155/ses-m108/anat/sub-018S2155_ses-m108_acq-3T_T1w.nii.gz,2,MCI,bids_adni3
018_S_2155,m120,2021-05-05,/project/rrg-mchakrav-ab/moncia/ADNI/bids_adni3/sub-018S2155/ses-m120/anat/sub-018S2155_ses-m120_acq-3T_T1w.nii.gz,2,MCI,bids_adni3
018_S_2155,m132,2022-05-06,/project/rrg-mchakrav-ab/moncia/ADNI/bids_adni3/sub-018S2155/ses-m132/anat/sub-018S2155_ses-m132_acq-3T_T1w.nii.gz,2,MCI,bids_adni3
018_S_2155,m144,2023-05-06,/project/rrg-mchakrav-ab/moncia/ADNI/bids_adni3/sub-018S2155/ses-m144/anat/sub-018S2155_ses-m144_acq-3T_T1w.nii.gz,3,Dementia,bids_adni3
018_S_2180,m03,2011-04-28,/project/rrg-mchakrav-ab/moncia/ADNI/bids_adni_go2/sub-018S2180/ses-m03/anat/sub-018S2180_ses-m03_acq-3Taccel_T1w.nii.gz,2,MCI,bids_adni_go2
018_S_2180,m06,2011-07-28,/project/rrg-mchakrav-ab/moncia/ADNI/bids_adni_go2/sub-018S2180/ses-m06/anat/sub-018S2180_ses-m06_acq-3Taccel_T1w.nii.gz,2,MCI,bids_adni_go2
018_S_2180,m12,2012-01-27,/project/rrg-mchakrav-ab/moncia/ADNI/bids_adni_go2/sub-018S2180/ses-m12/anat/sub-018S2180_ses-m12_acq-3Taccel_T1w.nii.gz,2,MCI,bids_adni_go2
018_S_2180,m24,2013-01-26,/project/rrg-mchakrav-ab/moncia/ADNI/bids_adni_go2/sub-018S2180/ses-m24/anat/sub-018S2180_ses-m24_acq-3Taccel_T1w.nii.gz,2,MCI,bids_adni_go2
018_S_2180,m36,2014-01-26,/project/rrg-mchakrav-ab/moncia/ADNI/bids_adni_go2/sub-018S2180/ses-m36/anat/sub-018S2180_ses-m36_acq-3Taccel_T1w.nii.gz,2,MCI,bids_adni_go2
018_S_2180,m48,2015-01-27,/project/rrg-mchakrav-ab/moncia/ADNI/bids_adni_go2/sub-018S2180/ses-m48/anat/sub-018S2180_ses-m48_acq-3Taccel_T1w.nii.gz,1,CN,bids_adni_go2
018_S_2180,m60,2016-01-27,/project/rrg-mchakrav-ab/moncia/ADNI/bids_adni_go2/sub-018S2180/ses-m60/anat/sub-018S2180_ses-m60_acq-3Taccel_T1w.nii.gz,1,CN,bids_adni_go2
018_S_2180,m84,2018-01-26,/project/rrg-mchakrav-ab/moncia/ADNI/bids_adni3/sub-018S2180/ses-m84/anat/sub-018S2180_ses-m84_acq-3T_T1w.nii.gz,2,MCI,bids_adni3
018_S_2180,m90,2018-07-28,/project/rrg-mchakrav-ab/moncia/ADNI/bids_adni3/sub-018S2180/ses-m90/anat/sub-018S2180_ses-m90_acq-3T_T1w.nii.gz,2,MCI,bids_adni3
018_S_2180,m102,2019-07-28,/project/rrg-mchakrav-ab/moncia/ADNI/bids_adni3/sub-018S2180/ses-m102/anat/sub-018S2180_ses-m102_acq-3T_T1w.nii.gz,2,MCI,bids_adni3
018_S_2180,m114,2020-07-28,/project/rrg-mchakrav-ab/moncia/ADNI/bids_adni3/sub-018S2180/ses-m114/anat/sub-018S2180_ses-m114_acq-3T_T1w.nii.gz,2,MCI,bids_adni3
018_S_4597,m03,2012-06-11,/project/rrg-mchakrav-ab/moncia/ADNI/bids_adni_go2/sub-018S4597/ses-m03/anat/sub-018S4597_ses-m03_acq-3Taccel_T1w.nii.gz,2,MCI,bids_adni_go2
018_S_4597,m12,2013-03-12,/project/rrg-mchakrav-ab/moncia/ADNI/bids_adni_go2/sub-018S4597/ses-m12/anat/sub-018S4597_ses-m12_acq-3Taccel_T1w.nii.gz,2,MCI,bids_adni_go2
018_S_4809,m03,2012-09-17,/project/rrg-mchakrav-ab/moncia/ADNI/bids_adni_go2/sub-018S4809/ses-m03/anat/sub-018S4809_ses-m03_acq-3Taccel_T1w.nii.gz,2,MCI,bids_adni_go2
018_S_4809,m06,2012-12-17,/project/rrg-mchakrav-ab/moncia/ADNI/bids_adni_go2/sub-018S4809/ses-m06/anat/sub-018S4809_ses-m06_acq-3Taccel_T1w.nii.gz,2,MCI,bids_adni_go2
018_S_4809,m12,2013-06-18,/project/rrg-mchakrav-ab/moncia/ADNI/bids_adni_go2/sub-018S4809/ses-m12/anat/sub-018S4809_ses-m12_acq-3Taccel_T1w.nii.gz,2,MCI,bids_adni_go2
018_S_4809,m24,2014-06-18,/project/rrg-mchakrav-ab/moncia/ADNI/bids_adni_go2/sub-018S4809/ses-m24/anat/sub-018S4809_ses-m24_acq-3Taccel_T1w.nii.gz,2,MCI,bids_adni_go2
018_S_4809,m48,2016-06-18,/project/rrg-mchakrav-ab/moncia/ADNI/bids_adni_go2/sub-018S4809/ses-m48/anat/sub-018S4809_ses-m48_acq-3Taccel_T1w.nii.gz,2,MCI,bids_adni_go2
018_S_4868,m03,2012-10-18,/project/rrg-mchakrav-ab/moncia/ADNI/bids_adni_go2/sub-018S4868/ses-m03/anat/sub-018S4868_ses-m03_acq-3Taccel_T1w.nii.gz,2,MCI,bids_adni_go2
018_S_4868,m06,2013-01-17,/project/rrg-mchakrav-ab/moncia/ADNI/bids_adni_go2/sub-018S4868/ses-m06/anat/sub-018S4868_ses-m06_acq-3Taccel_T1w.nii.gz,2,MCI,bids_adni_go2
018_S_4868,m12,2013-07-19,/project/rrg-mchakrav-ab/moncia/ADNI/bids_adni_go2/sub-018S4868/ses-m12/anat/sub-018S4868_ses-m12_acq-3Taccel_T1w.nii.gz,2,MCI,bids_adni_go2
018_S_4868,m24,2014-07-19,/project/rrg-mchakrav-ab/moncia/ADNI/bids_adni_go2/sub-018S4868/ses-m24/anat/sub-018S4868_ses-m24_acq-3Taccel_T1w.nii.gz,2,MCI,bids_adni_go2
018_S_4868,m48,2016-07-19,/project/rrg-mchakrav-ab/moncia/ADNI/bids_adni_go2/sub-018S4868/ses-m48/anat/sub-018S4868_ses-m48_acq-3Taccel_T1w.nii.gz,2,MCI,bids_adni_go2
018_S_4868,m60,2017-07-19,/project/rrg-mchakrav-ab/moncia/ADNI/bids_adni3/sub-018S4868/ses-m60/anat/sub-018S4868_ses-m60_acq-3T_T1w.nii.gz,2,MCI,bids_adni3
018_S_4868,m72,2018-07-19,/project/rrg-mchakrav-ab/moncia/ADNI/bids_adni3/sub-018S4868/ses-m72/anat/sub-018S4868_ses-m72_acq-3T_T1w.nii.gz,2,MCI,bids_adni3
018_S_4889,m03,2012-11-05,/project/rrg-mchakrav-ab/moncia/ADNI/bids_adni_go2/sub-018S4889/ses-m03/anat/sub-018S4889_ses-m03_acq-3Taccel_T1w.nii.gz,2,MCI,bids_adni_go2
018_S_4889,m06,2013-02-04,/project/rrg-mchakrav-ab/moncia/ADNI/bids_adni_go2/sub-018S4889/ses-m06/anat/sub-018S4889_ses-m06_acq-3Taccel_T1w.nii.gz,2,MCI,bids_adni_go2
018_S_4889,m12,2013-08-06,/project/rrg-mchakrav-ab/moncia/ADNI/bids_adni_go2/sub-018S4889/ses-m12/anat/sub-018S4889_ses-m12_acq-3Taccel_T1w.nii.gz,2,MCI,bids_adni_go2
018_S_4889,m24,2014-08-06,/project/rrg-mchakrav-ab/moncia/ADNI/bids_adni_go2/sub-018S4889/ses-m24/anat/sub-018S4889_ses-m24_acq-3Taccel_T1w.nii.gz,2,MCI,bids_adni_go2
018_S_6414,sc,2018-06-04,/project/rrg-mchakrav-ab/moncia/ADNI/bids_adni3/sub-018S6414/ses-sc/anat/sub-018S6414_ses-sc_acq-3T_T1w.nii.gz,2,MCI,bids_adni3
018_S_6414,m12,2019-06-04,/project/rrg-mchakrav-ab/moncia/ADNI/bids_adni3/sub-018S6414/ses-m12/anat/sub-018S6414_ses-m12_acq-3T_T1w.nii.gz,1,CN,bids_adni3
018_S_6414,m24,2020-06-03,/project/rrg-mchakrav-ab/moncia/ADNI/bids_adni3/sub-018S6414/ses-m24/anat/sub-018S6414_ses-m24_acq-3T_T1w.nii.gz,1,CN,bids_adni3
018_S_6414,m48,2022-06-04,/project/rrg-mchakrav-ab/moncia/ADNI/bids_adni3/sub-018S6414/ses-m48/anat/sub-018S6414_ses-m48_acq-3T_T1w.nii.gz,1,CN,bids_adni3
019_S_4285,m03,2012-01-04,/project/rrg-mchakrav-ab/moncia/ADNI/bids_adni_go2/sub-019S4285/ses-m03/anat/sub-019S4285_ses-m03_acq-3Taccel_T1w.nii.gz,2,MCI,bids_adni_go2
019_S_4285,m06,2012-04-04,/project/rrg-mchakrav-ab/moncia/ADNI/bids_adni_go2/sub-019S4285/ses-m06/anat/sub-019S4285_ses-m06_acq-3Taccel_T1w.nii.gz,2,MCI,bids_adni_go2
019_S_4285,m12,2012-10-04,/project/rrg-mchakrav-ab/moncia/ADNI/bids_adni_go2/sub-019S4285/ses-m12/anat/sub-019S4285_ses-m12_acq-3Taccel_T1w.nii.gz,2,MCI,bids_adni_go2
019_S_4285,m24,2013-10-04,/project/rrg-mchakrav-ab/moncia/ADNI/bids_adni_go2/sub-019S4285/ses-m24/anat/sub-019S4285_ses-m24_acq-3Taccel_T1w.nii.gz,2,MCI,bids_adni_go2
019_S_4293,m03,2012-01-06,/project/rrg-mchakrav-ab/moncia/ADNI/bids_adni_go2/sub-019S4293/ses-m03/anat/sub-019S4293_ses-m03_acq-3Taccel_T1w.nii.gz,2,MCI,bids_adni_go2
019_S_4293,m06,2012-04-06,/project/rrg-mchakrav-ab/moncia/ADNI/bids_adni_go2/sub-019S4293/ses-m06/anat/sub-019S4293_ses-m06_acq-3Taccel_T1w.nii.gz,2,MCI,bids_adni_go2
019_S_4293,m12,2012-10-06,/project/rrg-mchakrav-ab/moncia/ADNI/bids_adni_go2/sub-019S4293/ses-m12/anat/sub-019S4293_ses-m12_acq-3Taccel_T1w.nii.gz,2,MCI,bids_adni_go2
019_S_4293,m24,2013-10-06,/project/rrg-mchakrav-ab/moncia/ADNI/bids_adni_go2/sub-019S4293/ses-m24/anat/sub-019S4293_ses-m24_acq-3Taccel_T1w.nii.gz,3,Dementia,bids_adni_go2
019_S_4293,m48,2015-10-07,/project/rrg-mchakrav-ab/moncia/ADNI/bids_adni_go2/sub-019S4293/ses-m48/anat/sub-019S4293_ses-m48_acq-3Taccel_T1w.nii.gz,3,Dementia,bids_adni_go2
019_S_4293,m66,2017-04-07,/project/rrg-mchakrav-ab/moncia/ADNI/bids_adni3/sub-019S4293/ses-m66/anat/sub-019S4293_ses-m66_acq-3T_T1w.nii.gz,3,Dementia,bids_adni3
019_S_4293,m78,2018-04-07,/project/rrg-mchakrav-ab/moncia/ADNI/bids_adni3/sub-019S4293/ses-m78/anat/sub-019S4293_ses-m78_acq-3T_T1w.nii.gz,3,Dementia,bids_adni3
019_S_4548,m03,2012-05-14,/project/rrg-mchakrav-ab/moncia/ADNI/bids_adni_go2/sub-019S4548/ses-m03/anat/sub-019S4548_ses-m03_acq-3Taccel_T1w.nii.gz,2,MCI,bids_adni_go2
019_S_4548,m06,2012-08-13,/project/rrg-mchakrav-ab/moncia/ADNI/bids_adni_go2/sub-019S4548/ses-m06/anat/sub-019S4548_ses-m06_acq-3Taccel_T1w.nii.gz,2,MCI,bids_adni_go2
019_S_4548,m12,2013-02-12,/project/rrg-mchakrav-ab/moncia/ADNI/bids_adni_go2/sub-019S4548/ses-m12/anat/sub-019S4548_ses-m12_acq-3Taccel_T1w.nii.gz,2,MCI,bids_adni_go2
019_S_4680,m03,2012-07-11,/project/rrg-mchakrav-ab/moncia/ADNI/bids_adni_go2/sub-019S4680/ses-m03/anat/sub-019S4680_ses-m03_acq-3Taccel_T1w.nii.gz,2,MCI,bids_adni_go2
019_S_4680,m06,2012-10-10,/project/rrg-mchakrav-ab/moncia/ADNI/bids_adni_go2/sub-019S4680/ses-m06/anat/sub-019S4680_ses-m06_acq-3Taccel_T1w.nii.gz,2,MCI,bids_adni_go2
019_S_4680,m12,2013-04-11,/project/rrg-mchakrav-ab/moncia/ADNI/bids_adni_go2/sub-019S4680/ses-m12/anat/sub-019S4680_ses-m12_acq-3Taccel_T1w.nii.gz,3,Dementia,bids_adni_go2
019_S_4680,m24,2014-04-11,/project/rrg-mchakrav-ab/moncia/ADNI/bids_adni_go2/sub-019S4680/ses-m24/anat/sub-019S4680_ses-m24_acq-3Taccel_T1w.nii.gz,3,Dementia,bids_adni_go2
019_S_6315,sc,2018-04-13,/project/rrg-mchakrav-ab/moncia/ADNI/bids_adni3/sub-019S6315/ses-sc/anat/sub-019S6315_ses-sc_acq-3T_T1w.nii.gz,2,MCI,bids_adni3
019_S_6315,m12,2019-04-13,/project/rrg-mchakrav-ab/moncia/ADNI/bids_adni3/sub-019S6315/ses-m12/anat/sub-019S6315_ses-m12_acq-3T_T1w.nii.gz,2,MCI,bids_adni3
019_S_6315,m24,2020-04-12,/project/rrg-mchakrav-ab/moncia/ADNI/bids_adni3/sub-019S6315/ses-m24/anat/sub-019S6315_ses-m24_acq-3T_T1w.nii.gz,2,MCI,bids_adni3
019_S_6315,m36,2021-04-12,/project/rrg-mchakrav-ab/moncia/ADNI/bids_adni3/sub-019S6315/ses-m36/anat/sub-019S6315_ses-m36_acq-3T_T1w.nii.gz,2,MCI,bids_adni3
019_S_6483,sc,2018-06-29,/project/rrg-mchakrav-ab/moncia/ADNI/bids_adni3/sub-019S6483/ses-sc/anat/sub-019S6483_ses-sc_acq-3T_T1w.nii.gz,2,MCI,bids_adni3
019_S_6483,m12,2019-06-29,/project/rrg-mchakrav-ab/moncia/ADNI/bids_adni3/sub-019S6483/ses-m12/anat/sub-019S6483_ses-m12_acq-3T_T1w.nii.gz,2,MCI,bids_adni3
019_S_6483,m24,2020-06-28,/project/rrg-mchakrav-ab/moncia/ADNI/bids_adni3/sub-019S6483/ses-m24/anat/sub-019S6483_ses-m24_acq-3T_T1w.nii.gz,2,MCI,bids_adni3
019_S_6483,m36,2021-06-28,/project/rrg-mchakrav-ab/moncia/ADNI/bids_adni3/sub-019S6483/ses-m36/anat/sub-019S6483_ses-m36_acq-3T_T1w.nii.gz,2,MCI,bids_adni3
019_S_6483,m60,2023-06-29,/project/rrg-mchakrav-ab/moncia/ADNI/bids_adni3/sub-019S6483/ses-m60/anat/sub-019S6483_ses-m60_acq-3T_T1w.nii.gz,3,Dementia,bids_adni3
019_S_6483,m84,2025-06-28,/project/rrg-mchakrav-ab/moncia/ADNI/bids_adni4_qc/sub-019S6483/ses-m84/anat/sub-019S6483_ses-m84_acq-3Taccel_T1w.nii.gz,3,Dementia,bids_adni4_qc
019_S_6635,sc,2018-11-28,/project/rrg-mchakrav-ab/moncia/ADNI/bids_adni3/sub-019S6635/ses-sc/anat/sub-019S6635_ses-sc_acq-3T_T1w.nii.gz,2,MCI,bids_adni3
019_S_6635,m12,2019-11-28,/project/rrg-mchakrav-ab/moncia/ADNI/bids_adni3/sub-019S6635/ses-m12/anat/sub-019S6635_ses-m12_acq-3T_T1w.nii.gz,2,MCI,bids_adni3
019_S_6635,m24,2020-11-27,/project/rrg-mchakrav-ab/moncia/ADNI/bids_adni3/sub-019S6635/ses-m24/anat/sub-019S6635_ses-m24_acq-3T_T1w.nii.gz,2,MCI,bids_adni3
019_S_6635,m36,2021-11-27,/project/rrg-mchakrav-ab/moncia/ADNI/bids_adni3/sub-019S6635/ses-m36/anat/sub-019S6635_ses-m36_acq-3T_T1w.nii.gz,2,MCI,bids_adni3
019_S_6635,m48,2022-11-28,/project/rrg-mchakrav-ab/moncia/ADNI/bids_adni3/sub-019S6635/ses-m48/anat/sub-019S6635_ses-m48_acq-3T_T1w.nii.gz,2,MCI,bids_adni3
019_S_6668,sc,2014-01-14,/project/rrg-mchakrav-ab/moncia/ADNI/bids_adni3/sub-019S6668/ses-sc/anat/sub-019S6668_ses-sc_acq-3T_T1w.nii.gz,2,MCI,bids_adni3
019_S_6668,m24,2016-01-14,/project/rrg-mchakrav-ab/moncia/ADNI/bids_adni3/sub-019S6668/ses-m24/anat/sub-019S6668_ses-m24_acq-3T_T1w.nii.gz,2,MCI,bids_adni3
019_S_6668,m60,2019-01-14,/project/rrg-mchakrav-ab/moncia/ADNI/bids_adni3/sub-019S6668/ses-m60/anat/sub-019S6668_ses-m60_acq-3T_T1w.nii.gz,2,MCI,bids_adni3
019_S_6757,sc,2019-06-14,/project/rrg-mchakrav-ab/moncia/ADNI/bids_adni3/sub-019S6757/ses-sc/anat/sub-019S6757_ses-sc_acq-3T_T1w.nii.gz,2,MCI,bids_adni3
019_S_6757,m12,2020-06-13,/project/rrg-mchakrav-ab/moncia/ADNI/bids_adni3/sub-019S6757/ses-m12/anat/sub-019S6757_ses-m12_acq-3T_T1w.nii.gz,2,MCI,bids_adni3
019_S_6757,m24,2021-06-13,/project/rrg-mchakrav-ab/moncia/ADNI/bids_adni3/sub-019S6757/ses-m24/anat/sub-019S6757_ses-m24_acq-3T_T1w.nii.gz,2,MCI,bids_adni3
019_S_6757,m36,2022-06-13,/project/rrg-mchakrav-ab/moncia/ADNI/bids_adni3/sub-019S6757/ses-m36/anat/sub-019S6757_ses-m36_acq-3T_T1w.nii.gz,2,MCI,bids_adni3
019_S_6757,m48,2023-06-14,/project/rrg-mchakrav-ab/moncia/ADNI/bids_adni3/sub-019S6757/ses-m48/anat/sub-019S6757_ses-m48_acq-3T_T1w.nii.gz,2,MCI,bids_adni3
020_S_4920,m03,2012-11-22,/project/rrg-mchakrav-ab/moncia/ADNI/bids_adni_go2/sub-020S4920/ses-m03/anat/sub-020S4920_ses-m03_acq-3Taccel_T1w.nii.gz,2,MCI,bids_adni_go2
020_S_4920,m06,2013-02-21,/project/rrg-mchakrav-ab/moncia/ADNI/bids_adni_go2/sub-020S4920/ses-m06/anat/sub-020S4920_ses-m06_acq-3Taccel_T1w.nii.gz,2,MCI,bids_adni_go2
020_S_4920,m12,2013-08-23,/project/rrg-mchakrav-ab/moncia/ADNI/bids_adni_go2/sub-020S4920/ses-m12/anat/sub-020S4920_ses-m12_acq-3Taccel_T1w.nii.gz,2,MCI,bids_adni_go2
021_S_0141,sc,2006-03-01,/project/rrg-mchakrav-ab/moncia/ADNI/bids_adni1/sub-021S0141/ses-sc/anat/sub-021S0141_ses-sc_acq-15T_T1w.nii.gz,2,MCI,bids_adni1
021_S_0141,m06,2006-08-30,/project/rrg-mchakrav-ab/moncia/ADNI/bids_adni1/sub-021S0141/ses-m06/anat/sub-021S0141_ses-m06_acq-15T_T1w.nii.gz,2,MCI,bids_adni1
021_S_0141,m12,2007-03-01,/project/rrg-mchakrav-ab/moncia/ADNI/bids_adni1/sub-021S0141/ses-m12/anat/sub-021S0141_ses-m12_acq-15T_T1w.nii.gz,3,Dementia,bids_adni1
021_S_0141,m18,2007-08-30,/project/rrg-mchakrav-ab/moncia/ADNI/bids_adni1/sub-021S0141/ses-m18/anat/sub-021S0141_ses-m18_acq-15T_T1w.nii.gz,3,Dementia,bids_adni1
021_S_0141,m24,2008-02-29,/project/rrg-mchakrav-ab/moncia/ADNI/bids_adni1/sub-021S0141/ses-m24/anat/sub-021S0141_ses-m24_acq-15T_T1w.nii.gz,3,Dementia,bids_adni1
021_S_0141,m36,2009-02-28,/project/rrg-mchakrav-ab/moncia/ADNI/bids_adni1/sub-021S0141/ses-m36/anat/sub-021S0141_ses-m36_acq-15T_T1w.nii.gz,3,Dementia,bids_adni1
021_S_0141,m48,2010-03-01,/project/rrg-mchakrav-ab/moncia/ADNI/bids_adni1/sub-021S0141/ses-m48/anat/sub-021S0141_ses-m48_acq-15T_T1w.nii.gz,3,Dementia,bids_adni1
021_S_0178,sc,2006-03-09,/project/rrg-mchakrav-ab/moncia/ADNI/bids_adni1/sub-021S0178/ses-sc/anat/sub-021S0178_ses-sc_acq-15T_T1w.nii.gz,2,MCI,bids_adni1
021_S_0178,m132,2017-03-09,/project/rrg-mchakrav-ab/moncia/ADNI/bids_adni3/sub-021S0178/ses-m132/anat/sub-021S0178_ses-m132_acq-3T_T1w.nii.gz,1,CN,bids_adni3
021_S_0178,m156,2019-03-09,/project/rrg-mchakrav-ab/moncia/ADNI/bids_adni3/sub-021S0178/ses-m156/anat/sub-021S0178_ses-m156_acq-3T_T1w.nii.gz,1,CN,bids_adni3
021_S_0178,m180,2021-03-09,/project/rrg-mchakrav-ab/moncia/ADNI/bids_adni3/sub-021S0178/ses-m180/anat/sub-021S0178_ses-m180_acq-3T_T1w.nii.gz,1,CN,bids_adni3
021_S_0231,sc,2006-03-23,/project/rrg-mchakrav-ab/moncia/ADNI/bids_adni1/sub-021S0231/ses-sc/anat/sub-021S0231_ses-sc_acq-15T_T1w.nii.gz,2,MCI,bids_adni1
021_S_0231,m06,2006-09-21,/project/rrg-mchakrav-ab/moncia/ADNI/bids_adni1/sub-021S0231/ses-m06/anat/sub-021S0231_ses-m06_acq-15T_T1w.nii.gz,2,MCI,bids_adni1
021_S_0231,m12,2007-03-23,/project/rrg-mchakrav-ab/moncia/ADNI/bids_adni1/sub-021S0231/ses-m12/anat/sub-021S0231_ses-m12_acq-15T_T1w.nii.gz,2,MCI,bids_adni1
021_S_0231,m18,2007-09-21,/project/rrg-mchakrav-ab/moncia/ADNI/bids_adni1/sub-021S0231/ses-m18/anat/sub-021S0231_ses-m18_acq-15T_T1w.nii.gz,2,MCI,bids_adni1
021_S_0231,m36,2009-03-22,/project/rrg-mchakrav-ab/moncia/ADNI/bids_adni1/sub-021S0231/ses-m36/anat/sub-021S0231_ses-m36_acq-15T_T1w.nii.gz,3,Dementia,bids_adni1
021_S_0273,m06,2006-10-10,/project/rrg-mchakrav-ab/moncia/ADNI/bids_adni1/sub-021S0273/ses-m06/anat/sub-021S0273_ses-m06_acq-15T_T1w.nii.gz,2,MCI,bids_adni1
021_S_0273,m12,2007-04-11,/project/rrg-mchakrav-ab/moncia/ADNI/bids_adni1/sub-021S0273/ses-m12/anat/sub-021S0273_ses-m12_acq-15T_T1w.nii.gz,2,MCI,bids_adni1
021_S_0273,m24,2008-04-10,/project/rrg-mchakrav-ab/moncia/ADNI/bids_adni1/sub-021S0273/ses-m24/anat/sub-021S0273_ses-m24_acq-15T_T1w.nii.gz,2,MCI,bids_adni1
021_S_0273,m36,2009-04-10,/project/rrg-mchakrav-ab/moncia/ADNI/bids_adni1/sub-021S0273/ses-m36/anat/sub-021S0273_ses-m36_acq-15T_T1w.nii.gz,2,MCI,bids_adni1
021_S_0276,m06,2006-09-29,/project/rrg-mchakrav-ab/moncia/ADNI/bids_adni1/sub-021S0276/ses-m06/anat/sub-021S0276_ses-m06_acq-15T_T1w.nii.gz,2,MCI,bids_adni1
021_S_0276,m12,2007-03-31,/project/rrg-mchakrav-ab/moncia/ADNI/bids_adni1/sub-021S0276/ses-m12/anat/sub-021S0276_ses-m12_acq-15T_T1w.nii.gz,2,MCI,bids_adni1
021_S_0276,m36,2009-03-30,/project/rrg-mchakrav-ab/moncia/ADNI/bids_adni1/sub-021S0276/ses-m36/anat/sub-021S0276_ses-m36_acq-15T_T1w.nii.gz,2,MCI,bids_adni1
021_S_0276,m48,2010-03-31,/project/rrg-mchakrav-ab/moncia/ADNI/bids_adni1/sub-021S0276/ses-m48/anat/sub-021S0276_ses-m48_acq-15T_T1w.nii.gz,2,MCI,bids_adni1
021_S_0424,m06,2006-11-13,/project/rrg-mchakrav-ab/moncia/ADNI/bids_adni1/sub-021S0424/ses-m06/anat/sub-021S0424_ses-m06_acq-15T_T1w.nii.gz,2,MCI,bids_adni1
021_S_0424,m12,2007-05-15,/project/rrg-mchakrav-ab/moncia/ADNI/bids_adni1/sub-021S0424/ses-m12/anat/sub-021S0424_ses-m12_acq-15T_T1w.nii.gz,2,MCI,bids_adni1
021_S_0424,m24,2008-05-14,/project/rrg-mchakrav-ab/moncia/ADNI/bids_adni1/sub-021S0424/ses-m24/anat/sub-021S0424_ses-m24_acq-15T_T1w.nii.gz,2,MCI,bids_adni1
021_S_0424,m36,2009-05-14,/project/rrg-mchakrav-ab/moncia/ADNI/bids_adni1/sub-021S0424/ses-m36/anat/sub-021S0424_ses-m36_acq-15T_T1w.nii.gz,2,MCI,bids_adni1
021_S_0424,m48,2010-05-15,/project/rrg-mchakrav-ab/moncia/ADNI/bids_adni1/sub-021S0424/ses-m48/anat/sub-021S0424_ses-m48_acq-15T_T1w.nii.gz,3,Dementia,bids_adni1
021_S_0626,sc,2006-08-11,/project/rrg-mchakrav-ab/moncia/ADNI/bids_adni1/sub-021S0626/ses-sc/anat/sub-021S0626_ses-sc_acq-15T_T1w.nii.gz,2,MCI,bids_adni1
021_S_0626,m06,2007-02-09,/project/rrg-mchakrav-ab/moncia/ADNI/bids_adni1/sub-021S0626/ses-m06/anat/sub-021S0626_ses-m06_acq-15T_T1w.nii.gz,2,MCI,bids_adni1
021_S_0626,m12,2007-08-11,/project/rrg-mchakrav-ab/moncia/ADNI/bids_adni1/sub-021S0626/ses-m12/anat/sub-021S0626_ses-m12_acq-15T_T1w.nii.gz,2,MCI,bids_adni1
021_S_0626,m18,2008-02-09,/project/rrg-mchakrav-ab/moncia/ADNI/bids_adni1/sub-021S0626/ses-m18/anat/sub-021S0626_ses-m18_acq-15T_T1w.nii.gz,2,MCI,bids_adni1
021_S_0626,m24,2008-08-10,/project/rrg-mchakrav-ab/moncia/ADNI/bids_adni1/sub-021S0626/ses-m24/anat/sub-021S0626_ses-m24_acq-15T_T1w.nii.gz,2,MCI,bids_adni1
021_S_0626,m36,2009-08-10,/project/rrg-mchakrav-ab/moncia/ADNI/bids_adni1/sub-021S0626/ses-m36/anat/sub-021S0626_ses-m36_acq-15T_T1w.nii.gz,2,MCI,bids_adni1
021_S_0626,m48,2010-08-11,/project/rrg-mchakrav-ab/moncia/ADNI/bids_adni1/sub-021S0626/ses-m48/anat/sub-021S0626_ses-m48_acq-15T_T1w.nii.gz,2,MCI,bids_adni1
021_S_0626,m126,2017-02-09,/project/rrg-mchakrav-ab/moncia/ADNI/bids_adni3/sub-021S0626/ses-m126/anat/sub-021S0626_ses-m126_acq-3T_T1w.nii.gz,3,Dementia,bids_adni3
021_S_2077,m03,2011-01-27,/project/rrg-mchakrav-ab/moncia/ADNI/bids_adni_go2/sub-021S2077/ses-m03/anat/sub-021S2077_ses-m03_acq-3Taccel_T1w.nii.gz,2,MCI,bids_adni_go2
021_S_2077,m06,2011-04-28,/project/rrg-mchakrav-ab/moncia/ADNI/bids_adni_go2/sub-021S2077/ses-m06/anat/sub-021S2077_ses-m06_acq-3Taccel_T1w.nii.gz,2,MCI,bids_adni_go2
021_S_2077,m12,2011-10-28,/project/rrg-mchakrav-ab/moncia/ADNI/bids_adni_go2/sub-021S2077/ses-m12/anat/sub-021S2077_ses-m12_acq-3Taccel_T1w.nii.gz,2,MCI,bids_adni_go2
021_S_2077,m24,2012-10-27,/project/rrg-mchakrav-ab/moncia/ADNI/bids_adni_go2/sub-021S2077/ses-m24/anat/sub-021S2077_ses-m24_acq-3Taccel_T1w.nii.gz,2,MCI,bids_adni_go2
021_S_2077,m48,2014-10-28,/project/rrg-mchakrav-ab/moncia/ADNI/bids_adni_go2/sub-021S2077/ses-m48/anat/sub-021S2077_ses-m48_acq-3Taccel_T1w.nii.gz,2,MCI,bids_adni_go2
021_S_2100,m03,2011-01-25,/project/rrg-mchakrav-ab/moncia/ADNI/bids_adni_go2/sub-021S2100/ses-m03/anat/sub-021S2100_ses-m03_acq-3Taccel_T1w.nii.gz,2,MCI,bids_adni_go2
021_S_2100,m06,2011-04-26,/project/rrg-mchakrav-ab/moncia/ADNI/bids_adni_go2/sub-021S2100/ses-m06/anat/sub-021S2100_ses-m06_acq-3Taccel_T1w.nii.gz,2,MCI,bids_adni_go2
021_S_2100,m12,2011-10-26,/project/rrg-mchakrav-ab/moncia/ADNI/bids_adni_go2/sub-021S2100/ses-m12/anat/sub-021S2100_ses-m12_acq-3Taccel_T1w.nii.gz,2,MCI,bids_adni_go2
021_S_2100,m24,2012-10-25,/project/rrg-mchakrav-ab/moncia/ADNI/bids_adni_go2/sub-021S2100/ses-m24/anat/sub-021S2100_ses-m24_acq-3Taccel_T1w.nii.gz,2,MCI,bids_adni_go2
021_S_2100,m36,2013-10-25,/project/rrg-mchakrav-ab/moncia/ADNI/bids_adni_go2/sub-021S2100/ses-m36/anat/sub-021S2100_ses-m36_acq-3Taccel_T1w.nii.gz,2,MCI,bids_adni_go2
021_S_2100,m48,2014-10-26,/project/rrg-mchakrav-ab/moncia/ADNI/bids_adni_go2/sub-021S2100/ses-m48/anat/sub-021S2100_ses-m48_acq-3Taccel_T1w.nii.gz,2,MCI,bids_adni_go2
021_S_2124,m03,2011-02-22,/project/rrg-mchakrav-ab/moncia/ADNI/bids_adni_go2/sub-021S2124/ses-m03/anat/sub-021S2124_ses-m03_acq-3Taccel_T1w.nii.gz,2,MCI,bids_adni_go2
021_S_2124,m06,2011-05-24,/project/rrg-mchakrav-ab/moncia/ADNI/bids_adni_go2/sub-021S2124/ses-m06/anat/sub-021S2124_ses-m06_acq-3Taccel_T1w.nii.gz,2,MCI,bids_adni_go2
021_S_2124,m36,2013-11-22,/project/rrg-mchakrav-ab/moncia/ADNI/bids_adni_go2/sub-021S2124/ses-m36/anat/sub-021S2124_ses-m36_acq-3Taccel_T1w.nii.gz,2,MCI,bids_adni_go2
021_S_2125,m03,2011-01-24,/project/rrg-mchakrav-ab/moncia/ADNI/bids_adni_go2/sub-021S2125/ses-m03/anat/sub-021S2125_ses-m03_acq-3Taccel_T1w.nii.gz,2,MCI,bids_adni_go2
021_S_2125,m06,2011-04-25,/project/rrg-mchakrav-ab/moncia/ADNI/bids_adni_go2/sub-021S2125/ses-m06/anat/sub-021S2125_ses-m06_acq-3Taccel_T1w.nii.gz,2,MCI,bids_adni_go2
021_S_2125,m12,2011-10-25,/project/rrg-mchakrav-ab/moncia/ADNI/bids_adni_go2/sub-021S2125/ses-m12/anat/sub-021S2125_ses-m12_acq-3Taccel_T1w.nii.gz,2,MCI,bids_adni_go2
021_S_2125,m24,2012-10-24,/project/rrg-mchakrav-ab/moncia/ADNI/bids_adni_go2/sub-021S2125/ses-m24/anat/sub-021S2125_ses-m24_acq-3Taccel_T1w.nii.gz,2,MCI,bids_adni_go2
021_S_2125,m36,2013-10-24,/project/rrg-mchakrav-ab/moncia/ADNI/bids_adni_go2/sub-021S2125/ses-m36/anat/sub-021S2125_ses-m36_acq-3Taccel_T1w.nii.gz,2,MCI,bids_adni_go2
021_S_2142,m06,2011-05-23,/project/rrg-mchakrav-ab/moncia/ADNI/bids_adni_go2/sub-021S2142/ses-m06/anat/sub-021S2142_ses-m06_acq-3Taccel_T1w.nii.gz,2,MCI,bids_adni_go2
021_S_2142,m12,2011-11-22,/project/rrg-mchakrav-ab/moncia/ADNI/bids_adni_go2/sub-021S2142/ses-m12/anat/sub-021S2142_ses-m12_acq-3Taccel_T1w.nii.gz,2,MCI,bids_adni_go2
021_S_2142,m24,2012-11-21,/project/rrg-mchakrav-ab/moncia/ADNI/bids_adni_go2/sub-021S2142/ses-m24/anat/sub-021S2142_ses-m24_acq-3Taccel_T1w.nii.gz,2,MCI,bids_adni_go2
021_S_2150,m03,2011-03-09,/project/rrg-mchakrav-ab/moncia/ADNI/bids_adni_go2/sub-021S2150/ses-m03/anat/sub-021S2150_ses-m03_acq-3Taccel_T1w.nii.gz,2,MCI,bids_adni_go2
021_S_2150,m06,2011-06-08,/project/rrg-mchakrav-ab/moncia/ADNI/bids_adni_go2/sub-021S2150/ses-m06/anat/sub-021S2150_ses-m06_acq-3Taccel_T1w.nii.gz,2,MCI,bids_adni_go2
021_S_4245,m03,2011-12-14,/project/rrg-mchakrav-ab/moncia/ADNI/bids_adni_go2/sub-021S4245/ses-m03/anat/sub-021S4245_ses-m03_acq-3Taccel_T1w.nii.gz,2,MCI,bids_adni_go2
021_S_4245,m06,2012-03-14,/project/rrg-mchakrav-ab/moncia/ADNI/bids_adni_go2/sub-021S4245/ses-m06/anat/sub-021S4245_ses-m06_acq-3Taccel_T1w.nii.gz,2,MCI,bids_adni_go2
021_S_4245,m12,2012-09-13,/project/rrg-mchakrav-ab/moncia/ADNI/bids_adni_go2/sub-021S4245/ses-m12/anat/sub-021S4245_ses-m12_acq-3Taccel_T1w.nii.gz,2,MCI,bids_adni_go2
021_S_4245,m24,2013-09-13,/project/rrg-mchakrav-ab/moncia/ADNI/bids_adni_go2/sub-021S4245/ses-m24/anat/sub-021S4245_ses-m24_acq-3Taccel_T1w.nii.gz,2,MCI,bids_adni_go2
021_S_4245,m48,2015-09-14,/project/rrg-mchakrav-ab/moncia/ADNI/bids_adni_go2/sub-021S4245/ses-m48/anat/sub-021S4245_ses-m48_acq-3Taccel_T1w.nii.gz,3,Dementia,bids_adni_go2
021_S_4402,m03,2012-02-27,/project/rrg-mchakrav-ab/moncia/ADNI/bids_adni_go2/sub-021S4402/ses-m03/anat/sub-021S4402_ses-m03_acq-3Taccel_T1w.nii.gz,2,MCI,bids_adni_go2
021_S_4402,m06,2012-05-28,/project/rrg-mchakrav-ab/moncia/ADNI/bids_adni_go2/sub-021S4402/ses-m06/anat/sub-021S4402_ses-m06_acq-3Taccel_T1w.nii.gz,2,MCI,bids_adni_go2
021_S_4402,m12,2012-11-27,/project/rrg-mchakrav-ab/moncia/ADNI/bids_adni_go2/sub-021S4402/ses-m12/anat/sub-021S4402_ses-m12_acq-3Taccel_T1w.nii.gz,3,Dementia,bids_adni_go2
021_S_4402,m24,2013-11-27,/project/rrg-mchakrav-ab/moncia/ADNI/bids_adni_go2/sub-021S4402/ses-m24/anat/sub-021S4402_ses-m24_acq-3Taccel_T1w.nii.gz,3,Dementia,bids_adni_go2
021_S_4419,m03,2012-03-06,/project/rrg-mchakrav-ab/moncia/ADNI/bids_adni_go2/sub-021S4419/ses-m03/anat/sub-021S4419_ses-m03_acq-3Taccel_T1w.nii.gz,2,MCI,bids_adni_go2
021_S_4419,m06,2012-06-05,/project/rrg-mchakrav-ab/moncia/ADNI/bids_adni_go2/sub-021S4419/ses-m06/anat/sub-021S4419_ses-m06_acq-3Taccel_T1w.nii.gz,2,MCI,bids_adni_go2
021_S_4419,m12,2012-12-05,/project/rrg-mchakrav-ab/moncia/ADNI/bids_adni_go2/sub-021S4419/ses-m12/anat/sub-021S4419_ses-m12_acq-3Taccel_T1w.nii.gz,1,CN,bids_adni_go2
021_S_4419,m24,2013-12-05,/project/rrg-mchakrav-ab/moncia/ADNI/bids_adni_go2/sub-021S4419/ses-m24/anat/sub-021S4419_ses-m24_acq-3Taccel_T1w.nii.gz,1,CN,bids_adni_go2
021_S_4419,m114,2021-06-06,/project/rrg-mchakrav-ab/moncia/ADNI/bids_adni3/sub-021S4419/ses-m114/anat/sub-021S4419_ses-m114_acq-3T_T1w.nii.gz,1,CN,bids_adni3
021_S_4659,m03,2012-07-03,/project/rrg-mchakrav-ab/moncia/ADNI/bids_adni_go2/sub-021S4659/ses-m03/anat/sub-021S4659_ses-m03_acq-3Taccel_T1w.nii.gz,2,MCI,bids_adni_go2
021_S_4659,m06,2012-10-02,/project/rrg-mchakrav-ab/moncia/ADNI/bids_adni_go2/sub-021S4659/ses-m06/anat/sub-021S4659_ses-m06_acq-3Taccel_T1w.nii.gz,2,MCI,bids_adni_go2
021_S_4659,m12,2013-04-03,/project/rrg-mchakrav-ab/moncia/ADNI/bids_adni_go2/sub-021S4659/ses-m12/anat/sub-021S4659_ses-m12_acq-3Taccel_T1w.nii.gz,2,MCI,bids_adni_go2
021_S_4659,m24,2014-04-03,/project/rrg-mchakrav-ab/moncia/ADNI/bids_adni_go2/sub-021S4659/ses-m24/anat/sub-021S4659_ses-m24_acq-3Taccel_T1w.nii.gz,2,MCI,bids_adni_go2
021_S_4659,m48,2016-04-03,/project/rrg-mchakrav-ab/moncia/ADNI/bids_adni_go2/sub-021S4659/ses-m48/anat/sub-021S4659_ses-m48_acq-3Taccel_T1w.nii.gz,3,Dementia,bids_adni_go2
021_S_4659,m60,2017-04-03,/project/rrg-mchakrav-ab/moncia/ADNI/bids_adni3/sub-021S4659/ses-m60/anat/sub-021S4659_ses-m60_acq-3T_T1w.nii.gz,3,Dementia,bids_adni3
021_S_4744,m03,2012-08-16,/project/rrg-mchakrav-ab/moncia/ADNI/bids_adni_go2/sub-021S4744/ses-m03/anat/sub-021S4744_ses-m03_acq-3Taccel_T1w.nii.gz,2,MCI,bids_adni_go2
021_S_4744,m06,2012-11-15,/project/rrg-mchakrav-ab/moncia/ADNI/bids_adni_go2/sub-021S4744/ses-m06/anat/sub-021S4744_ses-m06_acq-3Taccel_T1w.nii.gz,2,MCI,bids_adni_go2
021_S_4744,m12,2013-05-17,/project/rrg-mchakrav-ab/moncia/ADNI/bids_adni_go2/sub-021S4744/ses-m12/anat/sub-021S4744_ses-m12_acq-3Taccel_T1w.nii.gz,2,MCI,bids_adni_go2
021_S_4744,m24,2014-05-17,/project/rrg-mchakrav-ab/moncia/ADNI/bids_adni_go2/sub-021S4744/ses-m24/anat/sub-021S4744_ses-m24_acq-3Taccel_T1w.nii.gz,2,MCI,bids_adni_go2
021_S_4744,m48,2016-05-17,/project/rrg-mchakrav-ab/moncia/ADNI/bids_adni_go2/sub-021S4744/ses-m48/anat/sub-021S4744_ses-m48_acq-3Taccel_T1w.nii.gz,2,MCI,bids_adni_go2
021_S_4744,m60,2017-05-17,/project/rrg-mchakrav-ab/moncia/ADNI/bids_adni3/sub-021S4744/ses-m60/anat/sub-021S4744_ses-m60_acq-3T_T1w.nii.gz,2,MCI,bids_adni3
021_S_4744,m72,2018-05-17,/project/rrg-mchakrav-ab/moncia/ADNI/bids_adni3/sub-021S4744/ses-m72/anat/sub-021S4744_ses-m72_acq-3T_T1w.nii.gz,2,MCI,bids_adni3
021_S_4857,m03,2012-10-10,/project/rrg-mchakrav-ab/moncia/ADNI/bids_adni_go2/sub-021S4857/ses-m03/anat/sub-021S4857_ses-m03_acq-3Taccel_T1w.nii.gz,2,MCI,bids_adni_go2
021_S_4857,m06,2013-01-09,/project/rrg-mchakrav-ab/moncia/ADNI/bids_adni_go2/sub-021S4857/ses-m06/anat/sub-021S4857_ses-m06_acq-3Taccel_T1w.nii.gz,3,Dementia,bids_adni_go2
021_S_4857,m12,2013-07-11,/project/rrg-mchakrav-ab/moncia/ADNI/bids_adni_go2/sub-021S4857/ses-m12/anat/sub-021S4857_ses-m12_acq-3Taccel_T1w.nii.gz,3,Dementia,bids_adni_go2
021_S_4857,m24,2014-07-11,/project/rrg-mchakrav-ab/moncia/ADNI/bids_adni_go2/sub-021S4857/ses-m24/anat/sub-021S4857_ses-m24_acq-3Taccel_T1w.nii.gz,3,Dementia,bids_adni_go2
021_S_5099,m03,2013-05-21,/project/rrg-mchakrav-ab/moncia/ADNI/bids_adni_go2/sub-021S5099/ses-m03/anat/sub-021S5099_ses-m03_acq-3Taccel_T1w.nii.gz,2,MCI,bids_adni_go2
021_S_5099,m12,2014-02-19,/project/rrg-mchakrav-ab/moncia/ADNI/bids_adni_go2/sub-021S5099/ses-m12/anat/sub-021S5099_ses-m12_acq-3Taccel_T1w.nii.gz,2,MCI,bids_adni_go2
021_S_5099,m24,2015-02-19,/project/rrg-mchakrav-ab/moncia/ADNI/bids_adni_go2/sub-021S5099/ses-m24/anat/sub-021S5099_ses-m24_acq-3Taccel_T1w.nii.gz,2,MCI,bids_adni_go2
022_S_0004,sc,2005-11-08,/project/rrg-mchakrav-ab/moncia/ADNI/bids_adni1/sub-022S0004/ses-sc/anat/sub-022S0004_ses-sc_acq-15T_T1w.nii.gz,2,MCI,bids_adni1
022_S_0004,m12,2006-11-08,/project/rrg-mchakrav-ab/moncia/ADNI/bids_adni1/sub-022S0004/ses-m12/anat/sub-022S0004_ses-m12_acq-15T_T1w.nii.gz,2,MCI,bids_adni1
022_S_0004,m18,2007-05-09,/project/rrg-mchakrav-ab/moncia/ADNI/bids_adni1/sub-022S0004/ses-m18/anat/sub-022S0004_ses-m18_acq-15T_T1w.nii.gz,2,MCI,bids_adni1
022_S_0004,m36,2008-11-07,/project/rrg-mchakrav-ab/moncia/ADNI/bids_adni1/sub-022S0004/ses-m36/anat/sub-022S0004_ses-m36_acq-15T_T1w.nii.gz,2,MCI,bids_adni1
022_S_0544,m12,2007-05-25,/project/rrg-mchakrav-ab/moncia/ADNI/bids_adni1/sub-022S0544/ses-m12/anat/sub-022S0544_ses-m12_acq-15T_T1w.nii.gz,2,MCI,bids_adni1
022_S_0544,m18,2007-11-23,/project/rrg-mchakrav-ab/moncia/ADNI/bids_adni1/sub-022S0544/ses-m18/anat/sub-022S0544_ses-m18_acq-15T_T1w.nii.gz,2,MCI,bids_adni1
022_S_0544,m24,2008-05-24,/project/rrg-mchakrav-ab/moncia/ADNI/bids_adni1/sub-022S0544/ses-m24/anat/sub-022S0544_ses-m24_acq-15T_T1w.nii.gz,2,MCI,bids_adni1
022_S_0750,sc,2006-08-25,/project/rrg-mchakrav-ab/moncia/ADNI/bids_adni1/sub-022S0750/ses-sc/anat/sub-022S0750_ses-sc_acq-15T_T1w.nii.gz,2,MCI,bids_adni1
022_S_0750,m06,2007-02-23,/project/rrg-mchakrav-ab/moncia/ADNI/bids_adni1/sub-022S0750/ses-m06/anat/sub-022S0750_ses-m06_acq-15T_T1w.nii.gz,2,MCI,bids_adni1
022_S_0750,m12,2007-08-25,/project/rrg-mchakrav-ab/moncia/ADNI/bids_adni1/sub-022S0750/ses-m12/anat/sub-022S0750_ses-m12_acq-15T_T1w.nii.gz,2,MCI,bids_adni1
022_S_0750,m24,2008-08-24,/project/rrg-mchakrav-ab/moncia/ADNI/bids_adni1/sub-022S0750/ses-m24/anat/sub-022S0750_ses-m24_acq-15T_T1w.nii.gz,3,Dementia,bids_adni1
022_S_0961,sc,2007-01-12,/project/rrg-mchakrav-ab/moncia/ADNI/bids_adni1/sub-022S0961/ses-sc/anat/sub-022S0961_ses-sc_acq-15T_T1w.nii.gz,2,MCI,bids_adni1
022_S_0961,m06,2007-07-13,/project/rrg-mchakrav-ab/moncia/ADNI/bids_adni1/sub-022S0961/ses-m06/anat/sub-022S0961_ses-m06_acq-15T_T1w.nii.gz,2,MCI,bids_adni1
022_S_0961,m18,2008-07-12,/project/rrg-mchakrav-ab/moncia/ADNI/bids_adni1/sub-022S0961/ses-m18/anat/sub-022S0961_ses-m18_acq-15T_T1w.nii.gz,2,MCI,bids_adni1
022_S_0961,m24,2009-01-11,/project/rrg-mchakrav-ab/moncia/ADNI/bids_adni1/sub-022S0961/ses-m24/anat/sub-022S0961_ses-m24_acq-15T_T1w.nii.gz,2,MCI,bids_adni1
022_S_0961,m36,2010-01-11,/project/rrg-mchakrav-ab/moncia/ADNI/bids_adni1/sub-022S0961/ses-m36/anat/sub-022S0961_ses-m36_acq-15T_T1w.nii.gz,2,MCI,bids_adni1
022_S_1097,sc,2007-01-12,/project/rrg-mchakrav-ab/moncia/ADNI/bids_adni1/sub-022S1097/ses-sc/anat/sub-022S1097_ses-sc_acq-15T_T1w.nii.gz,2,MCI,bids_adni1
022_S_1097,m18,2008-07-12,/project/rrg-mchakrav-ab/moncia/ADNI/bids_adni1/sub-022S1097/ses-m18/anat/sub-022S1097_ses-m18_acq-15T_T1w.nii.gz,2,MCI,bids_adni1
022_S_1097,m24,2009-01-11,/project/rrg-mchakrav-ab/moncia/ADNI/bids_adni1/sub-022S1097/ses-m24/anat/sub-022S1097_ses-m24_acq-15T_T1w.nii.gz,2,MCI,bids_adni1
022_S_1097,m36,2010-01-11,/project/rrg-mchakrav-ab/moncia/ADNI/bids_adni1/sub-022S1097/ses-m36/anat/sub-022S1097_ses-m36_acq-15T_T1w.nii.gz,2,MCI,bids_adni1
022_S_1351,sc,2007-03-16,/project/rrg-mchakrav-ab/moncia/ADNI/bids_adni1/sub-022S1351/ses-sc/anat/sub-022S1351_ses-sc_acq-15T_T1w.nii.gz,2,MCI,bids_adni1
022_S_1351,m12,2008-03-15,/project/rrg-mchakrav-ab/moncia/ADNI/bids_adni1/sub-022S1351/ses-m12/anat/sub-022S1351_ses-m12_acq-15T_T1w.nii.gz,2,MCI,bids_adni1
022_S_1351,m18,2008-09-13,/project/rrg-mchakrav-ab/moncia/ADNI/bids_adni1/sub-022S1351/ses-m18/anat/sub-022S1351_ses-m18_acq-15T_T1w.nii.gz,2,MCI,bids_adni1
022_S_1351,m24,2009-03-15,/project/rrg-mchakrav-ab/moncia/ADNI/bids_adni1/sub-022S1351/ses-m24/anat/sub-022S1351_ses-m24_acq-15T_T1w.nii.gz,2,MCI,bids_adni1
022_S_1351,m36,2010-03-15,/project/rrg-mchakrav-ab/moncia/ADNI/bids_adni1/sub-022S1351/ses-m36/anat/sub-022S1351_ses-m36_acq-15T_T1w.nii.gz,3,Dementia,bids_adni1
022_S_1394,sc,2007-06-11,/project/rrg-mchakrav-ab/moncia/ADNI/bids_adni1/sub-022S1394/ses-sc/anat/sub-022S1394_ses-sc_acq-15T_T1w.nii.gz,2,MCI,bids_adni1
022_S_1394,m12,2008-06-10,/project/rrg-mchakrav-ab/moncia/ADNI/bids_adni1/sub-022S1394/ses-m12/anat/sub-022S1394_ses-m12_acq-15T_T1w.nii.gz,3,Dementia,bids_adni1
022_S_1394,m18,2008-12-09,/project/rrg-mchakrav-ab/moncia/ADNI/bids_adni1/sub-022S1394/ses-m18/anat/sub-022S1394_ses-m18_acq-15T_T1w.nii.gz,3,Dementia,bids_adni1
022_S_1394,m24,2009-06-10,/project/rrg-mchakrav-ab/moncia/ADNI/bids_adni1/sub-022S1394/ses-m24/anat/sub-022S1394_ses-m24_acq-15T_T1w.nii.gz,3,Dementia,bids_adni1
022_S_1394,m36,2010-06-10,/project/rrg-mchakrav-ab/moncia/ADNI/bids_adni1/sub-022S1394/ses-m36/anat/sub-022S1394_ses-m36_acq-15T_T1w.nii.gz,3,Dementia,bids_adni1
022_S_2087,m03,2011-03-22,/project/rrg-mchakrav-ab/moncia/ADNI/bids_adni_go2/sub-022S2087/ses-m03/anat/sub-022S2087_ses-m03_acq-3Taccel_T1w.nii.gz,2,MCI,bids_adni_go2
022_S_2087,m06,2011-06-21,/project/rrg-mchakrav-ab/moncia/ADNI/bids_adni_go2/sub-022S2087/ses-m06/anat/sub-022S2087_ses-m06_acq-3Taccel_T1w.nii.gz,2,MCI,bids_adni_go2
022_S_2087,m12,2011-12-21,/project/rrg-mchakrav-ab/moncia/ADNI/bids_adni_go2/sub-022S2087/ses-m12/anat/sub-022S2087_ses-m12_acq-3Taccel_T1w.nii.gz,2,MCI,bids_adni_go2
022_S_2087,m24,2012-12-20,/project/rrg-mchakrav-ab/moncia/ADNI/bids_adni_go2/sub-022S2087/ses-m24/anat/sub-022S2087_ses-m24_acq-3Taccel_T1w.nii.gz,2,MCI,bids_adni_go2
022_S_2087,m48,2014-12-21,/project/rrg-mchakrav-ab/moncia/ADNI/bids_adni_go2/sub-022S2087/ses-m48/anat/sub-022S2087_ses-m48_acq-3Taccel_T1w.nii.gz,3,Dementia,bids_adni_go2
022_S_2167,m03,2011-04-20,/project/rrg-mchakrav-ab/moncia/ADNI/bids_adni_go2/sub-022S2167/ses-m03/anat/sub-022S2167_ses-m03_acq-3Taccel_T1w.nii.gz,2,MCI,bids_adni_go2
022_S_2167,m06,2011-07-20,/project/rrg-mchakrav-ab/moncia/ADNI/bids_adni_go2/sub-022S2167/ses-m06/anat/sub-022S2167_ses-m06_acq-3Taccel_T1w.nii.gz,2,MCI,bids_adni_go2
022_S_2167,m12,2012-01-19,/project/rrg-mchakrav-ab/moncia/ADNI/bids_adni_go2/sub-022S2167/ses-m12/anat/sub-022S2167_ses-m12_acq-3Taccel_T1w.nii.gz,2,MCI,bids_adni_go2
022_S_2167,m24,2013-01-18,/project/rrg-mchakrav-ab/moncia/ADNI/bids_adni_go2/sub-022S2167/ses-m24/anat/sub-022S2167_ses-m24_acq-3Taccel_T1w.nii.gz,2,MCI,bids_adni_go2
022_S_2167,m36,2014-01-18,/project/rrg-mchakrav-ab/moncia/ADNI/bids_adni_go2/sub-022S2167/ses-m36/anat/sub-022S2167_ses-m36_acq-3Taccel_T1w.nii.gz,2,MCI,bids_adni_go2
022_S_2167,m60,2016-01-19,/project/rrg-mchakrav-ab/moncia/ADNI/bids_adni_go2/sub-022S2167/ses-m60/anat/sub-022S2167_ses-m60_acq-3Taccel_T1w.nii.gz,2,MCI,bids_adni_go2
022_S_2263,m03,2011-05-18,/project/rrg-mchakrav-ab/moncia/ADNI/bids_adni_go2/sub-022S2263/ses-m03/anat/sub-022S2263_ses-m03_acq-3Taccel_T1w.nii.gz,2,MCI,bids_adni_go2
022_S_2263,m06,2011-08-17,/project/rrg-mchakrav-ab/moncia/ADNI/bids_adni_go2/sub-022S2263/ses-m06/anat/sub-022S2263_ses-m06_acq-3Taccel_T1w.nii.gz,2,MCI,bids_adni_go2
022_S_2263,m12,2012-02-16,/project/rrg-mchakrav-ab/moncia/ADNI/bids_adni_go2/sub-022S2263/ses-m12/anat/sub-022S2263_ses-m12_acq-3Taccel_T1w.nii.gz,2,MCI,bids_adni_go2
022_S_2263,m24,2013-02-15,/project/rrg-mchakrav-ab/moncia/ADNI/bids_adni_go2/sub-022S2263/ses-m24/anat/sub-022S2263_ses-m24_acq-3Taccel_T1w.nii.gz,1,CN,bids_adni_go2
022_S_2263,m36,2014-02-15,/project/rrg-mchakrav-ab/moncia/ADNI/bids_adni_go2/sub-022S2263/ses-m36/anat/sub-022S2263_ses-m36_acq-3Taccel_T1w.nii.gz,1,CN,bids_adni_go2
022_S_2263,m48,2015-02-16,/project/rrg-mchakrav-ab/moncia/ADNI/bids_adni_go2/sub-022S2263/ses-m48/anat/sub-022S2263_ses-m48_acq-3Taccel_T1w.nii.gz,1,CN,bids_adni_go2
022_S_2263,m72,2017-02-15,/project/rrg-mchakrav-ab/moncia/ADNI/bids_adni3/sub-022S2263/ses-m72/anat/sub-022S2263_ses-m72_acq-3T_T1w.nii.gz,1,CN,bids_adni3
022_S_2263,m96,2019-02-16,/project/rrg-mchakrav-ab/moncia/ADNI/bids_adni3/sub-022S2263/ses-m96/anat/sub-022S2263_ses-m96_acq-3T_T1w.nii.gz,1,CN,bids_adni3
022_S_2263,m120,2021-02-15,/project/rrg-mchakrav-ab/moncia/ADNI/bids_adni3/sub-022S2263/ses-m120/anat/sub-022S2263_ses-m120_acq-3T_T1w.nii.gz,1,CN,bids_adni3
022_S_2379,m03,2011-09-07,/project/rrg-mchakrav-ab/moncia/ADNI/bids_adni_go2/sub-022S2379/ses-m03/anat/sub-022S2379_ses-m03_acq-3Taccel_T1w.nii.gz,2,MCI,bids_adni_go2
022_S_2379,m06,2011-12-07,/project/rrg-mchakrav-ab/moncia/ADNI/bids_adni_go2/sub-022S2379/ses-m06/anat/sub-022S2379_ses-m06_acq-3Taccel_T1w.nii.gz,2,MCI,bids_adni_go2
022_S_2379,m12,2012-06-07,/project/rrg-mchakrav-ab/moncia/ADNI/bids_adni_go2/sub-022S2379/ses-m12/anat/sub-022S2379_ses-m12_acq-3Taccel_T1w.nii.gz,2,MCI,bids_adni_go2
022_S_2379,m24,2013-06-07,/project/rrg-mchakrav-ab/moncia/ADNI/bids_adni_go2/sub-022S2379/ses-m24/anat/sub-022S2379_ses-m24_acq-3Taccel_T1w.nii.gz,2,MCI,bids_adni_go2
022_S_2379,m48,2015-06-08,/project/rrg-mchakrav-ab/moncia/ADNI/bids_adni_go2/sub-022S2379/ses-m48/anat/sub-022S2379_ses-m48_acq-3Taccel_T1w.nii.gz,2,MCI,bids_adni_go2
022_S_2379,m72,2017-06-07,/project/rrg-mchakrav-ab/moncia/ADNI/bids_adni3/sub-022S2379/ses-m72/anat/sub-022S2379_ses-m72_acq-3T_T1w.nii.gz,1,CN,bids_adni3
022_S_2379,m96,2019-06-08,/project/rrg-mchakrav-ab/moncia/ADNI/bids_adni3/sub-022S2379/ses-m96/anat/sub-022S2379_ses-m96_acq-3T_T1w.nii.gz,1,CN,bids_adni3
022_S_4444,m03,2012-04-04,/project/rrg-mchakrav-ab/moncia/ADNI/bids_adni_go2/sub-022S4444/ses-m03/anat/sub-022S4444_ses-m03_acq-3Taccel_T1w.nii.gz,2,MCI,bids_adni_go2
022_S_4444,m06,2012-07-04,/project/rrg-mchakrav-ab/moncia/ADNI/bids_adni_go2/sub-022S4444/ses-m06/anat/sub-022S4444_ses-m06_acq-3Taccel_T1w.nii.gz,2,MCI,bids_adni_go2
022_S_4444,m12,2013-01-03,/project/rrg-mchakrav-ab/moncia/ADNI/bids_adni_go2/sub-022S4444/ses-m12/anat/sub-022S4444_ses-m12_acq-3Taccel_T1w.nii.gz,2,MCI,bids_adni_go2
022_S_4444,m24,2014-01-03,/project/rrg-mchakrav-ab/moncia/ADNI/bids_adni_go2/sub-022S4444/ses-m24/anat/sub-022S4444_ses-m24_acq-3Taccel_T1w.nii.gz,2,MCI,bids_adni_go2
022_S_4444,m48,2016-01-04,/project/rrg-mchakrav-ab/moncia/ADNI/bids_adni_go2/sub-022S4444/ses-m48/anat/sub-022S4444_ses-m48_acq-3Taccel_T1w.nii.gz,1,CN,bids_adni_go2
022_S_4805,m03,2012-09-19,/project/rrg-mchakrav-ab/moncia/ADNI/bids_adni_go2/sub-022S4805/ses-m03/anat/sub-022S4805_ses-m03_acq-3Taccel_T1w.nii.gz,2,MCI,bids_adni_go2
022_S_4805,m06,2012-12-19,/project/rrg-mchakrav-ab/moncia/ADNI/bids_adni_go2/sub-022S4805/ses-m06/anat/sub-022S4805_ses-m06_acq-3Taccel_T1w.nii.gz,2,MCI,bids_adni_go2
022_S_4805,m12,2013-06-20,/project/rrg-mchakrav-ab/moncia/ADNI/bids_adni_go2/sub-022S4805/ses-m12/anat/sub-022S4805_ses-m12_acq-3Taccel_T1w.nii.gz,2,MCI,bids_adni_go2
022_S_4805,m24,2014-06-20,/project/rrg-mchakrav-ab/moncia/ADNI/bids_adni_go2/sub-022S4805/ses-m24/anat/sub-022S4805_ses-m24_acq-3Taccel_T1w.nii.gz,2,MCI,bids_adni_go2
022_S_4922,m06,2013-03-08,/project/rrg-mchakrav-ab/moncia/ADNI/bids_adni_go2/sub-022S4922/ses-m06/anat/sub-022S4922_ses-m06_acq-3Taccel_T1w.nii.gz,2,MCI,bids_adni_go2
022_S_4922,m12,2013-09-07,/project/rrg-mchakrav-ab/moncia/ADNI/bids_adni_go2/sub-022S4922/ses-m12/anat/sub-022S4922_ses-m12_acq-3Taccel_T1w.nii.gz,2,MCI,bids_adni_go2
022_S_5004,m03,2013-01-22,/project/rrg-mchakrav-ab/moncia/ADNI/bids_adni_go2/sub-022S5004/ses-m03/anat/sub-022S5004_ses-m03_acq-3Taccel_T1w.nii.gz,2,MCI,bids_adni_go2
022_S_5004,m06,2013-04-23,/project/rrg-mchakrav-ab/moncia/ADNI/bids_adni_go2/sub-022S5004/ses-m06/anat/sub-022S5004_ses-m06_acq-3Taccel_T1w.nii.gz,2,MCI,bids_adni_go2
022_S_5004,m12,2013-10-23,/project/rrg-mchakrav-ab/moncia/ADNI/bids_adni_go2/sub-022S5004/ses-m12/anat/sub-022S5004_ses-m12_acq-3Taccel_T1w.nii.gz,2,MCI,bids_adni_go2
022_S_5004,m24,2014-10-23,/project/rrg-mchakrav-ab/moncia/ADNI/bids_adni_go2/sub-022S5004/ses-m24/anat/sub-022S5004_ses-m24_acq-3Taccel_T1w.nii.gz,2,MCI,bids_adni_go2
022_S_5004,m54,2017-04-23,/project/rrg-mchakrav-ab/moncia/ADNI/bids_adni3/sub-022S5004/ses-m54/anat/sub-022S5004_ses-m54_acq-3T_T1w.nii.gz,2,MCI,bids_adni3
022_S_5004,m66,2018-04-24,/project/rrg-mchakrav-ab/moncia/ADNI/bids_adni3/sub-022S5004/ses-m66/anat/sub-022S5004_ses-m66_acq-3T_T1w.nii.gz,2,MCI,bids_adni3
022_S_5004,m78,2019-04-24,/project/rrg-mchakrav-ab/moncia/ADNI/bids_adni3/sub-022S5004/ses-m78/anat/sub-022S5004_ses-m78_acq-3T_T1w.nii.gz,2,MCI,bids_adni3
022_S_5004,m90,2020-04-23,/project/rrg-mchakrav-ab/moncia/ADNI/bids_adni3/sub-022S5004/ses-m90/anat/sub-022S5004_ses-m90_acq-3T_T1w.nii.gz,2,MCI,bids_adni3
022_S_5004,m102,2021-04-23,/project/rrg-mchakrav-ab/moncia/ADNI/bids_adni3/sub-022S5004/ses-m102/anat/sub-022S5004_ses-m102_acq-3T_T1w.nii.gz,2,MCI,bids_adni3
022_S_5004,m114,2022-04-24,/project/rrg-mchakrav-ab/moncia/ADNI/bids_adni3/sub-022S5004/ses-m114/anat/sub-022S5004_ses-m114_acq-3T_T1w.nii.gz,2,MCI,bids_adni3
022_S_6716,sc,2019-04-05,/project/rrg-mchakrav-ab/moncia/ADNI/bids_adni3/sub-022S6716/ses-sc/anat/sub-022S6716_ses-sc_acq-3T_T1w.nii.gz,2,MCI,bids_adni3
022_S_6716,m12,2020-04-04,/project/rrg-mchakrav-ab/moncia/ADNI/bids_adni3/sub-022S6716/ses-m12/anat/sub-022S6716_ses-m12_acq-3T_T1w.nii.gz,2,MCI,bids_adni3
022_S_6716,m24,2021-04-04,/project/rrg-mchakrav-ab/moncia/ADNI/bids_adni3/sub-022S6716/ses-m24/anat/sub-022S6716_ses-m24_acq-3T_T1w.nii.gz,2,MCI,bids_adni3
022_S_6716,m36,2022-04-04,/project/rrg-mchakrav-ab/moncia/ADNI/bids_adni3/sub-022S6716/ses-m36/anat/sub-022S6716_ses-m36_acq-3T_T1w.nii.gz,2,MCI,bids_adni3
022_S_6847,sc,2020-01-21,/project/rrg-mchakrav-ab/moncia/ADNI/bids_adni3/sub-022S6847/ses-sc/anat/sub-022S6847_ses-sc_acq-3T_T1w.nii.gz,2,MCI,bids_adni3
022_S_6847,m12,2021-01-20,/project/rrg-mchakrav-ab/moncia/ADNI/bids_adni3/sub-022S6847/ses-m12/anat/sub-022S6847_ses-m12_acq-3T_T1w.nii.gz,2,MCI,bids_adni3
022_S_6847,m30,2022-07-22,/project/rrg-mchakrav-ab/moncia/ADNI/bids_adni3/sub-022S6847/ses-m30/anat/sub-022S6847_ses-m30_acq-3T_T1w.nii.gz,2,MCI,bids_adni3
023_S_0030,bl,2005-10-20,/project/rrg-mchakrav-ab/moncia/ADNI/bids_adni1/sub-023S0030/ses-bl/anat/sub-023S0030_ses-bl_acq-3T_T1w.nii.gz,2,MCI,bids_adni1
023_S_0030,sc,2005-10-20,/project/rrg-mchakrav-ab/moncia/ADNI/bids_adni1/sub-023S0030/ses-sc/anat/sub-023S0030_ses-sc_acq-15T_T1w.nii.gz,2,MCI,bids_adni1
023_S_0030,m12,2006-10-20,/project/rrg-mchakrav-ab/moncia/ADNI/bids_adni1/sub-023S0030/ses-m12/anat/sub-023S0030_ses-m12_acq-15T_T1w.nii.gz,3,Dementia,bids_adni1
023_S_0030,m18,2007-04-20,/project/rrg-mchakrav-ab/moncia/ADNI/bids_adni1/sub-023S0030/ses-m18/anat/sub-023S0030_ses-m18_acq-15T_T1w.nii.gz,3,Dementia,bids_adni1
023_S_0030,m24,2007-10-20,/project/rrg-mchakrav-ab/moncia/ADNI/bids_adni1/sub-023S0030/ses-m24/anat/sub-023S0030_ses-m24_acq-15T_T1w.nii.gz,3,Dementia,bids_adni1
023_S_0030,m36,2008-10-19,/project/rrg-mchakrav-ab/moncia/ADNI/bids_adni1/sub-023S0030/ses-m36/anat/sub-023S0030_ses-m36_acq-15T_T1w.nii.gz,3,Dementia,bids_adni1
023_S_0042,sc,2005-11-10,/project/rrg-mchakrav-ab/moncia/ADNI/bids_adni1/sub-023S0042/ses-sc/anat/sub-023S0042_ses-sc_acq-15T_T1w.nii.gz,2,MCI,bids_adni1
023_S_0042,m12,2006-11-10,/project/rrg-mchakrav-ab/moncia/ADNI/bids_adni1/sub-023S0042/ses-m12/anat/sub-023S0042_ses-m12_acq-15T_T1w.nii.gz,3,Dementia,bids_adni1
023_S_0042,m18,2007-05-11,/project/rrg-mchakrav-ab/moncia/ADNI/bids_adni1/sub-023S0042/ses-m18/anat/sub-023S0042_ses-m18_acq-15T_T1w.nii.gz,3,Dementia,bids_adni1
023_S_0042,m24,2007-11-10,/project/rrg-mchakrav-ab/moncia/ADNI/bids_adni1/sub-023S0042/ses-m24/anat/sub-023S0042_ses-m24_acq-15T_T1w.nii.gz,3,Dementia,bids_adni1
023_S_0042,m36,2008-11-09,/project/rrg-mchakrav-ab/moncia/ADNI/bids_adni1/sub-023S0042/ses-m36/anat/sub-023S0042_ses-m36_acq-15T_T1w.nii.gz,3,Dementia,bids_adni1
023_S_0042,m48,2009-11-10,/project/rrg-mchakrav-ab/moncia/ADNI/bids_adni1/sub-023S0042/ses-m48/anat/sub-023S0042_ses-m48_acq-15T_T1w.nii.gz,3,Dementia,bids_adni1
023_S_0126,sc,2006-02-16,/project/rrg-mchakrav-ab/moncia/ADNI/bids_adni1/sub-023S0126/ses-sc/anat/sub-023S0126_ses-sc_acq-15T_T1w.nii.gz,2,MCI,bids_adni1
023_S_0126,m06,2006-08-17,/project/rrg-mchakrav-ab/moncia/ADNI/bids_adni1/sub-023S0126/ses-m06/anat/sub-023S0126_ses-m06_acq-15T_T1w.nii.gz,2,MCI,bids_adni1
023_S_0126,m12,2007-02-16,/project/rrg-mchakrav-ab/moncia/ADNI/bids_adni1/sub-023S0126/ses-m12/anat/sub-023S0126_ses-m12_acq-15T_T1w.nii.gz,2,MCI,bids_adni1
023_S_0126,m18,2007-08-17,/project/rrg-mchakrav-ab/moncia/ADNI/bids_adni1/sub-023S0126/ses-m18/anat/sub-023S0126_ses-m18_acq-15T_T1w.nii.gz,2,MCI,bids_adni1
023_S_0126,m24,2008-02-16,/project/rrg-mchakrav-ab/moncia/ADNI/bids_adni1/sub-023S0126/ses-m24/anat/sub-023S0126_ses-m24_acq-15T_T1w.nii.gz,2,MCI,bids_adni1
023_S_0126,m36,2009-02-15,/project/rrg-mchakrav-ab/moncia/ADNI/bids_adni1/sub-023S0126/ses-m36/anat/sub-023S0126_ses-m36_acq-15T_T1w.nii.gz,3,Dementia,bids_adni1
023_S_0126,m48,2010-02-16,/project/rrg-mchakrav-ab/moncia/ADNI/bids_adni1/sub-023S0126/ses-m48/anat/sub-023S0126_ses-m48_acq-15T_T1w.nii.gz,3,Dementia,bids_adni1
023_S_0217,m06,2006-08-29,/project/rrg-mchakrav-ab/moncia/ADNI/bids_adni1/sub-023S0217/ses-m06/anat/sub-023S0217_ses-m06_acq-15T_T1w.nii.gz,2,MCI,bids_adni1
023_S_0217,m12,2007-02-28,/project/rrg-mchakrav-ab/moncia/ADNI/bids_adni1/sub-023S0217/ses-m12/anat/sub-023S0217_ses-m12_acq-15T_T1w.nii.gz,2,MCI,bids_adni1
023_S_0217,m18,2007-08-29,/project/rrg-mchakrav-ab/moncia/ADNI/bids_adni1/sub-023S0217/ses-m18/anat/sub-023S0217_ses-m18_acq-15T_T1w.nii.gz,2,MCI,bids_adni1
023_S_0217,m24,2008-02-28,/project/rrg-mchakrav-ab/moncia/ADNI/bids_adni1/sub-023S0217/ses-m24/anat/sub-023S0217_ses-m24_acq-15T_T1w.nii.gz,3,Dementia,bids_adni1
023_S_0217,m36,2009-02-27,/project/rrg-mchakrav-ab/moncia/ADNI/bids_adni1/sub-023S0217/ses-m36/anat/sub-023S0217_ses-m36_acq-15T_T1w.nii.gz,3,Dementia,bids_adni1
023_S_0217,m48,2010-02-28,/project/rrg-mchakrav-ab/moncia/ADNI/bids_adni1/sub-023S0217/ses-m48/anat/sub-023S0217_ses-m48_acq-15T_T1w.nii.gz,3,Dementia,bids_adni1
023_S_0331,bl,2006-04-06,/project/rrg-mchakrav-ab/moncia/ADNI/bids_adni1/sub-023S0331/ses-bl/anat/sub-023S0331_ses-bl_acq-3T_T1w.nii.gz,2,MCI,bids_adni1
023_S_0331,sc,2006-04-06,/project/rrg-mchakrav-ab/moncia/ADNI/bids_adni1/sub-023S0331/ses-sc/anat/sub-023S0331_ses-sc_acq-15T_T1w.nii.gz,2,MCI,bids_adni1
023_S_0331,m06,2006-10-05,/project/rrg-mchakrav-ab/moncia/ADNI/bids_adni1/sub-023S0331/ses-m06/anat/sub-023S0331_ses-m06_acq-15T_T1w.nii.gz,2,MCI,bids_adni1
023_S_0331,m12,2007-04-06,/project/rrg-mchakrav-ab/moncia/ADNI/bids_adni1/sub-023S0331/ses-m12/anat/sub-023S0331_ses-m12_acq-15T_T1w.nii.gz,2,MCI,bids_adni1
023_S_0331,m18,2007-10-05,/project/rrg-mchakrav-ab/moncia/ADNI/bids_adni1/sub-023S0331/ses-m18/anat/sub-023S0331_ses-m18_acq-15T_T1w.nii.gz,2,MCI,bids_adni1
023_S_0331,m24,2008-04-05,/project/rrg-mchakrav-ab/moncia/ADNI/bids_adni1/sub-023S0331/ses-m24/anat/sub-023S0331_ses-m24_acq-15T_T1w.nii.gz,2,MCI,bids_adni1
023_S_0331,m36,2009-04-05,/project/rrg-mchakrav-ab/moncia/ADNI/bids_adni1/sub-023S0331/ses-m36/anat/sub-023S0331_ses-m36_acq-15T_T1w.nii.gz,3,Dementia,bids_adni1
023_S_0331,m48,2010-04-06,/project/rrg-mchakrav-ab/moncia/ADNI/bids_adni1/sub-023S0331/ses-m48/anat/sub-023S0331_ses-m48_acq-15T_T1w.nii.gz,3,Dementia,bids_adni1
023_S_0376,m06,2006-10-19,/project/rrg-mchakrav-ab/moncia/ADNI/bids_adni1/sub-023S0376/ses-m06/anat/sub-023S0376_ses-m06_acq-15T_T1w.nii.gz,2,MCI,bids_adni1
023_S_0376,m12,2007-04-20,/project/rrg-mchakrav-ab/moncia/ADNI/bids_adni1/sub-023S0376/ses-m12/anat/sub-023S0376_ses-m12_acq-15T_T1w.nii.gz,2,MCI,bids_adni1
023_S_0376,m24,2008-04-19,/project/rrg-mchakrav-ab/moncia/ADNI/bids_adni1/sub-023S0376/ses-m24/anat/sub-023S0376_ses-m24_acq-15T_T1w.nii.gz,2,MCI,bids_adni1
023_S_0376,m36,2009-04-19,/project/rrg-mchakrav-ab/moncia/ADNI/bids_adni1/sub-023S0376/ses-m36/anat/sub-023S0376_ses-m36_acq-15T_T1w.nii.gz,2,MCI,bids_adni1
023_S_0376,m48,2010-04-20,/project/rrg-mchakrav-ab/moncia/ADNI/bids_adni1/sub-023S0376/ses-m48/anat/sub-023S0376_ses-m48_acq-15T_T1w.nii.gz,3,Dementia,bids_adni1
023_S_0388,m06,2006-10-24,/project/rrg-mchakrav-ab/moncia/ADNI/bids_adni1/sub-023S0388/ses-m06/anat/sub-023S0388_ses-m06_acq-15T_T1w.nii.gz,2,MCI,bids_adni1
023_S_0388,m12,2007-04-25,/project/rrg-mchakrav-ab/moncia/ADNI/bids_adni1/sub-023S0388/ses-m12/anat/sub-023S0388_ses-m12_acq-15T_T1w.nii.gz,2,MCI,bids_adni1
023_S_0388,m24,2008-04-24,/project/rrg-mchakrav-ab/moncia/ADNI/bids_adni1/sub-023S0388/ses-m24/anat/sub-023S0388_ses-m24_acq-15T_T1w.nii.gz,3,Dementia,bids_adni1
023_S_0388,m36,2009-04-24,/project/rrg-mchakrav-ab/moncia/ADNI/bids_adni1/sub-023S0388/ses-m36/anat/sub-023S0388_ses-m36_acq-15T_T1w.nii.gz,3,Dementia,bids_adni1
023_S_0388,m48,2010-04-25,/project/rrg-mchakrav-ab/moncia/ADNI/bids_adni1/sub-023S0388/ses-m48/anat/sub-023S0388_ses-m48_acq-15T_T1w.nii.gz,3,Dementia,bids_adni1
023_S_0604,sc,2006-06-20,/project/rrg-mchakrav-ab/moncia/ADNI/bids_adni1/sub-023S0604/ses-sc/anat/sub-023S0604_ses-sc_acq-15T_T1w.nii.gz,2,MCI,bids_adni1
023_S_0604,m06,2006-12-19,/project/rrg-mchakrav-ab/moncia/ADNI/bids_adni1/sub-023S0604/ses-m06/anat/sub-023S0604_ses-m06_acq-15T_T1w.nii.gz,2,MCI,bids_adni1
023_S_0604,m24,2008-06-19,/project/rrg-mchakrav-ab/moncia/ADNI/bids_adni1/sub-023S0604/ses-m24/anat/sub-023S0604_ses-m24_acq-15T_T1w.nii.gz,3,Dementia,bids_adni1
023_S_0604,m36,2009-06-19,/project/rrg-mchakrav-ab/moncia/ADNI/bids_adni1/sub-023S0604/ses-m36/anat/sub-023S0604_ses-m36_acq-15T_T1w.nii.gz,3,Dementia,bids_adni1
023_S_0625,bl,2006-07-10,/project/rrg-mchakrav-ab/moncia/ADNI/bids_adni1/sub-023S0625/ses-bl/anat/sub-023S0625_ses-bl_acq-3T_T1w.nii.gz,2,MCI,bids_adni1
023_S_0625,sc,2006-07-10,/project/rrg-mchakrav-ab/moncia/ADNI/bids_adni1/sub-023S0625/ses-sc/anat/sub-023S0625_ses-sc_acq-15T_T1w.nii.gz,2,MCI,bids_adni1
023_S_0625,m06,2007-01-08,/project/rrg-mchakrav-ab/moncia/ADNI/bids_adni1/sub-023S0625/ses-m06/anat/sub-023S0625_ses-m06_acq-15T_T1w.nii.gz,3,Dementia,bids_adni1
023_S_0625,m12,2007-07-10,/project/rrg-mchakrav-ab/moncia/ADNI/bids_adni1/sub-023S0625/ses-m12/anat/sub-023S0625_ses-m12_acq-15T_T1w.nii.gz,3,Dementia,bids_adni1
023_S_0625,m18,2008-01-08,/project/rrg-mchakrav-ab/moncia/ADNI/bids_adni1/sub-023S0625/ses-m18/anat/sub-023S0625_ses-m18_acq-15T_T1w.nii.gz,3,Dementia,bids_adni1
023_S_0625,m24,2008-07-09,/project/rrg-mchakrav-ab/moncia/ADNI/bids_adni1/sub-023S0625/ses-m24/anat/sub-023S0625_ses-m24_acq-15T_T1w.nii.gz,3,Dementia,bids_adni1
023_S_0625,m36,2009-07-09,/project/rrg-mchakrav-ab/moncia/ADNI/bids_adni1/sub-023S0625/ses-m36/anat/sub-023S0625_ses-m36_acq-15T_T1w.nii.gz,3,Dementia,bids_adni1
023_S_0625,m48,2010-07-10,/project/rrg-mchakrav-ab/moncia/ADNI/bids_adni_go2/sub-023S0625/ses-m48/anat/sub-023S0625_ses-m48_acq-15Tunaccel_T1w.nii.gz,3,Dementia,bids_adni_go2
023_S_0855,bl,2006-09-19,/project/rrg-mchakrav-ab/moncia/ADNI/bids_adni1/sub-023S0855/ses-bl/anat/sub-023S0855_ses-bl_acq-3T_T1w.nii.gz,2,MCI,bids_adni1
023_S_0855,sc,2006-09-19,/project/rrg-mchakrav-ab/moncia/ADNI/bids_adni1/sub-023S0855/ses-sc/anat/sub-023S0855_ses-sc_acq-15T_T1w.nii.gz,2,MCI,bids_adni1
023_S_0855,m06,2007-03-20,/project/rrg-mchakrav-ab/moncia/ADNI/bids_adni1/sub-023S0855/ses-m06/anat/sub-023S0855_ses-m06_acq-15T_T1w.nii.gz,2,MCI,bids_adni1
023_S_0887,sc,2006-10-06,/project/rrg-mchakrav-ab/moncia/ADNI/bids_adni1/sub-023S0887/ses-sc/anat/sub-023S0887_ses-sc_acq-15T_T1w.nii.gz,2,MCI,bids_adni1
023_S_0887,m06,2007-04-06,/project/rrg-mchakrav-ab/moncia/ADNI/bids_adni1/sub-023S0887/ses-m06/anat/sub-023S0887_ses-m06_acq-15T_T1w.nii.gz,2,MCI,bids_adni1
023_S_0887,m18,2008-04-05,/project/rrg-mchakrav-ab/moncia/ADNI/bids_adni1/sub-023S0887/ses-m18/anat/sub-023S0887_ses-m18_acq-15T_T1w.nii.gz,3,Dementia,bids_adni1
023_S_0887,m24,2008-10-05,/project/rrg-mchakrav-ab/moncia/ADNI/bids_adni1/sub-023S0887/ses-m24/anat/sub-023S0887_ses-m24_acq-15T_T1w.nii.gz,3,Dementia,bids_adni1
023_S_0887,m36,2009-10-05,/project/rrg-mchakrav-ab/moncia/ADNI/bids_adni1/sub-023S0887/ses-m36/anat/sub-023S0887_ses-m36_acq-15T_T1w.nii.gz,3,Dementia,bids_adni1
023_S_0887,m48,2010-10-06,/project/rrg-mchakrav-ab/moncia/ADNI/bids_adni_go2/sub-023S0887/ses-m48/anat/sub-023S0887_ses-m48_acq-15Tunaccel_T1w.nii.gz,3,Dementia,bids_adni_go2
023_S_1046,bl,2006-11-16,/project/rrg-mchakrav-ab/moncia/ADNI/bids_adni1/sub-023S1046/ses-bl/anat/sub-023S1046_ses-bl_acq-3T_T1w.nii.gz,2,MCI,bids_adni1
023_S_1046,sc,2006-11-16,/project/rrg-mchakrav-ab/moncia/ADNI/bids_adni1/sub-023S1046/ses-sc/anat/sub-023S1046_ses-sc_acq-15T_T1w.nii.gz,2,MCI,bids_adni1
023_S_1046,m06,2007-05-17,/project/rrg-mchakrav-ab/moncia/ADNI/bids_adni1/sub-023S1046/ses-m06/anat/sub-023S1046_ses-m06_acq-15T_T1w.nii.gz,2,MCI,bids_adni1
023_S_1046,m12,2007-11-16,/project/rrg-mchakrav-ab/moncia/ADNI/bids_adni1/sub-023S1046/ses-m12/anat/sub-023S1046_ses-m12_acq-15T_T1w.nii.gz,2,MCI,bids_adni1
023_S_1046,m18,2008-05-16,/project/rrg-mchakrav-ab/moncia/ADNI/bids_adni1/sub-023S1046/ses-m18/anat/sub-023S1046_ses-m18_acq-15T_T1w.nii.gz,2,MCI,bids_adni1
023_S_1046,m24,2008-11-15,/project/rrg-mchakrav-ab/moncia/ADNI/bids_adni1/sub-023S1046/ses-m24/anat/sub-023S1046_ses-m24_acq-15T_T1w.nii.gz,2,MCI,bids_adni1
023_S_1046,m36,2009-11-15,/project/rrg-mchakrav-ab/moncia/ADNI/bids_adni1/sub-023S1046/ses-m36/anat/sub-023S1046_ses-m36_acq-15T_T1w.nii.gz,2,MCI,bids_adni1
023_S_1126,sc,2006-12-14,/project/rrg-mchakrav-ab/moncia/ADNI/bids_adni1/sub-023S1126/ses-sc/anat/sub-023S1126_ses-sc_acq-15T_T1w.nii.gz,2,MCI,bids_adni1
023_S_1126,m12,2007-12-14,/project/rrg-mchakrav-ab/moncia/ADNI/bids_adni1/sub-023S1126/ses-m12/anat/sub-023S1126_ses-m12_acq-15T_T1w.nii.gz,3,Dementia,bids_adni1
023_S_1126,m18,2008-06-13,/project/rrg-mchakrav-ab/moncia/ADNI/bids_adni1/sub-023S1126/ses-m18/anat/sub-023S1126_ses-m18_acq-15T_T1w.nii.gz,3,Dementia,bids_adni1
023_S_1126,m24,2008-12-13,/project/rrg-mchakrav-ab/moncia/ADNI/bids_adni1/sub-023S1126/ses-m24/anat/sub-023S1126_ses-m24_acq-15T_T1w.nii.gz,3,Dementia,bids_adni1
023_S_1247,bl,2007-02-08,/project/rrg-mchakrav-ab/moncia/ADNI/bids_adni1/sub-023S1247/ses-bl/anat/sub-023S1247_ses-bl_acq-3T_T1w.nii.gz,2,MCI,bids_adni1
023_S_1247,sc,2007-02-08,/project/rrg-mchakrav-ab/moncia/ADNI/bids_adni1/sub-023S1247/ses-sc/anat/sub-023S1247_ses-sc_acq-15T_T1w.nii.gz,2,MCI,bids_adni1
023_S_1247,m06,2007-08-09,/project/rrg-mchakrav-ab/moncia/ADNI/bids_adni1/sub-023S1247/ses-m06/anat/sub-023S1247_ses-m06_acq-15T_T1w.nii.gz,2,MCI,bids_adni1
023_S_1247,m18,2008-08-08,/project/rrg-mchakrav-ab/moncia/ADNI/bids_adni1/sub-023S1247/ses-m18/anat/sub-023S1247_ses-m18_acq-15T_T1w.nii.gz,3,Dementia,bids_adni1
023_S_1247,m24,2009-02-07,/project/rrg-mchakrav-ab/moncia/ADNI/bids_adni1/sub-023S1247/ses-m24/anat/sub-023S1247_ses-m24_acq-15T_T1w.nii.gz,3,Dementia,bids_adni1
023_S_2068,m03,2011-01-05,/project/rrg-mchakrav-ab/moncia/ADNI/bids_adni_go2/sub-023S2068/ses-m03/anat/sub-023S2068_ses-m03_acq-3Taccel_T1w.nii.gz,2,MCI,bids_adni_go2
023_S_2068,m06,2011-04-06,/project/rrg-mchakrav-ab/moncia/ADNI/bids_adni_go2/sub-023S2068/ses-m06/anat/sub-023S2068_ses-m06_acq-3Taccel_T1w.nii.gz,2,MCI,bids_adni_go2
023_S_2068,m12,2011-10-06,/project/rrg-mchakrav-ab/moncia/ADNI/bids_adni_go2/sub-023S2068/ses-m12/anat/sub-023S2068_ses-m12_acq-3Taccel_T1w.nii.gz,2,MCI,bids_adni_go2
023_S_2068,m24,2012-10-05,/project/rrg-mchakrav-ab/moncia/ADNI/bids_adni_go2/sub-023S2068/ses-m24/anat/sub-023S2068_ses-m24_acq-3Taccel_T1w.nii.gz,2,MCI,bids_adni_go2
023_S_2068,m36,2013-10-05,/project/rrg-mchakrav-ab/moncia/ADNI/bids_adni_go2/sub-023S2068/ses-m36/anat/sub-023S2068_ses-m36_acq-3Taccel_T1w.nii.gz,2,MCI,bids_adni_go2
023_S_2068,m84,2017-10-05,/project/rrg-mchakrav-ab/moncia/ADNI/bids_adni3/sub-023S2068/ses-m84/anat/sub-023S2068_ses-m84_acq-3T_T1w.nii.gz,2,MCI,bids_adni3
023_S_4034,m03,2011-08-04,/project/rrg-mchakrav-ab/moncia/ADNI/bids_adni_go2/sub-023S4034/ses-m03/anat/sub-023S4034_ses-m03_acq-3Taccel_T1w.nii.gz,2,MCI,bids_adni_go2
023_S_4034,m06,2011-11-03,/project/rrg-mchakrav-ab/moncia/ADNI/bids_adni_go2/sub-023S4034/ses-m06/anat/sub-023S4034_ses-m06_acq-3Taccel_T1w.nii.gz,2,MCI,bids_adni_go2
023_S_4034,m12,2012-05-04,/project/rrg-mchakrav-ab/moncia/ADNI/bids_adni_go2/sub-023S4034/ses-m12/anat/sub-023S4034_ses-m12_acq-3Taccel_T1w.nii.gz,2,MCI,bids_adni_go2
023_S_4035,m03,2011-09-29,/project/rrg-mchakrav-ab/moncia/ADNI/bids_adni_go2/sub-023S4035/ses-m03/anat/sub-023S4035_ses-m03_acq-3Taccel_T1w.nii.gz,2,MCI,bids_adni_go2
023_S_4035,m06,2011-12-29,/project/rrg-mchakrav-ab/moncia/ADNI/bids_adni_go2/sub-023S4035/ses-m06/anat/sub-023S4035_ses-m06_acq-3Taccel_T1w.nii.gz,2,MCI,bids_adni_go2
023_S_4035,m12,2012-06-29,/project/rrg-mchakrav-ab/moncia/ADNI/bids_adni_go2/sub-023S4035/ses-m12/anat/sub-023S4035_ses-m12_acq-3Taccel_T1w.nii.gz,2,MCI,bids_adni_go2
023_S_4035,m24,2013-06-29,/project/rrg-mchakrav-ab/moncia/ADNI/bids_adni_go2/sub-023S4035/ses-m24/anat/sub-023S4035_ses-m24_acq-3Taccel_T1w.nii.gz,3,Dementia,bids_adni_go2
023_S_4035,m48,2015-06-30,/project/rrg-mchakrav-ab/moncia/ADNI/bids_adni_go2/sub-023S4035/ses-m48/anat/sub-023S4035_ses-m48_acq-3Taccel_T1w.nii.gz,3,Dementia,bids_adni_go2
023_S_4115,m03,2011-10-12,/project/rrg-mchakrav-ab/moncia/ADNI/bids_adni_go2/sub-023S4115/ses-m03/anat/sub-023S4115_ses-m03_acq-3Taccel_T1w.nii.gz,2,MCI,bids_adni_go2
023_S_4115,m06,2012-01-11,/project/rrg-mchakrav-ab/moncia/ADNI/bids_adni_go2/sub-023S4115/ses-m06/anat/sub-023S4115_ses-m06_acq-3Taccel_T1w.nii.gz,2,MCI,bids_adni_go2
023_S_4115,m12,2012-07-12,/project/rrg-mchakrav-ab/moncia/ADNI/bids_adni_go2/sub-023S4115/ses-m12/anat/sub-023S4115_ses-m12_acq-3Taccel_T1w.nii.gz,2,MCI,bids_adni_go2
023_S_4115,m24,2013-07-12,/project/rrg-mchakrav-ab/moncia/ADNI/bids_adni_go2/sub-023S4115/ses-m24/anat/sub-023S4115_ses-m24_acq-3Taccel_T1w.nii.gz,2,MCI,bids_adni_go2
023_S_4115,m48,2015-07-13,/project/rrg-mchakrav-ab/moncia/ADNI/bids_adni_go2/sub-023S4115/ses-m48/anat/sub-023S4115_ses-m48_acq-3Taccel_T1w.nii.gz,2,MCI,bids_adni_go2
023_S_4115,m78,2018-01-11,/project/rrg-mchakrav-ab/moncia/ADNI/bids_adni3/sub-023S4115/ses-m78/anat/sub-023S4115_ses-m78_acq-3T_T1w.nii.gz,2,MCI,bids_adni3
023_S_4115,m90,2019-01-11,/project/rrg-mchakrav-ab/moncia/ADNI/bids_adni3/sub-023S4115/ses-m90/anat/sub-023S4115_ses-m90_acq-3T_T1w.nii.gz,3,Dementia,bids_adni3
023_S_4115,m102,2020-01-11,/project/rrg-mchakrav-ab/moncia/ADNI/bids_adni3/sub-023S4115/ses-m102/anat/sub-023S4115_ses-m102_acq-3T_T1w.nii.gz,3,Dementia,bids_adni3
023_S_4115,m114,2021-01-11,/project/rrg-mchakrav-ab/moncia/ADNI/bids_adni3/sub-023S4115/ses-m114/anat/sub-023S4115_ses-m114_acq-3T_T1w.nii.gz,3,Dementia,bids_adni3
023_S_4115,m126,2022-01-11,/project/rrg-mchakrav-ab/moncia/ADNI/bids_adni3/sub-023S4115/ses-m126/anat/sub-023S4115_ses-m126_acq-3T_T1w.nii.gz,3,Dementia,bids_adni3
023_S_4122,m03,2011-11-07,/project/rrg-mchakrav-ab/moncia/ADNI/bids_adni_go2/sub-023S4122/ses-m03/anat/sub-023S4122_ses-m03_acq-3Taccel_T1w.nii.gz,2,MCI,bids_adni_go2
023_S_4122,m06,2012-02-06,/project/rrg-mchakrav-ab/moncia/ADNI/bids_adni_go2/sub-023S4122/ses-m06/anat/sub-023S4122_ses-m06_acq-3Taccel_T1w.nii.gz,2,MCI,bids_adni_go2
023_S_4122,m12,2012-08-07,/project/rrg-mchakrav-ab/moncia/ADNI/bids_adni_go2/sub-023S4122/ses-m12/anat/sub-023S4122_ses-m12_acq-3Taccel_T1w.nii.gz,2,MCI,bids_adni_go2
023_S_4122,m36,2014-08-07,/project/rrg-mchakrav-ab/moncia/ADNI/bids_adni_go2/sub-023S4122/ses-m36/anat/sub-023S4122_ses-m36_acq-3Taccel_T1w.nii.gz,2,MCI,bids_adni_go2
023_S_4241,m03,2012-04-05,/project/rrg-mchakrav-ab/moncia/ADNI/bids_adni_go2/sub-023S4241/ses-m03/anat/sub-023S4241_ses-m03_acq-3Taccel_T1w.nii.gz,2,MCI,bids_adni_go2
023_S_4241,m06,2012-07-05,/project/rrg-mchakrav-ab/moncia/ADNI/bids_adni_go2/sub-023S4241/ses-m06/anat/sub-023S4241_ses-m06_acq-3Taccel_T1w.nii.gz,2,MCI,bids_adni_go2
023_S_4241,m12,2013-01-04,/project/rrg-mchakrav-ab/moncia/ADNI/bids_adni_go2/sub-023S4241/ses-m12/anat/sub-023S4241_ses-m12_acq-3Taccel_T1w.nii.gz,2,MCI,bids_adni_go2
023_S_4243,m03,2011-12-29,/project/rrg-mchakrav-ab/moncia/ADNI/bids_adni_go2/sub-023S4243/ses-m03/anat/sub-023S4243_ses-m03_acq-3Taccel_T1w.nii.gz,2,MCI,bids_adni_go2
023_S_4243,m06,2012-03-29,/project/rrg-mchakrav-ab/moncia/ADNI/bids_adni_go2/sub-023S4243/ses-m06/anat/sub-023S4243_ses-m06_acq-3Taccel_T1w.nii.gz,2,MCI,bids_adni_go2
023_S_4243,m12,2012-09-28,/project/rrg-mchakrav-ab/moncia/ADNI/bids_adni_go2/sub-023S4243/ses-m12/anat/sub-023S4243_ses-m12_acq-3Taccel_T1w.nii.gz,2,MCI,bids_adni_go2
023_S_4243,m24,2013-09-28,/project/rrg-mchakrav-ab/moncia/ADNI/bids_adni_go2/sub-023S4243/ses-m24/anat/sub-023S4243_ses-m24_acq-3Taccel_T1w.nii.gz,3,Dementia,bids_adni_go2
023_S_4502,m03,2012-05-07,/project/rrg-mchakrav-ab/moncia/ADNI/bids_adni_go2/sub-023S4502/ses-m03/anat/sub-023S4502_ses-m03_acq-3Taccel_T1w.nii.gz,2,MCI,bids_adni_go2
023_S_4502,m06,2012-08-06,/project/rrg-mchakrav-ab/moncia/ADNI/bids_adni_go2/sub-023S4502/ses-m06/anat/sub-023S4502_ses-m06_acq-3Taccel_T1w.nii.gz,3,Dementia,bids_adni_go2
023_S_4502,m12,2013-02-05,/project/rrg-mchakrav-ab/moncia/ADNI/bids_adni_go2/sub-023S4502/ses-m12/anat/sub-023S4502_ses-m12_acq-3Taccel_T1w.nii.gz,3,Dementia,bids_adni_go2
023_S_4502,m24,2014-02-05,/project/rrg-mchakrav-ab/moncia/ADNI/bids_adni_go2/sub-023S4502/ses-m24/anat/sub-023S4502_ses-m24_acq-3Taccel_T1w.nii.gz,3,Dementia,bids_adni_go2
023_S_4502,m48,2016-02-06,/project/rrg-mchakrav-ab/moncia/ADNI/bids_adni_go2/sub-023S4502/ses-m48/anat/sub-023S4502_ses-m48_acq-3Taccel_T1w.nii.gz,3,Dementia,bids_adni_go2
023_S_4796,m03,2012-10-16,/project/rrg-mchakrav-ab/moncia/ADNI/bids_adni_go2/sub-023S4796/ses-m03/anat/sub-023S4796_ses-m03_acq-3Taccel_T1w.nii.gz,2,MCI,bids_adni_go2
023_S_4796,m06,2013-01-15,/project/rrg-mchakrav-ab/moncia/ADNI/bids_adni_go2/sub-023S4796/ses-m06/anat/sub-023S4796_ses-m06_acq-3Taccel_T1w.nii.gz,3,Dementia,bids_adni_go2
023_S_4796,m12,2013-07-17,/project/rrg-mchakrav-ab/moncia/ADNI/bids_adni_go2/sub-023S4796/ses-m12/anat/sub-023S4796_ses-m12_acq-3Taccel_T1w.nii.gz,3,Dementia,bids_adni_go2
023_S_4796,m24,2014-07-17,/project/rrg-mchakrav-ab/moncia/ADNI/bids_adni_go2/sub-023S4796/ses-m24/anat/sub-023S4796_ses-m24_acq-3Taccel_T1w.nii.gz,3,Dementia,bids_adni_go2
023_S_6334,sc,2018-04-25,/project/rrg-mchakrav-ab/moncia/ADNI/bids_adni3/sub-023S6334/ses-sc/anat/sub-023S6334_ses-sc_acq-3T_T1w.nii.gz,2,MCI,bids_adni3
023_S_6334,m12,2019-04-25,/project/rrg-mchakrav-ab/moncia/ADNI/bids_adni3/sub-023S6334/ses-m12/anat/sub-023S6334_ses-m12_acq-3T_T1w.nii.gz,2,MCI,bids_adni3
023_S_6334,m36,2021-04-24,/project/rrg-mchakrav-ab/moncia/ADNI/bids_adni3/sub-023S6334/ses-m36/anat/sub-023S6334_ses-m36_acq-3T_T1w.nii.gz,2,MCI,bids_adni3
023_S_6334,m48,2022-04-25,/project/rrg-mchakrav-ab/moncia/ADNI/bids_adni3/sub-023S6334/ses-m48/anat/sub-023S6334_ses-m48_acq-3T_T1w.nii.gz,2,MCI,bids_adni3
023_S_6334,m72,2024-04-24,/project/rrg-mchakrav-ab/moncia/ADNI/bids_adni4_qc/sub-023S6334/ses-m72/anat/sub-023S6334_ses-m72_acq-3Taccel_T1w.nii.gz,2,MCI,bids_adni4_qc
023_S_6369,sc,2018-05-11,/project/rrg-mchakrav-ab/moncia/ADNI/bids_adni3/sub-023S6369/ses-sc/anat/sub-023S6369_ses-sc_acq-3T_T1w.nii.gz,2,MCI,bids_adni3
023_S_6369,m12,2019-05-11,/project/rrg-mchakrav-ab/moncia/ADNI/bids_adni3/sub-023S6369/ses-m12/anat/sub-023S6369_ses-m12_acq-3T_T1w.nii.gz,2,MCI,bids_adni3
023_S_6369,m36,2021-05-10,/project/rrg-mchakrav-ab/moncia/ADNI/bids_adni3/sub-023S6369/ses-m36/anat/sub-023S6369_ses-m36_acq-3T_T1w.nii.gz,2,MCI,bids_adni3
023_S_6369,m48,2022-05-11,/project/rrg-mchakrav-ab/moncia/ADNI/bids_adni3/sub-023S6369/ses-m48/anat/sub-023S6369_ses-m48_acq-3T_T1w.nii.gz,2,MCI,bids_adni3
023_S_6369,m78,2024-11-09,/project/rrg-mchakrav-ab/moncia/ADNI/bids_adni4_qc/sub-023S6369/ses-m78/anat/sub-023S6369_ses-m78_acq-3Taccel_T1w.nii.gz,2,MCI,bids_adni4_qc
023_S_6369,m90,2025-11-09,/project/rrg-mchakrav-ab/moncia/ADNI/bids_adni4_qc/sub-023S6369/ses-m90/anat/sub-023S6369_ses-m90_acq-3Taccel_T1w.nii.gz,2,MCI,bids_adni4_qc
023_S_6535,sc,2018-07-25,/project/rrg-mchakrav-ab/moncia/ADNI/bids_adni3/sub-023S6535/ses-sc/anat/sub-023S6535_ses-sc_acq-3T_T1w.nii.gz,2,MCI,bids_adni3
023_S_6535,m12,2019-07-25,/project/rrg-mchakrav-ab/moncia/ADNI/bids_adni3/sub-023S6535/ses-m12/anat/sub-023S6535_ses-m12_acq-3T_T1w.nii.gz,2,MCI,bids_adni3
023_S_6535,m36,2021-07-24,/project/rrg-mchakrav-ab/moncia/ADNI/bids_adni3/sub-023S6535/ses-m36/anat/sub-023S6535_ses-m36_acq-3T_T1w.nii.gz,3,Dementia,bids_adni3
023_S_6535,m48,2022-07-25,/project/rrg-mchakrav-ab/moncia/ADNI/bids_adni3/sub-023S6535/ses-m48/anat/sub-023S6535_ses-m48_acq-3T_T1w.nii.gz,2,MCI,bids_adni3
023_S_6535,m66,2024-01-24,/project/rrg-mchakrav-ab/moncia/ADNI/bids_adni4_qc/sub-023S6535/ses-m66/anat/sub-023S6535_ses-m66_acq-3Taccel_T1w.nii.gz,2,MCI,bids_adni4_qc
023_S_6535,m72,2024-07-24,/project/rrg-mchakrav-ab/moncia/ADNI/bids_adni4_qc/sub-023S6535/ses-m72/anat/sub-023S6535_ses-m72_acq-3Taccel_T1w.nii.gz,3,Dementia,bids_adni4_qc
023_S_6702,sc,2019-03-13,/project/rrg-mchakrav-ab/moncia/ADNI/bids_adni3/sub-023S6702/ses-sc/anat/sub-023S6702_ses-sc_acq-3T_T1w.nii.gz,2,MCI,bids_adni3
023_S_6702,m24,2021-03-12,/project/rrg-mchakrav-ab/moncia/ADNI/bids_adni3/sub-023S6702/ses-m24/anat/sub-023S6702_ses-m24_acq-3T_T1w.nii.gz,2,MCI,bids_adni3
023_S_6702,m36,2022-03-12,/project/rrg-mchakrav-ab/moncia/ADNI/bids_adni3/sub-023S6702/ses-m36/anat/sub-023S6702_ses-m36_acq-3T_T1w.nii.gz,2,MCI,bids_adni3
023_S_6702,m54,2023-09-11,/project/rrg-mchakrav-ab/moncia/ADNI/bids_adni4_qc/sub-023S6702/ses-m54/anat/sub-023S6702_ses-m54_acq-3Taccel_T1w.nii.gz,2,MCI,bids_adni4_qc
023_S_6702,m66,2024-09-11,/project/rrg-mchakrav-ab/moncia/ADNI/bids_adni4_qc/sub-023S6702/ses-m66/anat/sub-023S6702_ses-m66_acq-3Taccel_T1w.nii.gz,2,MCI,bids_adni4_qc
023_S_6702,m78,2025-09-11,/project/rrg-mchakrav-ab/moncia/ADNI/bids_adni4_qc/sub-023S6702/ses-m78/anat/sub-023S6702_ses-m78_acq-3Taccel_T1w.nii.gz,2,MCI,bids_adni4_qc
024_S_1393,sc,2007-04-24,/project/rrg-mchakrav-ab/moncia/ADNI/bids_adni1/sub-024S1393/ses-sc/anat/sub-024S1393_ses-sc_acq-15T_T1w.nii.gz,2,MCI,bids_adni1
024_S_1393,m18,2008-10-22,/project/rrg-mchakrav-ab/moncia/ADNI/bids_adni1/sub-024S1393/ses-m18/anat/sub-024S1393_ses-m18_acq-15T_T1w.nii.gz,3,Dementia,bids_adni1
024_S_1393,m36,2010-04-23,/project/rrg-mchakrav-ab/moncia/ADNI/bids_adni1/sub-024S1393/ses-m36/anat/sub-024S1393_ses-m36_acq-15T_T1w.nii.gz,3,Dementia,bids_adni1
024_S_2239,m03,2011-05-19,/project/rrg-mchakrav-ab/moncia/ADNI/bids_adni_go2/sub-024S2239/ses-m03/anat/sub-024S2239_ses-m03_acq-3Taccel_T1w.nii.gz,2,MCI,bids_adni_go2
024_S_2239,m06,2011-08-18,/project/rrg-mchakrav-ab/moncia/ADNI/bids_adni_go2/sub-024S2239/ses-m06/anat/sub-024S2239_ses-m06_acq-3Taccel_T1w.nii.gz,2,MCI,bids_adni_go2
024_S_2239,m12,2012-02-17,/project/rrg-mchakrav-ab/moncia/ADNI/bids_adni_go2/sub-024S2239/ses-m12/anat/sub-024S2239_ses-m12_acq-3Taccel_T1w.nii.gz,2,MCI,bids_adni_go2
024_S_2239,m24,2013-02-16,/project/rrg-mchakrav-ab/moncia/ADNI/bids_adni_go2/sub-024S2239/ses-m24/anat/sub-024S2239_ses-m24_acq-3Taccel_T1w.nii.gz,2,MCI,bids_adni_go2
024_S_2239,m36,2014-02-16,/project/rrg-mchakrav-ab/moncia/ADNI/bids_adni_go2/sub-024S2239/ses-m36/anat/sub-024S2239_ses-m36_acq-3Taccel_T1w.nii.gz,2,MCI,bids_adni_go2
024_S_2239,m48,2015-02-17,/project/rrg-mchakrav-ab/moncia/ADNI/bids_adni_go2/sub-024S2239/ses-m48/anat/sub-024S2239_ses-m48_acq-3Taccel_T1w.nii.gz,2,MCI,bids_adni_go2
024_S_2239,m90,2018-08-18,/project/rrg-mchakrav-ab/moncia/ADNI/bids_adni3/sub-024S2239/ses-m90/anat/sub-024S2239_ses-m90_acq-3T_T1w.nii.gz,2,MCI,bids_adni3
024_S_2239,m102,2019-08-18,/project/rrg-mchakrav-ab/moncia/ADNI/bids_adni3/sub-024S2239/ses-m102/anat/sub-024S2239_ses-m102_acq-3T_T1w.nii.gz,2,MCI,bids_adni3
024_S_2239,m120,2021-02-16,/project/rrg-mchakrav-ab/moncia/ADNI/bids_adni3/sub-024S2239/ses-m120/anat/sub-024S2239_ses-m120_acq-3T_T1w.nii.gz,2,MCI,bids_adni3
024_S_2239,m132,2022-02-17,/project/rrg-mchakrav-ab/moncia/ADNI/bids_adni3/sub-024S2239/ses-m132/anat/sub-024S2239_ses-m132_acq-3T_T1w.nii.gz,2,MCI,bids_adni3
024_S_4169,m03,2011-11-07,/project/rrg-mchakrav-ab/moncia/ADNI/bids_adni_go2/sub-024S4169/ses-m03/anat/sub-024S4169_ses-m03_acq-3Taccel_T1w.nii.gz,2,MCI,bids_adni_go2
024_S_4169,m06,2012-02-06,/project/rrg-mchakrav-ab/moncia/ADNI/bids_adni_go2/sub-024S4169/ses-m06/anat/sub-024S4169_ses-m06_acq-3Taccel_T1w.nii.gz,2,MCI,bids_adni_go2
024_S_4169,m12,2012-08-07,/project/rrg-mchakrav-ab/moncia/ADNI/bids_adni_go2/sub-024S4169/ses-m12/anat/sub-024S4169_ses-m12_acq-3Taccel_T1w.nii.gz,2,MCI,bids_adni_go2
024_S_4169,m24,2013-08-07,/project/rrg-mchakrav-ab/moncia/ADNI/bids_adni_go2/sub-024S4169/ses-m24/anat/sub-024S4169_ses-m24_acq-3Taccel_T1w.nii.gz,2,MCI,bids_adni_go2
024_S_4169,m48,2015-08-08,/project/rrg-mchakrav-ab/moncia/ADNI/bids_adni_go2/sub-024S4169/ses-m48/anat/sub-024S4169_ses-m48_acq-3Taccel_T1w.nii.gz,2,MCI,bids_adni_go2
024_S_4169,m72,2017-08-07,/project/rrg-mchakrav-ab/moncia/ADNI/bids_adni3/sub-024S4169/ses-m72/anat/sub-024S4169_ses-m72_acq-3T_T1w.nii.gz,2,MCI,bids_adni3
024_S_4392,m03,2012-03-01,/project/rrg-mchakrav-ab/moncia/ADNI/bids_adni_go2/sub-024S4392/ses-m03/anat/sub-024S4392_ses-m03_acq-3Taccel_T1w.nii.gz,2,MCI,bids_adni_go2
024_S_4392,m06,2012-05-31,/project/rrg-mchakrav-ab/moncia/ADNI/bids_adni_go2/sub-024S4392/ses-m06/anat/sub-024S4392_ses-m06_acq-3Taccel_T1w.nii.gz,2,MCI,bids_adni_go2
024_S_4392,m12,2012-11-30,/project/rrg-mchakrav-ab/moncia/ADNI/bids_adni_go2/sub-024S4392/ses-m12/anat/sub-024S4392_ses-m12_acq-3Taccel_T1w.nii.gz,2,MCI,bids_adni_go2
024_S_4392,m24,2013-11-30,/project/rrg-mchakrav-ab/moncia/ADNI/bids_adni_go2/sub-024S4392/ses-m24/anat/sub-024S4392_ses-m24_acq-3Taccel_T1w.nii.gz,2,MCI,bids_adni_go2
024_S_4674,m03,2012-07-13,/project/rrg-mchakrav-ab/moncia/ADNI/bids_adni_go2/sub-024S4674/ses-m03/anat/sub-024S4674_ses-m03_acq-3Taccel_T1w.nii.gz,2,MCI,bids_adni_go2
024_S_4674,m06,2012-10-12,/project/rrg-mchakrav-ab/moncia/ADNI/bids_adni_go2/sub-024S4674/ses-m06/anat/sub-024S4674_ses-m06_acq-3Taccel_T1w.nii.gz,2,MCI,bids_adni_go2
024_S_4674,m12,2013-04-13,/project/rrg-mchakrav-ab/moncia/ADNI/bids_adni_go2/sub-024S4674/ses-m12/anat/sub-024S4674_ses-m12_acq-3Taccel_T1w.nii.gz,2,MCI,bids_adni_go2
024_S_4674,m24,2014-04-13,/project/rrg-mchakrav-ab/moncia/ADNI/bids_adni_go2/sub-024S4674/ses-m24/anat/sub-024S4674_ses-m24_acq-3Taccel_T1w.nii.gz,2,MCI,bids_adni_go2
024_S_4674,m48,2016-04-13,/project/rrg-mchakrav-ab/moncia/ADNI/bids_adni_go2/sub-024S4674/ses-m48/anat/sub-024S4674_ses-m48_acq-3Taccel_T1w.nii.gz,2,MCI,bids_adni_go2
024_S_4674,m60,2017-04-13,/project/rrg-mchakrav-ab/moncia/ADNI/bids_adni3/sub-024S4674/ses-m60/anat/sub-024S4674_ses-m60_acq-3T_T1w.nii.gz,2,MCI,bids_adni3
024_S_4674,m72,2018-04-13,/project/rrg-mchakrav-ab/moncia/ADNI/bids_adni3/sub-024S4674/ses-m72/anat/sub-024S4674_ses-m72_acq-3T_T1w.nii.gz,2,MCI,bids_adni3
024_S_4674,m84,2019-04-13,/project/rrg-mchakrav-ab/moncia/ADNI/bids_adni3/sub-024S4674/ses-m84/anat/sub-024S4674_ses-m84_acq-3T_T1w.nii.gz,2,MCI,bids_adni3
024_S_4674,m108,2021-04-13,/project/rrg-mchakrav-ab/moncia/ADNI/bids_adni3/sub-024S4674/ses-m108/anat/sub-024S4674_ses-m108_acq-3T_T1w.nii.gz,2,MCI,bids_adni3
024_S_4674,m120,2022-04-13,/project/rrg-mchakrav-ab/moncia/ADNI/bids_adni3/sub-024S4674/ses-m120/anat/sub-024S4674_ses-m120_acq-3T_T1w.nii.gz,2,MCI,bids_adni3
024_S_6033,sc,2017-06-19,/project/rrg-mchakrav-ab/moncia/ADNI/bids_adni3/sub-024S6033/ses-sc/anat/sub-024S6033_ses-sc_acq-3T_T1w.nii.gz,2,MCI,bids_adni3
024_S_6033,m12,2018-06-19,/project/rrg-mchakrav-ab/moncia/ADNI/bids_adni3/sub-024S6033/ses-m12/anat/sub-024S6033_ses-m12_acq-3T_T1w.nii.gz,1,CN,bids_adni3
024_S_6033,m24,2019-06-19,/project/rrg-mchakrav-ab/moncia/ADNI/bids_adni3/sub-024S6033/ses-m24/anat/sub-024S6033_ses-m24_acq-3T_T1w.nii.gz,2,MCI,bids_adni3
024_S_6033,m42,2020-12-18,/project/rrg-mchakrav-ab/moncia/ADNI/bids_adni3/sub-024S6033/ses-m42/anat/sub-024S6033_ses-m42_acq-3T_T1w.nii.gz,1,CN,bids_adni3
024_S_6846,sc,2020-01-16,/project/rrg-mchakrav-ab/moncia/ADNI/bids_adni3/sub-024S6846/ses-sc/anat/sub-024S6846_ses-sc_acq-3T_T1w.nii.gz,2,MCI,bids_adni3
024_S_6846,m18,2021-07-16,/project/rrg-mchakrav-ab/moncia/ADNI/bids_adni3/sub-024S6846/ses-m18/anat/sub-024S6846_ses-m18_acq-3T_T1w.nii.gz,2,MCI,bids_adni3
024_S_6846,m30,2022-07-17,/project/rrg-mchakrav-ab/moncia/ADNI/bids_adni3/sub-024S6846/ses-m30/anat/sub-024S6846_ses-m30_acq-3T_T1w.nii.gz,2,MCI,bids_adni3
027_S_0116,sc,2006-02-15,/project/rrg-mchakrav-ab/moncia/ADNI/bids_adni1/sub-027S0116/ses-sc/anat/sub-027S0116_ses-sc_acq-15T_T1w.nii.gz,2,MCI,bids_adni1
027_S_0116,m06,2006-08-16,/project/rrg-mchakrav-ab/moncia/ADNI/bids_adni1/sub-027S0116/ses-m06/anat/sub-027S0116_ses-m06_acq-15T_T1w.nii.gz,2,MCI,bids_adni1
027_S_0116,m12,2007-02-15,/project/rrg-mchakrav-ab/moncia/ADNI/bids_adni1/sub-027S0116/ses-m12/anat/sub-027S0116_ses-m12_acq-15T_T1w.nii.gz,2,MCI,bids_adni1
027_S_0116,m18,2007-08-16,/project/rrg-mchakrav-ab/moncia/ADNI/bids_adni1/sub-027S0116/ses-m18/anat/sub-027S0116_ses-m18_acq-15T_T1w.nii.gz,2,MCI,bids_adni1
027_S_0116,m24,2008-02-15,/project/rrg-mchakrav-ab/moncia/ADNI/bids_adni1/sub-027S0116/ses-m24/anat/sub-027S0116_ses-m24_acq-15T_T1w.nii.gz,2,MCI,bids_adni1
027_S_0116,m36,2009-02-14,/project/rrg-mchakrav-ab/moncia/ADNI/bids_adni1/sub-027S0116/ses-m36/anat/sub-027S0116_ses-m36_acq-15T_T1w.nii.gz,2,MCI,bids_adni1
027_S_0116,m48,2010-02-15,/project/rrg-mchakrav-ab/moncia/ADNI/bids_adni1/sub-027S0116/ses-m48/anat/sub-027S0116_ses-m48_acq-15T_T1w.nii.gz,2,MCI,bids_adni1
027_S_0179,sc,2006-03-10,/project/rrg-mchakrav-ab/moncia/ADNI/bids_adni1/sub-027S0179/ses-sc/anat/sub-027S0179_ses-sc_acq-15T_T1w.nii.gz,2,MCI,bids_adni1
027_S_0179,m06,2006-09-08,/project/rrg-mchakrav-ab/moncia/ADNI/bids_adni1/sub-027S0179/ses-m06/anat/sub-027S0179_ses-m06_acq-15T_T1w.nii.gz,2,MCI,bids_adni1
027_S_0179,m12,2007-03-10,/project/rrg-mchakrav-ab/moncia/ADNI/bids_adni1/sub-027S0179/ses-m12/anat/sub-027S0179_ses-m12_acq-15T_T1w.nii.gz,2,MCI,bids_adni1
027_S_0179,m18,2007-09-08,/project/rrg-mchakrav-ab/moncia/ADNI/bids_adni1/sub-027S0179/ses-m18/anat/sub-027S0179_ses-m18_acq-15T_T1w.nii.gz,3,Dementia,bids_adni1
027_S_0179,m24,2008-03-09,/project/rrg-mchakrav-ab/moncia/ADNI/bids_adni1/sub-027S0179/ses-m24/anat/sub-027S0179_ses-m24_acq-15T_T1w.nii.gz,3,Dementia,bids_adni1
027_S_0179,m36,2009-03-09,/project/rrg-mchakrav-ab/moncia/ADNI/bids_adni1/sub-027S0179/ses-m36/anat/sub-027S0179_ses-m36_acq-15T_T1w.nii.gz,3,Dementia,bids_adni1
027_S_0256,sc,2006-04-05,/project/rrg-mchakrav-ab/moncia/ADNI/bids_adni1/sub-027S0256/ses-sc/anat/sub-027S0256_ses-sc_acq-15T_T1w.nii.gz,2,MCI,bids_adni1
027_S_0256,m06,2006-10-04,/project/rrg-mchakrav-ab/moncia/ADNI/bids_adni1/sub-027S0256/ses-m06/anat/sub-027S0256_ses-m06_acq-15T_T1w.nii.gz,3,Dementia,bids_adni1
027_S_0256,m12,2007-04-05,/project/rrg-mchakrav-ab/moncia/ADNI/bids_adni1/sub-027S0256/ses-m12/anat/sub-027S0256_ses-m12_acq-15T_T1w.nii.gz,3,Dementia,bids_adni1
027_S_0256,m18,2007-10-04,/project/rrg-mchakrav-ab/moncia/ADNI/bids_adni1/sub-027S0256/ses-m18/anat/sub-027S0256_ses-m18_acq-15T_T1w.nii.gz,3,Dementia,bids_adni1
027_S_0256,m24,2008-04-04,/project/rrg-mchakrav-ab/moncia/ADNI/bids_adni1/sub-027S0256/ses-m24/anat/sub-027S0256_ses-m24_acq-15T_T1w.nii.gz,3,Dementia,bids_adni1
027_S_0256,m36,2009-04-04,/project/rrg-mchakrav-ab/moncia/ADNI/bids_adni1/sub-027S0256/ses-m36/anat/sub-027S0256_ses-m36_acq-15T_T1w.nii.gz,3,Dementia,bids_adni1
027_S_0256,m48,2010-04-05,/project/rrg-mchakrav-ab/moncia/ADNI/bids_adni1/sub-027S0256/ses-m48/anat/sub-027S0256_ses-m48_acq-15T_T1w.nii.gz,3,Dementia,bids_adni1
027_S_0307,m06,2006-10-27,/project/rrg-mchakrav-ab/moncia/ADNI/bids_adni1/sub-027S0307/ses-m06/anat/sub-027S0307_ses-m06_acq-15T_T1w.nii.gz,2,MCI,bids_adni1
027_S_0307,m12,2007-04-28,/project/rrg-mchakrav-ab/moncia/ADNI/bids_adni1/sub-027S0307/ses-m12/anat/sub-027S0307_ses-m12_acq-15T_T1w.nii.gz,2,MCI,bids_adni1
027_S_0307,m24,2008-04-27,/project/rrg-mchakrav-ab/moncia/ADNI/bids_adni1/sub-027S0307/ses-m24/anat/sub-027S0307_ses-m24_acq-15T_T1w.nii.gz,2,MCI,bids_adni1
027_S_0307,m36,2009-04-27,/project/rrg-mchakrav-ab/moncia/ADNI/bids_adni1/sub-027S0307/ses-m36/anat/sub-027S0307_ses-m36_acq-15T_T1w.nii.gz,2,MCI,bids_adni1
027_S_0307,m48,2010-04-28,/project/rrg-mchakrav-ab/moncia/ADNI/bids_adni1/sub-027S0307/ses-m48/anat/sub-027S0307_ses-m48_acq-15T_T1w.nii.gz,2,MCI,bids_adni1
027_S_0408,m06,2006-11-17,/project/rrg-mchakrav-ab/moncia/ADNI/bids_adni1/sub-027S0408/ses-m06/anat/sub-027S0408_ses-m06_acq-15T_T1w.nii.gz,2,MCI,bids_adni1
027_S_0408,m12,2007-05-19,/project/rrg-mchakrav-ab/moncia/ADNI/bids_adni1/sub-027S0408/ses-m12/anat/sub-027S0408_ses-m12_acq-15T_T1w.nii.gz,2,MCI,bids_adni1
027_S_0408,m24,2008-05-18,/project/rrg-mchakrav-ab/moncia/ADNI/bids_adni1/sub-027S0408/ses-m24/anat/sub-027S0408_ses-m24_acq-15T_T1w.nii.gz,2,MCI,bids_adni1
027_S_0408,m36,2009-05-18,/project/rrg-mchakrav-ab/moncia/ADNI/bids_adni1/sub-027S0408/ses-m36/anat/sub-027S0408_ses-m36_acq-15T_T1w.nii.gz,2,MCI,bids_adni1
027_S_0408,m48,2010-05-19,/project/rrg-mchakrav-ab/moncia/ADNI/bids_adni1/sub-027S0408/ses-m48/anat/sub-027S0408_ses-m48_acq-15T_T1w.nii.gz,3,Dementia,bids_adni1
027_S_0417,bl,2006-05-24,/project/rrg-mchakrav-ab/moncia/ADNI/bids_adni1/sub-027S0417/ses-bl/anat/sub-027S0417_ses-bl_acq-3T_T1w.nii.gz,2,MCI,bids_adni1
027_S_0417,m06,2006-11-22,/project/rrg-mchakrav-ab/moncia/ADNI/bids_adni1/sub-027S0417/ses-m06/anat/sub-027S0417_ses-m06_acq-15T_T1w.nii.gz,2,MCI,bids_adni1
027_S_0417,m12,2007-05-24,/project/rrg-mchakrav-ab/moncia/ADNI/bids_adni1/sub-027S0417/ses-m12/anat/sub-027S0417_ses-m12_acq-15T_T1w.nii.gz,2,MCI,bids_adni1
027_S_0644,sc,2006-07-05,/project/rrg-mchakrav-ab/moncia/ADNI/bids_adni1/sub-027S0644/ses-sc/anat/sub-027S0644_ses-sc_acq-15T_T1w.nii.gz,2,MCI,bids_adni1
027_S_0644,m06,2007-01-03,/project/rrg-mchakrav-ab/moncia/ADNI/bids_adni1/sub-027S0644/ses-m06/anat/sub-027S0644_ses-m06_acq-15T_T1w.nii.gz,2,MCI,bids_adni1
027_S_0644,m24,2008-07-04,/project/rrg-mchakrav-ab/moncia/ADNI/bids_adni1/sub-027S0644/ses-m24/anat/sub-027S0644_ses-m24_acq-15T_T1w.nii.gz,2,MCI,bids_adni1
027_S_0644,m36,2009-07-04,/project/rrg-mchakrav-ab/moncia/ADNI/bids_adni1/sub-027S0644/ses-m36/anat/sub-027S0644_ses-m36_acq-15T_T1w.nii.gz,2,MCI,bids_adni1
027_S_0644,m48,2010-07-05,/project/rrg-mchakrav-ab/moncia/ADNI/bids_adni1/sub-027S0644/ses-m48/anat/sub-027S0644_ses-m48_acq-15T_T1w.nii.gz,2,MCI,bids_adni1
027_S_0835,bl,2006-09-15,/project/rrg-mchakrav-ab/moncia/ADNI/bids_adni1/sub-027S0835/ses-bl/anat/sub-027S0835_ses-bl_acq-3T_T1w.nii.gz,2,MCI,bids_adni1
027_S_0835,sc,2006-09-15,/project/rrg-mchakrav-ab/moncia/ADNI/bids_adni1/sub-027S0835/ses-sc/anat/sub-027S0835_ses-sc_acq-15T_T1w.nii.gz,2,MCI,bids_adni1
027_S_0835,m06,2007-03-16,/project/rrg-mchakrav-ab/moncia/ADNI/bids_adni1/sub-027S0835/ses-m06/anat/sub-027S0835_ses-m06_acq-15T_T1w.nii.gz,2,MCI,bids_adni1
027_S_0835,m18,2008-03-15,/project/rrg-mchakrav-ab/moncia/ADNI/bids_adni1/sub-027S0835/ses-m18/anat/sub-027S0835_ses-m18_acq-15T_T1w.nii.gz,2,MCI,bids_adni1
027_S_0835,m24,2008-09-14,/project/rrg-mchakrav-ab/moncia/ADNI/bids_adni1/sub-027S0835/ses-m24/anat/sub-027S0835_ses-m24_acq-15T_T1w.nii.gz,3,Dementia,bids_adni1
027_S_0835,m36,2009-09-14,/project/rrg-mchakrav-ab/moncia/ADNI/bids_adni1/sub-027S0835/ses-m36/anat/sub-027S0835_ses-m36_acq-3T_T1w.nii.gz,3,Dementia,bids_adni1
027_S_0835,m48,2010-09-15,/project/rrg-mchakrav-ab/moncia/ADNI/bids_adni1/sub-027S0835/ses-m48/anat/sub-027S0835_ses-m48_acq-15T_T1w.nii.gz,3,Dementia,bids_adni1
027_S_1045,sc,2006-11-17,/project/rrg-mchakrav-ab/moncia/ADNI/bids_adni1/sub-027S1045/ses-sc/anat/sub-027S1045_ses-sc_acq-15T_T1w.nii.gz,2,MCI,bids_adni1
027_S_1045,m06,2007-05-18,/project/rrg-mchakrav-ab/moncia/ADNI/bids_adni1/sub-027S1045/ses-m06/anat/sub-027S1045_ses-m06_acq-15T_T1w.nii.gz,2,MCI,bids_adni1
027_S_1045,m18,2008-05-17,/project/rrg-mchakrav-ab/moncia/ADNI/bids_adni1/sub-027S1045/ses-m18/anat/sub-027S1045_ses-m18_acq-15T_T1w.nii.gz,2,MCI,bids_adni1
027_S_1045,m24,2008-11-16,/project/rrg-mchakrav-ab/moncia/ADNI/bids_adni1/sub-027S1045/ses-m24/anat/sub-027S1045_ses-m24_acq-15T_T1w.nii.gz,2,MCI,bids_adni1
027_S_1045,m36,2009-11-16,/project/rrg-mchakrav-ab/moncia/ADNI/bids_adni1/sub-027S1045/ses-m36/anat/sub-027S1045_ses-m36_acq-15T_T1w.nii.gz,2,MCI,bids_adni1
027_S_1213,sc,2007-01-13,/project/rrg-mchakrav-ab/moncia/ADNI/bids_adni1/sub-027S1213/ses-sc/anat/sub-027S1213_ses-sc_acq-15T_T1w.nii.gz,2,MCI,bids_adni1
027_S_1213,m06,2007-07-14,/project/rrg-mchakrav-ab/moncia/ADNI/bids_adni1/sub-027S1213/ses-m06/anat/sub-027S1213_ses-m06_acq-15T_T1w.nii.gz,2,MCI,bids_adni1
027_S_1213,m18,2008-07-13,/project/rrg-mchakrav-ab/moncia/ADNI/bids_adni1/sub-027S1213/ses-m18/anat/sub-027S1213_ses-m18_acq-15T_T1w.nii.gz,3,Dementia,bids_adni1
027_S_1213,m24,2009-01-12,/project/rrg-mchakrav-ab/moncia/ADNI/bids_adni1/sub-027S1213/ses-m24/anat/sub-027S1213_ses-m24_acq-15T_T1w.nii.gz,3,Dementia,bids_adni1
027_S_1277,bl,2007-02-21,/project/rrg-mchakrav-ab/moncia/ADNI/bids_adni1/sub-027S1277/ses-bl/anat/sub-027S1277_ses-bl_acq-3T_T1w.nii.gz,2,MCI,bids_adni1
027_S_1277,sc,2007-02-21,/project/rrg-mchakrav-ab/moncia/ADNI/bids_adni1/sub-027S1277/ses-sc/anat/sub-027S1277_ses-sc_acq-15T_T1w.nii.gz,2,MCI,bids_adni1
027_S_1277,m06,2007-08-22,/project/rrg-mchakrav-ab/moncia/ADNI/bids_adni1/sub-027S1277/ses-m06/anat/sub-027S1277_ses-m06_acq-3T_T1w.nii.gz,2,MCI,bids_adni1
027_S_1277,m12,2008-02-21,/project/rrg-mchakrav-ab/moncia/ADNI/bids_adni1/sub-027S1277/ses-m12/anat/sub-027S1277_ses-m12_acq-15T_T1w.nii.gz,2,MCI,bids_adni1
027_S_1387,bl,2007-03-12,/project/rrg-mchakrav-ab/moncia/ADNI/bids_adni1/sub-027S1387/ses-bl/anat/sub-027S1387_ses-bl_acq-3T_T1w.nii.gz,2,MCI,bids_adni1
027_S_1387,sc,2007-03-12,/project/rrg-mchakrav-ab/moncia/ADNI/bids_adni1/sub-027S1387/ses-sc/anat/sub-027S1387_ses-sc_acq-15T_T1w.nii.gz,2,MCI,bids_adni1
027_S_1387,m06,2007-09-10,/project/rrg-mchakrav-ab/moncia/ADNI/bids_adni1/sub-027S1387/ses-m06/anat/sub-027S1387_ses-m06_acq-3T_T1w.nii.gz,2,MCI,bids_adni1
027_S_1387,m12,2008-03-11,/project/rrg-mchakrav-ab/moncia/ADNI/bids_adni1/sub-027S1387/ses-m12/anat/sub-027S1387_ses-m12_acq-3T_T1w.nii.gz,2,MCI,bids_adni1
027_S_1387,m18,2008-09-09,/project/rrg-mchakrav-ab/moncia/ADNI/bids_adni1/sub-027S1387/ses-m18/anat/sub-027S1387_ses-m18_acq-15T_T1w.nii.gz,3,Dementia,bids_adni1
027_S_1387,m24,2009-03-11,/project/rrg-mchakrav-ab/moncia/ADNI/bids_adni1/sub-027S1387/ses-m24/anat/sub-027S1387_ses-m24_acq-15T_T1w.nii.gz,3,Dementia,bids_adni1
027_S_2183,m03,2011-03-04,/project/rrg-mchakrav-ab/moncia/ADNI/bids_adni_go2/sub-027S2183/ses-m03/anat/sub-027S2183_ses-m03_acq-3Taccel_T1w.nii.gz,2,MCI,bids_adni_go2
027_S_2183,m06,2011-06-03,/project/rrg-mchakrav-ab/moncia/ADNI/bids_adni_go2/sub-027S2183/ses-m06/anat/sub-027S2183_ses-m06_acq-3Taccel_T1w.nii.gz,2,MCI,bids_adni_go2
027_S_2183,m12,2011-12-03,/project/rrg-mchakrav-ab/moncia/ADNI/bids_adni_go2/sub-027S2183/ses-m12/anat/sub-027S2183_ses-m12_acq-3Taccel_T1w.nii.gz,2,MCI,bids_adni_go2
027_S_2183,m24,2012-12-02,/project/rrg-mchakrav-ab/moncia/ADNI/bids_adni_go2/sub-027S2183/ses-m24/anat/sub-027S2183_ses-m24_acq-3Taccel_T1w.nii.gz,2,MCI,bids_adni_go2
027_S_2183,m36,2013-12-02,/project/rrg-mchakrav-ab/moncia/ADNI/bids_adni_go2/sub-027S2183/ses-m36/anat/sub-027S2183_ses-m36_acq-3Taccel_T1w.nii.gz,2,MCI,bids_adni_go2
027_S_2183,m48,2014-12-03,/project/rrg-mchakrav-ab/moncia/ADNI/bids_adni_go2/sub-027S2183/ses-m48/anat/sub-027S2183_ses-m48_acq-3Taccel_T1w.nii.gz,2,MCI,bids_adni_go2
027_S_2183,m60,2015-12-03,/project/rrg-mchakrav-ab/moncia/ADNI/bids_adni_go2/sub-027S2183/ses-m60/anat/sub-027S2183_ses-m60_acq-3Taccel_T1w.nii.gz,2,MCI,bids_adni_go2
027_S_2219,m03,2011-03-21,/project/rrg-mchakrav-ab/moncia/ADNI/bids_adni_go2/sub-027S2219/ses-m03/anat/sub-027S2219_ses-m03_acq-3Taccel_T1w.nii.gz,2,MCI,bids_adni_go2
027_S_2219,m06,2011-06-20,/project/rrg-mchakrav-ab/moncia/ADNI/bids_adni_go2/sub-027S2219/ses-m06/anat/sub-027S2219_ses-m06_acq-3Taccel_T1w.nii.gz,2,MCI,bids_adni_go2
027_S_2219,m12,2011-12-20,/project/rrg-mchakrav-ab/moncia/ADNI/bids_adni_go2/sub-027S2219/ses-m12/anat/sub-027S2219_ses-m12_acq-3Taccel_T1w.nii.gz,2,MCI,bids_adni_go2
027_S_2219,m24,2012-12-19,/project/rrg-mchakrav-ab/moncia/ADNI/bids_adni_go2/sub-027S2219/ses-m24/anat/sub-027S2219_ses-m24_acq-3Taccel_T1w.nii.gz,2,MCI,bids_adni_go2
027_S_2219,m36,2013-12-19,/project/rrg-mchakrav-ab/moncia/ADNI/bids_adni_go2/sub-027S2219/ses-m36/anat/sub-027S2219_ses-m36_acq-3Taccel_T1w.nii.gz,2,MCI,bids_adni_go2
027_S_2219,m48,2014-12-20,/project/rrg-mchakrav-ab/moncia/ADNI/bids_adni_go2/sub-027S2219/ses-m48/anat/sub-027S2219_ses-m48_acq-3Taccel_T1w.nii.gz,2,MCI,bids_adni_go2
027_S_2219,m72,2016-12-19,/project/rrg-mchakrav-ab/moncia/ADNI/bids_adni3/sub-027S2219/ses-m72/anat/sub-027S2219_ses-m72_acq-3T_T1w.nii.gz,2,MCI,bids_adni3
027_S_2219,m84,2017-12-19,/project/rrg-mchakrav-ab/moncia/ADNI/bids_adni3/sub-027S2219/ses-m84/anat/sub-027S2219_ses-m84_acq-3T_T1w.nii.gz,2,MCI,bids_adni3
027_S_2219,m96,2018-12-20,/project/rrg-mchakrav-ab/moncia/ADNI/bids_adni3/sub-027S2219/ses-m96/anat/sub-027S2219_ses-m96_acq-3T_T1w.nii.gz,2,MCI,bids_adni3
027_S_2219,m108,2019-12-20,/project/rrg-mchakrav-ab/moncia/ADNI/bids_adni3/sub-027S2219/ses-m108/anat/sub-027S2219_ses-m108_acq-3T_T1w.nii.gz,2,MCI,bids_adni3
027_S_2245,m03,2011-04-12,/project/rrg-mchakrav-ab/moncia/ADNI/bids_adni_go2/sub-027S2245/ses-m03/anat/sub-027S2245_ses-m03_acq-3Taccel_T1w.nii.gz,2,MCI,bids_adni_go2
027_S_2245,m06,2011-07-12,/project/rrg-mchakrav-ab/moncia/ADNI/bids_adni_go2/sub-027S2245/ses-m06/anat/sub-027S2245_ses-m06_acq-3Taccel_T1w.nii.gz,2,MCI,bids_adni_go2
027_S_2245,m12,2012-01-11,/project/rrg-mchakrav-ab/moncia/ADNI/bids_adni_go2/sub-027S2245/ses-m12/anat/sub-027S2245_ses-m12_acq-3Taccel_T1w.nii.gz,2,MCI,bids_adni_go2
027_S_2245,m24,2013-01-10,/project/rrg-mchakrav-ab/moncia/ADNI/bids_adni_go2/sub-027S2245/ses-m24/anat/sub-027S2245_ses-m24_acq-3Taccel_T1w.nii.gz,2,MCI,bids_adni_go2
027_S_2245,m36,2014-01-10,/project/rrg-mchakrav-ab/moncia/ADNI/bids_adni_go2/sub-027S2245/ses-m36/anat/sub-027S2245_ses-m36_acq-3Taccel_T1w.nii.gz,2,MCI,bids_adni_go2
027_S_2245,m48,2015-01-11,/project/rrg-mchakrav-ab/moncia/ADNI/bids_adni_go2/sub-027S2245/ses-m48/anat/sub-027S2245_ses-m48_acq-3Taccel_T1w.nii.gz,2,MCI,bids_adni_go2
027_S_2245,m60,2016-01-11,/project/rrg-mchakrav-ab/moncia/ADNI/bids_adni_go2/sub-027S2245/ses-m60/anat/sub-027S2245_ses-m60_acq-3Taccel_T1w.nii.gz,2,MCI,bids_adni_go2
027_S_2245,m72,2017-01-10,/project/rrg-mchakrav-ab/moncia/ADNI/bids_adni3/sub-027S2245/ses-m72/anat/sub-027S2245_ses-m72_acq-3T_T1w.nii.gz,2,MCI,bids_adni3
027_S_2245,m84,2018-01-10,/project/rrg-mchakrav-ab/moncia/ADNI/bids_adni3/sub-027S2245/ses-m84/anat/sub-027S2245_ses-m84_acq-3T_T1w.nii.gz,2,MCI,bids_adni3
027_S_2245,m96,2019-01-11,/project/rrg-mchakrav-ab/moncia/ADNI/bids_adni3/sub-027S2245/ses-m96/anat/sub-027S2245_ses-m96_acq-3T_T1w.nii.gz,2,MCI,bids_adni3
027_S_2245,m108,2020-01-11,/project/rrg-mchakrav-ab/moncia/ADNI/bids_adni3/sub-027S2245/ses-m108/anat/sub-027S2245_ses-m108_acq-3T_T1w.nii.gz,2,MCI,bids_adni3
027_S_2245,m120,2021-01-10,/project/rrg-mchakrav-ab/moncia/ADNI/bids_adni3/sub-027S2245/ses-m120/anat/sub-027S2245_ses-m120_acq-3T_T1w.nii.gz,2,MCI,bids_adni3
027_S_2245,m132,2022-01-11,/project/rrg-mchakrav-ab/moncia/ADNI/bids_adni3/sub-027S2245/ses-m132/anat/sub-027S2245_ses-m132_acq-3T_T1w.nii.gz,2,MCI,bids_adni3
027_S_2245,m162,2024-07-12,/project/rrg-mchakrav-ab/moncia/ADNI/bids_adni4_qc/sub-027S2245/ses-m162/anat/sub-027S2245_ses-m162_acq-3Taccel_T1w.nii.gz,2,MCI,bids_adni4_qc
027_S_2245,m174,2025-07-12,/project/rrg-mchakrav-ab/moncia/ADNI/bids_adni4_qc/sub-027S2245/ses-m174/anat/sub-027S2245_ses-m174_acq-3Taccel_T1w.nii.gz,2,MCI,bids_adni4_qc
027_S_2336,m03,2011-07-07,/project/rrg-mchakrav-ab/moncia/ADNI/bids_adni_go2/sub-027S2336/ses-m03/anat/sub-027S2336_ses-m03_acq-3Taccel_T1w.nii.gz,2,MCI,bids_adni_go2
027_S_2336,m06,2011-10-06,/project/rrg-mchakrav-ab/moncia/ADNI/bids_adni_go2/sub-027S2336/ses-m06/anat/sub-027S2336_ses-m06_acq-3Taccel_T1w.nii.gz,2,MCI,bids_adni_go2
027_S_2336,m12,2012-04-06,/project/rrg-mchakrav-ab/moncia/ADNI/bids_adni_go2/sub-027S2336/ses-m12/anat/sub-027S2336_ses-m12_acq-3Taccel_T1w.nii.gz,2,MCI,bids_adni_go2
027_S_2336,m24,2013-04-06,/project/rrg-mchakrav-ab/moncia/ADNI/bids_adni_go2/sub-027S2336/ses-m24/anat/sub-027S2336_ses-m24_acq-3Taccel_T1w.nii.gz,2,MCI,bids_adni_go2
027_S_2336,m36,2014-04-06,/project/rrg-mchakrav-ab/moncia/ADNI/bids_adni_go2/sub-027S2336/ses-m36/anat/sub-027S2336_ses-m36_acq-3Taccel_T1w.nii.gz,2,MCI,bids_adni_go2
027_S_2336,m48,2015-04-07,/project/rrg-mchakrav-ab/moncia/ADNI/bids_adni_go2/sub-027S2336/ses-m48/anat/sub-027S2336_ses-m48_acq-3Taccel_T1w.nii.gz,2,MCI,bids_adni_go2
027_S_2336,m60,2016-04-06,/project/rrg-mchakrav-ab/moncia/ADNI/bids_adni_go2/sub-027S2336/ses-m60/anat/sub-027S2336_ses-m60_acq-3Taccel_T1w.nii.gz,2,MCI,bids_adni_go2
027_S_4729,m03,2012-08-06,/project/rrg-mchakrav-ab/moncia/ADNI/bids_adni_go2/sub-027S4729/ses-m03/anat/sub-027S4729_ses-m03_acq-3Taccel_T1w.nii.gz,2,MCI,bids_adni_go2
027_S_4729,m06,2012-11-05,/project/rrg-mchakrav-ab/moncia/ADNI/bids_adni_go2/sub-027S4729/ses-m06/anat/sub-027S4729_ses-m06_acq-3Taccel_T1w.nii.gz,2,MCI,bids_adni_go2
027_S_4729,m12,2013-05-07,/project/rrg-mchakrav-ab/moncia/ADNI/bids_adni_go2/sub-027S4729/ses-m12/anat/sub-027S4729_ses-m12_acq-3Taccel_T1w.nii.gz,2,MCI,bids_adni_go2
027_S_4729,m24,2014-05-07,/project/rrg-mchakrav-ab/moncia/ADNI/bids_adni_go2/sub-027S4729/ses-m24/anat/sub-027S4729_ses-m24_acq-3Taccel_T1w.nii.gz,3,Dementia,bids_adni_go2
027_S_4757,m03,2012-08-21,/project/rrg-mchakrav-ab/moncia/ADNI/bids_adni_go2/sub-027S4757/ses-m03/anat/sub-027S4757_ses-m03_acq-3Taccel_T1w.nii.gz,2,MCI,bids_adni_go2
027_S_4757,m06,2012-11-20,/project/rrg-mchakrav-ab/moncia/ADNI/bids_adni_go2/sub-027S4757/ses-m06/anat/sub-027S4757_ses-m06_acq-3Taccel_T1w.nii.gz,2,MCI,bids_adni_go2
027_S_4757,m12,2013-05-22,/project/rrg-mchakrav-ab/moncia/ADNI/bids_adni_go2/sub-027S4757/ses-m12/anat/sub-027S4757_ses-m12_acq-3Taccel_T1w.nii.gz,2,MCI,bids_adni_go2
027_S_4757,m24,2014-05-22,/project/rrg-mchakrav-ab/moncia/ADNI/bids_adni_go2/sub-027S4757/ses-m24/anat/sub-027S4757_ses-m24_acq-3Taccel_T1w.nii.gz,3,Dementia,bids_adni_go2
027_S_4804,m03,2012-09-25,/project/rrg-mchakrav-ab/moncia/ADNI/bids_adni_go2/sub-027S4804/ses-m03/anat/sub-027S4804_ses-m03_acq-3Taccel_T1w.nii.gz,2,MCI,bids_adni_go2
027_S_4804,m06,2012-12-25,/project/rrg-mchakrav-ab/moncia/ADNI/bids_adni_go2/sub-027S4804/ses-m06/anat/sub-027S4804_ses-m06_acq-3Taccel_T1w.nii.gz,2,MCI,bids_adni_go2
027_S_4804,m12,2013-06-26,/project/rrg-mchakrav-ab/moncia/ADNI/bids_adni_go2/sub-027S4804/ses-m12/anat/sub-027S4804_ses-m12_acq-3Taccel_T1w.nii.gz,2,MCI,bids_adni_go2
027_S_4869,m03,2012-10-18,/project/rrg-mchakrav-ab/moncia/ADNI/bids_adni_go2/sub-027S4869/ses-m03/anat/sub-027S4869_ses-m03_acq-3Taccel_T1w.nii.gz,2,MCI,bids_adni_go2
027_S_4869,m06,2013-01-17,/project/rrg-mchakrav-ab/moncia/ADNI/bids_adni_go2/sub-027S4869/ses-m06/anat/sub-027S4869_ses-m06_acq-3Taccel_T1w.nii.gz,2,MCI,bids_adni_go2
027_S_4869,m12,2013-07-19,/project/rrg-mchakrav-ab/moncia/ADNI/bids_adni_go2/sub-027S4869/ses-m12/anat/sub-027S4869_ses-m12_acq-3Taccel_T1w.nii.gz,2,MCI,bids_adni_go2
027_S_4869,m24,2014-07-19,/project/rrg-mchakrav-ab/moncia/ADNI/bids_adni_go2/sub-027S4869/ses-m24/anat/sub-027S4869_ses-m24_acq-3Taccel_T1w.nii.gz,2,MCI,bids_adni_go2
027_S_4869,m36,2015-07-19,/project/rrg-mchakrav-ab/moncia/ADNI/bids_adni_go2/sub-027S4869/ses-m36/anat/sub-027S4869_ses-m36_acq-3Taccel_T1w.nii.gz,2,MCI,bids_adni_go2
027_S_4869,m54,2017-01-17,/project/rrg-mchakrav-ab/moncia/ADNI/bids_adni3/sub-027S4869/ses-m54/anat/sub-027S4869_ses-m54_acq-3T_T1w.nii.gz,2,MCI,bids_adni3
027_S_4869,m66,2018-01-18,/project/rrg-mchakrav-ab/moncia/ADNI/bids_adni3/sub-027S4869/ses-m66/anat/sub-027S4869_ses-m66_acq-3T_T1w.nii.gz,2,MCI,bids_adni3
027_S_4869,m78,2019-01-18,/project/rrg-mchakrav-ab/moncia/ADNI/bids_adni3/sub-027S4869/ses-m78/anat/sub-027S4869_ses-m78_acq-3T_T1w.nii.gz,2,MCI,bids_adni3
027_S_4869,m90,2020-01-18,/project/rrg-mchakrav-ab/moncia/ADNI/bids_adni3/sub-027S4869/ses-m90/anat/sub-027S4869_ses-m90_acq-3T_T1w.nii.gz,2,MCI,bids_adni3
027_S_4869,m102,2021-01-17,/project/rrg-mchakrav-ab/moncia/ADNI/bids_adni3/sub-027S4869/ses-m102/anat/sub-027S4869_ses-m102_acq-3T_T1w.nii.gz,2,MCI,bids_adni3
027_S_4869,m114,2022-01-18,/project/rrg-mchakrav-ab/moncia/ADNI/bids_adni3/sub-027S4869/ses-m114/anat/sub-027S4869_ses-m114_acq-3T_T1w.nii.gz,2,MCI,bids_adni3
027_S_4873,m03,2012-10-18,/project/rrg-mchakrav-ab/moncia/ADNI/bids_adni_go2/sub-027S4873/ses-m03/anat/sub-027S4873_ses-m03_acq-3Taccel_T1w.nii.gz,2,MCI,bids_adni_go2
027_S_4873,m06,2013-01-17,/project/rrg-mchakrav-ab/moncia/ADNI/bids_adni_go2/sub-027S4873/ses-m06/anat/sub-027S4873_ses-m06_acq-3Taccel_T1w.nii.gz,2,MCI,bids_adni_go2
027_S_4873,m12,2013-07-19,/project/rrg-mchakrav-ab/moncia/ADNI/bids_adni_go2/sub-027S4873/ses-m12/anat/sub-027S4873_ses-m12_acq-3Taccel_T1w.nii.gz,2,MCI,bids_adni_go2
027_S_4873,m24,2014-07-19,/project/rrg-mchakrav-ab/moncia/ADNI/bids_adni_go2/sub-027S4873/ses-m24/anat/sub-027S4873_ses-m24_acq-3Taccel_T1w.nii.gz,2,MCI,bids_adni_go2
027_S_4919,m03,2012-11-22,/project/rrg-mchakrav-ab/moncia/ADNI/bids_adni_go2/sub-027S4919/ses-m03/anat/sub-027S4919_ses-m03_acq-3Taccel_T1w.nii.gz,2,MCI,bids_adni_go2
027_S_4919,m06,2013-02-21,/project/rrg-mchakrav-ab/moncia/ADNI/bids_adni_go2/sub-027S4919/ses-m06/anat/sub-027S4919_ses-m06_acq-3Taccel_T1w.nii.gz,2,MCI,bids_adni_go2
027_S_4919,m12,2013-08-23,/project/rrg-mchakrav-ab/moncia/ADNI/bids_adni_go2/sub-027S4919/ses-m12/anat/sub-027S4919_ses-m12_acq-3Taccel_T1w.nii.gz,2,MCI,bids_adni_go2
027_S_4919,m24,2014-08-23,/project/rrg-mchakrav-ab/moncia/ADNI/bids_adni_go2/sub-027S4919/ses-m24/anat/sub-027S4919_ses-m24_acq-3Taccel_T1w.nii.gz,2,MCI,bids_adni_go2
027_S_4919,m36,2015-08-23,/project/rrg-mchakrav-ab/moncia/ADNI/bids_adni_go2/sub-027S4919/ses-m36/anat/sub-027S4919_ses-m36_acq-3Taccel_T1w.nii.gz,2,MCI,bids_adni_go2
027_S_4919,m48,2016-08-23,/project/rrg-mchakrav-ab/moncia/ADNI/bids_adni3/sub-027S4919/ses-m48/anat/sub-027S4919_ses-m48_acq-3T_T1w.nii.gz,2,MCI,bids_adni3
027_S_4919,m60,2017-08-23,/project/rrg-mchakrav-ab/moncia/ADNI/bids_adni3/sub-027S4919/ses-m60/anat/sub-027S4919_ses-m60_acq-3T_T1w.nii.gz,2,MCI,bids_adni3
027_S_4919,m78,2019-02-22,/project/rrg-mchakrav-ab/moncia/ADNI/bids_adni3/sub-027S4919/ses-m78/anat/sub-027S4919_ses-m78_acq-3T_T1w.nii.gz,2,MCI,bids_adni3
027_S_4919,m90,2020-02-22,/project/rrg-mchakrav-ab/moncia/ADNI/bids_adni3/sub-027S4919/ses-m90/anat/sub-027S4919_ses-m90_acq-3T_T1w.nii.gz,2,MCI,bids_adni3
027_S_4919,m102,2021-02-21,/project/rrg-mchakrav-ab/moncia/ADNI/bids_adni3/sub-027S4919/ses-m102/anat/sub-027S4919_ses-m102_acq-3T_T1w.nii.gz,2,MCI,bids_adni3
027_S_4919,m114,2022-02-22,/project/rrg-mchakrav-ab/moncia/ADNI/bids_adni3/sub-027S4919/ses-m114/anat/sub-027S4919_ses-m114_acq-3T_T1w.nii.gz,2,MCI,bids_adni3
027_S_4926,m03,2012-11-27,/project/rrg-mchakrav-ab/moncia/ADNI/bids_adni_go2/sub-027S4926/ses-m03/anat/sub-027S4926_ses-m03_acq-3Taccel_T1w.nii.gz,2,MCI,bids_adni_go2
027_S_4926,m06,2013-02-26,/project/rrg-mchakrav-ab/moncia/ADNI/bids_adni_go2/sub-027S4926/ses-m06/anat/sub-027S4926_ses-m06_acq-3Taccel_T1w.nii.gz,2,MCI,bids_adni_go2
027_S_4926,m12,2013-08-28,/project/rrg-mchakrav-ab/moncia/ADNI/bids_adni_go2/sub-027S4926/ses-m12/anat/sub-027S4926_ses-m12_acq-3Taccel_T1w.nii.gz,2,MCI,bids_adni_go2
027_S_4926,m24,2014-08-28,/project/rrg-mchakrav-ab/moncia/ADNI/bids_adni_go2/sub-027S4926/ses-m24/anat/sub-027S4926_ses-m24_acq-3Taccel_T1w.nii.gz,2,MCI,bids_adni_go2
027_S_4926,m36,2015-08-28,/project/rrg-mchakrav-ab/moncia/ADNI/bids_adni_go2/sub-027S4926/ses-m36/anat/sub-027S4926_ses-m36_acq-3Taccel_T1w.nii.gz,2,MCI,bids_adni_go2
027_S_4936,m03,2012-12-04,/project/rrg-mchakrav-ab/moncia/ADNI/bids_adni_go2/sub-027S4936/ses-m03/anat/sub-027S4936_ses-m03_acq-3Taccel_T1w.nii.gz,2,MCI,bids_adni_go2
027_S_4936,m06,2013-03-05,/project/rrg-mchakrav-ab/moncia/ADNI/bids_adni_go2/sub-027S4936/ses-m06/anat/sub-027S4936_ses-m06_acq-3Taccel_T1w.nii.gz,2,MCI,bids_adni_go2
027_S_4936,m12,2013-09-04,/project/rrg-mchakrav-ab/moncia/ADNI/bids_adni_go2/sub-027S4936/ses-m12/anat/sub-027S4936_ses-m12_acq-3Taccel_T1w.nii.gz,2,MCI,bids_adni_go2
027_S_4936,m24,2014-09-04,/project/rrg-mchakrav-ab/moncia/ADNI/bids_adni_go2/sub-027S4936/ses-m24/anat/sub-027S4936_ses-m24_acq-3Taccel_T1w.nii.gz,3,Dementia,bids_adni_go2
027_S_4955,m03,2012-12-13,/project/rrg-mchakrav-ab/moncia/ADNI/bids_adni_go2/sub-027S4955/ses-m03/anat/sub-027S4955_ses-m03_acq-3Taccel_T1w.nii.gz,2,MCI,bids_adni_go2
027_S_4955,m06,2013-03-14,/project/rrg-mchakrav-ab/moncia/ADNI/bids_adni_go2/sub-027S4955/ses-m06/anat/sub-027S4955_ses-m06_acq-3Taccel_T1w.nii.gz,2,MCI,bids_adni_go2
027_S_4955,m12,2013-09-13,/project/rrg-mchakrav-ab/moncia/ADNI/bids_adni_go2/sub-027S4955/ses-m12/anat/sub-027S4955_ses-m12_acq-3Taccel_T1w.nii.gz,2,MCI,bids_adni_go2
027_S_4966,m03,2012-12-20,/project/rrg-mchakrav-ab/moncia/ADNI/bids_adni_go2/sub-027S4966/ses-m03/anat/sub-027S4966_ses-m03_acq-3Taccel_T1w.nii.gz,2,MCI,bids_adni_go2
027_S_4966,m06,2013-03-21,/project/rrg-mchakrav-ab/moncia/ADNI/bids_adni_go2/sub-027S4966/ses-m06/anat/sub-027S4966_ses-m06_acq-3Taccel_T1w.nii.gz,2,MCI,bids_adni_go2
027_S_4966,m12,2013-09-20,/project/rrg-mchakrav-ab/moncia/ADNI/bids_adni_go2/sub-027S4966/ses-m12/anat/sub-027S4966_ses-m12_acq-3Taccel_T1w.nii.gz,2,MCI,bids_adni_go2
027_S_6002,sc,2017-01-03,/project/rrg-mchakrav-ab/moncia/ADNI/bids_adni3/sub-027S6002/ses-sc/anat/sub-027S6002_ses-sc_acq-3T_T1w.nii.gz,2,MCI,bids_adni3
027_S_6002,m12,2018-01-03,/project/rrg-mchakrav-ab/moncia/ADNI/bids_adni3/sub-027S6002/ses-m12/anat/sub-027S6002_ses-m12_acq-3T_T1w.nii.gz,2,MCI,bids_adni3
027_S_6002,m24,2019-01-03,/project/rrg-mchakrav-ab/moncia/ADNI/bids_adni3/sub-027S6002/ses-m24/anat/sub-027S6002_ses-m24_acq-3T_T1w.nii.gz,2,MCI,bids_adni3
027_S_6034,sc,2017-06-02,/project/rrg-mchakrav-ab/moncia/ADNI/bids_adni3/sub-027S6034/ses-sc/anat/sub-027S6034_ses-sc_acq-3T_T1w.nii.gz,2,MCI,bids_adni3
027_S_6034,m24,2019-06-02,/project/rrg-mchakrav-ab/moncia/ADNI/bids_adni3/sub-027S6034/ses-m24/anat/sub-027S6034_ses-m24_acq-3T_T1w.nii.gz,2,MCI,bids_adni3
027_S_6034,m48,2021-06-02,/project/rrg-mchakrav-ab/moncia/ADNI/bids_adni3/sub-027S6034/ses-m48/anat/sub-027S6034_ses-m48_acq-3T_T1w.nii.gz,3,Dementia,bids_adni3
027_S_6370,sc,2018-05-09,/project/rrg-mchakrav-ab/moncia/ADNI/bids_adni3/sub-027S6370/ses-sc/anat/sub-027S6370_ses-sc_acq-3T_T1w.nii.gz,2,MCI,bids_adni3
027_S_6370,m12,2019-05-09,/project/rrg-mchakrav-ab/moncia/ADNI/bids_adni3/sub-027S6370/ses-m12/anat/sub-027S6370_ses-m12_acq-3T_T1w.nii.gz,2,MCI,bids_adni3
027_S_6370,m36,2021-05-08,/project/rrg-mchakrav-ab/moncia/ADNI/bids_adni3/sub-027S6370/ses-m36/anat/sub-027S6370_ses-m36_acq-3T_T1w.nii.gz,2,MCI,bids_adni3
027_S_6643,sc,2018-11-29,/project/rrg-mchakrav-ab/moncia/ADNI/bids_adni3/sub-027S6643/ses-sc/anat/sub-027S6643_ses-sc_acq-3T_T1w.nii.gz,2,MCI,bids_adni3
027_S_6643,m12,2019-11-29,/project/rrg-mchakrav-ab/moncia/ADNI/bids_adni3/sub-027S6643/ses-m12/anat/sub-027S6643_ses-m12_acq-3T_T1w.nii.gz,2,MCI,bids_adni3
027_S_6643,m24,2020-11-28,/project/rrg-mchakrav-ab/moncia/ADNI/bids_adni3/sub-027S6643/ses-m24/anat/sub-027S6643_ses-m24_acq-3T_T1w.nii.gz,2,MCI,bids_adni3
027_S_6788,sc,2019-07-29,/project/rrg-mchakrav-ab/moncia/ADNI/bids_adni3/sub-027S6788/ses-sc/anat/sub-027S6788_ses-sc_acq-3T_T1w.nii.gz,2,MCI,bids_adni3
027_S_6788,m12,2020-07-28,/project/rrg-mchakrav-ab/moncia/ADNI/bids_adni3/sub-027S6788/ses-m12/anat/sub-027S6788_ses-m12_acq-3T_T1w.nii.gz,2,MCI,bids_adni3
027_S_6788,m30,2022-01-27,/project/rrg-mchakrav-ab/moncia/ADNI/bids_adni3/sub-027S6788/ses-m30/anat/sub-027S6788_ses-m30_acq-3T_T1w.nii.gz,3,Dementia,bids_adni3
027_S_6788,m72,2025-07-28,/project/rrg-mchakrav-ab/moncia/ADNI/bids_adni4_qc/sub-027S6788/ses-m72/anat/sub-027S6788_ses-m72_acq-3Tunaccel_T1w.nii.gz,3,Dementia,bids_adni4_qc
027_S_6842,sc,2020-01-09,/project/rrg-mchakrav-ab/moncia/ADNI/bids_adni3/sub-027S6842/ses-sc/anat/sub-027S6842_ses-sc_acq-3T_T1w.nii.gz,2,MCI,bids_adni3
027_S_6842,m12,2021-01-08,/project/rrg-mchakrav-ab/moncia/ADNI/bids_adni3/sub-027S6842/ses-m12/anat/sub-027S6842_ses-m12_acq-3T_T1w.nii.gz,2,MCI,bids_adni3
027_S_6842,m24,2022-01-08,/project/rrg-mchakrav-ab/moncia/ADNI/bids_adni3/sub-027S6842/ses-m24/anat/sub-027S6842_ses-m24_acq-3T_T1w.nii.gz,2,MCI,bids_adni3
029_S_0878,sc,2006-10-19,/project/rrg-mchakrav-ab/moncia/ADNI/bids_adni1/sub-029S0878/ses-sc/anat/sub-029S0878_ses-sc_acq-15T_T1w.nii.gz,2,MCI,bids_adni1
029_S_0878,m06,2007-04-19,/project/rrg-mchakrav-ab/moncia/ADNI/bids_adni1/sub-029S0878/ses-m06/anat/sub-029S0878_ses-m06_acq-15T_T1w.nii.gz,2,MCI,bids_adni1
029_S_0878,m18,2008-04-18,/project/rrg-mchakrav-ab/moncia/ADNI/bids_adni1/sub-029S0878/ses-m18/anat/sub-029S0878_ses-m18_acq-15T_T1w.nii.gz,2,MCI,bids_adni1
029_S_0878,m24,2008-10-18,/project/rrg-mchakrav-ab/moncia/ADNI/bids_adni1/sub-029S0878/ses-m24/anat/sub-029S0878_ses-m24_acq-15T_T1w.nii.gz,3,Dementia,bids_adni1
029_S_0878,m36,2009-10-18,/project/rrg-mchakrav-ab/moncia/ADNI/bids_adni1/sub-029S0878/ses-m36/anat/sub-029S0878_ses-m36_acq-15T_T1w.nii.gz,3,Dementia,bids_adni1
029_S_0914,sc,2007-01-03,/project/rrg-mchakrav-ab/moncia/ADNI/bids_adni1/sub-029S0914/ses-sc/anat/sub-029S0914_ses-sc_acq-15T_T1w.nii.gz,2,MCI,bids_adni1
029_S_0914,m06,2007-07-04,/project/rrg-mchakrav-ab/moncia/ADNI/bids_adni1/sub-029S0914/ses-m06/anat/sub-029S0914_ses-m06_acq-15T_T1w.nii.gz,2,MCI,bids_adni1
029_S_0914,m18,2008-07-03,/project/rrg-mchakrav-ab/moncia/ADNI/bids_adni1/sub-029S0914/ses-m18/anat/sub-029S0914_ses-m18_acq-15T_T1w.nii.gz,2,MCI,bids_adni1
029_S_0914,m24,2009-01-02,/project/rrg-mchakrav-ab/moncia/ADNI/bids_adni1/sub-029S0914/ses-m24/anat/sub-029S0914_ses-m24_acq-15T_T1w.nii.gz,2,MCI,bids_adni1
029_S_0914,m36,2010-01-02,/project/rrg-mchakrav-ab/moncia/ADNI/bids_adni1/sub-029S0914/ses-m36/anat/sub-029S0914_ses-m36_acq-15T_T1w.nii.gz,2,MCI,bids_adni1
029_S_0914,m108,2016-01-03,/project/rrg-mchakrav-ab/moncia/ADNI/bids_adni_go2/sub-029S0914/ses-m108/anat/sub-029S0914_ses-m108_acq-3Tunaccel_T1w.nii.gz,3,Dementia,bids_adni_go2
029_S_1073,sc,2006-12-07,/project/rrg-mchakrav-ab/moncia/ADNI/bids_adni1/sub-029S1073/ses-sc/anat/sub-029S1073_ses-sc_acq-15T_T1w.nii.gz,2,MCI,bids_adni1
029_S_1073,m12,2007-12-07,/project/rrg-mchakrav-ab/moncia/ADNI/bids_adni1/sub-029S1073/ses-m12/anat/sub-029S1073_ses-m12_acq-15T_T1w.nii.gz,2,MCI,bids_adni1
029_S_1073,m18,2008-06-06,/project/rrg-mchakrav-ab/moncia/ADNI/bids_adni1/sub-029S1073/ses-m18/anat/sub-029S1073_ses-m18_acq-15T_T1w.nii.gz,2,MCI,bids_adni1
029_S_1073,m24,2008-12-06,/project/rrg-mchakrav-ab/moncia/ADNI/bids_adni1/sub-029S1073/ses-m24/anat/sub-029S1073_ses-m24_acq-15T_T1w.nii.gz,2,MCI,bids_adni1
029_S_1073,m36,2009-12-06,/project/rrg-mchakrav-ab/moncia/ADNI/bids_adni1/sub-029S1073/ses-m36/anat/sub-029S1073_ses-m36_acq-15T_T1w.nii.gz,3,Dementia,bids_adni1
029_S_1215,sc,2007-02-07,/project/rrg-mchakrav-ab/moncia/ADNI/bids_adni1/sub-029S1215/ses-sc/anat/sub-029S1215_ses-sc_acq-15T_T1w.nii.gz,2,MCI,bids_adni1
029_S_1215,m12,2008-02-07,/project/rrg-mchakrav-ab/moncia/ADNI/bids_adni1/sub-029S1215/ses-m12/anat/sub-029S1215_ses-m12_acq-15T_T1w.nii.gz,2,MCI,bids_adni1
029_S_1215,m18,2008-08-07,/project/rrg-mchakrav-ab/moncia/ADNI/bids_adni1/sub-029S1215/ses-m18/anat/sub-029S1215_ses-m18_acq-15T_T1w.nii.gz,2,MCI,bids_adni1
029_S_1215,m24,2009-02-06,/project/rrg-mchakrav-ab/moncia/ADNI/bids_adni1/sub-029S1215/ses-m24/anat/sub-029S1215_ses-m24_acq-15T_T1w.nii.gz,2,MCI,bids_adni1
029_S_1218,sc,2007-02-08,/project/rrg-mchakrav-ab/moncia/ADNI/bids_adni1/sub-029S1218/ses-sc/anat/sub-029S1218_ses-sc_acq-15T_T1w.nii.gz,2,MCI,bids_adni1
029_S_1218,m18,2008-08-08,/project/rrg-mchakrav-ab/moncia/ADNI/bids_adni1/sub-029S1218/ses-m18/anat/sub-029S1218_ses-m18_acq-15T_T1w.nii.gz,2,MCI,bids_adni1
029_S_1218,m24,2009-02-07,/project/rrg-mchakrav-ab/moncia/ADNI/bids_adni1/sub-029S1218/ses-m24/anat/sub-029S1218_ses-m24_acq-15T_T1w.nii.gz,2,MCI,bids_adni1
029_S_1218,m36,2010-02-07,/project/rrg-mchakrav-ab/moncia/ADNI/bids_adni1/sub-029S1218/ses-m36/anat/sub-029S1218_ses-m36_acq-15T_T1w.nii.gz,2,MCI,bids_adni1
029_S_1318,sc,2007-04-05,/project/rrg-mchakrav-ab/moncia/ADNI/bids_adni1/sub-029S1318/ses-sc/anat/sub-029S1318_ses-sc_acq-15T_T1w.nii.gz,2,MCI,bids_adni1
029_S_1318,m12,2008-04-04,/project/rrg-mchakrav-ab/moncia/ADNI/bids_adni1/sub-029S1318/ses-m12/anat/sub-029S1318_ses-m12_acq-15T_T1w.nii.gz,2,MCI,bids_adni1
029_S_1318,m18,2008-10-03,/project/rrg-mchakrav-ab/moncia/ADNI/bids_adni1/sub-029S1318/ses-m18/anat/sub-029S1318_ses-m18_acq-15T_T1w.nii.gz,2,MCI,bids_adni1
029_S_1318,m24,2009-04-04,/project/rrg-mchakrav-ab/moncia/ADNI/bids_adni1/sub-029S1318/ses-m24/anat/sub-029S1318_ses-m24_acq-15T_T1w.nii.gz,2,MCI,bids_adni1
029_S_1318,m36,2010-04-04,/project/rrg-mchakrav-ab/moncia/ADNI/bids_adni1/sub-029S1318/ses-m36/anat/sub-029S1318_ses-m36_acq-15T_T1w.nii.gz,2,MCI,bids_adni1
029_S_1384,sc,2007-04-05,/project/rrg-mchakrav-ab/moncia/ADNI/bids_adni1/sub-029S1384/ses-sc/anat/sub-029S1384_ses-sc_acq-15T_T1w.nii.gz,2,MCI,bids_adni1
029_S_1384,m12,2008-04-04,/project/rrg-mchakrav-ab/moncia/ADNI/bids_adni1/sub-029S1384/ses-m12/anat/sub-029S1384_ses-m12_acq-15T_T1w.nii.gz,2,MCI,bids_adni1
029_S_1384,m18,2008-10-03,/project/rrg-mchakrav-ab/moncia/ADNI/bids_adni1/sub-029S1384/ses-m18/anat/sub-029S1384_ses-m18_acq-15T_T1w.nii.gz,2,MCI,bids_adni1
029_S_1384,m24,2009-04-04,/project/rrg-mchakrav-ab/moncia/ADNI/bids_adni1/sub-029S1384/ses-m24/anat/sub-029S1384_ses-m24_acq-15T_T1w.nii.gz,2,MCI,bids_adni1
029_S_1384,m36,2010-04-04,/project/rrg-mchakrav-ab/moncia/ADNI/bids_adni1/sub-029S1384/ses-m36/anat/sub-029S1384_ses-m36_acq-15T_T1w.nii.gz,2,MCI,bids_adni1
029_S_2376,m03,2011-10-18,/project/rrg-mchakrav-ab/moncia/ADNI/bids_adni_go2/sub-029S2376/ses-m03/anat/sub-029S2376_ses-m03_acq-3Taccel_T1w.nii.gz,2,MCI,bids_adni_go2
029_S_2376,m06,2012-01-17,/project/rrg-mchakrav-ab/moncia/ADNI/bids_adni_go2/sub-029S2376/ses-m06/anat/sub-029S2376_ses-m06_acq-3Taccel_T1w.nii.gz,2,MCI,bids_adni_go2
029_S_2376,m12,2012-07-18,/project/rrg-mchakrav-ab/moncia/ADNI/bids_adni_go2/sub-029S2376/ses-m12/anat/sub-029S2376_ses-m12_acq-3Taccel_T1w.nii.gz,2,MCI,bids_adni_go2
029_S_2376,m24,2013-07-18,/project/rrg-mchakrav-ab/moncia/ADNI/bids_adni_go2/sub-029S2376/ses-m24/anat/sub-029S2376_ses-m24_acq-3Taccel_T1w.nii.gz,2,MCI,bids_adni_go2
029_S_2395,m03,2011-12-01,/project/rrg-mchakrav-ab/moncia/ADNI/bids_adni_go2/sub-029S2395/ses-m03/anat/sub-029S2395_ses-m03_acq-3Taccel_T1w.nii.gz,2,MCI,bids_adni_go2
029_S_2395,m06,2012-03-01,/project/rrg-mchakrav-ab/moncia/ADNI/bids_adni_go2/sub-029S2395/ses-m06/anat/sub-029S2395_ses-m06_acq-3Taccel_T1w.nii.gz,2,MCI,bids_adni_go2
029_S_2395,m12,2012-08-31,/project/rrg-mchakrav-ab/moncia/ADNI/bids_adni_go2/sub-029S2395/ses-m12/anat/sub-029S2395_ses-m12_acq-3Taccel_T1w.nii.gz,2,MCI,bids_adni_go2
029_S_2395,m24,2013-08-31,/project/rrg-mchakrav-ab/moncia/ADNI/bids_adni_go2/sub-029S2395/ses-m24/anat/sub-029S2395_ses-m24_acq-3Taccel_T1w.nii.gz,2,MCI,bids_adni_go2
029_S_2395,m60,2016-08-31,/project/rrg-mchakrav-ab/moncia/ADNI/bids_adni_go2/sub-029S2395/ses-m60/anat/sub-029S2395_ses-m60_acq-3Tunaccel_T1w.nii.gz,2,MCI,bids_adni_go2
029_S_2395,m78,2018-03-02,/project/rrg-mchakrav-ab/moncia/ADNI/bids_adni3/sub-029S2395/ses-m78/anat/sub-029S2395_ses-m78_acq-3T_T1w.nii.gz,2,MCI,bids_adni3
029_S_2395,m90,2019-03-02,/project/rrg-mchakrav-ab/moncia/ADNI/bids_adni3/sub-029S2395/ses-m90/anat/sub-029S2395_ses-m90_acq-3T_T1w.nii.gz,2,MCI,bids_adni3
029_S_2395,m102,2020-03-01,/project/rrg-mchakrav-ab/moncia/ADNI/bids_adni3/sub-029S2395/ses-m102/anat/sub-029S2395_ses-m102_acq-3T_T1w.nii.gz,2,MCI,bids_adni3
029_S_4327,m03,2012-01-19,/project/rrg-mchakrav-ab/moncia/ADNI/bids_adni_go2/sub-029S4327/ses-m03/anat/sub-029S4327_ses-m03_acq-3Taccel_T1w.nii.gz,2,MCI,bids_adni_go2
029_S_4327,m06,2012-04-19,/project/rrg-mchakrav-ab/moncia/ADNI/bids_adni_go2/sub-029S4327/ses-m06/anat/sub-029S4327_ses-m06_acq-3Taccel_T1w.nii.gz,2,MCI,bids_adni_go2
029_S_4327,m12,2012-10-19,/project/rrg-mchakrav-ab/moncia/ADNI/bids_adni_go2/sub-029S4327/ses-m12/anat/sub-029S4327_ses-m12_acq-3Taccel_T1w.nii.gz,2,MCI,bids_adni_go2
029_S_5135,m03,2013-06-27,/project/rrg-mchakrav-ab/moncia/ADNI/bids_adni_go2/sub-029S5135/ses-m03/anat/sub-029S5135_ses-m03_acq-3Taccel_T1w.nii.gz,2,MCI,bids_adni_go2
029_S_5135,m24,2015-03-28,/project/rrg-mchakrav-ab/moncia/ADNI/bids_adni_go2/sub-029S5135/ses-m24/anat/sub-029S5135_ses-m24_acq-3Taccel_T1w.nii.gz,1,CN,bids_adni_go2
031_S_0294,m06,2006-10-20,/project/rrg-mchakrav-ab/moncia/ADNI/bids_adni1/sub-031S0294/ses-m06/anat/sub-031S0294_ses-m06_acq-15T_T1w.nii.gz,2,MCI,bids_adni1
031_S_0294,m12,2007-04-21,/project/rrg-mchakrav-ab/moncia/ADNI/bids_adni1/sub-031S0294/ses-m12/anat/sub-031S0294_ses-m12_acq-15T_T1w.nii.gz,2,MCI,bids_adni1
031_S_0294,m36,2009-04-20,/project/rrg-mchakrav-ab/moncia/ADNI/bids_adni1/sub-031S0294/ses-m36/anat/sub-031S0294_ses-m36_acq-15T_T1w.nii.gz,3,Dementia,bids_adni1
031_S_0351,m06,2006-11-08,/project/rrg-mchakrav-ab/moncia/ADNI/bids_adni1/sub-031S0351/ses-m06/anat/sub-031S0351_ses-m06_acq-15T_T1w.nii.gz,2,MCI,bids_adni1
031_S_0351,m12,2007-05-10,/project/rrg-mchakrav-ab/moncia/ADNI/bids_adni1/sub-031S0351/ses-m12/anat/sub-031S0351_ses-m12_acq-15T_T1w.nii.gz,2,MCI,bids_adni1
031_S_0351,m24,2008-05-09,/project/rrg-mchakrav-ab/moncia/ADNI/bids_adni1/sub-031S0351/ses-m24/anat/sub-031S0351_ses-m24_acq-15T_T1w.nii.gz,2,MCI,bids_adni1
031_S_0351,m36,2009-05-09,/project/rrg-mchakrav-ab/moncia/ADNI/bids_adni1/sub-031S0351/ses-m36/anat/sub-031S0351_ses-m36_acq-15T_T1w.nii.gz,2,MCI,bids_adni1
031_S_0568,m06,2006-12-08,/project/rrg-mchakrav-ab/moncia/ADNI/bids_adni1/sub-031S0568/ses-m06/anat/sub-031S0568_ses-m06_acq-15T_T1w.nii.gz,2,MCI,bids_adni1
031_S_0568,m12,2007-06-09,/project/rrg-mchakrav-ab/moncia/ADNI/bids_adni1/sub-031S0568/ses-m12/anat/sub-031S0568_ses-m12_acq-15T_T1w.nii.gz,3,Dementia,bids_adni1
031_S_0568,m24,2008-06-08,/project/rrg-mchakrav-ab/moncia/ADNI/bids_adni1/sub-031S0568/ses-m24/anat/sub-031S0568_ses-m24_acq-15T_T1w.nii.gz,3,Dementia,bids_adni1
031_S_0830,bl,2006-09-21,/project/rrg-mchakrav-ab/moncia/ADNI/bids_adni1/sub-031S0830/ses-bl/anat/sub-031S0830_ses-bl_acq-3T_T1w.nii.gz,2,MCI,bids_adni1
031_S_0830,sc,2006-09-21,/project/rrg-mchakrav-ab/moncia/ADNI/bids_adni1/sub-031S0830/ses-sc/anat/sub-031S0830_ses-sc_acq-15T_T1w.nii.gz,2,MCI,bids_adni1
031_S_0830,m06,2007-03-22,/project/rrg-mchakrav-ab/moncia/ADNI/bids_adni1/sub-031S0830/ses-m06/anat/sub-031S0830_ses-m06_acq-15T_T1w.nii.gz,2,MCI,bids_adni1
031_S_0830,m18,2008-03-21,/project/rrg-mchakrav-ab/moncia/ADNI/bids_adni1/sub-031S0830/ses-m18/anat/sub-031S0830_ses-m18_acq-15T_T1w.nii.gz,2,MCI,bids_adni1
031_S_0830,m24,2008-09-20,/project/rrg-mchakrav-ab/moncia/ADNI/bids_adni1/sub-031S0830/ses-m24/anat/sub-031S0830_ses-m24_acq-15T_T1w.nii.gz,2,MCI,bids_adni1
031_S_0830,m36,2009-09-20,/project/rrg-mchakrav-ab/moncia/ADNI/bids_adni1/sub-031S0830/ses-m36/anat/sub-031S0830_ses-m36_acq-15T_T1w.nii.gz,2,MCI,bids_adni1
031_S_0830,m48,2010-09-21,/project/rrg-mchakrav-ab/moncia/ADNI/bids_adni_go2/sub-031S0830/ses-m48/anat/sub-031S0830_ses-m48_acq-15Tunaccel_T1w.nii.gz,3,Dementia,bids_adni_go2
031_S_0867,sc,2006-10-03,/project/rrg-mchakrav-ab/moncia/ADNI/bids_adni1/sub-031S0867/ses-sc/anat/sub-031S0867_ses-sc_acq-15T_T1w.nii.gz,2,MCI,bids_adni1
031_S_0867,m06,2007-04-03,/project/rrg-mchakrav-ab/moncia/ADNI/bids_adni1/sub-031S0867/ses-m06/anat/sub-031S0867_ses-m06_acq-15T_T1w.nii.gz,2,MCI,bids_adni1
031_S_0867,m18,2008-04-02,/project/rrg-mchakrav-ab/moncia/ADNI/bids_adni1/sub-031S0867/ses-m18/anat/sub-031S0867_ses-m18_acq-15T_T1w.nii.gz,2,MCI,bids_adni1
031_S_0867,m24,2008-10-02,/project/rrg-mchakrav-ab/moncia/ADNI/bids_adni1/sub-031S0867/ses-m24/anat/sub-031S0867_ses-m24_acq-15T_T1w.nii.gz,2,MCI,bids_adni1
031_S_0867,m36,2009-10-02,/project/rrg-mchakrav-ab/moncia/ADNI/bids_adni1/sub-031S0867/ses-m36/anat/sub-031S0867_ses-m36_acq-15T_T1w.nii.gz,2,MCI,bids_adni1
031_S_1066,bl,2006-12-13,/project/rrg-mchakrav-ab/moncia/ADNI/bids_adni1/sub-031S1066/ses-bl/anat/sub-031S1066_ses-bl_acq-3T_T1w.nii.gz,2,MCI,bids_adni1
031_S_1066,sc,2006-12-13,/project/rrg-mchakrav-ab/moncia/ADNI/bids_adni1/sub-031S1066/ses-sc/anat/sub-031S1066_ses-sc_acq-15T_T1w.nii.gz,2,MCI,bids_adni1
031_S_1066,m06,2007-06-13,/project/rrg-mchakrav-ab/moncia/ADNI/bids_adni1/sub-031S1066/ses-m06/anat/sub-031S1066_ses-m06_acq-15T_T1w.nii.gz,2,MCI,bids_adni1
031_S_1066,m18,2008-06-12,/project/rrg-mchakrav-ab/moncia/ADNI/bids_adni1/sub-031S1066/ses-m18/anat/sub-031S1066_ses-m18_acq-15T_T1w.nii.gz,3,Dementia,bids_adni1
031_S_1066,m24,2008-12-12,/project/rrg-mchakrav-ab/moncia/ADNI/bids_adni1/sub-031S1066/ses-m24/anat/sub-031S1066_ses-m24_acq-15T_T1w.nii.gz,3,Dementia,bids_adni1
031_S_1066,m36,2009-12-12,/project/rrg-mchakrav-ab/moncia/ADNI/bids_adni1/sub-031S1066/ses-m36/anat/sub-031S1066_ses-m36_acq-15T_T1w.nii.gz,3,Dementia,bids_adni1
031_S_2018,m03,2010-10-25,/project/rrg-mchakrav-ab/moncia/ADNI/bids_adni_go2/sub-031S2018/ses-m03/anat/sub-031S2018_ses-m03_acq-3Taccel_T1w.nii.gz,2,MCI,bids_adni_go2
031_S_2018,m06,2011-01-24,/project/rrg-mchakrav-ab/moncia/ADNI/bids_adni_go2/sub-031S2018/ses-m06/anat/sub-031S2018_ses-m06_acq-3Taccel_T1w.nii.gz,2,MCI,bids_adni_go2
031_S_2018,m12,2011-07-26,/project/rrg-mchakrav-ab/moncia/ADNI/bids_adni_go2/sub-031S2018/ses-m12/anat/sub-031S2018_ses-m12_acq-3Taccel_T1w.nii.gz,2,MCI,bids_adni_go2
031_S_2018,m24,2012-07-25,/project/rrg-mchakrav-ab/moncia/ADNI/bids_adni_go2/sub-031S2018/ses-m24/anat/sub-031S2018_ses-m24_acq-3Taccel_T1w.nii.gz,2,MCI,bids_adni_go2
031_S_2018,m36,2013-07-25,/project/rrg-mchakrav-ab/moncia/ADNI/bids_adni_go2/sub-031S2018/ses-m36/anat/sub-031S2018_ses-m36_acq-3Taccel_T1w.nii.gz,1,CN,bids_adni_go2
031_S_2018,m102,2019-01-24,/project/rrg-mchakrav-ab/moncia/ADNI/bids_adni3/sub-031S2018/ses-m102/anat/sub-031S2018_ses-m102_acq-3T_T1w.nii.gz,1,CN,bids_adni3
031_S_2022,m03,2010-11-29,/project/rrg-mchakrav-ab/moncia/ADNI/bids_adni_go2/sub-031S2022/ses-m03/anat/sub-031S2022_ses-m03_acq-3Taccel_T1w.nii.gz,2,MCI,bids_adni_go2
031_S_2022,m06,2011-02-28,/project/rrg-mchakrav-ab/moncia/ADNI/bids_adni_go2/sub-031S2022/ses-m06/anat/sub-031S2022_ses-m06_acq-3Taccel_T1w.nii.gz,2,MCI,bids_adni_go2
031_S_2022,m12,2011-08-30,/project/rrg-mchakrav-ab/moncia/ADNI/bids_adni_go2/sub-031S2022/ses-m12/anat/sub-031S2022_ses-m12_acq-3Taccel_T1w.nii.gz,2,MCI,bids_adni_go2
031_S_2022,m24,2012-08-29,/project/rrg-mchakrav-ab/moncia/ADNI/bids_adni_go2/sub-031S2022/ses-m24/anat/sub-031S2022_ses-m24_acq-3Taccel_T1w.nii.gz,2,MCI,bids_adni_go2
031_S_2022,m36,2013-08-29,/project/rrg-mchakrav-ab/moncia/ADNI/bids_adni_go2/sub-031S2022/ses-m36/anat/sub-031S2022_ses-m36_acq-3Taccel_T1w.nii.gz,1,CN,bids_adni_go2
031_S_2233,m03,2011-04-07,/project/rrg-mchakrav-ab/moncia/ADNI/bids_adni_go2/sub-031S2233/ses-m03/anat/sub-031S2233_ses-m03_acq-3Taccel_T1w.nii.gz,2,MCI,bids_adni_go2
031_S_2233,m06,2011-07-07,/project/rrg-mchakrav-ab/moncia/ADNI/bids_adni_go2/sub-031S2233/ses-m06/anat/sub-031S2233_ses-m06_acq-3Taccel_T1w.nii.gz,2,MCI,bids_adni_go2
031_S_2233,m12,2012-01-06,/project/rrg-mchakrav-ab/moncia/ADNI/bids_adni_go2/sub-031S2233/ses-m12/anat/sub-031S2233_ses-m12_acq-3Taccel_T1w.nii.gz,2,MCI,bids_adni_go2
031_S_2233,m24,2013-01-05,/project/rrg-mchakrav-ab/moncia/ADNI/bids_adni_go2/sub-031S2233/ses-m24/anat/sub-031S2233_ses-m24_acq-3Taccel_T1w.nii.gz,2,MCI,bids_adni_go2
031_S_2233,m36,2014-01-05,/project/rrg-mchakrav-ab/moncia/ADNI/bids_adni_go2/sub-031S2233/ses-m36/anat/sub-031S2233_ses-m36_acq-3Taccel_T1w.nii.gz,2,MCI,bids_adni_go2
031_S_2233,m96,2019-01-06,/project/rrg-mchakrav-ab/moncia/ADNI/bids_adni3/sub-031S2233/ses-m96/anat/sub-031S2233_ses-m96_acq-3T_T1w.nii.gz,1,CN,bids_adni3
031_S_4005,m03,2011-06-20,/project/rrg-mchakrav-ab/moncia/ADNI/bids_adni_go2/sub-031S4005/ses-m03/anat/sub-031S4005_ses-m03_acq-3Taccel_T1w.nii.gz,2,MCI,bids_adni_go2
031_S_4005,m06,2011-09-19,/project/rrg-mchakrav-ab/moncia/ADNI/bids_adni_go2/sub-031S4005/ses-m06/anat/sub-031S4005_ses-m06_acq-3Taccel_T1w.nii.gz,2,MCI,bids_adni_go2
031_S_4005,m12,2012-03-20,/project/rrg-mchakrav-ab/moncia/ADNI/bids_adni_go2/sub-031S4005/ses-m12/anat/sub-031S4005_ses-m12_acq-3Taccel_T1w.nii.gz,3,Dementia,bids_adni_go2
031_S_4005,m24,2013-03-20,/project/rrg-mchakrav-ab/moncia/ADNI/bids_adni_go2/sub-031S4005/ses-m24/anat/sub-031S4005_ses-m24_acq-3Taccel_T1w.nii.gz,3,Dementia,bids_adni_go2
031_S_4005,m36,2014-03-20,/project/rrg-mchakrav-ab/moncia/ADNI/bids_adni_go2/sub-031S4005/ses-m36/anat/sub-031S4005_ses-m36_acq-3Taccel_T1w.nii.gz,3,Dementia,bids_adni_go2
031_S_4029,m03,2011-07-18,/project/rrg-mchakrav-ab/moncia/ADNI/bids_adni_go2/sub-031S4029/ses-m03/anat/sub-031S4029_ses-m03_acq-3Taccel_T1w.nii.gz,2,MCI,bids_adni_go2
031_S_4029,m06,2011-10-17,/project/rrg-mchakrav-ab/moncia/ADNI/bids_adni_go2/sub-031S4029/ses-m06/anat/sub-031S4029_ses-m06_acq-3Taccel_T1w.nii.gz,2,MCI,bids_adni_go2
031_S_4029,m12,2012-04-17,/project/rrg-mchakrav-ab/moncia/ADNI/bids_adni_go2/sub-031S4029/ses-m12/anat/sub-031S4029_ses-m12_acq-3Taccel_T1w.nii.gz,2,MCI,bids_adni_go2
031_S_4029,m24,2013-04-17,/project/rrg-mchakrav-ab/moncia/ADNI/bids_adni_go2/sub-031S4029/ses-m24/anat/sub-031S4029_ses-m24_acq-3Taccel_T1w.nii.gz,2,MCI,bids_adni_go2
031_S_4042,m03,2011-08-10,/project/rrg-mchakrav-ab/moncia/ADNI/bids_adni_go2/sub-031S4042/ses-m03/anat/sub-031S4042_ses-m03_acq-3Taccel_T1w.nii.gz,2,MCI,bids_adni_go2
031_S_4042,m06,2011-11-09,/project/rrg-mchakrav-ab/moncia/ADNI/bids_adni_go2/sub-031S4042/ses-m06/anat/sub-031S4042_ses-m06_acq-3Taccel_T1w.nii.gz,2,MCI,bids_adni_go2
031_S_4042,m12,2012-05-10,/project/rrg-mchakrav-ab/moncia/ADNI/bids_adni_go2/sub-031S4042/ses-m12/anat/sub-031S4042_ses-m12_acq-3Taccel_T1w.nii.gz,2,MCI,bids_adni_go2
031_S_4042,m24,2013-05-10,/project/rrg-mchakrav-ab/moncia/ADNI/bids_adni_go2/sub-031S4042/ses-m24/anat/sub-031S4042_ses-m24_acq-3Taccel_T1w.nii.gz,3,Dementia,bids_adni_go2
031_S_4149,m03,2011-10-28,/project/rrg-mchakrav-ab/moncia/ADNI/bids_adni_go2/sub-031S4149/ses-m03/anat/sub-031S4149_ses-m03_acq-3Taccel_T1w.nii.gz,2,MCI,bids_adni_go2
031_S_4149,m06,2012-01-27,/project/rrg-mchakrav-ab/moncia/ADNI/bids_adni_go2/sub-031S4149/ses-m06/anat/sub-031S4149_ses-m06_acq-3Taccel_T1w.nii.gz,2,MCI,bids_adni_go2
031_S_4149,m12,2012-07-28,/project/rrg-mchakrav-ab/moncia/ADNI/bids_adni_go2/sub-031S4149/ses-m12/anat/sub-031S4149_ses-m12_acq-3Taccel_T1w.nii.gz,2,MCI,bids_adni_go2
031_S_4149,m24,2013-07-28,/project/rrg-mchakrav-ab/moncia/ADNI/bids_adni_go2/sub-031S4149/ses-m24/anat/sub-031S4149_ses-m24_acq-3Taccel_T1w.nii.gz,2,MCI,bids_adni_go2
031_S_4149,m84,2018-07-28,/project/rrg-mchakrav-ab/moncia/ADNI/bids_adni3/sub-031S4149/ses-m84/anat/sub-031S4149_ses-m84_acq-3T_T1w.nii.gz,3,Dementia,bids_adni3
031_S_4149,m96,2019-07-29,/project/rrg-mchakrav-ab/moncia/ADNI/bids_adni3/sub-031S4149/ses-m96/anat/sub-031S4149_ses-m96_acq-3T_T1w.nii.gz,3,Dementia,bids_adni3
031_S_4194,m03,2011-11-16,/project/rrg-mchakrav-ab/moncia/ADNI/bids_adni_go2/sub-031S4194/ses-m03/anat/sub-031S4194_ses-m03_acq-3Taccel_T1w.nii.gz,2,MCI,bids_adni_go2
031_S_4194,m06,2012-02-15,/project/rrg-mchakrav-ab/moncia/ADNI/bids_adni_go2/sub-031S4194/ses-m06/anat/sub-031S4194_ses-m06_acq-3Taccel_T1w.nii.gz,2,MCI,bids_adni_go2
031_S_4194,m12,2012-08-16,/project/rrg-mchakrav-ab/moncia/ADNI/bids_adni_go2/sub-031S4194/ses-m12/anat/sub-031S4194_ses-m12_acq-3Taccel_T1w.nii.gz,2,MCI,bids_adni_go2
031_S_4194,m24,2013-08-16,/project/rrg-mchakrav-ab/moncia/ADNI/bids_adni_go2/sub-031S4194/ses-m24/anat/sub-031S4194_ses-m24_acq-3Taccel_T1w.nii.gz,2,MCI,bids_adni_go2
031_S_4203,m03,2011-11-17,/project/rrg-mchakrav-ab/moncia/ADNI/bids_adni_go2/sub-031S4203/ses-m03/anat/sub-031S4203_ses-m03_acq-3Taccel_T1w.nii.gz,2,MCI,bids_adni_go2
031_S_4203,m06,2012-02-16,/project/rrg-mchakrav-ab/moncia/ADNI/bids_adni_go2/sub-031S4203/ses-m06/anat/sub-031S4203_ses-m06_acq-3Taccel_T1w.nii.gz,2,MCI,bids_adni_go2
031_S_4203,m12,2012-08-17,/project/rrg-mchakrav-ab/moncia/ADNI/bids_adni_go2/sub-031S4203/ses-m12/anat/sub-031S4203_ses-m12_acq-3Taccel_T1w.nii.gz,3,Dementia,bids_adni_go2
031_S_4203,m24,2013-08-17,/project/rrg-mchakrav-ab/moncia/ADNI/bids_adni_go2/sub-031S4203/ses-m24/anat/sub-031S4203_ses-m24_acq-3Taccel_T1w.nii.gz,3,Dementia,bids_adni_go2
031_S_4476,m03,2012-04-19,/project/rrg-mchakrav-ab/moncia/ADNI/bids_adni_go2/sub-031S4476/ses-m03/anat/sub-031S4476_ses-m03_acq-3Taccel_T1w.nii.gz,2,MCI,bids_adni_go2
031_S_4476,m06,2012-07-19,/project/rrg-mchakrav-ab/moncia/ADNI/bids_adni_go2/sub-031S4476/ses-m06/anat/sub-031S4476_ses-m06_acq-3Taccel_T1w.nii.gz,2,MCI,bids_adni_go2
031_S_4476,m12,2013-01-18,/project/rrg-mchakrav-ab/moncia/ADNI/bids_adni_go2/sub-031S4476/ses-m12/anat/sub-031S4476_ses-m12_acq-3Taccel_T1w.nii.gz,2,MCI,bids_adni_go2
031_S_4476,m24,2014-01-18,/project/rrg-mchakrav-ab/moncia/ADNI/bids_adni_go2/sub-031S4476/ses-m24/anat/sub-031S4476_ses-m24_acq-3Taccel_T1w.nii.gz,2,MCI,bids_adni_go2
031_S_4590,m03,2012-06-07,/project/rrg-mchakrav-ab/moncia/ADNI/bids_adni_go2/sub-031S4590/ses-m03/anat/sub-031S4590_ses-m03_acq-3Taccel_T1w.nii.gz,2,MCI,bids_adni_go2
031_S_4590,m06,2012-09-06,/project/rrg-mchakrav-ab/moncia/ADNI/bids_adni_go2/sub-031S4590/ses-m06/anat/sub-031S4590_ses-m06_acq-3Taccel_T1w.nii.gz,2,MCI,bids_adni_go2
031_S_4590,m12,2013-03-08,/project/rrg-mchakrav-ab/moncia/ADNI/bids_adni_go2/sub-031S4590/ses-m12/anat/sub-031S4590_ses-m12_acq-3Taccel_T1w.nii.gz,2,MCI,bids_adni_go2
031_S_4721,m03,2012-08-06,/project/rrg-mchakrav-ab/moncia/ADNI/bids_adni_go2/sub-031S4721/ses-m03/anat/sub-031S4721_ses-m03_acq-3Taccel_T1w.nii.gz,2,MCI,bids_adni_go2
031_S_4721,m06,2012-11-05,/project/rrg-mchakrav-ab/moncia/ADNI/bids_adni_go2/sub-031S4721/ses-m06/anat/sub-031S4721_ses-m06_acq-3Taccel_T1w.nii.gz,2,MCI,bids_adni_go2
031_S_4721,m12,2013-05-07,/project/rrg-mchakrav-ab/moncia/ADNI/bids_adni_go2/sub-031S4721/ses-m12/anat/sub-031S4721_ses-m12_acq-3Taccel_T1w.nii.gz,2,MCI,bids_adni_go2
031_S_4721,m78,2018-11-06,/project/rrg-mchakrav-ab/moncia/ADNI/bids_adni3/sub-031S4721/ses-m78/anat/sub-031S4721_ses-m78_acq-3T_T1w.nii.gz,3,Dementia,bids_adni3
031_S_4947,m03,2012-12-14,/project/rrg-mchakrav-ab/moncia/ADNI/bids_adni_go2/sub-031S4947/ses-m03/anat/sub-031S4947_ses-m03_acq-3Taccel_T1w.nii.gz,2,MCI,bids_adni_go2
031_S_4947,m06,2013-03-15,/project/rrg-mchakrav-ab/moncia/ADNI/bids_adni_go2/sub-031S4947/ses-m06/anat/sub-031S4947_ses-m06_acq-3Taccel_T1w.nii.gz,3,Dementia,bids_adni_go2
031_S_4947,m12,2013-09-14,/project/rrg-mchakrav-ab/moncia/ADNI/bids_adni_go2/sub-031S4947/ses-m12/anat/sub-031S4947_ses-m12_acq-3Taccel_T1w.nii.gz,3,Dementia,bids_adni_go2
031_S_4947,m24,2014-09-14,/project/rrg-mchakrav-ab/moncia/ADNI/bids_adni_go2/sub-031S4947/ses-m24/anat/sub-031S4947_ses-m24_acq-3Taccel_T1w.nii.gz,3,Dementia,bids_adni_go2
032_S_0187,bl,2006-03-02,/project/rrg-mchakrav-ab/moncia/ADNI/bids_adni1/sub-032S0187/ses-bl/anat/sub-032S0187_ses-bl_acq-3T_T1w.nii.gz,2,MCI,bids_adni1
032_S_0187,sc,2006-03-02,/project/rrg-mchakrav-ab/moncia/ADNI/bids_adni1/sub-032S0187/ses-sc/anat/sub-032S0187_ses-sc_acq-15T_T1w.nii.gz,2,MCI,bids_adni1
032_S_0187,m06,2006-08-31,/project/rrg-mchakrav-ab/moncia/ADNI/bids_adni1/sub-032S0187/ses-m06/anat/sub-032S0187_ses-m06_acq-15T_T1w.nii.gz,2,MCI,bids_adni1
032_S_0187,m12,2007-03-02,/project/rrg-mchakrav-ab/moncia/ADNI/bids_adni1/sub-032S0187/ses-m12/anat/sub-032S0187_ses-m12_acq-15T_T1w.nii.gz,2,MCI,bids_adni1
032_S_0187,m18,2007-08-31,/project/rrg-mchakrav-ab/moncia/ADNI/bids_adni1/sub-032S0187/ses-m18/anat/sub-032S0187_ses-m18_acq-15T_T1w.nii.gz,2,MCI,bids_adni1
032_S_0214,sc,2006-03-10,/project/rrg-mchakrav-ab/moncia/ADNI/bids_adni1/sub-032S0214/ses-sc/anat/sub-032S0214_ses-sc_acq-15T_T1w.nii.gz,2,MCI,bids_adni1
032_S_0214,m06,2006-09-08,/project/rrg-mchakrav-ab/moncia/ADNI/bids_adni1/sub-032S0214/ses-m06/anat/sub-032S0214_ses-m06_acq-15T_T1w.nii.gz,2,MCI,bids_adni1
032_S_0214,m12,2007-03-10,/project/rrg-mchakrav-ab/moncia/ADNI/bids_adni1/sub-032S0214/ses-m12/anat/sub-032S0214_ses-m12_acq-15T_T1w.nii.gz,2,MCI,bids_adni1
032_S_0214,m24,2008-03-09,/project/rrg-mchakrav-ab/moncia/ADNI/bids_adni1/sub-032S0214/ses-m24/anat/sub-032S0214_ses-m24_acq-15T_T1w.nii.gz,3,Dementia,bids_adni1
032_S_0214,m36,2009-03-09,/project/rrg-mchakrav-ab/moncia/ADNI/bids_adni1/sub-032S0214/ses-m36/anat/sub-032S0214_ses-m36_acq-15T_T1w.nii.gz,3,Dementia,bids_adni1
032_S_0214,m48,2010-03-10,/project/rrg-mchakrav-ab/moncia/ADNI/bids_adni1/sub-032S0214/ses-m48/anat/sub-032S0214_ses-m48_acq-15T_T1w.nii.gz,3,Dementia,bids_adni1
032_S_0718,sc,2006-08-31,/project/rrg-mchakrav-ab/moncia/ADNI/bids_adni1/sub-032S0718/ses-sc/anat/sub-032S0718_ses-sc_acq-15T_T1w.nii.gz,2,MCI,bids_adni1
032_S_0718,m06,2007-03-01,/project/rrg-mchakrav-ab/moncia/ADNI/bids_adni1/sub-032S0718/ses-m06/anat/sub-032S0718_ses-m06_acq-15T_T1w.nii.gz,2,MCI,bids_adni1
032_S_0718,m12,2007-08-31,/project/rrg-mchakrav-ab/moncia/ADNI/bids_adni1/sub-032S0718/ses-m12/anat/sub-032S0718_ses-m12_acq-15T_T1w.nii.gz,2,MCI,bids_adni1
032_S_0718,m24,2008-08-30,/project/rrg-mchakrav-ab/moncia/ADNI/bids_adni1/sub-032S0718/ses-m24/anat/sub-032S0718_ses-m24_acq-15T_T1w.nii.gz,2,MCI,bids_adni1
032_S_0718,m36,2009-08-30,/project/rrg-mchakrav-ab/moncia/ADNI/bids_adni1/sub-032S0718/ses-m36/anat/sub-032S0718_ses-m36_acq-15T_T1w.nii.gz,2,MCI,bids_adni1
032_S_0978,sc,2006-11-02,/project/rrg-mchakrav-ab/moncia/ADNI/bids_adni1/sub-032S0978/ses-sc/anat/sub-032S0978_ses-sc_acq-15T_T1w.nii.gz,2,MCI,bids_adni1
032_S_0978,m06,2007-05-03,/project/rrg-mchakrav-ab/moncia/ADNI/bids_adni1/sub-032S0978/ses-m06/anat/sub-032S0978_ses-m06_acq-15T_T1w.nii.gz,2,MCI,bids_adni1
032_S_0978,m18,2008-05-02,/project/rrg-mchakrav-ab/moncia/ADNI/bids_adni1/sub-032S0978/ses-m18/anat/sub-032S0978_ses-m18_acq-15T_T1w.nii.gz,2,MCI,bids_adni1
032_S_0978,m24,2008-11-01,/project/rrg-mchakrav-ab/moncia/ADNI/bids_adni1/sub-032S0978/ses-m24/anat/sub-032S0978_ses-m24_acq-15T_T1w.nii.gz,3,Dementia,bids_adni1
032_S_0978,m36,2009-11-01,/project/rrg-mchakrav-ab/moncia/ADNI/bids_adni1/sub-032S0978/ses-m36/anat/sub-032S0978_ses-m36_acq-15T_T1w.nii.gz,3,Dementia,bids_adni1
032_S_2119,m03,2011-01-27,/project/rrg-mchakrav-ab/moncia/ADNI/bids_adni_go2/sub-032S2119/ses-m03/anat/sub-032S2119_ses-m03_acq-3Taccel_T1w.nii.gz,2,MCI,bids_adni_go2
032_S_2119,m06,2011-04-28,/project/rrg-mchakrav-ab/moncia/ADNI/bids_adni_go2/sub-032S2119/ses-m06/anat/sub-032S2119_ses-m06_acq-3Taccel_T1w.nii.gz,2,MCI,bids_adni_go2
032_S_2119,m12,2011-10-28,/project/rrg-mchakrav-ab/moncia/ADNI/bids_adni_go2/sub-032S2119/ses-m12/anat/sub-032S2119_ses-m12_acq-3Taccel_T1w.nii.gz,2,MCI,bids_adni_go2
032_S_2119,m24,2012-10-27,/project/rrg-mchakrav-ab/moncia/ADNI/bids_adni_go2/sub-032S2119/ses-m24/anat/sub-032S2119_ses-m24_acq-3Taccel_T1w.nii.gz,2,MCI,bids_adni_go2
032_S_2119,m36,2013-10-27,/project/rrg-mchakrav-ab/moncia/ADNI/bids_adni_go2/sub-032S2119/ses-m36/anat/sub-032S2119_ses-m36_acq-3Taccel_T1w.nii.gz,2,MCI,bids_adni_go2
032_S_2119,m60,2015-10-28,/project/rrg-mchakrav-ab/moncia/ADNI/bids_adni_go2/sub-032S2119/ses-m60/anat/sub-032S2119_ses-m60_acq-3Taccel_T1w.nii.gz,2,MCI,bids_adni_go2
032_S_2119,m78,2017-04-28,/project/rrg-mchakrav-ab/moncia/ADNI/bids_adni3/sub-032S2119/ses-m78/anat/sub-032S2119_ses-m78_acq-3T_T1w.nii.gz,2,MCI,bids_adni3
032_S_2240,m03,2011-04-20,/project/rrg-mchakrav-ab/moncia/ADNI/bids_adni_go2/sub-032S2240/ses-m03/anat/sub-032S2240_ses-m03_acq-3Taccel_T1w.nii.gz,2,MCI,bids_adni_go2
032_S_2240,m06,2011-07-20,/project/rrg-mchakrav-ab/moncia/ADNI/bids_adni_go2/sub-032S2240/ses-m06/anat/sub-032S2240_ses-m06_acq-3Taccel_T1w.nii.gz,2,MCI,bids_adni_go2
032_S_2240,m12,2012-01-19,/project/rrg-mchakrav-ab/moncia/ADNI/bids_adni_go2/sub-032S2240/ses-m12/anat/sub-032S2240_ses-m12_acq-3Taccel_T1w.nii.gz,2,MCI,bids_adni_go2
032_S_2247,m03,2011-06-15,/project/rrg-mchakrav-ab/moncia/ADNI/bids_adni_go2/sub-032S2247/ses-m03/anat/sub-032S2247_ses-m03_acq-3Taccel_T1w.nii.gz,2,MCI,bids_adni_go2
032_S_2247,m06,2011-09-14,/project/rrg-mchakrav-ab/moncia/ADNI/bids_adni_go2/sub-032S2247/ses-m06/anat/sub-032S2247_ses-m06_acq-3Taccel_T1w.nii.gz,2,MCI,bids_adni_go2
032_S_2247,m12,2012-03-15,/project/rrg-mchakrav-ab/moncia/ADNI/bids_adni_go2/sub-032S2247/ses-m12/anat/sub-032S2247_ses-m12_acq-3Taccel_T1w.nii.gz,2,MCI,bids_adni_go2
032_S_2247,m24,2013-03-15,/project/rrg-mchakrav-ab/moncia/ADNI/bids_adni_go2/sub-032S2247/ses-m24/anat/sub-032S2247_ses-m24_acq-3Taccel_T1w.nii.gz,2,MCI,bids_adni_go2
032_S_2247,m60,2016-03-15,/project/rrg-mchakrav-ab/moncia/ADNI/bids_adni_go2/sub-032S2247/ses-m60/anat/sub-032S2247_ses-m60_acq-3Taccel_T1w.nii.gz,2,MCI,bids_adni_go2
032_S_4823,m03,2012-10-04,/project/rrg-mchakrav-ab/moncia/ADNI/bids_adni_go2/sub-032S4823/ses-m03/anat/sub-032S4823_ses-m03_acq-3Taccel_T1w.nii.gz,2,MCI,bids_adni_go2
032_S_4823,m06,2013-01-03,/project/rrg-mchakrav-ab/moncia/ADNI/bids_adni_go2/sub-032S4823/ses-m06/anat/sub-032S4823_ses-m06_acq-3Taccel_T1w.nii.gz,2,MCI,bids_adni_go2
032_S_4823,m12,2013-07-05,/project/rrg-mchakrav-ab/moncia/ADNI/bids_adni_go2/sub-032S4823/ses-m12/anat/sub-032S4823_ses-m12_acq-3Taccel_T1w.nii.gz,2,MCI,bids_adni_go2
032_S_4823,m36,2015-07-05,/project/rrg-mchakrav-ab/moncia/ADNI/bids_adni_go2/sub-032S4823/ses-m36/anat/sub-032S4823_ses-m36_acq-3Taccel_T1w.nii.gz,3,Dementia,bids_adni_go2
033_S_0511,m06,2006-12-06,/project/rrg-mchakrav-ab/moncia/ADNI/bids_adni1/sub-033S0511/ses-m06/anat/sub-033S0511_ses-m06_acq-15T_T1w.nii.gz,2,MCI,bids_adni1
033_S_0511,m12,2007-06-07,/project/rrg-mchakrav-ab/moncia/ADNI/bids_adni1/sub-033S0511/ses-m12/anat/sub-033S0511_ses-m12_acq-15T_T1w.nii.gz,2,MCI,bids_adni1
033_S_0511,m18,2007-12-06,/project/rrg-mchakrav-ab/moncia/ADNI/bids_adni1/sub-033S0511/ses-m18/anat/sub-033S0511_ses-m18_acq-15T_T1w.nii.gz,2,MCI,bids_adni1
033_S_0511,m24,2008-06-06,/project/rrg-mchakrav-ab/moncia/ADNI/bids_adni1/sub-033S0511/ses-m24/anat/sub-033S0511_ses-m24_acq-15T_T1w.nii.gz,3,Dementia,bids_adni1
033_S_0513,m06,2006-12-04,/project/rrg-mchakrav-ab/moncia/ADNI/bids_adni1/sub-033S0513/ses-m06/anat/sub-033S0513_ses-m06_acq-15T_T1w.nii.gz,2,MCI,bids_adni1
033_S_0513,m12,2007-06-05,/project/rrg-mchakrav-ab/moncia/ADNI/bids_adni1/sub-033S0513/ses-m12/anat/sub-033S0513_ses-m12_acq-15T_T1w.nii.gz,2,MCI,bids_adni1
033_S_0513,m18,2007-12-04,/project/rrg-mchakrav-ab/moncia/ADNI/bids_adni1/sub-033S0513/ses-m18/anat/sub-033S0513_ses-m18_acq-15T_T1w.nii.gz,2,MCI,bids_adni1
033_S_0513,m24,2008-06-04,/project/rrg-mchakrav-ab/moncia/ADNI/bids_adni1/sub-033S0513/ses-m24/anat/sub-033S0513_ses-m24_acq-15T_T1w.nii.gz,2,MCI,bids_adni1
033_S_0513,m36,2009-06-04,/project/rrg-mchakrav-ab/moncia/ADNI/bids_adni1/sub-033S0513/ses-m36/anat/sub-033S0513_ses-m36_acq-15T_T1w.nii.gz,3,Dementia,bids_adni1
033_S_0514,m06,2006-12-08,/project/rrg-mchakrav-ab/moncia/ADNI/bids_adni1/sub-033S0514/ses-m06/anat/sub-033S0514_ses-m06_acq-15T_T1w.nii.gz,2,MCI,bids_adni1
033_S_0514,m12,2007-06-09,/project/rrg-mchakrav-ab/moncia/ADNI/bids_adni1/sub-033S0514/ses-m12/anat/sub-033S0514_ses-m12_acq-15T_T1w.nii.gz,2,MCI,bids_adni1
033_S_0514,m18,2007-12-08,/project/rrg-mchakrav-ab/moncia/ADNI/bids_adni1/sub-033S0514/ses-m18/anat/sub-033S0514_ses-m18_acq-15T_T1w.nii.gz,2,MCI,bids_adni1
033_S_0514,m24,2008-06-08,/project/rrg-mchakrav-ab/moncia/ADNI/bids_adni1/sub-033S0514/ses-m24/anat/sub-033S0514_ses-m24_acq-15T_T1w.nii.gz,2,MCI,bids_adni1
033_S_0514,m48,2010-06-09,/project/rrg-mchakrav-ab/moncia/ADNI/bids_adni1/sub-033S0514/ses-m48/anat/sub-033S0514_ses-m48_acq-15T_T1w.nii.gz,3,Dementia,bids_adni1
033_S_0567,m06,2006-12-04,/project/rrg-mchakrav-ab/moncia/ADNI/bids_adni1/sub-033S0567/ses-m06/anat/sub-033S0567_ses-m06_acq-15T_T1w.nii.gz,3,Dementia,bids_adni1
033_S_0567,m12,2007-06-05,/project/rrg-mchakrav-ab/moncia/ADNI/bids_adni1/sub-033S0567/ses-m12/anat/sub-033S0567_ses-m12_acq-15T_T1w.nii.gz,3,Dementia,bids_adni1
033_S_0567,m18,2007-12-04,/project/rrg-mchakrav-ab/moncia/ADNI/bids_adni1/sub-033S0567/ses-m18/anat/sub-033S0567_ses-m18_acq-15T_T1w.nii.gz,3,Dementia,bids_adni1
033_S_0567,m24,2008-06-04,/project/rrg-mchakrav-ab/moncia/ADNI/bids_adni1/sub-033S0567/ses-m24/anat/sub-033S0567_ses-m24_acq-15T_T1w.nii.gz,3,Dementia,bids_adni1
033_S_0723,m06,2007-02-01,/project/rrg-mchakrav-ab/moncia/ADNI/bids_adni1/sub-033S0723/ses-m06/anat/sub-033S0723_ses-m06_acq-15T_T1w.nii.gz,3,Dementia,bids_adni1
033_S_0723,m12,2007-08-03,/project/rrg-mchakrav-ab/moncia/ADNI/bids_adni1/sub-033S0723/ses-m12/anat/sub-033S0723_ses-m12_acq-15T_T1w.nii.gz,3,Dementia,bids_adni1
033_S_0723,m18,2008-02-01,/project/rrg-mchakrav-ab/moncia/ADNI/bids_adni1/sub-033S0723/ses-m18/anat/sub-033S0723_ses-m18_acq-15T_T1w.nii.gz,3,Dementia,bids_adni1
033_S_0723,m24,2008-08-02,/project/rrg-mchakrav-ab/moncia/ADNI/bids_adni1/sub-033S0723/ses-m24/anat/sub-033S0723_ses-m24_acq-15T_T1w.nii.gz,3,Dementia,bids_adni1
033_S_0723,m36,2009-08-02,/project/rrg-mchakrav-ab/moncia/ADNI/bids_adni1/sub-033S0723/ses-m36/anat/sub-033S0723_ses-m36_acq-15T_T1w.nii.gz,3,Dementia,bids_adni1
033_S_0725,bl,2006-08-02,/project/rrg-mchakrav-ab/moncia/ADNI/bids_adni1/sub-033S0725/ses-bl/anat/sub-033S0725_ses-bl_acq-3T_T1w.nii.gz,2,MCI,bids_adni1
033_S_0725,m06,2007-01-31,/project/rrg-mchakrav-ab/moncia/ADNI/bids_adni1/sub-033S0725/ses-m06/anat/sub-033S0725_ses-m06_acq-15T_T1w.nii.gz,2,MCI,bids_adni1
033_S_0725,m12,2007-08-02,/project/rrg-mchakrav-ab/moncia/ADNI/bids_adni1/sub-033S0725/ses-m12/anat/sub-033S0725_ses-m12_acq-15T_T1w.nii.gz,2,MCI,bids_adni1
033_S_0725,m18,2008-01-31,/project/rrg-mchakrav-ab/moncia/ADNI/bids_adni1/sub-033S0725/ses-m18/anat/sub-033S0725_ses-m18_acq-15T_T1w.nii.gz,3,Dementia,bids_adni1
033_S_0725,m24,2008-08-01,/project/rrg-mchakrav-ab/moncia/ADNI/bids_adni1/sub-033S0725/ses-m24/anat/sub-033S0725_ses-m24_acq-15T_T1w.nii.gz,3,Dementia,bids_adni1
033_S_0739,m06,2007-01-29,/project/rrg-mchakrav-ab/moncia/ADNI/bids_adni1/sub-033S0739/ses-m06/anat/sub-033S0739_ses-m06_acq-15T_T1w.nii.gz,2,MCI,bids_adni1
033_S_0739,m12,2007-07-31,/project/rrg-mchakrav-ab/moncia/ADNI/bids_adni1/sub-033S0739/ses-m12/anat/sub-033S0739_ses-m12_acq-15T_T1w.nii.gz,2,MCI,bids_adni1
033_S_0739,m24,2008-07-30,/project/rrg-mchakrav-ab/moncia/ADNI/bids_adni1/sub-033S0739/ses-m24/anat/sub-033S0739_ses-m24_acq-15T_T1w.nii.gz,2,MCI,bids_adni1
033_S_0906,sc,2006-10-11,/project/rrg-mchakrav-ab/moncia/ADNI/bids_adni1/sub-033S0906/ses-sc/anat/sub-033S0906_ses-sc_acq-15T_T1w.nii.gz,2,MCI,bids_adni1
033_S_0906,m06,2007-04-11,/project/rrg-mchakrav-ab/moncia/ADNI/bids_adni1/sub-033S0906/ses-m06/anat/sub-033S0906_ses-m06_acq-15T_T1w.nii.gz,2,MCI,bids_adni1
033_S_0906,m18,2008-04-10,/project/rrg-mchakrav-ab/moncia/ADNI/bids_adni1/sub-033S0906/ses-m18/anat/sub-033S0906_ses-m18_acq-15T_T1w.nii.gz,3,Dementia,bids_adni1
033_S_0906,m24,2008-10-10,/project/rrg-mchakrav-ab/moncia/ADNI/bids_adni1/sub-033S0906/ses-m24/anat/sub-033S0906_ses-m24_acq-15T_T1w.nii.gz,3,Dementia,bids_adni1
033_S_0906,m36,2009-10-10,/project/rrg-mchakrav-ab/moncia/ADNI/bids_adni1/sub-033S0906/ses-m36/anat/sub-033S0906_ses-m36_acq-15T_T1w.nii.gz,3,Dementia,bids_adni1
033_S_0906,m48,2010-10-11,/project/rrg-mchakrav-ab/moncia/ADNI/bids_adni1/sub-033S0906/ses-m48/anat/sub-033S0906_ses-m48_acq-15T_T1w.nii.gz,3,Dementia,bids_adni1
033_S_0922,bl,2006-10-13,/project/rrg-mchakrav-ab/moncia/ADNI/bids_adni1/sub-033S0922/ses-bl/anat/sub-033S0922_ses-bl_acq-3T_T1w.nii.gz,2,MCI,bids_adni1
033_S_0922,sc,2006-10-13,/project/rrg-mchakrav-ab/moncia/ADNI/bids_adni1/sub-033S0922/ses-sc/anat/sub-033S0922_ses-sc_acq-15T_T1w.nii.gz,2,MCI,bids_adni1
033_S_0922,m06,2007-04-13,/project/rrg-mchakrav-ab/moncia/ADNI/bids_adni1/sub-033S0922/ses-m06/anat/sub-033S0922_ses-m06_acq-15T_T1w.nii.gz,2,MCI,bids_adni1
033_S_0922,m18,2008-04-12,/project/rrg-mchakrav-ab/moncia/ADNI/bids_adni1/sub-033S0922/ses-m18/anat/sub-033S0922_ses-m18_acq-15T_T1w.nii.gz,3,Dementia,bids_adni1
033_S_0922,m24,2008-10-12,/project/rrg-mchakrav-ab/moncia/ADNI/bids_adni1/sub-033S0922/ses-m24/anat/sub-033S0922_ses-m24_acq-15T_T1w.nii.gz,3,Dementia,bids_adni1
033_S_0922,m36,2009-10-12,/project/rrg-mchakrav-ab/moncia/ADNI/bids_adni1/sub-033S0922/ses-m36/anat/sub-033S0922_ses-m36_acq-15T_T1w.nii.gz,3,Dementia,bids_adni1
033_S_0922,m48,2010-10-13,/project/rrg-mchakrav-ab/moncia/ADNI/bids_adni1/sub-033S0922/ses-m48/anat/sub-033S0922_ses-m48_acq-15T_T1w.nii.gz,3,Dementia,bids_adni1
033_S_1116,bl,2006-12-04,/project/rrg-mchakrav-ab/moncia/ADNI/bids_adni1/sub-033S1116/ses-bl/anat/sub-033S1116_ses-bl_acq-3T_T1w.nii.gz,2,MCI,bids_adni1
033_S_1116,sc,2006-12-04,/project/rrg-mchakrav-ab/moncia/ADNI/bids_adni1/sub-033S1116/ses-sc/anat/sub-033S1116_ses-sc_acq-15T_T1w.nii.gz,2,MCI,bids_adni1
033_S_1116,m06,2007-06-04,/project/rrg-mchakrav-ab/moncia/ADNI/bids_adni1/sub-033S1116/ses-m06/anat/sub-033S1116_ses-m06_acq-15T_T1w.nii.gz,2,MCI,bids_adni1
033_S_1116,m12,2007-12-04,/project/rrg-mchakrav-ab/moncia/ADNI/bids_adni1/sub-033S1116/ses-m12/anat/sub-033S1116_ses-m12_acq-15T_T1w.nii.gz,2,MCI,bids_adni1
033_S_1116,m18,2008-06-03,/project/rrg-mchakrav-ab/moncia/ADNI/bids_adni1/sub-033S1116/ses-m18/anat/sub-033S1116_ses-m18_acq-15T_T1w.nii.gz,2,MCI,bids_adni1
033_S_1279,bl,2007-02-28,/project/rrg-mchakrav-ab/moncia/ADNI/bids_adni1/sub-033S1279/ses-bl/anat/sub-033S1279_ses-bl_acq-3T_T1w.nii.gz,2,MCI,bids_adni1
033_S_1279,sc,2007-02-28,/project/rrg-mchakrav-ab/moncia/ADNI/bids_adni1/sub-033S1279/ses-sc/anat/sub-033S1279_ses-sc_acq-15T_T1w.nii.gz,2,MCI,bids_adni1
033_S_1279,m12,2008-02-28,/project/rrg-mchakrav-ab/moncia/ADNI/bids_adni1/sub-033S1279/ses-m12/anat/sub-033S1279_ses-m12_acq-15T_T1w.nii.gz,2,MCI,bids_adni1
033_S_1279,m18,2008-08-28,/project/rrg-mchakrav-ab/moncia/ADNI/bids_adni1/sub-033S1279/ses-m18/anat/sub-033S1279_ses-m18_acq-15T_T1w.nii.gz,2,MCI,bids_adni1
033_S_1279,m24,2009-02-27,/project/rrg-mchakrav-ab/moncia/ADNI/bids_adni1/sub-033S1279/ses-m24/anat/sub-033S1279_ses-m24_acq-15T_T1w.nii.gz,2,MCI,bids_adni1
033_S_1284,sc,2007-02-26,/project/rrg-mchakrav-ab/moncia/ADNI/bids_adni1/sub-033S1284/ses-sc/anat/sub-033S1284_ses-sc_acq-15T_T1w.nii.gz,2,MCI,bids_adni1
033_S_1284,m06,2007-08-27,/project/rrg-mchakrav-ab/moncia/ADNI/bids_adni1/sub-033S1284/ses-m06/anat/sub-033S1284_ses-m06_acq-15T_T1w.nii.gz,2,MCI,bids_adni1
033_S_1284,m12,2008-02-26,/project/rrg-mchakrav-ab/moncia/ADNI/bids_adni1/sub-033S1284/ses-m12/anat/sub-033S1284_ses-m12_acq-15T_T1w.nii.gz,2,MCI,bids_adni1
033_S_1309,bl,2007-02-28,/project/rrg-mchakrav-ab/moncia/ADNI/bids_adni1/sub-033S1309/ses-bl/anat/sub-033S1309_ses-bl_acq-3T_T1w.nii.gz,2,MCI,bids_adni1
033_S_1309,sc,2007-02-28,/project/rrg-mchakrav-ab/moncia/ADNI/bids_adni1/sub-033S1309/ses-sc/anat/sub-033S1309_ses-sc_acq-15T_T1w.nii.gz,2,MCI,bids_adni1
033_S_1309,m12,2008-02-28,/project/rrg-mchakrav-ab/moncia/ADNI/bids_adni1/sub-033S1309/ses-m12/anat/sub-033S1309_ses-m12_acq-15T_T1w.nii.gz,2,MCI,bids_adni1
033_S_1309,m18,2008-08-28,/project/rrg-mchakrav-ab/moncia/ADNI/bids_adni1/sub-033S1309/ses-m18/anat/sub-033S1309_ses-m18_acq-15T_T1w.nii.gz,2,MCI,bids_adni1
033_S_1309,m24,2009-02-27,/project/rrg-mchakrav-ab/moncia/ADNI/bids_adni1/sub-033S1309/ses-m24/anat/sub-033S1309_ses-m24_acq-15T_T1w.nii.gz,2,MCI,bids_adni1
033_S_6889,sc,2020-09-25,/project/rrg-mchakrav-ab/moncia/ADNI/bids_adni3/sub-033S6889/ses-sc/anat/sub-033S6889_ses-sc_acq-3T_T1w.nii.gz,2,MCI,bids_adni3
033_S_6889,m12,2021-09-25,/project/rrg-mchakrav-ab/moncia/ADNI/bids_adni3/sub-033S6889/ses-m12/anat/sub-033S6889_ses-m12_acq-3T_T1w.nii.gz,2,MCI,bids_adni3
033_S_6889,m24,2022-09-25,/project/rrg-mchakrav-ab/moncia/ADNI/bids_adni3/sub-033S6889/ses-m24/anat/sub-033S6889_ses-m24_acq-3T_T1w.nii.gz,2,MCI,bids_adni3
033_S_7079,sc,2022-05-23,/project/rrg-mchakrav-ab/moncia/ADNI/bids_adni3/sub-033S7079/ses-sc/anat/sub-033S7079_ses-sc_acq-3T_T1w.nii.gz,2,MCI,bids_adni3
033_S_7079,m12,2023-05-23,/project/rrg-mchakrav-ab/moncia/ADNI/bids_adni3/sub-033S7079/ses-m12/anat/sub-033S7079_ses-m12_acq-3T_T1w.nii.gz,2,MCI,bids_adni3
033_S_7079,m24,2024-05-22,/project/rrg-mchakrav-ab/moncia/ADNI/bids_adni4_qc/sub-033S7079/ses-m24/anat/sub-033S7079_ses-m24_acq-3Taccel_T1w.nii.gz,2,MCI,bids_adni4_qc
035_S_0033,sc,2005-12-09,/project/rrg-mchakrav-ab/moncia/ADNI/bids_adni1/sub-035S0033/ses-sc/anat/sub-035S0033_ses-sc_acq-15T_T1w.nii.gz,2,MCI,bids_adni1
035_S_0033,m12,2006-12-09,/project/rrg-mchakrav-ab/moncia/ADNI/bids_adni1/sub-035S0033/ses-m12/anat/sub-035S0033_ses-m12_acq-15T_T1w.nii.gz,2,MCI,bids_adni1
035_S_0033,m24,2007-12-09,/project/rrg-mchakrav-ab/moncia/ADNI/bids_adni1/sub-035S0033/ses-m24/anat/sub-035S0033_ses-m24_acq-15T_T1w.nii.gz,2,MCI,bids_adni1
035_S_0033,m36,2008-12-08,/project/rrg-mchakrav-ab/moncia/ADNI/bids_adni1/sub-035S0033/ses-m36/anat/sub-035S0033_ses-m36_acq-15T_T1w.nii.gz,2,MCI,bids_adni1
035_S_0204,sc,2006-02-23,/project/rrg-mchakrav-ab/moncia/ADNI/bids_adni1/sub-035S0204/ses-sc/anat/sub-035S0204_ses-sc_acq-15T_T1w.nii.gz,2,MCI,bids_adni1
035_S_0204,m06,2006-08-24,/project/rrg-mchakrav-ab/moncia/ADNI/bids_adni1/sub-035S0204/ses-m06/anat/sub-035S0204_ses-m06_acq-15T_T1w.nii.gz,2,MCI,bids_adni1
035_S_0204,m12,2007-02-23,/project/rrg-mchakrav-ab/moncia/ADNI/bids_adni1/sub-035S0204/ses-m12/anat/sub-035S0204_ses-m12_acq-15T_T1w.nii.gz,3,Dementia,bids_adni1
035_S_0204,m18,2007-08-24,/project/rrg-mchakrav-ab/moncia/ADNI/bids_adni1/sub-035S0204/ses-m18/anat/sub-035S0204_ses-m18_acq-15T_T1w.nii.gz,3,Dementia,bids_adni1
035_S_0204,m36,2009-02-22,/project/rrg-mchakrav-ab/moncia/ADNI/bids_adni1/sub-035S0204/ses-m36/anat/sub-035S0204_ses-m36_acq-15T_T1w.nii.gz,3,Dementia,bids_adni1
035_S_0292,sc,2006-04-12,/project/rrg-mchakrav-ab/moncia/ADNI/bids_adni1/sub-035S0292/ses-sc/anat/sub-035S0292_ses-sc_acq-15T_T1w.nii.gz,2,MCI,bids_adni1
035_S_0292,m06,2006-10-11,/project/rrg-mchakrav-ab/moncia/ADNI/bids_adni1/sub-035S0292/ses-m06/anat/sub-035S0292_ses-m06_acq-15T_T1w.nii.gz,2,MCI,bids_adni1
035_S_0292,m12,2007-04-12,/project/rrg-mchakrav-ab/moncia/ADNI/bids_adni1/sub-035S0292/ses-m12/anat/sub-035S0292_ses-m12_acq-15T_T1w.nii.gz,2,MCI,bids_adni1
035_S_0292,m24,2008-04-11,/project/rrg-mchakrav-ab/moncia/ADNI/bids_adni1/sub-035S0292/ses-m24/anat/sub-035S0292_ses-m24_acq-15T_T1w.nii.gz,2,MCI,bids_adni1
035_S_0292,m36,2009-04-11,/project/rrg-mchakrav-ab/moncia/ADNI/bids_adni1/sub-035S0292/ses-m36/anat/sub-035S0292_ses-m36_acq-15T_T1w.nii.gz,2,MCI,bids_adni1
035_S_0292,m108,2015-04-12,/project/rrg-mchakrav-ab/moncia/ADNI/bids_adni_go2/sub-035S0292/ses-m108/anat/sub-035S0292_ses-m108_acq-3Taccel_T1w.nii.gz,3,Dementia,bids_adni_go2
035_S_0997,sc,2007-01-12,/project/rrg-mchakrav-ab/moncia/ADNI/bids_adni1/sub-035S0997/ses-sc/anat/sub-035S0997_ses-sc_acq-15T_T1w.nii.gz,2,MCI,bids_adni1
035_S_0997,m06,2007-07-13,/project/rrg-mchakrav-ab/moncia/ADNI/bids_adni1/sub-035S0997/ses-m06/anat/sub-035S0997_ses-m06_acq-15T_T1w.nii.gz,2,MCI,bids_adni1
035_S_0997,m12,2008-01-12,/project/rrg-mchakrav-ab/moncia/ADNI/bids_adni1/sub-035S0997/ses-m12/anat/sub-035S0997_ses-m12_acq-15T_T1w.nii.gz,2,MCI,bids_adni1
035_S_0997,m18,2008-07-12,/project/rrg-mchakrav-ab/moncia/ADNI/bids_adni1/sub-035S0997/ses-m18/anat/sub-035S0997_ses-m18_acq-15T_T1w.nii.gz,3,Dementia,bids_adni1
035_S_0997,m24,2009-01-11,/project/rrg-mchakrav-ab/moncia/ADNI/bids_adni1/sub-035S0997/ses-m24/anat/sub-035S0997_ses-m24_acq-15T_T1w.nii.gz,3,Dementia,bids_adni1
035_S_0997,m36,2010-01-11,/project/rrg-mchakrav-ab/moncia/ADNI/bids_adni1/sub-035S0997/ses-m36/anat/sub-035S0997_ses-m36_acq-15T_T1w.nii.gz,3,Dementia,bids_adni1
035_S_2061,m03,2011-01-27,/project/rrg-mchakrav-ab/moncia/ADNI/bids_adni_go2/sub-035S2061/ses-m03/anat/sub-035S2061_ses-m03_acq-3Taccel_T1w.nii.gz,2,MCI,bids_adni_go2
035_S_2061,m06,2011-04-28,/project/rrg-mchakrav-ab/moncia/ADNI/bids_adni_go2/sub-035S2061/ses-m06/anat/sub-035S2061_ses-m06_acq-3Taccel_T1w.nii.gz,2,MCI,bids_adni_go2
035_S_2061,m12,2011-10-28,/project/rrg-mchakrav-ab/moncia/ADNI/bids_adni_go2/sub-035S2061/ses-m12/anat/sub-035S2061_ses-m12_acq-3Taccel_T1w.nii.gz,2,MCI,bids_adni_go2
035_S_2061,m24,2012-10-27,/project/rrg-mchakrav-ab/moncia/ADNI/bids_adni_go2/sub-035S2061/ses-m24/anat/sub-035S2061_ses-m24_acq-3Taccel_T1w.nii.gz,2,MCI,bids_adni_go2
035_S_2061,m36,2013-10-27,/project/rrg-mchakrav-ab/moncia/ADNI/bids_adni_go2/sub-035S2061/ses-m36/anat/sub-035S2061_ses-m36_acq-3Taccel_T1w.nii.gz,2,MCI,bids_adni_go2
035_S_2061,m48,2014-10-28,/project/rrg-mchakrav-ab/moncia/ADNI/bids_adni_go2/sub-035S2061/ses-m48/anat/sub-035S2061_ses-m48_acq-3Taccel_T1w.nii.gz,2,MCI,bids_adni_go2
035_S_2061,m60,2015-10-28,/project/rrg-mchakrav-ab/moncia/ADNI/bids_adni_go2/sub-035S2061/ses-m60/anat/sub-035S2061_ses-m60_acq-3Taccel_T1w.nii.gz,2,MCI,bids_adni_go2
035_S_2061,m72,2016-10-27,/project/rrg-mchakrav-ab/moncia/ADNI/bids_adni_go2/sub-035S2061/ses-m72/anat/sub-035S2061_ses-m72_acq-3Taccel_T1w.nii.gz,2,MCI,bids_adni_go2
035_S_2074,m03,2011-04-07,/project/rrg-mchakrav-ab/moncia/ADNI/bids_adni_go2/sub-035S2074/ses-m03/anat/sub-035S2074_ses-m03_acq-3Taccel_T1w.nii.gz,2,MCI,bids_adni_go2
035_S_2074,m06,2011-07-07,/project/rrg-mchakrav-ab/moncia/ADNI/bids_adni_go2/sub-035S2074/ses-m06/anat/sub-035S2074_ses-m06_acq-3Taccel_T1w.nii.gz,2,MCI,bids_adni_go2
035_S_2074,m12,2012-01-06,/project/rrg-mchakrav-ab/moncia/ADNI/bids_adni_go2/sub-035S2074/ses-m12/anat/sub-035S2074_ses-m12_acq-3Taccel_T1w.nii.gz,2,MCI,bids_adni_go2
035_S_2074,m24,2013-01-05,/project/rrg-mchakrav-ab/moncia/ADNI/bids_adni_go2/sub-035S2074/ses-m24/anat/sub-035S2074_ses-m24_acq-3Taccel_T1w.nii.gz,2,MCI,bids_adni_go2
035_S_2074,m36,2014-01-05,/project/rrg-mchakrav-ab/moncia/ADNI/bids_adni_go2/sub-035S2074/ses-m36/anat/sub-035S2074_ses-m36_acq-3Taccel_T1w.nii.gz,2,MCI,bids_adni_go2
035_S_2074,m48,2015-01-06,/project/rrg-mchakrav-ab/moncia/ADNI/bids_adni_go2/sub-035S2074/ses-m48/anat/sub-035S2074_ses-m48_acq-3Taccel_T1w.nii.gz,2,MCI,bids_adni_go2
035_S_4114,m03,2011-10-06,/project/rrg-mchakrav-ab/moncia/ADNI/bids_adni_go2/sub-035S4114/ses-m03/anat/sub-035S4114_ses-m03_acq-3Taccel_T1w.nii.gz,2,MCI,bids_adni_go2
035_S_4114,m06,2012-01-05,/project/rrg-mchakrav-ab/moncia/ADNI/bids_adni_go2/sub-035S4114/ses-m06/anat/sub-035S4114_ses-m06_acq-3Taccel_T1w.nii.gz,2,MCI,bids_adni_go2
035_S_4114,m12,2012-07-06,/project/rrg-mchakrav-ab/moncia/ADNI/bids_adni_go2/sub-035S4114/ses-m12/anat/sub-035S4114_ses-m12_acq-3Taccel_T1w.nii.gz,2,MCI,bids_adni_go2
035_S_4114,m24,2013-07-06,/project/rrg-mchakrav-ab/moncia/ADNI/bids_adni_go2/sub-035S4114/ses-m24/anat/sub-035S4114_ses-m24_acq-3Taccel_T1w.nii.gz,3,Dementia,bids_adni_go2
035_S_4114,m36,2014-07-06,/project/rrg-mchakrav-ab/moncia/ADNI/bids_adni_go2/sub-035S4114/ses-m36/anat/sub-035S4114_ses-m36_acq-3Taccel_T1w.nii.gz,3,Dementia,bids_adni_go2
035_S_4114,m48,2015-07-07,/project/rrg-mchakrav-ab/moncia/ADNI/bids_adni_go2/sub-035S4114/ses-m48/anat/sub-035S4114_ses-m48_acq-3Taccel_T1w.nii.gz,3,Dementia,bids_adni_go2
035_S_4114,m60,2016-07-06,/project/rrg-mchakrav-ab/moncia/ADNI/bids_adni_go2/sub-035S4114/ses-m60/anat/sub-035S4114_ses-m60_acq-3Taccel_T1w.nii.gz,2,MCI,bids_adni_go2
035_S_4114,m72,2017-07-06,/project/rrg-mchakrav-ab/moncia/ADNI/bids_adni3/sub-035S4114/ses-m72/anat/sub-035S4114_ses-m72_acq-3T_T1w.nii.gz,2,MCI,bids_adni3
035_S_4114,m84,2018-07-06,/project/rrg-mchakrav-ab/moncia/ADNI/bids_adni3/sub-035S4114/ses-m84/anat/sub-035S4114_ses-m84_acq-3T_T1w.nii.gz,2,MCI,bids_adni3
035_S_4114,m96,2019-07-07,/project/rrg-mchakrav-ab/moncia/ADNI/bids_adni3/sub-035S4114/ses-m96/anat/sub-035S4114_ses-m96_acq-3T_T1w.nii.gz,3,Dementia,bids_adni3
035_S_4256,m03,2012-03-08,/project/rrg-mchakrav-ab/moncia/ADNI/bids_adni_go2/sub-035S4256/ses-m03/anat/sub-035S4256_ses-m03_acq-3Taccel_T1w.nii.gz,2,MCI,bids_adni_go2
035_S_4256,m06,2012-06-07,/project/rrg-mchakrav-ab/moncia/ADNI/bids_adni_go2/sub-035S4256/ses-m06/anat/sub-035S4256_ses-m06_acq-3Taccel_T1w.nii.gz,2,MCI,bids_adni_go2
035_S_4256,m12,2012-12-07,/project/rrg-mchakrav-ab/moncia/ADNI/bids_adni_go2/sub-035S4256/ses-m12/anat/sub-035S4256_ses-m12_acq-3Taccel_T1w.nii.gz,2,MCI,bids_adni_go2
035_S_4414,m06,2012-08-27,/project/rrg-mchakrav-ab/moncia/ADNI/bids_adni_go2/sub-035S4414/ses-m06/anat/sub-035S4414_ses-m06_acq-3Taccel_T1w.nii.gz,2,MCI,bids_adni_go2
035_S_4414,m12,2013-02-26,/project/rrg-mchakrav-ab/moncia/ADNI/bids_adni_go2/sub-035S4414/ses-m12/anat/sub-035S4414_ses-m12_acq-3Taccel_T1w.nii.gz,3,Dementia,bids_adni_go2
035_S_4414,m24,2014-02-26,/project/rrg-mchakrav-ab/moncia/ADNI/bids_adni_go2/sub-035S4414/ses-m24/anat/sub-035S4414_ses-m24_acq-3Taccel_T1w.nii.gz,3,Dementia,bids_adni_go2
035_S_4414,m36,2015-02-26,/project/rrg-mchakrav-ab/moncia/ADNI/bids_adni_go2/sub-035S4414/ses-m36/anat/sub-035S4414_ses-m36_acq-3Taccel_T1w.nii.gz,3,Dementia,bids_adni_go2
035_S_4414,m48,2016-02-27,/project/rrg-mchakrav-ab/moncia/ADNI/bids_adni_go2/sub-035S4414/ses-m48/anat/sub-035S4414_ses-m48_acq-3Taccel_T1w.nii.gz,3,Dementia,bids_adni_go2
035_S_4414,m66,2017-08-28,/project/rrg-mchakrav-ab/moncia/ADNI/bids_adni3/sub-035S4414/ses-m66/anat/sub-035S4414_ses-m66_acq-3T_T1w.nii.gz,3,Dementia,bids_adni3
035_S_4582,m06,2012-09-07,/project/rrg-mchakrav-ab/moncia/ADNI/bids_adni_go2/sub-035S4582/ses-m06/anat/sub-035S4582_ses-m06_acq-3Taccel_T1w.nii.gz,2,MCI,bids_adni_go2
035_S_4582,m12,2013-03-09,/project/rrg-mchakrav-ab/moncia/ADNI/bids_adni_go2/sub-035S4582/ses-m12/anat/sub-035S4582_ses-m12_acq-3Taccel_T1w.nii.gz,2,MCI,bids_adni_go2
035_S_4582,m24,2014-03-09,/project/rrg-mchakrav-ab/moncia/ADNI/bids_adni_go2/sub-035S4582/ses-m24/anat/sub-035S4582_ses-m24_acq-3Taccel_T1w.nii.gz,2,MCI,bids_adni_go2
035_S_4582,m36,2015-03-09,/project/rrg-mchakrav-ab/moncia/ADNI/bids_adni_go2/sub-035S4582/ses-m36/anat/sub-035S4582_ses-m36_acq-3Taccel_T1w.nii.gz,2,MCI,bids_adni_go2
035_S_4582,m48,2016-03-09,/project/rrg-mchakrav-ab/moncia/ADNI/bids_adni_go2/sub-035S4582/ses-m48/anat/sub-035S4582_ses-m48_acq-3Taccel_T1w.nii.gz,3,Dementia,bids_adni_go2
035_S_4784,m03,2012-09-13,/project/rrg-mchakrav-ab/moncia/ADNI/bids_adni_go2/sub-035S4784/ses-m03/anat/sub-035S4784_ses-m03_acq-3Taccel_T1w.nii.gz,2,MCI,bids_adni_go2
035_S_4784,m06,2012-12-13,/project/rrg-mchakrav-ab/moncia/ADNI/bids_adni_go2/sub-035S4784/ses-m06/anat/sub-035S4784_ses-m06_acq-3Taccel_T1w.nii.gz,2,MCI,bids_adni_go2
035_S_4784,m12,2013-06-14,/project/rrg-mchakrav-ab/moncia/ADNI/bids_adni_go2/sub-035S4784/ses-m12/anat/sub-035S4784_ses-m12_acq-3Taccel_T1w.nii.gz,3,Dementia,bids_adni_go2
035_S_4784,m24,2014-06-14,/project/rrg-mchakrav-ab/moncia/ADNI/bids_adni_go2/sub-035S4784/ses-m24/anat/sub-035S4784_ses-m24_acq-3Taccel_T1w.nii.gz,3,Dementia,bids_adni_go2
035_S_6480,sc,2018-06-27,/project/rrg-mchakrav-ab/moncia/ADNI/bids_adni3/sub-035S6480/ses-sc/anat/sub-035S6480_ses-sc_acq-3T_T1w.nii.gz,2,MCI,bids_adni3
035_S_6480,m12,2019-06-27,/project/rrg-mchakrav-ab/moncia/ADNI/bids_adni3/sub-035S6480/ses-m12/anat/sub-035S6480_ses-m12_acq-3T_T1w.nii.gz,2,MCI,bids_adni3
035_S_6480,m24,2020-06-26,/project/rrg-mchakrav-ab/moncia/ADNI/bids_adni3/sub-035S6480/ses-m24/anat/sub-035S6480_ses-m24_acq-3T_T1w.nii.gz,2,MCI,bids_adni3
035_S_6480,m36,2021-06-26,/project/rrg-mchakrav-ab/moncia/ADNI/bids_adni3/sub-035S6480/ses-m36/anat/sub-035S6480_ses-m36_acq-3T_T1w.nii.gz,2,MCI,bids_adni3
035_S_6480,m60,2023-06-27,/project/rrg-mchakrav-ab/moncia/ADNI/bids_adni3/sub-035S6480/ses-m60/anat/sub-035S6480_ses-m60_acq-3T_T1w.nii.gz,2,MCI,bids_adni3
035_S_6947,sc,2021-05-18,/project/rrg-mchakrav-ab/moncia/ADNI/bids_adni3/sub-035S6947/ses-sc/anat/sub-035S6947_ses-sc_acq-3T_T1w.nii.gz,2,MCI,bids_adni3
035_S_6947,m12,2022-05-18,/project/rrg-mchakrav-ab/moncia/ADNI/bids_adni3/sub-035S6947/ses-m12/anat/sub-035S6947_ses-m12_acq-3T_T1w.nii.gz,2,MCI,bids_adni3
035_S_6947,m24,2023-05-18,/project/rrg-mchakrav-ab/moncia/ADNI/bids_adni3/sub-035S6947/ses-m24/anat/sub-035S6947_ses-m24_acq-3T_T1w.nii.gz,2,MCI,bids_adni3
035_S_7000,sc,2021-09-01,/project/rrg-mchakrav-ab/moncia/ADNI/bids_adni3/sub-035S7000/ses-sc/anat/sub-035S7000_ses-sc_acq-3T_T1w.nii.gz,2,MCI,bids_adni3
035_S_7000,m12,2022-09-01,/project/rrg-mchakrav-ab/moncia/ADNI/bids_adni3/sub-035S7000/ses-m12/anat/sub-035S7000_ses-m12_acq-3T_T1w.nii.gz,2,MCI,bids_adni3
035_S_7000,m24,2023-09-01,/project/rrg-mchakrav-ab/moncia/ADNI/bids_adni3/sub-035S7000/ses-m24/anat/sub-035S7000_ses-m24_acq-3T_T1w.nii.gz,3,Dementia,bids_adni3
036_S_0656,sc,2006-07-27,/project/rrg-mchakrav-ab/moncia/ADNI/bids_adni1/sub-036S0656/ses-sc/anat/sub-036S0656_ses-sc_acq-15T_T1w.nii.gz,2,MCI,bids_adni1
036_S_0656,m06,2007-01-25,/project/rrg-mchakrav-ab/moncia/ADNI/bids_adni1/sub-036S0656/ses-m06/anat/sub-036S0656_ses-m06_acq-15T_T1w.nii.gz,2,MCI,bids_adni1
036_S_0656,m12,2007-07-27,/project/rrg-mchakrav-ab/moncia/ADNI/bids_adni1/sub-036S0656/ses-m12/anat/sub-036S0656_ses-m12_acq-15T_T1w.nii.gz,2,MCI,bids_adni1
036_S_0656,m24,2008-07-26,/project/rrg-mchakrav-ab/moncia/ADNI/bids_adni1/sub-036S0656/ses-m24/anat/sub-036S0656_ses-m24_acq-15T_T1w.nii.gz,2,MCI,bids_adni1
036_S_0673,sc,2006-08-01,/project/rrg-mchakrav-ab/moncia/ADNI/bids_adni1/sub-036S0673/ses-sc/anat/sub-036S0673_ses-sc_acq-15T_T1w.nii.gz,2,MCI,bids_adni1
036_S_0673,m06,2007-01-30,/project/rrg-mchakrav-ab/moncia/ADNI/bids_adni1/sub-036S0673/ses-m06/anat/sub-036S0673_ses-m06_acq-15T_T1w.nii.gz,2,MCI,bids_adni1
036_S_0673,m12,2007-08-01,/project/rrg-mchakrav-ab/moncia/ADNI/bids_adni1/sub-036S0673/ses-m12/anat/sub-036S0673_ses-m12_acq-15T_T1w.nii.gz,2,MCI,bids_adni1
036_S_0673,m18,2008-01-30,/project/rrg-mchakrav-ab/moncia/ADNI/bids_adni1/sub-036S0673/ses-m18/anat/sub-036S0673_ses-m18_acq-15T_T1w.nii.gz,2,MCI,bids_adni1
036_S_0673,m24,2008-07-31,/project/rrg-mchakrav-ab/moncia/ADNI/bids_adni1/sub-036S0673/ses-m24/anat/sub-036S0673_ses-m24_acq-15T_T1w.nii.gz,2,MCI,bids_adni1
036_S_0673,m36,2009-07-31,/project/rrg-mchakrav-ab/moncia/ADNI/bids_adni1/sub-036S0673/ses-m36/anat/sub-036S0673_ses-m36_acq-15T_T1w.nii.gz,2,MCI,bids_adni1
036_S_0748,sc,2006-08-28,/project/rrg-mchakrav-ab/moncia/ADNI/bids_adni1/sub-036S0748/ses-sc/anat/sub-036S0748_ses-sc_acq-15T_T1w.nii.gz,2,MCI,bids_adni1
036_S_0748,m06,2007-02-26,/project/rrg-mchakrav-ab/moncia/ADNI/bids_adni1/sub-036S0748/ses-m06/anat/sub-036S0748_ses-m06_acq-15T_T1w.nii.gz,2,MCI,bids_adni1
036_S_0748,m12,2007-08-28,/project/rrg-mchakrav-ab/moncia/ADNI/bids_adni1/sub-036S0748/ses-m12/anat/sub-036S0748_ses-m12_acq-15T_T1w.nii.gz,2,MCI,bids_adni1
036_S_0748,m24,2008-08-27,/project/rrg-mchakrav-ab/moncia/ADNI/bids_adni1/sub-036S0748/ses-m24/anat/sub-036S0748_ses-m24_acq-15T_T1w.nii.gz,2,MCI,bids_adni1
036_S_0869,sc,2006-11-13,/project/rrg-mchakrav-ab/moncia/ADNI/bids_adni1/sub-036S0869/ses-sc/anat/sub-036S0869_ses-sc_acq-15T_T1w.nii.gz,2,MCI,bids_adni1
036_S_0869,m06,2007-05-14,/project/rrg-mchakrav-ab/moncia/ADNI/bids_adni1/sub-036S0869/ses-m06/anat/sub-036S0869_ses-m06_acq-15T_T1w.nii.gz,2,MCI,bids_adni1
036_S_0869,m12,2007-11-13,/project/rrg-mchakrav-ab/moncia/ADNI/bids_adni1/sub-036S0869/ses-m12/anat/sub-036S0869_ses-m12_acq-15T_T1w.nii.gz,2,MCI,bids_adni1
036_S_0869,m18,2008-05-13,/project/rrg-mchakrav-ab/moncia/ADNI/bids_adni1/sub-036S0869/ses-m18/anat/sub-036S0869_ses-m18_acq-15T_T1w.nii.gz,2,MCI,bids_adni1
036_S_0869,m24,2008-11-12,/project/rrg-mchakrav-ab/moncia/ADNI/bids_adni1/sub-036S0869/ses-m24/anat/sub-036S0869_ses-m24_acq-15T_T1w.nii.gz,3,Dementia,bids_adni1
036_S_0869,m36,2009-11-12,/project/rrg-mchakrav-ab/moncia/ADNI/bids_adni1/sub-036S0869/ses-m36/anat/sub-036S0869_ses-m36_acq-15T_T1w.nii.gz,3,Dementia,bids_adni1
036_S_0945,sc,2006-11-08,/project/rrg-mchakrav-ab/moncia/ADNI/bids_adni1/sub-036S0945/ses-sc/anat/sub-036S0945_ses-sc_acq-15T_T1w.nii.gz,2,MCI,bids_adni1
036_S_0945,m18,2008-05-08,/project/rrg-mchakrav-ab/moncia/ADNI/bids_adni1/sub-036S0945/ses-m18/anat/sub-036S0945_ses-m18_acq-15T_T1w.nii.gz,2,MCI,bids_adni1
036_S_0945,m24,2008-11-07,/project/rrg-mchakrav-ab/moncia/ADNI/bids_adni1/sub-036S0945/ses-m24/anat/sub-036S0945_ses-m24_acq-15T_T1w.nii.gz,2,MCI,bids_adni1
036_S_0945,m36,2009-11-07,/project/rrg-mchakrav-ab/moncia/ADNI/bids_adni1/sub-036S0945/ses-m36/anat/sub-036S0945_ses-m36_acq-15T_T1w.nii.gz,2,MCI,bids_adni1
036_S_0976,sc,2007-01-09,/project/rrg-mchakrav-ab/moncia/ADNI/bids_adni1/sub-036S0976/ses-sc/anat/sub-036S0976_ses-sc_acq-15T_T1w.nii.gz,2,MCI,bids_adni1
036_S_0976,m06,2007-07-10,/project/rrg-mchakrav-ab/moncia/ADNI/bids_adni1/sub-036S0976/ses-m06/anat/sub-036S0976_ses-m06_acq-15T_T1w.nii.gz,2,MCI,bids_adni1
036_S_0976,m18,2008-07-09,/project/rrg-mchakrav-ab/moncia/ADNI/bids_adni1/sub-036S0976/ses-m18/anat/sub-036S0976_ses-m18_acq-15T_T1w.nii.gz,2,MCI,bids_adni1
036_S_0976,m24,2009-01-08,/project/rrg-mchakrav-ab/moncia/ADNI/bids_adni1/sub-036S0976/ses-m24/anat/sub-036S0976_ses-m24_acq-15T_T1w.nii.gz,2,MCI,bids_adni1
036_S_0976,m36,2010-01-08,/project/rrg-mchakrav-ab/moncia/ADNI/bids_adni1/sub-036S0976/ses-m36/anat/sub-036S0976_ses-m36_acq-15T_T1w.nii.gz,3,Dementia,bids_adni1
036_S_1135,sc,2007-01-15,/project/rrg-mchakrav-ab/moncia/ADNI/bids_adni1/sub-036S1135/ses-sc/anat/sub-036S1135_ses-sc_acq-15T_T1w.nii.gz,2,MCI,bids_adni1
036_S_1135,m06,2007-07-16,/project/rrg-mchakrav-ab/moncia/ADNI/bids_adni1/sub-036S1135/ses-m06/anat/sub-036S1135_ses-m06_acq-15T_T1w.nii.gz,2,MCI,bids_adni1
036_S_1135,m12,2008-01-15,/project/rrg-mchakrav-ab/moncia/ADNI/bids_adni1/sub-036S1135/ses-m12/anat/sub-036S1135_ses-m12_acq-15T_T1w.nii.gz,2,MCI,bids_adni1
036_S_1135,m18,2008-07-15,/project/rrg-mchakrav-ab/moncia/ADNI/bids_adni1/sub-036S1135/ses-m18/anat/sub-036S1135_ses-m18_acq-15T_T1w.nii.gz,2,MCI,bids_adni1
036_S_1135,m24,2009-01-14,/project/rrg-mchakrav-ab/moncia/ADNI/bids_adni1/sub-036S1135/ses-m24/anat/sub-036S1135_ses-m24_acq-15T_T1w.nii.gz,3,Dementia,bids_adni1
036_S_1240,sc,2007-02-26,/project/rrg-mchakrav-ab/moncia/ADNI/bids_adni1/sub-036S1240/ses-sc/anat/sub-036S1240_ses-sc_acq-15T_T1w.nii.gz,2,MCI,bids_adni1
036_S_1240,m06,2007-08-27,/project/rrg-mchakrav-ab/moncia/ADNI/bids_adni1/sub-036S1240/ses-m06/anat/sub-036S1240_ses-m06_acq-15T_T1w.nii.gz,2,MCI,bids_adni1
036_S_1240,m12,2008-02-26,/project/rrg-mchakrav-ab/moncia/ADNI/bids_adni1/sub-036S1240/ses-m12/anat/sub-036S1240_ses-m12_acq-15T_T1w.nii.gz,2,MCI,bids_adni1
036_S_1240,m18,2008-08-26,/project/rrg-mchakrav-ab/moncia/ADNI/bids_adni1/sub-036S1240/ses-m18/anat/sub-036S1240_ses-m18_acq-15T_T1w.nii.gz,2,MCI,bids_adni1
036_S_1240,m24,2009-02-25,/project/rrg-mchakrav-ab/moncia/ADNI/bids_adni1/sub-036S1240/ses-m24/anat/sub-036S1240_ses-m24_acq-15T_T1w.nii.gz,3,Dementia,bids_adni1
036_S_2378,m03,2011-10-05,/project/rrg-mchakrav-ab/moncia/ADNI/bids_adni_go2/sub-036S2378/ses-m03/anat/sub-036S2378_ses-m03_acq-3Taccel_T1w.nii.gz,2,MCI,bids_adni_go2
036_S_2378,m06,2012-01-04,/project/rrg-mchakrav-ab/moncia/ADNI/bids_adni_go2/sub-036S2378/ses-m06/anat/sub-036S2378_ses-m06_acq-3Taccel_T1w.nii.gz,2,MCI,bids_adni_go2
036_S_2378,m12,2012-07-05,/project/rrg-mchakrav-ab/moncia/ADNI/bids_adni_go2/sub-036S2378/ses-m12/anat/sub-036S2378_ses-m12_acq-3Taccel_T1w.nii.gz,2,MCI,bids_adni_go2
036_S_2378,m24,2013-07-05,/project/rrg-mchakrav-ab/moncia/ADNI/bids_adni_go2/sub-036S2378/ses-m24/anat/sub-036S2378_ses-m24_acq-3Taccel_T1w.nii.gz,2,MCI,bids_adni_go2
036_S_2378,m48,2015-07-06,/project/rrg-mchakrav-ab/moncia/ADNI/bids_adni_go2/sub-036S2378/ses-m48/anat/sub-036S2378_ses-m48_acq-3Taccel_T1w.nii.gz,1,CN,bids_adni_go2
036_S_2378,m60,2016-07-05,/project/rrg-mchakrav-ab/moncia/ADNI/bids_adni_go2/sub-036S2378/ses-m60/anat/sub-036S2378_ses-m60_acq-3Taccel_T1w.nii.gz,1,CN,bids_adni_go2
036_S_2380,m03,2011-11-10,/project/rrg-mchakrav-ab/moncia/ADNI/bids_adni_go2/sub-036S2380/ses-m03/anat/sub-036S2380_ses-m03_acq-3Taccel_T1w.nii.gz,2,MCI,bids_adni_go2
036_S_2380,m06,2012-02-09,/project/rrg-mchakrav-ab/moncia/ADNI/bids_adni_go2/sub-036S2380/ses-m06/anat/sub-036S2380_ses-m06_acq-3Taccel_T1w.nii.gz,2,MCI,bids_adni_go2
036_S_2380,m12,2012-08-10,/project/rrg-mchakrav-ab/moncia/ADNI/bids_adni_go2/sub-036S2380/ses-m12/anat/sub-036S2380_ses-m12_acq-3Taccel_T1w.nii.gz,2,MCI,bids_adni_go2
036_S_2380,m24,2013-08-10,/project/rrg-mchakrav-ab/moncia/ADNI/bids_adni_go2/sub-036S2380/ses-m24/anat/sub-036S2380_ses-m24_acq-3Taccel_T1w.nii.gz,2,MCI,bids_adni_go2
036_S_2380,m48,2015-08-11,/project/rrg-mchakrav-ab/moncia/ADNI/bids_adni_go2/sub-036S2380/ses-m48/anat/sub-036S2380_ses-m48_acq-3Taccel_T1w.nii.gz,2,MCI,bids_adni_go2
036_S_2380,m72,2017-08-10,/project/rrg-mchakrav-ab/moncia/ADNI/bids_adni_go2/sub-036S2380/ses-m72/anat/sub-036S2380_ses-m72_acq-3Taccel_T1w.nii.gz,2,MCI,bids_adni_go2
036_S_2380,m84,2018-08-10,/project/rrg-mchakrav-ab/moncia/ADNI/bids_adni3/sub-036S2380/ses-m84/anat/sub-036S2380_ses-m84_acq-3T_T1w.nii.gz,2,MCI,bids_adni3
036_S_2380,m96,2019-08-11,/project/rrg-mchakrav-ab/moncia/ADNI/bids_adni3/sub-036S2380/ses-m96/anat/sub-036S2380_ses-m96_acq-3T_T1w.nii.gz,2,MCI,bids_adni3
036_S_2380,m114,2021-02-09,/project/rrg-mchakrav-ab/moncia/ADNI/bids_adni3/sub-036S2380/ses-m114/anat/sub-036S2380_ses-m114_acq-3T_T1w.nii.gz,3,Dementia,bids_adni3
036_S_4430,m03,2012-03-12,/project/rrg-mchakrav-ab/moncia/ADNI/bids_adni_go2/sub-036S4430/ses-m03/anat/sub-036S4430_ses-m03_acq-3Taccel_T1w.nii.gz,2,MCI,bids_adni_go2
036_S_4430,m06,2012-06-11,/project/rrg-mchakrav-ab/moncia/ADNI/bids_adni_go2/sub-036S4430/ses-m06/anat/sub-036S4430_ses-m06_acq-3Taccel_T1w.nii.gz,3,Dementia,bids_adni_go2
036_S_4430,m12,2012-12-11,/project/rrg-mchakrav-ab/moncia/ADNI/bids_adni_go2/sub-036S4430/ses-m12/anat/sub-036S4430_ses-m12_acq-3Taccel_T1w.nii.gz,2,MCI,bids_adni_go2
036_S_4430,m24,2013-12-11,/project/rrg-mchakrav-ab/moncia/ADNI/bids_adni_go2/sub-036S4430/ses-m24/anat/sub-036S4430_ses-m24_acq-3Taccel_T1w.nii.gz,3,Dementia,bids_adni_go2
036_S_4430,m48,2015-12-12,/project/rrg-mchakrav-ab/moncia/ADNI/bids_adni_go2/sub-036S4430/ses-m48/anat/sub-036S4430_ses-m48_acq-3Taccel_T1w.nii.gz,3,Dementia,bids_adni_go2
036_S_4430,m66,2017-06-12,/project/rrg-mchakrav-ab/moncia/ADNI/bids_adni3/sub-036S4430/ses-m66/anat/sub-036S4430_ses-m66_acq-3T_T1w.nii.gz,3,Dementia,bids_adni3
036_S_4538,m06,2012-08-08,/project/rrg-mchakrav-ab/moncia/ADNI/bids_adni_go2/sub-036S4538/ses-m06/anat/sub-036S4538_ses-m06_acq-3Taccel_T1w.nii.gz,2,MCI,bids_adni_go2
036_S_4538,m12,2013-02-07,/project/rrg-mchakrav-ab/moncia/ADNI/bids_adni_go2/sub-036S4538/ses-m12/anat/sub-036S4538_ses-m12_acq-3Taccel_T1w.nii.gz,2,MCI,bids_adni_go2
036_S_4538,m24,2014-02-07,/project/rrg-mchakrav-ab/moncia/ADNI/bids_adni_go2/sub-036S4538/ses-m24/anat/sub-036S4538_ses-m24_acq-3Taccel_T1w.nii.gz,2,MCI,bids_adni_go2
036_S_4538,m48,2016-02-08,/project/rrg-mchakrav-ab/moncia/ADNI/bids_adni_go2/sub-036S4538/ses-m48/anat/sub-036S4538_ses-m48_acq-3Taccel_T1w.nii.gz,2,MCI,bids_adni_go2
036_S_4538,m66,2017-08-09,/project/rrg-mchakrav-ab/moncia/ADNI/bids_adni3/sub-036S4538/ses-m66/anat/sub-036S4538_ses-m66_acq-3T_T1w.nii.gz,2,MCI,bids_adni3
036_S_4538,m78,2018-08-09,/project/rrg-mchakrav-ab/moncia/ADNI/bids_adni3/sub-036S4538/ses-m78/anat/sub-036S4538_ses-m78_acq-3T_T1w.nii.gz,3,Dementia,bids_adni3
036_S_4538,m102,2020-08-08,/project/rrg-mchakrav-ab/moncia/ADNI/bids_adni3/sub-036S4538/ses-m102/anat/sub-036S4538_ses-m102_acq-3T_T1w.nii.gz,3,Dementia,bids_adni3
036_S_4562,m03,2012-05-23,/project/rrg-mchakrav-ab/moncia/ADNI/bids_adni_go2/sub-036S4562/ses-m03/anat/sub-036S4562_ses-m03_acq-3Taccel_T1w.nii.gz,2,MCI,bids_adni_go2
036_S_4562,m06,2012-08-22,/project/rrg-mchakrav-ab/moncia/ADNI/bids_adni_go2/sub-036S4562/ses-m06/anat/sub-036S4562_ses-m06_acq-3Taccel_T1w.nii.gz,2,MCI,bids_adni_go2
036_S_4562,m12,2013-02-21,/project/rrg-mchakrav-ab/moncia/ADNI/bids_adni_go2/sub-036S4562/ses-m12/anat/sub-036S4562_ses-m12_acq-3Taccel_T1w.nii.gz,2,MCI,bids_adni_go2
036_S_4562,m24,2014-02-21,/project/rrg-mchakrav-ab/moncia/ADNI/bids_adni_go2/sub-036S4562/ses-m24/anat/sub-036S4562_ses-m24_acq-3Taccel_T1w.nii.gz,2,MCI,bids_adni_go2
036_S_4714,m03,2012-07-30,/project/rrg-mchakrav-ab/moncia/ADNI/bids_adni_go2/sub-036S4714/ses-m03/anat/sub-036S4714_ses-m03_acq-3Taccel_T1w.nii.gz,2,MCI,bids_adni_go2
036_S_4714,m06,2012-10-29,/project/rrg-mchakrav-ab/moncia/ADNI/bids_adni_go2/sub-036S4714/ses-m06/anat/sub-036S4714_ses-m06_acq-3Taccel_T1w.nii.gz,2,MCI,bids_adni_go2
036_S_4714,m12,2013-04-30,/project/rrg-mchakrav-ab/moncia/ADNI/bids_adni_go2/sub-036S4714/ses-m12/anat/sub-036S4714_ses-m12_acq-3Taccel_T1w.nii.gz,2,MCI,bids_adni_go2
036_S_4714,m24,2014-04-30,/project/rrg-mchakrav-ab/moncia/ADNI/bids_adni_go2/sub-036S4714/ses-m24/anat/sub-036S4714_ses-m24_acq-3Taccel_T1w.nii.gz,2,MCI,bids_adni_go2
036_S_4714,m48,2016-04-30,/project/rrg-mchakrav-ab/moncia/ADNI/bids_adni_go2/sub-036S4714/ses-m48/anat/sub-036S4714_ses-m48_acq-3Taccel_T1w.nii.gz,3,Dementia,bids_adni_go2
036_S_4715,m03,2012-07-30,/project/rrg-mchakrav-ab/moncia/ADNI/bids_adni_go2/sub-036S4715/ses-m03/anat/sub-036S4715_ses-m03_acq-3Taccel_T1w.nii.gz,2,MCI,bids_adni_go2
036_S_4715,m06,2012-10-29,/project/rrg-mchakrav-ab/moncia/ADNI/bids_adni_go2/sub-036S4715/ses-m06/anat/sub-036S4715_ses-m06_acq-3Taccel_T1w.nii.gz,2,MCI,bids_adni_go2
036_S_4715,m12,2013-04-30,/project/rrg-mchakrav-ab/moncia/ADNI/bids_adni_go2/sub-036S4715/ses-m12/anat/sub-036S4715_ses-m12_acq-3Tunaccel_T1w.nii.gz,2,MCI,bids_adni_go2
036_S_4715,m24,2014-04-30,/project/rrg-mchakrav-ab/moncia/ADNI/bids_adni_go2/sub-036S4715/ses-m24/anat/sub-036S4715_ses-m24_acq-3Taccel_T1w.nii.gz,3,Dementia,bids_adni_go2
036_S_4715,m48,2016-04-30,/project/rrg-mchakrav-ab/moncia/ADNI/bids_adni_go2/sub-036S4715/ses-m48/anat/sub-036S4715_ses-m48_acq-3Taccel_T1w.nii.gz,3,Dementia,bids_adni_go2
036_S_4715,m66,2017-10-30,/project/rrg-mchakrav-ab/moncia/ADNI/bids_adni3/sub-036S4715/ses-m66/anat/sub-036S4715_ses-m66_acq-3T_T1w.nii.gz,3,Dementia,bids_adni3
036_S_4736,m03,2012-08-13,/project/rrg-mchakrav-ab/moncia/ADNI/bids_adni_go2/sub-036S4736/ses-m03/anat/sub-036S4736_ses-m03_acq-3Taccel_T1w.nii.gz,2,MCI,bids_adni_go2
036_S_4736,m06,2012-11-12,/project/rrg-mchakrav-ab/moncia/ADNI/bids_adni_go2/sub-036S4736/ses-m06/anat/sub-036S4736_ses-m06_acq-3Taccel_T1w.nii.gz,2,MCI,bids_adni_go2
036_S_4736,m12,2013-05-14,/project/rrg-mchakrav-ab/moncia/ADNI/bids_adni_go2/sub-036S4736/ses-m12/anat/sub-036S4736_ses-m12_acq-3Taccel_T1w.nii.gz,2,MCI,bids_adni_go2
036_S_4736,m24,2014-05-14,/project/rrg-mchakrav-ab/moncia/ADNI/bids_adni_go2/sub-036S4736/ses-m24/anat/sub-036S4736_ses-m24_acq-3Taccel_T1w.nii.gz,2,MCI,bids_adni_go2
036_S_4899,m03,2013-01-02,/project/rrg-mchakrav-ab/moncia/ADNI/bids_adni_go2/sub-036S4899/ses-m03/anat/sub-036S4899_ses-m03_acq-3Tunaccel_T1w.nii.gz,2,MCI,bids_adni_go2
036_S_4899,m06,2013-04-03,/project/rrg-mchakrav-ab/moncia/ADNI/bids_adni_go2/sub-036S4899/ses-m06/anat/sub-036S4899_ses-m06_acq-3Taccel_T1w.nii.gz,3,Dementia,bids_adni_go2
036_S_4899,m12,2013-10-03,/project/rrg-mchakrav-ab/moncia/ADNI/bids_adni_go2/sub-036S4899/ses-m12/anat/sub-036S4899_ses-m12_acq-3Taccel_T1w.nii.gz,2,MCI,bids_adni_go2
036_S_6878,sc,2020-07-15,/project/rrg-mchakrav-ab/moncia/ADNI/bids_adni3/sub-036S6878/ses-sc/anat/sub-036S6878_ses-sc_acq-3T_T1w.nii.gz,2,MCI,bids_adni3
036_S_6878,m12,2021-07-15,/project/rrg-mchakrav-ab/moncia/ADNI/bids_adni3/sub-036S6878/ses-m12/anat/sub-036S6878_ses-m12_acq-3T_T1w.nii.gz,2,MCI,bids_adni3
036_S_6878,m42,2024-01-14,/project/rrg-mchakrav-ab/moncia/ADNI/bids_adni4_qc/sub-036S6878/ses-m42/anat/sub-036S6878_ses-m42_acq-3Taccel_T1w.nii.gz,3,Dementia,bids_adni4_qc
036_S_6885,sc,2020-09-02,/project/rrg-mchakrav-ab/moncia/ADNI/bids_adni3/sub-036S6885/ses-sc/anat/sub-036S6885_ses-sc_acq-3T_T1w.nii.gz,2,MCI,bids_adni3
036_S_6885,m12,2021-09-02,/project/rrg-mchakrav-ab/moncia/ADNI/bids_adni3/sub-036S6885/ses-m12/anat/sub-036S6885_ses-m12_acq-3T_T1w.nii.gz,2,MCI,bids_adni3
036_S_6885,m60,2025-09-02,/project/rrg-mchakrav-ab/moncia/ADNI/bids_adni4_qc/sub-036S6885/ses-m60/anat/sub-036S6885_ses-m60_acq-3Taccel_T1w.nii.gz,3,Dementia,bids_adni4_qc
036_S_6916,sc,2021-03-11,/project/rrg-mchakrav-ab/moncia/ADNI/bids_adni3/sub-036S6916/ses-sc/anat/sub-036S6916_ses-sc_acq-3T_T1w.nii.gz,2,MCI,bids_adni3
036_S_6916,m12,2022-03-11,/project/rrg-mchakrav-ab/moncia/ADNI/bids_adni3/sub-036S6916/ses-m12/anat/sub-036S6916_ses-m12_acq-3T_T1w.nii.gz,2,MCI,bids_adni3
036_S_6916,m42,2024-09-09,/project/rrg-mchakrav-ab/moncia/ADNI/bids_adni4_qc/sub-036S6916/ses-m42/anat/sub-036S6916_ses-m42_acq-3Taccel_T1w.nii.gz,3,Dementia,bids_adni4_qc
037_S_0150,sc,2006-03-10,/project/rrg-mchakrav-ab/moncia/ADNI/bids_adni1/sub-037S0150/ses-sc/anat/sub-037S0150_ses-sc_acq-15T_T1w.nii.gz,2,MCI,bids_adni1
037_S_0150,m06,2006-09-08,/project/rrg-mchakrav-ab/moncia/ADNI/bids_adni1/sub-037S0150/ses-m06/anat/sub-037S0150_ses-m06_acq-15T_T1w.nii.gz,2,MCI,bids_adni1
037_S_0150,m12,2007-03-10,/project/rrg-mchakrav-ab/moncia/ADNI/bids_adni1/sub-037S0150/ses-m12/anat/sub-037S0150_ses-m12_acq-15T_T1w.nii.gz,2,MCI,bids_adni1
037_S_0150,m18,2007-09-08,/project/rrg-mchakrav-ab/moncia/ADNI/bids_adni1/sub-037S0150/ses-m18/anat/sub-037S0150_ses-m18_acq-15T_T1w.nii.gz,2,MCI,bids_adni1
037_S_0150,m24,2008-03-09,/project/rrg-mchakrav-ab/moncia/ADNI/bids_adni1/sub-037S0150/ses-m24/anat/sub-037S0150_ses-m24_acq-15T_T1w.nii.gz,2,MCI,bids_adni1
037_S_0150,m36,2009-03-09,/project/rrg-mchakrav-ab/moncia/ADNI/bids_adni1/sub-037S0150/ses-m36/anat/sub-037S0150_ses-m36_acq-15T_T1w.nii.gz,2,MCI,bids_adni1
037_S_0150,m96,2014-03-10,/project/rrg-mchakrav-ab/moncia/ADNI/bids_adni_go2/sub-037S0150/ses-m96/anat/sub-037S0150_ses-m96_acq-3Taccel_T1w.nii.gz,2,MCI,bids_adni_go2
037_S_0150,m120,2016-03-09,/project/rrg-mchakrav-ab/moncia/ADNI/bids_adni_go2/sub-037S0150/ses-m120/anat/sub-037S0150_ses-m120_acq-3Taccel_T1w.nii.gz,2,MCI,bids_adni_go2
037_S_0150,m138,2017-09-08,/project/rrg-mchakrav-ab/moncia/ADNI/bids_adni3/sub-037S0150/ses-m138/anat/sub-037S0150_ses-m138_acq-3T_T1w.nii.gz,3,Dementia,bids_adni3
037_S_0377,m18,2007-12-17,/project/rrg-mchakrav-ab/moncia/ADNI/bids_adni1/sub-037S0377/ses-m18/anat/sub-037S0377_ses-m18_acq-15T_T1w.nii.gz,2,MCI,bids_adni1
037_S_0377,m24,2008-06-17,/project/rrg-mchakrav-ab/moncia/ADNI/bids_adni1/sub-037S0377/ses-m24/anat/sub-037S0377_ses-m24_acq-15T_T1w.nii.gz,2,MCI,bids_adni1
037_S_0377,m36,2009-06-17,/project/rrg-mchakrav-ab/moncia/ADNI/bids_adni1/sub-037S0377/ses-m36/anat/sub-037S0377_ses-m36_acq-15T_T1w.nii.gz,2,MCI,bids_adni1
037_S_0377,m96,2014-06-18,/project/rrg-mchakrav-ab/moncia/ADNI/bids_adni_go2/sub-037S0377/ses-m96/anat/sub-037S0377_ses-m96_acq-3Taccel_T1w.nii.gz,2,MCI,bids_adni_go2
037_S_0377,m120,2016-06-17,/project/rrg-mchakrav-ab/moncia/ADNI/bids_adni_go2/sub-037S0377/ses-m120/anat/sub-037S0377_ses-m120_acq-3Taccel_T1w.nii.gz,2,MCI,bids_adni_go2
037_S_0377,m132,2017-06-18,/project/rrg-mchakrav-ab/moncia/ADNI/bids_adni3/sub-037S0377/ses-m132/anat/sub-037S0377_ses-m132_acq-3T_T1w.nii.gz,2,MCI,bids_adni3
037_S_0377,m144,2018-06-18,/project/rrg-mchakrav-ab/moncia/ADNI/bids_adni3/sub-037S0377/ses-m144/anat/sub-037S0377_ses-m144_acq-3T_T1w.nii.gz,2,MCI,bids_adni3
037_S_0377,m156,2019-06-18,/project/rrg-mchakrav-ab/moncia/ADNI/bids_adni3/sub-037S0377/ses-m156/anat/sub-037S0377_ses-m156_acq-3T_T1w.nii.gz,2,MCI,bids_adni3
037_S_0501,m06,2006-12-22,/project/rrg-mchakrav-ab/moncia/ADNI/bids_adni1/sub-037S0501/ses-m06/anat/sub-037S0501_ses-m06_acq-15T_T1w.nii.gz,2,MCI,bids_adni1
037_S_0501,m12,2007-06-23,/project/rrg-mchakrav-ab/moncia/ADNI/bids_adni1/sub-037S0501/ses-m12/anat/sub-037S0501_ses-m12_acq-15T_T1w.nii.gz,2,MCI,bids_adni1
037_S_0501,m24,2008-06-22,/project/rrg-mchakrav-ab/moncia/ADNI/bids_adni1/sub-037S0501/ses-m24/anat/sub-037S0501_ses-m24_acq-3T_T1w.nii.gz,2,MCI,bids_adni1
037_S_0501,m36,2009-06-22,/project/rrg-mchakrav-ab/moncia/ADNI/bids_adni1/sub-037S0501/ses-m36/anat/sub-037S0501_ses-m36_acq-15T_T1w.nii.gz,2,MCI,bids_adni1
037_S_0501,m84,2013-06-22,/project/rrg-mchakrav-ab/moncia/ADNI/bids_adni_go2/sub-037S0501/ses-m84/anat/sub-037S0501_ses-m84_acq-3Taccel_T1w.nii.gz,2,MCI,bids_adni_go2
037_S_0501,m96,2014-06-23,/project/rrg-mchakrav-ab/moncia/ADNI/bids_adni_go2/sub-037S0501/ses-m96/anat/sub-037S0501_ses-m96_acq-3Taccel_T1w.nii.gz,3,Dementia,bids_adni_go2
037_S_0539,m06,2007-02-09,/project/rrg-mchakrav-ab/moncia/ADNI/bids_adni1/sub-037S0539/ses-m06/anat/sub-037S0539_ses-m06_acq-15T_T1w.nii.gz,2,MCI,bids_adni1
037_S_0539,m12,2007-08-11,/project/rrg-mchakrav-ab/moncia/ADNI/bids_adni1/sub-037S0539/ses-m12/anat/sub-037S0539_ses-m12_acq-15T_T1w.nii.gz,2,MCI,bids_adni1
037_S_0539,m24,2008-08-10,/project/rrg-mchakrav-ab/moncia/ADNI/bids_adni1/sub-037S0539/ses-m24/anat/sub-037S0539_ses-m24_acq-15T_T1w.nii.gz,3,Dementia,bids_adni1
037_S_0539,m36,2009-08-10,/project/rrg-mchakrav-ab/moncia/ADNI/bids_adni1/sub-037S0539/ses-m36/anat/sub-037S0539_ses-m36_acq-15T_T1w.nii.gz,3,Dementia,bids_adni1
037_S_0539,m48,2010-08-11,/project/rrg-mchakrav-ab/moncia/ADNI/bids_adni1/sub-037S0539/ses-m48/anat/sub-037S0539_ses-m48_acq-15T_T1w.nii.gz,3,Dementia,bids_adni1
037_S_0552,m06,2006-12-27,/project/rrg-mchakrav-ab/moncia/ADNI/bids_adni1/sub-037S0552/ses-m06/anat/sub-037S0552_ses-m06_acq-15T_T1w.nii.gz,2,MCI,bids_adni1
037_S_0552,m18,2007-12-27,/project/rrg-mchakrav-ab/moncia/ADNI/bids_adni1/sub-037S0552/ses-m18/anat/sub-037S0552_ses-m18_acq-15T_T1w.nii.gz,2,MCI,bids_adni1
037_S_0552,m24,2008-06-27,/project/rrg-mchakrav-ab/moncia/ADNI/bids_adni1/sub-037S0552/ses-m24/anat/sub-037S0552_ses-m24_acq-15T_T1w.nii.gz,2,MCI,bids_adni1
037_S_0566,m06,2007-02-12,/project/rrg-mchakrav-ab/moncia/ADNI/bids_adni1/sub-037S0566/ses-m06/anat/sub-037S0566_ses-m06_acq-15T_T1w.nii.gz,2,MCI,bids_adni1
037_S_0566,m12,2007-08-14,/project/rrg-mchakrav-ab/moncia/ADNI/bids_adni1/sub-037S0566/ses-m12/anat/sub-037S0566_ses-m12_acq-15T_T1w.nii.gz,2,MCI,bids_adni1
037_S_0566,m18,2008-02-12,/project/rrg-mchakrav-ab/moncia/ADNI/bids_adni1/sub-037S0566/ses-m18/anat/sub-037S0566_ses-m18_acq-15T_T1w.nii.gz,2,MCI,bids_adni1
037_S_0566,m24,2008-08-13,/project/rrg-mchakrav-ab/moncia/ADNI/bids_adni1/sub-037S0566/ses-m24/anat/sub-037S0566_ses-m24_acq-15T_T1w.nii.gz,2,MCI,bids_adni1
037_S_0566,m36,2009-08-13,/project/rrg-mchakrav-ab/moncia/ADNI/bids_adni1/sub-037S0566/ses-m36/anat/sub-037S0566_ses-m36_acq-15T_T1w.nii.gz,3,Dementia,bids_adni1
037_S_0566,m72,2012-08-13,/project/rrg-mchakrav-ab/moncia/ADNI/bids_adni_go2/sub-037S0566/ses-m72/anat/sub-037S0566_ses-m72_acq-3Taccel_T1w.nii.gz,3,Dementia,bids_adni_go2
037_S_0566,m84,2013-08-13,/project/rrg-mchakrav-ab/moncia/ADNI/bids_adni_go2/sub-037S0566/ses-m84/anat/sub-037S0566_ses-m84_acq-3Taccel_T1w.nii.gz,3,Dementia,bids_adni_go2
037_S_0566,m108,2015-08-14,/project/rrg-mchakrav-ab/moncia/ADNI/bids_adni_go2/sub-037S0566/ses-m108/anat/sub-037S0566_ses-m108_acq-3Taccel_T1w.nii.gz,3,Dementia,bids_adni_go2
037_S_0588,sc,2007-01-23,/project/rrg-mchakrav-ab/moncia/ADNI/bids_adni1/sub-037S0588/ses-sc/anat/sub-037S0588_ses-sc_acq-15T_T1w.nii.gz,2,MCI,bids_adni1
037_S_0588,m06,2007-07-24,/project/rrg-mchakrav-ab/moncia/ADNI/bids_adni1/sub-037S0588/ses-m06/anat/sub-037S0588_ses-m06_acq-15T_T1w.nii.gz,2,MCI,bids_adni1
037_S_0588,m18,2008-07-23,/project/rrg-mchakrav-ab/moncia/ADNI/bids_adni1/sub-037S0588/ses-m18/anat/sub-037S0588_ses-m18_acq-15T_T1w.nii.gz,2,MCI,bids_adni1
037_S_0588,m24,2009-01-22,/project/rrg-mchakrav-ab/moncia/ADNI/bids_adni1/sub-037S0588/ses-m24/anat/sub-037S0588_ses-m24_acq-15T_T1w.nii.gz,2,MCI,bids_adni1
037_S_0588,m72,2013-01-22,/project/rrg-mchakrav-ab/moncia/ADNI/bids_adni_go2/sub-037S0588/ses-m72/anat/sub-037S0588_ses-m72_acq-3Taccel_T1w.nii.gz,3,Dementia,bids_adni_go2
037_S_1078,sc,2007-01-08,/project/rrg-mchakrav-ab/moncia/ADNI/bids_adni1/sub-037S1078/ses-sc/anat/sub-037S1078_ses-sc_acq-15T_T1w.nii.gz,2,MCI,bids_adni1
037_S_1078,m18,2008-07-08,/project/rrg-mchakrav-ab/moncia/ADNI/bids_adni1/sub-037S1078/ses-m18/anat/sub-037S1078_ses-m18_acq-15T_T1w.nii.gz,2,MCI,bids_adni1
037_S_1078,m24,2009-01-07,/project/rrg-mchakrav-ab/moncia/ADNI/bids_adni1/sub-037S1078/ses-m24/anat/sub-037S1078_ses-m24_acq-15T_T1w.nii.gz,2,MCI,bids_adni1
037_S_1078,m36,2010-01-07,/project/rrg-mchakrav-ab/moncia/ADNI/bids_adni1/sub-037S1078/ses-m36/anat/sub-037S1078_ses-m36_acq-15T_T1w.nii.gz,2,MCI,bids_adni1
037_S_1078,m72,2013-01-07,/project/rrg-mchakrav-ab/moncia/ADNI/bids_adni_go2/sub-037S1078/ses-m72/anat/sub-037S1078_ses-m72_acq-3Taccel_T1w.nii.gz,3,Dementia,bids_adni_go2
037_S_1078,m96,2015-01-08,/project/rrg-mchakrav-ab/moncia/ADNI/bids_adni_go2/sub-037S1078/ses-m96/anat/sub-037S1078_ses-m96_acq-3Taccel_T1w.nii.gz,3,Dementia,bids_adni_go2
037_S_1078,m108,2016-01-08,/project/rrg-mchakrav-ab/moncia/ADNI/bids_adni_go2/sub-037S1078/ses-m108/anat/sub-037S1078_ses-m108_acq-3Taccel_T1w.nii.gz,3,Dementia,bids_adni_go2
037_S_1225,bl,2007-02-12,/project/rrg-mchakrav-ab/moncia/ADNI/bids_adni1/sub-037S1225/ses-bl/anat/sub-037S1225_ses-bl_acq-3T_T1w.nii.gz,2,MCI,bids_adni1
037_S_1225,sc,2007-02-12,/project/rrg-mchakrav-ab/moncia/ADNI/bids_adni1/sub-037S1225/ses-sc/anat/sub-037S1225_ses-sc_acq-15T_T1w.nii.gz,2,MCI,bids_adni1
037_S_1225,m06,2007-08-13,/project/rrg-mchakrav-ab/moncia/ADNI/bids_adni1/sub-037S1225/ses-m06/anat/sub-037S1225_ses-m06_acq-15T_T1w.nii.gz,2,MCI,bids_adni1
037_S_1225,m12,2008-02-12,/project/rrg-mchakrav-ab/moncia/ADNI/bids_adni1/sub-037S1225/ses-m12/anat/sub-037S1225_ses-m12_acq-15T_T1w.nii.gz,2,MCI,bids_adni1
037_S_1225,m18,2008-08-12,/project/rrg-mchakrav-ab/moncia/ADNI/bids_adni1/sub-037S1225/ses-m18/anat/sub-037S1225_ses-m18_acq-15T_T1w.nii.gz,3,Dementia,bids_adni1
037_S_1421,m06,2008-03-14,/project/rrg-mchakrav-ab/moncia/ADNI/bids_adni1/sub-037S1421/ses-m06/anat/sub-037S1421_ses-m06_acq-15T_T1w.nii.gz,2,MCI,bids_adni1
037_S_1421,m12,2008-09-13,/project/rrg-mchakrav-ab/moncia/ADNI/bids_adni1/sub-037S1421/ses-m12/anat/sub-037S1421_ses-m12_acq-15T_T1w.nii.gz,2,MCI,bids_adni1
037_S_1421,m18,2009-03-14,/project/rrg-mchakrav-ab/moncia/ADNI/bids_adni1/sub-037S1421/ses-m18/anat/sub-037S1421_ses-m18_acq-15T_T1w.nii.gz,2,MCI,bids_adni1
037_S_1421,m36,2010-09-13,/project/rrg-mchakrav-ab/moncia/ADNI/bids_adni1/sub-037S1421/ses-m36/anat/sub-037S1421_ses-m36_acq-15T_T1w.nii.gz,2,MCI,bids_adni1
037_S_4015,m03,2011-06-24,/project/rrg-mchakrav-ab/moncia/ADNI/bids_adni_go2/sub-037S4015/ses-m03/anat/sub-037S4015_ses-m03_acq-3Taccel_T1w.nii.gz,2,MCI,bids_adni_go2
037_S_4015,m06,2011-09-23,/project/rrg-mchakrav-ab/moncia/ADNI/bids_adni_go2/sub-037S4015/ses-m06/anat/sub-037S4015_ses-m06_acq-3Taccel_T1w.nii.gz,2,MCI,bids_adni_go2
037_S_4015,m12,2012-03-24,/project/rrg-mchakrav-ab/moncia/ADNI/bids_adni_go2/sub-037S4015/ses-m12/anat/sub-037S4015_ses-m12_acq-3Taccel_T1w.nii.gz,2,MCI,bids_adni_go2
037_S_4015,m24,2013-03-24,/project/rrg-mchakrav-ab/moncia/ADNI/bids_adni_go2/sub-037S4015/ses-m24/anat/sub-037S4015_ses-m24_acq-3Taccel_T1w.nii.gz,3,Dementia,bids_adni_go2
037_S_4015,m48,2015-03-25,/project/rrg-mchakrav-ab/moncia/ADNI/bids_adni_go2/sub-037S4015/ses-m48/anat/sub-037S4015_ses-m48_acq-3Taccel_T1w.nii.gz,3,Dementia,bids_adni_go2
037_S_4030,m03,2011-07-25,/project/rrg-mchakrav-ab/moncia/ADNI/bids_adni_go2/sub-037S4030/ses-m03/anat/sub-037S4030_ses-m03_acq-3Taccel_T1w.nii.gz,2,MCI,bids_adni_go2
037_S_4030,m06,2011-10-24,/project/rrg-mchakrav-ab/moncia/ADNI/bids_adni_go2/sub-037S4030/ses-m06/anat/sub-037S4030_ses-m06_acq-3Taccel_T1w.nii.gz,2,MCI,bids_adni_go2
037_S_4030,m12,2012-04-24,/project/rrg-mchakrav-ab/moncia/ADNI/bids_adni_go2/sub-037S4030/ses-m12/anat/sub-037S4030_ses-m12_acq-3Taccel_T1w.nii.gz,2,MCI,bids_adni_go2
037_S_4030,m24,2013-04-24,/project/rrg-mchakrav-ab/moncia/ADNI/bids_adni_go2/sub-037S4030/ses-m24/anat/sub-037S4030_ses-m24_acq-3Taccel_T1w.nii.gz,2,MCI,bids_adni_go2
037_S_4030,m48,2015-04-25,/project/rrg-mchakrav-ab/moncia/ADNI/bids_adni_go2/sub-037S4030/ses-m48/anat/sub-037S4030_ses-m48_acq-3Taccel_T1w.nii.gz,3,Dementia,bids_adni_go2
037_S_4030,m78,2017-10-24,/project/rrg-mchakrav-ab/moncia/ADNI/bids_adni3/sub-037S4030/ses-m78/anat/sub-037S4030_ses-m78_acq-3T_T1w.nii.gz,3,Dementia,bids_adni3
037_S_4030,m90,2018-10-24,/project/rrg-mchakrav-ab/moncia/ADNI/bids_adni3/sub-037S4030/ses-m90/anat/sub-037S4030_ses-m90_acq-3T_T1w.nii.gz,3,Dementia,bids_adni3
037_S_4146,m03,2011-11-30,/project/rrg-mchakrav-ab/moncia/ADNI/bids_adni_go2/sub-037S4146/ses-m03/anat/sub-037S4146_ses-m03_acq-3Taccel_T1w.nii.gz,2,MCI,bids_adni_go2
037_S_4146,m06,2012-02-29,/project/rrg-mchakrav-ab/moncia/ADNI/bids_adni_go2/sub-037S4146/ses-m06/anat/sub-037S4146_ses-m06_acq-3Taccel_T1w.nii.gz,2,MCI,bids_adni_go2
037_S_4146,m12,2012-08-30,/project/rrg-mchakrav-ab/moncia/ADNI/bids_adni_go2/sub-037S4146/ses-m12/anat/sub-037S4146_ses-m12_acq-3Taccel_T1w.nii.gz,2,MCI,bids_adni_go2
037_S_4146,m24,2013-08-30,/project/rrg-mchakrav-ab/moncia/ADNI/bids_adni_go2/sub-037S4146/ses-m24/anat/sub-037S4146_ses-m24_acq-3Taccel_T1w.nii.gz,2,MCI,bids_adni_go2
037_S_4146,m48,2015-08-31,/project/rrg-mchakrav-ab/moncia/ADNI/bids_adni_go2/sub-037S4146/ses-m48/anat/sub-037S4146_ses-m48_acq-3Taccel_T1w.nii.gz,2,MCI,bids_adni_go2
037_S_4214,m03,2011-11-23,/project/rrg-mchakrav-ab/moncia/ADNI/bids_adni_go2/sub-037S4214/ses-m03/anat/sub-037S4214_ses-m03_acq-3Taccel_T1w.nii.gz,2,MCI,bids_adni_go2
037_S_4214,m06,2012-02-22,/project/rrg-mchakrav-ab/moncia/ADNI/bids_adni_go2/sub-037S4214/ses-m06/anat/sub-037S4214_ses-m06_acq-3Taccel_T1w.nii.gz,1,CN,bids_adni_go2
037_S_4214,m12,2012-08-23,/project/rrg-mchakrav-ab/moncia/ADNI/bids_adni_go2/sub-037S4214/ses-m12/anat/sub-037S4214_ses-m12_acq-3Taccel_T1w.nii.gz,2,MCI,bids_adni_go2
037_S_4214,m24,2013-08-23,/project/rrg-mchakrav-ab/moncia/ADNI/bids_adni_go2/sub-037S4214/ses-m24/anat/sub-037S4214_ses-m24_acq-3Taccel_T1w.nii.gz,2,MCI,bids_adni_go2
037_S_4214,m48,2015-08-24,/project/rrg-mchakrav-ab/moncia/ADNI/bids_adni_go2/sub-037S4214/ses-m48/anat/sub-037S4214_ses-m48_acq-3Taccel_T1w.nii.gz,1,CN,bids_adni_go2
037_S_4214,m66,2017-02-22,/project/rrg-mchakrav-ab/moncia/ADNI/bids_adni_go2/sub-037S4214/ses-m66/anat/sub-037S4214_ses-m66_acq-3Taccel_T1w.nii.gz,1,CN,bids_adni_go2
037_S_4214,m84,2018-08-23,/project/rrg-mchakrav-ab/moncia/ADNI/bids_adni3/sub-037S4214/ses-m84/anat/sub-037S4214_ses-m84_acq-3T_T1w.nii.gz,1,CN,bids_adni3
037_S_4214,m90,2019-02-22,/project/rrg-mchakrav-ab/moncia/ADNI/bids_adni3/sub-037S4214/ses-m90/anat/sub-037S4214_ses-m90_acq-3T_T1w.nii.gz,1,CN,bids_adni3
037_S_4214,m114,2021-02-22,/project/rrg-mchakrav-ab/moncia/ADNI/bids_adni3/sub-037S4214/ses-m114/anat/sub-037S4214_ses-m114_acq-3T_T1w.nii.gz,1,CN,bids_adni3
037_S_4302,m03,2012-01-13,/project/rrg-mchakrav-ab/moncia/ADNI/bids_adni_go2/sub-037S4302/ses-m03/anat/sub-037S4302_ses-m03_acq-3Taccel_T1w.nii.gz,2,MCI,bids_adni_go2
037_S_4302,m06,2012-04-13,/project/rrg-mchakrav-ab/moncia/ADNI/bids_adni_go2/sub-037S4302/ses-m06/anat/sub-037S4302_ses-m06_acq-3Taccel_T1w.nii.gz,2,MCI,bids_adni_go2
037_S_4302,m12,2012-10-13,/project/rrg-mchakrav-ab/moncia/ADNI/bids_adni_go2/sub-037S4302/ses-m12/anat/sub-037S4302_ses-m12_acq-3Taccel_T1w.nii.gz,2,MCI,bids_adni_go2
037_S_4302,m24,2013-10-13,/project/rrg-mchakrav-ab/moncia/ADNI/bids_adni_go2/sub-037S4302/ses-m24/anat/sub-037S4302_ses-m24_acq-3Taccel_T1w.nii.gz,2,MCI,bids_adni_go2
037_S_4302,m48,2015-10-14,/project/rrg-mchakrav-ab/moncia/ADNI/bids_adni_go2/sub-037S4302/ses-m48/anat/sub-037S4302_ses-m48_acq-3Taccel_T1w.nii.gz,2,MCI,bids_adni_go2
037_S_4302,m60,2016-10-13,/project/rrg-mchakrav-ab/moncia/ADNI/bids_adni_go2/sub-037S4302/ses-m60/anat/sub-037S4302_ses-m60_acq-3Taccel_T1w.nii.gz,2,MCI,bids_adni_go2
037_S_4381,m03,2012-04-09,/project/rrg-mchakrav-ab/moncia/ADNI/bids_adni_go2/sub-037S4381/ses-m03/anat/sub-037S4381_ses-m03_acq-3Taccel_T1w.nii.gz,2,MCI,bids_adni_go2
037_S_4381,m06,2012-07-09,/project/rrg-mchakrav-ab/moncia/ADNI/bids_adni_go2/sub-037S4381/ses-m06/anat/sub-037S4381_ses-m06_acq-3Taccel_T1w.nii.gz,2,MCI,bids_adni_go2
037_S_4381,m12,2013-01-08,/project/rrg-mchakrav-ab/moncia/ADNI/bids_adni_go2/sub-037S4381/ses-m12/anat/sub-037S4381_ses-m12_acq-3Taccel_T1w.nii.gz,1,CN,bids_adni_go2
037_S_4381,m24,2014-01-08,/project/rrg-mchakrav-ab/moncia/ADNI/bids_adni_go2/sub-037S4381/ses-m24/anat/sub-037S4381_ses-m24_acq-3Taccel_T1w.nii.gz,2,MCI,bids_adni_go2
037_S_4381,m48,2016-01-09,/project/rrg-mchakrav-ab/moncia/ADNI/bids_adni_go2/sub-037S4381/ses-m48/anat/sub-037S4381_ses-m48_acq-3Taccel_T1w.nii.gz,1,CN,bids_adni_go2
037_S_4432,m03,2012-04-25,/project/rrg-mchakrav-ab/moncia/ADNI/bids_adni_go2/sub-037S4432/ses-m03/anat/sub-037S4432_ses-m03_acq-3Taccel_T1w.nii.gz,2,MCI,bids_adni_go2
037_S_4432,m24,2014-01-24,/project/rrg-mchakrav-ab/moncia/ADNI/bids_adni_go2/sub-037S4432/ses-m24/anat/sub-037S4432_ses-m24_acq-3Taccel_T1w.nii.gz,3,Dementia,bids_adni_go2
037_S_4706,m03,2012-07-30,/project/rrg-mchakrav-ab/moncia/ADNI/bids_adni_go2/sub-037S4706/ses-m03/anat/sub-037S4706_ses-m03_acq-3Taccel_T1w.nii.gz,2,MCI,bids_adni_go2
037_S_4706,m06,2012-10-29,/project/rrg-mchakrav-ab/moncia/ADNI/bids_adni_go2/sub-037S4706/ses-m06/anat/sub-037S4706_ses-m06_acq-3Taccel_T1w.nii.gz,2,MCI,bids_adni_go2
037_S_4706,m12,2013-04-30,/project/rrg-mchakrav-ab/moncia/ADNI/bids_adni_go2/sub-037S4706/ses-m12/anat/sub-037S4706_ses-m12_acq-3Taccel_T1w.nii.gz,3,Dementia,bids_adni_go2
037_S_4706,m24,2014-04-30,/project/rrg-mchakrav-ab/moncia/ADNI/bids_adni_go2/sub-037S4706/ses-m24/anat/sub-037S4706_ses-m24_acq-3Taccel_T1w.nii.gz,2,MCI,bids_adni_go2
037_S_4706,m48,2016-04-30,/project/rrg-mchakrav-ab/moncia/ADNI/bids_adni_go2/sub-037S4706/ses-m48/anat/sub-037S4706_ses-m48_acq-3Taccel_T1w.nii.gz,1,CN,bids_adni_go2
037_S_4706,m66,2017-10-30,/project/rrg-mchakrav-ab/moncia/ADNI/bids_adni3/sub-037S4706/ses-m66/anat/sub-037S4706_ses-m66_acq-3T_T1w.nii.gz,2,MCI,bids_adni3
037_S_4706,m90,2019-10-30,/project/rrg-mchakrav-ab/moncia/ADNI/bids_adni3/sub-037S4706/ses-m90/anat/sub-037S4706_ses-m90_acq-3T_T1w.nii.gz,2,MCI,bids_adni3
037_S_4706,m102,2020-10-29,/project/rrg-mchakrav-ab/moncia/ADNI/bids_adni3/sub-037S4706/ses-m102/anat/sub-037S4706_ses-m102_acq-3T_T1w.nii.gz,2,MCI,bids_adni3
037_S_4750,m03,2012-09-03,/project/rrg-mchakrav-ab/moncia/ADNI/bids_adni_go2/sub-037S4750/ses-m03/anat/sub-037S4750_ses-m03_acq-3Taccel_T1w.nii.gz,2,MCI,bids_adni_go2
037_S_4750,m06,2012-12-03,/project/rrg-mchakrav-ab/moncia/ADNI/bids_adni_go2/sub-037S4750/ses-m06/anat/sub-037S4750_ses-m06_acq-3Taccel_T1w.nii.gz,2,MCI,bids_adni_go2
037_S_4750,m12,2013-06-04,/project/rrg-mchakrav-ab/moncia/ADNI/bids_adni_go2/sub-037S4750/ses-m12/anat/sub-037S4750_ses-m12_acq-3Taccel_T1w.nii.gz,1,CN,bids_adni_go2
037_S_4750,m24,2014-06-04,/project/rrg-mchakrav-ab/moncia/ADNI/bids_adni_go2/sub-037S4750/ses-m24/anat/sub-037S4750_ses-m24_acq-3Taccel_T1w.nii.gz,1,CN,bids_adni_go2
037_S_6083,sc,2017-10-05,/project/rrg-mchakrav-ab/moncia/ADNI/bids_adni3/sub-037S6083/ses-sc/anat/sub-037S6083_ses-sc_acq-3T_T1w.nii.gz,2,MCI,bids_adni3
037_S_6083,m12,2018-10-05,/project/rrg-mchakrav-ab/moncia/ADNI/bids_adni3/sub-037S6083/ses-m12/anat/sub-037S6083_ses-m12_acq-3T_T1w.nii.gz,2,MCI,bids_adni3
037_S_6083,m24,2019-10-05,/project/rrg-mchakrav-ab/moncia/ADNI/bids_adni3/sub-037S6083/ses-m24/anat/sub-037S6083_ses-m24_acq-3T_T1w.nii.gz,2,MCI,bids_adni3
037_S_6125,sc,2017-11-15,/project/rrg-mchakrav-ab/moncia/ADNI/bids_adni3/sub-037S6125/ses-sc/anat/sub-037S6125_ses-sc_acq-3T_T1w.nii.gz,2,MCI,bids_adni3
037_S_6125,m12,2018-11-15,/project/rrg-mchakrav-ab/moncia/ADNI/bids_adni3/sub-037S6125/ses-m12/anat/sub-037S6125_ses-m12_acq-3T_T1w.nii.gz,1,CN,bids_adni3
037_S_6125,m36,2020-11-14,/project/rrg-mchakrav-ab/moncia/ADNI/bids_adni3/sub-037S6125/ses-m36/anat/sub-037S6125_ses-m36_acq-3T_T1w.nii.gz,1,CN,bids_adni3
037_S_6222,sc,2018-05-02,/project/rrg-mchakrav-ab/moncia/ADNI/bids_adni3/sub-037S6222/ses-sc/anat/sub-037S6222_ses-sc_acq-3T_T1w.nii.gz,2,MCI,bids_adni3
037_S_6222,m12,2019-05-02,/project/rrg-mchakrav-ab/moncia/ADNI/bids_adni3/sub-037S6222/ses-m12/anat/sub-037S6222_ses-m12_acq-3T_T1w.nii.gz,2,MCI,bids_adni3
037_S_6222,m30,2020-10-31,/project/rrg-mchakrav-ab/moncia/ADNI/bids_adni3/sub-037S6222/ses-m30/anat/sub-037S6222_ses-m30_acq-3T_T1w.nii.gz,3,Dementia,bids_adni3
037_S_6222,m36,2021-05-01,/project/rrg-mchakrav-ab/moncia/ADNI/bids_adni3/sub-037S6222/ses-m36/anat/sub-037S6222_ses-m36_acq-3T_T1w.nii.gz,2,MCI,bids_adni3
041_S_0282,m06,2007-01-09,/project/rrg-mchakrav-ab/moncia/ADNI/bids_adni1/sub-041S0282/ses-m06/anat/sub-041S0282_ses-m06_acq-15T_T1w.nii.gz,2,MCI,bids_adni1
041_S_0282,m12,2007-07-11,/project/rrg-mchakrav-ab/moncia/ADNI/bids_adni1/sub-041S0282/ses-m12/anat/sub-041S0282_ses-m12_acq-15T_T1w.nii.gz,2,MCI,bids_adni1
041_S_0282,m18,2008-01-09,/project/rrg-mchakrav-ab/moncia/ADNI/bids_adni1/sub-041S0282/ses-m18/anat/sub-041S0282_ses-m18_acq-15T_T1w.nii.gz,2,MCI,bids_adni1
041_S_0314,sc,2006-05-08,/project/rrg-mchakrav-ab/moncia/ADNI/bids_adni1/sub-041S0314/ses-sc/anat/sub-041S0314_ses-sc_acq-15T_T1w.nii.gz,2,MCI,bids_adni1
041_S_0314,m06,2006-11-06,/project/rrg-mchakrav-ab/moncia/ADNI/bids_adni1/sub-041S0314/ses-m06/anat/sub-041S0314_ses-m06_acq-15T_T1w.nii.gz,2,MCI,bids_adni1
041_S_0314,m12,2007-05-08,/project/rrg-mchakrav-ab/moncia/ADNI/bids_adni1/sub-041S0314/ses-m12/anat/sub-041S0314_ses-m12_acq-15T_T1w.nii.gz,2,MCI,bids_adni1
041_S_0314,m18,2007-11-06,/project/rrg-mchakrav-ab/moncia/ADNI/bids_adni1/sub-041S0314/ses-m18/anat/sub-041S0314_ses-m18_acq-15T_T1w.nii.gz,2,MCI,bids_adni1
041_S_0314,m24,2008-05-07,/project/rrg-mchakrav-ab/moncia/ADNI/bids_adni1/sub-041S0314/ses-m24/anat/sub-041S0314_ses-m24_acq-15T_T1w.nii.gz,2,MCI,bids_adni1
041_S_0314,m36,2009-05-07,/project/rrg-mchakrav-ab/moncia/ADNI/bids_adni1/sub-041S0314/ses-m36/anat/sub-041S0314_ses-m36_acq-15T_T1w.nii.gz,3,Dementia,bids_adni1
041_S_0314,m48,2010-05-08,/project/rrg-mchakrav-ab/moncia/ADNI/bids_adni1/sub-041S0314/ses-m48/anat/sub-041S0314_ses-m48_acq-15T_T1w.nii.gz,3,Dementia,bids_adni1
041_S_0679,sc,2006-08-04,/project/rrg-mchakrav-ab/moncia/ADNI/bids_adni1/sub-041S0679/ses-sc/anat/sub-041S0679_ses-sc_acq-15T_T1w.nii.gz,2,MCI,bids_adni1
041_S_0679,m06,2007-02-02,/project/rrg-mchakrav-ab/moncia/ADNI/bids_adni1/sub-041S0679/ses-m06/anat/sub-041S0679_ses-m06_acq-15T_T1w.nii.gz,2,MCI,bids_adni1
041_S_0679,m12,2007-08-04,/project/rrg-mchakrav-ab/moncia/ADNI/bids_adni1/sub-041S0679/ses-m12/anat/sub-041S0679_ses-m12_acq-15T_T1w.nii.gz,2,MCI,bids_adni1
041_S_0679,m24,2008-08-03,/project/rrg-mchakrav-ab/moncia/ADNI/bids_adni1/sub-041S0679/ses-m24/anat/sub-041S0679_ses-m24_acq-15T_T1w.nii.gz,2,MCI,bids_adni1
041_S_0679,m48,2010-08-04,/project/rrg-mchakrav-ab/moncia/ADNI/bids_adni1/sub-041S0679/ses-m48/anat/sub-041S0679_ses-m48_acq-15T_T1w.nii.gz,2,MCI,bids_adni1
041_S_0679,m132,2017-08-04,/project/rrg-mchakrav-ab/moncia/ADNI/bids_adni3/sub-041S0679/ses-m132/anat/sub-041S0679_ses-m132_acq-3T_T1w.nii.gz,1,CN,bids_adni3
041_S_0679,m144,2018-08-04,/project/rrg-mchakrav-ab/moncia/ADNI/bids_adni3/sub-041S0679/ses-m144/anat/sub-041S0679_ses-m144_acq-3T_T1w.nii.gz,1,CN,bids_adni3
041_S_0679,m150,2019-02-03,/project/rrg-mchakrav-ab/moncia/ADNI/bids_adni3/sub-041S0679/ses-m150/anat/sub-041S0679_ses-m150_acq-3T_T1w.nii.gz,1,CN,bids_adni3
041_S_0679,m186,2022-02-02,/project/rrg-mchakrav-ab/moncia/ADNI/bids_adni3/sub-041S0679/ses-m186/anat/sub-041S0679_ses-m186_acq-3T_T1w.nii.gz,1,CN,bids_adni3
041_S_1010,sc,2007-02-07,/project/rrg-mchakrav-ab/moncia/ADNI/bids_adni1/sub-041S1010/ses-sc/anat/sub-041S1010_ses-sc_acq-15T_T1w.nii.gz,2,MCI,bids_adni1
041_S_1010,m06,2007-08-08,/project/rrg-mchakrav-ab/moncia/ADNI/bids_adni1/sub-041S1010/ses-m06/anat/sub-041S1010_ses-m06_acq-15T_T1w.nii.gz,2,MCI,bids_adni1
041_S_1010,m12,2008-02-07,/project/rrg-mchakrav-ab/moncia/ADNI/bids_adni1/sub-041S1010/ses-m12/anat/sub-041S1010_ses-m12_acq-15T_T1w.nii.gz,2,MCI,bids_adni1
041_S_1010,m18,2008-08-07,/project/rrg-mchakrav-ab/moncia/ADNI/bids_adni1/sub-041S1010/ses-m18/anat/sub-041S1010_ses-m18_acq-15T_T1w.nii.gz,2,MCI,bids_adni1
041_S_1010,m24,2009-02-06,/project/rrg-mchakrav-ab/moncia/ADNI/bids_adni1/sub-041S1010/ses-m24/anat/sub-041S1010_ses-m24_acq-15T_T1w.nii.gz,3,Dementia,bids_adni1
041_S_1010,m36,2010-02-06,/project/rrg-mchakrav-ab/moncia/ADNI/bids_adni1/sub-041S1010/ses-m36/anat/sub-041S1010_ses-m36_acq-15T_T1w.nii.gz,3,Dementia,bids_adni1
041_S_1260,sc,2007-03-01,/project/rrg-mchakrav-ab/moncia/ADNI/bids_adni1/sub-041S1260/ses-sc/anat/sub-041S1260_ses-sc_acq-15T_T1w.nii.gz,2,MCI,bids_adni1
041_S_1260,m12,2008-02-29,/project/rrg-mchakrav-ab/moncia/ADNI/bids_adni1/sub-041S1260/ses-m12/anat/sub-041S1260_ses-m12_acq-15T_T1w.nii.gz,2,MCI,bids_adni1
041_S_1260,m18,2008-08-29,/project/rrg-mchakrav-ab/moncia/ADNI/bids_adni1/sub-041S1260/ses-m18/anat/sub-041S1260_ses-m18_acq-15T_T1w.nii.gz,2,MCI,bids_adni1
041_S_1260,m24,2009-02-28,/project/rrg-mchakrav-ab/moncia/ADNI/bids_adni1/sub-041S1260/ses-m24/anat/sub-041S1260_ses-m24_acq-15T_T1w.nii.gz,2,MCI,bids_adni1
041_S_1260,m36,2010-02-28,/project/rrg-mchakrav-ab/moncia/ADNI/bids_adni1/sub-041S1260/ses-m36/anat/sub-041S1260_ses-m36_acq-15T_T1w.nii.gz,2,MCI,bids_adni1
041_S_1418,sc,2007-08-14,/project/rrg-mchakrav-ab/moncia/ADNI/bids_adni1/sub-041S1418/ses-sc/anat/sub-041S1418_ses-sc_acq-15T_T1w.nii.gz,2,MCI,bids_adni1
041_S_1418,m06,2008-02-12,/project/rrg-mchakrav-ab/moncia/ADNI/bids_adni1/sub-041S1418/ses-m06/anat/sub-041S1418_ses-m06_acq-15T_T1w.nii.gz,2,MCI,bids_adni1
041_S_1418,m12,2008-08-13,/project/rrg-mchakrav-ab/moncia/ADNI/bids_adni1/sub-041S1418/ses-m12/anat/sub-041S1418_ses-m12_acq-15T_T1w.nii.gz,2,MCI,bids_adni1
041_S_1418,m18,2009-02-11,/project/rrg-mchakrav-ab/moncia/ADNI/bids_adni1/sub-041S1418/ses-m18/anat/sub-041S1418_ses-m18_acq-15T_T1w.nii.gz,2,MCI,bids_adni1
041_S_1418,m24,2009-08-13,/project/rrg-mchakrav-ab/moncia/ADNI/bids_adni1/sub-041S1418/ses-m24/anat/sub-041S1418_ses-m24_acq-15T_T1w.nii.gz,2,MCI,bids_adni1
041_S_1418,m36,2010-08-13,/project/rrg-mchakrav-ab/moncia/ADNI/bids_adni1/sub-041S1418/ses-m36/anat/sub-041S1418_ses-m36_acq-15T_T1w.nii.gz,2,MCI,bids_adni1
041_S_1418,m96,2015-08-14,/project/rrg-mchakrav-ab/moncia/ADNI/bids_adni_go2/sub-041S1418/ses-m96/anat/sub-041S1418_ses-m96_acq-3Taccel_T1w.nii.gz,2,MCI,bids_adni_go2
041_S_1418,m120,2017-08-13,/project/rrg-mchakrav-ab/moncia/ADNI/bids_adni3/sub-041S1418/ses-m120/anat/sub-041S1418_ses-m120_acq-3T_T1w.nii.gz,2,MCI,bids_adni3
041_S_1418,m132,2018-08-14,/project/rrg-mchakrav-ab/moncia/ADNI/bids_adni3/sub-041S1418/ses-m132/anat/sub-041S1418_ses-m132_acq-3T_T1w.nii.gz,2,MCI,bids_adni3
041_S_1418,m144,2019-08-14,/project/rrg-mchakrav-ab/moncia/ADNI/bids_adni3/sub-041S1418/ses-m144/anat/sub-041S1418_ses-m144_acq-3T_T1w.nii.gz,2,MCI,bids_adni3
041_S_1425,sc,2007-08-17,/project/rrg-mchakrav-ab/moncia/ADNI/bids_adni1/sub-041S1425/ses-sc/anat/sub-041S1425_ses-sc_acq-15T_T1w.nii.gz,2,MCI,bids_adni1
041_S_1425,m06,2008-02-15,/project/rrg-mchakrav-ab/moncia/ADNI/bids_adni1/sub-041S1425/ses-m06/anat/sub-041S1425_ses-m06_acq-15T_T1w.nii.gz,2,MCI,bids_adni1
041_S_1425,m12,2008-08-16,/project/rrg-mchakrav-ab/moncia/ADNI/bids_adni1/sub-041S1425/ses-m12/anat/sub-041S1425_ses-m12_acq-15T_T1w.nii.gz,2,MCI,bids_adni1
041_S_1425,m18,2009-02-14,/project/rrg-mchakrav-ab/moncia/ADNI/bids_adni1/sub-041S1425/ses-m18/anat/sub-041S1425_ses-m18_acq-15T_T1w.nii.gz,2,MCI,bids_adni1
041_S_1425,m24,2009-08-16,/project/rrg-mchakrav-ab/moncia/ADNI/bids_adni1/sub-041S1425/ses-m24/anat/sub-041S1425_ses-m24_acq-15T_T1w.nii.gz,2,MCI,bids_adni1
041_S_1425,m36,2010-08-16,/project/rrg-mchakrav-ab/moncia/ADNI/bids_adni1/sub-041S1425/ses-m36/anat/sub-041S1425_ses-m36_acq-15T_T1w.nii.gz,3,Dementia,bids_adni1
041_S_4004,m03,2011-06-28,/project/rrg-mchakrav-ab/moncia/ADNI/bids_adni_go2/sub-041S4004/ses-m03/anat/sub-041S4004_ses-m03_acq-3Taccel_T1w.nii.gz,2,MCI,bids_adni_go2
041_S_4004,m06,2011-09-27,/project/rrg-mchakrav-ab/moncia/ADNI/bids_adni_go2/sub-041S4004/ses-m06/anat/sub-041S4004_ses-m06_acq-3Taccel_T1w.nii.gz,2,MCI,bids_adni_go2
041_S_4004,m12,2012-03-28,/project/rrg-mchakrav-ab/moncia/ADNI/bids_adni_go2/sub-041S4004/ses-m12/anat/sub-041S4004_ses-m12_acq-3Taccel_T1w.nii.gz,2,MCI,bids_adni_go2
041_S_4004,m24,2013-03-28,/project/rrg-mchakrav-ab/moncia/ADNI/bids_adni_go2/sub-041S4004/ses-m24/anat/sub-041S4004_ses-m24_acq-3Taccel_T1w.nii.gz,2,MCI,bids_adni_go2
041_S_4004,m36,2014-03-28,/project/rrg-mchakrav-ab/moncia/ADNI/bids_adni_go2/sub-041S4004/ses-m36/anat/sub-041S4004_ses-m36_acq-3Taccel_T1w.nii.gz,2,MCI,bids_adni_go2
041_S_4004,m48,2015-03-29,/project/rrg-mchakrav-ab/moncia/ADNI/bids_adni_go2/sub-041S4004/ses-m48/anat/sub-041S4004_ses-m48_acq-3Taccel_T1w.nii.gz,2,MCI,bids_adni_go2
041_S_4051,m03,2011-08-22,/project/rrg-mchakrav-ab/moncia/ADNI/bids_adni_go2/sub-041S4051/ses-m03/anat/sub-041S4051_ses-m03_acq-3Taccel_T1w.nii.gz,2,MCI,bids_adni_go2
041_S_4051,m06,2011-11-21,/project/rrg-mchakrav-ab/moncia/ADNI/bids_adni_go2/sub-041S4051/ses-m06/anat/sub-041S4051_ses-m06_acq-3Taccel_T1w.nii.gz,2,MCI,bids_adni_go2
041_S_4051,m12,2012-05-22,/project/rrg-mchakrav-ab/moncia/ADNI/bids_adni_go2/sub-041S4051/ses-m12/anat/sub-041S4051_ses-m12_acq-3Taccel_T1w.nii.gz,2,MCI,bids_adni_go2
041_S_4051,m24,2013-05-22,/project/rrg-mchakrav-ab/moncia/ADNI/bids_adni_go2/sub-041S4051/ses-m24/anat/sub-041S4051_ses-m24_acq-3Taccel_T1w.nii.gz,2,MCI,bids_adni_go2
041_S_4051,m48,2015-05-23,/project/rrg-mchakrav-ab/moncia/ADNI/bids_adni_go2/sub-041S4051/ses-m48/anat/sub-041S4051_ses-m48_acq-3Taccel_T1w.nii.gz,2,MCI,bids_adni_go2
041_S_4051,m72,2017-05-22,/project/rrg-mchakrav-ab/moncia/ADNI/bids_adni3/sub-041S4051/ses-m72/anat/sub-041S4051_ses-m72_acq-3T_T1w.nii.gz,1,CN,bids_adni3
041_S_4051,m96,2019-05-23,/project/rrg-mchakrav-ab/moncia/ADNI/bids_adni3/sub-041S4051/ses-m96/anat/sub-041S4051_ses-m96_acq-3T_T1w.nii.gz,1,CN,bids_adni3
041_S_4138,m03,2011-10-19,/project/rrg-mchakrav-ab/moncia/ADNI/bids_adni_go2/sub-041S4138/ses-m03/anat/sub-041S4138_ses-m03_acq-3Taccel_T1w.nii.gz,2,MCI,bids_adni_go2
041_S_4138,m06,2012-01-18,/project/rrg-mchakrav-ab/moncia/ADNI/bids_adni_go2/sub-041S4138/ses-m06/anat/sub-041S4138_ses-m06_acq-3Taccel_T1w.nii.gz,2,MCI,bids_adni_go2
041_S_4138,m12,2012-07-19,/project/rrg-mchakrav-ab/moncia/ADNI/bids_adni_go2/sub-041S4138/ses-m12/anat/sub-041S4138_ses-m12_acq-3Taccel_T1w.nii.gz,2,MCI,bids_adni_go2
041_S_4138,m24,2013-07-19,/project/rrg-mchakrav-ab/moncia/ADNI/bids_adni_go2/sub-041S4138/ses-m24/anat/sub-041S4138_ses-m24_acq-3Taccel_T1w.nii.gz,2,MCI,bids_adni_go2
041_S_4138,m48,2015-07-20,/project/rrg-mchakrav-ab/moncia/ADNI/bids_adni_go2/sub-041S4138/ses-m48/anat/sub-041S4138_ses-m48_acq-3Taccel_T1w.nii.gz,2,MCI,bids_adni_go2
041_S_4143,m03,2011-10-25,/project/rrg-mchakrav-ab/moncia/ADNI/bids_adni_go2/sub-041S4143/ses-m03/anat/sub-041S4143_ses-m03_acq-3Taccel_T1w.nii.gz,2,MCI,bids_adni_go2
041_S_4143,m06,2012-01-24,/project/rrg-mchakrav-ab/moncia/ADNI/bids_adni_go2/sub-041S4143/ses-m06/anat/sub-041S4143_ses-m06_acq-3Taccel_T1w.nii.gz,2,MCI,bids_adni_go2
041_S_4143,m12,2012-07-25,/project/rrg-mchakrav-ab/moncia/ADNI/bids_adni_go2/sub-041S4143/ses-m12/anat/sub-041S4143_ses-m12_acq-3Taccel_T1w.nii.gz,2,MCI,bids_adni_go2
041_S_4143,m24,2013-07-25,/project/rrg-mchakrav-ab/moncia/ADNI/bids_adni_go2/sub-041S4143/ses-m24/anat/sub-041S4143_ses-m24_acq-3Taccel_T1w.nii.gz,2,MCI,bids_adni_go2
041_S_4143,m48,2015-07-26,/project/rrg-mchakrav-ab/moncia/ADNI/bids_adni_go2/sub-041S4143/ses-m48/anat/sub-041S4143_ses-m48_acq-3Taccel_T1w.nii.gz,2,MCI,bids_adni_go2
041_S_4143,m72,2017-07-25,/project/rrg-mchakrav-ab/moncia/ADNI/bids_adni3/sub-041S4143/ses-m72/anat/sub-041S4143_ses-m72_acq-3T_T1w.nii.gz,3,Dementia,bids_adni3
041_S_4143,m84,2018-07-25,/project/rrg-mchakrav-ab/moncia/ADNI/bids_adni3/sub-041S4143/ses-m84/anat/sub-041S4143_ses-m84_acq-3T_T1w.nii.gz,3,Dementia,bids_adni3
041_S_4271,m03,2011-12-28,/project/rrg-mchakrav-ab/moncia/ADNI/bids_adni_go2/sub-041S4271/ses-m03/anat/sub-041S4271_ses-m03_acq-3Taccel_T1w.nii.gz,2,MCI,bids_adni_go2
041_S_4271,m06,2012-03-28,/project/rrg-mchakrav-ab/moncia/ADNI/bids_adni_go2/sub-041S4271/ses-m06/anat/sub-041S4271_ses-m06_acq-3Taccel_T1w.nii.gz,2,MCI,bids_adni_go2
041_S_4271,m12,2012-09-27,/project/rrg-mchakrav-ab/moncia/ADNI/bids_adni_go2/sub-041S4271/ses-m12/anat/sub-041S4271_ses-m12_acq-3Taccel_T1w.nii.gz,2,MCI,bids_adni_go2
041_S_4271,m24,2013-09-27,/project/rrg-mchakrav-ab/moncia/ADNI/bids_adni_go2/sub-041S4271/ses-m24/anat/sub-041S4271_ses-m24_acq-3Taccel_T1w.nii.gz,2,MCI,bids_adni_go2
041_S_4271,m48,2015-09-28,/project/rrg-mchakrav-ab/moncia/ADNI/bids_adni_go2/sub-041S4271/ses-m48/anat/sub-041S4271_ses-m48_acq-3Taccel_T1w.nii.gz,2,MCI,bids_adni_go2
041_S_4271,m72,2017-09-27,/project/rrg-mchakrav-ab/moncia/ADNI/bids_adni3/sub-041S4271/ses-m72/anat/sub-041S4271_ses-m72_acq-3T_T1w.nii.gz,2,MCI,bids_adni3
041_S_4271,m84,2018-09-27,/project/rrg-mchakrav-ab/moncia/ADNI/bids_adni3/sub-041S4271/ses-m84/anat/sub-041S4271_ses-m84_acq-3T_T1w.nii.gz,2,MCI,bids_adni3
041_S_4271,m96,2019-09-28,/project/rrg-mchakrav-ab/moncia/ADNI/bids_adni3/sub-041S4271/ses-m96/anat/sub-041S4271_ses-m96_acq-3T_T1w.nii.gz,3,Dementia,bids_adni3
041_S_4510,m03,2012-05-07,/project/rrg-mchakrav-ab/moncia/ADNI/bids_adni_go2/sub-041S4510/ses-m03/anat/sub-041S4510_ses-m03_acq-3Taccel_T1w.nii.gz,2,MCI,bids_adni_go2
041_S_4510,m06,2012-08-06,/project/rrg-mchakrav-ab/moncia/ADNI/bids_adni_go2/sub-041S4510/ses-m06/anat/sub-041S4510_ses-m06_acq-3Taccel_T1w.nii.gz,2,MCI,bids_adni_go2
041_S_4510,m12,2013-02-05,/project/rrg-mchakrav-ab/moncia/ADNI/bids_adni_go2/sub-041S4510/ses-m12/anat/sub-041S4510_ses-m12_acq-3Taccel_T1w.nii.gz,2,MCI,bids_adni_go2
041_S_4510,m24,2014-02-05,/project/rrg-mchakrav-ab/moncia/ADNI/bids_adni_go2/sub-041S4510/ses-m24/anat/sub-041S4510_ses-m24_acq-3Taccel_T1w.nii.gz,2,MCI,bids_adni_go2
041_S_4510,m48,2016-02-06,/project/rrg-mchakrav-ab/moncia/ADNI/bids_adni_go2/sub-041S4510/ses-m48/anat/sub-041S4510_ses-m48_acq-3Taccel_T1w.nii.gz,2,MCI,bids_adni_go2
041_S_4510,m66,2017-08-07,/project/rrg-mchakrav-ab/moncia/ADNI/bids_adni3/sub-041S4510/ses-m66/anat/sub-041S4510_ses-m66_acq-3T_T1w.nii.gz,2,MCI,bids_adni3
041_S_4513,m03,2012-05-24,/project/rrg-mchakrav-ab/moncia/ADNI/bids_adni_go2/sub-041S4513/ses-m03/anat/sub-041S4513_ses-m03_acq-3Taccel_T1w.nii.gz,2,MCI,bids_adni_go2
041_S_4513,m06,2012-08-23,/project/rrg-mchakrav-ab/moncia/ADNI/bids_adni_go2/sub-041S4513/ses-m06/anat/sub-041S4513_ses-m06_acq-3Taccel_T1w.nii.gz,2,MCI,bids_adni_go2
041_S_4513,m12,2013-02-22,/project/rrg-mchakrav-ab/moncia/ADNI/bids_adni_go2/sub-041S4513/ses-m12/anat/sub-041S4513_ses-m12_acq-3Taccel_T1w.nii.gz,2,MCI,bids_adni_go2
041_S_4513,m24,2014-02-22,/project/rrg-mchakrav-ab/moncia/ADNI/bids_adni_go2/sub-041S4513/ses-m24/anat/sub-041S4513_ses-m24_acq-3Taccel_T1w.nii.gz,2,MCI,bids_adni_go2
041_S_4513,m48,2016-02-23,/project/rrg-mchakrav-ab/moncia/ADNI/bids_adni_go2/sub-041S4513/ses-m48/anat/sub-041S4513_ses-m48_acq-3Taccel_T1w.nii.gz,1,CN,bids_adni_go2
041_S_4513,m66,2017-08-24,/project/rrg-mchakrav-ab/moncia/ADNI/bids_adni3/sub-041S4513/ses-m66/anat/sub-041S4513_ses-m66_acq-3T_T1w.nii.gz,1,CN,bids_adni3
041_S_4513,m90,2019-08-24,/project/rrg-mchakrav-ab/moncia/ADNI/bids_adni3/sub-041S4513/ses-m90/anat/sub-041S4513_ses-m90_acq-3T_T1w.nii.gz,1,CN,bids_adni3
041_S_4513,m120,2022-02-22,/project/rrg-mchakrav-ab/moncia/ADNI/bids_adni3/sub-041S4513/ses-m120/anat/sub-041S4513_ses-m120_acq-3T_T1w.nii.gz,2,MCI,bids_adni3
041_S_4513,m132,2023-02-23,/project/rrg-mchakrav-ab/moncia/ADNI/bids_adni3/sub-041S4513/ses-m132/anat/sub-041S4513_ses-m132_acq-3T_T1w.nii.gz,2,MCI,bids_adni3
041_S_4629,m03,2012-07-12,/project/rrg-mchakrav-ab/moncia/ADNI/bids_adni_go2/sub-041S4629/ses-m03/anat/sub-041S4629_ses-m03_acq-3Taccel_T1w.nii.gz,2,MCI,bids_adni_go2
041_S_4629,m06,2012-10-11,/project/rrg-mchakrav-ab/moncia/ADNI/bids_adni_go2/sub-041S4629/ses-m06/anat/sub-041S4629_ses-m06_acq-3Taccel_T1w.nii.gz,2,MCI,bids_adni_go2
041_S_4629,m12,2013-04-12,/project/rrg-mchakrav-ab/moncia/ADNI/bids_adni_go2/sub-041S4629/ses-m12/anat/sub-041S4629_ses-m12_acq-3Taccel_T1w.nii.gz,2,MCI,bids_adni_go2
041_S_4720,m03,2012-08-02,/project/rrg-mchakrav-ab/moncia/ADNI/bids_adni_go2/sub-041S4720/ses-m03/anat/sub-041S4720_ses-m03_acq-3Taccel_T1w.nii.gz,2,MCI,bids_adni_go2
041_S_4720,m06,2012-11-01,/project/rrg-mchakrav-ab/moncia/ADNI/bids_adni_go2/sub-041S4720/ses-m06/anat/sub-041S4720_ses-m06_acq-3Taccel_T1w.nii.gz,2,MCI,bids_adni_go2
041_S_4720,m12,2013-05-03,/project/rrg-mchakrav-ab/moncia/ADNI/bids_adni_go2/sub-041S4720/ses-m12/anat/sub-041S4720_ses-m12_acq-3Taccel_T1w.nii.gz,2,MCI,bids_adni_go2
041_S_4720,m24,2014-05-03,/project/rrg-mchakrav-ab/moncia/ADNI/bids_adni_go2/sub-041S4720/ses-m24/anat/sub-041S4720_ses-m24_acq-3Taccel_T1w.nii.gz,2,MCI,bids_adni_go2
041_S_4874,m03,2012-10-29,/project/rrg-mchakrav-ab/moncia/ADNI/bids_adni_go2/sub-041S4874/ses-m03/anat/sub-041S4874_ses-m03_acq-3Taccel_T1w.nii.gz,2,MCI,bids_adni_go2
041_S_4874,m06,2013-01-28,/project/rrg-mchakrav-ab/moncia/ADNI/bids_adni_go2/sub-041S4874/ses-m06/anat/sub-041S4874_ses-m06_acq-3Taccel_T1w.nii.gz,2,MCI,bids_adni_go2
041_S_4874,m12,2013-07-30,/project/rrg-mchakrav-ab/moncia/ADNI/bids_adni_go2/sub-041S4874/ses-m12/anat/sub-041S4874_ses-m12_acq-3Taccel_T1w.nii.gz,2,MCI,bids_adni_go2
041_S_4874,m24,2014-07-30,/project/rrg-mchakrav-ab/moncia/ADNI/bids_adni_go2/sub-041S4874/ses-m24/anat/sub-041S4874_ses-m24_acq-3Taccel_T1w.nii.gz,2,MCI,bids_adni_go2
041_S_4874,m60,2017-07-30,/project/rrg-mchakrav-ab/moncia/ADNI/bids_adni3/sub-041S4874/ses-m60/anat/sub-041S4874_ses-m60_acq-3T_T1w.nii.gz,1,CN,bids_adni3
041_S_4874,m72,2018-07-30,/project/rrg-mchakrav-ab/moncia/ADNI/bids_adni3/sub-041S4874/ses-m72/anat/sub-041S4874_ses-m72_acq-3T_T1w.nii.gz,1,CN,bids_adni3
041_S_4874,m84,2019-07-30,/project/rrg-mchakrav-ab/moncia/ADNI/bids_adni3/sub-041S4874/ses-m84/anat/sub-041S4874_ses-m84_acq-3T_T1w.nii.gz,1,CN,bids_adni3
041_S_4874,m114,2022-01-29,/project/rrg-mchakrav-ab/moncia/ADNI/bids_adni3/sub-041S4874/ses-m114/anat/sub-041S4874_ses-m114_acq-3T_T1w.nii.gz,1,CN,bids_adni3
041_S_4876,m03,2012-11-07,/project/rrg-mchakrav-ab/moncia/ADNI/bids_adni_go2/sub-041S4876/ses-m03/anat/sub-041S4876_ses-m03_acq-3Taccel_T1w.nii.gz,2,MCI,bids_adni_go2
041_S_4876,m06,2013-02-06,/project/rrg-mchakrav-ab/moncia/ADNI/bids_adni_go2/sub-041S4876/ses-m06/anat/sub-041S4876_ses-m06_acq-3Taccel_T1w.nii.gz,2,MCI,bids_adni_go2
041_S_4876,m12,2013-08-08,/project/rrg-mchakrav-ab/moncia/ADNI/bids_adni_go2/sub-041S4876/ses-m12/anat/sub-041S4876_ses-m12_acq-3Taccel_T1w.nii.gz,2,MCI,bids_adni_go2
041_S_4876,m24,2014-08-08,/project/rrg-mchakrav-ab/moncia/ADNI/bids_adni_go2/sub-041S4876/ses-m24/anat/sub-041S4876_ses-m24_acq-3Taccel_T1w.nii.gz,2,MCI,bids_adni_go2
041_S_4876,m60,2017-08-08,/project/rrg-mchakrav-ab/moncia/ADNI/bids_adni3/sub-041S4876/ses-m60/anat/sub-041S4876_ses-m60_acq-3T_T1w.nii.gz,2,MCI,bids_adni3
041_S_4877,m03,2012-11-22,/project/rrg-mchakrav-ab/moncia/ADNI/bids_adni_go2/sub-041S4877/ses-m03/anat/sub-041S4877_ses-m03_acq-3Taccel_T1w.nii.gz,2,MCI,bids_adni_go2
041_S_4877,m06,2013-02-21,/project/rrg-mchakrav-ab/moncia/ADNI/bids_adni_go2/sub-041S4877/ses-m06/anat/sub-041S4877_ses-m06_acq-3Taccel_T1w.nii.gz,2,MCI,bids_adni_go2
041_S_4877,m12,2013-08-23,/project/rrg-mchakrav-ab/moncia/ADNI/bids_adni_go2/sub-041S4877/ses-m12/anat/sub-041S4877_ses-m12_acq-3Taccel_T1w.nii.gz,2,MCI,bids_adni_go2
041_S_4877,m24,2014-08-23,/project/rrg-mchakrav-ab/moncia/ADNI/bids_adni_go2/sub-041S4877/ses-m24/anat/sub-041S4877_ses-m24_acq-3Taccel_T1w.nii.gz,2,MCI,bids_adni_go2
041_S_4974,m03,2013-01-10,/project/rrg-mchakrav-ab/moncia/ADNI/bids_adni_go2/sub-041S4974/ses-m03/anat/sub-041S4974_ses-m03_acq-3Taccel_T1w.nii.gz,2,MCI,bids_adni_go2
041_S_4974,m06,2013-04-11,/project/rrg-mchakrav-ab/moncia/ADNI/bids_adni_go2/sub-041S4974/ses-m06/anat/sub-041S4974_ses-m06_acq-3Taccel_T1w.nii.gz,2,MCI,bids_adni_go2
041_S_4974,m12,2013-10-11,/project/rrg-mchakrav-ab/moncia/ADNI/bids_adni_go2/sub-041S4974/ses-m12/anat/sub-041S4974_ses-m12_acq-3Taccel_T1w.nii.gz,2,MCI,bids_adni_go2
041_S_4974,m24,2014-10-11,/project/rrg-mchakrav-ab/moncia/ADNI/bids_adni_go2/sub-041S4974/ses-m24/anat/sub-041S4974_ses-m24_acq-3Taccel_T1w.nii.gz,2,MCI,bids_adni_go2
041_S_4974,m60,2017-10-11,/project/rrg-mchakrav-ab/moncia/ADNI/bids_adni3/sub-041S4974/ses-m60/anat/sub-041S4974_ses-m60_acq-3T_T1w.nii.gz,3,Dementia,bids_adni3
041_S_4989,m03,2013-01-14,/project/rrg-mchakrav-ab/moncia/ADNI/bids_adni_go2/sub-041S4989/ses-m03/anat/sub-041S4989_ses-m03_acq-3Taccel_T1w.nii.gz,2,MCI,bids_adni_go2
041_S_4989,m06,2013-04-15,/project/rrg-mchakrav-ab/moncia/ADNI/bids_adni_go2/sub-041S4989/ses-m06/anat/sub-041S4989_ses-m06_acq-3Taccel_T1w.nii.gz,2,MCI,bids_adni_go2
041_S_4989,m12,2013-10-15,/project/rrg-mchakrav-ab/moncia/ADNI/bids_adni_go2/sub-041S4989/ses-m12/anat/sub-041S4989_ses-m12_acq-3Taccel_T1w.nii.gz,2,MCI,bids_adni_go2
041_S_4989,m24,2014-10-15,/project/rrg-mchakrav-ab/moncia/ADNI/bids_adni_go2/sub-041S4989/ses-m24/anat/sub-041S4989_ses-m24_acq-3Taccel_T1w.nii.gz,2,MCI,bids_adni_go2
041_S_5026,m03,2013-02-11,/project/rrg-mchakrav-ab/moncia/ADNI/bids_adni_go2/sub-041S5026/ses-m03/anat/sub-041S5026_ses-m03_acq-3Taccel_T1w.nii.gz,2,MCI,bids_adni_go2
041_S_5026,m06,2013-05-13,/project/rrg-mchakrav-ab/moncia/ADNI/bids_adni_go2/sub-041S5026/ses-m06/anat/sub-041S5026_ses-m06_acq-3Taccel_T1w.nii.gz,2,MCI,bids_adni_go2
041_S_5026,m12,2013-11-12,/project/rrg-mchakrav-ab/moncia/ADNI/bids_adni_go2/sub-041S5026/ses-m12/anat/sub-041S5026_ses-m12_acq-3Taccel_T1w.nii.gz,3,Dementia,bids_adni_go2
041_S_6731,sc,2019-05-16,/project/rrg-mchakrav-ab/moncia/ADNI/bids_adni3/sub-041S6731/ses-sc/anat/sub-041S6731_ses-sc_acq-3T_T1w.nii.gz,2,MCI,bids_adni3
041_S_6731,m12,2020-05-15,/project/rrg-mchakrav-ab/moncia/ADNI/bids_adni3/sub-041S6731/ses-m12/anat/sub-041S6731_ses-m12_acq-3T_T1w.nii.gz,2,MCI,bids_adni3
041_S_6731,m36,2022-05-15,/project/rrg-mchakrav-ab/moncia/ADNI/bids_adni3/sub-041S6731/ses-m36/anat/sub-041S6731_ses-m36_acq-3T_T1w.nii.gz,2,MCI,bids_adni3
041_S_6731,m48,2023-05-16,/project/rrg-mchakrav-ab/moncia/ADNI/bids_adni3/sub-041S6731/ses-m48/anat/sub-041S6731_ses-m48_acq-3T_T1w.nii.gz,3,Dementia,bids_adni3
051_S_1072,bl,2006-12-20,/project/rrg-mchakrav-ab/moncia/ADNI/bids_adni1/sub-051S1072/ses-bl/anat/sub-051S1072_ses-bl_acq-3T_T1w.nii.gz,2,MCI,bids_adni1
051_S_1072,sc,2006-12-20,/project/rrg-mchakrav-ab/moncia/ADNI/bids_adni1/sub-051S1072/ses-sc/anat/sub-051S1072_ses-sc_acq-15T_T1w.nii.gz,2,MCI,bids_adni1
051_S_1072,m06,2007-06-20,/project/rrg-mchakrav-ab/moncia/ADNI/bids_adni1/sub-051S1072/ses-m06/anat/sub-051S1072_ses-m06_acq-15T_T1w.nii.gz,2,MCI,bids_adni1
051_S_1072,m12,2007-12-20,/project/rrg-mchakrav-ab/moncia/ADNI/bids_adni1/sub-051S1072/ses-m12/anat/sub-051S1072_ses-m12_acq-3T_T1w.nii.gz,2,MCI,bids_adni1
051_S_1072,m18,2008-06-19,/project/rrg-mchakrav-ab/moncia/ADNI/bids_adni1/sub-051S1072/ses-m18/anat/sub-051S1072_ses-m18_acq-15T_T1w.nii.gz,2,MCI,bids_adni1
051_S_1072,m36,2009-12-19,/project/rrg-mchakrav-ab/moncia/ADNI/bids_adni1/sub-051S1072/ses-m36/anat/sub-051S1072_ses-m36_acq-15T_T1w.nii.gz,2,MCI,bids_adni1
051_S_1131,bl,2007-01-18,/project/rrg-mchakrav-ab/moncia/ADNI/bids_adni1/sub-051S1131/ses-bl/anat/sub-051S1131_ses-bl_acq-3T_T1w.nii.gz,2,MCI,bids_adni1
051_S_1131,sc,2007-01-18,/project/rrg-mchakrav-ab/moncia/ADNI/bids_adni1/sub-051S1131/ses-sc/anat/sub-051S1131_ses-sc_acq-15T_T1w.nii.gz,2,MCI,bids_adni1
051_S_1131,m06,2007-07-19,/project/rrg-mchakrav-ab/moncia/ADNI/bids_adni1/sub-051S1131/ses-m06/anat/sub-051S1131_ses-m06_acq-15T_T1w.nii.gz,2,MCI,bids_adni1
051_S_1131,m18,2008-07-18,/project/rrg-mchakrav-ab/moncia/ADNI/bids_adni1/sub-051S1131/ses-m18/anat/sub-051S1131_ses-m18_acq-15T_T1w.nii.gz,2,MCI,bids_adni1
051_S_1131,m24,2009-01-17,/project/rrg-mchakrav-ab/moncia/ADNI/bids_adni1/sub-051S1131/ses-m24/anat/sub-051S1131_ses-m24_acq-15T_T1w.nii.gz,2,MCI,bids_adni1
051_S_1131,m36,2010-01-17,/project/rrg-mchakrav-ab/moncia/ADNI/bids_adni1/sub-051S1131/ses-m36/anat/sub-051S1131_ses-m36_acq-15T_T1w.nii.gz,2,MCI,bids_adni1
051_S_1331,bl,2007-05-16,/project/rrg-mchakrav-ab/moncia/ADNI/bids_adni1/sub-051S1331/ses-bl/anat/sub-051S1331_ses-bl_acq-3T_T1w.nii.gz,2,MCI,bids_adni1
051_S_1331,sc,2007-05-16,/project/rrg-mchakrav-ab/moncia/ADNI/bids_adni1/sub-051S1331/ses-sc/anat/sub-051S1331_ses-sc_acq-15T_T1w.nii.gz,2,MCI,bids_adni1
051_S_1331,m12,2008-05-15,/project/rrg-mchakrav-ab/moncia/ADNI/bids_adni1/sub-051S1331/ses-m12/anat/sub-051S1331_ses-m12_acq-15T_T1w.nii.gz,3,Dementia,bids_adni1
051_S_1331,m18,2008-11-13,/project/rrg-mchakrav-ab/moncia/ADNI/bids_adni1/sub-051S1331/ses-m18/anat/sub-051S1331_ses-m18_acq-15T_T1w.nii.gz,3,Dementia,bids_adni1
051_S_1331,m24,2009-05-15,/project/rrg-mchakrav-ab/moncia/ADNI/bids_adni1/sub-051S1331/ses-m24/anat/sub-051S1331_ses-m24_acq-3T_T1w.nii.gz,3,Dementia,bids_adni1
051_S_4929,m03,2012-11-29,/project/rrg-mchakrav-ab/moncia/ADNI/bids_adni_go2/sub-051S4929/ses-m03/anat/sub-051S4929_ses-m03_acq-3Taccel_T1w.nii.gz,2,MCI,bids_adni_go2
051_S_4929,m06,2013-02-28,/project/rrg-mchakrav-ab/moncia/ADNI/bids_adni_go2/sub-051S4929/ses-m06/anat/sub-051S4929_ses-m06_acq-3Taccel_T1w.nii.gz,2,MCI,bids_adni_go2
051_S_4929,m12,2013-08-30,/project/rrg-mchakrav-ab/moncia/ADNI/bids_adni_go2/sub-051S4929/ses-m12/anat/sub-051S4929_ses-m12_acq-3Taccel_T1w.nii.gz,2,MCI,bids_adni_go2
051_S_4929,m24,2014-08-30,/project/rrg-mchakrav-ab/moncia/ADNI/bids_adni_go2/sub-051S4929/ses-m24/anat/sub-051S4929_ses-m24_acq-3Taccel_T1w.nii.gz,3,Dementia,bids_adni_go2
052_S_0671,sc,2006-07-05,/project/rrg-mchakrav-ab/moncia/ADNI/bids_adni1/sub-052S0671/ses-sc/anat/sub-052S0671_ses-sc_acq-15T_T1w.nii.gz,2,MCI,bids_adni1
052_S_0671,m06,2007-01-03,/project/rrg-mchakrav-ab/moncia/ADNI/bids_adni1/sub-052S0671/ses-m06/anat/sub-052S0671_ses-m06_acq-15T_T1w.nii.gz,2,MCI,bids_adni1
052_S_0671,m12,2007-07-05,/project/rrg-mchakrav-ab/moncia/ADNI/bids_adni1/sub-052S0671/ses-m12/anat/sub-052S0671_ses-m12_acq-15T_T1w.nii.gz,2,MCI,bids_adni1
052_S_0671,m18,2008-01-03,/project/rrg-mchakrav-ab/moncia/ADNI/bids_adni1/sub-052S0671/ses-m18/anat/sub-052S0671_ses-m18_acq-15T_T1w.nii.gz,2,MCI,bids_adni1
052_S_0671,m24,2008-07-04,/project/rrg-mchakrav-ab/moncia/ADNI/bids_adni1/sub-052S0671/ses-m24/anat/sub-052S0671_ses-m24_acq-15T_T1w.nii.gz,2,MCI,bids_adni1
052_S_0671,m36,2009-07-04,/project/rrg-mchakrav-ab/moncia/ADNI/bids_adni1/sub-052S0671/ses-m36/anat/sub-052S0671_ses-m36_acq-15T_T1w.nii.gz,2,MCI,bids_adni1
052_S_0671,m108,2015-07-05,/project/rrg-mchakrav-ab/moncia/ADNI/bids_adni_go2/sub-052S0671/ses-m108/anat/sub-052S0671_ses-m108_acq-3Taccel_T1w.nii.gz,3,Dementia,bids_adni_go2
052_S_0952,sc,2006-11-17,/project/rrg-mchakrav-ab/moncia/ADNI/bids_adni1/sub-052S0952/ses-sc/anat/sub-052S0952_ses-sc_acq-15T_T1w.nii.gz,2,MCI,bids_adni1
052_S_0952,m06,2007-05-18,/project/rrg-mchakrav-ab/moncia/ADNI/bids_adni1/sub-052S0952/ses-m06/anat/sub-052S0952_ses-m06_acq-15T_T1w.nii.gz,2,MCI,bids_adni1
052_S_0952,m18,2008-05-17,/project/rrg-mchakrav-ab/moncia/ADNI/bids_adni1/sub-052S0952/ses-m18/anat/sub-052S0952_ses-m18_acq-15T_T1w.nii.gz,2,MCI,bids_adni1
052_S_0952,m24,2008-11-16,/project/rrg-mchakrav-ab/moncia/ADNI/bids_adni1/sub-052S0952/ses-m24/anat/sub-052S0952_ses-m24_acq-15T_T1w.nii.gz,3,Dementia,bids_adni1
052_S_0952,m36,2009-11-16,/project/rrg-mchakrav-ab/moncia/ADNI/bids_adni1/sub-052S0952/ses-m36/anat/sub-052S0952_ses-m36_acq-15T_T1w.nii.gz,3,Dementia,bids_adni1
052_S_0989,sc,2006-12-01,/project/rrg-mchakrav-ab/moncia/ADNI/bids_adni1/sub-052S0989/ses-sc/anat/sub-052S0989_ses-sc_acq-15T_T1w.nii.gz,2,MCI,bids_adni1
052_S_0989,m06,2007-06-01,/project/rrg-mchakrav-ab/moncia/ADNI/bids_adni1/sub-052S0989/ses-m06/anat/sub-052S0989_ses-m06_acq-15T_T1w.nii.gz,2,MCI,bids_adni1
052_S_0989,m18,2008-05-31,/project/rrg-mchakrav-ab/moncia/ADNI/bids_adni1/sub-052S0989/ses-m18/anat/sub-052S0989_ses-m18_acq-15T_T1w.nii.gz,2,MCI,bids_adni1
052_S_0989,m24,2008-11-30,/project/rrg-mchakrav-ab/moncia/ADNI/bids_adni1/sub-052S0989/ses-m24/anat/sub-052S0989_ses-m24_acq-15T_T1w.nii.gz,2,MCI,bids_adni1
052_S_0989,m36,2009-11-30,/project/rrg-mchakrav-ab/moncia/ADNI/bids_adni1/sub-052S0989/ses-m36/anat/sub-052S0989_ses-m36_acq-15T_T1w.nii.gz,2,MCI,bids_adni1
052_S_1054,sc,2007-02-27,/project/rrg-mchakrav-ab/moncia/ADNI/bids_adni1/sub-052S1054/ses-sc/anat/sub-052S1054_ses-sc_acq-15T_T1w.nii.gz,2,MCI,bids_adni1
052_S_1054,m06,2007-08-28,/project/rrg-mchakrav-ab/moncia/ADNI/bids_adni1/sub-052S1054/ses-m06/anat/sub-052S1054_ses-m06_acq-15T_T1w.nii.gz,2,MCI,bids_adni1
052_S_1054,m18,2008-08-27,/project/rrg-mchakrav-ab/moncia/ADNI/bids_adni1/sub-052S1054/ses-m18/anat/sub-052S1054_ses-m18_acq-15T_T1w.nii.gz,3,Dementia,bids_adni1
052_S_1054,m24,2009-02-26,/project/rrg-mchakrav-ab/moncia/ADNI/bids_adni1/sub-052S1054/ses-m24/anat/sub-052S1054_ses-m24_acq-15T_T1w.nii.gz,3,Dementia,bids_adni1
052_S_1168,sc,2006-12-21,/project/rrg-mchakrav-ab/moncia/ADNI/bids_adni1/sub-052S1168/ses-sc/anat/sub-052S1168_ses-sc_acq-15T_T1w.nii.gz,2,MCI,bids_adni1
052_S_1168,m18,2008-06-20,/project/rrg-mchakrav-ab/moncia/ADNI/bids_adni1/sub-052S1168/ses-m18/anat/sub-052S1168_ses-m18_acq-15T_T1w.nii.gz,2,MCI,bids_adni1
052_S_1168,m24,2008-12-20,/project/rrg-mchakrav-ab/moncia/ADNI/bids_adni1/sub-052S1168/ses-m24/anat/sub-052S1168_ses-m24_acq-15T_T1w.nii.gz,2,MCI,bids_adni1
052_S_1346,sc,2007-03-23,/project/rrg-mchakrav-ab/moncia/ADNI/bids_adni1/sub-052S1346/ses-sc/anat/sub-052S1346_ses-sc_acq-15T_T1w.nii.gz,2,MCI,bids_adni1
052_S_1346,m12,2008-03-22,/project/rrg-mchakrav-ab/moncia/ADNI/bids_adni1/sub-052S1346/ses-m12/anat/sub-052S1346_ses-m12_acq-15T_T1w.nii.gz,2,MCI,bids_adni1
052_S_1346,m18,2008-09-20,/project/rrg-mchakrav-ab/moncia/ADNI/bids_adni1/sub-052S1346/ses-m18/anat/sub-052S1346_ses-m18_acq-15T_T1w.nii.gz,2,MCI,bids_adni1
052_S_1346,m24,2009-03-22,/project/rrg-mchakrav-ab/moncia/ADNI/bids_adni1/sub-052S1346/ses-m24/anat/sub-052S1346_ses-m24_acq-15T_T1w.nii.gz,2,MCI,bids_adni1
052_S_1346,m36,2010-03-22,/project/rrg-mchakrav-ab/moncia/ADNI/bids_adni1/sub-052S1346/ses-m36/anat/sub-052S1346_ses-m36_acq-15T_T1w.nii.gz,2,MCI,bids_adni1
052_S_1346,m96,2015-03-23,/project/rrg-mchakrav-ab/moncia/ADNI/bids_adni_go2/sub-052S1346/ses-m96/anat/sub-052S1346_ses-m96_acq-3Taccel_T1w.nii.gz,3,Dementia,bids_adni_go2
052_S_1352,sc,2007-03-19,/project/rrg-mchakrav-ab/moncia/ADNI/bids_adni1/sub-052S1352/ses-sc/anat/sub-052S1352_ses-sc_acq-15T_T1w.nii.gz,2,MCI,bids_adni1
052_S_1352,m12,2008-03-18,/project/rrg-mchakrav-ab/moncia/ADNI/bids_adni1/sub-052S1352/ses-m12/anat/sub-052S1352_ses-m12_acq-15T_T1w.nii.gz,2,MCI,bids_adni1
052_S_1352,m18,2008-09-16,/project/rrg-mchakrav-ab/moncia/ADNI/bids_adni1/sub-052S1352/ses-m18/anat/sub-052S1352_ses-m18_acq-15T_T1w.nii.gz,2,MCI,bids_adni1
052_S_1352,m24,2009-03-18,/project/rrg-mchakrav-ab/moncia/ADNI/bids_adni1/sub-052S1352/ses-m24/anat/sub-052S1352_ses-m24_acq-15T_T1w.nii.gz,2,MCI,bids_adni1
052_S_1352,m36,2010-03-18,/project/rrg-mchakrav-ab/moncia/ADNI/bids_adni1/sub-052S1352/ses-m36/anat/sub-052S1352_ses-m36_acq-15T_T1w.nii.gz,1,CN,bids_adni1
052_S_1352,m96,2015-03-19,/project/rrg-mchakrav-ab/moncia/ADNI/bids_adni_go2/sub-052S1352/ses-m96/anat/sub-052S1352_ses-m96_acq-3Taccel_T1w.nii.gz,1,CN,bids_adni_go2
052_S_1352,m138,2018-09-17,/project/rrg-mchakrav-ab/moncia/ADNI/bids_adni3/sub-052S1352/ses-m138/anat/sub-052S1352_ses-m138_acq-3T_T1w.nii.gz,2,MCI,bids_adni3
052_S_2249,m03,2011-04-06,/project/rrg-mchakrav-ab/moncia/ADNI/bids_adni_go2/sub-052S2249/ses-m03/anat/sub-052S2249_ses-m03_acq-3Taccel_T1w.nii.gz,2,MCI,bids_adni_go2
052_S_2249,m06,2011-07-06,/project/rrg-mchakrav-ab/moncia/ADNI/bids_adni_go2/sub-052S2249/ses-m06/anat/sub-052S2249_ses-m06_acq-3Taccel_T1w.nii.gz,2,MCI,bids_adni_go2
052_S_2249,m12,2012-01-05,/project/rrg-mchakrav-ab/moncia/ADNI/bids_adni_go2/sub-052S2249/ses-m12/anat/sub-052S2249_ses-m12_acq-3Taccel_T1w.nii.gz,2,MCI,bids_adni_go2
052_S_2249,m24,2013-01-04,/project/rrg-mchakrav-ab/moncia/ADNI/bids_adni_go2/sub-052S2249/ses-m24/anat/sub-052S2249_ses-m24_acq-3Taccel_T1w.nii.gz,2,MCI,bids_adni_go2
052_S_2249,m48,2015-01-05,/project/rrg-mchakrav-ab/moncia/ADNI/bids_adni_go2/sub-052S2249/ses-m48/anat/sub-052S2249_ses-m48_acq-3Taccel_T1w.nii.gz,2,MCI,bids_adni_go2
052_S_2249,m90,2018-07-06,/project/rrg-mchakrav-ab/moncia/ADNI/bids_adni3/sub-052S2249/ses-m90/anat/sub-052S2249_ses-m90_acq-3T_T1w.nii.gz,2,MCI,bids_adni3
052_S_4626,m03,2012-06-19,/project/rrg-mchakrav-ab/moncia/ADNI/bids_adni_go2/sub-052S4626/ses-m03/anat/sub-052S4626_ses-m03_acq-3Taccel_T1w.nii.gz,2,MCI,bids_adni_go2
052_S_4626,m06,2012-09-18,/project/rrg-mchakrav-ab/moncia/ADNI/bids_adni_go2/sub-052S4626/ses-m06/anat/sub-052S4626_ses-m06_acq-3Taccel_T1w.nii.gz,2,MCI,bids_adni_go2
052_S_4626,m12,2013-03-20,/project/rrg-mchakrav-ab/moncia/ADNI/bids_adni_go2/sub-052S4626/ses-m12/anat/sub-052S4626_ses-m12_acq-3Taccel_T1w.nii.gz,2,MCI,bids_adni_go2
052_S_4626,m24,2014-03-20,/project/rrg-mchakrav-ab/moncia/ADNI/bids_adni_go2/sub-052S4626/ses-m24/anat/sub-052S4626_ses-m24_acq-3Taccel_T1w.nii.gz,2,MCI,bids_adni_go2
052_S_4626,m36,2015-03-20,/project/rrg-mchakrav-ab/moncia/ADNI/bids_adni_go2/sub-052S4626/ses-m36/anat/sub-052S4626_ses-m36_acq-3Taccel_T1w.nii.gz,2,MCI,bids_adni_go2
052_S_4807,m03,2012-09-28,/project/rrg-mchakrav-ab/moncia/ADNI/bids_adni_go2/sub-052S4807/ses-m03/anat/sub-052S4807_ses-m03_acq-3Taccel_T1w.nii.gz,2,MCI,bids_adni_go2
052_S_4807,m06,2012-12-28,/project/rrg-mchakrav-ab/moncia/ADNI/bids_adni_go2/sub-052S4807/ses-m06/anat/sub-052S4807_ses-m06_acq-3Taccel_T1w.nii.gz,2,MCI,bids_adni_go2
052_S_4807,m12,2013-06-29,/project/rrg-mchakrav-ab/moncia/ADNI/bids_adni_go2/sub-052S4807/ses-m12/anat/sub-052S4807_ses-m12_acq-3Taccel_T1w.nii.gz,2,MCI,bids_adni_go2
052_S_4807,m24,2014-06-29,/project/rrg-mchakrav-ab/moncia/ADNI/bids_adni_go2/sub-052S4807/ses-m24/anat/sub-052S4807_ses-m24_acq-3Taccel_T1w.nii.gz,2,MCI,bids_adni_go2
052_S_4807,m36,2015-06-29,/project/rrg-mchakrav-ab/moncia/ADNI/bids_adni_go2/sub-052S4807/ses-m36/anat/sub-052S4807_ses-m36_acq-3Taccel_T1w.nii.gz,3,Dementia,bids_adni_go2
052_S_4885,m03,2012-10-24,/project/rrg-mchakrav-ab/moncia/ADNI/bids_adni_go2/sub-052S4885/ses-m03/anat/sub-052S4885_ses-m03_acq-3Taccel_T1w.nii.gz,2,MCI,bids_adni_go2
052_S_4885,m06,2013-01-23,/project/rrg-mchakrav-ab/moncia/ADNI/bids_adni_go2/sub-052S4885/ses-m06/anat/sub-052S4885_ses-m06_acq-3Taccel_T1w.nii.gz,2,MCI,bids_adni_go2
052_S_4885,m12,2013-07-25,/project/rrg-mchakrav-ab/moncia/ADNI/bids_adni_go2/sub-052S4885/ses-m12/anat/sub-052S4885_ses-m12_acq-3Taccel_T1w.nii.gz,2,MCI,bids_adni_go2
052_S_4885,m24,2014-07-25,/project/rrg-mchakrav-ab/moncia/ADNI/bids_adni_go2/sub-052S4885/ses-m24/anat/sub-052S4885_ses-m24_acq-3Taccel_T1w.nii.gz,2,MCI,bids_adni_go2
052_S_4885,m48,2016-07-25,/project/rrg-mchakrav-ab/moncia/ADNI/bids_adni_go2/sub-052S4885/ses-m48/anat/sub-052S4885_ses-m48_acq-3Taccel_T1w.nii.gz,3,Dementia,bids_adni_go2
052_S_4944,m03,2013-01-15,/project/rrg-mchakrav-ab/moncia/ADNI/bids_adni_go2/sub-052S4944/ses-m03/anat/sub-052S4944_ses-m03_acq-3Taccel_T1w.nii.gz,2,MCI,bids_adni_go2
052_S_4944,m06,2013-04-16,/project/rrg-mchakrav-ab/moncia/ADNI/bids_adni_go2/sub-052S4944/ses-m06/anat/sub-052S4944_ses-m06_acq-3Taccel_T1w.nii.gz,2,MCI,bids_adni_go2
052_S_4944,m12,2013-10-16,/project/rrg-mchakrav-ab/moncia/ADNI/bids_adni_go2/sub-052S4944/ses-m12/anat/sub-052S4944_ses-m12_acq-3Taccel_T1w.nii.gz,2,MCI,bids_adni_go2
052_S_4944,m24,2014-10-16,/project/rrg-mchakrav-ab/moncia/ADNI/bids_adni_go2/sub-052S4944/ses-m24/anat/sub-052S4944_ses-m24_acq-3Taccel_T1w.nii.gz,2,MCI,bids_adni_go2
052_S_4944,m36,2015-10-16,/project/rrg-mchakrav-ab/moncia/ADNI/bids_adni_go2/sub-052S4944/ses-m36/anat/sub-052S4944_ses-m36_acq-3Taccel_T1w.nii.gz,2,MCI,bids_adni_go2
052_S_4944,m60,2017-10-16,/project/rrg-mchakrav-ab/moncia/ADNI/bids_adni3/sub-052S4944/ses-m60/anat/sub-052S4944_ses-m60_acq-3T_T1w.nii.gz,2,MCI,bids_adni3
052_S_4944,m78,2019-04-17,/project/rrg-mchakrav-ab/moncia/ADNI/bids_adni3/sub-052S4944/ses-m78/anat/sub-052S4944_ses-m78_acq-3T_T1w.nii.gz,2,MCI,bids_adni3
052_S_4945,m03,2013-01-17,/project/rrg-mchakrav-ab/moncia/ADNI/bids_adni_go2/sub-052S4945/ses-m03/anat/sub-052S4945_ses-m03_acq-3Taccel_T1w.nii.gz,2,MCI,bids_adni_go2
052_S_4945,m06,2013-04-18,/project/rrg-mchakrav-ab/moncia/ADNI/bids_adni_go2/sub-052S4945/ses-m06/anat/sub-052S4945_ses-m06_acq-3Taccel_T1w.nii.gz,2,MCI,bids_adni_go2
052_S_4945,m12,2013-10-18,/project/rrg-mchakrav-ab/moncia/ADNI/bids_adni_go2/sub-052S4945/ses-m12/anat/sub-052S4945_ses-m12_acq-3Taccel_T1w.nii.gz,2,MCI,bids_adni_go2
052_S_4945,m24,2014-10-18,/project/rrg-mchakrav-ab/moncia/ADNI/bids_adni_go2/sub-052S4945/ses-m24/anat/sub-052S4945_ses-m24_acq-3Taccel_T1w.nii.gz,3,Dementia,bids_adni_go2
053_S_0389,m06,2006-11-03,/project/rrg-mchakrav-ab/moncia/ADNI/bids_adni1/sub-053S0389/ses-m06/anat/sub-053S0389_ses-m06_acq-15T_T1w.nii.gz,2,MCI,bids_adni1
053_S_0389,m12,2007-05-05,/project/rrg-mchakrav-ab/moncia/ADNI/bids_adni1/sub-053S0389/ses-m12/anat/sub-053S0389_ses-m12_acq-15T_T1w.nii.gz,2,MCI,bids_adni1
053_S_0389,m24,2008-05-04,/project/rrg-mchakrav-ab/moncia/ADNI/bids_adni1/sub-053S0389/ses-m24/anat/sub-053S0389_ses-m24_acq-15T_T1w.nii.gz,2,MCI,bids_adni1
053_S_0389,m36,2009-05-04,/project/rrg-mchakrav-ab/moncia/ADNI/bids_adni1/sub-053S0389/ses-m36/anat/sub-053S0389_ses-m36_acq-15T_T1w.nii.gz,2,MCI,bids_adni1
053_S_0507,m06,2006-11-27,/project/rrg-mchakrav-ab/moncia/ADNI/bids_adni1/sub-053S0507/ses-m06/anat/sub-053S0507_ses-m06_acq-15T_T1w.nii.gz,2,MCI,bids_adni1
053_S_0507,m18,2007-11-27,/project/rrg-mchakrav-ab/moncia/ADNI/bids_adni1/sub-053S0507/ses-m18/anat/sub-053S0507_ses-m18_acq-3T_T1w.nii.gz,3,Dementia,bids_adni1
053_S_0507,m24,2008-05-28,/project/rrg-mchakrav-ab/moncia/ADNI/bids_adni1/sub-053S0507/ses-m24/anat/sub-053S0507_ses-m24_acq-15T_T1w.nii.gz,3,Dementia,bids_adni1
053_S_0507,m36,2009-05-28,/project/rrg-mchakrav-ab/moncia/ADNI/bids_adni1/sub-053S0507/ses-m36/anat/sub-053S0507_ses-m36_acq-15T_T1w.nii.gz,3,Dementia,bids_adni1
053_S_0621,sc,2006-06-26,/project/rrg-mchakrav-ab/moncia/ADNI/bids_adni1/sub-053S0621/ses-sc/anat/sub-053S0621_ses-sc_acq-15T_T1w.nii.gz,2,MCI,bids_adni1
053_S_0621,m06,2006-12-25,/project/rrg-mchakrav-ab/moncia/ADNI/bids_adni1/sub-053S0621/ses-m06/anat/sub-053S0621_ses-m06_acq-15T_T1w.nii.gz,2,MCI,bids_adni1
053_S_0621,m12,2007-06-26,/project/rrg-mchakrav-ab/moncia/ADNI/bids_adni1/sub-053S0621/ses-m12/anat/sub-053S0621_ses-m12_acq-15T_T1w.nii.gz,2,MCI,bids_adni1
053_S_0621,m18,2007-12-25,/project/rrg-mchakrav-ab/moncia/ADNI/bids_adni1/sub-053S0621/ses-m18/anat/sub-053S0621_ses-m18_acq-15T_T1w.nii.gz,2,MCI,bids_adni1
053_S_0621,m24,2008-06-25,/project/rrg-mchakrav-ab/moncia/ADNI/bids_adni1/sub-053S0621/ses-m24/anat/sub-053S0621_ses-m24_acq-15T_T1w.nii.gz,2,MCI,bids_adni1
053_S_0919,sc,2007-02-15,/project/rrg-mchakrav-ab/moncia/ADNI/bids_adni1/sub-053S0919/ses-sc/anat/sub-053S0919_ses-sc_acq-15T_T1w.nii.gz,2,MCI,bids_adni1
053_S_0919,m06,2007-08-16,/project/rrg-mchakrav-ab/moncia/ADNI/bids_adni1/sub-053S0919/ses-m06/anat/sub-053S0919_ses-m06_acq-15T_T1w.nii.gz,2,MCI,bids_adni1
053_S_0919,m18,2008-08-15,/project/rrg-mchakrav-ab/moncia/ADNI/bids_adni1/sub-053S0919/ses-m18/anat/sub-053S0919_ses-m18_acq-15T_T1w.nii.gz,2,MCI,bids_adni1
053_S_0919,m24,2009-02-14,/project/rrg-mchakrav-ab/moncia/ADNI/bids_adni1/sub-053S0919/ses-m24/anat/sub-053S0919_ses-m24_acq-15T_T1w.nii.gz,2,MCI,bids_adni1
053_S_0919,m36,2010-02-14,/project/rrg-mchakrav-ab/moncia/ADNI/bids_adni1/sub-053S0919/ses-m36/anat/sub-053S0919_ses-m36_acq-15T_T1w.nii.gz,2,MCI,bids_adni1
053_S_0919,m72,2013-02-14,/project/rrg-mchakrav-ab/moncia/ADNI/bids_adni_go2/sub-053S0919/ses-m72/anat/sub-053S0919_ses-m72_acq-3Taccel_T1w.nii.gz,2,MCI,bids_adni_go2
053_S_0919,m84,2014-02-14,/project/rrg-mchakrav-ab/moncia/ADNI/bids_adni_go2/sub-053S0919/ses-m84/anat/sub-053S0919_ses-m84_acq-3Taccel_T1w.nii.gz,2,MCI,bids_adni_go2
053_S_0919,m108,2016-02-15,/project/rrg-mchakrav-ab/moncia/ADNI/bids_adni_go2/sub-053S0919/ses-m108/anat/sub-053S0919_ses-m108_acq-3Taccel_T1w.nii.gz,2,MCI,bids_adni_go2
053_S_2357,m03,2011-08-09,/project/rrg-mchakrav-ab/moncia/ADNI/bids_adni_go2/sub-053S2357/ses-m03/anat/sub-053S2357_ses-m03_acq-3Taccel_T1w.nii.gz,2,MCI,bids_adni_go2
053_S_2357,m06,2011-11-08,/project/rrg-mchakrav-ab/moncia/ADNI/bids_adni_go2/sub-053S2357/ses-m06/anat/sub-053S2357_ses-m06_acq-3Taccel_T1w.nii.gz,2,MCI,bids_adni_go2
053_S_2357,m12,2012-05-09,/project/rrg-mchakrav-ab/moncia/ADNI/bids_adni_go2/sub-053S2357/ses-m12/anat/sub-053S2357_ses-m12_acq-3Taccel_T1w.nii.gz,2,MCI,bids_adni_go2
053_S_2357,m24,2013-05-09,/project/rrg-mchakrav-ab/moncia/ADNI/bids_adni_go2/sub-053S2357/ses-m24/anat/sub-053S2357_ses-m24_acq-3Taccel_T1w.nii.gz,2,MCI,bids_adni_go2
053_S_2357,m48,2015-05-10,/project/rrg-mchakrav-ab/moncia/ADNI/bids_adni_go2/sub-053S2357/ses-m48/anat/sub-053S2357_ses-m48_acq-3Taccel_T1w.nii.gz,2,MCI,bids_adni_go2
053_S_2396,m03,2011-11-29,/project/rrg-mchakrav-ab/moncia/ADNI/bids_adni_go2/sub-053S2396/ses-m03/anat/sub-053S2396_ses-m03_acq-3Taccel_T1w.nii.gz,2,MCI,bids_adni_go2
053_S_2396,m06,2012-02-28,/project/rrg-mchakrav-ab/moncia/ADNI/bids_adni_go2/sub-053S2396/ses-m06/anat/sub-053S2396_ses-m06_acq-3Taccel_T1w.nii.gz,2,MCI,bids_adni_go2
053_S_2396,m12,2012-08-29,/project/rrg-mchakrav-ab/moncia/ADNI/bids_adni_go2/sub-053S2396/ses-m12/anat/sub-053S2396_ses-m12_acq-3Taccel_T1w.nii.gz,2,MCI,bids_adni_go2
053_S_2396,m24,2013-08-29,/project/rrg-mchakrav-ab/moncia/ADNI/bids_adni_go2/sub-053S2396/ses-m24/anat/sub-053S2396_ses-m24_acq-3Taccel_T1w.nii.gz,2,MCI,bids_adni_go2
053_S_2396,m36,2014-08-29,/project/rrg-mchakrav-ab/moncia/ADNI/bids_adni_go2/sub-053S2396/ses-m36/anat/sub-053S2396_ses-m36_acq-3Taccel_T1w.nii.gz,2,MCI,bids_adni_go2
053_S_2396,m60,2016-08-29,/project/rrg-mchakrav-ab/moncia/ADNI/bids_adni_go2/sub-053S2396/ses-m60/anat/sub-053S2396_ses-m60_acq-3Taccel_T1w.nii.gz,2,MCI,bids_adni_go2
053_S_2396,m90,2019-02-28,/project/rrg-mchakrav-ab/moncia/ADNI/bids_adni3/sub-053S2396/ses-m90/anat/sub-053S2396_ses-m90_acq-3T_T1w.nii.gz,2,MCI,bids_adni3
053_S_4557,m03,2012-05-22,/project/rrg-mchakrav-ab/moncia/ADNI/bids_adni_go2/sub-053S4557/ses-m03/anat/sub-053S4557_ses-m03_acq-3Taccel_T1w.nii.gz,2,MCI,bids_adni_go2
053_S_4557,m06,2012-08-21,/project/rrg-mchakrav-ab/moncia/ADNI/bids_adni_go2/sub-053S4557/ses-m06/anat/sub-053S4557_ses-m06_acq-3Taccel_T1w.nii.gz,2,MCI,bids_adni_go2
053_S_4557,m12,2013-02-20,/project/rrg-mchakrav-ab/moncia/ADNI/bids_adni_go2/sub-053S4557/ses-m12/anat/sub-053S4557_ses-m12_acq-3Taccel_T1w.nii.gz,2,MCI,bids_adni_go2
053_S_4557,m24,2014-02-20,/project/rrg-mchakrav-ab/moncia/ADNI/bids_adni_go2/sub-053S4557/ses-m24/anat/sub-053S4557_ses-m24_acq-3Taccel_T1w.nii.gz,2,MCI,bids_adni_go2
053_S_4661,m03,2012-07-03,/project/rrg-mchakrav-ab/moncia/ADNI/bids_adni_go2/sub-053S4661/ses-m03/anat/sub-053S4661_ses-m03_acq-3Taccel_T1w.nii.gz,2,MCI,bids_adni_go2
053_S_4661,m06,2012-10-02,/project/rrg-mchakrav-ab/moncia/ADNI/bids_adni_go2/sub-053S4661/ses-m06/anat/sub-053S4661_ses-m06_acq-3Taccel_T1w.nii.gz,3,Dementia,bids_adni_go2
053_S_4661,m12,2013-04-03,/project/rrg-mchakrav-ab/moncia/ADNI/bids_adni_go2/sub-053S4661/ses-m12/anat/sub-053S4661_ses-m12_acq-3Taccel_T1w.nii.gz,3,Dementia,bids_adni_go2
053_S_4661,m24,2014-04-03,/project/rrg-mchakrav-ab/moncia/ADNI/bids_adni_go2/sub-053S4661/ses-m24/anat/sub-053S4661_ses-m24_acq-3Taccel_T1w.nii.gz,3,Dementia,bids_adni_go2
053_S_4813,m03,2012-09-14,/project/rrg-mchakrav-ab/moncia/ADNI/bids_adni_go2/sub-053S4813/ses-m03/anat/sub-053S4813_ses-m03_acq-3Taccel_T1w.nii.gz,2,MCI,bids_adni_go2
053_S_4813,m06,2012-12-14,/project/rrg-mchakrav-ab/moncia/ADNI/bids_adni_go2/sub-053S4813/ses-m06/anat/sub-053S4813_ses-m06_acq-3Taccel_T1w.nii.gz,2,MCI,bids_adni_go2
053_S_4813,m12,2013-06-15,/project/rrg-mchakrav-ab/moncia/ADNI/bids_adni_go2/sub-053S4813/ses-m12/anat/sub-053S4813_ses-m12_acq-3Taccel_T1w.nii.gz,2,MCI,bids_adni_go2
053_S_4813,m24,2014-06-15,/project/rrg-mchakrav-ab/moncia/ADNI/bids_adni_go2/sub-053S4813/ses-m24/anat/sub-053S4813_ses-m24_acq-3Taccel_T1w.nii.gz,1,CN,bids_adni_go2
053_S_4813,m48,2016-06-15,/project/rrg-mchakrav-ab/moncia/ADNI/bids_adni_go2/sub-053S4813/ses-m48/anat/sub-053S4813_ses-m48_acq-3Taccel_T1w.nii.gz,2,MCI,bids_adni_go2
053_S_4813,m72,2018-06-15,/project/rrg-mchakrav-ab/moncia/ADNI/bids_adni3/sub-053S4813/ses-m72/anat/sub-053S4813_ses-m72_acq-3T_T1w.nii.gz,2,MCI,bids_adni3
053_S_4813,m90,2019-12-15,/project/rrg-mchakrav-ab/moncia/ADNI/bids_adni3/sub-053S4813/ses-m90/anat/sub-053S4813_ses-m90_acq-3T_T1w.nii.gz,2,MCI,bids_adni3
053_S_4813,m102,2020-12-14,/project/rrg-mchakrav-ab/moncia/ADNI/bids_adni3/sub-053S4813/ses-m102/anat/sub-053S4813_ses-m102_acq-3T_T1w.nii.gz,2,MCI,bids_adni3
053_S_4813,m114,2021-12-15,/project/rrg-mchakrav-ab/moncia/ADNI/bids_adni3/sub-053S4813/ses-m114/anat/sub-053S4813_ses-m114_acq-3T_T1w.nii.gz,2,MCI,bids_adni3
053_S_4813,m156,2025-06-15,/project/rrg-mchakrav-ab/moncia/ADNI/bids_adni4_qc/sub-053S4813/ses-m156/anat/sub-053S4813_ses-m156_acq-3Tultrafast_T1w.nii.gz,2,MCI,bids_adni4_qc
053_S_6598,sc,2018-09-27,/project/rrg-mchakrav-ab/moncia/ADNI/bids_adni3/sub-053S6598/ses-sc/anat/sub-053S6598_ses-sc_acq-3T_T1w.nii.gz,2,MCI,bids_adni3
053_S_6598,m12,2019-09-27,/project/rrg-mchakrav-ab/moncia/ADNI/bids_adni3/sub-053S6598/ses-m12/anat/sub-053S6598_ses-m12_acq-3T_T1w.nii.gz,2,MCI,bids_adni3
053_S_6598,m42,2022-03-28,/project/rrg-mchakrav-ab/moncia/ADNI/bids_adni3/sub-053S6598/ses-m42/anat/sub-053S6598_ses-m42_acq-3T_T1w.nii.gz,2,MCI,bids_adni3
057_S_0464,m06,2006-12-19,/project/rrg-mchakrav-ab/moncia/ADNI/bids_adni1/sub-057S0464/ses-m06/anat/sub-057S0464_ses-m06_acq-15T_T1w.nii.gz,2,MCI,bids_adni1
057_S_0464,m18,2007-12-19,/project/rrg-mchakrav-ab/moncia/ADNI/bids_adni1/sub-057S0464/ses-m18/anat/sub-057S0464_ses-m18_acq-15T_T1w.nii.gz,2,MCI,bids_adni1
057_S_0464,m24,2008-06-19,/project/rrg-mchakrav-ab/moncia/ADNI/bids_adni1/sub-057S0464/ses-m24/anat/sub-057S0464_ses-m24_acq-15T_T1w.nii.gz,2,MCI,bids_adni1
057_S_0839,sc,2006-10-06,/project/rrg-mchakrav-ab/moncia/ADNI/bids_adni1/sub-057S0839/ses-sc/anat/sub-057S0839_ses-sc_acq-15T_T1w.nii.gz,2,MCI,bids_adni1
057_S_0839,m06,2007-04-06,/project/rrg-mchakrav-ab/moncia/ADNI/bids_adni1/sub-057S0839/ses-m06/anat/sub-057S0839_ses-m06_acq-15T_T1w.nii.gz,2,MCI,bids_adni1
057_S_0839,m18,2008-04-05,/project/rrg-mchakrav-ab/moncia/ADNI/bids_adni1/sub-057S0839/ses-m18/anat/sub-057S0839_ses-m18_acq-15T_T1w.nii.gz,2,MCI,bids_adni1
057_S_0839,m24,2008-10-05,/project/rrg-mchakrav-ab/moncia/ADNI/bids_adni1/sub-057S0839/ses-m24/anat/sub-057S0839_ses-m24_acq-15T_T1w.nii.gz,3,Dementia,bids_adni1
057_S_0839,m36,2009-10-05,/project/rrg-mchakrav-ab/moncia/ADNI/bids_adni1/sub-057S0839/ses-m36/anat/sub-057S0839_ses-m36_acq-15T_T1w.nii.gz,3,Dementia,bids_adni1
057_S_0941,sc,2006-10-25,/project/rrg-mchakrav-ab/moncia/ADNI/bids_adni1/sub-057S0941/ses-sc/anat/sub-057S0941_ses-sc_acq-15T_T1w.nii.gz,2,MCI,bids_adni1
057_S_0941,m06,2007-04-25,/project/rrg-mchakrav-ab/moncia/ADNI/bids_adni1/sub-057S0941/ses-m06/anat/sub-057S0941_ses-m06_acq-15T_T1w.nii.gz,2,MCI,bids_adni1
057_S_0941,m18,2008-04-24,/project/rrg-mchakrav-ab/moncia/ADNI/bids_adni1/sub-057S0941/ses-m18/anat/sub-057S0941_ses-m18_acq-15T_T1w.nii.gz,3,Dementia,bids_adni1
057_S_0941,m24,2008-10-24,/project/rrg-mchakrav-ab/moncia/ADNI/bids_adni1/sub-057S0941/ses-m24/anat/sub-057S0941_ses-m24_acq-15T_T1w.nii.gz,3,Dementia,bids_adni1
057_S_1007,sc,2006-11-14,/project/rrg-mchakrav-ab/moncia/ADNI/bids_adni1/sub-057S1007/ses-sc/anat/sub-057S1007_ses-sc_acq-15T_T1w.nii.gz,2,MCI,bids_adni1
057_S_1007,m06,2007-05-15,/project/rrg-mchakrav-ab/moncia/ADNI/bids_adni1/sub-057S1007/ses-m06/anat/sub-057S1007_ses-m06_acq-15T_T1w.nii.gz,2,MCI,bids_adni1
057_S_1007,m18,2008-05-14,/project/rrg-mchakrav-ab/moncia/ADNI/bids_adni1/sub-057S1007/ses-m18/anat/sub-057S1007_ses-m18_acq-15T_T1w.nii.gz,2,MCI,bids_adni1
057_S_1007,m24,2008-11-13,/project/rrg-mchakrav-ab/moncia/ADNI/bids_adni1/sub-057S1007/ses-m24/anat/sub-057S1007_ses-m24_acq-15T_T1w.nii.gz,3,Dementia,bids_adni1
057_S_1007,m36,2009-11-13,/project/rrg-mchakrav-ab/moncia/ADNI/bids_adni1/sub-057S1007/ses-m36/anat/sub-057S1007_ses-m36_acq-15T_T1w.nii.gz,3,Dementia,bids_adni1
057_S_1217,sc,2007-02-14,/project/rrg-mchakrav-ab/moncia/ADNI/bids_adni1/sub-057S1217/ses-sc/anat/sub-057S1217_ses-sc_acq-15T_T1w.nii.gz,2,MCI,bids_adni1
057_S_1217,m12,2008-02-14,/project/rrg-mchakrav-ab/moncia/ADNI/bids_adni1/sub-057S1217/ses-m12/anat/sub-057S1217_ses-m12_acq-15T_T1w.nii.gz,3,Dementia,bids_adni1
057_S_1217,m18,2008-08-14,/project/rrg-mchakrav-ab/moncia/ADNI/bids_adni1/sub-057S1217/ses-m18/anat/sub-057S1217_ses-m18_acq-15T_T1w.nii.gz,3,Dementia,bids_adni1
057_S_1217,m24,2009-02-13,/project/rrg-mchakrav-ab/moncia/ADNI/bids_adni1/sub-057S1217/ses-m24/anat/sub-057S1217_ses-m24_acq-15T_T1w.nii.gz,3,Dementia,bids_adni1
057_S_1265,sc,2007-02-13,/project/rrg-mchakrav-ab/moncia/ADNI/bids_adni1/sub-057S1265/ses-sc/anat/sub-057S1265_ses-sc_acq-15T_T1w.nii.gz,2,MCI,bids_adni1
057_S_1265,m12,2008-02-13,/project/rrg-mchakrav-ab/moncia/ADNI/bids_adni1/sub-057S1265/ses-m12/anat/sub-057S1265_ses-m12_acq-15T_T1w.nii.gz,2,MCI,bids_adni1
057_S_1265,m18,2008-08-13,/project/rrg-mchakrav-ab/moncia/ADNI/bids_adni1/sub-057S1265/ses-m18/anat/sub-057S1265_ses-m18_acq-15T_T1w.nii.gz,2,MCI,bids_adni1
057_S_1265,m24,2009-02-12,/project/rrg-mchakrav-ab/moncia/ADNI/bids_adni1/sub-057S1265/ses-m24/anat/sub-057S1265_ses-m24_acq-15T_T1w.nii.gz,2,MCI,bids_adni1
057_S_1269,sc,2007-02-15,/project/rrg-mchakrav-ab/moncia/ADNI/bids_adni1/sub-057S1269/ses-sc/anat/sub-057S1269_ses-sc_acq-15T_T1w.nii.gz,2,MCI,bids_adni1
057_S_1269,m12,2008-02-15,/project/rrg-mchakrav-ab/moncia/ADNI/bids_adni1/sub-057S1269/ses-m12/anat/sub-057S1269_ses-m12_acq-15T_T1w.nii.gz,2,MCI,bids_adni1
057_S_1269,m18,2008-08-15,/project/rrg-mchakrav-ab/moncia/ADNI/bids_adni1/sub-057S1269/ses-m18/anat/sub-057S1269_ses-m18_acq-15T_T1w.nii.gz,2,MCI,bids_adni1
057_S_1269,m24,2009-02-14,/project/rrg-mchakrav-ab/moncia/ADNI/bids_adni1/sub-057S1269/ses-m24/anat/sub-057S1269_ses-m24_acq-15T_T1w.nii.gz,2,MCI,bids_adni1
057_S_2398,m03,2011-10-13,/project/rrg-mchakrav-ab/moncia/ADNI/bids_adni_go2/sub-057S2398/ses-m03/anat/sub-057S2398_ses-m03_acq-3Taccel_T1w.nii.gz,2,MCI,bids_adni_go2
057_S_2398,m06,2012-01-12,/project/rrg-mchakrav-ab/moncia/ADNI/bids_adni_go2/sub-057S2398/ses-m06/anat/sub-057S2398_ses-m06_acq-3Taccel_T1w.nii.gz,2,MCI,bids_adni_go2
057_S_2398,m12,2012-07-13,/project/rrg-mchakrav-ab/moncia/ADNI/bids_adni_go2/sub-057S2398/ses-m12/anat/sub-057S2398_ses-m12_acq-3Taccel_T1w.nii.gz,3,Dementia,bids_adni_go2
057_S_2398,m24,2013-07-13,/project/rrg-mchakrav-ab/moncia/ADNI/bids_adni_go2/sub-057S2398/ses-m24/anat/sub-057S2398_ses-m24_acq-3Taccel_T1w.nii.gz,3,Dementia,bids_adni_go2
057_S_2398,m48,2015-07-14,/project/rrg-mchakrav-ab/moncia/ADNI/bids_adni_go2/sub-057S2398/ses-m48/anat/sub-057S2398_ses-m48_acq-3Taccel_T1w.nii.gz,3,Dementia,bids_adni_go2
057_S_4888,m03,2012-10-24,/project/rrg-mchakrav-ab/moncia/ADNI/bids_adni_go2/sub-057S4888/ses-m03/anat/sub-057S4888_ses-m03_acq-3Taccel_T1w.nii.gz,2,MCI,bids_adni_go2
057_S_4888,m06,2013-01-23,/project/rrg-mchakrav-ab/moncia/ADNI/bids_adni_go2/sub-057S4888/ses-m06/anat/sub-057S4888_ses-m06_acq-3Taccel_T1w.nii.gz,3,Dementia,bids_adni_go2
057_S_4888,m12,2013-07-25,/project/rrg-mchakrav-ab/moncia/ADNI/bids_adni_go2/sub-057S4888/ses-m12/anat/sub-057S4888_ses-m12_acq-3Taccel_T1w.nii.gz,3,Dementia,bids_adni_go2
057_S_4888,m24,2014-07-25,/project/rrg-mchakrav-ab/moncia/ADNI/bids_adni_go2/sub-057S4888/ses-m24/anat/sub-057S4888_ses-m24_acq-3Taccel_T1w.nii.gz,3,Dementia,bids_adni_go2
057_S_4888,m48,2016-07-25,/project/rrg-mchakrav-ab/moncia/ADNI/bids_adni_go2/sub-057S4888/ses-m48/anat/sub-057S4888_ses-m48_acq-3Taccel_T1w.nii.gz,3,Dementia,bids_adni_go2
057_S_4897,m03,2012-10-31,/project/rrg-mchakrav-ab/moncia/ADNI/bids_adni_go2/sub-057S4897/ses-m03/anat/sub-057S4897_ses-m03_acq-3Taccel_T1w.nii.gz,2,MCI,bids_adni_go2
057_S_4897,m06,2013-01-30,/project/rrg-mchakrav-ab/moncia/ADNI/bids_adni_go2/sub-057S4897/ses-m06/anat/sub-057S4897_ses-m06_acq-3Taccel_T1w.nii.gz,2,MCI,bids_adni_go2
057_S_4897,m12,2013-08-01,/project/rrg-mchakrav-ab/moncia/ADNI/bids_adni_go2/sub-057S4897/ses-m12/anat/sub-057S4897_ses-m12_acq-3Taccel_T1w.nii.gz,2,MCI,bids_adni_go2
057_S_4909,m03,2012-11-13,/project/rrg-mchakrav-ab/moncia/ADNI/bids_adni_go2/sub-057S4909/ses-m03/anat/sub-057S4909_ses-m03_acq-3Taccel_T1w.nii.gz,2,MCI,bids_adni_go2
057_S_4909,m06,2013-02-12,/project/rrg-mchakrav-ab/moncia/ADNI/bids_adni_go2/sub-057S4909/ses-m06/anat/sub-057S4909_ses-m06_acq-3Taccel_T1w.nii.gz,2,MCI,bids_adni_go2
057_S_4909,m12,2013-08-14,/project/rrg-mchakrav-ab/moncia/ADNI/bids_adni_go2/sub-057S4909/ses-m12/anat/sub-057S4909_ses-m12_acq-3Taccel_T1w.nii.gz,2,MCI,bids_adni_go2
062_S_1182,sc,2007-02-13,/project/rrg-mchakrav-ab/moncia/ADNI/bids_adni1/sub-062S1182/ses-sc/anat/sub-062S1182_ses-sc_acq-15T_T1w.nii.gz,2,MCI,bids_adni1
062_S_1182,m12,2008-02-13,/project/rrg-mchakrav-ab/moncia/ADNI/bids_adni1/sub-062S1182/ses-m12/anat/sub-062S1182_ses-m12_acq-15T_T1w.nii.gz,2,MCI,bids_adni1
062_S_1182,m18,2008-08-13,/project/rrg-mchakrav-ab/moncia/ADNI/bids_adni1/sub-062S1182/ses-m18/anat/sub-062S1182_ses-m18_acq-15T_T1w.nii.gz,2,MCI,bids_adni1
062_S_1182,m24,2009-02-12,/project/rrg-mchakrav-ab/moncia/ADNI/bids_adni1/sub-062S1182/ses-m24/anat/sub-062S1182_ses-m24_acq-15T_T1w.nii.gz,2,MCI,bids_adni1
062_S_1299,sc,2007-03-06,/project/rrg-mchakrav-ab/moncia/ADNI/bids_adni1/sub-062S1299/ses-sc/anat/sub-062S1299_ses-sc_acq-15T_T1w.nii.gz,2,MCI,bids_adni1
062_S_1299,m18,2008-09-03,/project/rrg-mchakrav-ab/moncia/ADNI/bids_adni1/sub-062S1299/ses-m18/anat/sub-062S1299_ses-m18_acq-15T_T1w.nii.gz,3,Dementia,bids_adni1
062_S_1299,m24,2009-03-05,/project/rrg-mchakrav-ab/moncia/ADNI/bids_adni1/sub-062S1299/ses-m24/anat/sub-062S1299_ses-m24_acq-15T_T1w.nii.gz,3,Dementia,bids_adni1
067_S_0038,sc,2005-12-16,/project/rrg-mchakrav-ab/moncia/ADNI/bids_adni1/sub-067S0038/ses-sc/anat/sub-067S0038_ses-sc_acq-15T_T1w.nii.gz,2,MCI,bids_adni1
067_S_0038,m06,2006-06-16,/project/rrg-mchakrav-ab/moncia/ADNI/bids_adni1/sub-067S0038/ses-m06/anat/sub-067S0038_ses-m06_acq-15T_T1w.nii.gz,2,MCI,bids_adni1
067_S_0038,m12,2006-12-16,/project/rrg-mchakrav-ab/moncia/ADNI/bids_adni1/sub-067S0038/ses-m12/anat/sub-067S0038_ses-m12_acq-15T_T1w.nii.gz,2,MCI,bids_adni1
067_S_0077,sc,2006-02-08,/project/rrg-mchakrav-ab/moncia/ADNI/bids_adni1/sub-067S0077/ses-sc/anat/sub-067S0077_ses-sc_acq-15T_T1w.nii.gz,2,MCI,bids_adni1
067_S_0077,m06,2006-08-09,/project/rrg-mchakrav-ab/moncia/ADNI/bids_adni1/sub-067S0077/ses-m06/anat/sub-067S0077_ses-m06_acq-15T_T1w.nii.gz,2,MCI,bids_adni1
067_S_0077,m12,2007-02-08,/project/rrg-mchakrav-ab/moncia/ADNI/bids_adni1/sub-067S0077/ses-m12/anat/sub-067S0077_ses-m12_acq-15T_T1w.nii.gz,3,Dementia,bids_adni1
067_S_0077,m18,2007-08-09,/project/rrg-mchakrav-ab/moncia/ADNI/bids_adni1/sub-067S0077/ses-m18/anat/sub-067S0077_ses-m18_acq-15T_T1w.nii.gz,3,Dementia,bids_adni1
067_S_0077,m24,2008-02-08,/project/rrg-mchakrav-ab/moncia/ADNI/bids_adni1/sub-067S0077/ses-m24/anat/sub-067S0077_ses-m24_acq-15T_T1w.nii.gz,3,Dementia,bids_adni1
067_S_0098,sc,2006-03-29,/project/rrg-mchakrav-ab/moncia/ADNI/bids_adni1/sub-067S0098/ses-sc/anat/sub-067S0098_ses-sc_acq-15T_T1w.nii.gz,2,MCI,bids_adni1
067_S_0098,m06,2006-09-27,/project/rrg-mchakrav-ab/moncia/ADNI/bids_adni1/sub-067S0098/ses-m06/anat/sub-067S0098_ses-m06_acq-15T_T1w.nii.gz,2,MCI,bids_adni1
067_S_0098,m12,2007-03-29,/project/rrg-mchakrav-ab/moncia/ADNI/bids_adni1/sub-067S0098/ses-m12/anat/sub-067S0098_ses-m12_acq-15T_T1w.nii.gz,2,MCI,bids_adni1
067_S_0098,m36,2009-03-28,/project/rrg-mchakrav-ab/moncia/ADNI/bids_adni1/sub-067S0098/ses-m36/anat/sub-067S0098_ses-m36_acq-15T_T1w.nii.gz,3,Dementia,bids_adni1
067_S_0176,sc,2006-05-22,/project/rrg-mchakrav-ab/moncia/ADNI/bids_adni1/sub-067S0176/ses-sc/anat/sub-067S0176_ses-sc_acq-15T_T1w.nii.gz,2,MCI,bids_adni1
067_S_0176,m06,2006-11-20,/project/rrg-mchakrav-ab/moncia/ADNI/bids_adni1/sub-067S0176/ses-m06/anat/sub-067S0176_ses-m06_acq-15T_T1w.nii.gz,2,MCI,bids_adni1
067_S_0176,m12,2007-05-22,/project/rrg-mchakrav-ab/moncia/ADNI/bids_adni1/sub-067S0176/ses-m12/anat/sub-067S0176_ses-m12_acq-15T_T1w.nii.gz,2,MCI,bids_adni1
067_S_0176,m24,2008-05-21,/project/rrg-mchakrav-ab/moncia/ADNI/bids_adni1/sub-067S0176/ses-m24/anat/sub-067S0176_ses-m24_acq-15T_T1w.nii.gz,2,MCI,bids_adni1
067_S_0176,m36,2009-05-21,/project/rrg-mchakrav-ab/moncia/ADNI/bids_adni1/sub-067S0176/ses-m36/anat/sub-067S0176_ses-m36_acq-15T_T1w.nii.gz,2,MCI,bids_adni1
067_S_0284,sc,2006-05-10,/project/rrg-mchakrav-ab/moncia/ADNI/bids_adni1/sub-067S0284/ses-sc/anat/sub-067S0284_ses-sc_acq-15T_T1w.nii.gz,2,MCI,bids_adni1
067_S_0284,m06,2006-11-08,/project/rrg-mchakrav-ab/moncia/ADNI/bids_adni1/sub-067S0284/ses-m06/anat/sub-067S0284_ses-m06_acq-15T_T1w.nii.gz,2,MCI,bids_adni1
067_S_0284,m12,2007-05-10,/project/rrg-mchakrav-ab/moncia/ADNI/bids_adni1/sub-067S0284/ses-m12/anat/sub-067S0284_ses-m12_acq-15T_T1w.nii.gz,2,MCI,bids_adni1
067_S_0290,bl,2006-05-10,/project/rrg-mchakrav-ab/moncia/ADNI/bids_adni1/sub-067S0290/ses-bl/anat/sub-067S0290_ses-bl_acq-3T_T1w.nii.gz,2,MCI,bids_adni1
067_S_0290,sc,2006-05-10,/project/rrg-mchakrav-ab/moncia/ADNI/bids_adni1/sub-067S0290/ses-sc/anat/sub-067S0290_ses-sc_acq-15T_T1w.nii.gz,2,MCI,bids_adni1
067_S_0290,m06,2006-11-08,/project/rrg-mchakrav-ab/moncia/ADNI/bids_adni1/sub-067S0290/ses-m06/anat/sub-067S0290_ses-m06_acq-15T_T1w.nii.gz,2,MCI,bids_adni1
067_S_0290,m24,2008-05-09,/project/rrg-mchakrav-ab/moncia/ADNI/bids_adni1/sub-067S0290/ses-m24/anat/sub-067S0290_ses-m24_acq-15T_T1w.nii.gz,2,MCI,bids_adni1
067_S_0290,m36,2009-05-09,/project/rrg-mchakrav-ab/moncia/ADNI/bids_adni1/sub-067S0290/ses-m36/anat/sub-067S0290_ses-m36_acq-15T_T1w.nii.gz,2,MCI,bids_adni1
067_S_0336,m06,2006-12-01,/project/rrg-mchakrav-ab/moncia/ADNI/bids_adni1/sub-067S0336/ses-m06/anat/sub-067S0336_ses-m06_acq-15T_T1w.nii.gz,3,Dementia,bids_adni1
067_S_0336,m12,2007-06-02,/project/rrg-mchakrav-ab/moncia/ADNI/bids_adni1/sub-067S0336/ses-m12/anat/sub-067S0336_ses-m12_acq-15T_T1w.nii.gz,3,Dementia,bids_adni1
067_S_0336,m24,2008-06-01,/project/rrg-mchakrav-ab/moncia/ADNI/bids_adni1/sub-067S0336/ses-m24/anat/sub-067S0336_ses-m24_acq-15T_T1w.nii.gz,3,Dementia,bids_adni1
067_S_0607,bl,2006-12-05,/project/rrg-mchakrav-ab/moncia/ADNI/bids_adni1/sub-067S0607/ses-bl/anat/sub-067S0607_ses-bl_acq-3T_T1w.nii.gz,2,MCI,bids_adni1
067_S_0607,sc,2006-12-05,/project/rrg-mchakrav-ab/moncia/ADNI/bids_adni1/sub-067S0607/ses-sc/anat/sub-067S0607_ses-sc_acq-15T_T1w.nii.gz,2,MCI,bids_adni1
067_S_0607,m06,2007-06-05,/project/rrg-mchakrav-ab/moncia/ADNI/bids_adni1/sub-067S0607/ses-m06/anat/sub-067S0607_ses-m06_acq-15T_T1w.nii.gz,2,MCI,bids_adni1
067_S_0607,m12,2007-12-05,/project/rrg-mchakrav-ab/moncia/ADNI/bids_adni1/sub-067S0607/ses-m12/anat/sub-067S0607_ses-m12_acq-15T_T1w.nii.gz,2,MCI,bids_adni1
067_S_0607,m18,2008-06-04,/project/rrg-mchakrav-ab/moncia/ADNI/bids_adni1/sub-067S0607/ses-m18/anat/sub-067S0607_ses-m18_acq-15T_T1w.nii.gz,2,MCI,bids_adni1
067_S_0607,m24,2008-12-04,/project/rrg-mchakrav-ab/moncia/ADNI/bids_adni1/sub-067S0607/ses-m24/anat/sub-067S0607_ses-m24_acq-15T_T1w.nii.gz,2,MCI,bids_adni1
067_S_2195,m03,2011-03-17,/project/rrg-mchakrav-ab/moncia/ADNI/bids_adni_go2/sub-067S2195/ses-m03/anat/sub-067S2195_ses-m03_acq-3Taccel_T1w.nii.gz,2,MCI,bids_adni_go2
067_S_2195,m06,2011-06-16,/project/rrg-mchakrav-ab/moncia/ADNI/bids_adni_go2/sub-067S2195/ses-m06/anat/sub-067S2195_ses-m06_acq-3Taccel_T1w.nii.gz,2,MCI,bids_adni_go2
067_S_2195,m12,2011-12-16,/project/rrg-mchakrav-ab/moncia/ADNI/bids_adni_go2/sub-067S2195/ses-m12/anat/sub-067S2195_ses-m12_acq-3Taccel_T1w.nii.gz,2,MCI,bids_adni_go2
067_S_2195,m24,2012-12-15,/project/rrg-mchakrav-ab/moncia/ADNI/bids_adni_go2/sub-067S2195/ses-m24/anat/sub-067S2195_ses-m24_acq-3Taccel_T1w.nii.gz,2,MCI,bids_adni_go2
067_S_2195,m36,2013-12-15,/project/rrg-mchakrav-ab/moncia/ADNI/bids_adni_go2/sub-067S2195/ses-m36/anat/sub-067S2195_ses-m36_acq-3Taccel_T1w.nii.gz,2,MCI,bids_adni_go2
067_S_2195,m48,2014-12-16,/project/rrg-mchakrav-ab/moncia/ADNI/bids_adni_go2/sub-067S2195/ses-m48/anat/sub-067S2195_ses-m48_acq-3Taccel_T1w.nii.gz,3,Dementia,bids_adni_go2
067_S_2196,m03,2011-03-04,/project/rrg-mchakrav-ab/moncia/ADNI/bids_adni_go2/sub-067S2196/ses-m03/anat/sub-067S2196_ses-m03_acq-3Taccel_T1w.nii.gz,2,MCI,bids_adni_go2
067_S_2196,m06,2011-06-03,/project/rrg-mchakrav-ab/moncia/ADNI/bids_adni_go2/sub-067S2196/ses-m06/anat/sub-067S2196_ses-m06_acq-3Taccel_T1w.nii.gz,2,MCI,bids_adni_go2
067_S_2196,m12,2011-12-03,/project/rrg-mchakrav-ab/moncia/ADNI/bids_adni_go2/sub-067S2196/ses-m12/anat/sub-067S2196_ses-m12_acq-3Taccel_T1w.nii.gz,2,MCI,bids_adni_go2
067_S_2196,m24,2012-12-02,/project/rrg-mchakrav-ab/moncia/ADNI/bids_adni_go2/sub-067S2196/ses-m24/anat/sub-067S2196_ses-m24_acq-3Taccel_T1w.nii.gz,2,MCI,bids_adni_go2
067_S_2301,m03,2011-06-01,/project/rrg-mchakrav-ab/moncia/ADNI/bids_adni_go2/sub-067S2301/ses-m03/anat/sub-067S2301_ses-m03_acq-3Taccel_T1w.nii.gz,2,MCI,bids_adni_go2
067_S_2301,m06,2011-08-31,/project/rrg-mchakrav-ab/moncia/ADNI/bids_adni_go2/sub-067S2301/ses-m06/anat/sub-067S2301_ses-m06_acq-3Taccel_T1w.nii.gz,2,MCI,bids_adni_go2
067_S_2301,m12,2012-03-01,/project/rrg-mchakrav-ab/moncia/ADNI/bids_adni_go2/sub-067S2301/ses-m12/anat/sub-067S2301_ses-m12_acq-3Taccel_T1w.nii.gz,2,MCI,bids_adni_go2
067_S_2301,m24,2013-03-01,/project/rrg-mchakrav-ab/moncia/ADNI/bids_adni_go2/sub-067S2301/ses-m24/anat/sub-067S2301_ses-m24_acq-3Taccel_T1w.nii.gz,2,MCI,bids_adni_go2
067_S_2301,m36,2014-03-01,/project/rrg-mchakrav-ab/moncia/ADNI/bids_adni_go2/sub-067S2301/ses-m36/anat/sub-067S2301_ses-m36_acq-3Taccel_T1w.nii.gz,1,CN,bids_adni_go2
067_S_2301,m48,2015-03-02,/project/rrg-mchakrav-ab/moncia/ADNI/bids_adni_go2/sub-067S2301/ses-m48/anat/sub-067S2301_ses-m48_acq-3Taccel_T1w.nii.gz,2,MCI,bids_adni_go2
067_S_2301,m78,2017-08-31,/project/rrg-mchakrav-ab/moncia/ADNI/bids_adni3/sub-067S2301/ses-m78/anat/sub-067S2301_ses-m78_acq-3T_T1w.nii.gz,1,CN,bids_adni3
067_S_2301,m102,2019-08-31,/project/rrg-mchakrav-ab/moncia/ADNI/bids_adni3/sub-067S2301/ses-m102/anat/sub-067S2301_ses-m102_acq-3T_T1w.nii.gz,1,CN,bids_adni3
067_S_2304,m03,2011-06-09,/project/rrg-mchakrav-ab/moncia/ADNI/bids_adni_go2/sub-067S2304/ses-m03/anat/sub-067S2304_ses-m03_acq-3Taccel_T1w.nii.gz,2,MCI,bids_adni_go2
067_S_2304,m06,2011-09-08,/project/rrg-mchakrav-ab/moncia/ADNI/bids_adni_go2/sub-067S2304/ses-m06/anat/sub-067S2304_ses-m06_acq-3Taccel_T1w.nii.gz,2,MCI,bids_adni_go2
067_S_2304,m12,2012-03-09,/project/rrg-mchakrav-ab/moncia/ADNI/bids_adni_go2/sub-067S2304/ses-m12/anat/sub-067S2304_ses-m12_acq-3Taccel_T1w.nii.gz,2,MCI,bids_adni_go2
067_S_2304,m24,2013-03-09,/project/rrg-mchakrav-ab/moncia/ADNI/bids_adni_go2/sub-067S2304/ses-m24/anat/sub-067S2304_ses-m24_acq-3Taccel_T1w.nii.gz,2,MCI,bids_adni_go2
067_S_2304,m36,2014-03-09,/project/rrg-mchakrav-ab/moncia/ADNI/bids_adni_go2/sub-067S2304/ses-m36/anat/sub-067S2304_ses-m36_acq-3Taccel_T1w.nii.gz,2,MCI,bids_adni_go2
067_S_2304,m48,2015-03-10,/project/rrg-mchakrav-ab/moncia/ADNI/bids_adni_go2/sub-067S2304/ses-m48/anat/sub-067S2304_ses-m48_acq-3Taccel_T1w.nii.gz,1,CN,bids_adni_go2
067_S_2304,m78,2017-09-08,/project/rrg-mchakrav-ab/moncia/ADNI/bids_adni3/sub-067S2304/ses-m78/anat/sub-067S2304_ses-m78_acq-3T_T1w.nii.gz,2,MCI,bids_adni3
067_S_2304,m90,2018-09-08,/project/rrg-mchakrav-ab/moncia/ADNI/bids_adni3/sub-067S2304/ses-m90/anat/sub-067S2304_ses-m90_acq-3T_T1w.nii.gz,1,CN,bids_adni3
067_S_2304,m102,2019-09-08,/project/rrg-mchakrav-ab/moncia/ADNI/bids_adni3/sub-067S2304/ses-m102/anat/sub-067S2304_ses-m102_acq-3T_T1w.nii.gz,2,MCI,bids_adni3
067_S_2304,m126,2021-09-08,/project/rrg-mchakrav-ab/moncia/ADNI/bids_adni3/sub-067S2304/ses-m126/anat/sub-067S2304_ses-m126_acq-3T_T1w.nii.gz,2,MCI,bids_adni3
067_S_4054,m03,2011-08-18,/project/rrg-mchakrav-ab/moncia/ADNI/bids_adni_go2/sub-067S4054/ses-m03/anat/sub-067S4054_ses-m03_acq-3Taccel_T1w.nii.gz,2,MCI,bids_adni_go2
067_S_4054,m06,2011-11-17,/project/rrg-mchakrav-ab/moncia/ADNI/bids_adni_go2/sub-067S4054/ses-m06/anat/sub-067S4054_ses-m06_acq-3Taccel_T1w.nii.gz,2,MCI,bids_adni_go2
067_S_4054,m12,2012-05-18,/project/rrg-mchakrav-ab/moncia/ADNI/bids_adni_go2/sub-067S4054/ses-m12/anat/sub-067S4054_ses-m12_acq-3Taccel_T1w.nii.gz,1,CN,bids_adni_go2
067_S_4054,m24,2013-05-18,/project/rrg-mchakrav-ab/moncia/ADNI/bids_adni_go2/sub-067S4054/ses-m24/anat/sub-067S4054_ses-m24_acq-3Taccel_T1w.nii.gz,1,CN,bids_adni_go2
067_S_4072,m03,2011-09-09,/project/rrg-mchakrav-ab/moncia/ADNI/bids_adni_go2/sub-067S4072/ses-m03/anat/sub-067S4072_ses-m03_acq-3Taccel_T1w.nii.gz,2,MCI,bids_adni_go2
067_S_4072,m06,2011-12-09,/project/rrg-mchakrav-ab/moncia/ADNI/bids_adni_go2/sub-067S4072/ses-m06/anat/sub-067S4072_ses-m06_acq-3Taccel_T1w.nii.gz,2,MCI,bids_adni_go2
067_S_4072,m12,2012-06-09,/project/rrg-mchakrav-ab/moncia/ADNI/bids_adni_go2/sub-067S4072/ses-m12/anat/sub-067S4072_ses-m12_acq-3Taccel_T1w.nii.gz,2,MCI,bids_adni_go2
067_S_4072,m24,2013-06-09,/project/rrg-mchakrav-ab/moncia/ADNI/bids_adni_go2/sub-067S4072/ses-m24/anat/sub-067S4072_ses-m24_acq-3Taccel_T1w.nii.gz,2,MCI,bids_adni_go2
067_S_4072,m48,2015-06-10,/project/rrg-mchakrav-ab/moncia/ADNI/bids_adni_go2/sub-067S4072/ses-m48/anat/sub-067S4072_ses-m48_acq-3Taccel_T1w.nii.gz,1,CN,bids_adni_go2
067_S_4072,m72,2017-06-09,/project/rrg-mchakrav-ab/moncia/ADNI/bids_adni3/sub-067S4072/ses-m72/anat/sub-067S4072_ses-m72_acq-3T_T1w.nii.gz,1,CN,bids_adni3
067_S_4184,m03,2011-11-28,/project/rrg-mchakrav-ab/moncia/ADNI/bids_adni_go2/sub-067S4184/ses-m03/anat/sub-067S4184_ses-m03_acq-3Taccel_T1w.nii.gz,2,MCI,bids_adni_go2
067_S_4184,m06,2012-02-27,/project/rrg-mchakrav-ab/moncia/ADNI/bids_adni_go2/sub-067S4184/ses-m06/anat/sub-067S4184_ses-m06_acq-3Taccel_T1w.nii.gz,2,MCI,bids_adni_go2
067_S_4184,m12,2012-08-28,/project/rrg-mchakrav-ab/moncia/ADNI/bids_adni_go2/sub-067S4184/ses-m12/anat/sub-067S4184_ses-m12_acq-3Taccel_T1w.nii.gz,2,MCI,bids_adni_go2
067_S_4184,m24,2013-08-28,/project/rrg-mchakrav-ab/moncia/ADNI/bids_adni_go2/sub-067S4184/ses-m24/anat/sub-067S4184_ses-m24_acq-3Taccel_T1w.nii.gz,2,MCI,bids_adni_go2
067_S_4184,m48,2015-08-29,/project/rrg-mchakrav-ab/moncia/ADNI/bids_adni_go2/sub-067S4184/ses-m48/anat/sub-067S4184_ses-m48_acq-3Taccel_T1w.nii.gz,1,CN,bids_adni_go2
067_S_4184,m72,2017-08-28,/project/rrg-mchakrav-ab/moncia/ADNI/bids_adni3/sub-067S4184/ses-m72/anat/sub-067S4184_ses-m72_acq-3T_T1w.nii.gz,1,CN,bids_adni3
067_S_4212,m03,2011-11-28,/project/rrg-mchakrav-ab/moncia/ADNI/bids_adni_go2/sub-067S4212/ses-m03/anat/sub-067S4212_ses-m03_acq-3Taccel_T1w.nii.gz,2,MCI,bids_adni_go2
067_S_4212,m06,2012-02-27,/project/rrg-mchakrav-ab/moncia/ADNI/bids_adni_go2/sub-067S4212/ses-m06/anat/sub-067S4212_ses-m06_acq-3Taccel_T1w.nii.gz,2,MCI,bids_adni_go2
067_S_4212,m12,2012-08-28,/project/rrg-mchakrav-ab/moncia/ADNI/bids_adni_go2/sub-067S4212/ses-m12/anat/sub-067S4212_ses-m12_acq-3Taccel_T1w.nii.gz,2,MCI,bids_adni_go2
067_S_4212,m24,2013-08-28,/project/rrg-mchakrav-ab/moncia/ADNI/bids_adni_go2/sub-067S4212/ses-m24/anat/sub-067S4212_ses-m24_acq-3Taccel_T1w.nii.gz,1,CN,bids_adni_go2
067_S_4212,m48,2015-08-29,/project/rrg-mchakrav-ab/moncia/ADNI/bids_adni_go2/sub-067S4212/ses-m48/anat/sub-067S4212_ses-m48_acq-3Taccel_T1w.nii.gz,1,CN,bids_adni_go2
067_S_4212,m72,2017-08-28,/project/rrg-mchakrav-ab/moncia/ADNI/bids_adni3/sub-067S4212/ses-m72/anat/sub-067S4212_ses-m72_acq-3T_T1w.nii.gz,1,CN,bids_adni3
067_S_4212,m120,2021-08-28,/project/rrg-mchakrav-ab/moncia/ADNI/bids_adni3/sub-067S4212/ses-m120/anat/sub-067S4212_ses-m120_acq-3T_T1w.nii.gz,1,CN,bids_adni3
067_S_4310,m03,2012-01-13,/project/rrg-mchakrav-ab/moncia/ADNI/bids_adni_go2/sub-067S4310/ses-m03/anat/sub-067S4310_ses-m03_acq-3Taccel_T1w.nii.gz,2,MCI,bids_adni_go2
067_S_4310,m06,2012-04-13,/project/rrg-mchakrav-ab/moncia/ADNI/bids_adni_go2/sub-067S4310/ses-m06/anat/sub-067S4310_ses-m06_acq-3Taccel_T1w.nii.gz,2,MCI,bids_adni_go2
067_S_4310,m12,2012-10-13,/project/rrg-mchakrav-ab/moncia/ADNI/bids_adni_go2/sub-067S4310/ses-m12/anat/sub-067S4310_ses-m12_acq-3Taccel_T1w.nii.gz,1,CN,bids_adni_go2
067_S_4310,m24,2013-10-13,/project/rrg-mchakrav-ab/moncia/ADNI/bids_adni_go2/sub-067S4310/ses-m24/anat/sub-067S4310_ses-m24_acq-3Taccel_T1w.nii.gz,1,CN,bids_adni_go2
067_S_4310,m48,2015-10-14,/project/rrg-mchakrav-ab/moncia/ADNI/bids_adni_go2/sub-067S4310/ses-m48/anat/sub-067S4310_ses-m48_acq-3Taccel_T1w.nii.gz,1,CN,bids_adni_go2
067_S_4767,m03,2012-08-31,/project/rrg-mchakrav-ab/moncia/ADNI/bids_adni_go2/sub-067S4767/ses-m03/anat/sub-067S4767_ses-m03_acq-3Taccel_T1w.nii.gz,2,MCI,bids_adni_go2
067_S_4767,m06,2012-11-30,/project/rrg-mchakrav-ab/moncia/ADNI/bids_adni_go2/sub-067S4767/ses-m06/anat/sub-067S4767_ses-m06_acq-3Taccel_T1w.nii.gz,2,MCI,bids_adni_go2
067_S_4767,m12,2013-06-01,/project/rrg-mchakrav-ab/moncia/ADNI/bids_adni_go2/sub-067S4767/ses-m12/anat/sub-067S4767_ses-m12_acq-3Taccel_T1w.nii.gz,1,CN,bids_adni_go2
067_S_4767,m24,2014-06-01,/project/rrg-mchakrav-ab/moncia/ADNI/bids_adni_go2/sub-067S4767/ses-m24/anat/sub-067S4767_ses-m24_acq-3Taccel_T1w.nii.gz,1,CN,bids_adni_go2
067_S_4767,m48,2016-06-01,/project/rrg-mchakrav-ab/moncia/ADNI/bids_adni_go2/sub-067S4767/ses-m48/anat/sub-067S4767_ses-m48_acq-3Taccel_T1w.nii.gz,1,CN,bids_adni_go2
067_S_4767,m60,2017-06-01,/project/rrg-mchakrav-ab/moncia/ADNI/bids_adni3/sub-067S4767/ses-m60/anat/sub-067S4767_ses-m60_acq-3T_T1w.nii.gz,1,CN,bids_adni3
067_S_4767,m72,2018-06-01,/project/rrg-mchakrav-ab/moncia/ADNI/bids_adni3/sub-067S4767/ses-m72/anat/sub-067S4767_ses-m72_acq-3T_T1w.nii.gz,1,CN,bids_adni3
067_S_4767,m84,2019-06-01,/project/rrg-mchakrav-ab/moncia/ADNI/bids_adni3/sub-067S4767/ses-m84/anat/sub-067S4767_ses-m84_acq-3T_T1w.nii.gz,1,CN,bids_adni3
067_S_4782,m03,2012-10-05,/project/rrg-mchakrav-ab/moncia/ADNI/bids_adni_go2/sub-067S4782/ses-m03/anat/sub-067S4782_ses-m03_acq-3Taccel_T1w.nii.gz,2,MCI,bids_adni_go2
067_S_4782,m06,2013-01-04,/project/rrg-mchakrav-ab/moncia/ADNI/bids_adni_go2/sub-067S4782/ses-m06/anat/sub-067S4782_ses-m06_acq-3Taccel_T1w.nii.gz,2,MCI,bids_adni_go2
067_S_4782,m12,2013-07-06,/project/rrg-mchakrav-ab/moncia/ADNI/bids_adni_go2/sub-067S4782/ses-m12/anat/sub-067S4782_ses-m12_acq-3Taccel_T1w.nii.gz,2,MCI,bids_adni_go2
067_S_4782,m24,2014-07-06,/project/rrg-mchakrav-ab/moncia/ADNI/bids_adni_go2/sub-067S4782/ses-m24/anat/sub-067S4782_ses-m24_acq-3Taccel_T1w.nii.gz,2,MCI,bids_adni_go2
067_S_4782,m48,2016-07-06,/project/rrg-mchakrav-ab/moncia/ADNI/bids_adni_go2/sub-067S4782/ses-m48/anat/sub-067S4782_ses-m48_acq-3Taccel_T1w.nii.gz,2,MCI,bids_adni_go2
067_S_4782,m60,2017-07-06,/project/rrg-mchakrav-ab/moncia/ADNI/bids_adni3/sub-067S4782/ses-m60/anat/sub-067S4782_ses-m60_acq-3T_T1w.nii.gz,2,MCI,bids_adni3
067_S_4782,m72,2018-07-06,/project/rrg-mchakrav-ab/moncia/ADNI/bids_adni3/sub-067S4782/ses-m72/anat/sub-067S4782_ses-m72_acq-3T_T1w.nii.gz,2,MCI,bids_adni3
067_S_4782,m84,2019-07-06,/project/rrg-mchakrav-ab/moncia/ADNI/bids_adni3/sub-067S4782/ses-m84/anat/sub-067S4782_ses-m84_acq-3T_T1w.nii.gz,2,MCI,bids_adni3
067_S_4782,m108,2021-07-06,/project/rrg-mchakrav-ab/moncia/ADNI/bids_adni3/sub-067S4782/ses-m108/anat/sub-067S4782_ses-m108_acq-3T_T1w.nii.gz,3,Dementia,bids_adni3
067_S_4918,m03,2012-12-14,/project/rrg-mchakrav-ab/moncia/ADNI/bids_adni_go2/sub-067S4918/ses-m03/anat/sub-067S4918_ses-m03_acq-3Taccel_T1w.nii.gz,2,MCI,bids_adni_go2
067_S_4918,m06,2013-03-15,/project/rrg-mchakrav-ab/moncia/ADNI/bids_adni_go2/sub-067S4918/ses-m06/anat/sub-067S4918_ses-m06_acq-3Taccel_T1w.nii.gz,3,Dementia,bids_adni_go2
067_S_4918,m12,2013-09-14,/project/rrg-mchakrav-ab/moncia/ADNI/bids_adni_go2/sub-067S4918/ses-m12/anat/sub-067S4918_ses-m12_acq-3Taccel_T1w.nii.gz,3,Dementia,bids_adni_go2
067_S_6474,sc,2018-06-27,/project/rrg-mchakrav-ab/moncia/ADNI/bids_adni3/sub-067S6474/ses-sc/anat/sub-067S6474_ses-sc_acq-3T_T1w.nii.gz,2,MCI,bids_adni3
067_S_6474,m12,2019-06-27,/project/rrg-mchakrav-ab/moncia/ADNI/bids_adni3/sub-067S6474/ses-m12/anat/sub-067S6474_ses-m12_acq-3T_T1w.nii.gz,2,MCI,bids_adni3
067_S_6474,m36,2021-06-26,/project/rrg-mchakrav-ab/moncia/ADNI/bids_adni3/sub-067S6474/ses-m36/anat/sub-067S6474_ses-m36_acq-3T_T1w.nii.gz,2,MCI,bids_adni3
067_S_6525,sc,2019-06-10,/project/rrg-mchakrav-ab/moncia/ADNI/bids_adni3/sub-067S6525/ses-sc/anat/sub-067S6525_ses-sc_acq-3T_T1w.nii.gz,2,MCI,bids_adni3
067_S_6525,m24,2021-06-09,/project/rrg-mchakrav-ab/moncia/ADNI/bids_adni3/sub-067S6525/ses-m24/anat/sub-067S6525_ses-m24_acq-3T_T1w.nii.gz,1,CN,bids_adni3
067_S_6525,m78,2025-12-09,/project/rrg-mchakrav-ab/moncia/ADNI/bids_adni4_qc/sub-067S6525/ses-m78/anat/sub-067S6525_ses-m78_acq-3Taccel_T1w.nii.gz,1,CN,bids_adni4_qc
067_S_6529,sc,2018-08-21,/project/rrg-mchakrav-ab/moncia/ADNI/bids_adni3/sub-067S6529/ses-sc/anat/sub-067S6529_ses-sc_acq-3T_T1w.nii.gz,2,MCI,bids_adni3
067_S_6529,m18,2020-02-19,/project/rrg-mchakrav-ab/moncia/ADNI/bids_adni3/sub-067S6529/ses-m18/anat/sub-067S6529_ses-m18_acq-3T_T1w.nii.gz,2,MCI,bids_adni3
067_S_6529,m36,2021-08-20,/project/rrg-mchakrav-ab/moncia/ADNI/bids_adni3/sub-067S6529/ses-m36/anat/sub-067S6529_ses-m36_acq-3T_T1w.nii.gz,3,Dementia,bids_adni3
067_S_6529,m90,2026-02-19,/project/rrg-mchakrav-ab/moncia/ADNI/bids_adni4_qc/sub-067S6529/ses-m90/anat/sub-067S6529_ses-m90_acq-3Taccel_T1w.nii.gz,3,Dementia,bids_adni4_qc
068_S_0401,m06,2006-12-11,/project/rrg-mchakrav-ab/moncia/ADNI/bids_adni1/sub-068S0401/ses-m06/anat/sub-068S0401_ses-m06_acq-15T_T1w.nii.gz,2,MCI,bids_adni1
068_S_0401,m24,2008-06-11,/project/rrg-mchakrav-ab/moncia/ADNI/bids_adni1/sub-068S0401/ses-m24/anat/sub-068S0401_ses-m24_acq-15T_T1w.nii.gz,2,MCI,bids_adni1
068_S_0401,m48,2010-06-12,/project/rrg-mchakrav-ab/moncia/ADNI/bids_adni1/sub-068S0401/ses-m48/anat/sub-068S0401_ses-m48_acq-15T_T1w.nii.gz,2,MCI,bids_adni1
068_S_0478,m06,2006-12-27,/project/rrg-mchakrav-ab/moncia/ADNI/bids_adni1/sub-068S0478/ses-m06/anat/sub-068S0478_ses-m06_acq-15T_T1w.nii.gz,2,MCI,bids_adni1
068_S_0478,m18,2007-12-27,/project/rrg-mchakrav-ab/moncia/ADNI/bids_adni1/sub-068S0478/ses-m18/anat/sub-068S0478_ses-m18_acq-3T_T1w.nii.gz,2,MCI,bids_adni1
068_S_0478,m24,2008-06-27,/project/rrg-mchakrav-ab/moncia/ADNI/bids_adni1/sub-068S0478/ses-m24/anat/sub-068S0478_ses-m24_acq-15T_T1w.nii.gz,2,MCI,bids_adni1
068_S_0802,sc,2006-10-18,/project/rrg-mchakrav-ab/moncia/ADNI/bids_adni1/sub-068S0802/ses-sc/anat/sub-068S0802_ses-sc_acq-15T_T1w.nii.gz,2,MCI,bids_adni1
068_S_0802,m06,2007-04-18,/project/rrg-mchakrav-ab/moncia/ADNI/bids_adni1/sub-068S0802/ses-m06/anat/sub-068S0802_ses-m06_acq-15T_T1w.nii.gz,2,MCI,bids_adni1
068_S_0802,m18,2008-04-17,/project/rrg-mchakrav-ab/moncia/ADNI/bids_adni1/sub-068S0802/ses-m18/anat/sub-068S0802_ses-m18_acq-15T_T1w.nii.gz,2,MCI,bids_adni1
068_S_0802,m24,2008-10-17,/project/rrg-mchakrav-ab/moncia/ADNI/bids_adni1/sub-068S0802/ses-m24/anat/sub-068S0802_ses-m24_acq-15T_T1w.nii.gz,2,MCI,bids_adni1
068_S_0802,m84,2013-10-17,/project/rrg-mchakrav-ab/moncia/ADNI/bids_adni_go2/sub-068S0802/ses-m84/anat/sub-068S0802_ses-m84_acq-3Taccel_T1w.nii.gz,2,MCI,bids_adni_go2
068_S_0802,m108,2015-10-18,/project/rrg-mchakrav-ab/moncia/ADNI/bids_adni_go2/sub-068S0802/ses-m108/anat/sub-068S0802_ses-m108_acq-3Taccel_T1w.nii.gz,2,MCI,bids_adni_go2
068_S_0802,m132,2017-10-18,/project/rrg-mchakrav-ab/moncia/ADNI/bids_adni3/sub-068S0802/ses-m132/anat/sub-068S0802_ses-m132_acq-3T_T1w.nii.gz,2,MCI,bids_adni3
068_S_0802,m150,2019-04-19,/project/rrg-mchakrav-ab/moncia/ADNI/bids_adni3/sub-068S0802/ses-m150/anat/sub-068S0802_ses-m150_acq-3T_T1w.nii.gz,2,MCI,bids_adni3
068_S_0872,sc,2007-03-16,/project/rrg-mchakrav-ab/moncia/ADNI/bids_adni1/sub-068S0872/ses-sc/anat/sub-068S0872_ses-sc_acq-15T_T1w.nii.gz,2,MCI,bids_adni1
068_S_0872,m12,2008-03-15,/project/rrg-mchakrav-ab/moncia/ADNI/bids_adni1/sub-068S0872/ses-m12/anat/sub-068S0872_ses-m12_acq-15T_T1w.nii.gz,2,MCI,bids_adni1
068_S_0872,m18,2008-09-13,/project/rrg-mchakrav-ab/moncia/ADNI/bids_adni1/sub-068S0872/ses-m18/anat/sub-068S0872_ses-m18_acq-15T_T1w.nii.gz,2,MCI,bids_adni1
068_S_0872,m24,2009-03-15,/project/rrg-mchakrav-ab/moncia/ADNI/bids_adni1/sub-068S0872/ses-m24/anat/sub-068S0872_ses-m24_acq-15T_T1w.nii.gz,2,MCI,bids_adni1
068_S_1075,bl,2007-04-27,/project/rrg-mchakrav-ab/moncia/ADNI/bids_adni1/sub-068S1075/ses-bl/anat/sub-068S1075_ses-bl_acq-3T_T1w.nii.gz,2,MCI,bids_adni1
068_S_1075,sc,2007-04-27,/project/rrg-mchakrav-ab/moncia/ADNI/bids_adni1/sub-068S1075/ses-sc/anat/sub-068S1075_ses-sc_acq-15T_T1w.nii.gz,2,MCI,bids_adni1
068_S_1075,m12,2008-04-26,/project/rrg-mchakrav-ab/moncia/ADNI/bids_adni1/sub-068S1075/ses-m12/anat/sub-068S1075_ses-m12_acq-15T_T1w.nii.gz,2,MCI,bids_adni1
068_S_1075,m18,2008-10-25,/project/rrg-mchakrav-ab/moncia/ADNI/bids_adni1/sub-068S1075/ses-m18/anat/sub-068S1075_ses-m18_acq-15T_T1w.nii.gz,2,MCI,bids_adni1
068_S_2168,m03,2011-07-15,/project/rrg-mchakrav-ab/moncia/ADNI/bids_adni_go2/sub-068S2168/ses-m03/anat/sub-068S2168_ses-m03_acq-3Taccel_T1w.nii.gz,2,MCI,bids_adni_go2
068_S_2168,m06,2011-10-14,/project/rrg-mchakrav-ab/moncia/ADNI/bids_adni_go2/sub-068S2168/ses-m06/anat/sub-068S2168_ses-m06_acq-3Taccel_T1w.nii.gz,2,MCI,bids_adni_go2
068_S_2168,m12,2012-04-14,/project/rrg-mchakrav-ab/moncia/ADNI/bids_adni_go2/sub-068S2168/ses-m12/anat/sub-068S2168_ses-m12_acq-3Taccel_T1w.nii.gz,2,MCI,bids_adni_go2
068_S_2168,m36,2014-04-14,/project/rrg-mchakrav-ab/moncia/ADNI/bids_adni_go2/sub-068S2168/ses-m36/anat/sub-068S2168_ses-m36_acq-3Taccel_T1w.nii.gz,2,MCI,bids_adni_go2
068_S_2171,m06,2011-10-04,/project/rrg-mchakrav-ab/moncia/ADNI/bids_adni_go2/sub-068S2171/ses-m06/anat/sub-068S2171_ses-m06_acq-3Taccel_T1w.nii.gz,2,MCI,bids_adni_go2
068_S_2171,m12,2012-04-04,/project/rrg-mchakrav-ab/moncia/ADNI/bids_adni_go2/sub-068S2171/ses-m12/anat/sub-068S2171_ses-m12_acq-3Taccel_T1w.nii.gz,2,MCI,bids_adni_go2
068_S_2184,m03,2011-07-05,/project/rrg-mchakrav-ab/moncia/ADNI/bids_adni_go2/sub-068S2184/ses-m03/anat/sub-068S2184_ses-m03_acq-3Taccel_T1w.nii.gz,2,MCI,bids_adni_go2
068_S_2184,m06,2011-10-04,/project/rrg-mchakrav-ab/moncia/ADNI/bids_adni_go2/sub-068S2184/ses-m06/anat/sub-068S2184_ses-m06_acq-3Taccel_T1w.nii.gz,2,MCI,bids_adni_go2
068_S_2184,m12,2012-04-04,/project/rrg-mchakrav-ab/moncia/ADNI/bids_adni_go2/sub-068S2184/ses-m12/anat/sub-068S2184_ses-m12_acq-3Taccel_T1w.nii.gz,2,MCI,bids_adni_go2
068_S_2184,m48,2015-04-05,/project/rrg-mchakrav-ab/moncia/ADNI/bids_adni_go2/sub-068S2184/ses-m48/anat/sub-068S2184_ses-m48_acq-3Taccel_T1w.nii.gz,2,MCI,bids_adni_go2
068_S_2184,m84,2018-04-04,/project/rrg-mchakrav-ab/moncia/ADNI/bids_adni3/sub-068S2184/ses-m84/anat/sub-068S2184_ses-m84_acq-3T_T1w.nii.gz,1,CN,bids_adni3
068_S_2184,m108,2020-04-04,/project/rrg-mchakrav-ab/moncia/ADNI/bids_adni3/sub-068S2184/ses-m108/anat/sub-068S2184_ses-m108_acq-3T_T1w.nii.gz,1,CN,bids_adni3
068_S_2184,m138,2022-10-04,/project/rrg-mchakrav-ab/moncia/ADNI/bids_adni3/sub-068S2184/ses-m138/anat/sub-068S2184_ses-m138_acq-3T_T1w.nii.gz,1,CN,bids_adni3
068_S_2187,m03,2011-07-05,/project/rrg-mchakrav-ab/moncia/ADNI/bids_adni_go2/sub-068S2187/ses-m03/anat/sub-068S2187_ses-m03_acq-3Tunaccel_T1w.nii.gz,2,MCI,bids_adni_go2
068_S_2187,m06,2011-10-04,/project/rrg-mchakrav-ab/moncia/ADNI/bids_adni_go2/sub-068S2187/ses-m06/anat/sub-068S2187_ses-m06_acq-3Taccel_T1w.nii.gz,2,MCI,bids_adni_go2
068_S_2187,m12,2012-04-04,/project/rrg-mchakrav-ab/moncia/ADNI/bids_adni_go2/sub-068S2187/ses-m12/anat/sub-068S2187_ses-m12_acq-3Taccel_T1w.nii.gz,2,MCI,bids_adni_go2
068_S_2187,m24,2013-04-04,/project/rrg-mchakrav-ab/moncia/ADNI/bids_adni_go2/sub-068S2187/ses-m24/anat/sub-068S2187_ses-m24_acq-3Taccel_T1w.nii.gz,2,MCI,bids_adni_go2
068_S_2187,m48,2015-04-05,/project/rrg-mchakrav-ab/moncia/ADNI/bids_adni_go2/sub-068S2187/ses-m48/anat/sub-068S2187_ses-m48_acq-3Taccel_T1w.nii.gz,2,MCI,bids_adni_go2
068_S_2187,m78,2017-10-04,/project/rrg-mchakrav-ab/moncia/ADNI/bids_adni3/sub-068S2187/ses-m78/anat/sub-068S2187_ses-m78_acq-3T_T1w.nii.gz,2,MCI,bids_adni3
068_S_2187,m90,2018-10-04,/project/rrg-mchakrav-ab/moncia/ADNI/bids_adni3/sub-068S2187/ses-m90/anat/sub-068S2187_ses-m90_acq-3T_T1w.nii.gz,1,CN,bids_adni3
068_S_2187,m108,2020-04-04,/project/rrg-mchakrav-ab/moncia/ADNI/bids_adni3/sub-068S2187/ses-m108/anat/sub-068S2187_ses-m108_acq-3T_T1w.nii.gz,2,MCI,bids_adni3
068_S_2187,m120,2021-04-04,/project/rrg-mchakrav-ab/moncia/ADNI/bids_adni3/sub-068S2187/ses-m120/anat/sub-068S2187_ses-m120_acq-3T_T1w.nii.gz,2,MCI,bids_adni3
068_S_2193,m06,2011-10-04,/project/rrg-mchakrav-ab/moncia/ADNI/bids_adni_go2/sub-068S2193/ses-m06/anat/sub-068S2193_ses-m06_acq-3Taccel_T1w.nii.gz,2,MCI,bids_adni_go2
068_S_2193,m12,2012-04-04,/project/rrg-mchakrav-ab/moncia/ADNI/bids_adni_go2/sub-068S2193/ses-m12/anat/sub-068S2193_ses-m12_acq-3Taccel_T1w.nii.gz,2,MCI,bids_adni_go2
068_S_2194,m03,2011-07-05,/project/rrg-mchakrav-ab/moncia/ADNI/bids_adni_go2/sub-068S2194/ses-m03/anat/sub-068S2194_ses-m03_acq-3Taccel_T1w.nii.gz,2,MCI,bids_adni_go2
068_S_2194,m06,2011-10-04,/project/rrg-mchakrav-ab/moncia/ADNI/bids_adni_go2/sub-068S2194/ses-m06/anat/sub-068S2194_ses-m06_acq-3Taccel_T1w.nii.gz,2,MCI,bids_adni_go2
068_S_2248,m03,2011-07-05,/project/rrg-mchakrav-ab/moncia/ADNI/bids_adni_go2/sub-068S2248/ses-m03/anat/sub-068S2248_ses-m03_acq-3Taccel_T1w.nii.gz,2,MCI,bids_adni_go2
068_S_2248,m06,2011-10-04,/project/rrg-mchakrav-ab/moncia/ADNI/bids_adni_go2/sub-068S2248/ses-m06/anat/sub-068S2248_ses-m06_acq-3Taccel_T1w.nii.gz,2,MCI,bids_adni_go2
068_S_2248,m12,2012-04-04,/project/rrg-mchakrav-ab/moncia/ADNI/bids_adni_go2/sub-068S2248/ses-m12/anat/sub-068S2248_ses-m12_acq-3Taccel_T1w.nii.gz,2,MCI,bids_adni_go2
068_S_2248,m24,2013-04-04,/project/rrg-mchakrav-ab/moncia/ADNI/bids_adni_go2/sub-068S2248/ses-m24/anat/sub-068S2248_ses-m24_acq-3Taccel_T1w.nii.gz,3,Dementia,bids_adni_go2
068_S_2315,m03,2011-10-14,/project/rrg-mchakrav-ab/moncia/ADNI/bids_adni_go2/sub-068S2315/ses-m03/anat/sub-068S2315_ses-m03_acq-3Taccel_T1w.nii.gz,2,MCI,bids_adni_go2
068_S_2315,m06,2012-01-13,/project/rrg-mchakrav-ab/moncia/ADNI/bids_adni_go2/sub-068S2315/ses-m06/anat/sub-068S2315_ses-m06_acq-3Taccel_T1w.nii.gz,2,MCI,bids_adni_go2
068_S_2315,m12,2012-07-14,/project/rrg-mchakrav-ab/moncia/ADNI/bids_adni_go2/sub-068S2315/ses-m12/anat/sub-068S2315_ses-m12_acq-3Taccel_T1w.nii.gz,2,MCI,bids_adni_go2
068_S_2315,m78,2018-01-13,/project/rrg-mchakrav-ab/moncia/ADNI/bids_adni3/sub-068S2315/ses-m78/anat/sub-068S2315_ses-m78_acq-3T_T1w.nii.gz,1,CN,bids_adni3
068_S_2315,m114,2021-01-13,/project/rrg-mchakrav-ab/moncia/ADNI/bids_adni3/sub-068S2315/ses-m114/anat/sub-068S2315_ses-m114_acq-3T_T1w.nii.gz,2,MCI,bids_adni3
068_S_2315,m132,2022-07-15,/project/rrg-mchakrav-ab/moncia/ADNI/bids_adni3/sub-068S2315/ses-m132/anat/sub-068S2315_ses-m132_acq-3T_T1w.nii.gz,2,MCI,bids_adni3
068_S_2316,m03,2011-10-14,/project/rrg-mchakrav-ab/moncia/ADNI/bids_adni_go2/sub-068S2316/ses-m03/anat/sub-068S2316_ses-m03_acq-3Taccel_T1w.nii.gz,2,MCI,bids_adni_go2
068_S_2316,m06,2012-01-13,/project/rrg-mchakrav-ab/moncia/ADNI/bids_adni_go2/sub-068S2316/ses-m06/anat/sub-068S2316_ses-m06_acq-3Taccel_T1w.nii.gz,2,MCI,bids_adni_go2
068_S_2316,m12,2012-07-14,/project/rrg-mchakrav-ab/moncia/ADNI/bids_adni_go2/sub-068S2316/ses-m12/anat/sub-068S2316_ses-m12_acq-3Taccel_T1w.nii.gz,2,MCI,bids_adni_go2
068_S_4061,m03,2011-08-26,/project/rrg-mchakrav-ab/moncia/ADNI/bids_adni_go2/sub-068S4061/ses-m03/anat/sub-068S4061_ses-m03_acq-3Taccel_T1w.nii.gz,2,MCI,bids_adni_go2
068_S_4061,m06,2011-11-25,/project/rrg-mchakrav-ab/moncia/ADNI/bids_adni_go2/sub-068S4061/ses-m06/anat/sub-068S4061_ses-m06_acq-3Taccel_T1w.nii.gz,2,MCI,bids_adni_go2
068_S_4061,m12,2012-05-26,/project/rrg-mchakrav-ab/moncia/ADNI/bids_adni_go2/sub-068S4061/ses-m12/anat/sub-068S4061_ses-m12_acq-3Taccel_T1w.nii.gz,2,MCI,bids_adni_go2
068_S_4061,m24,2013-05-26,/project/rrg-mchakrav-ab/moncia/ADNI/bids_adni_go2/sub-068S4061/ses-m24/anat/sub-068S4061_ses-m24_acq-3Taccel_T1w.nii.gz,2,MCI,bids_adni_go2
068_S_4061,m60,2016-05-26,/project/rrg-mchakrav-ab/moncia/ADNI/bids_adni_go2/sub-068S4061/ses-m60/anat/sub-068S4061_ses-m60_acq-3Taccel_T1w.nii.gz,2,MCI,bids_adni_go2
068_S_4061,m78,2017-11-25,/project/rrg-mchakrav-ab/moncia/ADNI/bids_adni3/sub-068S4061/ses-m78/anat/sub-068S4061_ses-m78_acq-3T_T1w.nii.gz,1,CN,bids_adni3
068_S_4061,m102,2019-11-25,/project/rrg-mchakrav-ab/moncia/ADNI/bids_adni3/sub-068S4061/ses-m102/anat/sub-068S4061_ses-m102_acq-3T_T1w.nii.gz,1,CN,bids_adni3
068_S_4067,m03,2011-08-26,/project/rrg-mchakrav-ab/moncia/ADNI/bids_adni_go2/sub-068S4067/ses-m03/anat/sub-068S4067_ses-m03_acq-3Taccel_T1w.nii.gz,2,MCI,bids_adni_go2
068_S_4067,m12,2012-05-26,/project/rrg-mchakrav-ab/moncia/ADNI/bids_adni_go2/sub-068S4067/ses-m12/anat/sub-068S4067_ses-m12_acq-3Taccel_T1w.nii.gz,2,MCI,bids_adni_go2
068_S_4067,m36,2014-05-26,/project/rrg-mchakrav-ab/moncia/ADNI/bids_adni_go2/sub-068S4067/ses-m36/anat/sub-068S4067_ses-m36_acq-3Taccel_T1w.nii.gz,2,MCI,bids_adni_go2
068_S_4067,m72,2017-05-26,/project/rrg-mchakrav-ab/moncia/ADNI/bids_adni3/sub-068S4067/ses-m72/anat/sub-068S4067_ses-m72_acq-3T_T1w.nii.gz,2,MCI,bids_adni3
068_S_4134,m03,2011-10-21,/project/rrg-mchakrav-ab/moncia/ADNI/bids_adni_go2/sub-068S4134/ses-m03/anat/sub-068S4134_ses-m03_acq-3Taccel_T1w.nii.gz,2,MCI,bids_adni_go2
068_S_4134,m12,2012-07-21,/project/rrg-mchakrav-ab/moncia/ADNI/bids_adni_go2/sub-068S4134/ses-m12/anat/sub-068S4134_ses-m12_acq-3Taccel_T1w.nii.gz,2,MCI,bids_adni_go2
068_S_4217,m03,2011-12-01,/project/rrg-mchakrav-ab/moncia/ADNI/bids_adni_go2/sub-068S4217/ses-m03/anat/sub-068S4217_ses-m03_acq-3Taccel_T1w.nii.gz,2,MCI,bids_adni_go2
068_S_4217,m06,2012-03-01,/project/rrg-mchakrav-ab/moncia/ADNI/bids_adni_go2/sub-068S4217/ses-m06/anat/sub-068S4217_ses-m06_acq-3Taccel_T1w.nii.gz,2,MCI,bids_adni_go2
068_S_4217,m12,2012-08-31,/project/rrg-mchakrav-ab/moncia/ADNI/bids_adni_go2/sub-068S4217/ses-m12/anat/sub-068S4217_ses-m12_acq-3Taccel_T1w.nii.gz,2,MCI,bids_adni_go2
068_S_4217,m24,2013-08-31,/project/rrg-mchakrav-ab/moncia/ADNI/bids_adni_go2/sub-068S4217/ses-m24/anat/sub-068S4217_ses-m24_acq-3Taccel_T1w.nii.gz,2,MCI,bids_adni_go2
068_S_4274,m03,2012-01-05,/project/rrg-mchakrav-ab/moncia/ADNI/bids_adni_go2/sub-068S4274/ses-m03/anat/sub-068S4274_ses-m03_acq-3Taccel_T1w.nii.gz,2,MCI,bids_adni_go2
068_S_4274,m12,2012-10-05,/project/rrg-mchakrav-ab/moncia/ADNI/bids_adni_go2/sub-068S4274/ses-m12/anat/sub-068S4274_ses-m12_acq-3Taccel_T1w.nii.gz,2,MCI,bids_adni_go2
068_S_4332,m03,2012-01-30,/project/rrg-mchakrav-ab/moncia/ADNI/bids_adni_go2/sub-068S4332/ses-m03/anat/sub-068S4332_ses-m03_acq-3Taccel_T1w.nii.gz,2,MCI,bids_adni_go2
068_S_4332,m36,2014-10-30,/project/rrg-mchakrav-ab/moncia/ADNI/bids_adni_go2/sub-068S4332/ses-m36/anat/sub-068S4332_ses-m36_acq-3Taccel_T1w.nii.gz,2,MCI,bids_adni_go2
068_S_4332,m66,2017-05-01,/project/rrg-mchakrav-ab/moncia/ADNI/bids_adni_go2/sub-068S4332/ses-m66/anat/sub-068S4332_ses-m66_acq-3Taccel_T1w.nii.gz,1,CN,bids_adni_go2
068_S_4332,m78,2018-05-01,/project/rrg-mchakrav-ab/moncia/ADNI/bids_adni3/sub-068S4332/ses-m78/anat/sub-068S4332_ses-m78_acq-3T_T1w.nii.gz,1,CN,bids_adni3
068_S_4332,m96,2019-10-31,/project/rrg-mchakrav-ab/moncia/ADNI/bids_adni3/sub-068S4332/ses-m96/anat/sub-068S4332_ses-m96_acq-3T_T1w.nii.gz,1,CN,bids_adni3
068_S_4431,m36,2015-01-31,/project/rrg-mchakrav-ab/moncia/ADNI/bids_adni_go2/sub-068S4431/ses-m36/anat/sub-068S4431_ses-m36_acq-3Taccel_T1w.nii.gz,2,MCI,bids_adni_go2
068_S_4431,m66,2017-08-02,/project/rrg-mchakrav-ab/moncia/ADNI/bids_adni3/sub-068S4431/ses-m66/anat/sub-068S4431_ses-m66_acq-3T_T1w.nii.gz,2,MCI,bids_adni3
068_S_4431,m84,2019-01-31,/project/rrg-mchakrav-ab/moncia/ADNI/bids_adni3/sub-068S4431/ses-m84/anat/sub-068S4431_ses-m84_acq-3T_T1w.nii.gz,2,MCI,bids_adni3
070_S_4793,m03,2012-09-05,/project/rrg-mchakrav-ab/moncia/ADNI/bids_adni_go2/sub-070S4793/ses-m03/anat/sub-070S4793_ses-m03_acq-3Taccel_T1w.nii.gz,2,MCI,bids_adni_go2
070_S_4793,m06,2012-12-05,/project/rrg-mchakrav-ab/moncia/ADNI/bids_adni_go2/sub-070S4793/ses-m06/anat/sub-070S4793_ses-m06_acq-3Taccel_T1w.nii.gz,2,MCI,bids_adni_go2
070_S_6229,sc,2018-02-13,/project/rrg-mchakrav-ab/moncia/ADNI/bids_adni3/sub-070S6229/ses-sc/anat/sub-070S6229_ses-sc_acq-3T_T1w.nii.gz,2,MCI,bids_adni3
070_S_6229,m12,2019-02-13,/project/rrg-mchakrav-ab/moncia/ADNI/bids_adni3/sub-070S6229/ses-m12/anat/sub-070S6229_ses-m12_acq-3T_T1w.nii.gz,2,MCI,bids_adni3
070_S_6229,m36,2021-02-12,/project/rrg-mchakrav-ab/moncia/ADNI/bids_adni3/sub-070S6229/ses-m36/anat/sub-070S6229_ses-m36_acq-3T_T1w.nii.gz,2,MCI,bids_adni3
070_S_6229,m48,2022-02-13,/project/rrg-mchakrav-ab/moncia/ADNI/bids_adni3/sub-070S6229/ses-m48/anat/sub-070S6229_ses-m48_acq-3T_T1w.nii.gz,2,MCI,bids_adni3
070_S_6229,m78,2024-08-14,/project/rrg-mchakrav-ab/moncia/ADNI/bids_adni4_qc/sub-070S6229/ses-m78/anat/sub-070S6229_ses-m78_acq-3Taccel_T1w.nii.gz,2,MCI,bids_adni4_qc
070_S_6236,sc,2018-02-15,/project/rrg-mchakrav-ab/moncia/ADNI/bids_adni3/sub-070S6236/ses-sc/anat/sub-070S6236_ses-sc_acq-3T_T1w.nii.gz,2,MCI,bids_adni3
070_S_6236,m12,2019-02-15,/project/rrg-mchakrav-ab/moncia/ADNI/bids_adni3/sub-070S6236/ses-m12/anat/sub-070S6236_ses-m12_acq-3T_T1w.nii.gz,2,MCI,bids_adni3
070_S_6236,m24,2020-02-15,/project/rrg-mchakrav-ab/moncia/ADNI/bids_adni3/sub-070S6236/ses-m24/anat/sub-070S6236_ses-m24_acq-3T_T1w.nii.gz,2,MCI,bids_adni3
070_S_6236,m36,2021-02-14,/project/rrg-mchakrav-ab/moncia/ADNI/bids_adni3/sub-070S6236/ses-m36/anat/sub-070S6236_ses-m36_acq-3T_T1w.nii.gz,2,MCI,bids_adni3
070_S_6236,m48,2022-02-15,/project/rrg-mchakrav-ab/moncia/ADNI/bids_adni3/sub-070S6236/ses-m48/anat/sub-070S6236_ses-m48_acq-3T_T1w.nii.gz,2,MCI,bids_adni3
072_S_1380,sc,2007-07-05,/project/rrg-mchakrav-ab/moncia/ADNI/bids_adni1/sub-072S1380/ses-sc/anat/sub-072S1380_ses-sc_acq-15T_T1w.nii.gz,2,MCI,bids_adni1
072_S_1380,m18,2009-01-02,/project/rrg-mchakrav-ab/moncia/ADNI/bids_adni1/sub-072S1380/ses-m18/anat/sub-072S1380_ses-m18_acq-15T_T1w.nii.gz,2,MCI,bids_adni1
072_S_1380,m24,2009-07-04,/project/rrg-mchakrav-ab/moncia/ADNI/bids_adni1/sub-072S1380/ses-m24/anat/sub-072S1380_ses-m24_acq-15T_T1w.nii.gz,2,MCI,bids_adni1
072_S_1380,m36,2010-07-04,/project/rrg-mchakrav-ab/moncia/ADNI/bids_adni1/sub-072S1380/ses-m36/anat/sub-072S1380_ses-m36_acq-15T_T1w.nii.gz,2,MCI,bids_adni1
072_S_2026,m03,2010-11-11,/project/rrg-mchakrav-ab/moncia/ADNI/bids_adni_go2/sub-072S2026/ses-m03/anat/sub-072S2026_ses-m03_acq-3Taccel_T1w.nii.gz,2,MCI,bids_adni_go2
072_S_2026,m06,2011-02-10,/project/rrg-mchakrav-ab/moncia/ADNI/bids_adni_go2/sub-072S2026/ses-m06/anat/sub-072S2026_ses-m06_acq-3Taccel_T1w.nii.gz,2,MCI,bids_adni_go2
072_S_2026,m12,2011-08-12,/project/rrg-mchakrav-ab/moncia/ADNI/bids_adni_go2/sub-072S2026/ses-m12/anat/sub-072S2026_ses-m12_acq-3Taccel_T1w.nii.gz,2,MCI,bids_adni_go2
072_S_2027,m03,2010-12-03,/project/rrg-mchakrav-ab/moncia/ADNI/bids_adni_go2/sub-072S2027/ses-m03/anat/sub-072S2027_ses-m03_acq-3Taccel_T1w.nii.gz,2,MCI,bids_adni_go2
072_S_2027,m06,2011-03-04,/project/rrg-mchakrav-ab/moncia/ADNI/bids_adni_go2/sub-072S2027/ses-m06/anat/sub-072S2027_ses-m06_acq-3Tunaccel_T1w.nii.gz,2,MCI,bids_adni_go2
072_S_2027,m12,2011-09-03,/project/rrg-mchakrav-ab/moncia/ADNI/bids_adni_go2/sub-072S2027/ses-m12/anat/sub-072S2027_ses-m12_acq-3Taccel_T1w.nii.gz,2,MCI,bids_adni_go2
072_S_2027,m24,2012-09-02,/project/rrg-mchakrav-ab/moncia/ADNI/bids_adni_go2/sub-072S2027/ses-m24/anat/sub-072S2027_ses-m24_acq-3Taccel_T1w.nii.gz,2,MCI,bids_adni_go2
072_S_2037,m03,2010-11-23,/project/rrg-mchakrav-ab/moncia/ADNI/bids_adni_go2/sub-072S2037/ses-m03/anat/sub-072S2037_ses-m03_acq-3Taccel_T1w.nii.gz,2,MCI,bids_adni_go2
072_S_2037,m06,2011-02-22,/project/rrg-mchakrav-ab/moncia/ADNI/bids_adni_go2/sub-072S2037/ses-m06/anat/sub-072S2037_ses-m06_acq-3Taccel_T1w.nii.gz,2,MCI,bids_adni_go2
072_S_2037,m12,2011-08-24,/project/rrg-mchakrav-ab/moncia/ADNI/bids_adni_go2/sub-072S2037/ses-m12/anat/sub-072S2037_ses-m12_acq-3Taccel_T1w.nii.gz,2,MCI,bids_adni_go2
072_S_2037,m24,2012-08-23,/project/rrg-mchakrav-ab/moncia/ADNI/bids_adni_go2/sub-072S2037/ses-m24/anat/sub-072S2037_ses-m24_acq-3Taccel_T1w.nii.gz,2,MCI,bids_adni_go2
072_S_2037,m36,2013-08-23,/project/rrg-mchakrav-ab/moncia/ADNI/bids_adni_go2/sub-072S2037/ses-m36/anat/sub-072S2037_ses-m36_acq-3Taccel_T1w.nii.gz,2,MCI,bids_adni_go2
072_S_2037,m48,2014-08-24,/project/rrg-mchakrav-ab/moncia/ADNI/bids_adni_go2/sub-072S2037/ses-m48/anat/sub-072S2037_ses-m48_acq-3Taccel_T1w.nii.gz,2,MCI,bids_adni_go2
072_S_2072,m03,2010-12-21,/project/rrg-mchakrav-ab/moncia/ADNI/bids_adni_go2/sub-072S2072/ses-m03/anat/sub-072S2072_ses-m03_acq-3Taccel_T1w.nii.gz,2,MCI,bids_adni_go2
072_S_2072,m06,2011-03-22,/project/rrg-mchakrav-ab/moncia/ADNI/bids_adni_go2/sub-072S2072/ses-m06/anat/sub-072S2072_ses-m06_acq-3Taccel_T1w.nii.gz,2,MCI,bids_adni_go2
072_S_2072,m12,2011-09-21,/project/rrg-mchakrav-ab/moncia/ADNI/bids_adni_go2/sub-072S2072/ses-m12/anat/sub-072S2072_ses-m12_acq-3Taccel_T1w.nii.gz,2,MCI,bids_adni_go2
072_S_2072,m24,2012-09-20,/project/rrg-mchakrav-ab/moncia/ADNI/bids_adni_go2/sub-072S2072/ses-m24/anat/sub-072S2072_ses-m24_acq-3Taccel_T1w.nii.gz,2,MCI,bids_adni_go2
072_S_2072,m36,2013-09-20,/project/rrg-mchakrav-ab/moncia/ADNI/bids_adni_go2/sub-072S2072/ses-m36/anat/sub-072S2072_ses-m36_acq-3Taccel_T1w.nii.gz,2,MCI,bids_adni_go2
072_S_2072,m48,2014-09-21,/project/rrg-mchakrav-ab/moncia/ADNI/bids_adni_go2/sub-072S2072/ses-m48/anat/sub-072S2072_ses-m48_acq-3Taccel_T1w.nii.gz,2,MCI,bids_adni_go2
072_S_2083,m03,2010-12-27,/project/rrg-mchakrav-ab/moncia/ADNI/bids_adni_go2/sub-072S2083/ses-m03/anat/sub-072S2083_ses-m03_acq-3Taccel_T1w.nii.gz,2,MCI,bids_adni_go2
072_S_2083,m06,2011-03-28,/project/rrg-mchakrav-ab/moncia/ADNI/bids_adni_go2/sub-072S2083/ses-m06/anat/sub-072S2083_ses-m06_acq-3Taccel_T1w.nii.gz,2,MCI,bids_adni_go2
072_S_2083,m12,2011-09-27,/project/rrg-mchakrav-ab/moncia/ADNI/bids_adni_go2/sub-072S2083/ses-m12/anat/sub-072S2083_ses-m12_acq-3Taccel_T1w.nii.gz,2,MCI,bids_adni_go2
072_S_2083,m24,2012-09-26,/project/rrg-mchakrav-ab/moncia/ADNI/bids_adni_go2/sub-072S2083/ses-m24/anat/sub-072S2083_ses-m24_acq-3Taccel_T1w.nii.gz,2,MCI,bids_adni_go2
072_S_2083,m36,2013-09-26,/project/rrg-mchakrav-ab/moncia/ADNI/bids_adni_go2/sub-072S2083/ses-m36/anat/sub-072S2083_ses-m36_acq-3Taccel_T1w.nii.gz,2,MCI,bids_adni_go2
072_S_2083,m48,2014-09-27,/project/rrg-mchakrav-ab/moncia/ADNI/bids_adni_go2/sub-072S2083/ses-m48/anat/sub-072S2083_ses-m48_acq-3Taccel_T1w.nii.gz,2,MCI,bids_adni_go2
072_S_2093,m03,2011-01-21,/project/rrg-mchakrav-ab/moncia/ADNI/bids_adni_go2/sub-072S2093/ses-m03/anat/sub-072S2093_ses-m03_acq-3Taccel_T1w.nii.gz,2,MCI,bids_adni_go2
072_S_2093,m06,2011-04-22,/project/rrg-mchakrav-ab/moncia/ADNI/bids_adni_go2/sub-072S2093/ses-m06/anat/sub-072S2093_ses-m06_acq-3Taccel_T1w.nii.gz,2,MCI,bids_adni_go2
072_S_2093,m12,2011-10-22,/project/rrg-mchakrav-ab/moncia/ADNI/bids_adni_go2/sub-072S2093/ses-m12/anat/sub-072S2093_ses-m12_acq-3Taccel_T1w.nii.gz,2,MCI,bids_adni_go2
072_S_2093,m24,2012-10-21,/project/rrg-mchakrav-ab/moncia/ADNI/bids_adni_go2/sub-072S2093/ses-m24/anat/sub-072S2093_ses-m24_acq-3Taccel_T1w.nii.gz,2,MCI,bids_adni_go2
072_S_2093,m36,2013-10-21,/project/rrg-mchakrav-ab/moncia/ADNI/bids_adni_go2/sub-072S2093/ses-m36/anat/sub-072S2093_ses-m36_acq-3Taccel_T1w.nii.gz,2,MCI,bids_adni_go2
072_S_2093,m48,2014-10-22,/project/rrg-mchakrav-ab/moncia/ADNI/bids_adni_go2/sub-072S2093/ses-m48/anat/sub-072S2093_ses-m48_acq-3Taccel_T1w.nii.gz,2,MCI,bids_adni_go2
072_S_2116,m03,2011-01-28,/project/rrg-mchakrav-ab/moncia/ADNI/bids_adni_go2/sub-072S2116/ses-m03/anat/sub-072S2116_ses-m03_acq-3Taccel_T1w.nii.gz,2,MCI,bids_adni_go2
072_S_2116,m06,2011-04-29,/project/rrg-mchakrav-ab/moncia/ADNI/bids_adni_go2/sub-072S2116/ses-m06/anat/sub-072S2116_ses-m06_acq-3Taccel_T1w.nii.gz,2,MCI,bids_adni_go2
072_S_2116,m12,2011-10-29,/project/rrg-mchakrav-ab/moncia/ADNI/bids_adni_go2/sub-072S2116/ses-m12/anat/sub-072S2116_ses-m12_acq-3Taccel_T1w.nii.gz,2,MCI,bids_adni_go2
072_S_2116,m24,2012-10-28,/project/rrg-mchakrav-ab/moncia/ADNI/bids_adni_go2/sub-072S2116/ses-m24/anat/sub-072S2116_ses-m24_acq-3Taccel_T1w.nii.gz,2,MCI,bids_adni_go2
072_S_2116,m36,2013-10-28,/project/rrg-mchakrav-ab/moncia/ADNI/bids_adni_go2/sub-072S2116/ses-m36/anat/sub-072S2116_ses-m36_acq-3Taccel_T1w.nii.gz,2,MCI,bids_adni_go2
072_S_2116,m48,2014-10-29,/project/rrg-mchakrav-ab/moncia/ADNI/bids_adni_go2/sub-072S2116/ses-m48/anat/sub-072S2116_ses-m48_acq-3Taccel_T1w.nii.gz,2,MCI,bids_adni_go2
072_S_2164,m03,2011-03-03,/project/rrg-mchakrav-ab/moncia/ADNI/bids_adni_go2/sub-072S2164/ses-m03/anat/sub-072S2164_ses-m03_acq-3Taccel_T1w.nii.gz,2,MCI,bids_adni_go2
072_S_2164,m06,2011-06-02,/project/rrg-mchakrav-ab/moncia/ADNI/bids_adni_go2/sub-072S2164/ses-m06/anat/sub-072S2164_ses-m06_acq-3Taccel_T1w.nii.gz,2,MCI,bids_adni_go2
072_S_2164,m12,2011-12-02,/project/rrg-mchakrav-ab/moncia/ADNI/bids_adni_go2/sub-072S2164/ses-m12/anat/sub-072S2164_ses-m12_acq-3Taccel_T1w.nii.gz,2,MCI,bids_adni_go2
072_S_2164,m24,2012-12-01,/project/rrg-mchakrav-ab/moncia/ADNI/bids_adni_go2/sub-072S2164/ses-m24/anat/sub-072S2164_ses-m24_acq-3Taccel_T1w.nii.gz,2,MCI,bids_adni_go2
072_S_2164,m36,2013-12-01,/project/rrg-mchakrav-ab/moncia/ADNI/bids_adni_go2/sub-072S2164/ses-m36/anat/sub-072S2164_ses-m36_acq-3Taccel_T1w.nii.gz,2,MCI,bids_adni_go2
072_S_2164,m48,2014-12-02,/project/rrg-mchakrav-ab/moncia/ADNI/bids_adni_go2/sub-072S2164/ses-m48/anat/sub-072S2164_ses-m48_acq-3Taccel_T1w.nii.gz,2,MCI,bids_adni_go2
072_S_4007,m06,2011-09-02,/project/rrg-mchakrav-ab/moncia/ADNI/bids_adni_go2/sub-072S4007/ses-m06/anat/sub-072S4007_ses-m06_acq-3Taccel_T1w.nii.gz,2,MCI,bids_adni_go2
072_S_4007,m12,2012-03-03,/project/rrg-mchakrav-ab/moncia/ADNI/bids_adni_go2/sub-072S4007/ses-m12/anat/sub-072S4007_ses-m12_acq-3Taccel_T1w.nii.gz,2,MCI,bids_adni_go2
072_S_4007,m24,2013-03-03,/project/rrg-mchakrav-ab/moncia/ADNI/bids_adni_go2/sub-072S4007/ses-m24/anat/sub-072S4007_ses-m24_acq-3Taccel_T1w.nii.gz,2,MCI,bids_adni_go2
072_S_4057,m03,2011-08-17,/project/rrg-mchakrav-ab/moncia/ADNI/bids_adni_go2/sub-072S4057/ses-m03/anat/sub-072S4057_ses-m03_acq-3Taccel_T1w.nii.gz,2,MCI,bids_adni_go2
072_S_4057,m06,2011-11-16,/project/rrg-mchakrav-ab/moncia/ADNI/bids_adni_go2/sub-072S4057/ses-m06/anat/sub-072S4057_ses-m06_acq-3Taccel_T1w.nii.gz,3,Dementia,bids_adni_go2
072_S_4057,m12,2012-05-17,/project/rrg-mchakrav-ab/moncia/ADNI/bids_adni_go2/sub-072S4057/ses-m12/anat/sub-072S4057_ses-m12_acq-3Taccel_T1w.nii.gz,3,Dementia,bids_adni_go2
072_S_4057,m24,2013-05-17,/project/rrg-mchakrav-ab/moncia/ADNI/bids_adni_go2/sub-072S4057/ses-m24/anat/sub-072S4057_ses-m24_acq-3Taccel_T1w.nii.gz,3,Dementia,bids_adni_go2
072_S_4063,m03,2011-08-19,/project/rrg-mchakrav-ab/moncia/ADNI/bids_adni_go2/sub-072S4063/ses-m03/anat/sub-072S4063_ses-m03_acq-3Taccel_T1w.nii.gz,2,MCI,bids_adni_go2
072_S_4063,m06,2011-11-18,/project/rrg-mchakrav-ab/moncia/ADNI/bids_adni_go2/sub-072S4063/ses-m06/anat/sub-072S4063_ses-m06_acq-3Taccel_T1w.nii.gz,2,MCI,bids_adni_go2
072_S_4063,m12,2012-05-19,/project/rrg-mchakrav-ab/moncia/ADNI/bids_adni_go2/sub-072S4063/ses-m12/anat/sub-072S4063_ses-m12_acq-3Taccel_T1w.nii.gz,2,MCI,bids_adni_go2
072_S_4063,m24,2013-05-19,/project/rrg-mchakrav-ab/moncia/ADNI/bids_adni_go2/sub-072S4063/ses-m24/anat/sub-072S4063_ses-m24_acq-3Taccel_T1w.nii.gz,2,MCI,bids_adni_go2
072_S_4063,m36,2014-05-19,/project/rrg-mchakrav-ab/moncia/ADNI/bids_adni_go2/sub-072S4063/ses-m36/anat/sub-072S4063_ses-m36_acq-3Taccel_T1w.nii.gz,2,MCI,bids_adni_go2
072_S_4102,m03,2011-10-10,/project/rrg-mchakrav-ab/moncia/ADNI/bids_adni_go2/sub-072S4102/ses-m03/anat/sub-072S4102_ses-m03_acq-3Taccel_T1w.nii.gz,2,MCI,bids_adni_go2
072_S_4102,m06,2012-01-09,/project/rrg-mchakrav-ab/moncia/ADNI/bids_adni_go2/sub-072S4102/ses-m06/anat/sub-072S4102_ses-m06_acq-3Taccel_T1w.nii.gz,2,MCI,bids_adni_go2
072_S_4102,m12,2012-07-10,/project/rrg-mchakrav-ab/moncia/ADNI/bids_adni_go2/sub-072S4102/ses-m12/anat/sub-072S4102_ses-m12_acq-3Taccel_T1w.nii.gz,3,Dementia,bids_adni_go2
072_S_4131,m03,2011-10-10,/project/rrg-mchakrav-ab/moncia/ADNI/bids_adni_go2/sub-072S4131/ses-m03/anat/sub-072S4131_ses-m03_acq-3Taccel_T1w.nii.gz,2,MCI,bids_adni_go2
072_S_4131,m06,2012-01-09,/project/rrg-mchakrav-ab/moncia/ADNI/bids_adni_go2/sub-072S4131/ses-m06/anat/sub-072S4131_ses-m06_acq-3Taccel_T1w.nii.gz,2,MCI,bids_adni_go2
072_S_4131,m12,2012-07-10,/project/rrg-mchakrav-ab/moncia/ADNI/bids_adni_go2/sub-072S4131/ses-m12/anat/sub-072S4131_ses-m12_acq-3Taccel_T1w.nii.gz,3,Dementia,bids_adni_go2
072_S_4206,m03,2011-11-29,/project/rrg-mchakrav-ab/moncia/ADNI/bids_adni_go2/sub-072S4206/ses-m03/anat/sub-072S4206_ses-m03_acq-3Taccel_T1w.nii.gz,2,MCI,bids_adni_go2
072_S_4206,m06,2012-02-28,/project/rrg-mchakrav-ab/moncia/ADNI/bids_adni_go2/sub-072S4206/ses-m06/anat/sub-072S4206_ses-m06_acq-3Taccel_T1w.nii.gz,2,MCI,bids_adni_go2
072_S_4206,m12,2012-08-29,/project/rrg-mchakrav-ab/moncia/ADNI/bids_adni_go2/sub-072S4206/ses-m12/anat/sub-072S4206_ses-m12_acq-3Taccel_T1w.nii.gz,2,MCI,bids_adni_go2
072_S_4206,m24,2013-08-29,/project/rrg-mchakrav-ab/moncia/ADNI/bids_adni_go2/sub-072S4206/ses-m24/anat/sub-072S4206_ses-m24_acq-3Taccel_T1w.nii.gz,2,MCI,bids_adni_go2
072_S_4206,m36,2014-08-29,/project/rrg-mchakrav-ab/moncia/ADNI/bids_adni_go2/sub-072S4206/ses-m36/anat/sub-072S4206_ses-m36_acq-3Taccel_T1w.nii.gz,2,MCI,bids_adni_go2
072_S_4226,m03,2011-12-13,/project/rrg-mchakrav-ab/moncia/ADNI/bids_adni_go2/sub-072S4226/ses-m03/anat/sub-072S4226_ses-m03_acq-3Taccel_T1w.nii.gz,2,MCI,bids_adni_go2
072_S_4226,m06,2012-03-13,/project/rrg-mchakrav-ab/moncia/ADNI/bids_adni_go2/sub-072S4226/ses-m06/anat/sub-072S4226_ses-m06_acq-3Taccel_T1w.nii.gz,2,MCI,bids_adni_go2
072_S_4226,m24,2013-09-12,/project/rrg-mchakrav-ab/moncia/ADNI/bids_adni_go2/sub-072S4226/ses-m24/anat/sub-072S4226_ses-m24_acq-3Taccel_T1w.nii.gz,2,MCI,bids_adni_go2
072_S_4226,m36,2014-09-12,/project/rrg-mchakrav-ab/moncia/ADNI/bids_adni_go2/sub-072S4226/ses-m36/anat/sub-072S4226_ses-m36_acq-3Taccel_T1w.nii.gz,2,MCI,bids_adni_go2
072_S_4383,m03,2012-02-27,/project/rrg-mchakrav-ab/moncia/ADNI/bids_adni_go2/sub-072S4383/ses-m03/anat/sub-072S4383_ses-m03_acq-3Taccel_T1w.nii.gz,2,MCI,bids_adni_go2
072_S_4383,m06,2012-05-28,/project/rrg-mchakrav-ab/moncia/ADNI/bids_adni_go2/sub-072S4383/ses-m06/anat/sub-072S4383_ses-m06_acq-3Taccel_T1w.nii.gz,2,MCI,bids_adni_go2
072_S_4383,m12,2012-11-27,/project/rrg-mchakrav-ab/moncia/ADNI/bids_adni_go2/sub-072S4383/ses-m12/anat/sub-072S4383_ses-m12_acq-3Taccel_T1w.nii.gz,2,MCI,bids_adni_go2
072_S_4383,m24,2013-11-27,/project/rrg-mchakrav-ab/moncia/ADNI/bids_adni_go2/sub-072S4383/ses-m24/anat/sub-072S4383_ses-m24_acq-3Taccel_T1w.nii.gz,2,MCI,bids_adni_go2
072_S_4383,m36,2014-11-27,/project/rrg-mchakrav-ab/moncia/ADNI/bids_adni_go2/sub-072S4383/ses-m36/anat/sub-072S4383_ses-m36_acq-3Taccel_T1w.nii.gz,2,MCI,bids_adni_go2
072_S_4390,m03,2012-02-28,/project/rrg-mchakrav-ab/moncia/ADNI/bids_adni_go2/sub-072S4390/ses-m03/anat/sub-072S4390_ses-m03_acq-3Taccel_T1w.nii.gz,2,MCI,bids_adni_go2
072_S_4390,m06,2012-05-29,/project/rrg-mchakrav-ab/moncia/ADNI/bids_adni_go2/sub-072S4390/ses-m06/anat/sub-072S4390_ses-m06_acq-3Taccel_T1w.nii.gz,2,MCI,bids_adni_go2
072_S_4390,m12,2012-11-28,/project/rrg-mchakrav-ab/moncia/ADNI/bids_adni_go2/sub-072S4390/ses-m12/anat/sub-072S4390_ses-m12_acq-3Taccel_T1w.nii.gz,2,MCI,bids_adni_go2
072_S_4390,m24,2013-11-28,/project/rrg-mchakrav-ab/moncia/ADNI/bids_adni_go2/sub-072S4390/ses-m24/anat/sub-072S4390_ses-m24_acq-3Taccel_T1w.nii.gz,2,MCI,bids_adni_go2
072_S_4390,m36,2014-11-28,/project/rrg-mchakrav-ab/moncia/ADNI/bids_adni_go2/sub-072S4390/ses-m36/anat/sub-072S4390_ses-m36_acq-3Taccel_T1w.nii.gz,2,MCI,bids_adni_go2
072_S_4394,m03,2012-03-22,/project/rrg-mchakrav-ab/moncia/ADNI/bids_adni_go2/sub-072S4394/ses-m03/anat/sub-072S4394_ses-m03_acq-3Taccel_T1w.nii.gz,2,MCI,bids_adni_go2
072_S_4394,m06,2012-06-21,/project/rrg-mchakrav-ab/moncia/ADNI/bids_adni_go2/sub-072S4394/ses-m06/anat/sub-072S4394_ses-m06_acq-3Taccel_T1w.nii.gz,2,MCI,bids_adni_go2
072_S_4394,m12,2012-12-21,/project/rrg-mchakrav-ab/moncia/ADNI/bids_adni_go2/sub-072S4394/ses-m12/anat/sub-072S4394_ses-m12_acq-3Taccel_T1w.nii.gz,2,MCI,bids_adni_go2
072_S_4394,m24,2013-12-21,/project/rrg-mchakrav-ab/moncia/ADNI/bids_adni_go2/sub-072S4394/ses-m24/anat/sub-072S4394_ses-m24_acq-3Taccel_T1w.nii.gz,2,MCI,bids_adni_go2
072_S_4394,m36,2014-12-21,/project/rrg-mchakrav-ab/moncia/ADNI/bids_adni_go2/sub-072S4394/ses-m36/anat/sub-072S4394_ses-m36_acq-3Taccel_T1w.nii.gz,2,MCI,bids_adni_go2
072_S_4445,m03,2012-03-22,/project/rrg-mchakrav-ab/moncia/ADNI/bids_adni_go2/sub-072S4445/ses-m03/anat/sub-072S4445_ses-m03_acq-3Taccel_T1w.nii.gz,2,MCI,bids_adni_go2
072_S_4445,m06,2012-06-21,/project/rrg-mchakrav-ab/moncia/ADNI/bids_adni_go2/sub-072S4445/ses-m06/anat/sub-072S4445_ses-m06_acq-3Taccel_T1w.nii.gz,2,MCI,bids_adni_go2
072_S_4445,m12,2012-12-21,/project/rrg-mchakrav-ab/moncia/ADNI/bids_adni_go2/sub-072S4445/ses-m12/anat/sub-072S4445_ses-m12_acq-3Taccel_T1w.nii.gz,2,MCI,bids_adni_go2
072_S_4445,m24,2013-12-21,/project/rrg-mchakrav-ab/moncia/ADNI/bids_adni_go2/sub-072S4445/ses-m24/anat/sub-072S4445_ses-m24_acq-3Taccel_T1w.nii.gz,2,MCI,bids_adni_go2
072_S_4462,m03,2012-04-24,/project/rrg-mchakrav-ab/moncia/ADNI/bids_adni_go2/sub-072S4462/ses-m03/anat/sub-072S4462_ses-m03_acq-3Taccel_T1w.nii.gz,2,MCI,bids_adni_go2
072_S_4462,m06,2012-07-24,/project/rrg-mchakrav-ab/moncia/ADNI/bids_adni_go2/sub-072S4462/ses-m06/anat/sub-072S4462_ses-m06_acq-3Taccel_T1w.nii.gz,2,MCI,bids_adni_go2
072_S_4462,m12,2013-01-23,/project/rrg-mchakrav-ab/moncia/ADNI/bids_adni_go2/sub-072S4462/ses-m12/anat/sub-072S4462_ses-m12_acq-3Taccel_T1w.nii.gz,2,MCI,bids_adni_go2
072_S_4462,m24,2014-01-23,/project/rrg-mchakrav-ab/moncia/ADNI/bids_adni_go2/sub-072S4462/ses-m24/anat/sub-072S4462_ses-m24_acq-3Taccel_T1w.nii.gz,2,MCI,bids_adni_go2
072_S_4465,m03,2012-04-30,/project/rrg-mchakrav-ab/moncia/ADNI/bids_adni_go2/sub-072S4465/ses-m03/anat/sub-072S4465_ses-m03_acq-3Taccel_T1w.nii.gz,2,MCI,bids_adni_go2
072_S_4465,m06,2012-07-30,/project/rrg-mchakrav-ab/moncia/ADNI/bids_adni_go2/sub-072S4465/ses-m06/anat/sub-072S4465_ses-m06_acq-3Taccel_T1w.nii.gz,2,MCI,bids_adni_go2
072_S_4465,m12,2013-01-29,/project/rrg-mchakrav-ab/moncia/ADNI/bids_adni_go2/sub-072S4465/ses-m12/anat/sub-072S4465_ses-m12_acq-3Taccel_T1w.nii.gz,2,MCI,bids_adni_go2
072_S_4465,m24,2014-01-29,/project/rrg-mchakrav-ab/moncia/ADNI/bids_adni_go2/sub-072S4465/ses-m24/anat/sub-072S4465_ses-m24_acq-3Taccel_T1w.nii.gz,2,MCI,bids_adni_go2
072_S_4522,m03,2012-05-10,/project/rrg-mchakrav-ab/moncia/ADNI/bids_adni_go2/sub-072S4522/ses-m03/anat/sub-072S4522_ses-m03_acq-3Taccel_T1w.nii.gz,2,MCI,bids_adni_go2
072_S_4522,m06,2012-08-09,/project/rrg-mchakrav-ab/moncia/ADNI/bids_adni_go2/sub-072S4522/ses-m06/anat/sub-072S4522_ses-m06_acq-3Taccel_T1w.nii.gz,2,MCI,bids_adni_go2
072_S_4522,m12,2013-02-08,/project/rrg-mchakrav-ab/moncia/ADNI/bids_adni_go2/sub-072S4522/ses-m12/anat/sub-072S4522_ses-m12_acq-3Taccel_T1w.nii.gz,2,MCI,bids_adni_go2
072_S_4522,m24,2014-02-08,/project/rrg-mchakrav-ab/moncia/ADNI/bids_adni_go2/sub-072S4522/ses-m24/anat/sub-072S4522_ses-m24_acq-3Taccel_T1w.nii.gz,2,MCI,bids_adni_go2
072_S_4522,m36,2015-02-08,/project/rrg-mchakrav-ab/moncia/ADNI/bids_adni_go2/sub-072S4522/ses-m36/anat/sub-072S4522_ses-m36_acq-3Taccel_T1w.nii.gz,2,MCI,bids_adni_go2
072_S_4539,m03,2012-05-25,/project/rrg-mchakrav-ab/moncia/ADNI/bids_adni_go2/sub-072S4539/ses-m03/anat/sub-072S4539_ses-m03_acq-3Taccel_T1w.nii.gz,2,MCI,bids_adni_go2
072_S_4539,m06,2012-08-24,/project/rrg-mchakrav-ab/moncia/ADNI/bids_adni_go2/sub-072S4539/ses-m06/anat/sub-072S4539_ses-m06_acq-3Taccel_T1w.nii.gz,2,MCI,bids_adni_go2
072_S_4539,m12,2013-02-23,/project/rrg-mchakrav-ab/moncia/ADNI/bids_adni_go2/sub-072S4539/ses-m12/anat/sub-072S4539_ses-m12_acq-3Taccel_T1w.nii.gz,2,MCI,bids_adni_go2
072_S_4539,m24,2014-02-23,/project/rrg-mchakrav-ab/moncia/ADNI/bids_adni_go2/sub-072S4539/ses-m24/anat/sub-072S4539_ses-m24_acq-3Taccel_T1w.nii.gz,2,MCI,bids_adni_go2
072_S_4539,m36,2015-02-23,/project/rrg-mchakrav-ab/moncia/ADNI/bids_adni_go2/sub-072S4539/ses-m36/anat/sub-072S4539_ses-m36_acq-3Taccel_T1w.nii.gz,2,MCI,bids_adni_go2
072_S_4610,m03,2012-06-21,/project/rrg-mchakrav-ab/moncia/ADNI/bids_adni_go2/sub-072S4610/ses-m03/anat/sub-072S4610_ses-m03_acq-3Taccel_T1w.nii.gz,2,MCI,bids_adni_go2
072_S_4610,m06,2012-09-20,/project/rrg-mchakrav-ab/moncia/ADNI/bids_adni_go2/sub-072S4610/ses-m06/anat/sub-072S4610_ses-m06_acq-3Taccel_T1w.nii.gz,2,MCI,bids_adni_go2
072_S_4610,m12,2013-03-22,/project/rrg-mchakrav-ab/moncia/ADNI/bids_adni_go2/sub-072S4610/ses-m12/anat/sub-072S4610_ses-m12_acq-3Taccel_T1w.nii.gz,2,MCI,bids_adni_go2
072_S_4613,m03,2012-06-21,/project/rrg-mchakrav-ab/moncia/ADNI/bids_adni_go2/sub-072S4613/ses-m03/anat/sub-072S4613_ses-m03_acq-3Taccel_T1w.nii.gz,2,MCI,bids_adni_go2
072_S_4613,m06,2012-09-20,/project/rrg-mchakrav-ab/moncia/ADNI/bids_adni_go2/sub-072S4613/ses-m06/anat/sub-072S4613_ses-m06_acq-3Taccel_T1w.nii.gz,2,MCI,bids_adni_go2
072_S_4613,m12,2013-03-22,/project/rrg-mchakrav-ab/moncia/ADNI/bids_adni_go2/sub-072S4613/ses-m12/anat/sub-072S4613_ses-m12_acq-3Taccel_T1w.nii.gz,2,MCI,bids_adni_go2
072_S_4613,m24,2014-03-22,/project/rrg-mchakrav-ab/moncia/ADNI/bids_adni_go2/sub-072S4613/ses-m24/anat/sub-072S4613_ses-m24_acq-3Taccel_T1w.nii.gz,2,MCI,bids_adni_go2
072_S_4769,m03,2012-09-27,/project/rrg-mchakrav-ab/moncia/ADNI/bids_adni_go2/sub-072S4769/ses-m03/anat/sub-072S4769_ses-m03_acq-3Taccel_T1w.nii.gz,2,MCI,bids_adni_go2
072_S_4769,m06,2012-12-27,/project/rrg-mchakrav-ab/moncia/ADNI/bids_adni_go2/sub-072S4769/ses-m06/anat/sub-072S4769_ses-m06_acq-3Taccel_T1w.nii.gz,2,MCI,bids_adni_go2
072_S_4769,m12,2013-06-28,/project/rrg-mchakrav-ab/moncia/ADNI/bids_adni_go2/sub-072S4769/ses-m12/anat/sub-072S4769_ses-m12_acq-3Taccel_T1w.nii.gz,2,MCI,bids_adni_go2
072_S_4769,m24,2014-06-28,/project/rrg-mchakrav-ab/moncia/ADNI/bids_adni_go2/sub-072S4769/ses-m24/anat/sub-072S4769_ses-m24_acq-3Taccel_T1w.nii.gz,2,MCI,bids_adni_go2
072_S_4871,m03,2012-10-30,/project/rrg-mchakrav-ab/moncia/ADNI/bids_adni_go2/sub-072S4871/ses-m03/anat/sub-072S4871_ses-m03_acq-3Taccel_T1w.nii.gz,2,MCI,bids_adni_go2
072_S_4871,m06,2013-01-29,/project/rrg-mchakrav-ab/moncia/ADNI/bids_adni_go2/sub-072S4871/ses-m06/anat/sub-072S4871_ses-m06_acq-3Taccel_T1w.nii.gz,2,MCI,bids_adni_go2
072_S_4871,m12,2013-07-31,/project/rrg-mchakrav-ab/moncia/ADNI/bids_adni_go2/sub-072S4871/ses-m12/anat/sub-072S4871_ses-m12_acq-3Taccel_T1w.nii.gz,2,MCI,bids_adni_go2
072_S_4871,m24,2014-07-31,/project/rrg-mchakrav-ab/moncia/ADNI/bids_adni_go2/sub-072S4871/ses-m24/anat/sub-072S4871_ses-m24_acq-3Taccel_T1w.nii.gz,2,MCI,bids_adni_go2
072_S_4941,m03,2012-12-24,/project/rrg-mchakrav-ab/moncia/ADNI/bids_adni_go2/sub-072S4941/ses-m03/anat/sub-072S4941_ses-m03_acq-3Taccel_T1w.nii.gz,2,MCI,bids_adni_go2
072_S_4941,m06,2013-03-25,/project/rrg-mchakrav-ab/moncia/ADNI/bids_adni_go2/sub-072S4941/ses-m06/anat/sub-072S4941_ses-m06_acq-3Taccel_T1w.nii.gz,2,MCI,bids_adni_go2
072_S_4941,m12,2013-09-24,/project/rrg-mchakrav-ab/moncia/ADNI/bids_adni_go2/sub-072S4941/ses-m12/anat/sub-072S4941_ses-m12_acq-3Taccel_T1w.nii.gz,2,MCI,bids_adni_go2
072_S_4941,m24,2014-09-24,/project/rrg-mchakrav-ab/moncia/ADNI/bids_adni_go2/sub-072S4941/ses-m24/anat/sub-072S4941_ses-m24_acq-3Taccel_T1w.nii.gz,2,MCI,bids_adni_go2
073_S_0518,sc,2006-12-21,/project/rrg-mchakrav-ab/moncia/ADNI/bids_adni1/sub-073S0518/ses-sc/anat/sub-073S0518_ses-sc_acq-15T_T1w.nii.gz,2,MCI,bids_adni1
073_S_0518,m12,2007-12-21,/project/rrg-mchakrav-ab/moncia/ADNI/bids_adni1/sub-073S0518/ses-m12/anat/sub-073S0518_ses-m12_acq-15T_T1w.nii.gz,2,MCI,bids_adni1
073_S_0518,m24,2008-12-20,/project/rrg-mchakrav-ab/moncia/ADNI/bids_adni1/sub-073S0518/ses-m24/anat/sub-073S0518_ses-m24_acq-15T_T1w.nii.gz,3,Dementia,bids_adni1
073_S_0518,m36,2009-12-20,/project/rrg-mchakrav-ab/moncia/ADNI/bids_adni1/sub-073S0518/ses-m36/anat/sub-073S0518_ses-m36_acq-15T_T1w.nii.gz,3,Dementia,bids_adni1
073_S_0746,sc,2007-03-07,/project/rrg-mchakrav-ab/moncia/ADNI/bids_adni1/sub-073S0746/ses-sc/anat/sub-073S0746_ses-sc_acq-15T_T1w.nii.gz,2,MCI,bids_adni1
073_S_0746,m06,2007-09-05,/project/rrg-mchakrav-ab/moncia/ADNI/bids_adni1/sub-073S0746/ses-m06/anat/sub-073S0746_ses-m06_acq-15T_T1w.nii.gz,2,MCI,bids_adni1
073_S_0746,m12,2008-03-06,/project/rrg-mchakrav-ab/moncia/ADNI/bids_adni1/sub-073S0746/ses-m12/anat/sub-073S0746_ses-m12_acq-15T_T1w.nii.gz,2,MCI,bids_adni1
073_S_0746,m24,2009-03-06,/project/rrg-mchakrav-ab/moncia/ADNI/bids_adni1/sub-073S0746/ses-m24/anat/sub-073S0746_ses-m24_acq-15T_T1w.nii.gz,2,MCI,bids_adni1
073_S_0746,m36,2010-03-06,/project/rrg-mchakrav-ab/moncia/ADNI/bids_adni1/sub-073S0746/ses-m36/anat/sub-073S0746_ses-m36_acq-15T_T1w.nii.gz,2,MCI,bids_adni1
073_S_0746,m60,2012-03-06,/project/rrg-mchakrav-ab/moncia/ADNI/bids_adni_go2/sub-073S0746/ses-m60/anat/sub-073S0746_ses-m60_acq-3Taccel_T1w.nii.gz,2,MCI,bids_adni_go2
073_S_0746,m72,2013-03-06,/project/rrg-mchakrav-ab/moncia/ADNI/bids_adni_go2/sub-073S0746/ses-m72/anat/sub-073S0746_ses-m72_acq-3Taccel_T1w.nii.gz,2,MCI,bids_adni_go2
073_S_0746,m84,2014-03-06,/project/rrg-mchakrav-ab/moncia/ADNI/bids_adni_go2/sub-073S0746/ses-m84/anat/sub-073S0746_ses-m84_acq-3Taccel_T1w.nii.gz,2,MCI,bids_adni_go2
073_S_0746,m108,2016-03-06,/project/rrg-mchakrav-ab/moncia/ADNI/bids_adni_go2/sub-073S0746/ses-m108/anat/sub-073S0746_ses-m108_acq-3Taccel_T1w.nii.gz,2,MCI,bids_adni_go2
073_S_0909,sc,2006-11-27,/project/rrg-mchakrav-ab/moncia/ADNI/bids_adni1/sub-073S0909/ses-sc/anat/sub-073S0909_ses-sc_acq-15T_T1w.nii.gz,2,MCI,bids_adni1
073_S_0909,m06,2007-05-28,/project/rrg-mchakrav-ab/moncia/ADNI/bids_adni1/sub-073S0909/ses-m06/anat/sub-073S0909_ses-m06_acq-15T_T1w.nii.gz,2,MCI,bids_adni1
073_S_0909,m12,2007-11-27,/project/rrg-mchakrav-ab/moncia/ADNI/bids_adni1/sub-073S0909/ses-m12/anat/sub-073S0909_ses-m12_acq-15T_T1w.nii.gz,2,MCI,bids_adni1
073_S_0909,m24,2008-11-26,/project/rrg-mchakrav-ab/moncia/ADNI/bids_adni1/sub-073S0909/ses-m24/anat/sub-073S0909_ses-m24_acq-15T_T1w.nii.gz,2,MCI,bids_adni1
073_S_0909,m36,2009-11-26,/project/rrg-mchakrav-ab/moncia/ADNI/bids_adni1/sub-073S0909/ses-m36/anat/sub-073S0909_ses-m36_acq-15T_T1w.nii.gz,3,Dementia,bids_adni1
073_S_2153,m03,2011-07-01,/project/rrg-mchakrav-ab/moncia/ADNI/bids_adni_go2/sub-073S2153/ses-m03/anat/sub-073S2153_ses-m03_acq-3Taccel_T1w.nii.gz,2,MCI,bids_adni_go2
073_S_2153,m06,2011-09-30,/project/rrg-mchakrav-ab/moncia/ADNI/bids_adni_go2/sub-073S2153/ses-m06/anat/sub-073S2153_ses-m06_acq-3Taccel_T1w.nii.gz,2,MCI,bids_adni_go2
073_S_2153,m12,2012-03-31,/project/rrg-mchakrav-ab/moncia/ADNI/bids_adni_go2/sub-073S2153/ses-m12/anat/sub-073S2153_ses-m12_acq-3Taccel_T1w.nii.gz,2,MCI,bids_adni_go2
073_S_2153,m24,2013-03-31,/project/rrg-mchakrav-ab/moncia/ADNI/bids_adni_go2/sub-073S2153/ses-m24/anat/sub-073S2153_ses-m24_acq-3Taccel_T1w.nii.gz,2,MCI,bids_adni_go2
073_S_2153,m36,2014-03-31,/project/rrg-mchakrav-ab/moncia/ADNI/bids_adni_go2/sub-073S2153/ses-m36/anat/sub-073S2153_ses-m36_acq-3Taccel_T1w.nii.gz,2,MCI,bids_adni_go2
073_S_2182,m03,2011-07-01,/project/rrg-mchakrav-ab/moncia/ADNI/bids_adni_go2/sub-073S2182/ses-m03/anat/sub-073S2182_ses-m03_acq-3Taccel_T1w.nii.gz,2,MCI,bids_adni_go2
073_S_2182,m06,2011-09-30,/project/rrg-mchakrav-ab/moncia/ADNI/bids_adni_go2/sub-073S2182/ses-m06/anat/sub-073S2182_ses-m06_acq-3Taccel_T1w.nii.gz,2,MCI,bids_adni_go2
073_S_2182,m12,2012-03-31,/project/rrg-mchakrav-ab/moncia/ADNI/bids_adni_go2/sub-073S2182/ses-m12/anat/sub-073S2182_ses-m12_acq-3Taccel_T1w.nii.gz,2,MCI,bids_adni_go2
073_S_2182,m24,2013-03-31,/project/rrg-mchakrav-ab/moncia/ADNI/bids_adni_go2/sub-073S2182/ses-m24/anat/sub-073S2182_ses-m24_acq-3Taccel_T1w.nii.gz,2,MCI,bids_adni_go2
073_S_2182,m60,2016-03-31,/project/rrg-mchakrav-ab/moncia/ADNI/bids_adni_go2/sub-073S2182/ses-m60/anat/sub-073S2182_ses-m60_acq-3Taccel_T1w.nii.gz,2,MCI,bids_adni_go2
073_S_2182,m132,2022-04-01,/project/rrg-mchakrav-ab/moncia/ADNI/bids_adni3/sub-073S2182/ses-m132/anat/sub-073S2182_ses-m132_acq-3T_T1w.nii.gz,2,MCI,bids_adni3
073_S_2190,m03,2011-07-01,/project/rrg-mchakrav-ab/moncia/ADNI/bids_adni_go2/sub-073S2190/ses-m03/anat/sub-073S2190_ses-m03_acq-3Taccel_T1w.nii.gz,2,MCI,bids_adni_go2
073_S_2190,m06,2011-09-30,/project/rrg-mchakrav-ab/moncia/ADNI/bids_adni_go2/sub-073S2190/ses-m06/anat/sub-073S2190_ses-m06_acq-3Taccel_T1w.nii.gz,2,MCI,bids_adni_go2
073_S_2190,m12,2012-03-31,/project/rrg-mchakrav-ab/moncia/ADNI/bids_adni_go2/sub-073S2190/ses-m12/anat/sub-073S2190_ses-m12_acq-3Taccel_T1w.nii.gz,2,MCI,bids_adni_go2
073_S_2190,m24,2013-03-31,/project/rrg-mchakrav-ab/moncia/ADNI/bids_adni_go2/sub-073S2190/ses-m24/anat/sub-073S2190_ses-m24_acq-3Taccel_T1w.nii.gz,2,MCI,bids_adni_go2
073_S_2191,m03,2011-07-01,/project/rrg-mchakrav-ab/moncia/ADNI/bids_adni_go2/sub-073S2191/ses-m03/anat/sub-073S2191_ses-m03_acq-3Taccel_T1w.nii.gz,2,MCI,bids_adni_go2
073_S_2191,m06,2011-09-30,/project/rrg-mchakrav-ab/moncia/ADNI/bids_adni_go2/sub-073S2191/ses-m06/anat/sub-073S2191_ses-m06_acq-3Taccel_T1w.nii.gz,2,MCI,bids_adni_go2
073_S_2191,m12,2012-03-31,/project/rrg-mchakrav-ab/moncia/ADNI/bids_adni_go2/sub-073S2191/ses-m12/anat/sub-073S2191_ses-m12_acq-3Taccel_T1w.nii.gz,2,MCI,bids_adni_go2
073_S_2191,m24,2013-03-31,/project/rrg-mchakrav-ab/moncia/ADNI/bids_adni_go2/sub-073S2191/ses-m24/anat/sub-073S2191_ses-m24_acq-3Taccel_T1w.nii.gz,2,MCI,bids_adni_go2
073_S_2191,m36,2014-03-31,/project/rrg-mchakrav-ab/moncia/ADNI/bids_adni_go2/sub-073S2191/ses-m36/anat/sub-073S2191_ses-m36_acq-3Taccel_T1w.nii.gz,2,MCI,bids_adni_go2
073_S_2191,m48,2015-04-01,/project/rrg-mchakrav-ab/moncia/ADNI/bids_adni_go2/sub-073S2191/ses-m48/anat/sub-073S2191_ses-m48_acq-3Taccel_T1w.nii.gz,2,MCI,bids_adni_go2
073_S_2191,m108,2020-03-31,/project/rrg-mchakrav-ab/moncia/ADNI/bids_adni3/sub-073S2191/ses-m108/anat/sub-073S2191_ses-m108_acq-3T_T1w.nii.gz,2,MCI,bids_adni3
073_S_2225,m03,2011-07-01,/project/rrg-mchakrav-ab/moncia/ADNI/bids_adni_go2/sub-073S2225/ses-m03/anat/sub-073S2225_ses-m03_acq-3Taccel_T1w.nii.gz,2,MCI,bids_adni_go2
073_S_2225,m06,2011-09-30,/project/rrg-mchakrav-ab/moncia/ADNI/bids_adni_go2/sub-073S2225/ses-m06/anat/sub-073S2225_ses-m06_acq-3Taccel_T1w.nii.gz,2,MCI,bids_adni_go2
073_S_2225,m12,2012-03-31,/project/rrg-mchakrav-ab/moncia/ADNI/bids_adni_go2/sub-073S2225/ses-m12/anat/sub-073S2225_ses-m12_acq-3Taccel_T1w.nii.gz,2,MCI,bids_adni_go2
073_S_2225,m24,2013-03-31,/project/rrg-mchakrav-ab/moncia/ADNI/bids_adni_go2/sub-073S2225/ses-m24/anat/sub-073S2225_ses-m24_acq-3Taccel_T1w.nii.gz,2,MCI,bids_adni_go2
073_S_2225,m36,2014-03-31,/project/rrg-mchakrav-ab/moncia/ADNI/bids_adni_go2/sub-073S2225/ses-m36/anat/sub-073S2225_ses-m36_acq-3Taccel_T1w.nii.gz,2,MCI,bids_adni_go2
073_S_2225,m48,2015-04-01,/project/rrg-mchakrav-ab/moncia/ADNI/bids_adni_go2/sub-073S2225/ses-m48/anat/sub-073S2225_ses-m48_acq-3Taccel_T1w.nii.gz,2,MCI,bids_adni_go2
073_S_2264,m03,2011-07-01,/project/rrg-mchakrav-ab/moncia/ADNI/bids_adni_go2/sub-073S2264/ses-m03/anat/sub-073S2264_ses-m03_acq-3Taccel_T1w.nii.gz,2,MCI,bids_adni_go2
073_S_2264,m06,2011-09-30,/project/rrg-mchakrav-ab/moncia/ADNI/bids_adni_go2/sub-073S2264/ses-m06/anat/sub-073S2264_ses-m06_acq-3Taccel_T1w.nii.gz,2,MCI,bids_adni_go2
073_S_2264,m12,2012-03-31,/project/rrg-mchakrav-ab/moncia/ADNI/bids_adni_go2/sub-073S2264/ses-m12/anat/sub-073S2264_ses-m12_acq-3Taccel_T1w.nii.gz,2,MCI,bids_adni_go2
073_S_2264,m24,2013-03-31,/project/rrg-mchakrav-ab/moncia/ADNI/bids_adni_go2/sub-073S2264/ses-m24/anat/sub-073S2264_ses-m24_acq-3Taccel_T1w.nii.gz,2,MCI,bids_adni_go2
073_S_2264,m36,2014-03-31,/project/rrg-mchakrav-ab/moncia/ADNI/bids_adni_go2/sub-073S2264/ses-m36/anat/sub-073S2264_ses-m36_acq-3Taccel_T1w.nii.gz,2,MCI,bids_adni_go2
073_S_2264,m48,2015-04-01,/project/rrg-mchakrav-ab/moncia/ADNI/bids_adni_go2/sub-073S2264/ses-m48/anat/sub-073S2264_ses-m48_acq-3Taccel_T1w.nii.gz,2,MCI,bids_adni_go2
073_S_4216,m03,2011-11-28,/project/rrg-mchakrav-ab/moncia/ADNI/bids_adni_go2/sub-073S4216/ses-m03/anat/sub-073S4216_ses-m03_acq-3Taccel_T1w.nii.gz,2,MCI,bids_adni_go2
073_S_4216,m06,2012-02-27,/project/rrg-mchakrav-ab/moncia/ADNI/bids_adni_go2/sub-073S4216/ses-m06/anat/sub-073S4216_ses-m06_acq-3Taccel_T1w.nii.gz,2,MCI,bids_adni_go2
073_S_4216,m12,2012-08-28,/project/rrg-mchakrav-ab/moncia/ADNI/bids_adni_go2/sub-073S4216/ses-m12/anat/sub-073S4216_ses-m12_acq-3Taccel_T1w.nii.gz,2,MCI,bids_adni_go2
073_S_4216,m24,2013-08-28,/project/rrg-mchakrav-ab/moncia/ADNI/bids_adni_go2/sub-073S4216/ses-m24/anat/sub-073S4216_ses-m24_acq-3Taccel_T1w.nii.gz,2,MCI,bids_adni_go2
073_S_4216,m48,2015-08-29,/project/rrg-mchakrav-ab/moncia/ADNI/bids_adni_go2/sub-073S4216/ses-m48/anat/sub-073S4216_ses-m48_acq-3Taccel_T1w.nii.gz,2,MCI,bids_adni_go2
073_S_4216,m102,2020-02-27,/project/rrg-mchakrav-ab/moncia/ADNI/bids_adni3/sub-073S4216/ses-m102/anat/sub-073S4216_ses-m102_acq-3T_T1w.nii.gz,2,MCI,bids_adni3
073_S_4259,m03,2012-01-06,/project/rrg-mchakrav-ab/moncia/ADNI/bids_adni_go2/sub-073S4259/ses-m03/anat/sub-073S4259_ses-m03_acq-3Taccel_T1w.nii.gz,2,MCI,bids_adni_go2
073_S_4259,m06,2012-04-06,/project/rrg-mchakrav-ab/moncia/ADNI/bids_adni_go2/sub-073S4259/ses-m06/anat/sub-073S4259_ses-m06_acq-3Taccel_T1w.nii.gz,2,MCI,bids_adni_go2
073_S_4259,m12,2012-10-06,/project/rrg-mchakrav-ab/moncia/ADNI/bids_adni_go2/sub-073S4259/ses-m12/anat/sub-073S4259_ses-m12_acq-3Taccel_T1w.nii.gz,2,MCI,bids_adni_go2
073_S_4259,m24,2013-10-06,/project/rrg-mchakrav-ab/moncia/ADNI/bids_adni_go2/sub-073S4259/ses-m24/anat/sub-073S4259_ses-m24_acq-3Taccel_T1w.nii.gz,2,MCI,bids_adni_go2
073_S_4300,m03,2012-01-12,/project/rrg-mchakrav-ab/moncia/ADNI/bids_adni_go2/sub-073S4300/ses-m03/anat/sub-073S4300_ses-m03_acq-3Taccel_T1w.nii.gz,2,MCI,bids_adni_go2
073_S_4300,m06,2012-04-12,/project/rrg-mchakrav-ab/moncia/ADNI/bids_adni_go2/sub-073S4300/ses-m06/anat/sub-073S4300_ses-m06_acq-3Taccel_T1w.nii.gz,2,MCI,bids_adni_go2
073_S_4300,m12,2012-10-12,/project/rrg-mchakrav-ab/moncia/ADNI/bids_adni_go2/sub-073S4300/ses-m12/anat/sub-073S4300_ses-m12_acq-3Taccel_T1w.nii.gz,2,MCI,bids_adni_go2
073_S_4300,m24,2013-10-12,/project/rrg-mchakrav-ab/moncia/ADNI/bids_adni_go2/sub-073S4300/ses-m24/anat/sub-073S4300_ses-m24_acq-3Taccel_T1w.nii.gz,2,MCI,bids_adni_go2
073_S_4311,m03,2012-01-19,/project/rrg-mchakrav-ab/moncia/ADNI/bids_adni_go2/sub-073S4311/ses-m03/anat/sub-073S4311_ses-m03_acq-3Taccel_T1w.nii.gz,2,MCI,bids_adni_go2
073_S_4311,m06,2012-04-19,/project/rrg-mchakrav-ab/moncia/ADNI/bids_adni_go2/sub-073S4311/ses-m06/anat/sub-073S4311_ses-m06_acq-3Taccel_T1w.nii.gz,2,MCI,bids_adni_go2
073_S_4311,m12,2012-10-19,/project/rrg-mchakrav-ab/moncia/ADNI/bids_adni_go2/sub-073S4311/ses-m12/anat/sub-073S4311_ses-m12_acq-3Taccel_T1w.nii.gz,2,MCI,bids_adni_go2
073_S_4311,m24,2013-10-19,/project/rrg-mchakrav-ab/moncia/ADNI/bids_adni_go2/sub-073S4311/ses-m24/anat/sub-073S4311_ses-m24_acq-3Taccel_T1w.nii.gz,2,MCI,bids_adni_go2
073_S_4311,m48,2015-10-20,/project/rrg-mchakrav-ab/moncia/ADNI/bids_adni_go2/sub-073S4311/ses-m48/anat/sub-073S4311_ses-m48_acq-3Taccel_T1w.nii.gz,2,MCI,bids_adni_go2
073_S_4312,m03,2012-01-19,/project/rrg-mchakrav-ab/moncia/ADNI/bids_adni_go2/sub-073S4312/ses-m03/anat/sub-073S4312_ses-m03_acq-3Taccel_T1w.nii.gz,2,MCI,bids_adni_go2
073_S_4312,m06,2012-04-19,/project/rrg-mchakrav-ab/moncia/ADNI/bids_adni_go2/sub-073S4312/ses-m06/anat/sub-073S4312_ses-m06_acq-3Taccel_T1w.nii.gz,2,MCI,bids_adni_go2
073_S_4312,m12,2012-10-19,/project/rrg-mchakrav-ab/moncia/ADNI/bids_adni_go2/sub-073S4312/ses-m12/anat/sub-073S4312_ses-m12_acq-3Taccel_T1w.nii.gz,2,MCI,bids_adni_go2
073_S_4312,m24,2013-10-19,/project/rrg-mchakrav-ab/moncia/ADNI/bids_adni_go2/sub-073S4312/ses-m24/anat/sub-073S4312_ses-m24_acq-3Taccel_T1w.nii.gz,2,MCI,bids_adni_go2
073_S_4312,m48,2015-10-20,/project/rrg-mchakrav-ab/moncia/ADNI/bids_adni_go2/sub-073S4312/ses-m48/anat/sub-073S4312_ses-m48_acq-3Taccel_T1w.nii.gz,2,MCI,bids_adni_go2
073_S_4360,m03,2012-02-06,/project/rrg-mchakrav-ab/moncia/ADNI/bids_adni_go2/sub-073S4360/ses-m03/anat/sub-073S4360_ses-m03_acq-3Taccel_T1w.nii.gz,2,MCI,bids_adni_go2
073_S_4360,m06,2012-05-07,/project/rrg-mchakrav-ab/moncia/ADNI/bids_adni_go2/sub-073S4360/ses-m06/anat/sub-073S4360_ses-m06_acq-3Taccel_T1w.nii.gz,2,MCI,bids_adni_go2
073_S_4360,m12,2012-11-06,/project/rrg-mchakrav-ab/moncia/ADNI/bids_adni_go2/sub-073S4360/ses-m12/anat/sub-073S4360_ses-m12_acq-3Taccel_T1w.nii.gz,2,MCI,bids_adni_go2
073_S_4360,m24,2013-11-06,/project/rrg-mchakrav-ab/moncia/ADNI/bids_adni_go2/sub-073S4360/ses-m24/anat/sub-073S4360_ses-m24_acq-3Taccel_T1w.nii.gz,2,MCI,bids_adni_go2
073_S_4360,m48,2015-11-07,/project/rrg-mchakrav-ab/moncia/ADNI/bids_adni_go2/sub-073S4360/ses-m48/anat/sub-073S4360_ses-m48_acq-3Taccel_T1w.nii.gz,2,MCI,bids_adni_go2
073_S_4443,m03,2012-04-03,/project/rrg-mchakrav-ab/moncia/ADNI/bids_adni_go2/sub-073S4443/ses-m03/anat/sub-073S4443_ses-m03_acq-3Taccel_T1w.nii.gz,2,MCI,bids_adni_go2
073_S_4443,m06,2012-07-03,/project/rrg-mchakrav-ab/moncia/ADNI/bids_adni_go2/sub-073S4443/ses-m06/anat/sub-073S4443_ses-m06_acq-3Taccel_T1w.nii.gz,2,MCI,bids_adni_go2
073_S_4443,m12,2013-01-02,/project/rrg-mchakrav-ab/moncia/ADNI/bids_adni_go2/sub-073S4443/ses-m12/anat/sub-073S4443_ses-m12_acq-3Taccel_T1w.nii.gz,2,MCI,bids_adni_go2
073_S_4443,m24,2014-01-02,/project/rrg-mchakrav-ab/moncia/ADNI/bids_adni_go2/sub-073S4443/ses-m24/anat/sub-073S4443_ses-m24_acq-3Taccel_T1w.nii.gz,2,MCI,bids_adni_go2
073_S_4443,m48,2016-01-03,/project/rrg-mchakrav-ab/moncia/ADNI/bids_adni_go2/sub-073S4443/ses-m48/anat/sub-073S4443_ses-m48_acq-3Taccel_T1w.nii.gz,2,MCI,bids_adni_go2
073_S_4614,m03,2012-06-21,/project/rrg-mchakrav-ab/moncia/ADNI/bids_adni_go2/sub-073S4614/ses-m03/anat/sub-073S4614_ses-m03_acq-3Taccel_T1w.nii.gz,2,MCI,bids_adni_go2
073_S_4614,m06,2012-09-20,/project/rrg-mchakrav-ab/moncia/ADNI/bids_adni_go2/sub-073S4614/ses-m06/anat/sub-073S4614_ses-m06_acq-3Taccel_T1w.nii.gz,2,MCI,bids_adni_go2
073_S_4614,m12,2013-03-22,/project/rrg-mchakrav-ab/moncia/ADNI/bids_adni_go2/sub-073S4614/ses-m12/anat/sub-073S4614_ses-m12_acq-3Taccel_T1w.nii.gz,2,MCI,bids_adni_go2
073_S_4614,m24,2014-03-22,/project/rrg-mchakrav-ab/moncia/ADNI/bids_adni_go2/sub-073S4614/ses-m24/anat/sub-073S4614_ses-m24_acq-3Taccel_T1w.nii.gz,2,MCI,bids_adni_go2
073_S_4614,m48,2016-03-22,/project/rrg-mchakrav-ab/moncia/ADNI/bids_adni_go2/sub-073S4614/ses-m48/anat/sub-073S4614_ses-m48_acq-3Taccel_T1w.nii.gz,2,MCI,bids_adni_go2
073_S_4777,m03,2012-09-05,/project/rrg-mchakrav-ab/moncia/ADNI/bids_adni_go2/sub-073S4777/ses-m03/anat/sub-073S4777_ses-m03_acq-3Taccel_T1w.nii.gz,2,MCI,bids_adni_go2
073_S_4777,m06,2012-12-05,/project/rrg-mchakrav-ab/moncia/ADNI/bids_adni_go2/sub-073S4777/ses-m06/anat/sub-073S4777_ses-m06_acq-3Taccel_T1w.nii.gz,2,MCI,bids_adni_go2
073_S_4777,m12,2013-06-06,/project/rrg-mchakrav-ab/moncia/ADNI/bids_adni_go2/sub-073S4777/ses-m12/anat/sub-073S4777_ses-m12_acq-3Taccel_T1w.nii.gz,2,MCI,bids_adni_go2
073_S_4777,m24,2014-06-06,/project/rrg-mchakrav-ab/moncia/ADNI/bids_adni_go2/sub-073S4777/ses-m24/anat/sub-073S4777_ses-m24_acq-3Taccel_T1w.nii.gz,2,MCI,bids_adni_go2
073_S_4777,m48,2016-06-06,/project/rrg-mchakrav-ab/moncia/ADNI/bids_adni_go2/sub-073S4777/ses-m48/anat/sub-073S4777_ses-m48_acq-3Taccel_T1w.nii.gz,3,Dementia,bids_adni_go2
073_S_4825,m03,2012-10-12,/project/rrg-mchakrav-ab/moncia/ADNI/bids_adni_go2/sub-073S4825/ses-m03/anat/sub-073S4825_ses-m03_acq-3Taccel_T1w.nii.gz,2,MCI,bids_adni_go2
073_S_4825,m06,2013-01-11,/project/rrg-mchakrav-ab/moncia/ADNI/bids_adni_go2/sub-073S4825/ses-m06/anat/sub-073S4825_ses-m06_acq-3Taccel_T1w.nii.gz,2,MCI,bids_adni_go2
073_S_4825,m12,2013-07-13,/project/rrg-mchakrav-ab/moncia/ADNI/bids_adni_go2/sub-073S4825/ses-m12/anat/sub-073S4825_ses-m12_acq-3Taccel_T1w.nii.gz,2,MCI,bids_adni_go2
073_S_4986,m03,2013-01-07,/project/rrg-mchakrav-ab/moncia/ADNI/bids_adni_go2/sub-073S4986/ses-m03/anat/sub-073S4986_ses-m03_acq-3Taccel_T1w.nii.gz,2,MCI,bids_adni_go2
073_S_4986,m12,2013-10-08,/project/rrg-mchakrav-ab/moncia/ADNI/bids_adni_go2/sub-073S4986/ses-m12/anat/sub-073S4986_ses-m12_acq-3Taccel_T1w.nii.gz,2,MCI,bids_adni_go2
073_S_4986,m24,2014-10-08,/project/rrg-mchakrav-ab/moncia/ADNI/bids_adni_go2/sub-073S4986/ses-m24/anat/sub-073S4986_ses-m24_acq-3Taccel_T1w.nii.gz,2,MCI,bids_adni_go2
082_S_0832,sc,2006-10-30,/project/rrg-mchakrav-ab/moncia/ADNI/bids_adni1/sub-082S0832/ses-sc/anat/sub-082S0832_ses-sc_acq-15T_T1w.nii.gz,2,MCI,bids_adni1
082_S_0832,m18,2008-04-29,/project/rrg-mchakrav-ab/moncia/ADNI/bids_adni1/sub-082S0832/ses-m18/anat/sub-082S0832_ses-m18_acq-15T_T1w.nii.gz,2,MCI,bids_adni1
082_S_0832,m24,2008-10-29,/project/rrg-mchakrav-ab/moncia/ADNI/bids_adni1/sub-082S0832/ses-m24/anat/sub-082S0832_ses-m24_acq-15T_T1w.nii.gz,3,Dementia,bids_adni1
082_S_0928,bl,2006-11-02,/project/rrg-mchakrav-ab/moncia/ADNI/bids_adni1/sub-082S0928/ses-bl/anat/sub-082S0928_ses-bl_acq-3T_T1w.nii.gz,2,MCI,bids_adni1
082_S_0928,sc,2006-11-02,/project/rrg-mchakrav-ab/moncia/ADNI/bids_adni1/sub-082S0928/ses-sc/anat/sub-082S0928_ses-sc_acq-15T_T1w.nii.gz,2,MCI,bids_adni1
082_S_0928,m06,2007-05-03,/project/rrg-mchakrav-ab/moncia/ADNI/bids_adni1/sub-082S0928/ses-m06/anat/sub-082S0928_ses-m06_acq-15T_T1w.nii.gz,2,MCI,bids_adni1
082_S_0928,m12,2007-11-02,/project/rrg-mchakrav-ab/moncia/ADNI/bids_adni1/sub-082S0928/ses-m12/anat/sub-082S0928_ses-m12_acq-15T_T1w.nii.gz,2,MCI,bids_adni1
082_S_0928,m18,2008-05-02,/project/rrg-mchakrav-ab/moncia/ADNI/bids_adni1/sub-082S0928/ses-m18/anat/sub-082S0928_ses-m18_acq-15T_T1w.nii.gz,2,MCI,bids_adni1
082_S_2099,m03,2011-01-20,/project/rrg-mchakrav-ab/moncia/ADNI/bids_adni_go2/sub-082S2099/ses-m03/anat/sub-082S2099_ses-m03_acq-3Taccel_T1w.nii.gz,2,MCI,bids_adni_go2
082_S_2099,m06,2011-04-21,/project/rrg-mchakrav-ab/moncia/ADNI/bids_adni_go2/sub-082S2099/ses-m06/anat/sub-082S2099_ses-m06_acq-3Taccel_T1w.nii.gz,2,MCI,bids_adni_go2
082_S_2099,m12,2011-10-21,/project/rrg-mchakrav-ab/moncia/ADNI/bids_adni_go2/sub-082S2099/ses-m12/anat/sub-082S2099_ses-m12_acq-3Taccel_T1w.nii.gz,2,MCI,bids_adni_go2
082_S_2099,m24,2012-10-20,/project/rrg-mchakrav-ab/moncia/ADNI/bids_adni_go2/sub-082S2099/ses-m24/anat/sub-082S2099_ses-m24_acq-3Taccel_T1w.nii.gz,2,MCI,bids_adni_go2
082_S_2121,m03,2011-02-02,/project/rrg-mchakrav-ab/moncia/ADNI/bids_adni_go2/sub-082S2121/ses-m03/anat/sub-082S2121_ses-m03_acq-3Taccel_T1w.nii.gz,2,MCI,bids_adni_go2
082_S_2121,m06,2011-05-04,/project/rrg-mchakrav-ab/moncia/ADNI/bids_adni_go2/sub-082S2121/ses-m06/anat/sub-082S2121_ses-m06_acq-3Taccel_T1w.nii.gz,2,MCI,bids_adni_go2
082_S_2121,m12,2011-11-03,/project/rrg-mchakrav-ab/moncia/ADNI/bids_adni_go2/sub-082S2121/ses-m12/anat/sub-082S2121_ses-m12_acq-3Taccel_T1w.nii.gz,2,MCI,bids_adni_go2
082_S_2121,m24,2012-11-02,/project/rrg-mchakrav-ab/moncia/ADNI/bids_adni_go2/sub-082S2121/ses-m24/anat/sub-082S2121_ses-m24_acq-3Taccel_T1w.nii.gz,2,MCI,bids_adni_go2
082_S_2121,m36,2013-11-02,/project/rrg-mchakrav-ab/moncia/ADNI/bids_adni_go2/sub-082S2121/ses-m36/anat/sub-082S2121_ses-m36_acq-3Taccel_T1w.nii.gz,2,MCI,bids_adni_go2
082_S_2121,m48,2014-11-03,/project/rrg-mchakrav-ab/moncia/ADNI/bids_adni_go2/sub-082S2121/ses-m48/anat/sub-082S2121_ses-m48_acq-3Taccel_T1w.nii.gz,2,MCI,bids_adni_go2
082_S_2121,m90,2018-05-04,/project/rrg-mchakrav-ab/moncia/ADNI/bids_adni3/sub-082S2121/ses-m90/anat/sub-082S2121_ses-m90_acq-3T_T1w.nii.gz,2,MCI,bids_adni3
082_S_2121,m102,2019-05-04,/project/rrg-mchakrav-ab/moncia/ADNI/bids_adni3/sub-082S2121/ses-m102/anat/sub-082S2121_ses-m102_acq-3T_T1w.nii.gz,2,MCI,bids_adni3
082_S_2121,m138,2022-05-04,/project/rrg-mchakrav-ab/moncia/ADNI/bids_adni3/sub-082S2121/ses-m138/anat/sub-082S2121_ses-m138_acq-3T_T1w.nii.gz,2,MCI,bids_adni3
082_S_2307,m03,2011-06-09,/project/rrg-mchakrav-ab/moncia/ADNI/bids_adni_go2/sub-082S2307/ses-m03/anat/sub-082S2307_ses-m03_acq-3Taccel_T1w.nii.gz,2,MCI,bids_adni_go2
082_S_2307,m06,2011-09-08,/project/rrg-mchakrav-ab/moncia/ADNI/bids_adni_go2/sub-082S2307/ses-m06/anat/sub-082S2307_ses-m06_acq-3Taccel_T1w.nii.gz,2,MCI,bids_adni_go2
082_S_2307,m12,2012-03-09,/project/rrg-mchakrav-ab/moncia/ADNI/bids_adni_go2/sub-082S2307/ses-m12/anat/sub-082S2307_ses-m12_acq-3Taccel_T1w.nii.gz,2,MCI,bids_adni_go2
082_S_2307,m24,2013-03-09,/project/rrg-mchakrav-ab/moncia/ADNI/bids_adni_go2/sub-082S2307/ses-m24/anat/sub-082S2307_ses-m24_acq-3Taccel_T1w.nii.gz,2,MCI,bids_adni_go2
082_S_4244,m03,2012-01-12,/project/rrg-mchakrav-ab/moncia/ADNI/bids_adni_go2/sub-082S4244/ses-m03/anat/sub-082S4244_ses-m03_acq-3Taccel_T1w.nii.gz,2,MCI,bids_adni_go2
082_S_4244,m06,2012-04-12,/project/rrg-mchakrav-ab/moncia/ADNI/bids_adni_go2/sub-082S4244/ses-m06/anat/sub-082S4244_ses-m06_acq-3Taccel_T1w.nii.gz,2,MCI,bids_adni_go2
082_S_4244,m12,2012-10-12,/project/rrg-mchakrav-ab/moncia/ADNI/bids_adni_go2/sub-082S4244/ses-m12/anat/sub-082S4244_ses-m12_acq-3Taccel_T1w.nii.gz,2,MCI,bids_adni_go2
082_S_4244,m24,2013-10-12,/project/rrg-mchakrav-ab/moncia/ADNI/bids_adni_go2/sub-082S4244/ses-m24/anat/sub-082S4244_ses-m24_acq-3Taccel_T1w.nii.gz,2,MCI,bids_adni_go2
082_S_5014,m03,2013-01-30,/project/rrg-mchakrav-ab/moncia/ADNI/bids_adni_go2/sub-082S5014/ses-m03/anat/sub-082S5014_ses-m03_acq-3Taccel_T1w.nii.gz,2,MCI,bids_adni_go2
082_S_5014,m06,2013-05-01,/project/rrg-mchakrav-ab/moncia/ADNI/bids_adni_go2/sub-082S5014/ses-m06/anat/sub-082S5014_ses-m06_acq-3Taccel_T1w.nii.gz,2,MCI,bids_adni_go2
082_S_5014,m12,2013-10-31,/project/rrg-mchakrav-ab/moncia/ADNI/bids_adni_go2/sub-082S5014/ses-m12/anat/sub-082S5014_ses-m12_acq-3Taccel_T1w.nii.gz,2,MCI,bids_adni_go2
094_S_0434,m06,2006-11-14,/project/rrg-mchakrav-ab/moncia/ADNI/bids_adni1/sub-094S0434/ses-m06/anat/sub-094S0434_ses-m06_acq-15T_T1w.nii.gz,3,Dementia,bids_adni1
094_S_0434,m12,2007-05-16,/project/rrg-mchakrav-ab/moncia/ADNI/bids_adni1/sub-094S0434/ses-m12/anat/sub-094S0434_ses-m12_acq-15T_T1w.nii.gz,3,Dementia,bids_adni1
094_S_0434,m24,2008-05-15,/project/rrg-mchakrav-ab/moncia/ADNI/bids_adni1/sub-094S0434/ses-m24/anat/sub-094S0434_ses-m24_acq-15T_T1w.nii.gz,3,Dementia,bids_adni1
094_S_0434,m36,2009-05-15,/project/rrg-mchakrav-ab/moncia/ADNI/bids_adni1/sub-094S0434/ses-m36/anat/sub-094S0434_ses-m36_acq-15T_T1w.nii.gz,3,Dementia,bids_adni1
094_S_0921,sc,2006-10-24,/project/rrg-mchakrav-ab/moncia/ADNI/bids_adni1/sub-094S0921/ses-sc/anat/sub-094S0921_ses-sc_acq-15T_T1w.nii.gz,2,MCI,bids_adni1
094_S_0921,m06,2007-04-24,/project/rrg-mchakrav-ab/moncia/ADNI/bids_adni1/sub-094S0921/ses-m06/anat/sub-094S0921_ses-m06_acq-15T_T1w.nii.gz,2,MCI,bids_adni1
094_S_0921,m18,2008-04-23,/project/rrg-mchakrav-ab/moncia/ADNI/bids_adni1/sub-094S0921/ses-m18/anat/sub-094S0921_ses-m18_acq-15T_T1w.nii.gz,2,MCI,bids_adni1
094_S_0921,m24,2008-10-23,/project/rrg-mchakrav-ab/moncia/ADNI/bids_adni1/sub-094S0921/ses-m24/anat/sub-094S0921_ses-m24_acq-15T_T1w.nii.gz,2,MCI,bids_adni1
094_S_0921,m36,2009-10-23,/project/rrg-mchakrav-ab/moncia/ADNI/bids_adni1/sub-094S0921/ses-m36/anat/sub-094S0921_ses-m36_acq-15T_T1w.nii.gz,2,MCI,bids_adni1
094_S_1188,sc,2007-01-18,/project/rrg-mchakrav-ab/moncia/ADNI/bids_adni1/sub-094S1188/ses-sc/anat/sub-094S1188_ses-sc_acq-15T_T1w.nii.gz,2,MCI,bids_adni1
094_S_1188,m06,2007-07-19,/project/rrg-mchakrav-ab/moncia/ADNI/bids_adni1/sub-094S1188/ses-m06/anat/sub-094S1188_ses-m06_acq-15T_T1w.nii.gz,1,CN,bids_adni1
094_S_1188,m18,2008-07-18,/project/rrg-mchakrav-ab/moncia/ADNI/bids_adni1/sub-094S1188/ses-m18/anat/sub-094S1188_ses-m18_acq-15T_T1w.nii.gz,1,CN,bids_adni1
094_S_1188,m24,2009-01-17,/project/rrg-mchakrav-ab/moncia/ADNI/bids_adni1/sub-094S1188/ses-m24/anat/sub-094S1188_ses-m24_acq-15T_T1w.nii.gz,1,CN,bids_adni1
094_S_1293,bl,2007-03-29,/project/rrg-mchakrav-ab/moncia/ADNI/bids_adni1/sub-094S1293/ses-bl/anat/sub-094S1293_ses-bl_acq-3T_T1w.nii.gz,2,MCI,bids_adni1
094_S_1293,sc,2007-03-29,/project/rrg-mchakrav-ab/moncia/ADNI/bids_adni1/sub-094S1293/ses-sc/anat/sub-094S1293_ses-sc_acq-15T_T1w.nii.gz,2,MCI,bids_adni1
094_S_1293,m12,2008-03-28,/project/rrg-mchakrav-ab/moncia/ADNI/bids_adni1/sub-094S1293/ses-m12/anat/sub-094S1293_ses-m12_acq-15T_T1w.nii.gz,2,MCI,bids_adni1
094_S_1293,m18,2008-09-26,/project/rrg-mchakrav-ab/moncia/ADNI/bids_adni1/sub-094S1293/ses-m18/anat/sub-094S1293_ses-m18_acq-15T_T1w.nii.gz,2,MCI,bids_adni1
094_S_1293,m24,2009-03-28,/project/rrg-mchakrav-ab/moncia/ADNI/bids_adni1/sub-094S1293/ses-m24/anat/sub-094S1293_ses-m24_acq-15T_T1w.nii.gz,2,MCI,bids_adni1
094_S_1314,sc,2007-03-29,/project/rrg-mchakrav-ab/moncia/ADNI/bids_adni1/sub-094S1314/ses-sc/anat/sub-094S1314_ses-sc_acq-15T_T1w.nii.gz,2,MCI,bids_adni1
094_S_1314,m12,2008-03-28,/project/rrg-mchakrav-ab/moncia/ADNI/bids_adni1/sub-094S1314/ses-m12/anat/sub-094S1314_ses-m12_acq-15T_T1w.nii.gz,2,MCI,bids_adni1
094_S_1314,m18,2008-09-26,/project/rrg-mchakrav-ab/moncia/ADNI/bids_adni1/sub-094S1314/ses-m18/anat/sub-094S1314_ses-m18_acq-15T_T1w.nii.gz,2,MCI,bids_adni1
094_S_1330,sc,2007-03-29,/project/rrg-mchakrav-ab/moncia/ADNI/bids_adni1/sub-094S1330/ses-sc/anat/sub-094S1330_ses-sc_acq-15T_T1w.nii.gz,2,MCI,bids_adni1
094_S_1330,m12,2008-03-28,/project/rrg-mchakrav-ab/moncia/ADNI/bids_adni1/sub-094S1330/ses-m12/anat/sub-094S1330_ses-m12_acq-15T_T1w.nii.gz,2,MCI,bids_adni1
094_S_1330,m18,2008-09-26,/project/rrg-mchakrav-ab/moncia/ADNI/bids_adni1/sub-094S1330/ses-m18/anat/sub-094S1330_ses-m18_acq-15T_T1w.nii.gz,2,MCI,bids_adni1
094_S_1398,sc,2007-05-17,/project/rrg-mchakrav-ab/moncia/ADNI/bids_adni1/sub-094S1398/ses-sc/anat/sub-094S1398_ses-sc_acq-15T_T1w.nii.gz,2,MCI,bids_adni1
094_S_1398,m12,2008-05-16,/project/rrg-mchakrav-ab/moncia/ADNI/bids_adni1/sub-094S1398/ses-m12/anat/sub-094S1398_ses-m12_acq-15T_T1w.nii.gz,3,Dementia,bids_adni1
094_S_1398,m18,2008-11-14,/project/rrg-mchakrav-ab/moncia/ADNI/bids_adni1/sub-094S1398/ses-m18/anat/sub-094S1398_ses-m18_acq-15T_T1w.nii.gz,3,Dementia,bids_adni1
094_S_1417,sc,2007-08-03,/project/rrg-mchakrav-ab/moncia/ADNI/bids_adni1/sub-094S1417/ses-sc/anat/sub-094S1417_ses-sc_acq-15T_T1w.nii.gz,2,MCI,bids_adni1
094_S_1417,m12,2008-08-02,/project/rrg-mchakrav-ab/moncia/ADNI/bids_adni1/sub-094S1417/ses-m12/anat/sub-094S1417_ses-m12_acq-15T_T1w.nii.gz,2,MCI,bids_adni1
094_S_1417,m18,2009-01-31,/project/rrg-mchakrav-ab/moncia/ADNI/bids_adni1/sub-094S1417/ses-m18/anat/sub-094S1417_ses-m18_acq-15T_T1w.nii.gz,2,MCI,bids_adni1
094_S_1417,m36,2010-08-02,/project/rrg-mchakrav-ab/moncia/ADNI/bids_adni1/sub-094S1417/ses-m36/anat/sub-094S1417_ses-m36_acq-15T_T1w.nii.gz,2,MCI,bids_adni1
094_S_2216,m03,2011-06-23,/project/rrg-mchakrav-ab/moncia/ADNI/bids_adni_go2/sub-094S2216/ses-m03/anat/sub-094S2216_ses-m03_acq-3Taccel_T1w.nii.gz,2,MCI,bids_adni_go2
094_S_2216,m06,2011-09-22,/project/rrg-mchakrav-ab/moncia/ADNI/bids_adni_go2/sub-094S2216/ses-m06/anat/sub-094S2216_ses-m06_acq-3Taccel_T1w.nii.gz,2,MCI,bids_adni_go2
094_S_2216,m12,2012-03-23,/project/rrg-mchakrav-ab/moncia/ADNI/bids_adni_go2/sub-094S2216/ses-m12/anat/sub-094S2216_ses-m12_acq-3Taccel_T1w.nii.gz,2,MCI,bids_adni_go2
094_S_2216,m24,2013-03-23,/project/rrg-mchakrav-ab/moncia/ADNI/bids_adni_go2/sub-094S2216/ses-m24/anat/sub-094S2216_ses-m24_acq-3Taccel_T1w.nii.gz,3,Dementia,bids_adni_go2
094_S_2216,m36,2014-03-23,/project/rrg-mchakrav-ab/moncia/ADNI/bids_adni_go2/sub-094S2216/ses-m36/anat/sub-094S2216_ses-m36_acq-3Taccel_T1w.nii.gz,3,Dementia,bids_adni_go2
094_S_2216,m48,2015-03-24,/project/rrg-mchakrav-ab/moncia/ADNI/bids_adni_go2/sub-094S2216/ses-m48/anat/sub-094S2216_ses-m48_acq-3Taccel_T1w.nii.gz,3,Dementia,bids_adni_go2
094_S_2238,m03,2011-04-28,/project/rrg-mchakrav-ab/moncia/ADNI/bids_adni_go2/sub-094S2238/ses-m03/anat/sub-094S2238_ses-m03_acq-3Taccel_T1w.nii.gz,2,MCI,bids_adni_go2
094_S_2238,m06,2011-07-28,/project/rrg-mchakrav-ab/moncia/ADNI/bids_adni_go2/sub-094S2238/ses-m06/anat/sub-094S2238_ses-m06_acq-3Taccel_T1w.nii.gz,2,MCI,bids_adni_go2
094_S_2238,m12,2012-01-27,/project/rrg-mchakrav-ab/moncia/ADNI/bids_adni_go2/sub-094S2238/ses-m12/anat/sub-094S2238_ses-m12_acq-3Taccel_T1w.nii.gz,2,MCI,bids_adni_go2
094_S_2238,m24,2013-01-26,/project/rrg-mchakrav-ab/moncia/ADNI/bids_adni_go2/sub-094S2238/ses-m24/anat/sub-094S2238_ses-m24_acq-3Taccel_T1w.nii.gz,2,MCI,bids_adni_go2
094_S_2238,m36,2014-01-26,/project/rrg-mchakrav-ab/moncia/ADNI/bids_adni_go2/sub-094S2238/ses-m36/anat/sub-094S2238_ses-m36_acq-3Taccel_T1w.nii.gz,2,MCI,bids_adni_go2
094_S_2238,m48,2015-01-27,/project/rrg-mchakrav-ab/moncia/ADNI/bids_adni_go2/sub-094S2238/ses-m48/anat/sub-094S2238_ses-m48_acq-3Taccel_T1w.nii.gz,2,MCI,bids_adni_go2
094_S_2238,m84,2018-01-26,/project/rrg-mchakrav-ab/moncia/ADNI/bids_adni3/sub-094S2238/ses-m84/anat/sub-094S2238_ses-m84_acq-3T_T1w.nii.gz,2,MCI,bids_adni3
094_S_2238,m96,2019-01-27,/project/rrg-mchakrav-ab/moncia/ADNI/bids_adni3/sub-094S2238/ses-m96/anat/sub-094S2238_ses-m96_acq-3T_T1w.nii.gz,2,MCI,bids_adni3
094_S_2238,m138,2022-07-28,/project/rrg-mchakrav-ab/moncia/ADNI/bids_adni3/sub-094S2238/ses-m138/anat/sub-094S2238_ses-m138_acq-3T_T1w.nii.gz,2,MCI,bids_adni3
094_S_2367,m03,2011-08-25,/project/rrg-mchakrav-ab/moncia/ADNI/bids_adni_go2/sub-094S2367/ses-m03/anat/sub-094S2367_ses-m03_acq-3Taccel_T1w.nii.gz,2,MCI,bids_adni_go2
094_S_2367,m06,2011-11-24,/project/rrg-mchakrav-ab/moncia/ADNI/bids_adni_go2/sub-094S2367/ses-m06/anat/sub-094S2367_ses-m06_acq-3Taccel_T1w.nii.gz,2,MCI,bids_adni_go2
094_S_2367,m12,2012-05-25,/project/rrg-mchakrav-ab/moncia/ADNI/bids_adni_go2/sub-094S2367/ses-m12/anat/sub-094S2367_ses-m12_acq-3Taccel_T1w.nii.gz,2,MCI,bids_adni_go2
094_S_2367,m24,2013-05-25,/project/rrg-mchakrav-ab/moncia/ADNI/bids_adni_go2/sub-094S2367/ses-m24/anat/sub-094S2367_ses-m24_acq-3Taccel_T1w.nii.gz,2,MCI,bids_adni_go2
094_S_2367,m48,2015-05-26,/project/rrg-mchakrav-ab/moncia/ADNI/bids_adni_go2/sub-094S2367/ses-m48/anat/sub-094S2367_ses-m48_acq-3Taccel_T1w.nii.gz,3,Dementia,bids_adni_go2
094_S_4162,m03,2011-11-03,/project/rrg-mchakrav-ab/moncia/ADNI/bids_adni_go2/sub-094S4162/ses-m03/anat/sub-094S4162_ses-m03_acq-3Taccel_T1w.nii.gz,2,MCI,bids_adni_go2
094_S_4162,m06,2012-02-02,/project/rrg-mchakrav-ab/moncia/ADNI/bids_adni_go2/sub-094S4162/ses-m06/anat/sub-094S4162_ses-m06_acq-3Taccel_T1w.nii.gz,2,MCI,bids_adni_go2
094_S_4162,m12,2012-08-03,/project/rrg-mchakrav-ab/moncia/ADNI/bids_adni_go2/sub-094S4162/ses-m12/anat/sub-094S4162_ses-m12_acq-3Taccel_T1w.nii.gz,2,MCI,bids_adni_go2
094_S_4162,m24,2013-08-03,/project/rrg-mchakrav-ab/moncia/ADNI/bids_adni_go2/sub-094S4162/ses-m24/anat/sub-094S4162_ses-m24_acq-3Taccel_T1w.nii.gz,3,Dementia,bids_adni_go2
094_S_4162,m48,2015-08-04,/project/rrg-mchakrav-ab/moncia/ADNI/bids_adni_go2/sub-094S4162/ses-m48/anat/sub-094S4162_ses-m48_acq-3Taccel_T1w.nii.gz,3,Dementia,bids_adni_go2
094_S_4434,m03,2012-04-04,/project/rrg-mchakrav-ab/moncia/ADNI/bids_adni_go2/sub-094S4434/ses-m03/anat/sub-094S4434_ses-m03_acq-3Taccel_T1w.nii.gz,2,MCI,bids_adni_go2
094_S_4434,m06,2012-07-04,/project/rrg-mchakrav-ab/moncia/ADNI/bids_adni_go2/sub-094S4434/ses-m06/anat/sub-094S4434_ses-m06_acq-3Taccel_T1w.nii.gz,2,MCI,bids_adni_go2
094_S_4434,m12,2013-01-03,/project/rrg-mchakrav-ab/moncia/ADNI/bids_adni_go2/sub-094S4434/ses-m12/anat/sub-094S4434_ses-m12_acq-3Taccel_T1w.nii.gz,2,MCI,bids_adni_go2
094_S_4434,m24,2014-01-03,/project/rrg-mchakrav-ab/moncia/ADNI/bids_adni_go2/sub-094S4434/ses-m24/anat/sub-094S4434_ses-m24_acq-3Taccel_T1w.nii.gz,2,MCI,bids_adni_go2
094_S_4434,m48,2016-01-04,/project/rrg-mchakrav-ab/moncia/ADNI/bids_adni_go2/sub-094S4434/ses-m48/anat/sub-094S4434_ses-m48_acq-3Taccel_T1w.nii.gz,2,MCI,bids_adni_go2
094_S_4630,m03,2012-07-18,/project/rrg-mchakrav-ab/moncia/ADNI/bids_adni_go2/sub-094S4630/ses-m03/anat/sub-094S4630_ses-m03_acq-3Taccel_T1w.nii.gz,2,MCI,bids_adni_go2
094_S_4630,m06,2012-10-17,/project/rrg-mchakrav-ab/moncia/ADNI/bids_adni_go2/sub-094S4630/ses-m06/anat/sub-094S4630_ses-m06_acq-3Taccel_T1w.nii.gz,2,MCI,bids_adni_go2
094_S_4630,m12,2013-04-18,/project/rrg-mchakrav-ab/moncia/ADNI/bids_adni_go2/sub-094S4630/ses-m12/anat/sub-094S4630_ses-m12_acq-3Taccel_T1w.nii.gz,2,MCI,bids_adni_go2
094_S_4630,m24,2014-04-18,/project/rrg-mchakrav-ab/moncia/ADNI/bids_adni_go2/sub-094S4630/ses-m24/anat/sub-094S4630_ses-m24_acq-3Taccel_T1w.nii.gz,2,MCI,bids_adni_go2
094_S_4630,m48,2016-04-18,/project/rrg-mchakrav-ab/moncia/ADNI/bids_adni_go2/sub-094S4630/ses-m48/anat/sub-094S4630_ses-m48_acq-3Taccel_T1w.nii.gz,2,MCI,bids_adni_go2
094_S_4858,m03,2012-10-29,/project/rrg-mchakrav-ab/moncia/ADNI/bids_adni_go2/sub-094S4858/ses-m03/anat/sub-094S4858_ses-m03_acq-3Taccel_T1w.nii.gz,2,MCI,bids_adni_go2
094_S_4858,m06,2013-01-28,/project/rrg-mchakrav-ab/moncia/ADNI/bids_adni_go2/sub-094S4858/ses-m06/anat/sub-094S4858_ses-m06_acq-3Taccel_T1w.nii.gz,2,MCI,bids_adni_go2
094_S_4858,m12,2013-07-30,/project/rrg-mchakrav-ab/moncia/ADNI/bids_adni_go2/sub-094S4858/ses-m12/anat/sub-094S4858_ses-m12_acq-3Taccel_T1w.nii.gz,2,MCI,bids_adni_go2
094_S_4858,m24,2014-07-30,/project/rrg-mchakrav-ab/moncia/ADNI/bids_adni_go2/sub-094S4858/ses-m24/anat/sub-094S4858_ses-m24_acq-3Taccel_T1w.nii.gz,2,MCI,bids_adni_go2
094_S_4858,m48,2016-07-30,/project/rrg-mchakrav-ab/moncia/ADNI/bids_adni_go2/sub-094S4858/ses-m48/anat/sub-094S4858_ses-m48_acq-3Taccel_T1w.nii.gz,2,MCI,bids_adni_go2
098_S_0160,sc,2006-02-14,/project/rrg-mchakrav-ab/moncia/ADNI/bids_adni1/sub-098S0160/ses-sc/anat/sub-098S0160_ses-sc_acq-15T_T1w.nii.gz,2,MCI,bids_adni1
098_S_0160,m06,2006-08-15,/project/rrg-mchakrav-ab/moncia/ADNI/bids_adni1/sub-098S0160/ses-m06/anat/sub-098S0160_ses-m06_acq-15T_T1w.nii.gz,2,MCI,bids_adni1
098_S_0160,m12,2007-02-14,/project/rrg-mchakrav-ab/moncia/ADNI/bids_adni1/sub-098S0160/ses-m12/anat/sub-098S0160_ses-m12_acq-15T_T1w.nii.gz,2,MCI,bids_adni1
098_S_0160,m18,2007-08-15,/project/rrg-mchakrav-ab/moncia/ADNI/bids_adni1/sub-098S0160/ses-m18/anat/sub-098S0160_ses-m18_acq-15T_T1w.nii.gz,2,MCI,bids_adni1
098_S_0160,m24,2008-02-14,/project/rrg-mchakrav-ab/moncia/ADNI/bids_adni1/sub-098S0160/ses-m24/anat/sub-098S0160_ses-m24_acq-15T_T1w.nii.gz,2,MCI,bids_adni1
098_S_0160,m36,2009-02-13,/project/rrg-mchakrav-ab/moncia/ADNI/bids_adni1/sub-098S0160/ses-m36/anat/sub-098S0160_ses-m36_acq-15T_T1w.nii.gz,2,MCI,bids_adni1
098_S_0160,m48,2010-02-14,/project/rrg-mchakrav-ab/moncia/ADNI/bids_adni1/sub-098S0160/ses-m48/anat/sub-098S0160_ses-m48_acq-15T_T1w.nii.gz,2,MCI,bids_adni1
098_S_0269,m06,2006-10-13,/project/rrg-mchakrav-ab/moncia/ADNI/bids_adni1/sub-098S0269/ses-m06/anat/sub-098S0269_ses-m06_acq-15T_T1w.nii.gz,3,Dementia,bids_adni1
098_S_0269,m12,2007-04-14,/project/rrg-mchakrav-ab/moncia/ADNI/bids_adni1/sub-098S0269/ses-m12/anat/sub-098S0269_ses-m12_acq-15T_T1w.nii.gz,3,Dementia,bids_adni1
098_S_0269,m24,2008-04-13,/project/rrg-mchakrav-ab/moncia/ADNI/bids_adni1/sub-098S0269/ses-m24/anat/sub-098S0269_ses-m24_acq-15T_T1w.nii.gz,3,Dementia,bids_adni1
098_S_0269,m36,2009-04-13,/project/rrg-mchakrav-ab/moncia/ADNI/bids_adni1/sub-098S0269/ses-m36/anat/sub-098S0269_ses-m36_acq-15T_T1w.nii.gz,3,Dementia,bids_adni1
098_S_0269,m48,2010-04-14,/project/rrg-mchakrav-ab/moncia/ADNI/bids_adni1/sub-098S0269/ses-m48/anat/sub-098S0269_ses-m48_acq-15T_T1w.nii.gz,3,Dementia,bids_adni1
098_S_0667,sc,2006-07-26,/project/rrg-mchakrav-ab/moncia/ADNI/bids_adni1/sub-098S0667/ses-sc/anat/sub-098S0667_ses-sc_acq-15T_T1w.nii.gz,2,MCI,bids_adni1
098_S_0667,m06,2007-01-24,/project/rrg-mchakrav-ab/moncia/ADNI/bids_adni1/sub-098S0667/ses-m06/anat/sub-098S0667_ses-m06_acq-15T_T1w.nii.gz,2,MCI,bids_adni1
098_S_0667,m12,2007-07-26,/project/rrg-mchakrav-ab/moncia/ADNI/bids_adni1/sub-098S0667/ses-m12/anat/sub-098S0667_ses-m12_acq-15T_T1w.nii.gz,2,MCI,bids_adni1
098_S_0667,m24,2008-07-25,/project/rrg-mchakrav-ab/moncia/ADNI/bids_adni1/sub-098S0667/ses-m24/anat/sub-098S0667_ses-m24_acq-15T_T1w.nii.gz,3,Dementia,bids_adni1
098_S_0667,m36,2009-07-25,/project/rrg-mchakrav-ab/moncia/ADNI/bids_adni1/sub-098S0667/ses-m36/anat/sub-098S0667_ses-m36_acq-15T_T1w.nii.gz,3,Dementia,bids_adni1
098_S_0667,m48,2010-07-26,/project/rrg-mchakrav-ab/moncia/ADNI/bids_adni1/sub-098S0667/ses-m48/anat/sub-098S0667_ses-m48_acq-15T_T1w.nii.gz,3,Dementia,bids_adni1
098_S_2047,m03,2010-12-07,/project/rrg-mchakrav-ab/moncia/ADNI/bids_adni_go2/sub-098S2047/ses-m03/anat/sub-098S2047_ses-m03_acq-3Taccel_T1w.nii.gz,2,MCI,bids_adni_go2
098_S_2047,m06,2011-03-08,/project/rrg-mchakrav-ab/moncia/ADNI/bids_adni_go2/sub-098S2047/ses-m06/anat/sub-098S2047_ses-m06_acq-3Taccel_T1w.nii.gz,2,MCI,bids_adni_go2
098_S_2047,m12,2011-09-07,/project/rrg-mchakrav-ab/moncia/ADNI/bids_adni_go2/sub-098S2047/ses-m12/anat/sub-098S2047_ses-m12_acq-3Taccel_T1w.nii.gz,2,MCI,bids_adni_go2
098_S_2047,m24,2012-09-06,/project/rrg-mchakrav-ab/moncia/ADNI/bids_adni_go2/sub-098S2047/ses-m24/anat/sub-098S2047_ses-m24_acq-3Taccel_T1w.nii.gz,3,Dementia,bids_adni_go2
098_S_2047,m36,2013-09-06,/project/rrg-mchakrav-ab/moncia/ADNI/bids_adni_go2/sub-098S2047/ses-m36/anat/sub-098S2047_ses-m36_acq-3Taccel_T1w.nii.gz,3,Dementia,bids_adni_go2
098_S_2052,m03,2010-12-30,/project/rrg-mchakrav-ab/moncia/ADNI/bids_adni_go2/sub-098S2052/ses-m03/anat/sub-098S2052_ses-m03_acq-3Taccel_T1w.nii.gz,2,MCI,bids_adni_go2
098_S_2052,m06,2011-03-31,/project/rrg-mchakrav-ab/moncia/ADNI/bids_adni_go2/sub-098S2052/ses-m06/anat/sub-098S2052_ses-m06_acq-3Taccel_T1w.nii.gz,2,MCI,bids_adni_go2
098_S_2052,m12,2011-09-30,/project/rrg-mchakrav-ab/moncia/ADNI/bids_adni_go2/sub-098S2052/ses-m12/anat/sub-098S2052_ses-m12_acq-3Taccel_T1w.nii.gz,2,MCI,bids_adni_go2
098_S_2052,m36,2013-09-29,/project/rrg-mchakrav-ab/moncia/ADNI/bids_adni_go2/sub-098S2052/ses-m36/anat/sub-098S2052_ses-m36_acq-3Taccel_T1w.nii.gz,2,MCI,bids_adni_go2
098_S_2052,m48,2014-09-30,/project/rrg-mchakrav-ab/moncia/ADNI/bids_adni_go2/sub-098S2052/ses-m48/anat/sub-098S2052_ses-m48_acq-3Taccel_T1w.nii.gz,2,MCI,bids_adni_go2
098_S_2079,m03,2011-01-12,/project/rrg-mchakrav-ab/moncia/ADNI/bids_adni_go2/sub-098S2079/ses-m03/anat/sub-098S2079_ses-m03_acq-3Taccel_T1w.nii.gz,2,MCI,bids_adni_go2
098_S_2079,m06,2011-04-13,/project/rrg-mchakrav-ab/moncia/ADNI/bids_adni_go2/sub-098S2079/ses-m06/anat/sub-098S2079_ses-m06_acq-3Taccel_T1w.nii.gz,2,MCI,bids_adni_go2
098_S_2079,m12,2011-10-13,/project/rrg-mchakrav-ab/moncia/ADNI/bids_adni_go2/sub-098S2079/ses-m12/anat/sub-098S2079_ses-m12_acq-3Taccel_T1w.nii.gz,2,MCI,bids_adni_go2
098_S_2079,m24,2012-10-12,/project/rrg-mchakrav-ab/moncia/ADNI/bids_adni_go2/sub-098S2079/ses-m24/anat/sub-098S2079_ses-m24_acq-3Taccel_T1w.nii.gz,2,MCI,bids_adni_go2
098_S_2079,m36,2013-10-12,/project/rrg-mchakrav-ab/moncia/ADNI/bids_adni_go2/sub-098S2079/ses-m36/anat/sub-098S2079_ses-m36_acq-3Taccel_T1w.nii.gz,2,MCI,bids_adni_go2
098_S_2079,m48,2014-10-13,/project/rrg-mchakrav-ab/moncia/ADNI/bids_adni_go2/sub-098S2079/ses-m48/anat/sub-098S2079_ses-m48_acq-3Taccel_T1w.nii.gz,2,MCI,bids_adni_go2
098_S_2079,m72,2016-10-12,/project/rrg-mchakrav-ab/moncia/ADNI/bids_adni_go2/sub-098S2079/ses-m72/anat/sub-098S2079_ses-m72_acq-3Taccel_T1w.nii.gz,2,MCI,bids_adni_go2
098_S_4059,m03,2011-08-16,/project/rrg-mchakrav-ab/moncia/ADNI/bids_adni_go2/sub-098S4059/ses-m03/anat/sub-098S4059_ses-m03_acq-3Taccel_T1w.nii.gz,2,MCI,bids_adni_go2
098_S_4059,m06,2011-11-15,/project/rrg-mchakrav-ab/moncia/ADNI/bids_adni_go2/sub-098S4059/ses-m06/anat/sub-098S4059_ses-m06_acq-3Taccel_T1w.nii.gz,2,MCI,bids_adni_go2
098_S_4059,m12,2012-05-16,/project/rrg-mchakrav-ab/moncia/ADNI/bids_adni_go2/sub-098S4059/ses-m12/anat/sub-098S4059_ses-m12_acq-3Taccel_T1w.nii.gz,2,MCI,bids_adni_go2
098_S_6534,sc,2018-08-17,/project/rrg-mchakrav-ab/moncia/ADNI/bids_adni3/sub-098S6534/ses-sc/anat/sub-098S6534_ses-sc_acq-3T_T1w.nii.gz,2,MCI,bids_adni3
098_S_6534,m12,2019-08-17,/project/rrg-mchakrav-ab/moncia/ADNI/bids_adni3/sub-098S6534/ses-m12/anat/sub-098S6534_ses-m12_acq-3T_T1w.nii.gz,2,MCI,bids_adni3
098_S_6534,m66,2024-02-16,/project/rrg-mchakrav-ab/moncia/ADNI/bids_adni4_qc/sub-098S6534/ses-m66/anat/sub-098S6534_ses-m66_acq-3Tultrafast_T1w.nii.gz,1,CN,bids_adni4_qc
099_S_0051,sc,2005-12-29,/project/rrg-mchakrav-ab/moncia/ADNI/bids_adni1/sub-099S0051/ses-sc/anat/sub-099S0051_ses-sc_acq-15T_T1w.nii.gz,2,MCI,bids_adni1
099_S_0051,m12,2006-12-29,/project/rrg-mchakrav-ab/moncia/ADNI/bids_adni1/sub-099S0051/ses-m12/anat/sub-099S0051_ses-m12_acq-15T_T1w.nii.gz,2,MCI,bids_adni1
099_S_0051,m18,2007-06-29,/project/rrg-mchakrav-ab/moncia/ADNI/bids_adni1/sub-099S0051/ses-m18/anat/sub-099S0051_ses-m18_acq-15T_T1w.nii.gz,2,MCI,bids_adni1
099_S_0051,m36,2008-12-28,/project/rrg-mchakrav-ab/moncia/ADNI/bids_adni1/sub-099S0051/ses-m36/anat/sub-099S0051_ses-m36_acq-15T_T1w.nii.gz,2,MCI,bids_adni1
099_S_0054,sc,2005-12-29,/project/rrg-mchakrav-ab/moncia/ADNI/bids_adni1/sub-099S0054/ses-sc/anat/sub-099S0054_ses-sc_acq-15T_T1w.nii.gz,2,MCI,bids_adni1
099_S_0054,m06,2006-06-29,/project/rrg-mchakrav-ab/moncia/ADNI/bids_adni1/sub-099S0054/ses-m06/anat/sub-099S0054_ses-m06_acq-15T_T1w.nii.gz,2,MCI,bids_adni1
099_S_0054,m12,2006-12-29,/project/rrg-mchakrav-ab/moncia/ADNI/bids_adni1/sub-099S0054/ses-m12/anat/sub-099S0054_ses-m12_acq-15T_T1w.nii.gz,3,Dementia,bids_adni1
099_S_0054,m18,2007-06-29,/project/rrg-mchakrav-ab/moncia/ADNI/bids_adni1/sub-099S0054/ses-m18/anat/sub-099S0054_ses-m18_acq-15T_T1w.nii.gz,3,Dementia,bids_adni1
099_S_0060,sc,2006-01-17,/project/rrg-mchakrav-ab/moncia/ADNI/bids_adni1/sub-099S0060/ses-sc/anat/sub-099S0060_ses-sc_acq-15T_T1w.nii.gz,2,MCI,bids_adni1
099_S_0060,m06,2006-07-18,/project/rrg-mchakrav-ab/moncia/ADNI/bids_adni1/sub-099S0060/ses-m06/anat/sub-099S0060_ses-m06_acq-15T_T1w.nii.gz,2,MCI,bids_adni1
099_S_0060,m12,2007-01-17,/project/rrg-mchakrav-ab/moncia/ADNI/bids_adni1/sub-099S0060/ses-m12/anat/sub-099S0060_ses-m12_acq-15T_T1w.nii.gz,2,MCI,bids_adni1
099_S_0111,sc,2006-02-10,/project/rrg-mchakrav-ab/moncia/ADNI/bids_adni1/sub-099S0111/ses-sc/anat/sub-099S0111_ses-sc_acq-15T_T1w.nii.gz,2,MCI,bids_adni1
099_S_0111,m06,2006-08-11,/project/rrg-mchakrav-ab/moncia/ADNI/bids_adni1/sub-099S0111/ses-m06/anat/sub-099S0111_ses-m06_acq-15T_T1w.nii.gz,2,MCI,bids_adni1
099_S_0111,m12,2007-02-10,/project/rrg-mchakrav-ab/moncia/ADNI/bids_adni1/sub-099S0111/ses-m12/anat/sub-099S0111_ses-m12_acq-15T_T1w.nii.gz,3,Dementia,bids_adni1
099_S_0291,m06,2006-11-17,/project/rrg-mchakrav-ab/moncia/ADNI/bids_adni1/sub-099S0291/ses-m06/anat/sub-099S0291_ses-m06_acq-15T_T1w.nii.gz,2,MCI,bids_adni1
099_S_0291,m12,2007-05-19,/project/rrg-mchakrav-ab/moncia/ADNI/bids_adni1/sub-099S0291/ses-m12/anat/sub-099S0291_ses-m12_acq-15T_T1w.nii.gz,2,MCI,bids_adni1
099_S_0291,m36,2009-05-18,/project/rrg-mchakrav-ab/moncia/ADNI/bids_adni1/sub-099S0291/ses-m36/anat/sub-099S0291_ses-m36_acq-15T_T1w.nii.gz,2,MCI,bids_adni1
099_S_0551,m06,2007-03-02,/project/rrg-mchakrav-ab/moncia/ADNI/bids_adni1/sub-099S0551/ses-m06/anat/sub-099S0551_ses-m06_acq-15T_T1w.nii.gz,1,CN,bids_adni1
099_S_0551,m12,2007-09-01,/project/rrg-mchakrav-ab/moncia/ADNI/bids_adni1/sub-099S0551/ses-m12/anat/sub-099S0551_ses-m12_acq-15T_T1w.nii.gz,1,CN,bids_adni1
099_S_0551,m18,2008-03-01,/project/rrg-mchakrav-ab/moncia/ADNI/bids_adni1/sub-099S0551/ses-m18/anat/sub-099S0551_ses-m18_acq-15T_T1w.nii.gz,1,CN,bids_adni1
099_S_0551,m24,2008-08-31,/project/rrg-mchakrav-ab/moncia/ADNI/bids_adni1/sub-099S0551/ses-m24/anat/sub-099S0551_ses-m24_acq-15T_T1w.nii.gz,1,CN,bids_adni1
099_S_0880,sc,2006-11-17,/project/rrg-mchakrav-ab/moncia/ADNI/bids_adni1/sub-099S0880/ses-sc/anat/sub-099S0880_ses-sc_acq-15T_T1w.nii.gz,2,MCI,bids_adni1
099_S_0880,m06,2007-05-18,/project/rrg-mchakrav-ab/moncia/ADNI/bids_adni1/sub-099S0880/ses-m06/anat/sub-099S0880_ses-m06_acq-15T_T1w.nii.gz,2,MCI,bids_adni1
099_S_0880,m12,2007-11-17,/project/rrg-mchakrav-ab/moncia/ADNI/bids_adni1/sub-099S0880/ses-m12/anat/sub-099S0880_ses-m12_acq-15T_T1w.nii.gz,2,MCI,bids_adni1
099_S_1034,sc,2006-12-15,/project/rrg-mchakrav-ab/moncia/ADNI/bids_adni1/sub-099S1034/ses-sc/anat/sub-099S1034_ses-sc_acq-15T_T1w.nii.gz,2,MCI,bids_adni1
099_S_1034,m06,2007-06-15,/project/rrg-mchakrav-ab/moncia/ADNI/bids_adni1/sub-099S1034/ses-m06/anat/sub-099S1034_ses-m06_acq-15T_T1w.nii.gz,2,MCI,bids_adni1
099_S_1034,m12,2007-12-15,/project/rrg-mchakrav-ab/moncia/ADNI/bids_adni1/sub-099S1034/ses-m12/anat/sub-099S1034_ses-m12_acq-15T_T1w.nii.gz,2,MCI,bids_adni1
099_S_1034,m18,2008-06-14,/project/rrg-mchakrav-ab/moncia/ADNI/bids_adni1/sub-099S1034/ses-m18/anat/sub-099S1034_ses-m18_acq-15T_T1w.nii.gz,2,MCI,bids_adni1
099_S_1034,m24,2008-12-14,/project/rrg-mchakrav-ab/moncia/ADNI/bids_adni1/sub-099S1034/ses-m24/anat/sub-099S1034_ses-m24_acq-15T_T1w.nii.gz,2,MCI,bids_adni1
099_S_1034,m36,2009-12-14,/project/rrg-mchakrav-ab/moncia/ADNI/bids_adni1/sub-099S1034/ses-m36/anat/sub-099S1034_ses-m36_acq-15T_T1w.nii.gz,2,MCI,bids_adni1
099_S_2042,m03,2010-11-24,/project/rrg-mchakrav-ab/moncia/ADNI/bids_adni_go2/sub-099S2042/ses-m03/anat/sub-099S2042_ses-m03_acq-3Taccel_T1w.nii.gz,2,MCI,bids_adni_go2
099_S_2042,m06,2011-02-23,/project/rrg-mchakrav-ab/moncia/ADNI/bids_adni_go2/sub-099S2042/ses-m06/anat/sub-099S2042_ses-m06_acq-3Taccel_T1w.nii.gz,2,MCI,bids_adni_go2
099_S_2042,m12,2011-08-25,/project/rrg-mchakrav-ab/moncia/ADNI/bids_adni_go2/sub-099S2042/ses-m12/anat/sub-099S2042_ses-m12_acq-3Taccel_T1w.nii.gz,2,MCI,bids_adni_go2
099_S_2042,m24,2012-08-24,/project/rrg-mchakrav-ab/moncia/ADNI/bids_adni_go2/sub-099S2042/ses-m24/anat/sub-099S2042_ses-m24_acq-3Taccel_T1w.nii.gz,2,MCI,bids_adni_go2
099_S_2063,m03,2011-01-31,/project/rrg-mchakrav-ab/moncia/ADNI/bids_adni_go2/sub-099S2063/ses-m03/anat/sub-099S2063_ses-m03_acq-3Taccel_T1w.nii.gz,2,MCI,bids_adni_go2
099_S_2063,m06,2011-05-02,/project/rrg-mchakrav-ab/moncia/ADNI/bids_adni_go2/sub-099S2063/ses-m06/anat/sub-099S2063_ses-m06_acq-3Taccel_T1w.nii.gz,2,MCI,bids_adni_go2
099_S_2063,m12,2011-11-01,/project/rrg-mchakrav-ab/moncia/ADNI/bids_adni_go2/sub-099S2063/ses-m12/anat/sub-099S2063_ses-m12_acq-3Taccel_T1w.nii.gz,2,MCI,bids_adni_go2
099_S_2063,m24,2012-10-31,/project/rrg-mchakrav-ab/moncia/ADNI/bids_adni_go2/sub-099S2063/ses-m24/anat/sub-099S2063_ses-m24_acq-3Taccel_T1w.nii.gz,2,MCI,bids_adni_go2
099_S_2063,m36,2013-10-31,/project/rrg-mchakrav-ab/moncia/ADNI/bids_adni_go2/sub-099S2063/ses-m36/anat/sub-099S2063_ses-m36_acq-3Taccel_T1w.nii.gz,2,MCI,bids_adni_go2
099_S_2063,m48,2014-11-01,/project/rrg-mchakrav-ab/moncia/ADNI/bids_adni_go2/sub-099S2063/ses-m48/anat/sub-099S2063_ses-m48_acq-3Taccel_T1w.nii.gz,2,MCI,bids_adni_go2
099_S_2146,m03,2011-02-17,/project/rrg-mchakrav-ab/moncia/ADNI/bids_adni_go2/sub-099S2146/ses-m03/anat/sub-099S2146_ses-m03_acq-3Taccel_T1w.nii.gz,2,MCI,bids_adni_go2
099_S_2146,m06,2011-05-19,/project/rrg-mchakrav-ab/moncia/ADNI/bids_adni_go2/sub-099S2146/ses-m06/anat/sub-099S2146_ses-m06_acq-3Taccel_T1w.nii.gz,2,MCI,bids_adni_go2
099_S_2146,m12,2011-11-18,/project/rrg-mchakrav-ab/moncia/ADNI/bids_adni_go2/sub-099S2146/ses-m12/anat/sub-099S2146_ses-m12_acq-3Taccel_T1w.nii.gz,2,MCI,bids_adni_go2
099_S_2146,m24,2012-11-17,/project/rrg-mchakrav-ab/moncia/ADNI/bids_adni_go2/sub-099S2146/ses-m24/anat/sub-099S2146_ses-m24_acq-3Taccel_T1w.nii.gz,1,CN,bids_adni_go2
099_S_2146,m36,2013-11-17,/project/rrg-mchakrav-ab/moncia/ADNI/bids_adni_go2/sub-099S2146/ses-m36/anat/sub-099S2146_ses-m36_acq-3Taccel_T1w.nii.gz,1,CN,bids_adni_go2
099_S_2146,m48,2014-11-18,/project/rrg-mchakrav-ab/moncia/ADNI/bids_adni_go2/sub-099S2146/ses-m48/anat/sub-099S2146_ses-m48_acq-3Taccel_T1w.nii.gz,1,CN,bids_adni_go2
099_S_2146,m72,2016-11-17,/project/rrg-mchakrav-ab/moncia/ADNI/bids_adni_go2/sub-099S2146/ses-m72/anat/sub-099S2146_ses-m72_acq-3Taccel_T1w.nii.gz,1,CN,bids_adni_go2
099_S_2146,m84,2017-11-17,/project/rrg-mchakrav-ab/moncia/ADNI/bids_adni_go2/sub-099S2146/ses-m84/anat/sub-099S2146_ses-m84_acq-3Taccel_T1w.nii.gz,1,CN,bids_adni_go2
099_S_2205,m03,2011-04-25,/project/rrg-mchakrav-ab/moncia/ADNI/bids_adni_go2/sub-099S2205/ses-m03/anat/sub-099S2205_ses-m03_acq-3Taccel_T1w.nii.gz,2,MCI,bids_adni_go2
099_S_2205,m06,2011-07-25,/project/rrg-mchakrav-ab/moncia/ADNI/bids_adni_go2/sub-099S2205/ses-m06/anat/sub-099S2205_ses-m06_acq-3Taccel_T1w.nii.gz,2,MCI,bids_adni_go2
099_S_2205,m12,2012-01-24,/project/rrg-mchakrav-ab/moncia/ADNI/bids_adni_go2/sub-099S2205/ses-m12/anat/sub-099S2205_ses-m12_acq-3Taccel_T1w.nii.gz,2,MCI,bids_adni_go2
099_S_2205,m24,2013-01-23,/project/rrg-mchakrav-ab/moncia/ADNI/bids_adni_go2/sub-099S2205/ses-m24/anat/sub-099S2205_ses-m24_acq-3Taccel_T1w.nii.gz,2,MCI,bids_adni_go2
099_S_4022,m03,2011-07-15,/project/rrg-mchakrav-ab/moncia/ADNI/bids_adni_go2/sub-099S4022/ses-m03/anat/sub-099S4022_ses-m03_acq-3Taccel_T1w.nii.gz,2,MCI,bids_adni_go2
099_S_4022,m06,2011-10-14,/project/rrg-mchakrav-ab/moncia/ADNI/bids_adni_go2/sub-099S4022/ses-m06/anat/sub-099S4022_ses-m06_acq-3Taccel_T1w.nii.gz,2,MCI,bids_adni_go2
099_S_4022,m12,2012-04-14,/project/rrg-mchakrav-ab/moncia/ADNI/bids_adni_go2/sub-099S4022/ses-m12/anat/sub-099S4022_ses-m12_acq-3Taccel_T1w.nii.gz,2,MCI,bids_adni_go2
099_S_4157,m03,2011-11-03,/project/rrg-mchakrav-ab/moncia/ADNI/bids_adni_go2/sub-099S4157/ses-m03/anat/sub-099S4157_ses-m03_acq-3Taccel_T1w.nii.gz,2,MCI,bids_adni_go2
099_S_4157,m06,2012-02-02,/project/rrg-mchakrav-ab/moncia/ADNI/bids_adni_go2/sub-099S4157/ses-m06/anat/sub-099S4157_ses-m06_acq-3Taccel_T1w.nii.gz,2,MCI,bids_adni_go2
099_S_4157,m12,2012-08-03,/project/rrg-mchakrav-ab/moncia/ADNI/bids_adni_go2/sub-099S4157/ses-m12/anat/sub-099S4157_ses-m12_acq-3Taccel_T1w.nii.gz,2,MCI,bids_adni_go2
099_S_4157,m24,2013-08-03,/project/rrg-mchakrav-ab/moncia/ADNI/bids_adni_go2/sub-099S4157/ses-m24/anat/sub-099S4157_ses-m24_acq-3Taccel_T1w.nii.gz,2,MCI,bids_adni_go2
099_S_4202,m03,2011-11-21,/project/rrg-mchakrav-ab/moncia/ADNI/bids_adni_go2/sub-099S4202/ses-m03/anat/sub-099S4202_ses-m03_acq-3Taccel_T1w.nii.gz,2,MCI,bids_adni_go2
099_S_4202,m06,2012-02-20,/project/rrg-mchakrav-ab/moncia/ADNI/bids_adni_go2/sub-099S4202/ses-m06/anat/sub-099S4202_ses-m06_acq-3Taccel_T1w.nii.gz,2,MCI,bids_adni_go2
099_S_4202,m12,2012-08-21,/project/rrg-mchakrav-ab/moncia/ADNI/bids_adni_go2/sub-099S4202/ses-m12/anat/sub-099S4202_ses-m12_acq-3Taccel_T1w.nii.gz,2,MCI,bids_adni_go2
099_S_4205,m03,2011-11-22,/project/rrg-mchakrav-ab/moncia/ADNI/bids_adni_go2/sub-099S4205/ses-m03/anat/sub-099S4205_ses-m03_acq-3Taccel_T1w.nii.gz,2,MCI,bids_adni_go2
099_S_4205,m06,2012-02-21,/project/rrg-mchakrav-ab/moncia/ADNI/bids_adni_go2/sub-099S4205/ses-m06/anat/sub-099S4205_ses-m06_acq-3Taccel_T1w.nii.gz,2,MCI,bids_adni_go2
099_S_4205,m12,2012-08-22,/project/rrg-mchakrav-ab/moncia/ADNI/bids_adni_go2/sub-099S4205/ses-m12/anat/sub-099S4205_ses-m12_acq-3Taccel_T1w.nii.gz,2,MCI,bids_adni_go2
099_S_4205,m24,2013-08-22,/project/rrg-mchakrav-ab/moncia/ADNI/bids_adni_go2/sub-099S4205/ses-m24/anat/sub-099S4205_ses-m24_acq-3Taccel_T1w.nii.gz,2,MCI,bids_adni_go2
099_S_4463,m03,2012-04-13,/project/rrg-mchakrav-ab/moncia/ADNI/bids_adni_go2/sub-099S4463/ses-m03/anat/sub-099S4463_ses-m03_acq-3Taccel_T1w.nii.gz,2,MCI,bids_adni_go2
099_S_4463,m06,2012-07-13,/project/rrg-mchakrav-ab/moncia/ADNI/bids_adni_go2/sub-099S4463/ses-m06/anat/sub-099S4463_ses-m06_acq-3Taccel_T1w.nii.gz,2,MCI,bids_adni_go2
099_S_4463,m12,2013-01-12,/project/rrg-mchakrav-ab/moncia/ADNI/bids_adni_go2/sub-099S4463/ses-m12/anat/sub-099S4463_ses-m12_acq-3Taccel_T1w.nii.gz,2,MCI,bids_adni_go2
099_S_4463,m24,2014-01-12,/project/rrg-mchakrav-ab/moncia/ADNI/bids_adni_go2/sub-099S4463/ses-m24/anat/sub-099S4463_ses-m24_acq-3Taccel_T1w.nii.gz,2,MCI,bids_adni_go2
099_S_4475,m03,2012-04-17,/project/rrg-mchakrav-ab/moncia/ADNI/bids_adni_go2/sub-099S4475/ses-m03/anat/sub-099S4475_ses-m03_acq-3Taccel_T1w.nii.gz,2,MCI,bids_adni_go2
099_S_4475,m06,2012-07-17,/project/rrg-mchakrav-ab/moncia/ADNI/bids_adni_go2/sub-099S4475/ses-m06/anat/sub-099S4475_ses-m06_acq-3Taccel_T1w.nii.gz,2,MCI,bids_adni_go2
099_S_4475,m12,2013-01-16,/project/rrg-mchakrav-ab/moncia/ADNI/bids_adni_go2/sub-099S4475/ses-m12/anat/sub-099S4475_ses-m12_acq-3Taccel_T1w.nii.gz,2,MCI,bids_adni_go2
099_S_4480,m03,2012-04-17,/project/rrg-mchakrav-ab/moncia/ADNI/bids_adni_go2/sub-099S4480/ses-m03/anat/sub-099S4480_ses-m03_acq-3Taccel_T1w.nii.gz,2,MCI,bids_adni_go2
099_S_4480,m06,2012-07-17,/project/rrg-mchakrav-ab/moncia/ADNI/bids_adni_go2/sub-099S4480/ses-m06/anat/sub-099S4480_ses-m06_acq-3Taccel_T1w.nii.gz,2,MCI,bids_adni_go2
099_S_4480,m12,2013-01-16,/project/rrg-mchakrav-ab/moncia/ADNI/bids_adni_go2/sub-099S4480/ses-m12/anat/sub-099S4480_ses-m12_acq-3Taccel_T1w.nii.gz,2,MCI,bids_adni_go2
099_S_4480,m24,2014-01-16,/project/rrg-mchakrav-ab/moncia/ADNI/bids_adni_go2/sub-099S4480/ses-m24/anat/sub-099S4480_ses-m24_acq-3Taccel_T1w.nii.gz,2,MCI,bids_adni_go2
099_S_4498,m03,2012-05-28,/project/rrg-mchakrav-ab/moncia/ADNI/bids_adni_go2/sub-099S4498/ses-m03/anat/sub-099S4498_ses-m03_acq-3Taccel_T1w.nii.gz,2,MCI,bids_adni_go2
099_S_4498,m06,2012-08-27,/project/rrg-mchakrav-ab/moncia/ADNI/bids_adni_go2/sub-099S4498/ses-m06/anat/sub-099S4498_ses-m06_acq-3Taccel_T1w.nii.gz,2,MCI,bids_adni_go2
099_S_4498,m12,2013-02-26,/project/rrg-mchakrav-ab/moncia/ADNI/bids_adni_go2/sub-099S4498/ses-m12/anat/sub-099S4498_ses-m12_acq-3Taccel_T1w.nii.gz,2,MCI,bids_adni_go2
099_S_4498,m24,2014-02-26,/project/rrg-mchakrav-ab/moncia/ADNI/bids_adni_go2/sub-099S4498/ses-m24/anat/sub-099S4498_ses-m24_acq-3Taccel_T1w.nii.gz,2,MCI,bids_adni_go2
099_S_4498,m48,2016-02-27,/project/rrg-mchakrav-ab/moncia/ADNI/bids_adni_go2/sub-099S4498/ses-m48/anat/sub-099S4498_ses-m48_acq-3Taccel_T1w.nii.gz,2,MCI,bids_adni_go2
099_S_4565,m03,2012-05-28,/project/rrg-mchakrav-ab/moncia/ADNI/bids_adni_go2/sub-099S4565/ses-m03/anat/sub-099S4565_ses-m03_acq-3Taccel_T1w.nii.gz,2,MCI,bids_adni_go2
099_S_4565,m06,2012-08-27,/project/rrg-mchakrav-ab/moncia/ADNI/bids_adni_go2/sub-099S4565/ses-m06/anat/sub-099S4565_ses-m06_acq-3Taccel_T1w.nii.gz,2,MCI,bids_adni_go2
099_S_4565,m12,2013-02-26,/project/rrg-mchakrav-ab/moncia/ADNI/bids_adni_go2/sub-099S4565/ses-m12/anat/sub-099S4565_ses-m12_acq-3Taccel_T1w.nii.gz,2,MCI,bids_adni_go2
099_S_4565,m24,2014-02-26,/project/rrg-mchakrav-ab/moncia/ADNI/bids_adni_go2/sub-099S4565/ses-m24/anat/sub-099S4565_ses-m24_acq-3Taccel_T1w.nii.gz,2,MCI,bids_adni_go2
099_S_6632,sc,2018-12-10,/project/rrg-mchakrav-ab/moncia/ADNI/bids_adni_go2/sub-099S6632/ses-sc/anat/sub-099S6632_ses-sc_acq-3Taccel_T1w.nii.gz,2,MCI,bids_adni_go2
099_S_6632,m12,2019-12-10,/project/rrg-mchakrav-ab/moncia/ADNI/bids_adni_go2/sub-099S6632/ses-m12/anat/sub-099S6632_ses-m12_acq-3Taccel_T1w.nii.gz,2,MCI,bids_adni_go2
099_S_6632,m24,2020-12-09,/project/rrg-mchakrav-ab/moncia/ADNI/bids_adni_go2/sub-099S6632/ses-m24/anat/sub-099S6632_ses-m24_acq-3Taccel_T1w.nii.gz,3,Dementia,bids_adni_go2
099_S_6632,m36,2021-12-09,/project/rrg-mchakrav-ab/moncia/ADNI/bids_adni_go2/sub-099S6632/ses-m36/anat/sub-099S6632_ses-m36_acq-3Taccel_T1w.nii.gz,3,Dementia,bids_adni_go2
100_S_0006,sc,2005-12-01,/project/rrg-mchakrav-ab/moncia/ADNI/bids_adni1/sub-100S0006/ses-sc/anat/sub-100S0006_ses-sc_acq-15T_T1w.nii.gz,2,MCI,bids_adni1
100_S_0006,m06,2006-06-01,/project/rrg-mchakrav-ab/moncia/ADNI/bids_adni1/sub-100S0006/ses-m06/anat/sub-100S0006_ses-m06_acq-15T_T1w.nii.gz,2,MCI,bids_adni1
100_S_0006,m12,2006-12-01,/project/rrg-mchakrav-ab/moncia/ADNI/bids_adni1/sub-100S0006/ses-m12/anat/sub-100S0006_ses-m12_acq-15T_T1w.nii.gz,2,MCI,bids_adni1
100_S_0006,m18,2007-06-01,/project/rrg-mchakrav-ab/moncia/ADNI/bids_adni1/sub-100S0006/ses-m18/anat/sub-100S0006_ses-m18_acq-15T_T1w.nii.gz,2,MCI,bids_adni1
100_S_0006,m24,2007-12-01,/project/rrg-mchakrav-ab/moncia/ADNI/bids_adni1/sub-100S0006/ses-m24/anat/sub-100S0006_ses-m24_acq-15T_T1w.nii.gz,2,MCI,bids_adni1
100_S_0006,m36,2008-11-30,/project/rrg-mchakrav-ab/moncia/ADNI/bids_adni1/sub-100S0006/ses-m36/anat/sub-100S0006_ses-m36_acq-15T_T1w.nii.gz,2,MCI,bids_adni1
100_S_0296,sc,2006-04-28,/project/rrg-mchakrav-ab/moncia/ADNI/bids_adni1/sub-100S0296/ses-sc/anat/sub-100S0296_ses-sc_acq-15T_T1w.nii.gz,2,MCI,bids_adni1
100_S_0296,m06,2006-10-27,/project/rrg-mchakrav-ab/moncia/ADNI/bids_adni1/sub-100S0296/ses-m06/anat/sub-100S0296_ses-m06_acq-15T_T1w.nii.gz,2,MCI,bids_adni1
100_S_0296,m12,2007-04-28,/project/rrg-mchakrav-ab/moncia/ADNI/bids_adni1/sub-100S0296/ses-m12/anat/sub-100S0296_ses-m12_acq-15T_T1w.nii.gz,2,MCI,bids_adni1
100_S_0296,m24,2008-04-27,/project/rrg-mchakrav-ab/moncia/ADNI/bids_adni1/sub-100S0296/ses-m24/anat/sub-100S0296_ses-m24_acq-15T_T1w.nii.gz,2,MCI,bids_adni1
100_S_0296,m36,2009-04-27,/project/rrg-mchakrav-ab/moncia/ADNI/bids_adni1/sub-100S0296/ses-m36/anat/sub-100S0296_ses-m36_acq-15T_T1w.nii.gz,2,MCI,bids_adni1
100_S_0296,m96,2014-04-28,/project/rrg-mchakrav-ab/moncia/ADNI/bids_adni_go2/sub-100S0296/ses-m96/anat/sub-100S0296_ses-m96_acq-3Taccel_T1w.nii.gz,2,MCI,bids_adni_go2
100_S_0296,m120,2016-04-27,/project/rrg-mchakrav-ab/moncia/ADNI/bids_adni_go2/sub-100S0296/ses-m120/anat/sub-100S0296_ses-m120_acq-3Taccel_T1w.nii.gz,2,MCI,bids_adni_go2
100_S_0892,sc,2007-02-28,/project/rrg-mchakrav-ab/moncia/ADNI/bids_adni1/sub-100S0892/ses-sc/anat/sub-100S0892_ses-sc_acq-15T_T1w.nii.gz,2,MCI,bids_adni1
100_S_0892,m06,2007-08-29,/project/rrg-mchakrav-ab/moncia/ADNI/bids_adni1/sub-100S0892/ses-m06/anat/sub-100S0892_ses-m06_acq-15T_T1w.nii.gz,2,MCI,bids_adni1
100_S_0892,m12,2008-02-28,/project/rrg-mchakrav-ab/moncia/ADNI/bids_adni1/sub-100S0892/ses-m12/anat/sub-100S0892_ses-m12_acq-15T_T1w.nii.gz,2,MCI,bids_adni1
100_S_0892,m18,2008-08-28,/project/rrg-mchakrav-ab/moncia/ADNI/bids_adni1/sub-100S0892/ses-m18/anat/sub-100S0892_ses-m18_acq-15T_T1w.nii.gz,3,Dementia,bids_adni1
100_S_0892,m36,2010-02-27,/project/rrg-mchakrav-ab/moncia/ADNI/bids_adni1/sub-100S0892/ses-m36/anat/sub-100S0892_ses-m36_acq-15T_T1w.nii.gz,3,Dementia,bids_adni1
100_S_0930,sc,2006-11-17,/project/rrg-mchakrav-ab/moncia/ADNI/bids_adni1/sub-100S0930/ses-sc/anat/sub-100S0930_ses-sc_acq-15T_T1w.nii.gz,2,MCI,bids_adni1
100_S_0930,m06,2007-05-18,/project/rrg-mchakrav-ab/moncia/ADNI/bids_adni1/sub-100S0930/ses-m06/anat/sub-100S0930_ses-m06_acq-15T_T1w.nii.gz,2,MCI,bids_adni1
100_S_0930,m24,2008-11-16,/project/rrg-mchakrav-ab/moncia/ADNI/bids_adni1/sub-100S0930/ses-m24/anat/sub-100S0930_ses-m24_acq-15T_T1w.nii.gz,3,Dementia,bids_adni1
100_S_4512,m03,2012-07-01,/project/rrg-mchakrav-ab/moncia/ADNI/bids_adni_go2/sub-100S4512/ses-m03/anat/sub-100S4512_ses-m03_acq-3Taccel_T1w.nii.gz,1,CN,bids_adni_go2
100_S_4512,m06,2012-09-30,/project/rrg-mchakrav-ab/moncia/ADNI/bids_adni_go2/sub-100S4512/ses-m06/anat/sub-100S4512_ses-m06_acq-3Taccel_T1w.nii.gz,2,MCI,bids_adni_go2
100_S_4512,m12,2013-04-01,/project/rrg-mchakrav-ab/moncia/ADNI/bids_adni_go2/sub-100S4512/ses-m12/anat/sub-100S4512_ses-m12_acq-3Taccel_T1w.nii.gz,2,MCI,bids_adni_go2
100_S_4512,m24,2014-04-01,/project/rrg-mchakrav-ab/moncia/ADNI/bids_adni_go2/sub-100S4512/ses-m24/anat/sub-100S4512_ses-m24_acq-3Taccel_T1w.nii.gz,2,MCI,bids_adni_go2
100_S_4512,m48,2016-04-01,/project/rrg-mchakrav-ab/moncia/ADNI/bids_adni_go2/sub-100S4512/ses-m48/anat/sub-100S4512_ses-m48_acq-3Taccel_T1w.nii.gz,2,MCI,bids_adni_go2
100_S_4556,m03,2012-07-20,/project/rrg-mchakrav-ab/moncia/ADNI/bids_adni_go2/sub-100S4556/ses-m03/anat/sub-100S4556_ses-m03_acq-3Taccel_T1w.nii.gz,2,MCI,bids_adni_go2
100_S_4556,m06,2012-10-19,/project/rrg-mchakrav-ab/moncia/ADNI/bids_adni_go2/sub-100S4556/ses-m06/anat/sub-100S4556_ses-m06_acq-3Taccel_T1w.nii.gz,2,MCI,bids_adni_go2
100_S_4556,m12,2013-04-20,/project/rrg-mchakrav-ab/moncia/ADNI/bids_adni_go2/sub-100S4556/ses-m12/anat/sub-100S4556_ses-m12_acq-3Taccel_T1w.nii.gz,2,MCI,bids_adni_go2
100_S_4556,m24,2014-04-20,/project/rrg-mchakrav-ab/moncia/ADNI/bids_adni_go2/sub-100S4556/ses-m24/anat/sub-100S4556_ses-m24_acq-3Taccel_T1w.nii.gz,1,CN,bids_adni_go2
100_S_4556,m48,2016-04-20,/project/rrg-mchakrav-ab/moncia/ADNI/bids_adni_go2/sub-100S4556/ses-m48/anat/sub-100S4556_ses-m48_acq-3Taccel_T1w.nii.gz,1,CN,bids_adni_go2
100_S_4556,m66,2017-10-20,/project/rrg-mchakrav-ab/moncia/ADNI/bids_adni3/sub-100S4556/ses-m66/anat/sub-100S4556_ses-m66_acq-3T_T1w.nii.gz,1,CN,bids_adni3
100_S_4556,m90,2019-10-20,/project/rrg-mchakrav-ab/moncia/ADNI/bids_adni3/sub-100S4556/ses-m90/anat/sub-100S4556_ses-m90_acq-3T_T1w.nii.gz,1,CN,bids_adni3
100_S_4556,m114,2021-10-20,/project/rrg-mchakrav-ab/moncia/ADNI/bids_adni3/sub-100S4556/ses-m114/anat/sub-100S4556_ses-m114_acq-3T_T1w.nii.gz,1,CN,bids_adni3
109_S_0950,sc,2006-12-12,/project/rrg-mchakrav-ab/moncia/ADNI/bids_adni1/sub-109S0950/ses-sc/anat/sub-109S0950_ses-sc_acq-15T_T1w.nii.gz,2,MCI,bids_adni1
109_S_0950,m12,2007-12-12,/project/rrg-mchakrav-ab/moncia/ADNI/bids_adni1/sub-109S0950/ses-m12/anat/sub-109S0950_ses-m12_acq-15T_T1w.nii.gz,2,MCI,bids_adni1
109_S_0950,m18,2008-06-11,/project/rrg-mchakrav-ab/moncia/ADNI/bids_adni1/sub-109S0950/ses-m18/anat/sub-109S0950_ses-m18_acq-15T_T1w.nii.gz,2,MCI,bids_adni1
109_S_0950,m24,2008-12-11,/project/rrg-mchakrav-ab/moncia/ADNI/bids_adni1/sub-109S0950/ses-m24/anat/sub-109S0950_ses-m24_acq-15T_T1w.nii.gz,2,MCI,bids_adni1
109_S_1114,sc,2007-01-10,/project/rrg-mchakrav-ab/moncia/ADNI/bids_adni1/sub-109S1114/ses-sc/anat/sub-109S1114_ses-sc_acq-15T_T1w.nii.gz,2,MCI,bids_adni1
109_S_1114,m06,2007-07-11,/project/rrg-mchakrav-ab/moncia/ADNI/bids_adni1/sub-109S1114/ses-m06/anat/sub-109S1114_ses-m06_acq-15T_T1w.nii.gz,2,MCI,bids_adni1
109_S_1114,m18,2008-07-10,/project/rrg-mchakrav-ab/moncia/ADNI/bids_adni1/sub-109S1114/ses-m18/anat/sub-109S1114_ses-m18_acq-15T_T1w.nii.gz,2,MCI,bids_adni1
109_S_1114,m24,2009-01-09,/project/rrg-mchakrav-ab/moncia/ADNI/bids_adni1/sub-109S1114/ses-m24/anat/sub-109S1114_ses-m24_acq-15T_T1w.nii.gz,2,MCI,bids_adni1
109_S_1183,sc,2007-01-23,/project/rrg-mchakrav-ab/moncia/ADNI/bids_adni1/sub-109S1183/ses-sc/anat/sub-109S1183_ses-sc_acq-15T_T1w.nii.gz,2,MCI,bids_adni1
109_S_1183,m06,2007-07-24,/project/rrg-mchakrav-ab/moncia/ADNI/bids_adni1/sub-109S1183/ses-m06/anat/sub-109S1183_ses-m06_acq-15T_T1w.nii.gz,2,MCI,bids_adni1
109_S_1183,m12,2008-01-23,/project/rrg-mchakrav-ab/moncia/ADNI/bids_adni1/sub-109S1183/ses-m12/anat/sub-109S1183_ses-m12_acq-15T_T1w.nii.gz,2,MCI,bids_adni1
109_S_1183,m18,2008-07-23,/project/rrg-mchakrav-ab/moncia/ADNI/bids_adni1/sub-109S1183/ses-m18/anat/sub-109S1183_ses-m18_acq-15T_T1w.nii.gz,2,MCI,bids_adni1
109_S_1183,m24,2009-01-22,/project/rrg-mchakrav-ab/moncia/ADNI/bids_adni1/sub-109S1183/ses-m24/anat/sub-109S1183_ses-m24_acq-15T_T1w.nii.gz,2,MCI,bids_adni1
109_S_2200,m03,2011-03-16,/project/rrg-mchakrav-ab/moncia/ADNI/bids_adni_go2/sub-109S2200/ses-m03/anat/sub-109S2200_ses-m03_acq-3Taccel_T1w.nii.gz,2,MCI,bids_adni_go2
109_S_2200,m12,2011-12-15,/project/rrg-mchakrav-ab/moncia/ADNI/bids_adni_go2/sub-109S2200/ses-m12/anat/sub-109S2200_ses-m12_acq-3Taccel_T1w.nii.gz,2,MCI,bids_adni_go2
109_S_2200,m24,2012-12-14,/project/rrg-mchakrav-ab/moncia/ADNI/bids_adni_go2/sub-109S2200/ses-m24/anat/sub-109S2200_ses-m24_acq-3Taccel_T1w.nii.gz,2,MCI,bids_adni_go2
109_S_2200,m36,2013-12-14,/project/rrg-mchakrav-ab/moncia/ADNI/bids_adni_go2/sub-109S2200/ses-m36/anat/sub-109S2200_ses-m36_acq-3Taccel_T1w.nii.gz,2,MCI,bids_adni_go2
109_S_2200,m48,2014-12-15,/project/rrg-mchakrav-ab/moncia/ADNI/bids_adni_go2/sub-109S2200/ses-m48/anat/sub-109S2200_ses-m48_acq-3Taccel_T1w.nii.gz,2,MCI,bids_adni_go2
109_S_4380,m03,2012-02-27,/project/rrg-mchakrav-ab/moncia/ADNI/bids_adni_go2/sub-109S4380/ses-m03/anat/sub-109S4380_ses-m03_acq-3Taccel_T1w.nii.gz,2,MCI,bids_adni_go2
109_S_4380,m06,2012-05-28,/project/rrg-mchakrav-ab/moncia/ADNI/bids_adni_go2/sub-109S4380/ses-m06/anat/sub-109S4380_ses-m06_acq-3Taccel_T1w.nii.gz,2,MCI,bids_adni_go2
109_S_4380,m12,2012-11-27,/project/rrg-mchakrav-ab/moncia/ADNI/bids_adni_go2/sub-109S4380/ses-m12/anat/sub-109S4380_ses-m12_acq-3Taccel_T1w.nii.gz,1,CN,bids_adni_go2
109_S_4380,m24,2013-11-27,/project/rrg-mchakrav-ab/moncia/ADNI/bids_adni_go2/sub-109S4380/ses-m24/anat/sub-109S4380_ses-m24_acq-3Taccel_T1w.nii.gz,2,MCI,bids_adni_go2
109_S_4380,m36,2014-11-27,/project/rrg-mchakrav-ab/moncia/ADNI/bids_adni_go2/sub-109S4380/ses-m36/anat/sub-109S4380_ses-m36_acq-3Taccel_T1w.nii.gz,2,MCI,bids_adni_go2
109_S_4380,m48,2015-11-28,/project/rrg-mchakrav-ab/moncia/ADNI/bids_adni_go2/sub-109S4380/ses-m48/anat/sub-109S4380_ses-m48_acq-3Taccel_T1w.nii.gz,2,MCI,bids_adni_go2
109_S_4380,m72,2017-11-27,/project/rrg-mchakrav-ab/moncia/ADNI/bids_adni3/sub-109S4380/ses-m72/anat/sub-109S4380_ses-m72_acq-3T_T1w.nii.gz,2,MCI,bids_adni3
109_S_4380,m156,2024-11-27,/project/rrg-mchakrav-ab/moncia/ADNI/bids_adni4_qc/sub-109S4380/ses-m156/anat/sub-109S4380_ses-m156_acq-3Taccel_T1w.nii.gz,2,MCI,bids_adni4_qc
109_S_4455,m03,2012-04-12,/project/rrg-mchakrav-ab/moncia/ADNI/bids_adni_go2/sub-109S4455/ses-m03/anat/sub-109S4455_ses-m03_acq-3Taccel_T1w.nii.gz,2,MCI,bids_adni_go2
109_S_4455,m06,2012-07-12,/project/rrg-mchakrav-ab/moncia/ADNI/bids_adni_go2/sub-109S4455/ses-m06/anat/sub-109S4455_ses-m06_acq-3Taccel_T1w.nii.gz,2,MCI,bids_adni_go2
109_S_4455,m12,2013-01-11,/project/rrg-mchakrav-ab/moncia/ADNI/bids_adni_go2/sub-109S4455/ses-m12/anat/sub-109S4455_ses-m12_acq-3Taccel_T1w.nii.gz,2,MCI,bids_adni_go2
109_S_4455,m24,2014-01-11,/project/rrg-mchakrav-ab/moncia/ADNI/bids_adni_go2/sub-109S4455/ses-m24/anat/sub-109S4455_ses-m24_acq-3Taccel_T1w.nii.gz,2,MCI,bids_adni_go2
109_S_4455,m36,2015-01-11,/project/rrg-mchakrav-ab/moncia/ADNI/bids_adni_go2/sub-109S4455/ses-m36/anat/sub-109S4455_ses-m36_acq-3Taccel_T1w.nii.gz,2,MCI,bids_adni_go2
109_S_4531,m03,2012-05-08,/project/rrg-mchakrav-ab/moncia/ADNI/bids_adni_go2/sub-109S4531/ses-m03/anat/sub-109S4531_ses-m03_acq-3Taccel_T1w.nii.gz,2,MCI,bids_adni_go2
109_S_4531,m06,2012-08-07,/project/rrg-mchakrav-ab/moncia/ADNI/bids_adni_go2/sub-109S4531/ses-m06/anat/sub-109S4531_ses-m06_acq-3Taccel_T1w.nii.gz,2,MCI,bids_adni_go2
109_S_4531,m12,2013-02-06,/project/rrg-mchakrav-ab/moncia/ADNI/bids_adni_go2/sub-109S4531/ses-m12/anat/sub-109S4531_ses-m12_acq-3Taccel_T1w.nii.gz,2,MCI,bids_adni_go2
109_S_4531,m24,2014-02-06,/project/rrg-mchakrav-ab/moncia/ADNI/bids_adni_go2/sub-109S4531/ses-m24/anat/sub-109S4531_ses-m24_acq-3Taccel_T1w.nii.gz,2,MCI,bids_adni_go2
109_S_4531,m36,2015-02-06,/project/rrg-mchakrav-ab/moncia/ADNI/bids_adni_go2/sub-109S4531/ses-m36/anat/sub-109S4531_ses-m36_acq-3Taccel_T1w.nii.gz,2,MCI,bids_adni_go2
109_S_4531,m48,2016-02-07,/project/rrg-mchakrav-ab/moncia/ADNI/bids_adni_go2/sub-109S4531/ses-m48/anat/sub-109S4531_ses-m48_acq-3Taccel_T1w.nii.gz,2,MCI,bids_adni_go2
109_S_4594,m03,2012-06-12,/project/rrg-mchakrav-ab/moncia/ADNI/bids_adni_go2/sub-109S4594/ses-m03/anat/sub-109S4594_ses-m03_acq-3Taccel_T1w.nii.gz,2,MCI,bids_adni_go2
109_S_4594,m12,2013-03-13,/project/rrg-mchakrav-ab/moncia/ADNI/bids_adni_go2/sub-109S4594/ses-m12/anat/sub-109S4594_ses-m12_acq-3Taccel_T1w.nii.gz,2,MCI,bids_adni_go2
109_S_4594,m24,2014-03-13,/project/rrg-mchakrav-ab/moncia/ADNI/bids_adni_go2/sub-109S4594/ses-m24/anat/sub-109S4594_ses-m24_acq-3Taccel_T1w.nii.gz,2,MCI,bids_adni_go2
109_S_4594,m36,2015-03-13,/project/rrg-mchakrav-ab/moncia/ADNI/bids_adni_go2/sub-109S4594/ses-m36/anat/sub-109S4594_ses-m36_acq-3Taccel_T1w.nii.gz,2,MCI,bids_adni_go2
109_S_4594,m48,2016-03-13,/project/rrg-mchakrav-ab/moncia/ADNI/bids_adni_go2/sub-109S4594/ses-m48/anat/sub-109S4594_ses-m48_acq-3Tunaccel_T1w.nii.gz,2,MCI,bids_adni_go2
114_S_0378,sc,2006-04-30,/project/rrg-mchakrav-ab/moncia/ADNI/bids_adni1/sub-114S0378/ses-sc/anat/sub-114S0378_ses-sc_acq-15T_T1w.nii.gz,2,MCI,bids_adni1
114_S_0378,m06,2006-10-29,/project/rrg-mchakrav-ab/moncia/ADNI/bids_adni1/sub-114S0378/ses-m06/anat/sub-114S0378_ses-m06_acq-15T_T1w.nii.gz,2,MCI,bids_adni1
114_S_0378,m12,2007-04-30,/project/rrg-mchakrav-ab/moncia/ADNI/bids_adni1/sub-114S0378/ses-m12/anat/sub-114S0378_ses-m12_acq-15T_T1w.nii.gz,2,MCI,bids_adni1
114_S_0378,m24,2008-04-29,/project/rrg-mchakrav-ab/moncia/ADNI/bids_adni1/sub-114S0378/ses-m24/anat/sub-114S0378_ses-m24_acq-15T_T1w.nii.gz,2,MCI,bids_adni1
114_S_0378,m36,2009-04-29,/project/rrg-mchakrav-ab/moncia/ADNI/bids_adni1/sub-114S0378/ses-m36/anat/sub-114S0378_ses-m36_acq-15T_T1w.nii.gz,2,MCI,bids_adni1
114_S_0410,sc,2006-05-11,/project/rrg-mchakrav-ab/moncia/ADNI/bids_adni1/sub-114S0410/ses-sc/anat/sub-114S0410_ses-sc_acq-15T_T1w.nii.gz,2,MCI,bids_adni1
114_S_0410,m06,2006-11-09,/project/rrg-mchakrav-ab/moncia/ADNI/bids_adni1/sub-114S0410/ses-m06/anat/sub-114S0410_ses-m06_acq-15T_T1w.nii.gz,2,MCI,bids_adni1
114_S_0410,m12,2007-05-11,/project/rrg-mchakrav-ab/moncia/ADNI/bids_adni1/sub-114S0410/ses-m12/anat/sub-114S0410_ses-m12_acq-15T_T1w.nii.gz,2,MCI,bids_adni1
114_S_0410,m18,2007-11-09,/project/rrg-mchakrav-ab/moncia/ADNI/bids_adni1/sub-114S0410/ses-m18/anat/sub-114S0410_ses-m18_acq-15T_T1w.nii.gz,2,MCI,bids_adni1
114_S_1103,sc,2006-12-08,/project/rrg-mchakrav-ab/moncia/ADNI/bids_adni1/sub-114S1103/ses-sc/anat/sub-114S1103_ses-sc_acq-15T_T1w.nii.gz,2,MCI,bids_adni1
114_S_1103,m06,2007-06-08,/project/rrg-mchakrav-ab/moncia/ADNI/bids_adni1/sub-114S1103/ses-m06/anat/sub-114S1103_ses-m06_acq-15T_T1w.nii.gz,2,MCI,bids_adni1
114_S_1103,m12,2007-12-08,/project/rrg-mchakrav-ab/moncia/ADNI/bids_adni1/sub-114S1103/ses-m12/anat/sub-114S1103_ses-m12_acq-15T_T1w.nii.gz,2,MCI,bids_adni1
114_S_1103,m18,2008-06-07,/project/rrg-mchakrav-ab/moncia/ADNI/bids_adni1/sub-114S1103/ses-m18/anat/sub-114S1103_ses-m18_acq-15T_T1w.nii.gz,2,MCI,bids_adni1
114_S_1106,sc,2006-12-12,/project/rrg-mchakrav-ab/moncia/ADNI/bids_adni1/sub-114S1106/ses-sc/anat/sub-114S1106_ses-sc_acq-15T_T1w.nii.gz,2,MCI,bids_adni1
114_S_1106,m06,2007-06-12,/project/rrg-mchakrav-ab/moncia/ADNI/bids_adni1/sub-114S1106/ses-m06/anat/sub-114S1106_ses-m06_acq-15T_T1w.nii.gz,2,MCI,bids_adni1
114_S_1106,m18,2008-06-11,/project/rrg-mchakrav-ab/moncia/ADNI/bids_adni1/sub-114S1106/ses-m18/anat/sub-114S1106_ses-m18_acq-15T_T1w.nii.gz,2,MCI,bids_adni1
114_S_1106,m24,2008-12-11,/project/rrg-mchakrav-ab/moncia/ADNI/bids_adni1/sub-114S1106/ses-m24/anat/sub-114S1106_ses-m24_acq-15T_T1w.nii.gz,2,MCI,bids_adni1
114_S_1106,m36,2009-12-11,/project/rrg-mchakrav-ab/moncia/ADNI/bids_adni1/sub-114S1106/ses-m36/anat/sub-114S1106_ses-m36_acq-15T_T1w.nii.gz,2,MCI,bids_adni1
114_S_1118,sc,2007-01-03,/project/rrg-mchakrav-ab/moncia/ADNI/bids_adni1/sub-114S1118/ses-sc/anat/sub-114S1118_ses-sc_acq-15T_T1w.nii.gz,2,MCI,bids_adni1
114_S_1118,m06,2007-07-04,/project/rrg-mchakrav-ab/moncia/ADNI/bids_adni1/sub-114S1118/ses-m06/anat/sub-114S1118_ses-m06_acq-15T_T1w.nii.gz,2,MCI,bids_adni1
114_S_1118,m12,2008-01-03,/project/rrg-mchakrav-ab/moncia/ADNI/bids_adni1/sub-114S1118/ses-m12/anat/sub-114S1118_ses-m12_acq-15T_T1w.nii.gz,2,MCI,bids_adni1
114_S_1118,m18,2008-07-03,/project/rrg-mchakrav-ab/moncia/ADNI/bids_adni1/sub-114S1118/ses-m18/anat/sub-114S1118_ses-m18_acq-15T_T1w.nii.gz,2,MCI,bids_adni1
114_S_1118,m24,2009-01-02,/project/rrg-mchakrav-ab/moncia/ADNI/bids_adni1/sub-114S1118/ses-m24/anat/sub-114S1118_ses-m24_acq-15T_T1w.nii.gz,2,MCI,bids_adni1
114_S_1118,m36,2010-01-02,/project/rrg-mchakrav-ab/moncia/ADNI/bids_adni1/sub-114S1118/ses-m36/anat/sub-114S1118_ses-m36_acq-15T_T1w.nii.gz,2,MCI,bids_adni1
114_S_2392,m03,2011-10-10,/project/rrg-mchakrav-ab/moncia/ADNI/bids_adni_go2/sub-114S2392/ses-m03/anat/sub-114S2392_ses-m03_acq-3Taccel_T1w.nii.gz,2,MCI,bids_adni_go2
114_S_2392,m06,2012-01-09,/project/rrg-mchakrav-ab/moncia/ADNI/bids_adni_go2/sub-114S2392/ses-m06/anat/sub-114S2392_ses-m06_acq-3Taccel_T1w.nii.gz,2,MCI,bids_adni_go2
114_S_2392,m12,2012-07-10,/project/rrg-mchakrav-ab/moncia/ADNI/bids_adni_go2/sub-114S2392/ses-m12/anat/sub-114S2392_ses-m12_acq-3Taccel_T1w.nii.gz,2,MCI,bids_adni_go2
114_S_2392,m24,2013-07-10,/project/rrg-mchakrav-ab/moncia/ADNI/bids_adni_go2/sub-114S2392/ses-m24/anat/sub-114S2392_ses-m24_acq-3Taccel_T1w.nii.gz,2,MCI,bids_adni_go2
114_S_2392,m48,2015-07-11,/project/rrg-mchakrav-ab/moncia/ADNI/bids_adni_go2/sub-114S2392/ses-m48/anat/sub-114S2392_ses-m48_acq-3Tunaccel_T1w.nii.gz,2,MCI,bids_adni_go2
114_S_2392,m72,2017-07-10,/project/rrg-mchakrav-ab/moncia/ADNI/bids_adni3/sub-114S2392/ses-m72/anat/sub-114S2392_ses-m72_acq-3T_T1w.nii.gz,2,MCI,bids_adni3
114_S_2392,m84,2018-07-10,/project/rrg-mchakrav-ab/moncia/ADNI/bids_adni3/sub-114S2392/ses-m84/anat/sub-114S2392_ses-m84_acq-3T_T1w.nii.gz,2,MCI,bids_adni3
114_S_2392,m96,2019-07-11,/project/rrg-mchakrav-ab/moncia/ADNI/bids_adni3/sub-114S2392/ses-m96/anat/sub-114S2392_ses-m96_acq-3T_T1w.nii.gz,2,MCI,bids_adni3
114_S_2392,m108,2020-07-10,/project/rrg-mchakrav-ab/moncia/ADNI/bids_adni3/sub-114S2392/ses-m108/anat/sub-114S2392_ses-m108_acq-3T_T1w.nii.gz,2,MCI,bids_adni3
114_S_2392,m120,2021-07-10,/project/rrg-mchakrav-ab/moncia/ADNI/bids_adni3/sub-114S2392/ses-m120/anat/sub-114S2392_ses-m120_acq-3T_T1w.nii.gz,2,MCI,bids_adni3
114_S_2392,m132,2022-07-11,/project/rrg-mchakrav-ab/moncia/ADNI/bids_adni3/sub-114S2392/ses-m132/anat/sub-114S2392_ses-m132_acq-3T_T1w.nii.gz,2,MCI,bids_adni3
114_S_4404,m03,2012-03-02,/project/rrg-mchakrav-ab/moncia/ADNI/bids_adni_go2/sub-114S4404/ses-m03/anat/sub-114S4404_ses-m03_acq-3Taccel_T1w.nii.gz,2,MCI,bids_adni_go2
114_S_4404,m06,2012-06-01,/project/rrg-mchakrav-ab/moncia/ADNI/bids_adni_go2/sub-114S4404/ses-m06/anat/sub-114S4404_ses-m06_acq-3Taccel_T1w.nii.gz,2,MCI,bids_adni_go2
114_S_4404,m12,2012-12-01,/project/rrg-mchakrav-ab/moncia/ADNI/bids_adni_go2/sub-114S4404/ses-m12/anat/sub-114S4404_ses-m12_acq-3Taccel_T1w.nii.gz,2,MCI,bids_adni_go2
114_S_4404,m24,2013-12-01,/project/rrg-mchakrav-ab/moncia/ADNI/bids_adni_go2/sub-114S4404/ses-m24/anat/sub-114S4404_ses-m24_acq-3Tunaccel_T1w.nii.gz,2,MCI,bids_adni_go2
114_S_4404,m48,2015-12-02,/project/rrg-mchakrav-ab/moncia/ADNI/bids_adni_go2/sub-114S4404/ses-m48/anat/sub-114S4404_ses-m48_acq-3Tunaccel_T1w.nii.gz,2,MCI,bids_adni_go2
114_S_4404,m66,2017-06-02,/project/rrg-mchakrav-ab/moncia/ADNI/bids_adni3/sub-114S4404/ses-m66/anat/sub-114S4404_ses-m66_acq-3T_T1w.nii.gz,3,Dementia,bids_adni3
114_S_4404,m84,2018-12-01,/project/rrg-mchakrav-ab/moncia/ADNI/bids_adni3/sub-114S4404/ses-m84/anat/sub-114S4404_ses-m84_acq-3T_T1w.nii.gz,3,Dementia,bids_adni3
114_S_4404,m90,2019-06-02,/project/rrg-mchakrav-ab/moncia/ADNI/bids_adni3/sub-114S4404/ses-m90/anat/sub-114S4404_ses-m90_acq-3T_T1w.nii.gz,3,Dementia,bids_adni3
114_S_5047,m03,2013-02-28,/project/rrg-mchakrav-ab/moncia/ADNI/bids_adni_go2/sub-114S5047/ses-m03/anat/sub-114S5047_ses-m03_acq-3Taccel_T1w.nii.gz,2,MCI,bids_adni_go2
114_S_5047,m06,2013-05-30,/project/rrg-mchakrav-ab/moncia/ADNI/bids_adni_go2/sub-114S5047/ses-m06/anat/sub-114S5047_ses-m06_acq-3Taccel_T1w.nii.gz,2,MCI,bids_adni_go2
114_S_5047,m12,2013-11-29,/project/rrg-mchakrav-ab/moncia/ADNI/bids_adni_go2/sub-114S5047/ses-m12/anat/sub-114S5047_ses-m12_acq-3Taccel_T1w.nii.gz,2,MCI,bids_adni_go2
114_S_5047,m24,2014-11-29,/project/rrg-mchakrav-ab/moncia/ADNI/bids_adni_go2/sub-114S5047/ses-m24/anat/sub-114S5047_ses-m24_acq-3Tunaccel_T1w.nii.gz,2,MCI,bids_adni_go2
114_S_5047,m36,2015-11-29,/project/rrg-mchakrav-ab/moncia/ADNI/bids_adni_go2/sub-114S5047/ses-m36/anat/sub-114S5047_ses-m36_acq-3Tunaccel_T1w.nii.gz,2,MCI,bids_adni_go2
114_S_5047,m54,2017-05-30,/project/rrg-mchakrav-ab/moncia/ADNI/bids_adni3/sub-114S5047/ses-m54/anat/sub-114S5047_ses-m54_acq-3T_T1w.nii.gz,2,MCI,bids_adni3
114_S_6597,sc,2018-10-29,/project/rrg-mchakrav-ab/moncia/ADNI/bids_adni3/sub-114S6597/ses-sc/anat/sub-114S6597_ses-sc_acq-3T_T1w.nii.gz,2,MCI,bids_adni3
114_S_6597,m12,2019-10-29,/project/rrg-mchakrav-ab/moncia/ADNI/bids_adni3/sub-114S6597/ses-m12/anat/sub-114S6597_ses-m12_acq-3T_T1w.nii.gz,2,MCI,bids_adni3
114_S_6597,m24,2020-10-28,/project/rrg-mchakrav-ab/moncia/ADNI/bids_adni3/sub-114S6597/ses-m24/anat/sub-114S6597_ses-m24_acq-3T_T1w.nii.gz,2,MCI,bids_adni3
116_S_0361,m06,2006-11-16,/project/rrg-mchakrav-ab/moncia/ADNI/bids_adni1/sub-116S0361/ses-m06/anat/sub-116S0361_ses-m06_acq-15T_T1w.nii.gz,2,MCI,bids_adni1
116_S_0361,m12,2007-05-18,/project/rrg-mchakrav-ab/moncia/ADNI/bids_adni1/sub-116S0361/ses-m12/anat/sub-116S0361_ses-m12_acq-15T_T1w.nii.gz,2,MCI,bids_adni1
116_S_0361,m24,2008-05-17,/project/rrg-mchakrav-ab/moncia/ADNI/bids_adni1/sub-116S0361/ses-m24/anat/sub-116S0361_ses-m24_acq-15T_T1w.nii.gz,2,MCI,bids_adni1
116_S_0361,m36,2009-05-17,/project/rrg-mchakrav-ab/moncia/ADNI/bids_adni1/sub-116S0361/ses-m36/anat/sub-116S0361_ses-m36_acq-15T_T1w.nii.gz,2,MCI,bids_adni1
116_S_0361,m48,2010-05-18,/project/rrg-mchakrav-ab/moncia/ADNI/bids_adni1/sub-116S0361/ses-m48/anat/sub-116S0361_ses-m48_acq-15T_T1w.nii.gz,2,MCI,bids_adni1
116_S_0649,bl,2006-08-16,/project/rrg-mchakrav-ab/moncia/ADNI/bids_adni1/sub-116S0649/ses-bl/anat/sub-116S0649_ses-bl_acq-3T_T1w.nii.gz,2,MCI,bids_adni1
116_S_0649,sc,2006-08-16,/project/rrg-mchakrav-ab/moncia/ADNI/bids_adni1/sub-116S0649/ses-sc/anat/sub-116S0649_ses-sc_acq-15T_T1w.nii.gz,2,MCI,bids_adni1
116_S_0649,m06,2007-02-14,/project/rrg-mchakrav-ab/moncia/ADNI/bids_adni1/sub-116S0649/ses-m06/anat/sub-116S0649_ses-m06_acq-15T_T1w.nii.gz,2,MCI,bids_adni1
116_S_0649,m12,2007-08-16,/project/rrg-mchakrav-ab/moncia/ADNI/bids_adni1/sub-116S0649/ses-m12/anat/sub-116S0649_ses-m12_acq-15T_T1w.nii.gz,2,MCI,bids_adni1
116_S_0649,m18,2008-02-14,/project/rrg-mchakrav-ab/moncia/ADNI/bids_adni1/sub-116S0649/ses-m18/anat/sub-116S0649_ses-m18_acq-15T_T1w.nii.gz,2,MCI,bids_adni1
116_S_0649,m24,2008-08-15,/project/rrg-mchakrav-ab/moncia/ADNI/bids_adni1/sub-116S0649/ses-m24/anat/sub-116S0649_ses-m24_acq-15T_T1w.nii.gz,3,Dementia,bids_adni1
116_S_0649,m36,2009-08-15,/project/rrg-mchakrav-ab/moncia/ADNI/bids_adni1/sub-116S0649/ses-m36/anat/sub-116S0649_ses-m36_acq-15T_T1w.nii.gz,3,Dementia,bids_adni1
116_S_0752,bl,2006-08-29,/project/rrg-mchakrav-ab/moncia/ADNI/bids_adni1/sub-116S0752/ses-bl/anat/sub-116S0752_ses-bl_acq-3T_T1w.nii.gz,2,MCI,bids_adni1
116_S_0752,sc,2006-08-29,/project/rrg-mchakrav-ab/moncia/ADNI/bids_adni1/sub-116S0752/ses-sc/anat/sub-116S0752_ses-sc_acq-15T_T1w.nii.gz,2,MCI,bids_adni1
116_S_0752,m06,2007-02-27,/project/rrg-mchakrav-ab/moncia/ADNI/bids_adni1/sub-116S0752/ses-m06/anat/sub-116S0752_ses-m06_acq-15T_T1w.nii.gz,2,MCI,bids_adni1
116_S_0752,m12,2007-08-29,/project/rrg-mchakrav-ab/moncia/ADNI/bids_adni1/sub-116S0752/ses-m12/anat/sub-116S0752_ses-m12_acq-15T_T1w.nii.gz,3,Dementia,bids_adni1
116_S_0752,m18,2008-02-27,/project/rrg-mchakrav-ab/moncia/ADNI/bids_adni1/sub-116S0752/ses-m18/anat/sub-116S0752_ses-m18_acq-15T_T1w.nii.gz,3,Dementia,bids_adni1
116_S_0752,m24,2008-08-28,/project/rrg-mchakrav-ab/moncia/ADNI/bids_adni1/sub-116S0752/ses-m24/anat/sub-116S0752_ses-m24_acq-15T_T1w.nii.gz,3,Dementia,bids_adni1
116_S_0752,m36,2009-08-28,/project/rrg-mchakrav-ab/moncia/ADNI/bids_adni1/sub-116S0752/ses-m36/anat/sub-116S0752_ses-m36_acq-15T_T1w.nii.gz,3,Dementia,bids_adni1
116_S_0752,m48,2010-08-29,/project/rrg-mchakrav-ab/moncia/ADNI/bids_adni1/sub-116S0752/ses-m48/anat/sub-116S0752_ses-m48_acq-15T_T1w.nii.gz,3,Dementia,bids_adni1
116_S_0834,sc,2006-10-25,/project/rrg-mchakrav-ab/moncia/ADNI/bids_adni1/sub-116S0834/ses-sc/anat/sub-116S0834_ses-sc_acq-15T_T1w.nii.gz,2,MCI,bids_adni1
116_S_0834,m06,2007-04-25,/project/rrg-mchakrav-ab/moncia/ADNI/bids_adni1/sub-116S0834/ses-m06/anat/sub-116S0834_ses-m06_acq-15T_T1w.nii.gz,2,MCI,bids_adni1
116_S_0834,m12,2007-10-25,/project/rrg-mchakrav-ab/moncia/ADNI/bids_adni1/sub-116S0834/ses-m12/anat/sub-116S0834_ses-m12_acq-15T_T1w.nii.gz,3,Dementia,bids_adni1
116_S_0834,m18,2008-04-24,/project/rrg-mchakrav-ab/moncia/ADNI/bids_adni1/sub-116S0834/ses-m18/anat/sub-116S0834_ses-m18_acq-15T_T1w.nii.gz,3,Dementia,bids_adni1
116_S_0834,m24,2008-10-24,/project/rrg-mchakrav-ab/moncia/ADNI/bids_adni1/sub-116S0834/ses-m24/anat/sub-116S0834_ses-m24_acq-15T_T1w.nii.gz,3,Dementia,bids_adni1
116_S_0834,m36,2009-10-24,/project/rrg-mchakrav-ab/moncia/ADNI/bids_adni1/sub-116S0834/ses-m36/anat/sub-116S0834_ses-m36_acq-15T_T1w.nii.gz,3,Dementia,bids_adni1
116_S_1243,sc,2007-03-06,/project/rrg-mchakrav-ab/moncia/ADNI/bids_adni1/sub-116S1243/ses-sc/anat/sub-116S1243_ses-sc_acq-15T_T1w.nii.gz,2,MCI,bids_adni1
116_S_1243,m12,2008-03-05,/project/rrg-mchakrav-ab/moncia/ADNI/bids_adni1/sub-116S1243/ses-m12/anat/sub-116S1243_ses-m12_acq-15T_T1w.nii.gz,2,MCI,bids_adni1
116_S_1243,m18,2008-09-03,/project/rrg-mchakrav-ab/moncia/ADNI/bids_adni1/sub-116S1243/ses-m18/anat/sub-116S1243_ses-m18_acq-15T_T1w.nii.gz,2,MCI,bids_adni1
116_S_1243,m36,2010-03-05,/project/rrg-mchakrav-ab/moncia/ADNI/bids_adni1/sub-116S1243/ses-m36/anat/sub-116S1243_ses-m36_acq-15T_T1w.nii.gz,3,Dementia,bids_adni1
116_S_1271,sc,2007-03-27,/project/rrg-mchakrav-ab/moncia/ADNI/bids_adni1/sub-116S1271/ses-sc/anat/sub-116S1271_ses-sc_acq-15T_T1w.nii.gz,2,MCI,bids_adni1
116_S_1271,m18,2008-09-24,/project/rrg-mchakrav-ab/moncia/ADNI/bids_adni1/sub-116S1271/ses-m18/anat/sub-116S1271_ses-m18_acq-15T_T1w.nii.gz,2,MCI,bids_adni1
116_S_1271,m24,2009-03-26,/project/rrg-mchakrav-ab/moncia/ADNI/bids_adni1/sub-116S1271/ses-m24/anat/sub-116S1271_ses-m24_acq-15T_T1w.nii.gz,3,Dementia,bids_adni1
116_S_1271,m36,2010-03-26,/project/rrg-mchakrav-ab/moncia/ADNI/bids_adni1/sub-116S1271/ses-m36/anat/sub-116S1271_ses-m36_acq-15T_T1w.nii.gz,3,Dementia,bids_adni1
116_S_1315,sc,2007-04-03,/project/rrg-mchakrav-ab/moncia/ADNI/bids_adni1/sub-116S1315/ses-sc/anat/sub-116S1315_ses-sc_acq-15T_T1w.nii.gz,2,MCI,bids_adni1
116_S_1315,m18,2008-10-01,/project/rrg-mchakrav-ab/moncia/ADNI/bids_adni1/sub-116S1315/ses-m18/anat/sub-116S1315_ses-m18_acq-15T_T1w.nii.gz,2,MCI,bids_adni1
116_S_1315,m24,2009-04-02,/project/rrg-mchakrav-ab/moncia/ADNI/bids_adni1/sub-116S1315/ses-m24/anat/sub-116S1315_ses-m24_acq-15T_T1w.nii.gz,2,MCI,bids_adni1
116_S_1315,m36,2010-04-02,/project/rrg-mchakrav-ab/moncia/ADNI/bids_adni1/sub-116S1315/ses-m36/anat/sub-116S1315_ses-m36_acq-15T_T1w.nii.gz,3,Dementia,bids_adni1
116_S_4167,m03,2011-11-07,/project/rrg-mchakrav-ab/moncia/ADNI/bids_adni_go2/sub-116S4167/ses-m03/anat/sub-116S4167_ses-m03_acq-3Taccel_T1w.nii.gz,2,MCI,bids_adni_go2
116_S_4167,m06,2012-02-06,/project/rrg-mchakrav-ab/moncia/ADNI/bids_adni_go2/sub-116S4167/ses-m06/anat/sub-116S4167_ses-m06_acq-3Taccel_T1w.nii.gz,2,MCI,bids_adni_go2
116_S_4167,m12,2012-08-07,/project/rrg-mchakrav-ab/moncia/ADNI/bids_adni_go2/sub-116S4167/ses-m12/anat/sub-116S4167_ses-m12_acq-3Taccel_T1w.nii.gz,3,Dementia,bids_adni_go2
116_S_4167,m24,2013-08-07,/project/rrg-mchakrav-ab/moncia/ADNI/bids_adni_go2/sub-116S4167/ses-m24/anat/sub-116S4167_ses-m24_acq-3Taccel_T1w.nii.gz,3,Dementia,bids_adni_go2
116_S_4167,m48,2015-08-08,/project/rrg-mchakrav-ab/moncia/ADNI/bids_adni_go2/sub-116S4167/ses-m48/anat/sub-116S4167_ses-m48_acq-3Taccel_T1w.nii.gz,3,Dementia,bids_adni_go2
116_S_4175,m03,2011-11-09,/project/rrg-mchakrav-ab/moncia/ADNI/bids_adni_go2/sub-116S4175/ses-m03/anat/sub-116S4175_ses-m03_acq-3Taccel_T1w.nii.gz,2,MCI,bids_adni_go2
116_S_4175,m06,2012-02-08,/project/rrg-mchakrav-ab/moncia/ADNI/bids_adni_go2/sub-116S4175/ses-m06/anat/sub-116S4175_ses-m06_acq-3Taccel_T1w.nii.gz,2,MCI,bids_adni_go2
116_S_4175,m12,2012-08-09,/project/rrg-mchakrav-ab/moncia/ADNI/bids_adni_go2/sub-116S4175/ses-m12/anat/sub-116S4175_ses-m12_acq-3Taccel_T1w.nii.gz,2,MCI,bids_adni_go2
116_S_4175,m24,2013-08-09,/project/rrg-mchakrav-ab/moncia/ADNI/bids_adni_go2/sub-116S4175/ses-m24/anat/sub-116S4175_ses-m24_acq-3Taccel_T1w.nii.gz,2,MCI,bids_adni_go2
116_S_4175,m48,2015-08-10,/project/rrg-mchakrav-ab/moncia/ADNI/bids_adni_go2/sub-116S4175/ses-m48/anat/sub-116S4175_ses-m48_acq-3Taccel_T1w.nii.gz,2,MCI,bids_adni_go2
116_S_4199,m03,2011-11-21,/project/rrg-mchakrav-ab/moncia/ADNI/bids_adni_go2/sub-116S4199/ses-m03/anat/sub-116S4199_ses-m03_acq-3Taccel_T1w.nii.gz,2,MCI,bids_adni_go2
116_S_4199,m06,2012-02-20,/project/rrg-mchakrav-ab/moncia/ADNI/bids_adni_go2/sub-116S4199/ses-m06/anat/sub-116S4199_ses-m06_acq-3Taccel_T1w.nii.gz,2,MCI,bids_adni_go2
116_S_4199,m12,2012-08-21,/project/rrg-mchakrav-ab/moncia/ADNI/bids_adni_go2/sub-116S4199/ses-m12/anat/sub-116S4199_ses-m12_acq-3Taccel_T1w.nii.gz,2,MCI,bids_adni_go2
116_S_4199,m24,2013-08-21,/project/rrg-mchakrav-ab/moncia/ADNI/bids_adni_go2/sub-116S4199/ses-m24/anat/sub-116S4199_ses-m24_acq-3Taccel_T1w.nii.gz,2,MCI,bids_adni_go2
116_S_4199,m48,2015-08-22,/project/rrg-mchakrav-ab/moncia/ADNI/bids_adni_go2/sub-116S4199/ses-m48/anat/sub-116S4199_ses-m48_acq-3Taccel_T1w.nii.gz,2,MCI,bids_adni_go2
116_S_4199,m78,2018-02-20,/project/rrg-mchakrav-ab/moncia/ADNI/bids_adni3/sub-116S4199/ses-m78/anat/sub-116S4199_ses-m78_acq-3T_T1w.nii.gz,1,CN,bids_adni3
116_S_4199,m90,2019-02-20,/project/rrg-mchakrav-ab/moncia/ADNI/bids_adni3/sub-116S4199/ses-m90/anat/sub-116S4199_ses-m90_acq-3T_T1w.nii.gz,2,MCI,bids_adni3
116_S_4199,m102,2020-02-20,/project/rrg-mchakrav-ab/moncia/ADNI/bids_adni3/sub-116S4199/ses-m102/anat/sub-116S4199_ses-m102_acq-3T_T1w.nii.gz,2,MCI,bids_adni3
116_S_4635,m03,2012-06-25,/project/rrg-mchakrav-ab/moncia/ADNI/bids_adni_go2/sub-116S4635/ses-m03/anat/sub-116S4635_ses-m03_acq-3Taccel_T1w.nii.gz,2,MCI,bids_adni_go2
116_S_4635,m06,2012-09-24,/project/rrg-mchakrav-ab/moncia/ADNI/bids_adni_go2/sub-116S4635/ses-m06/anat/sub-116S4635_ses-m06_acq-3Taccel_T1w.nii.gz,2,MCI,bids_adni_go2
116_S_4635,m12,2013-03-26,/project/rrg-mchakrav-ab/moncia/ADNI/bids_adni_go2/sub-116S4635/ses-m12/anat/sub-116S4635_ses-m12_acq-3Taccel_T1w.nii.gz,2,MCI,bids_adni_go2
116_S_4635,m24,2014-03-26,/project/rrg-mchakrav-ab/moncia/ADNI/bids_adni_go2/sub-116S4635/ses-m24/anat/sub-116S4635_ses-m24_acq-3Taccel_T1w.nii.gz,2,MCI,bids_adni_go2
116_S_4635,m48,2016-03-26,/project/rrg-mchakrav-ab/moncia/ADNI/bids_adni_go2/sub-116S4635/ses-m48/anat/sub-116S4635_ses-m48_acq-3Taccel_T1w.nii.gz,2,MCI,bids_adni_go2
116_S_4898,m03,2012-11-02,/project/rrg-mchakrav-ab/moncia/ADNI/bids_adni_go2/sub-116S4898/ses-m03/anat/sub-116S4898_ses-m03_acq-3Taccel_T1w.nii.gz,2,MCI,bids_adni_go2
116_S_4898,m06,2013-02-01,/project/rrg-mchakrav-ab/moncia/ADNI/bids_adni_go2/sub-116S4898/ses-m06/anat/sub-116S4898_ses-m06_acq-3Taccel_T1w.nii.gz,2,MCI,bids_adni_go2
116_S_4898,m12,2013-08-03,/project/rrg-mchakrav-ab/moncia/ADNI/bids_adni_go2/sub-116S4898/ses-m12/anat/sub-116S4898_ses-m12_acq-3Taccel_T1w.nii.gz,2,MCI,bids_adni_go2
116_S_4898,m24,2014-08-03,/project/rrg-mchakrav-ab/moncia/ADNI/bids_adni_go2/sub-116S4898/ses-m24/anat/sub-116S4898_ses-m24_acq-3Taccel_T1w.nii.gz,2,MCI,bids_adni_go2
116_S_6550,sc,2018-08-07,/project/rrg-mchakrav-ab/moncia/ADNI/bids_adni3/sub-116S6550/ses-sc/anat/sub-116S6550_ses-sc_acq-3T_T1w.nii.gz,2,MCI,bids_adni3
116_S_6550,m12,2019-08-07,/project/rrg-mchakrav-ab/moncia/ADNI/bids_adni3/sub-116S6550/ses-m12/anat/sub-116S6550_ses-m12_acq-3T_T1w.nii.gz,2,MCI,bids_adni3
116_S_6550,m24,2020-08-06,/project/rrg-mchakrav-ab/moncia/ADNI/bids_adni3/sub-116S6550/ses-m24/anat/sub-116S6550_ses-m24_acq-3T_T1w.nii.gz,2,MCI,bids_adni3
116_S_6550,m36,2021-08-06,/project/rrg-mchakrav-ab/moncia/ADNI/bids_adni3/sub-116S6550/ses-m36/anat/sub-116S6550_ses-m36_acq-3T_T1w.nii.gz,2,MCI,bids_adni3
116_S_6775,sc,2019-07-25,/project/rrg-mchakrav-ab/moncia/ADNI/bids_adni3/sub-116S6775/ses-sc/anat/sub-116S6775_ses-sc_acq-3T_T1w.nii.gz,2,MCI,bids_adni3
116_S_6775,m12,2020-07-24,/project/rrg-mchakrav-ab/moncia/ADNI/bids_adni3/sub-116S6775/ses-m12/anat/sub-116S6775_ses-m12_acq-3T_T1w.nii.gz,2,MCI,bids_adni3
116_S_6775,m24,2021-07-24,/project/rrg-mchakrav-ab/moncia/ADNI/bids_adni3/sub-116S6775/ses-m24/anat/sub-116S6775_ses-m24_acq-3T_T1w.nii.gz,2,MCI,bids_adni3
123_S_0050,sc,2005-12-02,/project/rrg-mchakrav-ab/moncia/ADNI/bids_adni1/sub-123S0050/ses-sc/anat/sub-123S0050_ses-sc_acq-15T_T1w.nii.gz,2,MCI,bids_adni1
123_S_0050,m06,2006-06-02,/project/rrg-mchakrav-ab/moncia/ADNI/bids_adni1/sub-123S0050/ses-m06/anat/sub-123S0050_ses-m06_acq-15T_T1w.nii.gz,3,Dementia,bids_adni1
123_S_0050,m12,2006-12-02,/project/rrg-mchakrav-ab/moncia/ADNI/bids_adni1/sub-123S0050/ses-m12/anat/sub-123S0050_ses-m12_acq-15T_T1w.nii.gz,3,Dementia,bids_adni1
123_S_0050,m36,2008-12-01,/project/rrg-mchakrav-ab/moncia/ADNI/bids_adni1/sub-123S0050/ses-m36/anat/sub-123S0050_ses-m36_acq-15T_T1w.nii.gz,3,Dementia,bids_adni1
123_S_0108,sc,2006-02-14,/project/rrg-mchakrav-ab/moncia/ADNI/bids_adni1/sub-123S0108/ses-sc/anat/sub-123S0108_ses-sc_acq-15T_T1w.nii.gz,2,MCI,bids_adni1
123_S_0108,m06,2006-08-15,/project/rrg-mchakrav-ab/moncia/ADNI/bids_adni1/sub-123S0108/ses-m06/anat/sub-123S0108_ses-m06_acq-15T_T1w.nii.gz,2,MCI,bids_adni1
123_S_0108,m12,2007-02-14,/project/rrg-mchakrav-ab/moncia/ADNI/bids_adni1/sub-123S0108/ses-m12/anat/sub-123S0108_ses-m12_acq-15T_T1w.nii.gz,2,MCI,bids_adni1
123_S_0108,m18,2007-08-15,/project/rrg-mchakrav-ab/moncia/ADNI/bids_adni1/sub-123S0108/ses-m18/anat/sub-123S0108_ses-m18_acq-15T_T1w.nii.gz,3,Dementia,bids_adni1
123_S_0108,m24,2008-02-14,/project/rrg-mchakrav-ab/moncia/ADNI/bids_adni1/sub-123S0108/ses-m24/anat/sub-123S0108_ses-m24_acq-15T_T1w.nii.gz,3,Dementia,bids_adni1
123_S_0108,m36,2009-02-13,/project/rrg-mchakrav-ab/moncia/ADNI/bids_adni1/sub-123S0108/ses-m36/anat/sub-123S0108_ses-m36_acq-15T_T1w.nii.gz,3,Dementia,bids_adni1
123_S_0108,m48,2010-02-14,/project/rrg-mchakrav-ab/moncia/ADNI/bids_adni1/sub-123S0108/ses-m48/anat/sub-123S0108_ses-m48_acq-15T_T1w.nii.gz,3,Dementia,bids_adni1
123_S_0390,m06,2006-11-06,/project/rrg-mchakrav-ab/moncia/ADNI/bids_adni1/sub-123S0390/ses-m06/anat/sub-123S0390_ses-m06_acq-15T_T1w.nii.gz,2,MCI,bids_adni1
123_S_0390,m12,2007-05-08,/project/rrg-mchakrav-ab/moncia/ADNI/bids_adni1/sub-123S0390/ses-m12/anat/sub-123S0390_ses-m12_acq-15T_T1w.nii.gz,2,MCI,bids_adni1
123_S_0390,m18,2007-11-06,/project/rrg-mchakrav-ab/moncia/ADNI/bids_adni1/sub-123S0390/ses-m18/anat/sub-123S0390_ses-m18_acq-15T_T1w.nii.gz,2,MCI,bids_adni1
123_S_0390,m24,2008-05-07,/project/rrg-mchakrav-ab/moncia/ADNI/bids_adni1/sub-123S0390/ses-m24/anat/sub-123S0390_ses-m24_acq-15T_T1w.nii.gz,3,Dementia,bids_adni1
123_S_1300,sc,2007-03-30,/project/rrg-mchakrav-ab/moncia/ADNI/bids_adni1/sub-123S1300/ses-sc/anat/sub-123S1300_ses-sc_acq-15T_T1w.nii.gz,2,MCI,bids_adni1
123_S_1300,m12,2008-03-29,/project/rrg-mchakrav-ab/moncia/ADNI/bids_adni1/sub-123S1300/ses-m12/anat/sub-123S1300_ses-m12_acq-15T_T1w.nii.gz,2,MCI,bids_adni1
123_S_1300,m18,2008-09-27,/project/rrg-mchakrav-ab/moncia/ADNI/bids_adni1/sub-123S1300/ses-m18/anat/sub-123S1300_ses-m18_acq-15T_T1w.nii.gz,2,MCI,bids_adni1
123_S_1300,m24,2009-03-29,/project/rrg-mchakrav-ab/moncia/ADNI/bids_adni1/sub-123S1300/ses-m24/anat/sub-123S1300_ses-m24_acq-15T_T1w.nii.gz,2,MCI,bids_adni1
123_S_1300,m36,2010-03-29,/project/rrg-mchakrav-ab/moncia/ADNI/bids_adni1/sub-123S1300/ses-m36/anat/sub-123S1300_ses-m36_acq-15T_T1w.nii.gz,2,MCI,bids_adni1
123_S_1300,m120,2017-03-29,/project/rrg-mchakrav-ab/moncia/ADNI/bids_adni3/sub-123S1300/ses-m120/anat/sub-123S1300_ses-m120_acq-3T_T1w.nii.gz,2,MCI,bids_adni3
123_S_2055,m03,2010-12-08,/project/rrg-mchakrav-ab/moncia/ADNI/bids_adni_go2/sub-123S2055/ses-m03/anat/sub-123S2055_ses-m03_acq-3Taccel_T1w.nii.gz,2,MCI,bids_adni_go2
123_S_2055,m06,2011-03-09,/project/rrg-mchakrav-ab/moncia/ADNI/bids_adni_go2/sub-123S2055/ses-m06/anat/sub-123S2055_ses-m06_acq-3Taccel_T1w.nii.gz,2,MCI,bids_adni_go2
123_S_2055,m12,2011-09-08,/project/rrg-mchakrav-ab/moncia/ADNI/bids_adni_go2/sub-123S2055/ses-m12/anat/sub-123S2055_ses-m12_acq-3Taccel_T1w.nii.gz,2,MCI,bids_adni_go2
123_S_2055,m24,2012-09-07,/project/rrg-mchakrav-ab/moncia/ADNI/bids_adni_go2/sub-123S2055/ses-m24/anat/sub-123S2055_ses-m24_acq-3Taccel_T1w.nii.gz,2,MCI,bids_adni_go2
123_S_2055,m36,2013-09-07,/project/rrg-mchakrav-ab/moncia/ADNI/bids_adni_go2/sub-123S2055/ses-m36/anat/sub-123S2055_ses-m36_acq-3Taccel_T1w.nii.gz,2,MCI,bids_adni_go2
123_S_2055,m48,2014-09-08,/project/rrg-mchakrav-ab/moncia/ADNI/bids_adni_go2/sub-123S2055/ses-m48/anat/sub-123S2055_ses-m48_acq-3Taccel_T1w.nii.gz,2,MCI,bids_adni_go2
123_S_2363,m03,2011-08-01,/project/rrg-mchakrav-ab/moncia/ADNI/bids_adni_go2/sub-123S2363/ses-m03/anat/sub-123S2363_ses-m03_acq-3Taccel_T1w.nii.gz,2,MCI,bids_adni_go2
123_S_2363,m06,2011-10-31,/project/rrg-mchakrav-ab/moncia/ADNI/bids_adni_go2/sub-123S2363/ses-m06/anat/sub-123S2363_ses-m06_acq-3Taccel_T1w.nii.gz,2,MCI,bids_adni_go2
123_S_2363,m12,2012-05-01,/project/rrg-mchakrav-ab/moncia/ADNI/bids_adni_go2/sub-123S2363/ses-m12/anat/sub-123S2363_ses-m12_acq-3Taccel_T1w.nii.gz,2,MCI,bids_adni_go2
123_S_2363,m24,2013-05-01,/project/rrg-mchakrav-ab/moncia/ADNI/bids_adni_go2/sub-123S2363/ses-m24/anat/sub-123S2363_ses-m24_acq-3Taccel_T1w.nii.gz,2,MCI,bids_adni_go2
123_S_2363,m36,2014-05-01,/project/rrg-mchakrav-ab/moncia/ADNI/bids_adni_go2/sub-123S2363/ses-m36/anat/sub-123S2363_ses-m36_acq-3Taccel_T1w.nii.gz,2,MCI,bids_adni_go2
123_S_4096,m03,2011-09-21,/project/rrg-mchakrav-ab/moncia/ADNI/bids_adni_go2/sub-123S4096/ses-m03/anat/sub-123S4096_ses-m03_acq-3Taccel_T1w.nii.gz,2,MCI,bids_adni_go2
123_S_4096,m06,2011-12-21,/project/rrg-mchakrav-ab/moncia/ADNI/bids_adni_go2/sub-123S4096/ses-m06/anat/sub-123S4096_ses-m06_acq-3Taccel_T1w.nii.gz,2,MCI,bids_adni_go2
123_S_4096,m12,2012-06-21,/project/rrg-mchakrav-ab/moncia/ADNI/bids_adni_go2/sub-123S4096/ses-m12/anat/sub-123S4096_ses-m12_acq-3Taccel_T1w.nii.gz,3,Dementia,bids_adni_go2
123_S_4127,m03,2011-10-20,/project/rrg-mchakrav-ab/moncia/ADNI/bids_adni_go2/sub-123S4127/ses-m03/anat/sub-123S4127_ses-m03_acq-3Taccel_T1w.nii.gz,2,MCI,bids_adni_go2
123_S_4127,m06,2012-01-19,/project/rrg-mchakrav-ab/moncia/ADNI/bids_adni_go2/sub-123S4127/ses-m06/anat/sub-123S4127_ses-m06_acq-3Taccel_T1w.nii.gz,2,MCI,bids_adni_go2
123_S_4127,m12,2012-07-20,/project/rrg-mchakrav-ab/moncia/ADNI/bids_adni_go2/sub-123S4127/ses-m12/anat/sub-123S4127_ses-m12_acq-3Taccel_T1w.nii.gz,2,MCI,bids_adni_go2
123_S_4127,m24,2013-07-20,/project/rrg-mchakrav-ab/moncia/ADNI/bids_adni_go2/sub-123S4127/ses-m24/anat/sub-123S4127_ses-m24_acq-3Taccel_T1w.nii.gz,2,MCI,bids_adni_go2
123_S_4127,m48,2015-07-21,/project/rrg-mchakrav-ab/moncia/ADNI/bids_adni_go2/sub-123S4127/ses-m48/anat/sub-123S4127_ses-m48_acq-3Taccel_T1w.nii.gz,2,MCI,bids_adni_go2
123_S_4127,m84,2018-07-20,/project/rrg-mchakrav-ab/moncia/ADNI/bids_adni3/sub-123S4127/ses-m84/anat/sub-123S4127_ses-m84_acq-3T_T1w.nii.gz,2,MCI,bids_adni3
123_S_4127,m96,2019-07-21,/project/rrg-mchakrav-ab/moncia/ADNI/bids_adni3/sub-123S4127/ses-m96/anat/sub-123S4127_ses-m96_acq-3T_T1w.nii.gz,2,MCI,bids_adni3
123_S_4127,m108,2020-07-20,/project/rrg-mchakrav-ab/moncia/ADNI/bids_adni3/sub-123S4127/ses-m108/anat/sub-123S4127_ses-m108_acq-3T_T1w.nii.gz,2,MCI,bids_adni3
123_S_4127,m120,2021-07-20,/project/rrg-mchakrav-ab/moncia/ADNI/bids_adni3/sub-123S4127/ses-m120/anat/sub-123S4127_ses-m120_acq-3T_T1w.nii.gz,2,MCI,bids_adni3
123_S_4127,m144,2023-07-21,/project/rrg-mchakrav-ab/moncia/ADNI/bids_adni3/sub-123S4127/ses-m144/anat/sub-123S4127_ses-m144_acq-3T_T1w.nii.gz,2,MCI,bids_adni3
123_S_4127,m156,2024-07-20,/project/rrg-mchakrav-ab/moncia/ADNI/bids_adni4_qc/sub-123S4127/ses-m156/anat/sub-123S4127_ses-m156_acq-3Tultrafast_T1w.nii.gz,2,MCI,bids_adni4_qc
123_S_4170,m03,2011-11-03,/project/rrg-mchakrav-ab/moncia/ADNI/bids_adni_go2/sub-123S4170/ses-m03/anat/sub-123S4170_ses-m03_acq-3Taccel_T1w.nii.gz,2,MCI,bids_adni_go2
123_S_4170,m06,2012-02-02,/project/rrg-mchakrav-ab/moncia/ADNI/bids_adni_go2/sub-123S4170/ses-m06/anat/sub-123S4170_ses-m06_acq-3Taccel_T1w.nii.gz,2,MCI,bids_adni_go2
123_S_4170,m12,2012-08-03,/project/rrg-mchakrav-ab/moncia/ADNI/bids_adni_go2/sub-123S4170/ses-m12/anat/sub-123S4170_ses-m12_acq-3Taccel_T1w.nii.gz,2,MCI,bids_adni_go2
123_S_4170,m24,2013-08-03,/project/rrg-mchakrav-ab/moncia/ADNI/bids_adni_go2/sub-123S4170/ses-m24/anat/sub-123S4170_ses-m24_acq-3Taccel_T1w.nii.gz,2,MCI,bids_adni_go2
123_S_4170,m48,2015-08-04,/project/rrg-mchakrav-ab/moncia/ADNI/bids_adni_go2/sub-123S4170/ses-m48/anat/sub-123S4170_ses-m48_acq-3Taccel_T1w.nii.gz,2,MCI,bids_adni_go2
123_S_4170,m72,2017-08-03,/project/rrg-mchakrav-ab/moncia/ADNI/bids_adni3/sub-123S4170/ses-m72/anat/sub-123S4170_ses-m72_acq-3T_T1w.nii.gz,2,MCI,bids_adni3
123_S_4170,m90,2019-02-02,/project/rrg-mchakrav-ab/moncia/ADNI/bids_adni3/sub-123S4170/ses-m90/anat/sub-123S4170_ses-m90_acq-3T_T1w.nii.gz,2,MCI,bids_adni3
123_S_4170,m96,2019-08-04,/project/rrg-mchakrav-ab/moncia/ADNI/bids_adni3/sub-123S4170/ses-m96/anat/sub-123S4170_ses-m96_acq-3T_T1w.nii.gz,2,MCI,bids_adni3
123_S_4170,m108,2020-08-03,/project/rrg-mchakrav-ab/moncia/ADNI/bids_adni3/sub-123S4170/ses-m108/anat/sub-123S4170_ses-m108_acq-3T_T1w.nii.gz,2,MCI,bids_adni3
123_S_4170,m156,2024-08-03,/project/rrg-mchakrav-ab/moncia/ADNI/bids_adni4_qc/sub-123S4170/ses-m156/anat/sub-123S4170_ses-m156_acq-3Taccel_T1w.nii.gz,2,MCI,bids_adni4_qc
123_S_4780,m03,2012-08-31,/project/rrg-mchakrav-ab/moncia/ADNI/bids_adni_go2/sub-123S4780/ses-m03/anat/sub-123S4780_ses-m03_acq-3Taccel_T1w.nii.gz,2,MCI,bids_adni_go2
123_S_4780,m06,2012-11-30,/project/rrg-mchakrav-ab/moncia/ADNI/bids_adni_go2/sub-123S4780/ses-m06/anat/sub-123S4780_ses-m06_acq-3Taccel_T1w.nii.gz,2,MCI,bids_adni_go2
123_S_4780,m12,2013-06-01,/project/rrg-mchakrav-ab/moncia/ADNI/bids_adni_go2/sub-123S4780/ses-m12/anat/sub-123S4780_ses-m12_acq-3Taccel_T1w.nii.gz,2,MCI,bids_adni_go2
123_S_4780,m24,2014-06-01,/project/rrg-mchakrav-ab/moncia/ADNI/bids_adni_go2/sub-123S4780/ses-m24/anat/sub-123S4780_ses-m24_acq-3Taccel_T1w.nii.gz,2,MCI,bids_adni_go2
123_S_4806,m03,2012-09-11,/project/rrg-mchakrav-ab/moncia/ADNI/bids_adni_go2/sub-123S4806/ses-m03/anat/sub-123S4806_ses-m03_acq-3Taccel_T1w.nii.gz,2,MCI,bids_adni_go2
123_S_4806,m06,2012-12-11,/project/rrg-mchakrav-ab/moncia/ADNI/bids_adni_go2/sub-123S4806/ses-m06/anat/sub-123S4806_ses-m06_acq-3Taccel_T1w.nii.gz,2,MCI,bids_adni_go2
123_S_4806,m12,2013-06-12,/project/rrg-mchakrav-ab/moncia/ADNI/bids_adni_go2/sub-123S4806/ses-m12/anat/sub-123S4806_ses-m12_acq-3Taccel_T1w.nii.gz,2,MCI,bids_adni_go2
123_S_4806,m24,2014-06-12,/project/rrg-mchakrav-ab/moncia/ADNI/bids_adni_go2/sub-123S4806/ses-m24/anat/sub-123S4806_ses-m24_acq-3Taccel_T1w.nii.gz,2,MCI,bids_adni_go2
123_S_4904,m03,2012-11-05,/project/rrg-mchakrav-ab/moncia/ADNI/bids_adni_go2/sub-123S4904/ses-m03/anat/sub-123S4904_ses-m03_acq-3Taccel_T1w.nii.gz,2,MCI,bids_adni_go2
123_S_4904,m06,2013-02-04,/project/rrg-mchakrav-ab/moncia/ADNI/bids_adni_go2/sub-123S4904/ses-m06/anat/sub-123S4904_ses-m06_acq-3Taccel_T1w.nii.gz,2,MCI,bids_adni_go2
123_S_4904,m12,2013-08-06,/project/rrg-mchakrav-ab/moncia/ADNI/bids_adni_go2/sub-123S4904/ses-m12/anat/sub-123S4904_ses-m12_acq-3Taccel_T1w.nii.gz,2,MCI,bids_adni_go2
123_S_6888,sc,2020-10-01,/project/rrg-mchakrav-ab/moncia/ADNI/bids_adni3/sub-123S6888/ses-sc/anat/sub-123S6888_ses-sc_acq-3T_T1w.nii.gz,2,MCI,bids_adni3
123_S_6888,m12,2021-10-01,/project/rrg-mchakrav-ab/moncia/ADNI/bids_adni3/sub-123S6888/ses-m12/anat/sub-123S6888_ses-m12_acq-3T_T1w.nii.gz,2,MCI,bids_adni3
123_S_6888,m48,2024-10-01,/project/rrg-mchakrav-ab/moncia/ADNI/bids_adni4_qc/sub-123S6888/ses-m48/anat/sub-123S6888_ses-m48_acq-3Taccel_T1w.nii.gz,2,MCI,bids_adni4_qc
126_S_0708,sc,2006-07-26,/project/rrg-mchakrav-ab/moncia/ADNI/bids_adni1/sub-126S0708/ses-sc/anat/sub-126S0708_ses-sc_acq-15T_T1w.nii.gz,2,MCI,bids_adni1
126_S_0708,m06,2007-01-24,/project/rrg-mchakrav-ab/moncia/ADNI/bids_adni1/sub-126S0708/ses-m06/anat/sub-126S0708_ses-m06_acq-15T_T1w.nii.gz,2,MCI,bids_adni1
126_S_0708,m12,2007-07-26,/project/rrg-mchakrav-ab/moncia/ADNI/bids_adni1/sub-126S0708/ses-m12/anat/sub-126S0708_ses-m12_acq-15T_T1w.nii.gz,2,MCI,bids_adni1
126_S_0708,m24,2008-07-25,/project/rrg-mchakrav-ab/moncia/ADNI/bids_adni1/sub-126S0708/ses-m24/anat/sub-126S0708_ses-m24_acq-15T_T1w.nii.gz,3,Dementia,bids_adni1
126_S_0708,m48,2010-07-26,/project/rrg-mchakrav-ab/moncia/ADNI/bids_adni1/sub-126S0708/ses-m48/anat/sub-126S0708_ses-m48_acq-15T_T1w.nii.gz,3,Dementia,bids_adni1
126_S_0709,sc,2006-08-10,/project/rrg-mchakrav-ab/moncia/ADNI/bids_adni1/sub-126S0709/ses-sc/anat/sub-126S0709_ses-sc_acq-15T_T1w.nii.gz,2,MCI,bids_adni1
126_S_0709,m06,2007-02-08,/project/rrg-mchakrav-ab/moncia/ADNI/bids_adni1/sub-126S0709/ses-m06/anat/sub-126S0709_ses-m06_acq-15T_T1w.nii.gz,2,MCI,bids_adni1
126_S_0709,m12,2007-08-10,/project/rrg-mchakrav-ab/moncia/ADNI/bids_adni1/sub-126S0709/ses-m12/anat/sub-126S0709_ses-m12_acq-15T_T1w.nii.gz,2,MCI,bids_adni1
126_S_0709,m18,2008-02-08,/project/rrg-mchakrav-ab/moncia/ADNI/bids_adni1/sub-126S0709/ses-m18/anat/sub-126S0709_ses-m18_acq-15T_T1w.nii.gz,2,MCI,bids_adni1
126_S_0709,m36,2009-08-09,/project/rrg-mchakrav-ab/moncia/ADNI/bids_adni1/sub-126S0709/ses-m36/anat/sub-126S0709_ses-m36_acq-15T_T1w.nii.gz,2,MCI,bids_adni1
126_S_0865,sc,2006-11-21,/project/rrg-mchakrav-ab/moncia/ADNI/bids_adni1/sub-126S0865/ses-sc/anat/sub-126S0865_ses-sc_acq-15T_T1w.nii.gz,2,MCI,bids_adni1
126_S_0865,m06,2007-05-22,/project/rrg-mchakrav-ab/moncia/ADNI/bids_adni1/sub-126S0865/ses-m06/anat/sub-126S0865_ses-m06_acq-15T_T1w.nii.gz,2,MCI,bids_adni1
126_S_0865,m18,2008-05-21,/project/rrg-mchakrav-ab/moncia/ADNI/bids_adni1/sub-126S0865/ses-m18/anat/sub-126S0865_ses-m18_acq-15T_T1w.nii.gz,2,MCI,bids_adni1
126_S_0865,m24,2008-11-20,/project/rrg-mchakrav-ab/moncia/ADNI/bids_adni1/sub-126S0865/ses-m24/anat/sub-126S0865_ses-m24_acq-15T_T1w.nii.gz,2,MCI,bids_adni1
126_S_0865,m36,2009-11-20,/project/rrg-mchakrav-ab/moncia/ADNI/bids_adni1/sub-126S0865/ses-m36/anat/sub-126S0865_ses-m36_acq-15T_T1w.nii.gz,3,Dementia,bids_adni1
126_S_1077,sc,2006-12-19,/project/rrg-mchakrav-ab/moncia/ADNI/bids_adni1/sub-126S1077/ses-sc/anat/sub-126S1077_ses-sc_acq-15T_T1w.nii.gz,2,MCI,bids_adni1
126_S_1077,m18,2008-06-18,/project/rrg-mchakrav-ab/moncia/ADNI/bids_adni1/sub-126S1077/ses-m18/anat/sub-126S1077_ses-m18_acq-15T_T1w.nii.gz,3,Dementia,bids_adni1
126_S_1077,m24,2008-12-18,/project/rrg-mchakrav-ab/moncia/ADNI/bids_adni1/sub-126S1077/ses-m24/anat/sub-126S1077_ses-m24_acq-15T_T1w.nii.gz,3,Dementia,bids_adni1
126_S_1077,m36,2009-12-18,/project/rrg-mchakrav-ab/moncia/ADNI/bids_adni1/sub-126S1077/ses-m36/anat/sub-126S1077_ses-m36_acq-15T_T1w.nii.gz,3,Dementia,bids_adni1
126_S_1187,sc,2007-02-08,/project/rrg-mchakrav-ab/moncia/ADNI/bids_adni1/sub-126S1187/ses-sc/anat/sub-126S1187_ses-sc_acq-15T_T1w.nii.gz,2,MCI,bids_adni1
126_S_1187,m06,2007-08-09,/project/rrg-mchakrav-ab/moncia/ADNI/bids_adni1/sub-126S1187/ses-m06/anat/sub-126S1187_ses-m06_acq-15T_T1w.nii.gz,2,MCI,bids_adni1
126_S_1187,m18,2008-08-08,/project/rrg-mchakrav-ab/moncia/ADNI/bids_adni1/sub-126S1187/ses-m18/anat/sub-126S1187_ses-m18_acq-15T_T1w.nii.gz,2,MCI,bids_adni1
126_S_1187,m24,2009-02-07,/project/rrg-mchakrav-ab/moncia/ADNI/bids_adni1/sub-126S1187/ses-m24/anat/sub-126S1187_ses-m24_acq-15T_T1w.nii.gz,2,MCI,bids_adni1
126_S_1187,m60,2012-02-08,/project/rrg-mchakrav-ab/moncia/ADNI/bids_adni_go2/sub-126S1187/ses-m60/anat/sub-126S1187_ses-m60_acq-15Tunaccel_T1w.nii.gz,2,MCI,bids_adni_go2
126_S_2360,m03,2011-08-24,/project/rrg-mchakrav-ab/moncia/ADNI/bids_adni_go2/sub-126S2360/ses-m03/anat/sub-126S2360_ses-m03_acq-3Taccel_T1w.nii.gz,2,MCI,bids_adni_go2
126_S_2360,m06,2011-11-23,/project/rrg-mchakrav-ab/moncia/ADNI/bids_adni_go2/sub-126S2360/ses-m06/anat/sub-126S2360_ses-m06_acq-3Taccel_T1w.nii.gz,2,MCI,bids_adni_go2
126_S_2360,m12,2012-05-24,/project/rrg-mchakrav-ab/moncia/ADNI/bids_adni_go2/sub-126S2360/ses-m12/anat/sub-126S2360_ses-m12_acq-3Taccel_T1w.nii.gz,2,MCI,bids_adni_go2
126_S_2360,m24,2013-05-24,/project/rrg-mchakrav-ab/moncia/ADNI/bids_adni_go2/sub-126S2360/ses-m24/anat/sub-126S2360_ses-m24_acq-3Taccel_T1w.nii.gz,2,MCI,bids_adni_go2
126_S_2360,m48,2015-05-25,/project/rrg-mchakrav-ab/moncia/ADNI/bids_adni_go2/sub-126S2360/ses-m48/anat/sub-126S2360_ses-m48_acq-3Taccel_T1w.nii.gz,2,MCI,bids_adni_go2
126_S_2405,m03,2012-01-10,/project/rrg-mchakrav-ab/moncia/ADNI/bids_adni_go2/sub-126S2405/ses-m03/anat/sub-126S2405_ses-m03_acq-3Taccel_T1w.nii.gz,2,MCI,bids_adni_go2
126_S_2405,m06,2012-04-10,/project/rrg-mchakrav-ab/moncia/ADNI/bids_adni_go2/sub-126S2405/ses-m06/anat/sub-126S2405_ses-m06_acq-3Taccel_T1w.nii.gz,2,MCI,bids_adni_go2
126_S_2405,m12,2012-10-10,/project/rrg-mchakrav-ab/moncia/ADNI/bids_adni_go2/sub-126S2405/ses-m12/anat/sub-126S2405_ses-m12_acq-3Taccel_T1w.nii.gz,2,MCI,bids_adni_go2
126_S_2405,m24,2013-10-10,/project/rrg-mchakrav-ab/moncia/ADNI/bids_adni_go2/sub-126S2405/ses-m24/anat/sub-126S2405_ses-m24_acq-3Taccel_T1w.nii.gz,2,MCI,bids_adni_go2
126_S_2405,m48,2015-10-11,/project/rrg-mchakrav-ab/moncia/ADNI/bids_adni_go2/sub-126S2405/ses-m48/anat/sub-126S2405_ses-m48_acq-3Taccel_T1w.nii.gz,2,MCI,bids_adni_go2
126_S_2407,m03,2012-03-06,/project/rrg-mchakrav-ab/moncia/ADNI/bids_adni_go2/sub-126S2407/ses-m03/anat/sub-126S2407_ses-m03_acq-3Taccel_T1w.nii.gz,2,MCI,bids_adni_go2
126_S_2407,m06,2012-06-05,/project/rrg-mchakrav-ab/moncia/ADNI/bids_adni_go2/sub-126S2407/ses-m06/anat/sub-126S2407_ses-m06_acq-3Taccel_T1w.nii.gz,2,MCI,bids_adni_go2
126_S_2407,m12,2012-12-05,/project/rrg-mchakrav-ab/moncia/ADNI/bids_adni_go2/sub-126S2407/ses-m12/anat/sub-126S2407_ses-m12_acq-3Taccel_T1w.nii.gz,2,MCI,bids_adni_go2
126_S_2407,m24,2013-12-05,/project/rrg-mchakrav-ab/moncia/ADNI/bids_adni_go2/sub-126S2407/ses-m24/anat/sub-126S2407_ses-m24_acq-3Taccel_T1w.nii.gz,2,MCI,bids_adni_go2
126_S_2407,m48,2015-12-06,/project/rrg-mchakrav-ab/moncia/ADNI/bids_adni_go2/sub-126S2407/ses-m48/anat/sub-126S2407_ses-m48_acq-3Taccel_T1w.nii.gz,2,MCI,bids_adni_go2
126_S_4458,m03,2012-04-10,/project/rrg-mchakrav-ab/moncia/ADNI/bids_adni_go2/sub-126S4458/ses-m03/anat/sub-126S4458_ses-m03_acq-3Taccel_T1w.nii.gz,2,MCI,bids_adni_go2
126_S_4458,m06,2012-07-10,/project/rrg-mchakrav-ab/moncia/ADNI/bids_adni_go2/sub-126S4458/ses-m06/anat/sub-126S4458_ses-m06_acq-3Taccel_T1w.nii.gz,2,MCI,bids_adni_go2
126_S_4458,m12,2013-01-09,/project/rrg-mchakrav-ab/moncia/ADNI/bids_adni_go2/sub-126S4458/ses-m12/anat/sub-126S4458_ses-m12_acq-3Taccel_T1w.nii.gz,3,Dementia,bids_adni_go2
126_S_4458,m24,2014-01-09,/project/rrg-mchakrav-ab/moncia/ADNI/bids_adni_go2/sub-126S4458/ses-m24/anat/sub-126S4458_ses-m24_acq-3Taccel_T1w.nii.gz,3,Dementia,bids_adni_go2
126_S_4458,m48,2016-01-10,/project/rrg-mchakrav-ab/moncia/ADNI/bids_adni_go2/sub-126S4458/ses-m48/anat/sub-126S4458_ses-m48_acq-3Taccel_T1w.nii.gz,3,Dementia,bids_adni_go2
126_S_4507,m03,2012-04-26,/project/rrg-mchakrav-ab/moncia/ADNI/bids_adni_go2/sub-126S4507/ses-m03/anat/sub-126S4507_ses-m03_acq-3Taccel_T1w.nii.gz,2,MCI,bids_adni_go2
126_S_4507,m06,2012-07-26,/project/rrg-mchakrav-ab/moncia/ADNI/bids_adni_go2/sub-126S4507/ses-m06/anat/sub-126S4507_ses-m06_acq-3Taccel_T1w.nii.gz,2,MCI,bids_adni_go2
126_S_4507,m12,2013-01-25,/project/rrg-mchakrav-ab/moncia/ADNI/bids_adni_go2/sub-126S4507/ses-m12/anat/sub-126S4507_ses-m12_acq-3Taccel_T1w.nii.gz,2,MCI,bids_adni_go2
126_S_4507,m24,2014-01-25,/project/rrg-mchakrav-ab/moncia/ADNI/bids_adni_go2/sub-126S4507/ses-m24/anat/sub-126S4507_ses-m24_acq-3Taccel_T1w.nii.gz,3,Dementia,bids_adni_go2
126_S_4507,m78,2018-07-27,/project/rrg-mchakrav-ab/moncia/ADNI/bids_adni3/sub-126S4507/ses-m78/anat/sub-126S4507_ses-m78_acq-3T_T1w.nii.gz,3,Dementia,bids_adni3
126_S_4507,m84,2019-01-25,/project/rrg-mchakrav-ab/moncia/ADNI/bids_adni3/sub-126S4507/ses-m84/anat/sub-126S4507_ses-m84_acq-3T_T1w.nii.gz,3,Dementia,bids_adni3
126_S_4507,m102,2020-07-26,/project/rrg-mchakrav-ab/moncia/ADNI/bids_adni3/sub-126S4507/ses-m102/anat/sub-126S4507_ses-m102_acq-3T_T1w.nii.gz,3,Dementia,bids_adni3
126_S_4514,m03,2012-04-30,/project/rrg-mchakrav-ab/moncia/ADNI/bids_adni_go2/sub-126S4514/ses-m03/anat/sub-126S4514_ses-m03_acq-3Taccel_T1w.nii.gz,2,MCI,bids_adni_go2
126_S_4514,m06,2012-07-30,/project/rrg-mchakrav-ab/moncia/ADNI/bids_adni_go2/sub-126S4514/ses-m06/anat/sub-126S4514_ses-m06_acq-3Taccel_T1w.nii.gz,2,MCI,bids_adni_go2
126_S_4514,m12,2013-01-29,/project/rrg-mchakrav-ab/moncia/ADNI/bids_adni_go2/sub-126S4514/ses-m12/anat/sub-126S4514_ses-m12_acq-3Taccel_T1w.nii.gz,2,MCI,bids_adni_go2
126_S_4514,m24,2014-01-29,/project/rrg-mchakrav-ab/moncia/ADNI/bids_adni_go2/sub-126S4514/ses-m24/anat/sub-126S4514_ses-m24_acq-3Taccel_T1w.nii.gz,2,MCI,bids_adni_go2
126_S_4514,m48,2016-01-30,/project/rrg-mchakrav-ab/moncia/ADNI/bids_adni_go2/sub-126S4514/ses-m48/anat/sub-126S4514_ses-m48_acq-3Taccel_T1w.nii.gz,2,MCI,bids_adni_go2
126_S_4514,m78,2018-07-31,/project/rrg-mchakrav-ab/moncia/ADNI/bids_adni3/sub-126S4514/ses-m78/anat/sub-126S4514_ses-m78_acq-3T_T1w.nii.gz,2,MCI,bids_adni3
126_S_4514,m90,2019-07-31,/project/rrg-mchakrav-ab/moncia/ADNI/bids_adni3/sub-126S4514/ses-m90/anat/sub-126S4514_ses-m90_acq-3T_T1w.nii.gz,2,MCI,bids_adni3
126_S_4514,m114,2021-07-31,/project/rrg-mchakrav-ab/moncia/ADNI/bids_adni3/sub-126S4514/ses-m114/anat/sub-126S4514_ses-m114_acq-3T_T1w.nii.gz,2,MCI,bids_adni3
126_S_4514,m126,2022-07-31,/project/rrg-mchakrav-ab/moncia/ADNI/bids_adni3/sub-126S4514/ses-m126/anat/sub-126S4514_ses-m126_acq-3T_T1w.nii.gz,2,MCI,bids_adni3
126_S_4514,m138,2023-07-31,/project/rrg-mchakrav-ab/moncia/ADNI/bids_adni3/sub-126S4514/ses-m138/anat/sub-126S4514_ses-m138_acq-3T_T1w.nii.gz,2,MCI,bids_adni3
126_S_4675,m03,2012-07-10,/project/rrg-mchakrav-ab/moncia/ADNI/bids_adni_go2/sub-126S4675/ses-m03/anat/sub-126S4675_ses-m03_acq-3Taccel_T1w.nii.gz,2,MCI,bids_adni_go2
126_S_4675,m06,2012-10-09,/project/rrg-mchakrav-ab/moncia/ADNI/bids_adni_go2/sub-126S4675/ses-m06/anat/sub-126S4675_ses-m06_acq-3Taccel_T1w.nii.gz,2,MCI,bids_adni_go2
126_S_4675,m12,2013-04-10,/project/rrg-mchakrav-ab/moncia/ADNI/bids_adni_go2/sub-126S4675/ses-m12/anat/sub-126S4675_ses-m12_acq-3Taccel_T1w.nii.gz,2,MCI,bids_adni_go2
126_S_4675,m24,2014-04-10,/project/rrg-mchakrav-ab/moncia/ADNI/bids_adni_go2/sub-126S4675/ses-m24/anat/sub-126S4675_ses-m24_acq-3Taccel_T1w.nii.gz,3,Dementia,bids_adni_go2
126_S_4712,m03,2012-07-30,/project/rrg-mchakrav-ab/moncia/ADNI/bids_adni_go2/sub-126S4712/ses-m03/anat/sub-126S4712_ses-m03_acq-3Taccel_T1w.nii.gz,2,MCI,bids_adni_go2
126_S_4712,m06,2012-10-29,/project/rrg-mchakrav-ab/moncia/ADNI/bids_adni_go2/sub-126S4712/ses-m06/anat/sub-126S4712_ses-m06_acq-3Taccel_T1w.nii.gz,2,MCI,bids_adni_go2
126_S_4712,m12,2013-04-30,/project/rrg-mchakrav-ab/moncia/ADNI/bids_adni_go2/sub-126S4712/ses-m12/anat/sub-126S4712_ses-m12_acq-3Taccel_T1w.nii.gz,3,Dementia,bids_adni_go2
126_S_4712,m24,2014-04-30,/project/rrg-mchakrav-ab/moncia/ADNI/bids_adni_go2/sub-126S4712/ses-m24/anat/sub-126S4712_ses-m24_acq-3Taccel_T1w.nii.gz,3,Dementia,bids_adni_go2
126_S_4743,m03,2012-08-16,/project/rrg-mchakrav-ab/moncia/ADNI/bids_adni_go2/sub-126S4743/ses-m03/anat/sub-126S4743_ses-m03_acq-3Taccel_T1w.nii.gz,2,MCI,bids_adni_go2
126_S_4743,m06,2012-11-15,/project/rrg-mchakrav-ab/moncia/ADNI/bids_adni_go2/sub-126S4743/ses-m06/anat/sub-126S4743_ses-m06_acq-3Taccel_T1w.nii.gz,2,MCI,bids_adni_go2
126_S_4743,m12,2013-05-17,/project/rrg-mchakrav-ab/moncia/ADNI/bids_adni_go2/sub-126S4743/ses-m12/anat/sub-126S4743_ses-m12_acq-3Taccel_T1w.nii.gz,2,MCI,bids_adni_go2
126_S_4891,m03,2012-10-25,/project/rrg-mchakrav-ab/moncia/ADNI/bids_adni_go2/sub-126S4891/ses-m03/anat/sub-126S4891_ses-m03_acq-3Taccel_T1w.nii.gz,2,MCI,bids_adni_go2
126_S_4891,m06,2013-01-24,/project/rrg-mchakrav-ab/moncia/ADNI/bids_adni_go2/sub-126S4891/ses-m06/anat/sub-126S4891_ses-m06_acq-3Taccel_T1w.nii.gz,2,MCI,bids_adni_go2
126_S_4891,m12,2013-07-26,/project/rrg-mchakrav-ab/moncia/ADNI/bids_adni_go2/sub-126S4891/ses-m12/anat/sub-126S4891_ses-m12_acq-3Taccel_T1w.nii.gz,2,MCI,bids_adni_go2
126_S_4891,m24,2014-07-26,/project/rrg-mchakrav-ab/moncia/ADNI/bids_adni_go2/sub-126S4891/ses-m24/anat/sub-126S4891_ses-m24_acq-3Taccel_T1w.nii.gz,2,MCI,bids_adni_go2
126_S_4891,m48,2016-07-26,/project/rrg-mchakrav-ab/moncia/ADNI/bids_adni_go2/sub-126S4891/ses-m48/anat/sub-126S4891_ses-m48_acq-3Taccel_T1w.nii.gz,2,MCI,bids_adni_go2
126_S_4891,m72,2018-07-26,/project/rrg-mchakrav-ab/moncia/ADNI/bids_adni3/sub-126S4891/ses-m72/anat/sub-126S4891_ses-m72_acq-3T_T1w.nii.gz,2,MCI,bids_adni3
126_S_4891,m84,2019-07-26,/project/rrg-mchakrav-ab/moncia/ADNI/bids_adni3/sub-126S4891/ses-m84/anat/sub-126S4891_ses-m84_acq-3T_T1w.nii.gz,3,Dementia,bids_adni3
126_S_4891,m96,2020-07-26,/project/rrg-mchakrav-ab/moncia/ADNI/bids_adni3/sub-126S4891/ses-m96/anat/sub-126S4891_ses-m96_acq-3T_T1w.nii.gz,3,Dementia,bids_adni3
126_S_4891,m108,2021-07-26,/project/rrg-mchakrav-ab/moncia/ADNI/bids_adni3/sub-126S4891/ses-m108/anat/sub-126S4891_ses-m108_acq-3T_T1w.nii.gz,3,Dementia,bids_adni3
126_S_4891,m120,2022-07-26,/project/rrg-mchakrav-ab/moncia/ADNI/bids_adni3/sub-126S4891/ses-m120/anat/sub-126S4891_ses-m120_acq-3T_T1w.nii.gz,3,Dementia,bids_adni3
126_S_4891,m132,2023-07-27,/project/rrg-mchakrav-ab/moncia/ADNI/bids_adni3/sub-126S4891/ses-m132/anat/sub-126S4891_ses-m132_acq-3T_T1w.nii.gz,3,Dementia,bids_adni3
126_S_4896,m03,2012-10-29,/project/rrg-mchakrav-ab/moncia/ADNI/bids_adni_go2/sub-126S4896/ses-m03/anat/sub-126S4896_ses-m03_acq-3Taccel_T1w.nii.gz,2,MCI,bids_adni_go2
126_S_4896,m06,2013-01-28,/project/rrg-mchakrav-ab/moncia/ADNI/bids_adni_go2/sub-126S4896/ses-m06/anat/sub-126S4896_ses-m06_acq-3Taccel_T1w.nii.gz,2,MCI,bids_adni_go2
126_S_4896,m12,2013-07-30,/project/rrg-mchakrav-ab/moncia/ADNI/bids_adni_go2/sub-126S4896/ses-m12/anat/sub-126S4896_ses-m12_acq-3Taccel_T1w.nii.gz,2,MCI,bids_adni_go2
126_S_4896,m24,2014-07-30,/project/rrg-mchakrav-ab/moncia/ADNI/bids_adni_go2/sub-126S4896/ses-m24/anat/sub-126S4896_ses-m24_acq-3Taccel_T1w.nii.gz,2,MCI,bids_adni_go2
126_S_4896,m48,2016-07-30,/project/rrg-mchakrav-ab/moncia/ADNI/bids_adni_go2/sub-126S4896/ses-m48/anat/sub-126S4896_ses-m48_acq-3Taccel_T1w.nii.gz,2,MCI,bids_adni_go2
126_S_4896,m72,2018-07-30,/project/rrg-mchakrav-ab/moncia/ADNI/bids_adni3/sub-126S4896/ses-m72/anat/sub-126S4896_ses-m72_acq-3T_T1w.nii.gz,2,MCI,bids_adni3
126_S_4896,m84,2019-07-30,/project/rrg-mchakrav-ab/moncia/ADNI/bids_adni3/sub-126S4896/ses-m84/anat/sub-126S4896_ses-m84_acq-3T_T1w.nii.gz,2,MCI,bids_adni3
126_S_4896,m96,2020-07-30,/project/rrg-mchakrav-ab/moncia/ADNI/bids_adni3/sub-126S4896/ses-m96/anat/sub-126S4896_ses-m96_acq-3T_T1w.nii.gz,2,MCI,bids_adni3
126_S_6724,sc,2019-04-23,/project/rrg-mchakrav-ab/moncia/ADNI/bids_adni3/sub-126S6724/ses-sc/anat/sub-126S6724_ses-sc_acq-3T_T1w.nii.gz,2,MCI,bids_adni3
126_S_6724,m12,2020-04-22,/project/rrg-mchakrav-ab/moncia/ADNI/bids_adni3/sub-126S6724/ses-m12/anat/sub-126S6724_ses-m12_acq-3T_T1w.nii.gz,3,Dementia,bids_adni3
126_S_6724,m24,2021-04-22,/project/rrg-mchakrav-ab/moncia/ADNI/bids_adni3/sub-126S6724/ses-m24/anat/sub-126S6724_ses-m24_acq-3T_T1w.nii.gz,3,Dementia,bids_adni3
126_S_6724,m36,2022-04-22,/project/rrg-mchakrav-ab/moncia/ADNI/bids_adni3/sub-126S6724/ses-m36/anat/sub-126S6724_ses-m36_acq-3T_T1w.nii.gz,3,Dementia,bids_adni3
127_S_0112,sc,2006-02-01,/project/rrg-mchakrav-ab/moncia/ADNI/bids_adni1/sub-127S0112/ses-sc/anat/sub-127S0112_ses-sc_acq-15T_T1w.nii.gz,2,MCI,bids_adni1
127_S_0112,m06,2006-08-02,/project/rrg-mchakrav-ab/moncia/ADNI/bids_adni1/sub-127S0112/ses-m06/anat/sub-127S0112_ses-m06_acq-15T_T1w.nii.gz,1,CN,bids_adni1
127_S_0112,m12,2007-02-01,/project/rrg-mchakrav-ab/moncia/ADNI/bids_adni1/sub-127S0112/ses-m12/anat/sub-127S0112_ses-m12_acq-15T_T1w.nii.gz,2,MCI,bids_adni1
127_S_0112,m18,2007-08-02,/project/rrg-mchakrav-ab/moncia/ADNI/bids_adni1/sub-127S0112/ses-m18/anat/sub-127S0112_ses-m18_acq-15T_T1w.nii.gz,2,MCI,bids_adni1
127_S_0112,m36,2009-01-31,/project/rrg-mchakrav-ab/moncia/ADNI/bids_adni1/sub-127S0112/ses-m36/anat/sub-127S0112_ses-m36_acq-15T_T1w.nii.gz,1,CN,bids_adni1
127_S_0112,m48,2010-02-01,/project/rrg-mchakrav-ab/moncia/ADNI/bids_adni1/sub-127S0112/ses-m48/anat/sub-127S0112_ses-m48_acq-15T_T1w.nii.gz,1,CN,bids_adni1
127_S_0394,m06,2006-12-26,/project/rrg-mchakrav-ab/moncia/ADNI/bids_adni1/sub-127S0394/ses-m06/anat/sub-127S0394_ses-m06_acq-15T_T1w.nii.gz,2,MCI,bids_adni1
127_S_0394,m18,2007-12-26,/project/rrg-mchakrav-ab/moncia/ADNI/bids_adni1/sub-127S0394/ses-m18/anat/sub-127S0394_ses-m18_acq-15T_T1w.nii.gz,3,Dementia,bids_adni1
127_S_0394,m24,2008-06-26,/project/rrg-mchakrav-ab/moncia/ADNI/bids_adni1/sub-127S0394/ses-m24/anat/sub-127S0394_ses-m24_acq-15T_T1w.nii.gz,3,Dementia,bids_adni1
127_S_0925,sc,2006-11-28,/project/rrg-mchakrav-ab/moncia/ADNI/bids_adni1/sub-127S0925/ses-sc/anat/sub-127S0925_ses-sc_acq-15T_T1w.nii.gz,2,MCI,bids_adni1
127_S_0925,m06,2007-05-29,/project/rrg-mchakrav-ab/moncia/ADNI/bids_adni1/sub-127S0925/ses-m06/anat/sub-127S0925_ses-m06_acq-15T_T1w.nii.gz,2,MCI,bids_adni1
127_S_0925,m12,2007-11-28,/project/rrg-mchakrav-ab/moncia/ADNI/bids_adni1/sub-127S0925/ses-m12/anat/sub-127S0925_ses-m12_acq-15T_T1w.nii.gz,2,MCI,bids_adni1
127_S_0925,m18,2008-05-28,/project/rrg-mchakrav-ab/moncia/ADNI/bids_adni1/sub-127S0925/ses-m18/anat/sub-127S0925_ses-m18_acq-15T_T1w.nii.gz,2,MCI,bids_adni1
127_S_0925,m24,2008-11-27,/project/rrg-mchakrav-ab/moncia/ADNI/bids_adni1/sub-127S0925/ses-m24/anat/sub-127S0925_ses-m24_acq-15T_T1w.nii.gz,2,MCI,bids_adni1
127_S_0925,m36,2009-11-27,/project/rrg-mchakrav-ab/moncia/ADNI/bids_adni1/sub-127S0925/ses-m36/anat/sub-127S0925_ses-m36_acq-15T_T1w.nii.gz,2,MCI,bids_adni1
127_S_1032,sc,2006-12-19,/project/rrg-mchakrav-ab/moncia/ADNI/bids_adni1/sub-127S1032/ses-sc/anat/sub-127S1032_ses-sc_acq-15T_T1w.nii.gz,2,MCI,bids_adni1
127_S_1032,m18,2008-06-18,/project/rrg-mchakrav-ab/moncia/ADNI/bids_adni1/sub-127S1032/ses-m18/anat/sub-127S1032_ses-m18_acq-15T_T1w.nii.gz,2,MCI,bids_adni1
127_S_1032,m24,2008-12-18,/project/rrg-mchakrav-ab/moncia/ADNI/bids_adni1/sub-127S1032/ses-m24/anat/sub-127S1032_ses-m24_acq-15T_T1w.nii.gz,2,MCI,bids_adni1
127_S_1032,m36,2009-12-18,/project/rrg-mchakrav-ab/moncia/ADNI/bids_adni1/sub-127S1032/ses-m36/anat/sub-127S1032_ses-m36_acq-15T_T1w.nii.gz,2,MCI,bids_adni1
127_S_1032,m120,2016-12-18,/project/rrg-mchakrav-ab/moncia/ADNI/bids_adni_go2/sub-127S1032/ses-m120/anat/sub-127S1032_ses-m120_acq-15Tunaccel_T1w.nii.gz,3,Dementia,bids_adni_go2
127_S_1140,sc,2007-01-16,/project/rrg-mchakrav-ab/moncia/ADNI/bids_adni1/sub-127S1140/ses-sc/anat/sub-127S1140_ses-sc_acq-15T_T1w.nii.gz,2,MCI,bids_adni1
127_S_1140,m06,2007-07-17,/project/rrg-mchakrav-ab/moncia/ADNI/bids_adni1/sub-127S1140/ses-m06/anat/sub-127S1140_ses-m06_acq-15T_T1w.nii.gz,2,MCI,bids_adni1
127_S_1140,m18,2008-07-16,/project/rrg-mchakrav-ab/moncia/ADNI/bids_adni1/sub-127S1140/ses-m18/anat/sub-127S1140_ses-m18_acq-15T_T1w.nii.gz,2,MCI,bids_adni1
127_S_1140,m24,2009-01-15,/project/rrg-mchakrav-ab/moncia/ADNI/bids_adni1/sub-127S1140/ses-m24/anat/sub-127S1140_ses-m24_acq-15T_T1w.nii.gz,2,MCI,bids_adni1
127_S_1140,m36,2010-01-15,/project/rrg-mchakrav-ab/moncia/ADNI/bids_adni1/sub-127S1140/ses-m36/anat/sub-127S1140_ses-m36_acq-15T_T1w.nii.gz,2,MCI,bids_adni1
127_S_1419,sc,2007-08-28,/project/rrg-mchakrav-ab/moncia/ADNI/bids_adni1/sub-127S1419/ses-sc/anat/sub-127S1419_ses-sc_acq-15T_T1w.nii.gz,2,MCI,bids_adni1
127_S_1419,m12,2008-08-27,/project/rrg-mchakrav-ab/moncia/ADNI/bids_adni1/sub-127S1419/ses-m12/anat/sub-127S1419_ses-m12_acq-15T_T1w.nii.gz,2,MCI,bids_adni1
127_S_1419,m18,2009-02-25,/project/rrg-mchakrav-ab/moncia/ADNI/bids_adni1/sub-127S1419/ses-m18/anat/sub-127S1419_ses-m18_acq-15T_T1w.nii.gz,2,MCI,bids_adni1
127_S_1419,m24,2009-08-27,/project/rrg-mchakrav-ab/moncia/ADNI/bids_adni1/sub-127S1419/ses-m24/anat/sub-127S1419_ses-m24_acq-15T_T1w.nii.gz,2,MCI,bids_adni1
127_S_1419,m36,2010-08-27,/project/rrg-mchakrav-ab/moncia/ADNI/bids_adni1/sub-127S1419/ses-m36/anat/sub-127S1419_ses-m36_acq-15T_T1w.nii.gz,2,MCI,bids_adni1
127_S_1427,sc,2007-09-03,/project/rrg-mchakrav-ab/moncia/ADNI/bids_adni1/sub-127S1427/ses-sc/anat/sub-127S1427_ses-sc_acq-15T_T1w.nii.gz,2,MCI,bids_adni1
127_S_1427,m06,2008-03-03,/project/rrg-mchakrav-ab/moncia/ADNI/bids_adni1/sub-127S1427/ses-m06/anat/sub-127S1427_ses-m06_acq-15T_T1w.nii.gz,2,MCI,bids_adni1
127_S_1427,m12,2008-09-02,/project/rrg-mchakrav-ab/moncia/ADNI/bids_adni1/sub-127S1427/ses-m12/anat/sub-127S1427_ses-m12_acq-15T_T1w.nii.gz,3,Dementia,bids_adni1
127_S_1427,m18,2009-03-03,/project/rrg-mchakrav-ab/moncia/ADNI/bids_adni1/sub-127S1427/ses-m18/anat/sub-127S1427_ses-m18_acq-15T_T1w.nii.gz,3,Dementia,bids_adni1
127_S_1427,m24,2009-09-02,/project/rrg-mchakrav-ab/moncia/ADNI/bids_adni1/sub-127S1427/ses-m24/anat/sub-127S1427_ses-m24_acq-15T_T1w.nii.gz,3,Dementia,bids_adni1
127_S_1427,m36,2010-09-02,/project/rrg-mchakrav-ab/moncia/ADNI/bids_adni1/sub-127S1427/ses-m36/anat/sub-127S1427_ses-m36_acq-15T_T1w.nii.gz,3,Dementia,bids_adni1
127_S_1427,m120,2017-09-02,/project/rrg-mchakrav-ab/moncia/ADNI/bids_adni3/sub-127S1427/ses-m120/anat/sub-127S1427_ses-m120_acq-3T_T1w.nii.gz,3,Dementia,bids_adni3
127_S_1427,m132,2018-09-03,/project/rrg-mchakrav-ab/moncia/ADNI/bids_adni3/sub-127S1427/ses-m132/anat/sub-127S1427_ses-m132_acq-3T_T1w.nii.gz,3,Dementia,bids_adni3
127_S_1427,m144,2019-09-03,/project/rrg-mchakrav-ab/moncia/ADNI/bids_adni3/sub-127S1427/ses-m144/anat/sub-127S1427_ses-m144_acq-3T_T1w.nii.gz,3,Dementia,bids_adni3
127_S_2213,m03,2011-03-21,/project/rrg-mchakrav-ab/moncia/ADNI/bids_adni_go2/sub-127S2213/ses-m03/anat/sub-127S2213_ses-m03_acq-3Taccel_T1w.nii.gz,2,MCI,bids_adni_go2
127_S_2213,m06,2011-06-20,/project/rrg-mchakrav-ab/moncia/ADNI/bids_adni_go2/sub-127S2213/ses-m06/anat/sub-127S2213_ses-m06_acq-3Tunaccel_T1w.nii.gz,2,MCI,bids_adni_go2
127_S_2213,m12,2011-12-20,/project/rrg-mchakrav-ab/moncia/ADNI/bids_adni_go2/sub-127S2213/ses-m12/anat/sub-127S2213_ses-m12_acq-3Taccel_T1w.nii.gz,2,MCI,bids_adni_go2
127_S_2213,m24,2012-12-19,/project/rrg-mchakrav-ab/moncia/ADNI/bids_adni_go2/sub-127S2213/ses-m24/anat/sub-127S2213_ses-m24_acq-3Taccel_T1w.nii.gz,2,MCI,bids_adni_go2
127_S_2213,m36,2013-12-19,/project/rrg-mchakrav-ab/moncia/ADNI/bids_adni_go2/sub-127S2213/ses-m36/anat/sub-127S2213_ses-m36_acq-3Taccel_T1w.nii.gz,2,MCI,bids_adni_go2
127_S_2213,m48,2014-12-20,/project/rrg-mchakrav-ab/moncia/ADNI/bids_adni_go2/sub-127S2213/ses-m48/anat/sub-127S2213_ses-m48_acq-3Taccel_T1w.nii.gz,2,MCI,bids_adni_go2
127_S_2213,m72,2016-12-19,/project/rrg-mchakrav-ab/moncia/ADNI/bids_adni_go2/sub-127S2213/ses-m72/anat/sub-127S2213_ses-m72_acq-3Taccel_T1w.nii.gz,3,Dementia,bids_adni_go2
127_S_2234,m03,2011-03-21,/project/rrg-mchakrav-ab/moncia/ADNI/bids_adni_go2/sub-127S2234/ses-m03/anat/sub-127S2234_ses-m03_acq-3Taccel_T1w.nii.gz,2,MCI,bids_adni_go2
127_S_2234,m06,2011-06-20,/project/rrg-mchakrav-ab/moncia/ADNI/bids_adni_go2/sub-127S2234/ses-m06/anat/sub-127S2234_ses-m06_acq-3Taccel_T1w.nii.gz,2,MCI,bids_adni_go2
127_S_2234,m12,2011-12-20,/project/rrg-mchakrav-ab/moncia/ADNI/bids_adni_go2/sub-127S2234/ses-m12/anat/sub-127S2234_ses-m12_acq-3Taccel_T1w.nii.gz,2,MCI,bids_adni_go2
127_S_2234,m24,2012-12-19,/project/rrg-mchakrav-ab/moncia/ADNI/bids_adni_go2/sub-127S2234/ses-m24/anat/sub-127S2234_ses-m24_acq-3Taccel_T1w.nii.gz,1,CN,bids_adni_go2
127_S_2234,m36,2013-12-19,/project/rrg-mchakrav-ab/moncia/ADNI/bids_adni_go2/sub-127S2234/ses-m36/anat/sub-127S2234_ses-m36_acq-3Taccel_T1w.nii.gz,1,CN,bids_adni_go2
127_S_2234,m48,2014-12-20,/project/rrg-mchakrav-ab/moncia/ADNI/bids_adni_go2/sub-127S2234/ses-m48/anat/sub-127S2234_ses-m48_acq-3Taccel_T1w.nii.gz,1,CN,bids_adni_go2
127_S_2234,m60,2015-12-20,/project/rrg-mchakrav-ab/moncia/ADNI/bids_adni_go2/sub-127S2234/ses-m60/anat/sub-127S2234_ses-m60_acq-3Taccel_T1w.nii.gz,1,CN,bids_adni_go2
127_S_2234,m72,2016-12-19,/project/rrg-mchakrav-ab/moncia/ADNI/bids_adni_go2/sub-127S2234/ses-m72/anat/sub-127S2234_ses-m72_acq-3Taccel_T1w.nii.gz,1,CN,bids_adni_go2
127_S_2234,m84,2017-12-19,/project/rrg-mchakrav-ab/moncia/ADNI/bids_adni3/sub-127S2234/ses-m84/anat/sub-127S2234_ses-m84_acq-3T_T1w.nii.gz,1,CN,bids_adni3
127_S_2234,m96,2018-12-20,/project/rrg-mchakrav-ab/moncia/ADNI/bids_adni3/sub-127S2234/ses-m96/anat/sub-127S2234_ses-m96_acq-3T_T1w.nii.gz,1,CN,bids_adni3
127_S_2234,m108,2019-12-20,/project/rrg-mchakrav-ab/moncia/ADNI/bids_adni3/sub-127S2234/ses-m108/anat/sub-127S2234_ses-m108_acq-3T_T1w.nii.gz,1,CN,bids_adni3
127_S_2234,m132,2021-12-20,/project/rrg-mchakrav-ab/moncia/ADNI/bids_adni3/sub-127S2234/ses-m132/anat/sub-127S2234_ses-m132_acq-3T_T1w.nii.gz,1,CN,bids_adni3
127_S_2234,m168,2024-12-19,/project/rrg-mchakrav-ab/moncia/ADNI/bids_adni4_qc/sub-127S2234/ses-m168/anat/sub-127S2234_ses-m168_acq-3Tultrafast_T1w.nii.gz,1,CN,bids_adni4_qc
127_S_4197,m03,2011-11-16,/project/rrg-mchakrav-ab/moncia/ADNI/bids_adni_go2/sub-127S4197/ses-m03/anat/sub-127S4197_ses-m03_acq-3Taccel_T1w.nii.gz,2,MCI,bids_adni_go2
127_S_4197,m06,2012-02-15,/project/rrg-mchakrav-ab/moncia/ADNI/bids_adni_go2/sub-127S4197/ses-m06/anat/sub-127S4197_ses-m06_acq-3Taccel_T1w.nii.gz,2,MCI,bids_adni_go2
127_S_4197,m12,2012-08-16,/project/rrg-mchakrav-ab/moncia/ADNI/bids_adni_go2/sub-127S4197/ses-m12/anat/sub-127S4197_ses-m12_acq-3Taccel_T1w.nii.gz,2,MCI,bids_adni_go2
127_S_4197,m24,2013-08-16,/project/rrg-mchakrav-ab/moncia/ADNI/bids_adni_go2/sub-127S4197/ses-m24/anat/sub-127S4197_ses-m24_acq-3Taccel_T1w.nii.gz,2,MCI,bids_adni_go2
127_S_4197,m48,2015-08-17,/project/rrg-mchakrav-ab/moncia/ADNI/bids_adni_go2/sub-127S4197/ses-m48/anat/sub-127S4197_ses-m48_acq-3Taccel_T1w.nii.gz,2,MCI,bids_adni_go2
127_S_4197,m60,2016-08-16,/project/rrg-mchakrav-ab/moncia/ADNI/bids_adni_go2/sub-127S4197/ses-m60/anat/sub-127S4197_ses-m60_acq-3Taccel_T1w.nii.gz,2,MCI,bids_adni_go2
127_S_4197,m72,2017-08-16,/project/rrg-mchakrav-ab/moncia/ADNI/bids_adni3/sub-127S4197/ses-m72/anat/sub-127S4197_ses-m72_acq-3T_T1w.nii.gz,3,Dementia,bids_adni3
127_S_4197,m84,2018-08-16,/project/rrg-mchakrav-ab/moncia/ADNI/bids_adni3/sub-127S4197/ses-m84/anat/sub-127S4197_ses-m84_acq-3T_T1w.nii.gz,3,Dementia,bids_adni3
127_S_4210,m03,2011-11-23,/project/rrg-mchakrav-ab/moncia/ADNI/bids_adni_go2/sub-127S4210/ses-m03/anat/sub-127S4210_ses-m03_acq-3Taccel_T1w.nii.gz,2,MCI,bids_adni_go2
127_S_4210,m06,2012-02-22,/project/rrg-mchakrav-ab/moncia/ADNI/bids_adni_go2/sub-127S4210/ses-m06/anat/sub-127S4210_ses-m06_acq-3Taccel_T1w.nii.gz,2,MCI,bids_adni_go2
127_S_4210,m12,2012-08-23,/project/rrg-mchakrav-ab/moncia/ADNI/bids_adni_go2/sub-127S4210/ses-m12/anat/sub-127S4210_ses-m12_acq-3Taccel_T1w.nii.gz,2,MCI,bids_adni_go2
127_S_4210,m24,2013-08-23,/project/rrg-mchakrav-ab/moncia/ADNI/bids_adni_go2/sub-127S4210/ses-m24/anat/sub-127S4210_ses-m24_acq-3Taccel_T1w.nii.gz,2,MCI,bids_adni_go2
127_S_4210,m48,2015-08-24,/project/rrg-mchakrav-ab/moncia/ADNI/bids_adni_go2/sub-127S4210/ses-m48/anat/sub-127S4210_ses-m48_acq-3Taccel_T1w.nii.gz,2,MCI,bids_adni_go2
127_S_4210,m60,2016-08-23,/project/rrg-mchakrav-ab/moncia/ADNI/bids_adni_go2/sub-127S4210/ses-m60/anat/sub-127S4210_ses-m60_acq-3Taccel_T1w.nii.gz,2,MCI,bids_adni_go2
127_S_4210,m72,2017-08-23,/project/rrg-mchakrav-ab/moncia/ADNI/bids_adni3/sub-127S4210/ses-m72/anat/sub-127S4210_ses-m72_acq-3T_T1w.nii.gz,2,MCI,bids_adni3
127_S_4210,m84,2018-08-23,/project/rrg-mchakrav-ab/moncia/ADNI/bids_adni3/sub-127S4210/ses-m84/anat/sub-127S4210_ses-m84_acq-3T_T1w.nii.gz,2,MCI,bids_adni3
127_S_4210,m96,2019-08-24,/project/rrg-mchakrav-ab/moncia/ADNI/bids_adni3/sub-127S4210/ses-m96/anat/sub-127S4210_ses-m96_acq-3T_T1w.nii.gz,2,MCI,bids_adni3
127_S_4210,m120,2021-08-23,/project/rrg-mchakrav-ab/moncia/ADNI/bids_adni3/sub-127S4210/ses-m120/anat/sub-127S4210_ses-m120_acq-3T_T1w.nii.gz,2,MCI,bids_adni3
127_S_4210,m132,2022-08-24,/project/rrg-mchakrav-ab/moncia/ADNI/bids_adni3/sub-127S4210/ses-m132/anat/sub-127S4210_ses-m132_acq-3T_T1w.nii.gz,2,MCI,bids_adni3
127_S_4240,m03,2011-12-16,/project/rrg-mchakrav-ab/moncia/ADNI/bids_adni_go2/sub-127S4240/ses-m03/anat/sub-127S4240_ses-m03_acq-3Taccel_T1w.nii.gz,2,MCI,bids_adni_go2
127_S_4240,m06,2012-03-16,/project/rrg-mchakrav-ab/moncia/ADNI/bids_adni_go2/sub-127S4240/ses-m06/anat/sub-127S4240_ses-m06_acq-3Taccel_T1w.nii.gz,3,Dementia,bids_adni_go2
127_S_4240,m12,2012-09-15,/project/rrg-mchakrav-ab/moncia/ADNI/bids_adni_go2/sub-127S4240/ses-m12/anat/sub-127S4240_ses-m12_acq-3Taccel_T1w.nii.gz,3,Dementia,bids_adni_go2
127_S_4240,m24,2013-09-15,/project/rrg-mchakrav-ab/moncia/ADNI/bids_adni_go2/sub-127S4240/ses-m24/anat/sub-127S4240_ses-m24_acq-3Taccel_T1w.nii.gz,3,Dementia,bids_adni_go2
127_S_4301,m03,2012-01-17,/project/rrg-mchakrav-ab/moncia/ADNI/bids_adni_go2/sub-127S4301/ses-m03/anat/sub-127S4301_ses-m03_acq-3Taccel_T1w.nii.gz,2,MCI,bids_adni_go2
127_S_4301,m06,2012-04-17,/project/rrg-mchakrav-ab/moncia/ADNI/bids_adni_go2/sub-127S4301/ses-m06/anat/sub-127S4301_ses-m06_acq-3Taccel_T1w.nii.gz,2,MCI,bids_adni_go2
127_S_4301,m12,2012-10-17,/project/rrg-mchakrav-ab/moncia/ADNI/bids_adni_go2/sub-127S4301/ses-m12/anat/sub-127S4301_ses-m12_acq-3Taccel_T1w.nii.gz,2,MCI,bids_adni_go2
127_S_4301,m24,2013-10-17,/project/rrg-mchakrav-ab/moncia/ADNI/bids_adni_go2/sub-127S4301/ses-m24/anat/sub-127S4301_ses-m24_acq-3Taccel_T1w.nii.gz,2,MCI,bids_adni_go2
127_S_4301,m48,2015-10-18,/project/rrg-mchakrav-ab/moncia/ADNI/bids_adni_go2/sub-127S4301/ses-m48/anat/sub-127S4301_ses-m48_acq-3Taccel_T1w.nii.gz,2,MCI,bids_adni_go2
127_S_4301,m60,2016-10-17,/project/rrg-mchakrav-ab/moncia/ADNI/bids_adni_go2/sub-127S4301/ses-m60/anat/sub-127S4301_ses-m60_acq-3Taccel_T1w.nii.gz,2,MCI,bids_adni_go2
127_S_4301,m72,2017-10-17,/project/rrg-mchakrav-ab/moncia/ADNI/bids_adni3/sub-127S4301/ses-m72/anat/sub-127S4301_ses-m72_acq-3T_T1w.nii.gz,2,MCI,bids_adni3
127_S_4624,m03,2012-08-22,/project/rrg-mchakrav-ab/moncia/ADNI/bids_adni_go2/sub-127S4624/ses-m03/anat/sub-127S4624_ses-m03_acq-3Taccel_T1w.nii.gz,2,MCI,bids_adni_go2
127_S_4624,m06,2012-11-21,/project/rrg-mchakrav-ab/moncia/ADNI/bids_adni_go2/sub-127S4624/ses-m06/anat/sub-127S4624_ses-m06_acq-3Taccel_T1w.nii.gz,1,CN,bids_adni_go2
127_S_4624,m12,2013-05-23,/project/rrg-mchakrav-ab/moncia/ADNI/bids_adni_go2/sub-127S4624/ses-m12/anat/sub-127S4624_ses-m12_acq-3Taccel_T1w.nii.gz,1,CN,bids_adni_go2
127_S_4624,m24,2014-05-23,/project/rrg-mchakrav-ab/moncia/ADNI/bids_adni_go2/sub-127S4624/ses-m24/anat/sub-127S4624_ses-m24_acq-3Taccel_T1w.nii.gz,1,CN,bids_adni_go2
127_S_4624,m48,2016-05-23,/project/rrg-mchakrav-ab/moncia/ADNI/bids_adni_go2/sub-127S4624/ses-m48/anat/sub-127S4624_ses-m48_acq-3Taccel_T1w.nii.gz,2,MCI,bids_adni_go2
127_S_4765,m03,2012-08-31,/project/rrg-mchakrav-ab/moncia/ADNI/bids_adni_go2/sub-127S4765/ses-m03/anat/sub-127S4765_ses-m03_acq-3Taccel_T1w.nii.gz,2,MCI,bids_adni_go2
127_S_4765,m06,2012-11-30,/project/rrg-mchakrav-ab/moncia/ADNI/bids_adni_go2/sub-127S4765/ses-m06/anat/sub-127S4765_ses-m06_acq-3Taccel_T1w.nii.gz,2,MCI,bids_adni_go2
127_S_4765,m12,2013-06-01,/project/rrg-mchakrav-ab/moncia/ADNI/bids_adni_go2/sub-127S4765/ses-m12/anat/sub-127S4765_ses-m12_acq-3Taccel_T1w.nii.gz,2,MCI,bids_adni_go2
127_S_4765,m24,2014-06-01,/project/rrg-mchakrav-ab/moncia/ADNI/bids_adni_go2/sub-127S4765/ses-m24/anat/sub-127S4765_ses-m24_acq-3Taccel_T1w.nii.gz,2,MCI,bids_adni_go2
127_S_4765,m48,2016-06-01,/project/rrg-mchakrav-ab/moncia/ADNI/bids_adni_go2/sub-127S4765/ses-m48/anat/sub-127S4765_ses-m48_acq-3Taccel_T1w.nii.gz,3,Dementia,bids_adni_go2
127_S_4765,m60,2017-06-01,/project/rrg-mchakrav-ab/moncia/ADNI/bids_adni3/sub-127S4765/ses-m60/anat/sub-127S4765_ses-m60_acq-3T_T1w.nii.gz,3,Dementia,bids_adni3
127_S_4844,m03,2012-10-08,/project/rrg-mchakrav-ab/moncia/ADNI/bids_adni_go2/sub-127S4844/ses-m03/anat/sub-127S4844_ses-m03_acq-3Taccel_T1w.nii.gz,2,MCI,bids_adni_go2
127_S_4844,m12,2013-07-09,/project/rrg-mchakrav-ab/moncia/ADNI/bids_adni_go2/sub-127S4844/ses-m12/anat/sub-127S4844_ses-m12_acq-3Taccel_T1w.nii.gz,2,MCI,bids_adni_go2
127_S_4844,m24,2014-07-09,/project/rrg-mchakrav-ab/moncia/ADNI/bids_adni_go2/sub-127S4844/ses-m24/anat/sub-127S4844_ses-m24_acq-3Taccel_T1w.nii.gz,2,MCI,bids_adni_go2
127_S_4928,m03,2012-11-29,/project/rrg-mchakrav-ab/moncia/ADNI/bids_adni_go2/sub-127S4928/ses-m03/anat/sub-127S4928_ses-m03_acq-3Taccel_T1w.nii.gz,2,MCI,bids_adni_go2
127_S_4928,m06,2013-02-28,/project/rrg-mchakrav-ab/moncia/ADNI/bids_adni_go2/sub-127S4928/ses-m06/anat/sub-127S4928_ses-m06_acq-3Taccel_T1w.nii.gz,3,Dementia,bids_adni_go2
127_S_4928,m12,2013-08-30,/project/rrg-mchakrav-ab/moncia/ADNI/bids_adni_go2/sub-127S4928/ses-m12/anat/sub-127S4928_ses-m12_acq-3Taccel_T1w.nii.gz,3,Dementia,bids_adni_go2
127_S_4928,m24,2014-08-30,/project/rrg-mchakrav-ab/moncia/ADNI/bids_adni_go2/sub-127S4928/ses-m24/anat/sub-127S4928_ses-m24_acq-3Taccel_T1w.nii.gz,3,Dementia,bids_adni_go2
127_S_4928,m48,2016-08-30,/project/rrg-mchakrav-ab/moncia/ADNI/bids_adni_go2/sub-127S4928/ses-m48/anat/sub-127S4928_ses-m48_acq-3Taccel_T1w.nii.gz,3,Dementia,bids_adni_go2
127_S_4928,m60,2017-08-30,/project/rrg-mchakrav-ab/moncia/ADNI/bids_adni3/sub-127S4928/ses-m60/anat/sub-127S4928_ses-m60_acq-3T_T1w.nii.gz,3,Dementia,bids_adni3
127_S_6241,sc,2018-05-30,/project/rrg-mchakrav-ab/moncia/ADNI/bids_adni3/sub-127S6241/ses-sc/anat/sub-127S6241_ses-sc_acq-3T_T1w.nii.gz,2,MCI,bids_adni3
127_S_6241,m12,2019-05-30,/project/rrg-mchakrav-ab/moncia/ADNI/bids_adni3/sub-127S6241/ses-m12/anat/sub-127S6241_ses-m12_acq-3T_T1w.nii.gz,2,MCI,bids_adni3
127_S_6241,m24,2020-05-29,/project/rrg-mchakrav-ab/moncia/ADNI/bids_adni3/sub-127S6241/ses-m24/anat/sub-127S6241_ses-m24_acq-3T_T1w.nii.gz,3,Dementia,bids_adni3
127_S_6241,m36,2021-05-29,/project/rrg-mchakrav-ab/moncia/ADNI/bids_adni3/sub-127S6241/ses-m36/anat/sub-127S6241_ses-m36_acq-3T_T1w.nii.gz,3,Dementia,bids_adni3
127_S_6241,m48,2022-05-30,/project/rrg-mchakrav-ab/moncia/ADNI/bids_adni3/sub-127S6241/ses-m48/anat/sub-127S6241_ses-m48_acq-3T_T1w.nii.gz,3,Dementia,bids_adni3
127_S_6241,m60,2023-05-30,/project/rrg-mchakrav-ab/moncia/ADNI/bids_adni3/sub-127S6241/ses-m60/anat/sub-127S6241_ses-m60_acq-3T_T1w.nii.gz,3,Dementia,bids_adni3
127_S_6241,m72,2024-05-29,/project/rrg-mchakrav-ab/moncia/ADNI/bids_adni4_qc/sub-127S6241/ses-m72/anat/sub-127S6241_ses-m72_acq-3Taccel_T1w.nii.gz,3,Dementia,bids_adni4_qc
127_S_6512,sc,2018-08-28,/project/rrg-mchakrav-ab/moncia/ADNI/bids_adni3/sub-127S6512/ses-sc/anat/sub-127S6512_ses-sc_acq-3T_T1w.nii.gz,2,MCI,bids_adni3
127_S_6512,m12,2019-08-28,/project/rrg-mchakrav-ab/moncia/ADNI/bids_adni3/sub-127S6512/ses-m12/anat/sub-127S6512_ses-m12_acq-3T_T1w.nii.gz,2,MCI,bids_adni3
127_S_6512,m24,2020-08-27,/project/rrg-mchakrav-ab/moncia/ADNI/bids_adni3/sub-127S6512/ses-m24/anat/sub-127S6512_ses-m24_acq-3T_T1w.nii.gz,2,MCI,bids_adni3
127_S_6512,m36,2021-08-27,/project/rrg-mchakrav-ab/moncia/ADNI/bids_adni3/sub-127S6512/ses-m36/anat/sub-127S6512_ses-m36_acq-3T_T1w.nii.gz,2,MCI,bids_adni3
127_S_6512,m48,2022-08-28,/project/rrg-mchakrav-ab/moncia/ADNI/bids_adni3/sub-127S6512/ses-m48/anat/sub-127S6512_ses-m48_acq-3T_T1w.nii.gz,2,MCI,bids_adni3
127_S_6512,m78,2025-02-26,/project/rrg-mchakrav-ab/moncia/ADNI/bids_adni4_qc/sub-127S6512/ses-m78/anat/sub-127S6512_ses-m78_acq-3Tultrafast_T1w.nii.gz,2,MCI,bids_adni4_qc
127_S_6512,m90,2026-02-26,/project/rrg-mchakrav-ab/moncia/ADNI/bids_adni4_qc/sub-127S6512/ses-m90/anat/sub-127S6512_ses-m90_acq-3Tultrafast_T1w.nii.gz,2,MCI,bids_adni4_qc
128_S_0135,sc,2006-02-17,/project/rrg-mchakrav-ab/moncia/ADNI/bids_adni1/sub-128S0135/ses-sc/anat/sub-128S0135_ses-sc_acq-15T_T1w.nii.gz,2,MCI,bids_adni1
128_S_0135,m06,2006-08-18,/project/rrg-mchakrav-ab/moncia/ADNI/bids_adni1/sub-128S0135/ses-m06/anat/sub-128S0135_ses-m06_acq-15T_T1w.nii.gz,2,MCI,bids_adni1
128_S_0135,m12,2007-02-17,/project/rrg-mchakrav-ab/moncia/ADNI/bids_adni1/sub-128S0135/ses-m12/anat/sub-128S0135_ses-m12_acq-15T_T1w.nii.gz,2,MCI,bids_adni1
128_S_0135,m18,2007-08-18,/project/rrg-mchakrav-ab/moncia/ADNI/bids_adni1/sub-128S0135/ses-m18/anat/sub-128S0135_ses-m18_acq-15T_T1w.nii.gz,2,MCI,bids_adni1
128_S_0138,sc,2006-02-21,/project/rrg-mchakrav-ab/moncia/ADNI/bids_adni1/sub-128S0138/ses-sc/anat/sub-128S0138_ses-sc_acq-15T_T1w.nii.gz,2,MCI,bids_adni1
128_S_0138,m06,2006-08-22,/project/rrg-mchakrav-ab/moncia/ADNI/bids_adni1/sub-128S0138/ses-m06/anat/sub-128S0138_ses-m06_acq-15T_T1w.nii.gz,2,MCI,bids_adni1
128_S_0138,m12,2007-02-21,/project/rrg-mchakrav-ab/moncia/ADNI/bids_adni1/sub-128S0138/ses-m12/anat/sub-128S0138_ses-m12_acq-15T_T1w.nii.gz,2,MCI,bids_adni1
128_S_0188,sc,2006-02-22,/project/rrg-mchakrav-ab/moncia/ADNI/bids_adni1/sub-128S0188/ses-sc/anat/sub-128S0188_ses-sc_acq-15T_T1w.nii.gz,2,MCI,bids_adni1
128_S_0188,m06,2006-08-23,/project/rrg-mchakrav-ab/moncia/ADNI/bids_adni1/sub-128S0188/ses-m06/anat/sub-128S0188_ses-m06_acq-15T_T1w.nii.gz,2,MCI,bids_adni1
128_S_0188,m12,2007-02-22,/project/rrg-mchakrav-ab/moncia/ADNI/bids_adni1/sub-128S0188/ses-m12/anat/sub-128S0188_ses-m12_acq-15T_T1w.nii.gz,2,MCI,bids_adni1
128_S_0188,m18,2007-08-23,/project/rrg-mchakrav-ab/moncia/ADNI/bids_adni1/sub-128S0188/ses-m18/anat/sub-128S0188_ses-m18_acq-15T_T1w.nii.gz,1,CN,bids_adni1
128_S_0188,m36,2009-02-21,/project/rrg-mchakrav-ab/moncia/ADNI/bids_adni1/sub-128S0188/ses-m36/anat/sub-128S0188_ses-m36_acq-15T_T1w.nii.gz,2,MCI,bids_adni1
128_S_0200,sc,2006-03-07,/project/rrg-mchakrav-ab/moncia/ADNI/bids_adni1/sub-128S0200/ses-sc/anat/sub-128S0200_ses-sc_acq-15T_T1w.nii.gz,2,MCI,bids_adni1
128_S_0200,m06,2006-09-05,/project/rrg-mchakrav-ab/moncia/ADNI/bids_adni1/sub-128S0200/ses-m06/anat/sub-128S0200_ses-m06_acq-15T_T1w.nii.gz,2,MCI,bids_adni1
128_S_0200,m12,2007-03-07,/project/rrg-mchakrav-ab/moncia/ADNI/bids_adni1/sub-128S0200/ses-m12/anat/sub-128S0200_ses-m12_acq-15T_T1w.nii.gz,2,MCI,bids_adni1
128_S_0200,m18,2007-09-05,/project/rrg-mchakrav-ab/moncia/ADNI/bids_adni1/sub-128S0200/ses-m18/anat/sub-128S0200_ses-m18_acq-15T_T1w.nii.gz,2,MCI,bids_adni1
128_S_0200,m150,2018-09-06,/project/rrg-mchakrav-ab/moncia/ADNI/bids_adni3/sub-128S0200/ses-m150/anat/sub-128S0200_ses-m150_acq-3T_T1w.nii.gz,2,MCI,bids_adni3
128_S_0200,m222,2024-09-05,/project/rrg-mchakrav-ab/moncia/ADNI/bids_adni4_qc/sub-128S0200/ses-m222/anat/sub-128S0200_ses-m222_acq-3Taccel_T1w.nii.gz,2,MCI,bids_adni4_qc
128_S_0200,m234,2025-09-05,/project/rrg-mchakrav-ab/moncia/ADNI/bids_adni4_qc/sub-128S0200/ses-m234/anat/sub-128S0200_ses-m234_acq-3Taccel_T1w.nii.gz,2,MCI,bids_adni4_qc
128_S_0205,sc,2006-02-28,/project/rrg-mchakrav-ab/moncia/ADNI/bids_adni1/sub-128S0205/ses-sc/anat/sub-128S0205_ses-sc_acq-15T_T1w.nii.gz,2,MCI,bids_adni1
128_S_0205,m06,2006-08-29,/project/rrg-mchakrav-ab/moncia/ADNI/bids_adni1/sub-128S0205/ses-m06/anat/sub-128S0205_ses-m06_acq-15T_T1w.nii.gz,1,CN,bids_adni1
128_S_0205,m12,2007-02-28,/project/rrg-mchakrav-ab/moncia/ADNI/bids_adni1/sub-128S0205/ses-m12/anat/sub-128S0205_ses-m12_acq-15T_T1w.nii.gz,1,CN,bids_adni1
128_S_0205,m18,2007-08-29,/project/rrg-mchakrav-ab/moncia/ADNI/bids_adni1/sub-128S0205/ses-m18/anat/sub-128S0205_ses-m18_acq-15T_T1w.nii.gz,1,CN,bids_adni1
128_S_0205,m36,2009-02-27,/project/rrg-mchakrav-ab/moncia/ADNI/bids_adni1/sub-128S0205/ses-m36/anat/sub-128S0205_ses-m36_acq-15T_T1w.nii.gz,1,CN,bids_adni1
128_S_0205,m150,2018-08-30,/project/rrg-mchakrav-ab/moncia/ADNI/bids_adni3/sub-128S0205/ses-m150/anat/sub-128S0205_ses-m150_acq-3T_T1w.nii.gz,1,CN,bids_adni3
128_S_0205,m198,2022-08-30,/project/rrg-mchakrav-ab/moncia/ADNI/bids_adni3/sub-128S0205/ses-m198/anat/sub-128S0205_ses-m198_acq-3T_T1w.nii.gz,1,CN,bids_adni3
128_S_0225,sc,2006-03-08,/project/rrg-mchakrav-ab/moncia/ADNI/bids_adni1/sub-128S0225/ses-sc/anat/sub-128S0225_ses-sc_acq-15T_T1w.nii.gz,2,MCI,bids_adni1
128_S_0225,m06,2006-09-06,/project/rrg-mchakrav-ab/moncia/ADNI/bids_adni1/sub-128S0225/ses-m06/anat/sub-128S0225_ses-m06_acq-15T_T1w.nii.gz,2,MCI,bids_adni1
128_S_0225,m12,2007-03-08,/project/rrg-mchakrav-ab/moncia/ADNI/bids_adni1/sub-128S0225/ses-m12/anat/sub-128S0225_ses-m12_acq-15T_T1w.nii.gz,2,MCI,bids_adni1
128_S_0225,m18,2007-09-06,/project/rrg-mchakrav-ab/moncia/ADNI/bids_adni1/sub-128S0225/ses-m18/anat/sub-128S0225_ses-m18_acq-15T_T1w.nii.gz,2,MCI,bids_adni1
128_S_0225,m24,2008-03-07,/project/rrg-mchakrav-ab/moncia/ADNI/bids_adni1/sub-128S0225/ses-m24/anat/sub-128S0225_ses-m24_acq-15T_T1w.nii.gz,2,MCI,bids_adni1
128_S_0227,sc,2006-04-13,/project/rrg-mchakrav-ab/moncia/ADNI/bids_adni1/sub-128S0227/ses-sc/anat/sub-128S0227_ses-sc_acq-15T_T1w.nii.gz,2,MCI,bids_adni1
128_S_0227,m06,2006-10-12,/project/rrg-mchakrav-ab/moncia/ADNI/bids_adni1/sub-128S0227/ses-m06/anat/sub-128S0227_ses-m06_acq-15T_T1w.nii.gz,2,MCI,bids_adni1
128_S_0227,m12,2007-04-13,/project/rrg-mchakrav-ab/moncia/ADNI/bids_adni1/sub-128S0227/ses-m12/anat/sub-128S0227_ses-m12_acq-15T_T1w.nii.gz,2,MCI,bids_adni1
128_S_0227,m18,2007-10-12,/project/rrg-mchakrav-ab/moncia/ADNI/bids_adni1/sub-128S0227/ses-m18/anat/sub-128S0227_ses-m18_acq-15T_T1w.nii.gz,2,MCI,bids_adni1
128_S_0227,m24,2008-04-12,/project/rrg-mchakrav-ab/moncia/ADNI/bids_adni1/sub-128S0227/ses-m24/anat/sub-128S0227_ses-m24_acq-15T_T1w.nii.gz,2,MCI,bids_adni1
128_S_0258,m06,2006-10-31,/project/rrg-mchakrav-ab/moncia/ADNI/bids_adni1/sub-128S0258/ses-m06/anat/sub-128S0258_ses-m06_acq-15T_T1w.nii.gz,2,MCI,bids_adni1
128_S_0258,m12,2007-05-02,/project/rrg-mchakrav-ab/moncia/ADNI/bids_adni1/sub-128S0258/ses-m12/anat/sub-128S0258_ses-m12_acq-15T_T1w.nii.gz,2,MCI,bids_adni1
128_S_0258,m18,2007-10-31,/project/rrg-mchakrav-ab/moncia/ADNI/bids_adni1/sub-128S0258/ses-m18/anat/sub-128S0258_ses-m18_acq-15T_T1w.nii.gz,2,MCI,bids_adni1
128_S_0258,m24,2008-05-01,/project/rrg-mchakrav-ab/moncia/ADNI/bids_adni1/sub-128S0258/ses-m24/anat/sub-128S0258_ses-m24_acq-15T_T1w.nii.gz,3,Dementia,bids_adni1
128_S_0608,sc,2006-06-15,/project/rrg-mchakrav-ab/moncia/ADNI/bids_adni1/sub-128S0608/ses-sc/anat/sub-128S0608_ses-sc_acq-15T_T1w.nii.gz,2,MCI,bids_adni1
128_S_0608,m06,2006-12-14,/project/rrg-mchakrav-ab/moncia/ADNI/bids_adni1/sub-128S0608/ses-m06/anat/sub-128S0608_ses-m06_acq-15T_T1w.nii.gz,2,MCI,bids_adni1
128_S_0608,m24,2008-06-14,/project/rrg-mchakrav-ab/moncia/ADNI/bids_adni1/sub-128S0608/ses-m24/anat/sub-128S0608_ses-m24_acq-15T_T1w.nii.gz,2,MCI,bids_adni1
128_S_0608,m36,2009-06-14,/project/rrg-mchakrav-ab/moncia/ADNI/bids_adni1/sub-128S0608/ses-m36/anat/sub-128S0608_ses-m36_acq-15T_T1w.nii.gz,2,MCI,bids_adni1
128_S_0611,sc,2006-06-21,/project/rrg-mchakrav-ab/moncia/ADNI/bids_adni1/sub-128S0611/ses-sc/anat/sub-128S0611_ses-sc_acq-15T_T1w.nii.gz,2,MCI,bids_adni1
128_S_0611,m06,2006-12-20,/project/rrg-mchakrav-ab/moncia/ADNI/bids_adni1/sub-128S0611/ses-m06/anat/sub-128S0611_ses-m06_acq-15T_T1w.nii.gz,2,MCI,bids_adni1
128_S_0611,m12,2007-06-21,/project/rrg-mchakrav-ab/moncia/ADNI/bids_adni1/sub-128S0611/ses-m12/anat/sub-128S0611_ses-m12_acq-15T_T1w.nii.gz,2,MCI,bids_adni1
128_S_0611,m18,2007-12-20,/project/rrg-mchakrav-ab/moncia/ADNI/bids_adni1/sub-128S0611/ses-m18/anat/sub-128S0611_ses-m18_acq-15T_T1w.nii.gz,2,MCI,bids_adni1
128_S_0715,sc,2006-07-26,/project/rrg-mchakrav-ab/moncia/ADNI/bids_adni1/sub-128S0715/ses-sc/anat/sub-128S0715_ses-sc_acq-15T_T1w.nii.gz,2,MCI,bids_adni1
128_S_0715,m06,2007-01-24,/project/rrg-mchakrav-ab/moncia/ADNI/bids_adni1/sub-128S0715/ses-m06/anat/sub-128S0715_ses-m06_acq-15T_T1w.nii.gz,2,MCI,bids_adni1
128_S_0715,m12,2007-07-26,/project/rrg-mchakrav-ab/moncia/ADNI/bids_adni1/sub-128S0715/ses-m12/anat/sub-128S0715_ses-m12_acq-15T_T1w.nii.gz,2,MCI,bids_adni1
128_S_0770,m06,2007-02-12,/project/rrg-mchakrav-ab/moncia/ADNI/bids_adni1/sub-128S0770/ses-m06/anat/sub-128S0770_ses-m06_acq-15T_T1w.nii.gz,2,MCI,bids_adni1
128_S_0770,m12,2007-08-14,/project/rrg-mchakrav-ab/moncia/ADNI/bids_adni1/sub-128S0770/ses-m12/anat/sub-128S0770_ses-m12_acq-15T_T1w.nii.gz,2,MCI,bids_adni1
128_S_0770,m18,2008-02-12,/project/rrg-mchakrav-ab/moncia/ADNI/bids_adni1/sub-128S0770/ses-m18/anat/sub-128S0770_ses-m18_acq-15T_T1w.nii.gz,2,MCI,bids_adni1
128_S_0947,sc,2006-10-27,/project/rrg-mchakrav-ab/moncia/ADNI/bids_adni1/sub-128S0947/ses-sc/anat/sub-128S0947_ses-sc_acq-15T_T1w.nii.gz,2,MCI,bids_adni1
128_S_0947,m06,2007-04-27,/project/rrg-mchakrav-ab/moncia/ADNI/bids_adni1/sub-128S0947/ses-m06/anat/sub-128S0947_ses-m06_acq-15T_T1w.nii.gz,2,MCI,bids_adni1
128_S_0947,m18,2008-04-26,/project/rrg-mchakrav-ab/moncia/ADNI/bids_adni1/sub-128S0947/ses-m18/anat/sub-128S0947_ses-m18_acq-15T_T1w.nii.gz,3,Dementia,bids_adni1
128_S_1043,sc,2006-12-14,/project/rrg-mchakrav-ab/moncia/ADNI/bids_adni1/sub-128S1043/ses-sc/anat/sub-128S1043_ses-sc_acq-15T_T1w.nii.gz,2,MCI,bids_adni1
128_S_1043,m06,2007-06-14,/project/rrg-mchakrav-ab/moncia/ADNI/bids_adni1/sub-128S1043/ses-m06/anat/sub-128S1043_ses-m06_acq-15T_T1w.nii.gz,2,MCI,bids_adni1
128_S_1043,m18,2008-06-13,/project/rrg-mchakrav-ab/moncia/ADNI/bids_adni1/sub-128S1043/ses-m18/anat/sub-128S1043_ses-m18_acq-15T_T1w.nii.gz,2,MCI,bids_adni1
128_S_1088,bl,2007-01-05,/project/rrg-mchakrav-ab/moncia/ADNI/bids_adni1/sub-128S1088/ses-bl/anat/sub-128S1088_ses-bl_acq-3T_T1w.nii.gz,2,MCI,bids_adni1
128_S_1088,sc,2007-01-05,/project/rrg-mchakrav-ab/moncia/ADNI/bids_adni1/sub-128S1088/ses-sc/anat/sub-128S1088_ses-sc_acq-15T_T1w.nii.gz,2,MCI,bids_adni1
128_S_1088,m06,2007-07-06,/project/rrg-mchakrav-ab/moncia/ADNI/bids_adni1/sub-128S1088/ses-m06/anat/sub-128S1088_ses-m06_acq-15T_T1w.nii.gz,2,MCI,bids_adni1
128_S_1088,m12,2008-01-05,/project/rrg-mchakrav-ab/moncia/ADNI/bids_adni1/sub-128S1088/ses-m12/anat/sub-128S1088_ses-m12_acq-15T_T1w.nii.gz,2,MCI,bids_adni1
128_S_1088,m36,2010-01-04,/project/rrg-mchakrav-ab/moncia/ADNI/bids_adni1/sub-128S1088/ses-m36/anat/sub-128S1088_ses-m36_acq-15T_T1w.nii.gz,2,MCI,bids_adni1
128_S_1148,bl,2007-01-17,/project/rrg-mchakrav-ab/moncia/ADNI/bids_adni1/sub-128S1148/ses-bl/anat/sub-128S1148_ses-bl_acq-3T_T1w.nii.gz,2,MCI,bids_adni1
128_S_1148,sc,2007-01-17,/project/rrg-mchakrav-ab/moncia/ADNI/bids_adni1/sub-128S1148/ses-sc/anat/sub-128S1148_ses-sc_acq-15T_T1w.nii.gz,2,MCI,bids_adni1
128_S_1148,m06,2007-07-18,/project/rrg-mchakrav-ab/moncia/ADNI/bids_adni1/sub-128S1148/ses-m06/anat/sub-128S1148_ses-m06_acq-15T_T1w.nii.gz,2,MCI,bids_adni1
128_S_1148,m24,2009-01-16,/project/rrg-mchakrav-ab/moncia/ADNI/bids_adni1/sub-128S1148/ses-m24/anat/sub-128S1148_ses-m24_acq-15T_T1w.nii.gz,3,Dementia,bids_adni1
128_S_1406,sc,2007-06-22,/project/rrg-mchakrav-ab/moncia/ADNI/bids_adni1/sub-128S1406/ses-sc/anat/sub-128S1406_ses-sc_acq-15T_T1w.nii.gz,2,MCI,bids_adni1
128_S_1406,m12,2008-06-21,/project/rrg-mchakrav-ab/moncia/ADNI/bids_adni1/sub-128S1406/ses-m12/anat/sub-128S1406_ses-m12_acq-15T_T1w.nii.gz,2,MCI,bids_adni1
128_S_1406,m36,2010-06-21,/project/rrg-mchakrav-ab/moncia/ADNI/bids_adni1/sub-128S1406/ses-m36/anat/sub-128S1406_ses-m36_acq-15T_T1w.nii.gz,2,MCI,bids_adni1
128_S_2002,m03,2010-09-15,/project/rrg-mchakrav-ab/moncia/ADNI/bids_adni_go2/sub-128S2002/ses-m03/anat/sub-128S2002_ses-m03_acq-3Taccel_T1w.nii.gz,2,MCI,bids_adni_go2
128_S_2002,m06,2010-12-15,/project/rrg-mchakrav-ab/moncia/ADNI/bids_adni_go2/sub-128S2002/ses-m06/anat/sub-128S2002_ses-m06_acq-3Taccel_T1w.nii.gz,2,MCI,bids_adni_go2
128_S_2002,m12,2011-06-16,/project/rrg-mchakrav-ab/moncia/ADNI/bids_adni_go2/sub-128S2002/ses-m12/anat/sub-128S2002_ses-m12_acq-3Taccel_T1w.nii.gz,2,MCI,bids_adni_go2
128_S_2002,m24,2012-06-15,/project/rrg-mchakrav-ab/moncia/ADNI/bids_adni_go2/sub-128S2002/ses-m24/anat/sub-128S2002_ses-m24_acq-3Taccel_T1w.nii.gz,2,MCI,bids_adni_go2
128_S_2002,m36,2013-06-15,/project/rrg-mchakrav-ab/moncia/ADNI/bids_adni_go2/sub-128S2002/ses-m36/anat/sub-128S2002_ses-m36_acq-3Taccel_T1w.nii.gz,2,MCI,bids_adni_go2
128_S_2002,m48,2014-06-16,/project/rrg-mchakrav-ab/moncia/ADNI/bids_adni_go2/sub-128S2002/ses-m48/anat/sub-128S2002_ses-m48_acq-3Taccel_T1w.nii.gz,2,MCI,bids_adni_go2
128_S_2002,m72,2016-06-15,/project/rrg-mchakrav-ab/moncia/ADNI/bids_adni_go2/sub-128S2002/ses-m72/anat/sub-128S2002_ses-m72_acq-3Taccel_T1w.nii.gz,2,MCI,bids_adni_go2
128_S_2002,m96,2018-06-16,/project/rrg-mchakrav-ab/moncia/ADNI/bids_adni3/sub-128S2002/ses-m96/anat/sub-128S2002_ses-m96_acq-3T_T1w.nii.gz,1,CN,bids_adni3
128_S_2002,m108,2019-06-16,/project/rrg-mchakrav-ab/moncia/ADNI/bids_adni3/sub-128S2002/ses-m108/anat/sub-128S2002_ses-m108_acq-3T_T1w.nii.gz,1,CN,bids_adni3
128_S_2002,m132,2021-06-16,/project/rrg-mchakrav-ab/moncia/ADNI/bids_adni3/sub-128S2002/ses-m132/anat/sub-128S2002_ses-m132_acq-3T_T1w.nii.gz,1,CN,bids_adni3
128_S_2036,m03,2010-12-30,/project/rrg-mchakrav-ab/moncia/ADNI/bids_adni_go2/sub-128S2036/ses-m03/anat/sub-128S2036_ses-m03_acq-3Tunaccel_T1w.nii.gz,2,MCI,bids_adni_go2
128_S_2036,m06,2011-03-31,/project/rrg-mchakrav-ab/moncia/ADNI/bids_adni_go2/sub-128S2036/ses-m06/anat/sub-128S2036_ses-m06_acq-3Taccel_T1w.nii.gz,2,MCI,bids_adni_go2
128_S_2036,m12,2011-09-30,/project/rrg-mchakrav-ab/moncia/ADNI/bids_adni_go2/sub-128S2036/ses-m12/anat/sub-128S2036_ses-m12_acq-3Taccel_T1w.nii.gz,2,MCI,bids_adni_go2
128_S_2036,m24,2012-09-29,/project/rrg-mchakrav-ab/moncia/ADNI/bids_adni_go2/sub-128S2036/ses-m24/anat/sub-128S2036_ses-m24_acq-3Taccel_T1w.nii.gz,2,MCI,bids_adni_go2
128_S_2036,m36,2013-09-29,/project/rrg-mchakrav-ab/moncia/ADNI/bids_adni_go2/sub-128S2036/ses-m36/anat/sub-128S2036_ses-m36_acq-3Taccel_T1w.nii.gz,2,MCI,bids_adni_go2
128_S_2036,m48,2014-09-30,/project/rrg-mchakrav-ab/moncia/ADNI/bids_adni_go2/sub-128S2036/ses-m48/anat/sub-128S2036_ses-m48_acq-3Taccel_T1w.nii.gz,2,MCI,bids_adni_go2
128_S_2036,m108,2019-09-30,/project/rrg-mchakrav-ab/moncia/ADNI/bids_adni3/sub-128S2036/ses-m108/anat/sub-128S2036_ses-m108_acq-3T_T1w.nii.gz,2,MCI,bids_adni3
128_S_2045,m03,2011-01-14,/project/rrg-mchakrav-ab/moncia/ADNI/bids_adni_go2/sub-128S2045/ses-m03/anat/sub-128S2045_ses-m03_acq-3Taccel_T1w.nii.gz,2,MCI,bids_adni_go2
128_S_2045,m06,2011-04-15,/project/rrg-mchakrav-ab/moncia/ADNI/bids_adni_go2/sub-128S2045/ses-m06/anat/sub-128S2045_ses-m06_acq-3Taccel_T1w.nii.gz,2,MCI,bids_adni_go2
128_S_2045,m12,2011-10-15,/project/rrg-mchakrav-ab/moncia/ADNI/bids_adni_go2/sub-128S2045/ses-m12/anat/sub-128S2045_ses-m12_acq-3Taccel_T1w.nii.gz,2,MCI,bids_adni_go2
128_S_2045,m24,2012-10-14,/project/rrg-mchakrav-ab/moncia/ADNI/bids_adni_go2/sub-128S2045/ses-m24/anat/sub-128S2045_ses-m24_acq-3Taccel_T1w.nii.gz,2,MCI,bids_adni_go2
128_S_2045,m36,2013-10-14,/project/rrg-mchakrav-ab/moncia/ADNI/bids_adni_go2/sub-128S2045/ses-m36/anat/sub-128S2045_ses-m36_acq-3Taccel_T1w.nii.gz,2,MCI,bids_adni_go2
128_S_2045,m48,2014-10-15,/project/rrg-mchakrav-ab/moncia/ADNI/bids_adni_go2/sub-128S2045/ses-m48/anat/sub-128S2045_ses-m48_acq-3Taccel_T1w.nii.gz,2,MCI,bids_adni_go2
128_S_2123,m06,2011-05-10,/project/rrg-mchakrav-ab/moncia/ADNI/bids_adni_go2/sub-128S2123/ses-m06/anat/sub-128S2123_ses-m06_acq-3Taccel_T1w.nii.gz,2,MCI,bids_adni_go2
128_S_2123,m12,2011-11-09,/project/rrg-mchakrav-ab/moncia/ADNI/bids_adni_go2/sub-128S2123/ses-m12/anat/sub-128S2123_ses-m12_acq-3Taccel_T1w.nii.gz,1,CN,bids_adni_go2
128_S_2123,m24,2012-11-08,/project/rrg-mchakrav-ab/moncia/ADNI/bids_adni_go2/sub-128S2123/ses-m24/anat/sub-128S2123_ses-m24_acq-3Taccel_T1w.nii.gz,2,MCI,bids_adni_go2
128_S_2123,m36,2013-11-08,/project/rrg-mchakrav-ab/moncia/ADNI/bids_adni_go2/sub-128S2123/ses-m36/anat/sub-128S2123_ses-m36_acq-3Taccel_T1w.nii.gz,2,MCI,bids_adni_go2
128_S_2123,m48,2014-11-09,/project/rrg-mchakrav-ab/moncia/ADNI/bids_adni_go2/sub-128S2123/ses-m48/anat/sub-128S2123_ses-m48_acq-3Taccel_T1w.nii.gz,2,MCI,bids_adni_go2
128_S_2123,m90,2018-05-10,/project/rrg-mchakrav-ab/moncia/ADNI/bids_adni3/sub-128S2123/ses-m90/anat/sub-128S2123_ses-m90_acq-3T_T1w.nii.gz,2,MCI,bids_adni3
128_S_2123,m108,2019-11-09,/project/rrg-mchakrav-ab/moncia/ADNI/bids_adni3/sub-128S2123/ses-m108/anat/sub-128S2123_ses-m108_acq-3T_T1w.nii.gz,2,MCI,bids_adni3
128_S_2123,m132,2021-11-09,/project/rrg-mchakrav-ab/moncia/ADNI/bids_adni3/sub-128S2123/ses-m132/anat/sub-128S2123_ses-m132_acq-3T_T1w.nii.gz,2,MCI,bids_adni3
128_S_2130,m12,2012-01-19,/project/rrg-mchakrav-ab/moncia/ADNI/bids_adni_go2/sub-128S2130/ses-m12/anat/sub-128S2130_ses-m12_acq-3Taccel_T1w.nii.gz,2,MCI,bids_adni_go2
128_S_2130,m24,2013-01-18,/project/rrg-mchakrav-ab/moncia/ADNI/bids_adni_go2/sub-128S2130/ses-m24/anat/sub-128S2130_ses-m24_acq-3Taccel_T1w.nii.gz,2,MCI,bids_adni_go2
128_S_2130,m36,2014-01-18,/project/rrg-mchakrav-ab/moncia/ADNI/bids_adni_go2/sub-128S2130/ses-m36/anat/sub-128S2130_ses-m36_acq-3Taccel_T1w.nii.gz,2,MCI,bids_adni_go2
128_S_2130,m48,2015-01-19,/project/rrg-mchakrav-ab/moncia/ADNI/bids_adni_go2/sub-128S2130/ses-m48/anat/sub-128S2130_ses-m48_acq-3Taccel_T1w.nii.gz,3,Dementia,bids_adni_go2
128_S_2130,m90,2018-07-20,/project/rrg-mchakrav-ab/moncia/ADNI/bids_adni3/sub-128S2130/ses-m90/anat/sub-128S2130_ses-m90_acq-3T_T1w.nii.gz,2,MCI,bids_adni3
128_S_2130,m126,2021-07-20,/project/rrg-mchakrav-ab/moncia/ADNI/bids_adni3/sub-128S2130/ses-m126/anat/sub-128S2130_ses-m126_acq-3T_T1w.nii.gz,3,Dementia,bids_adni3
128_S_2151,m03,2011-04-21,/project/rrg-mchakrav-ab/moncia/ADNI/bids_adni_go2/sub-128S2151/ses-m03/anat/sub-128S2151_ses-m03_acq-3Taccel_T1w.nii.gz,2,MCI,bids_adni_go2
128_S_2151,m12,2012-01-20,/project/rrg-mchakrav-ab/moncia/ADNI/bids_adni_go2/sub-128S2151/ses-m12/anat/sub-128S2151_ses-m12_acq-3Taccel_T1w.nii.gz,2,MCI,bids_adni_go2
128_S_2151,m24,2013-01-19,/project/rrg-mchakrav-ab/moncia/ADNI/bids_adni_go2/sub-128S2151/ses-m24/anat/sub-128S2151_ses-m24_acq-3Taccel_T1w.nii.gz,2,MCI,bids_adni_go2
128_S_2220,m03,2011-04-27,/project/rrg-mchakrav-ab/moncia/ADNI/bids_adni_go2/sub-128S2220/ses-m03/anat/sub-128S2220_ses-m03_acq-3Taccel_T1w.nii.gz,2,MCI,bids_adni_go2
128_S_2220,m12,2012-01-26,/project/rrg-mchakrav-ab/moncia/ADNI/bids_adni_go2/sub-128S2220/ses-m12/anat/sub-128S2220_ses-m12_acq-3Taccel_T1w.nii.gz,2,MCI,bids_adni_go2
128_S_2220,m24,2013-01-25,/project/rrg-mchakrav-ab/moncia/ADNI/bids_adni_go2/sub-128S2220/ses-m24/anat/sub-128S2220_ses-m24_acq-3Taccel_T1w.nii.gz,2,MCI,bids_adni_go2
128_S_2220,m36,2014-01-25,/project/rrg-mchakrav-ab/moncia/ADNI/bids_adni_go2/sub-128S2220/ses-m36/anat/sub-128S2220_ses-m36_acq-3Taccel_T1w.nii.gz,2,MCI,bids_adni_go2
128_S_2220,m48,2015-01-26,/project/rrg-mchakrav-ab/moncia/ADNI/bids_adni_go2/sub-128S2220/ses-m48/anat/sub-128S2220_ses-m48_acq-3Taccel_T1w.nii.gz,2,MCI,bids_adni_go2
128_S_2220,m90,2018-07-27,/project/rrg-mchakrav-ab/moncia/ADNI/bids_adni3/sub-128S2220/ses-m90/anat/sub-128S2220_ses-m90_acq-3T_T1w.nii.gz,2,MCI,bids_adni3
128_S_2220,m102,2019-07-27,/project/rrg-mchakrav-ab/moncia/ADNI/bids_adni3/sub-128S2220/ses-m102/anat/sub-128S2220_ses-m102_acq-3T_T1w.nii.gz,2,MCI,bids_adni3
128_S_2220,m138,2022-07-27,/project/rrg-mchakrav-ab/moncia/ADNI/bids_adni3/sub-128S2220/ses-m138/anat/sub-128S2220_ses-m138_acq-3T_T1w.nii.gz,3,Dementia,bids_adni3
128_S_4553,m03,2012-05-17,/project/rrg-mchakrav-ab/moncia/ADNI/bids_adni_go2/sub-128S4553/ses-m03/anat/sub-128S4553_ses-m03_acq-3Taccel_T1w.nii.gz,2,MCI,bids_adni_go2
128_S_4553,m06,2012-08-16,/project/rrg-mchakrav-ab/moncia/ADNI/bids_adni_go2/sub-128S4553/ses-m06/anat/sub-128S4553_ses-m06_acq-3Taccel_T1w.nii.gz,2,MCI,bids_adni_go2
128_S_4553,m12,2013-02-15,/project/rrg-mchakrav-ab/moncia/ADNI/bids_adni_go2/sub-128S4553/ses-m12/anat/sub-128S4553_ses-m12_acq-3Taccel_T1w.nii.gz,2,MCI,bids_adni_go2
128_S_4553,m24,2014-02-15,/project/rrg-mchakrav-ab/moncia/ADNI/bids_adni_go2/sub-128S4553/ses-m24/anat/sub-128S4553_ses-m24_acq-3Taccel_T1w.nii.gz,2,MCI,bids_adni_go2
128_S_4571,m03,2012-05-24,/project/rrg-mchakrav-ab/moncia/ADNI/bids_adni_go2/sub-128S4571/ses-m03/anat/sub-128S4571_ses-m03_acq-3Taccel_T1w.nii.gz,2,MCI,bids_adni_go2
128_S_4571,m06,2012-08-23,/project/rrg-mchakrav-ab/moncia/ADNI/bids_adni_go2/sub-128S4571/ses-m06/anat/sub-128S4571_ses-m06_acq-3Taccel_T1w.nii.gz,2,MCI,bids_adni_go2
128_S_4571,m12,2013-02-22,/project/rrg-mchakrav-ab/moncia/ADNI/bids_adni_go2/sub-128S4571/ses-m12/anat/sub-128S4571_ses-m12_acq-3Taccel_T1w.nii.gz,2,MCI,bids_adni_go2
128_S_4571,m24,2014-02-22,/project/rrg-mchakrav-ab/moncia/ADNI/bids_adni_go2/sub-128S4571/ses-m24/anat/sub-128S4571_ses-m24_acq-3Taccel_T1w.nii.gz,2,MCI,bids_adni_go2
128_S_4636,m03,2012-06-20,/project/rrg-mchakrav-ab/moncia/ADNI/bids_adni_go2/sub-128S4636/ses-m03/anat/sub-128S4636_ses-m03_acq-3Taccel_T1w.nii.gz,2,MCI,bids_adni_go2
128_S_4636,m06,2012-09-19,/project/rrg-mchakrav-ab/moncia/ADNI/bids_adni_go2/sub-128S4636/ses-m06/anat/sub-128S4636_ses-m06_acq-3Taccel_T1w.nii.gz,2,MCI,bids_adni_go2
128_S_4636,m12,2013-03-21,/project/rrg-mchakrav-ab/moncia/ADNI/bids_adni_go2/sub-128S4636/ses-m12/anat/sub-128S4636_ses-m12_acq-3Taccel_T1w.nii.gz,2,MCI,bids_adni_go2
128_S_4636,m24,2014-03-21,/project/rrg-mchakrav-ab/moncia/ADNI/bids_adni_go2/sub-128S4636/ses-m24/anat/sub-128S4636_ses-m24_acq-3Taccel_T1w.nii.gz,2,MCI,bids_adni_go2
128_S_4636,m48,2016-03-21,/project/rrg-mchakrav-ab/moncia/ADNI/bids_adni_go2/sub-128S4636/ses-m48/anat/sub-128S4636_ses-m48_acq-3Taccel_T1w.nii.gz,2,MCI,bids_adni_go2
128_S_4653,m03,2012-06-28,/project/rrg-mchakrav-ab/moncia/ADNI/bids_adni_go2/sub-128S4653/ses-m03/anat/sub-128S4653_ses-m03_acq-3Taccel_T1w.nii.gz,2,MCI,bids_adni_go2
128_S_4653,m06,2012-09-27,/project/rrg-mchakrav-ab/moncia/ADNI/bids_adni_go2/sub-128S4653/ses-m06/anat/sub-128S4653_ses-m06_acq-3Taccel_T1w.nii.gz,2,MCI,bids_adni_go2
128_S_4653,m12,2013-03-29,/project/rrg-mchakrav-ab/moncia/ADNI/bids_adni_go2/sub-128S4653/ses-m12/anat/sub-128S4653_ses-m12_acq-3Taccel_T1w.nii.gz,2,MCI,bids_adni_go2
128_S_4653,m24,2014-03-29,/project/rrg-mchakrav-ab/moncia/ADNI/bids_adni_go2/sub-128S4653/ses-m24/anat/sub-128S4653_ses-m24_acq-3Taccel_T1w.nii.gz,2,MCI,bids_adni_go2
128_S_4671,m03,2012-07-10,/project/rrg-mchakrav-ab/moncia/ADNI/bids_adni_go2/sub-128S4671/ses-m03/anat/sub-128S4671_ses-m03_acq-3Taccel_T1w.nii.gz,2,MCI,bids_adni_go2
128_S_4671,m06,2012-10-09,/project/rrg-mchakrav-ab/moncia/ADNI/bids_adni_go2/sub-128S4671/ses-m06/anat/sub-128S4671_ses-m06_acq-3Taccel_T1w.nii.gz,2,MCI,bids_adni_go2
128_S_4671,m12,2013-04-10,/project/rrg-mchakrav-ab/moncia/ADNI/bids_adni_go2/sub-128S4671/ses-m12/anat/sub-128S4671_ses-m12_acq-3Taccel_T1w.nii.gz,2,MCI,bids_adni_go2
128_S_4742,m03,2012-08-15,/project/rrg-mchakrav-ab/moncia/ADNI/bids_adni_go2/sub-128S4742/ses-m03/anat/sub-128S4742_ses-m03_acq-3Taccel_T1w.nii.gz,2,MCI,bids_adni_go2
128_S_4742,m06,2012-11-14,/project/rrg-mchakrav-ab/moncia/ADNI/bids_adni_go2/sub-128S4742/ses-m06/anat/sub-128S4742_ses-m06_acq-3Taccel_T1w.nii.gz,2,MCI,bids_adni_go2
128_S_4742,m12,2013-05-16,/project/rrg-mchakrav-ab/moncia/ADNI/bids_adni_go2/sub-128S4742/ses-m12/anat/sub-128S4742_ses-m12_acq-3Taccel_T1w.nii.gz,2,MCI,bids_adni_go2
128_S_4742,m24,2014-05-16,/project/rrg-mchakrav-ab/moncia/ADNI/bids_adni_go2/sub-128S4742/ses-m24/anat/sub-128S4742_ses-m24_acq-3Taccel_T1w.nii.gz,2,MCI,bids_adni_go2
128_S_4742,m48,2016-05-16,/project/rrg-mchakrav-ab/moncia/ADNI/bids_adni_go2/sub-128S4742/ses-m48/anat/sub-128S4742_ses-m48_acq-3Taccel_T1w.nii.gz,2,MCI,bids_adni_go2
128_S_4742,m72,2018-05-16,/project/rrg-mchakrav-ab/moncia/ADNI/bids_adni3/sub-128S4742/ses-m72/anat/sub-128S4742_ses-m72_acq-3T_T1w.nii.gz,2,MCI,bids_adni3
128_S_4742,m84,2019-05-16,/project/rrg-mchakrav-ab/moncia/ADNI/bids_adni3/sub-128S4742/ses-m84/anat/sub-128S4742_ses-m84_acq-3T_T1w.nii.gz,2,MCI,bids_adni3
128_S_4742,m120,2022-05-16,/project/rrg-mchakrav-ab/moncia/ADNI/bids_adni3/sub-128S4742/ses-m120/anat/sub-128S4742_ses-m120_acq-3T_T1w.nii.gz,2,MCI,bids_adni3
128_S_4742,m144,2024-05-16,/project/rrg-mchakrav-ab/moncia/ADNI/bids_adni4_qc/sub-128S4742/ses-m144/anat/sub-128S4742_ses-m144_acq-3Taccel_T1w.nii.gz,2,MCI,bids_adni4_qc
128_S_4742,m156,2025-05-16,/project/rrg-mchakrav-ab/moncia/ADNI/bids_adni4_qc/sub-128S4742/ses-m156/anat/sub-128S4742_ses-m156_acq-3Taccel_T1w.nii.gz,2,MCI,bids_adni4_qc
128_S_4842,m03,2012-09-28,/project/rrg-mchakrav-ab/moncia/ADNI/bids_adni_go2/sub-128S4842/ses-m03/anat/sub-128S4842_ses-m03_acq-3Taccel_T1w.nii.gz,2,MCI,bids_adni_go2
128_S_4842,m06,2012-12-28,/project/rrg-mchakrav-ab/moncia/ADNI/bids_adni_go2/sub-128S4842/ses-m06/anat/sub-128S4842_ses-m06_acq-3Taccel_T1w.nii.gz,2,MCI,bids_adni_go2
128_S_4842,m12,2013-06-29,/project/rrg-mchakrav-ab/moncia/ADNI/bids_adni_go2/sub-128S4842/ses-m12/anat/sub-128S4842_ses-m12_acq-3Taccel_T1w.nii.gz,2,MCI,bids_adni_go2
128_S_4842,m24,2014-06-29,/project/rrg-mchakrav-ab/moncia/ADNI/bids_adni_go2/sub-128S4842/ses-m24/anat/sub-128S4842_ses-m24_acq-3Taccel_T1w.nii.gz,2,MCI,bids_adni_go2
128_S_4842,m48,2016-06-29,/project/rrg-mchakrav-ab/moncia/ADNI/bids_adni_go2/sub-128S4842/ses-m48/anat/sub-128S4842_ses-m48_acq-3Taccel_T1w.nii.gz,1,CN,bids_adni_go2
128_S_4842,m66,2017-12-29,/project/rrg-mchakrav-ab/moncia/ADNI/bids_adni_go2/sub-128S4842/ses-m66/anat/sub-128S4842_ses-m66_acq-3Taccel_T1w.nii.gz,1,CN,bids_adni_go2
128_S_5066,m03,2013-03-13,/project/rrg-mchakrav-ab/moncia/ADNI/bids_adni_go2/sub-128S5066/ses-m03/anat/sub-128S5066_ses-m03_acq-3Taccel_T1w.nii.gz,2,MCI,bids_adni_go2
128_S_5066,m06,2013-06-12,/project/rrg-mchakrav-ab/moncia/ADNI/bids_adni_go2/sub-128S5066/ses-m06/anat/sub-128S5066_ses-m06_acq-3Taccel_T1w.nii.gz,2,MCI,bids_adni_go2
128_S_5066,m12,2013-12-12,/project/rrg-mchakrav-ab/moncia/ADNI/bids_adni_go2/sub-128S5066/ses-m12/anat/sub-128S5066_ses-m12_acq-3Taccel_T1w.nii.gz,2,MCI,bids_adni_go2
128_S_5066,m24,2014-12-12,/project/rrg-mchakrav-ab/moncia/ADNI/bids_adni_go2/sub-128S5066/ses-m24/anat/sub-128S5066_ses-m24_acq-3Taccel_T1w.nii.gz,2,MCI,bids_adni_go2
129_S_1246,sc,2007-03-12,/project/rrg-mchakrav-ab/moncia/ADNI/bids_adni1/sub-129S1246/ses-sc/anat/sub-129S1246_ses-sc_acq-15T_T1w.nii.gz,2,MCI,bids_adni1
129_S_1246,m12,2008-03-11,/project/rrg-mchakrav-ab/moncia/ADNI/bids_adni1/sub-129S1246/ses-m12/anat/sub-129S1246_ses-m12_acq-15T_T1w.nii.gz,2,MCI,bids_adni1
129_S_1246,m18,2008-09-09,/project/rrg-mchakrav-ab/moncia/ADNI/bids_adni1/sub-129S1246/ses-m18/anat/sub-129S1246_ses-m18_acq-15T_T1w.nii.gz,2,MCI,bids_adni1
129_S_1246,m24,2009-03-11,/project/rrg-mchakrav-ab/moncia/ADNI/bids_adni1/sub-129S1246/ses-m24/anat/sub-129S1246_ses-m24_acq-15T_T1w.nii.gz,2,MCI,bids_adni1
129_S_1246,m36,2010-03-11,/project/rrg-mchakrav-ab/moncia/ADNI/bids_adni1/sub-129S1246/ses-m36/anat/sub-129S1246_ses-m36_acq-15T_T1w.nii.gz,2,MCI,bids_adni1
129_S_2332,m03,2011-06-29,/project/rrg-mchakrav-ab/moncia/ADNI/bids_adni_go2/sub-129S2332/ses-m03/anat/sub-129S2332_ses-m03_acq-3Tunaccel_T1w.nii.gz,2,MCI,bids_adni_go2
129_S_2332,m06,2011-09-28,/project/rrg-mchakrav-ab/moncia/ADNI/bids_adni_go2/sub-129S2332/ses-m06/anat/sub-129S2332_ses-m06_acq-3Tunaccel_T1w.nii.gz,2,MCI,bids_adni_go2
129_S_2332,m12,2012-03-29,/project/rrg-mchakrav-ab/moncia/ADNI/bids_adni_go2/sub-129S2332/ses-m12/anat/sub-129S2332_ses-m12_acq-3Tunaccel_T1w.nii.gz,2,MCI,bids_adni_go2
129_S_2332,m24,2013-03-29,/project/rrg-mchakrav-ab/moncia/ADNI/bids_adni_go2/sub-129S2332/ses-m24/anat/sub-129S2332_ses-m24_acq-3Taccel_T1w.nii.gz,2,MCI,bids_adni_go2
129_S_2332,m36,2014-03-29,/project/rrg-mchakrav-ab/moncia/ADNI/bids_adni_go2/sub-129S2332/ses-m36/anat/sub-129S2332_ses-m36_acq-3Taccel_T1w.nii.gz,2,MCI,bids_adni_go2
129_S_2332,m48,2015-03-30,/project/rrg-mchakrav-ab/moncia/ADNI/bids_adni_go2/sub-129S2332/ses-m48/anat/sub-129S2332_ses-m48_acq-3Taccel_T1w.nii.gz,2,MCI,bids_adni_go2
129_S_2332,m72,2017-03-29,/project/rrg-mchakrav-ab/moncia/ADNI/bids_adni3/sub-129S2332/ses-m72/anat/sub-129S2332_ses-m72_acq-3T_T1w.nii.gz,1,CN,bids_adni3
129_S_2332,m84,2018-03-29,/project/rrg-mchakrav-ab/moncia/ADNI/bids_adni3/sub-129S2332/ses-m84/anat/sub-129S2332_ses-m84_acq-3T_T1w.nii.gz,1,CN,bids_adni3
129_S_2332,m96,2019-03-30,/project/rrg-mchakrav-ab/moncia/ADNI/bids_adni3/sub-129S2332/ses-m96/anat/sub-129S2332_ses-m96_acq-3T_T1w.nii.gz,1,CN,bids_adni3
129_S_2332,m120,2021-03-29,/project/rrg-mchakrav-ab/moncia/ADNI/bids_adni3/sub-129S2332/ses-m120/anat/sub-129S2332_ses-m120_acq-3T_T1w.nii.gz,1,CN,bids_adni3
129_S_2347,m03,2011-08-15,/project/rrg-mchakrav-ab/moncia/ADNI/bids_adni_go2/sub-129S2347/ses-m03/anat/sub-129S2347_ses-m03_acq-3Tunaccel_T1w.nii.gz,2,MCI,bids_adni_go2
129_S_2347,m06,2011-11-14,/project/rrg-mchakrav-ab/moncia/ADNI/bids_adni_go2/sub-129S2347/ses-m06/anat/sub-129S2347_ses-m06_acq-3Tunaccel_T1w.nii.gz,2,MCI,bids_adni_go2
129_S_2347,m12,2012-05-15,/project/rrg-mchakrav-ab/moncia/ADNI/bids_adni_go2/sub-129S2347/ses-m12/anat/sub-129S2347_ses-m12_acq-3Tunaccel_T1w.nii.gz,2,MCI,bids_adni_go2
129_S_2347,m24,2013-05-15,/project/rrg-mchakrav-ab/moncia/ADNI/bids_adni_go2/sub-129S2347/ses-m24/anat/sub-129S2347_ses-m24_acq-3Taccel_T1w.nii.gz,2,MCI,bids_adni_go2
129_S_2347,m36,2014-05-15,/project/rrg-mchakrav-ab/moncia/ADNI/bids_adni_go2/sub-129S2347/ses-m36/anat/sub-129S2347_ses-m36_acq-3Taccel_T1w.nii.gz,2,MCI,bids_adni_go2
129_S_4073,m03,2011-09-12,/project/rrg-mchakrav-ab/moncia/ADNI/bids_adni_go2/sub-129S4073/ses-m03/anat/sub-129S4073_ses-m03_acq-3Tunaccel_T1w.nii.gz,2,MCI,bids_adni_go2
129_S_4073,m06,2011-12-12,/project/rrg-mchakrav-ab/moncia/ADNI/bids_adni_go2/sub-129S4073/ses-m06/anat/sub-129S4073_ses-m06_acq-3Tunaccel_T1w.nii.gz,2,MCI,bids_adni_go2
129_S_4073,m12,2012-06-12,/project/rrg-mchakrav-ab/moncia/ADNI/bids_adni_go2/sub-129S4073/ses-m12/anat/sub-129S4073_ses-m12_acq-3Taccel_T1w.nii.gz,2,MCI,bids_adni_go2
129_S_4220,m03,2011-12-02,/project/rrg-mchakrav-ab/moncia/ADNI/bids_adni_go2/sub-129S4220/ses-m03/anat/sub-129S4220_ses-m03_acq-3Tunaccel_T1w.nii.gz,2,MCI,bids_adni_go2
129_S_4220,m06,2012-03-02,/project/rrg-mchakrav-ab/moncia/ADNI/bids_adni_go2/sub-129S4220/ses-m06/anat/sub-129S4220_ses-m06_acq-3Tunaccel_T1w.nii.gz,2,MCI,bids_adni_go2
129_S_4220,m12,2012-09-01,/project/rrg-mchakrav-ab/moncia/ADNI/bids_adni_go2/sub-129S4220/ses-m12/anat/sub-129S4220_ses-m12_acq-3Taccel_T1w.nii.gz,2,MCI,bids_adni_go2
129_S_4220,m24,2013-09-01,/project/rrg-mchakrav-ab/moncia/ADNI/bids_adni_go2/sub-129S4220/ses-m24/anat/sub-129S4220_ses-m24_acq-3Taccel_T1w.nii.gz,2,MCI,bids_adni_go2
129_S_4287,m03,2012-01-04,/project/rrg-mchakrav-ab/moncia/ADNI/bids_adni_go2/sub-129S4287/ses-m03/anat/sub-129S4287_ses-m03_acq-3Tunaccel_T1w.nii.gz,2,MCI,bids_adni_go2
129_S_4287,m06,2012-04-04,/project/rrg-mchakrav-ab/moncia/ADNI/bids_adni_go2/sub-129S4287/ses-m06/anat/sub-129S4287_ses-m06_acq-3Tunaccel_T1w.nii.gz,2,MCI,bids_adni_go2
129_S_4287,m12,2012-10-04,/project/rrg-mchakrav-ab/moncia/ADNI/bids_adni_go2/sub-129S4287/ses-m12/anat/sub-129S4287_ses-m12_acq-3Taccel_T1w.nii.gz,2,MCI,bids_adni_go2
129_S_4287,m24,2013-10-04,/project/rrg-mchakrav-ab/moncia/ADNI/bids_adni_go2/sub-129S4287/ses-m24/anat/sub-129S4287_ses-m24_acq-3Taccel_T1w.nii.gz,2,MCI,bids_adni_go2
129_S_4287,m48,2015-10-05,/project/rrg-mchakrav-ab/moncia/ADNI/bids_adni_go2/sub-129S4287/ses-m48/anat/sub-129S4287_ses-m48_acq-3Taccel_T1w.nii.gz,2,MCI,bids_adni_go2
129_S_6830,sc,2019-11-04,/project/rrg-mchakrav-ab/moncia/ADNI/bids_adni3/sub-129S6830/ses-sc/anat/sub-129S6830_ses-sc_acq-3T_T1w.nii.gz,2,MCI,bids_adni3
129_S_6830,m12,2020-11-03,/project/rrg-mchakrav-ab/moncia/ADNI/bids_adni3/sub-129S6830/ses-m12/anat/sub-129S6830_ses-m12_acq-3T_T1w.nii.gz,2,MCI,bids_adni3
129_S_6830,m24,2021-11-03,/project/rrg-mchakrav-ab/moncia/ADNI/bids_adni3/sub-129S6830/ses-m24/anat/sub-129S6830_ses-m24_acq-3T_T1w.nii.gz,2,MCI,bids_adni3
129_S_6830,m36,2022-11-03,/project/rrg-mchakrav-ab/moncia/ADNI/bids_adni3/sub-129S6830/ses-m36/anat/sub-129S6830_ses-m36_acq-3T_T1w.nii.gz,2,MCI,bids_adni3
129_S_6852,sc,2020-02-18,/project/rrg-mchakrav-ab/moncia/ADNI/bids_adni3/sub-129S6852/ses-sc/anat/sub-129S6852_ses-sc_acq-3T_T1w.nii.gz,2,MCI,bids_adni3
129_S_6852,m12,2021-02-17,/project/rrg-mchakrav-ab/moncia/ADNI/bids_adni3/sub-129S6852/ses-m12/anat/sub-129S6852_ses-m12_acq-3T_T1w.nii.gz,2,MCI,bids_adni3
129_S_6852,m24,2022-02-17,/project/rrg-mchakrav-ab/moncia/ADNI/bids_adni3/sub-129S6852/ses-m24/anat/sub-129S6852_ses-m24_acq-3T_T1w.nii.gz,3,Dementia,bids_adni3
129_S_6857,sc,2020-02-25,/project/rrg-mchakrav-ab/moncia/ADNI/bids_adni3/sub-129S6857/ses-sc/anat/sub-129S6857_ses-sc_acq-3T_T1w.nii.gz,2,MCI,bids_adni3
129_S_6857,m12,2021-02-24,/project/rrg-mchakrav-ab/moncia/ADNI/bids_adni3/sub-129S6857/ses-m12/anat/sub-129S6857_ses-m12_acq-3T_T1w.nii.gz,2,MCI,bids_adni3
129_S_6857,m24,2022-02-24,/project/rrg-mchakrav-ab/moncia/ADNI/bids_adni3/sub-129S6857/ses-m24/anat/sub-129S6857_ses-m24_acq-3T_T1w.nii.gz,2,MCI,bids_adni3
130_S_0102,sc,2006-01-13,/project/rrg-mchakrav-ab/moncia/ADNI/bids_adni1/sub-130S0102/ses-sc/anat/sub-130S0102_ses-sc_acq-15T_T1w.nii.gz,2,MCI,bids_adni1
130_S_0102,m06,2006-07-14,/project/rrg-mchakrav-ab/moncia/ADNI/bids_adni1/sub-130S0102/ses-m06/anat/sub-130S0102_ses-m06_acq-15T_T1w.nii.gz,2,MCI,bids_adni1
130_S_0102,m12,2007-01-13,/project/rrg-mchakrav-ab/moncia/ADNI/bids_adni1/sub-130S0102/ses-m12/anat/sub-130S0102_ses-m12_acq-15T_T1w.nii.gz,2,MCI,bids_adni1
130_S_0102,m18,2007-07-14,/project/rrg-mchakrav-ab/moncia/ADNI/bids_adni1/sub-130S0102/ses-m18/anat/sub-130S0102_ses-m18_acq-15T_T1w.nii.gz,2,MCI,bids_adni1
130_S_0285,sc,2006-04-03,/project/rrg-mchakrav-ab/moncia/ADNI/bids_adni1/sub-130S0285/ses-sc/anat/sub-130S0285_ses-sc_acq-15T_T1w.nii.gz,2,MCI,bids_adni1
130_S_0285,m12,2007-04-03,/project/rrg-mchakrav-ab/moncia/ADNI/bids_adni1/sub-130S0285/ses-m12/anat/sub-130S0285_ses-m12_acq-15T_T1w.nii.gz,2,MCI,bids_adni1
130_S_0285,m24,2008-04-02,/project/rrg-mchakrav-ab/moncia/ADNI/bids_adni1/sub-130S0285/ses-m24/anat/sub-130S0285_ses-m24_acq-15T_T1w.nii.gz,2,MCI,bids_adni1
130_S_0285,m48,2010-04-03,/project/rrg-mchakrav-ab/moncia/ADNI/bids_adni1/sub-130S0285/ses-m48/anat/sub-130S0285_ses-m48_acq-15T_T1w.nii.gz,2,MCI,bids_adni1
130_S_0289,m06,2006-09-29,/project/rrg-mchakrav-ab/moncia/ADNI/bids_adni1/sub-130S0289/ses-m06/anat/sub-130S0289_ses-m06_acq-15T_T1w.nii.gz,2,MCI,bids_adni1
130_S_0289,m12,2007-03-31,/project/rrg-mchakrav-ab/moncia/ADNI/bids_adni1/sub-130S0289/ses-m12/anat/sub-130S0289_ses-m12_acq-15T_T1w.nii.gz,2,MCI,bids_adni1
130_S_0289,m24,2008-03-30,/project/rrg-mchakrav-ab/moncia/ADNI/bids_adni1/sub-130S0289/ses-m24/anat/sub-130S0289_ses-m24_acq-15T_T1w.nii.gz,3,Dementia,bids_adni1
130_S_0449,bl,2006-06-28,/project/rrg-mchakrav-ab/moncia/ADNI/bids_adni1/sub-130S0449/ses-bl/anat/sub-130S0449_ses-bl_acq-3T_T1w.nii.gz,2,MCI,bids_adni1
130_S_0449,sc,2006-06-28,/project/rrg-mchakrav-ab/moncia/ADNI/bids_adni1/sub-130S0449/ses-sc/anat/sub-130S0449_ses-sc_acq-15T_T1w.nii.gz,2,MCI,bids_adni1
130_S_0449,m06,2006-12-27,/project/rrg-mchakrav-ab/moncia/ADNI/bids_adni1/sub-130S0449/ses-m06/anat/sub-130S0449_ses-m06_acq-15T_T1w.nii.gz,2,MCI,bids_adni1
130_S_0449,m24,2008-06-27,/project/rrg-mchakrav-ab/moncia/ADNI/bids_adni1/sub-130S0449/ses-m24/anat/sub-130S0449_ses-m24_acq-15T_T1w.nii.gz,2,MCI,bids_adni1
130_S_0505,bl,2006-10-11,/project/rrg-mchakrav-ab/moncia/ADNI/bids_adni1/sub-130S0505/ses-bl/anat/sub-130S0505_ses-bl_acq-3T_T1w.nii.gz,2,MCI,bids_adni1
130_S_0505,m06,2007-04-11,/project/rrg-mchakrav-ab/moncia/ADNI/bids_adni1/sub-130S0505/ses-m06/anat/sub-130S0505_ses-m06_acq-15T_T1w.nii.gz,2,MCI,bids_adni1
130_S_0505,m18,2008-04-10,/project/rrg-mchakrav-ab/moncia/ADNI/bids_adni1/sub-130S0505/ses-m18/anat/sub-130S0505_ses-m18_acq-15T_T1w.nii.gz,2,MCI,bids_adni1
130_S_0505,m24,2008-10-10,/project/rrg-mchakrav-ab/moncia/ADNI/bids_adni1/sub-130S0505/ses-m24/anat/sub-130S0505_ses-m24_acq-3T_T1w.nii.gz,2,MCI,bids_adni1
130_S_0505,m36,2009-10-10,/project/rrg-mchakrav-ab/moncia/ADNI/bids_adni1/sub-130S0505/ses-m36/anat/sub-130S0505_ses-m36_acq-15T_T1w.nii.gz,2,MCI,bids_adni1
130_S_0783,sc,2006-08-29,/project/rrg-mchakrav-ab/moncia/ADNI/bids_adni1/sub-130S0783/ses-sc/anat/sub-130S0783_ses-sc_acq-15T_T1w.nii.gz,2,MCI,bids_adni1
130_S_0783,m06,2007-02-27,/project/rrg-mchakrav-ab/moncia/ADNI/bids_adni1/sub-130S0783/ses-m06/anat/sub-130S0783_ses-m06_acq-15T_T1w.nii.gz,2,MCI,bids_adni1
130_S_0783,m12,2007-08-29,/project/rrg-mchakrav-ab/moncia/ADNI/bids_adni1/sub-130S0783/ses-m12/anat/sub-130S0783_ses-m12_acq-15T_T1w.nii.gz,2,MCI,bids_adni1
130_S_0783,m18,2008-02-27,/project/rrg-mchakrav-ab/moncia/ADNI/bids_adni1/sub-130S0783/ses-m18/anat/sub-130S0783_ses-m18_acq-15T_T1w.nii.gz,2,MCI,bids_adni1
130_S_0783,m24,2008-08-28,/project/rrg-mchakrav-ab/moncia/ADNI/bids_adni1/sub-130S0783/ses-m24/anat/sub-130S0783_ses-m24_acq-15T_T1w.nii.gz,2,MCI,bids_adni1
130_S_2373,m03,2011-09-05,/project/rrg-mchakrav-ab/moncia/ADNI/bids_adni_go2/sub-130S2373/ses-m03/anat/sub-130S2373_ses-m03_acq-3Taccel_T1w.nii.gz,2,MCI,bids_adni_go2
130_S_2373,m06,2011-12-05,/project/rrg-mchakrav-ab/moncia/ADNI/bids_adni_go2/sub-130S2373/ses-m06/anat/sub-130S2373_ses-m06_acq-3Taccel_T1w.nii.gz,2,MCI,bids_adni_go2
130_S_2373,m12,2012-06-05,/project/rrg-mchakrav-ab/moncia/ADNI/bids_adni_go2/sub-130S2373/ses-m12/anat/sub-130S2373_ses-m12_acq-3Taccel_T1w.nii.gz,2,MCI,bids_adni_go2
130_S_2373,m24,2013-06-05,/project/rrg-mchakrav-ab/moncia/ADNI/bids_adni_go2/sub-130S2373/ses-m24/anat/sub-130S2373_ses-m24_acq-3Taccel_T1w.nii.gz,2,MCI,bids_adni_go2
130_S_2373,m36,2014-06-05,/project/rrg-mchakrav-ab/moncia/ADNI/bids_adni_go2/sub-130S2373/ses-m36/anat/sub-130S2373_ses-m36_acq-3Taccel_T1w.nii.gz,2,MCI,bids_adni_go2
130_S_2373,m48,2015-06-06,/project/rrg-mchakrav-ab/moncia/ADNI/bids_adni_go2/sub-130S2373/ses-m48/anat/sub-130S2373_ses-m48_acq-3Taccel_T1w.nii.gz,2,MCI,bids_adni_go2
130_S_2373,m72,2017-06-05,/project/rrg-mchakrav-ab/moncia/ADNI/bids_adni3/sub-130S2373/ses-m72/anat/sub-130S2373_ses-m72_acq-3T_T1w.nii.gz,3,Dementia,bids_adni3
130_S_2373,m84,2018-06-05,/project/rrg-mchakrav-ab/moncia/ADNI/bids_adni3/sub-130S2373/ses-m84/anat/sub-130S2373_ses-m84_acq-3T_T1w.nii.gz,3,Dementia,bids_adni3
130_S_2373,m96,2019-06-06,/project/rrg-mchakrav-ab/moncia/ADNI/bids_adni3/sub-130S2373/ses-m96/anat/sub-130S2373_ses-m96_acq-3T_T1w.nii.gz,3,Dementia,bids_adni3
130_S_2373,m108,2020-06-05,/project/rrg-mchakrav-ab/moncia/ADNI/bids_adni3/sub-130S2373/ses-m108/anat/sub-130S2373_ses-m108_acq-3T_T1w.nii.gz,3,Dementia,bids_adni3
130_S_2373,m120,2021-06-05,/project/rrg-mchakrav-ab/moncia/ADNI/bids_adni3/sub-130S2373/ses-m120/anat/sub-130S2373_ses-m120_acq-3T_T1w.nii.gz,3,Dementia,bids_adni3
130_S_2391,m03,2011-09-23,/project/rrg-mchakrav-ab/moncia/ADNI/bids_adni_go2/sub-130S2391/ses-m03/anat/sub-130S2391_ses-m03_acq-3Taccel_T1w.nii.gz,2,MCI,bids_adni_go2
130_S_2391,m12,2012-06-23,/project/rrg-mchakrav-ab/moncia/ADNI/bids_adni_go2/sub-130S2391/ses-m12/anat/sub-130S2391_ses-m12_acq-3Taccel_T1w.nii.gz,2,MCI,bids_adni_go2
130_S_2391,m24,2013-06-23,/project/rrg-mchakrav-ab/moncia/ADNI/bids_adni_go2/sub-130S2391/ses-m24/anat/sub-130S2391_ses-m24_acq-3Taccel_T1w.nii.gz,2,MCI,bids_adni_go2
130_S_2391,m60,2016-06-23,/project/rrg-mchakrav-ab/moncia/ADNI/bids_adni_go2/sub-130S2391/ses-m60/anat/sub-130S2391_ses-m60_acq-3Taccel_T1w.nii.gz,2,MCI,bids_adni_go2
130_S_2403,m03,2012-12-15,/project/rrg-mchakrav-ab/moncia/ADNI/bids_adni_go2/sub-130S2403/ses-m03/anat/sub-130S2403_ses-m03_acq-3Taccel_T1w.nii.gz,2,MCI,bids_adni_go2
130_S_2403,m06,2013-03-16,/project/rrg-mchakrav-ab/moncia/ADNI/bids_adni_go2/sub-130S2403/ses-m06/anat/sub-130S2403_ses-m06_acq-3Taccel_T1w.nii.gz,2,MCI,bids_adni_go2
130_S_2403,m12,2013-09-15,/project/rrg-mchakrav-ab/moncia/ADNI/bids_adni_go2/sub-130S2403/ses-m12/anat/sub-130S2403_ses-m12_acq-3Taccel_T1w.nii.gz,2,MCI,bids_adni_go2
130_S_2403,m24,2014-09-15,/project/rrg-mchakrav-ab/moncia/ADNI/bids_adni_go2/sub-130S2403/ses-m24/anat/sub-130S2403_ses-m24_acq-3Taccel_T1w.nii.gz,3,Dementia,bids_adni_go2
130_S_2403,m66,2018-03-17,/project/rrg-mchakrav-ab/moncia/ADNI/bids_adni3/sub-130S2403/ses-m66/anat/sub-130S2403_ses-m66_acq-3T_T1w.nii.gz,3,Dementia,bids_adni3
130_S_2403,m96,2020-09-15,/project/rrg-mchakrav-ab/moncia/ADNI/bids_adni3/sub-130S2403/ses-m96/anat/sub-130S2403_ses-m96_acq-3T_T1w.nii.gz,3,Dementia,bids_adni3
130_S_4250,m03,2011-12-29,/project/rrg-mchakrav-ab/moncia/ADNI/bids_adni_go2/sub-130S4250/ses-m03/anat/sub-130S4250_ses-m03_acq-3Taccel_T1w.nii.gz,2,MCI,bids_adni_go2
130_S_4250,m06,2012-03-29,/project/rrg-mchakrav-ab/moncia/ADNI/bids_adni_go2/sub-130S4250/ses-m06/anat/sub-130S4250_ses-m06_acq-3Taccel_T1w.nii.gz,2,MCI,bids_adni_go2
130_S_4250,m12,2012-09-28,/project/rrg-mchakrav-ab/moncia/ADNI/bids_adni_go2/sub-130S4250/ses-m12/anat/sub-130S4250_ses-m12_acq-3Taccel_T1w.nii.gz,2,MCI,bids_adni_go2
130_S_4250,m24,2013-09-28,/project/rrg-mchakrav-ab/moncia/ADNI/bids_adni_go2/sub-130S4250/ses-m24/anat/sub-130S4250_ses-m24_acq-3Taccel_T1w.nii.gz,3,Dementia,bids_adni_go2
130_S_4294,m03,2012-01-06,/project/rrg-mchakrav-ab/moncia/ADNI/bids_adni_go2/sub-130S4294/ses-m03/anat/sub-130S4294_ses-m03_acq-3Taccel_T1w.nii.gz,2,MCI,bids_adni_go2
130_S_4294,m06,2012-04-06,/project/rrg-mchakrav-ab/moncia/ADNI/bids_adni_go2/sub-130S4294/ses-m06/anat/sub-130S4294_ses-m06_acq-3Taccel_T1w.nii.gz,2,MCI,bids_adni_go2
130_S_4294,m12,2012-10-06,/project/rrg-mchakrav-ab/moncia/ADNI/bids_adni_go2/sub-130S4294/ses-m12/anat/sub-130S4294_ses-m12_acq-3Taccel_T1w.nii.gz,2,MCI,bids_adni_go2
130_S_4294,m24,2013-10-06,/project/rrg-mchakrav-ab/moncia/ADNI/bids_adni_go2/sub-130S4294/ses-m24/anat/sub-130S4294_ses-m24_acq-3Taccel_T1w.nii.gz,2,MCI,bids_adni_go2
130_S_4294,m48,2015-10-07,/project/rrg-mchakrav-ab/moncia/ADNI/bids_adni_go2/sub-130S4294/ses-m48/anat/sub-130S4294_ses-m48_acq-3Taccel_T1w.nii.gz,2,MCI,bids_adni_go2
130_S_4294,m72,2017-10-06,/project/rrg-mchakrav-ab/moncia/ADNI/bids_adni3/sub-130S4294/ses-m72/anat/sub-130S4294_ses-m72_acq-3T_T1w.nii.gz,3,Dementia,bids_adni3
130_S_4294,m90,2019-04-07,/project/rrg-mchakrav-ab/moncia/ADNI/bids_adni3/sub-130S4294/ses-m90/anat/sub-130S4294_ses-m90_acq-3T_T1w.nii.gz,3,Dementia,bids_adni3
130_S_4294,m96,2019-10-07,/project/rrg-mchakrav-ab/moncia/ADNI/bids_adni3/sub-130S4294/ses-m96/anat/sub-130S4294_ses-m96_acq-3T_T1w.nii.gz,3,Dementia,bids_adni3
130_S_4294,m108,2020-10-06,/project/rrg-mchakrav-ab/moncia/ADNI/bids_adni3/sub-130S4294/ses-m108/anat/sub-130S4294_ses-m108_acq-3T_T1w.nii.gz,3,Dementia,bids_adni3
130_S_4294,m162,2025-04-07,/project/rrg-mchakrav-ab/moncia/ADNI/bids_adni4_qc/sub-130S4294/ses-m162/anat/sub-130S4294_ses-m162_acq-3Tultrafast_T1w.nii.gz,3,Dementia,bids_adni4_qc
130_S_4405,m03,2012-03-02,/project/rrg-mchakrav-ab/moncia/ADNI/bids_adni_go2/sub-130S4405/ses-m03/anat/sub-130S4405_ses-m03_acq-3Taccel_T1w.nii.gz,2,MCI,bids_adni_go2
130_S_4405,m06,2012-06-01,/project/rrg-mchakrav-ab/moncia/ADNI/bids_adni_go2/sub-130S4405/ses-m06/anat/sub-130S4405_ses-m06_acq-3Taccel_T1w.nii.gz,2,MCI,bids_adni_go2
130_S_4405,m12,2012-12-01,/project/rrg-mchakrav-ab/moncia/ADNI/bids_adni_go2/sub-130S4405/ses-m12/anat/sub-130S4405_ses-m12_acq-3Taccel_T1w.nii.gz,2,MCI,bids_adni_go2
130_S_4405,m24,2013-12-01,/project/rrg-mchakrav-ab/moncia/ADNI/bids_adni_go2/sub-130S4405/ses-m24/anat/sub-130S4405_ses-m24_acq-3Taccel_T1w.nii.gz,2,MCI,bids_adni_go2
130_S_4405,m48,2015-12-02,/project/rrg-mchakrav-ab/moncia/ADNI/bids_adni_go2/sub-130S4405/ses-m48/anat/sub-130S4405_ses-m48_acq-3Taccel_T1w.nii.gz,2,MCI,bids_adni_go2
130_S_4405,m66,2017-06-02,/project/rrg-mchakrav-ab/moncia/ADNI/bids_adni3/sub-130S4405/ses-m66/anat/sub-130S4405_ses-m66_acq-3T_T1w.nii.gz,2,MCI,bids_adni3
130_S_4405,m78,2018-06-02,/project/rrg-mchakrav-ab/moncia/ADNI/bids_adni3/sub-130S4405/ses-m78/anat/sub-130S4405_ses-m78_acq-3T_T1w.nii.gz,2,MCI,bids_adni3
130_S_4415,m03,2012-03-05,/project/rrg-mchakrav-ab/moncia/ADNI/bids_adni_go2/sub-130S4415/ses-m03/anat/sub-130S4415_ses-m03_acq-3Taccel_T1w.nii.gz,2,MCI,bids_adni_go2
130_S_4415,m06,2012-06-04,/project/rrg-mchakrav-ab/moncia/ADNI/bids_adni_go2/sub-130S4415/ses-m06/anat/sub-130S4415_ses-m06_acq-3Taccel_T1w.nii.gz,2,MCI,bids_adni_go2
130_S_4415,m12,2012-12-04,/project/rrg-mchakrav-ab/moncia/ADNI/bids_adni_go2/sub-130S4415/ses-m12/anat/sub-130S4415_ses-m12_acq-3Taccel_T1w.nii.gz,2,MCI,bids_adni_go2
130_S_4415,m24,2013-12-04,/project/rrg-mchakrav-ab/moncia/ADNI/bids_adni_go2/sub-130S4415/ses-m24/anat/sub-130S4415_ses-m24_acq-3Taccel_T1w.nii.gz,3,Dementia,bids_adni_go2
130_S_4415,m48,2015-12-05,/project/rrg-mchakrav-ab/moncia/ADNI/bids_adni_go2/sub-130S4415/ses-m48/anat/sub-130S4415_ses-m48_acq-3Taccel_T1w.nii.gz,3,Dementia,bids_adni_go2
130_S_4415,m66,2017-06-05,/project/rrg-mchakrav-ab/moncia/ADNI/bids_adni3/sub-130S4415/ses-m66/anat/sub-130S4415_ses-m66_acq-3T_T1w.nii.gz,3,Dementia,bids_adni3
130_S_4417,m03,2012-03-06,/project/rrg-mchakrav-ab/moncia/ADNI/bids_adni_go2/sub-130S4417/ses-m03/anat/sub-130S4417_ses-m03_acq-3Taccel_T1w.nii.gz,2,MCI,bids_adni_go2
130_S_4417,m06,2012-06-05,/project/rrg-mchakrav-ab/moncia/ADNI/bids_adni_go2/sub-130S4417/ses-m06/anat/sub-130S4417_ses-m06_acq-3Taccel_T1w.nii.gz,2,MCI,bids_adni_go2
130_S_4417,m12,2012-12-05,/project/rrg-mchakrav-ab/moncia/ADNI/bids_adni_go2/sub-130S4417/ses-m12/anat/sub-130S4417_ses-m12_acq-3Taccel_T1w.nii.gz,2,MCI,bids_adni_go2
130_S_4417,m24,2013-12-05,/project/rrg-mchakrav-ab/moncia/ADNI/bids_adni_go2/sub-130S4417/ses-m24/anat/sub-130S4417_ses-m24_acq-3Taccel_T1w.nii.gz,2,MCI,bids_adni_go2
130_S_4417,m48,2015-12-06,/project/rrg-mchakrav-ab/moncia/ADNI/bids_adni_go2/sub-130S4417/ses-m48/anat/sub-130S4417_ses-m48_acq-3Taccel_T1w.nii.gz,2,MCI,bids_adni_go2
130_S_4417,m66,2017-06-06,/project/rrg-mchakrav-ab/moncia/ADNI/bids_adni3/sub-130S4417/ses-m66/anat/sub-130S4417_ses-m66_acq-3T_T1w.nii.gz,2,MCI,bids_adni3
130_S_4417,m78,2018-06-06,/project/rrg-mchakrav-ab/moncia/ADNI/bids_adni3/sub-130S4417/ses-m78/anat/sub-130S4417_ses-m78_acq-3T_T1w.nii.gz,2,MCI,bids_adni3
130_S_4417,m90,2019-06-06,/project/rrg-mchakrav-ab/moncia/ADNI/bids_adni3/sub-130S4417/ses-m90/anat/sub-130S4417_ses-m90_acq-3T_T1w.nii.gz,2,MCI,bids_adni3
130_S_4417,m102,2020-06-05,/project/rrg-mchakrav-ab/moncia/ADNI/bids_adni3/sub-130S4417/ses-m102/anat/sub-130S4417_ses-m102_acq-3T_T1w.nii.gz,2,MCI,bids_adni3
130_S_4468,m03,2012-04-11,/project/rrg-mchakrav-ab/moncia/ADNI/bids_adni_go2/sub-130S4468/ses-m03/anat/sub-130S4468_ses-m03_acq-3Taccel_T1w.nii.gz,2,MCI,bids_adni_go2
130_S_4468,m06,2012-07-11,/project/rrg-mchakrav-ab/moncia/ADNI/bids_adni_go2/sub-130S4468/ses-m06/anat/sub-130S4468_ses-m06_acq-3Taccel_T1w.nii.gz,2,MCI,bids_adni_go2
130_S_4468,m12,2013-01-10,/project/rrg-mchakrav-ab/moncia/ADNI/bids_adni_go2/sub-130S4468/ses-m12/anat/sub-130S4468_ses-m12_acq-3Taccel_T1w.nii.gz,2,MCI,bids_adni_go2
130_S_4468,m24,2014-01-10,/project/rrg-mchakrav-ab/moncia/ADNI/bids_adni_go2/sub-130S4468/ses-m24/anat/sub-130S4468_ses-m24_acq-3Taccel_T1w.nii.gz,2,MCI,bids_adni_go2
130_S_4542,m03,2012-05-11,/project/rrg-mchakrav-ab/moncia/ADNI/bids_adni_go2/sub-130S4542/ses-m03/anat/sub-130S4542_ses-m03_acq-3Taccel_T1w.nii.gz,2,MCI,bids_adni_go2
130_S_4542,m06,2012-08-10,/project/rrg-mchakrav-ab/moncia/ADNI/bids_adni_go2/sub-130S4542/ses-m06/anat/sub-130S4542_ses-m06_acq-3Taccel_T1w.nii.gz,3,Dementia,bids_adni_go2
130_S_4542,m12,2013-02-09,/project/rrg-mchakrav-ab/moncia/ADNI/bids_adni_go2/sub-130S4542/ses-m12/anat/sub-130S4542_ses-m12_acq-3Taccel_T1w.nii.gz,3,Dementia,bids_adni_go2
130_S_4542,m24,2014-02-09,/project/rrg-mchakrav-ab/moncia/ADNI/bids_adni_go2/sub-130S4542/ses-m24/anat/sub-130S4542_ses-m24_acq-3Taccel_T1w.nii.gz,3,Dementia,bids_adni_go2
130_S_4542,m48,2016-02-10,/project/rrg-mchakrav-ab/moncia/ADNI/bids_adni_go2/sub-130S4542/ses-m48/anat/sub-130S4542_ses-m48_acq-3Taccel_T1w.nii.gz,3,Dementia,bids_adni_go2
130_S_4605,m03,2012-06-11,/project/rrg-mchakrav-ab/moncia/ADNI/bids_adni_go2/sub-130S4605/ses-m03/anat/sub-130S4605_ses-m03_acq-3Taccel_T1w.nii.gz,2,MCI,bids_adni_go2
130_S_4605,m06,2012-09-10,/project/rrg-mchakrav-ab/moncia/ADNI/bids_adni_go2/sub-130S4605/ses-m06/anat/sub-130S4605_ses-m06_acq-3Taccel_T1w.nii.gz,2,MCI,bids_adni_go2
130_S_4605,m12,2013-03-12,/project/rrg-mchakrav-ab/moncia/ADNI/bids_adni_go2/sub-130S4605/ses-m12/anat/sub-130S4605_ses-m12_acq-3Taccel_T1w.nii.gz,2,MCI,bids_adni_go2
130_S_4817,m03,2012-09-20,/project/rrg-mchakrav-ab/moncia/ADNI/bids_adni_go2/sub-130S4817/ses-m03/anat/sub-130S4817_ses-m03_acq-3Taccel_T1w.nii.gz,2,MCI,bids_adni_go2
130_S_4817,m06,2012-12-20,/project/rrg-mchakrav-ab/moncia/ADNI/bids_adni_go2/sub-130S4817/ses-m06/anat/sub-130S4817_ses-m06_acq-3Taccel_T1w.nii.gz,2,MCI,bids_adni_go2
130_S_4817,m12,2013-06-21,/project/rrg-mchakrav-ab/moncia/ADNI/bids_adni_go2/sub-130S4817/ses-m12/anat/sub-130S4817_ses-m12_acq-3Taccel_T1w.nii.gz,2,MCI,bids_adni_go2
130_S_4817,m24,2014-06-21,/project/rrg-mchakrav-ab/moncia/ADNI/bids_adni_go2/sub-130S4817/ses-m24/anat/sub-130S4817_ses-m24_acq-3Taccel_T1w.nii.gz,2,MCI,bids_adni_go2
130_S_4817,m48,2016-06-21,/project/rrg-mchakrav-ab/moncia/ADNI/bids_adni_go2/sub-130S4817/ses-m48/anat/sub-130S4817_ses-m48_acq-3Taccel_T1w.nii.gz,2,MCI,bids_adni_go2
130_S_4817,m60,2017-06-21,/project/rrg-mchakrav-ab/moncia/ADNI/bids_adni3/sub-130S4817/ses-m60/anat/sub-130S4817_ses-m60_acq-3T_T1w.nii.gz,2,MCI,bids_adni3
130_S_4817,m72,2018-06-21,/project/rrg-mchakrav-ab/moncia/ADNI/bids_adni3/sub-130S4817/ses-m72/anat/sub-130S4817_ses-m72_acq-3T_T1w.nii.gz,2,MCI,bids_adni3
130_S_4817,m84,2019-06-21,/project/rrg-mchakrav-ab/moncia/ADNI/bids_adni3/sub-130S4817/ses-m84/anat/sub-130S4817_ses-m84_acq-3T_T1w.nii.gz,2,MCI,bids_adni3
130_S_4817,m108,2021-06-21,/project/rrg-mchakrav-ab/moncia/ADNI/bids_adni3/sub-130S4817/ses-m108/anat/sub-130S4817_ses-m108_acq-3T_T1w.nii.gz,2,MCI,bids_adni3
130_S_4883,m03,2012-10-23,/project/rrg-mchakrav-ab/moncia/ADNI/bids_adni_go2/sub-130S4883/ses-m03/anat/sub-130S4883_ses-m03_acq-3Taccel_T1w.nii.gz,2,MCI,bids_adni_go2
130_S_4883,m06,2013-01-22,/project/rrg-mchakrav-ab/moncia/ADNI/bids_adni_go2/sub-130S4883/ses-m06/anat/sub-130S4883_ses-m06_acq-3Taccel_T1w.nii.gz,2,MCI,bids_adni_go2
130_S_4883,m12,2013-07-24,/project/rrg-mchakrav-ab/moncia/ADNI/bids_adni_go2/sub-130S4883/ses-m12/anat/sub-130S4883_ses-m12_acq-3Taccel_T1w.nii.gz,2,MCI,bids_adni_go2
130_S_4883,m24,2014-07-24,/project/rrg-mchakrav-ab/moncia/ADNI/bids_adni_go2/sub-130S4883/ses-m24/anat/sub-130S4883_ses-m24_acq-3Taccel_T1w.nii.gz,2,MCI,bids_adni_go2
130_S_4925,m03,2012-11-27,/project/rrg-mchakrav-ab/moncia/ADNI/bids_adni_go2/sub-130S4925/ses-m03/anat/sub-130S4925_ses-m03_acq-3Taccel_T1w.nii.gz,2,MCI,bids_adni_go2
130_S_4925,m06,2013-02-26,/project/rrg-mchakrav-ab/moncia/ADNI/bids_adni_go2/sub-130S4925/ses-m06/anat/sub-130S4925_ses-m06_acq-3Taccel_T1w.nii.gz,2,MCI,bids_adni_go2
130_S_4925,m12,2013-08-28,/project/rrg-mchakrav-ab/moncia/ADNI/bids_adni_go2/sub-130S4925/ses-m12/anat/sub-130S4925_ses-m12_acq-3Taccel_T1w.nii.gz,2,MCI,bids_adni_go2
130_S_4925,m24,2014-08-28,/project/rrg-mchakrav-ab/moncia/ADNI/bids_adni_go2/sub-130S4925/ses-m24/anat/sub-130S4925_ses-m24_acq-3Taccel_T1w.nii.gz,2,MCI,bids_adni_go2
130_S_6047,sc,2017-06-28,/project/rrg-mchakrav-ab/moncia/ADNI/bids_adni3/sub-130S6047/ses-sc/anat/sub-130S6047_ses-sc_acq-3T_T1w.nii.gz,2,MCI,bids_adni3
130_S_6047,m12,2018-06-28,/project/rrg-mchakrav-ab/moncia/ADNI/bids_adni3/sub-130S6047/ses-m12/anat/sub-130S6047_ses-m12_acq-3T_T1w.nii.gz,2,MCI,bids_adni3
130_S_6047,m24,2019-06-28,/project/rrg-mchakrav-ab/moncia/ADNI/bids_adni3/sub-130S6047/ses-m24/anat/sub-130S6047_ses-m24_acq-3T_T1w.nii.gz,2,MCI,bids_adni3
130_S_6047,m36,2020-06-27,/project/rrg-mchakrav-ab/moncia/ADNI/bids_adni3/sub-130S6047/ses-m36/anat/sub-130S6047_ses-m36_acq-3T_T1w.nii.gz,2,MCI,bids_adni3
130_S_6604,sc,2018-10-08,/project/rrg-mchakrav-ab/moncia/ADNI/bids_adni3/sub-130S6604/ses-sc/anat/sub-130S6604_ses-sc_acq-3T_T1w.nii.gz,2,MCI,bids_adni3
130_S_6604,m12,2019-10-08,/project/rrg-mchakrav-ab/moncia/ADNI/bids_adni3/sub-130S6604/ses-m12/anat/sub-130S6604_ses-m12_acq-3T_T1w.nii.gz,2,MCI,bids_adni3
130_S_6604,m24,2020-10-07,/project/rrg-mchakrav-ab/moncia/ADNI/bids_adni3/sub-130S6604/ses-m24/anat/sub-130S6604_ses-m24_acq-3T_T1w.nii.gz,2,MCI,bids_adni3
130_S_6604,m36,2021-10-07,/project/rrg-mchakrav-ab/moncia/ADNI/bids_adni3/sub-130S6604/ses-m36/anat/sub-130S6604_ses-m36_acq-3T_T1w.nii.gz,2,MCI,bids_adni3
130_S_6612,sc,2018-11-27,/project/rrg-mchakrav-ab/moncia/ADNI/bids_adni3/sub-130S6612/ses-sc/anat/sub-130S6612_ses-sc_acq-3T_T1w.nii.gz,2,MCI,bids_adni3
130_S_6612,m12,2019-11-27,/project/rrg-mchakrav-ab/moncia/ADNI/bids_adni3/sub-130S6612/ses-m12/anat/sub-130S6612_ses-m12_acq-3T_T1w.nii.gz,2,MCI,bids_adni3
130_S_6612,m24,2020-11-26,/project/rrg-mchakrav-ab/moncia/ADNI/bids_adni3/sub-130S6612/ses-m24/anat/sub-130S6612_ses-m24_acq-3T_T1w.nii.gz,2,MCI,bids_adni3
130_S_6688,sc,2019-02-07,/project/rrg-mchakrav-ab/moncia/ADNI/bids_adni3/sub-130S6688/ses-sc/anat/sub-130S6688_ses-sc_acq-3T_T1w.nii.gz,2,MCI,bids_adni3
130_S_6688,m12,2020-02-07,/project/rrg-mchakrav-ab/moncia/ADNI/bids_adni3/sub-130S6688/ses-m12/anat/sub-130S6688_ses-m12_acq-3T_T1w.nii.gz,2,MCI,bids_adni3
130_S_6688,m24,2021-02-06,/project/rrg-mchakrav-ab/moncia/ADNI/bids_adni3/sub-130S6688/ses-m24/anat/sub-130S6688_ses-m24_acq-3T_T1w.nii.gz,2,MCI,bids_adni3
130_S_6688,m42,2022-08-08,/project/rrg-mchakrav-ab/moncia/ADNI/bids_adni3/sub-130S6688/ses-m42/anat/sub-130S6688_ses-m42_acq-3T_T1w.nii.gz,1,CN,bids_adni3
131_S_0384,m06,2006-10-24,/project/rrg-mchakrav-ab/moncia/ADNI/bids_adni1/sub-131S0384/ses-m06/anat/sub-131S0384_ses-m06_acq-15T_T1w.nii.gz,2,MCI,bids_adni1
131_S_0384,m12,2007-04-25,/project/rrg-mchakrav-ab/moncia/ADNI/bids_adni1/sub-131S0384/ses-m12/anat/sub-131S0384_ses-m12_acq-3T_T1w.nii.gz,2,MCI,bids_adni1
131_S_0384,m24,2008-04-24,/project/rrg-mchakrav-ab/moncia/ADNI/bids_adni1/sub-131S0384/ses-m24/anat/sub-131S0384_ses-m24_acq-15T_T1w.nii.gz,2,MCI,bids_adni1
131_S_0384,m36,2009-04-24,/project/rrg-mchakrav-ab/moncia/ADNI/bids_adni1/sub-131S0384/ses-m36/anat/sub-131S0384_ses-m36_acq-15T_T1w.nii.gz,1,CN,bids_adni1
131_S_0384,m48,2010-04-25,/project/rrg-mchakrav-ab/moncia/ADNI/bids_adni1/sub-131S0384/ses-m48/anat/sub-131S0384_ses-m48_acq-15T_T1w.nii.gz,1,CN,bids_adni1
131_S_0384,m138,2017-10-24,/project/rrg-mchakrav-ab/moncia/ADNI/bids_adni3/sub-131S0384/ses-m138/anat/sub-131S0384_ses-m138_acq-3T_T1w.nii.gz,1,CN,bids_adni3
131_S_1389,bl,2007-04-26,/project/rrg-mchakrav-ab/moncia/ADNI/bids_adni1/sub-131S1389/ses-bl/anat/sub-131S1389_ses-bl_acq-3T_T1w.nii.gz,2,MCI,bids_adni1
131_S_1389,m12,2008-04-25,/project/rrg-mchakrav-ab/moncia/ADNI/bids_adni1/sub-131S1389/ses-m12/anat/sub-131S1389_ses-m12_acq-15T_T1w.nii.gz,2,MCI,bids_adni1
131_S_1389,m18,2008-10-24,/project/rrg-mchakrav-ab/moncia/ADNI/bids_adni1/sub-131S1389/ses-m18/anat/sub-131S1389_ses-m18_acq-15T_T1w.nii.gz,3,Dementia,bids_adni1
131_S_1389,m24,2009-04-25,/project/rrg-mchakrav-ab/moncia/ADNI/bids_adni1/sub-131S1389/ses-m24/anat/sub-131S1389_ses-m24_acq-15T_T1w.nii.gz,3,Dementia,bids_adni1
131_S_1389,m36,2010-04-25,/project/rrg-mchakrav-ab/moncia/ADNI/bids_adni1/sub-131S1389/ses-m36/anat/sub-131S1389_ses-m36_acq-15T_T1w.nii.gz,3,Dementia,bids_adni1
131_S_6616,sc,2019-01-30,/project/rrg-mchakrav-ab/moncia/ADNI/bids_adni3/sub-131S6616/ses-sc/anat/sub-131S6616_ses-sc_acq-3T_T1w.nii.gz,2,MCI,bids_adni3
131_S_6616,m12,2020-01-30,/project/rrg-mchakrav-ab/moncia/ADNI/bids_adni3/sub-131S6616/ses-m12/anat/sub-131S6616_ses-m12_acq-3T_T1w.nii.gz,2,MCI,bids_adni3
131_S_6616,m24,2021-01-29,/project/rrg-mchakrav-ab/moncia/ADNI/bids_adni3/sub-131S6616/ses-m24/anat/sub-131S6616_ses-m24_acq-3T_T1w.nii.gz,2,MCI,bids_adni3
131_S_6805,sc,2019-08-28,/project/rrg-mchakrav-ab/moncia/ADNI/bids_adni3/sub-131S6805/ses-sc/anat/sub-131S6805_ses-sc_acq-3T_T1w.nii.gz,2,MCI,bids_adni3
131_S_6805,m12,2020-08-27,/project/rrg-mchakrav-ab/moncia/ADNI/bids_adni3/sub-131S6805/ses-m12/anat/sub-131S6805_ses-m12_acq-3T_T1w.nii.gz,2,MCI,bids_adni3
131_S_6805,m24,2021-08-27,/project/rrg-mchakrav-ab/moncia/ADNI/bids_adni3/sub-131S6805/ses-m24/anat/sub-131S6805_ses-m24_acq-3T_T1w.nii.gz,3,Dementia,bids_adni3
133_S_0629,bl,2006-07-19,/project/rrg-mchakrav-ab/moncia/ADNI/bids_adni1/sub-133S0629/ses-bl/anat/sub-133S0629_ses-bl_acq-3T_T1w.nii.gz,2,MCI,bids_adni1
133_S_0629,sc,2006-07-19,/project/rrg-mchakrav-ab/moncia/ADNI/bids_adni1/sub-133S0629/ses-sc/anat/sub-133S0629_ses-sc_acq-15T_T1w.nii.gz,2,MCI,bids_adni1
133_S_0629,m06,2007-01-17,/project/rrg-mchakrav-ab/moncia/ADNI/bids_adni1/sub-133S0629/ses-m06/anat/sub-133S0629_ses-m06_acq-15T_T1w.nii.gz,2,MCI,bids_adni1
133_S_0629,m12,2007-07-19,/project/rrg-mchakrav-ab/moncia/ADNI/bids_adni1/sub-133S0629/ses-m12/anat/sub-133S0629_ses-m12_acq-15T_T1w.nii.gz,2,MCI,bids_adni1
133_S_0629,m18,2008-01-17,/project/rrg-mchakrav-ab/moncia/ADNI/bids_adni1/sub-133S0629/ses-m18/anat/sub-133S0629_ses-m18_acq-3T_T1w.nii.gz,2,MCI,bids_adni1
133_S_0638,bl,2006-09-06,/project/rrg-mchakrav-ab/moncia/ADNI/bids_adni1/sub-133S0638/ses-bl/anat/sub-133S0638_ses-bl_acq-3T_T1w.nii.gz,2,MCI,bids_adni1
133_S_0638,sc,2006-09-06,/project/rrg-mchakrav-ab/moncia/ADNI/bids_adni1/sub-133S0638/ses-sc/anat/sub-133S0638_ses-sc_acq-15T_T1w.nii.gz,2,MCI,bids_adni1
133_S_0638,m06,2007-03-07,/project/rrg-mchakrav-ab/moncia/ADNI/bids_adni1/sub-133S0638/ses-m06/anat/sub-133S0638_ses-m06_acq-15T_T1w.nii.gz,2,MCI,bids_adni1
133_S_0638,m12,2007-09-06,/project/rrg-mchakrav-ab/moncia/ADNI/bids_adni1/sub-133S0638/ses-m12/anat/sub-133S0638_ses-m12_acq-15T_T1w.nii.gz,3,Dementia,bids_adni1
133_S_0638,m18,2008-03-06,/project/rrg-mchakrav-ab/moncia/ADNI/bids_adni1/sub-133S0638/ses-m18/anat/sub-133S0638_ses-m18_acq-3T_T1w.nii.gz,3,Dementia,bids_adni1
133_S_0638,m24,2008-09-05,/project/rrg-mchakrav-ab/moncia/ADNI/bids_adni1/sub-133S0638/ses-m24/anat/sub-133S0638_ses-m24_acq-15T_T1w.nii.gz,3,Dementia,bids_adni1
133_S_0638,m36,2009-09-05,/project/rrg-mchakrav-ab/moncia/ADNI/bids_adni1/sub-133S0638/ses-m36/anat/sub-133S0638_ses-m36_acq-3T_T1w.nii.gz,3,Dementia,bids_adni1
133_S_0727,bl,2006-09-20,/project/rrg-mchakrav-ab/moncia/ADNI/bids_adni1/sub-133S0727/ses-bl/anat/sub-133S0727_ses-bl_acq-3T_T1w.nii.gz,2,MCI,bids_adni1
133_S_0727,sc,2006-09-20,/project/rrg-mchakrav-ab/moncia/ADNI/bids_adni1/sub-133S0727/ses-sc/anat/sub-133S0727_ses-sc_acq-15T_T1w.nii.gz,2,MCI,bids_adni1
133_S_0727,m06,2007-03-21,/project/rrg-mchakrav-ab/moncia/ADNI/bids_adni1/sub-133S0727/ses-m06/anat/sub-133S0727_ses-m06_acq-15T_T1w.nii.gz,2,MCI,bids_adni1
133_S_0727,m12,2007-09-20,/project/rrg-mchakrav-ab/moncia/ADNI/bids_adni1/sub-133S0727/ses-m12/anat/sub-133S0727_ses-m12_acq-3T_T1w.nii.gz,2,MCI,bids_adni1
133_S_0727,m18,2008-03-20,/project/rrg-mchakrav-ab/moncia/ADNI/bids_adni1/sub-133S0727/ses-m18/anat/sub-133S0727_ses-m18_acq-15T_T1w.nii.gz,3,Dementia,bids_adni1
133_S_0727,m24,2008-09-19,/project/rrg-mchakrav-ab/moncia/ADNI/bids_adni1/sub-133S0727/ses-m24/anat/sub-133S0727_ses-m24_acq-15T_T1w.nii.gz,3,Dementia,bids_adni1
133_S_0771,bl,2006-10-04,/project/rrg-mchakrav-ab/moncia/ADNI/bids_adni1/sub-133S0771/ses-bl/anat/sub-133S0771_ses-bl_acq-3T_T1w.nii.gz,2,MCI,bids_adni1
133_S_0771,sc,2006-10-04,/project/rrg-mchakrav-ab/moncia/ADNI/bids_adni1/sub-133S0771/ses-sc/anat/sub-133S0771_ses-sc_acq-15T_T1w.nii.gz,2,MCI,bids_adni1
133_S_0771,m06,2007-04-04,/project/rrg-mchakrav-ab/moncia/ADNI/bids_adni1/sub-133S0771/ses-m06/anat/sub-133S0771_ses-m06_acq-15T_T1w.nii.gz,2,MCI,bids_adni1
133_S_0771,m18,2008-04-03,/project/rrg-mchakrav-ab/moncia/ADNI/bids_adni1/sub-133S0771/ses-m18/anat/sub-133S0771_ses-m18_acq-15T_T1w.nii.gz,2,MCI,bids_adni1
133_S_0771,m24,2008-10-03,/project/rrg-mchakrav-ab/moncia/ADNI/bids_adni1/sub-133S0771/ses-m24/anat/sub-133S0771_ses-m24_acq-15T_T1w.nii.gz,2,MCI,bids_adni1
133_S_0792,bl,2006-09-25,/project/rrg-mchakrav-ab/moncia/ADNI/bids_adni1/sub-133S0792/ses-bl/anat/sub-133S0792_ses-bl_acq-3T_T1w.nii.gz,2,MCI,bids_adni1
133_S_0792,sc,2006-09-25,/project/rrg-mchakrav-ab/moncia/ADNI/bids_adni1/sub-133S0792/ses-sc/anat/sub-133S0792_ses-sc_acq-15T_T1w.nii.gz,2,MCI,bids_adni1
133_S_0792,m06,2007-03-26,/project/rrg-mchakrav-ab/moncia/ADNI/bids_adni1/sub-133S0792/ses-m06/anat/sub-133S0792_ses-m06_acq-15T_T1w.nii.gz,2,MCI,bids_adni1
133_S_0792,m24,2008-09-24,/project/rrg-mchakrav-ab/moncia/ADNI/bids_adni1/sub-133S0792/ses-m24/anat/sub-133S0792_ses-m24_acq-15T_T1w.nii.gz,2,MCI,bids_adni1
133_S_0912,bl,2006-10-24,/project/rrg-mchakrav-ab/moncia/ADNI/bids_adni1/sub-133S0912/ses-bl/anat/sub-133S0912_ses-bl_acq-3T_T1w.nii.gz,2,MCI,bids_adni1
133_S_0912,sc,2006-10-24,/project/rrg-mchakrav-ab/moncia/ADNI/bids_adni1/sub-133S0912/ses-sc/anat/sub-133S0912_ses-sc_acq-15T_T1w.nii.gz,2,MCI,bids_adni1
133_S_0912,m06,2007-04-24,/project/rrg-mchakrav-ab/moncia/ADNI/bids_adni1/sub-133S0912/ses-m06/anat/sub-133S0912_ses-m06_acq-15T_T1w.nii.gz,2,MCI,bids_adni1
133_S_0912,m18,2008-04-23,/project/rrg-mchakrav-ab/moncia/ADNI/bids_adni1/sub-133S0912/ses-m18/anat/sub-133S0912_ses-m18_acq-15T_T1w.nii.gz,2,MCI,bids_adni1
133_S_0912,m24,2008-10-23,/project/rrg-mchakrav-ab/moncia/ADNI/bids_adni1/sub-133S0912/ses-m24/anat/sub-133S0912_ses-m24_acq-15T_T1w.nii.gz,2,MCI,bids_adni1
133_S_0913,bl,2007-02-01,/project/rrg-mchakrav-ab/moncia/ADNI/bids_adni1/sub-133S0913/ses-bl/anat/sub-133S0913_ses-bl_acq-3T_T1w.nii.gz,2,MCI,bids_adni1
133_S_0913,sc,2007-02-01,/project/rrg-mchakrav-ab/moncia/ADNI/bids_adni1/sub-133S0913/ses-sc/anat/sub-133S0913_ses-sc_acq-15T_T1w.nii.gz,2,MCI,bids_adni1
133_S_0913,m06,2007-08-02,/project/rrg-mchakrav-ab/moncia/ADNI/bids_adni1/sub-133S0913/ses-m06/anat/sub-133S0913_ses-m06_acq-15T_T1w.nii.gz,2,MCI,bids_adni1
133_S_0913,m18,2008-08-01,/project/rrg-mchakrav-ab/moncia/ADNI/bids_adni1/sub-133S0913/ses-m18/anat/sub-133S0913_ses-m18_acq-15T_T1w.nii.gz,3,Dementia,bids_adni1
133_S_1031,bl,2006-11-21,/project/rrg-mchakrav-ab/moncia/ADNI/bids_adni1/sub-133S1031/ses-bl/anat/sub-133S1031_ses-bl_acq-3T_T1w.nii.gz,2,MCI,bids_adni1
133_S_1031,sc,2006-11-21,/project/rrg-mchakrav-ab/moncia/ADNI/bids_adni1/sub-133S1031/ses-sc/anat/sub-133S1031_ses-sc_acq-15T_T1w.nii.gz,2,MCI,bids_adni1
133_S_1031,m12,2007-11-21,/project/rrg-mchakrav-ab/moncia/ADNI/bids_adni1/sub-133S1031/ses-m12/anat/sub-133S1031_ses-m12_acq-15T_T1w.nii.gz,2,MCI,bids_adni1
133_S_1031,m18,2008-05-21,/project/rrg-mchakrav-ab/moncia/ADNI/bids_adni1/sub-133S1031/ses-m18/anat/sub-133S1031_ses-m18_acq-15T_T1w.nii.gz,2,MCI,bids_adni1
133_S_1031,m24,2008-11-20,/project/rrg-mchakrav-ab/moncia/ADNI/bids_adni1/sub-133S1031/ses-m24/anat/sub-133S1031_ses-m24_acq-15T_T1w.nii.gz,2,MCI,bids_adni1
133_S_1031,m36,2009-11-20,/project/rrg-mchakrav-ab/moncia/ADNI/bids_adni1/sub-133S1031/ses-m36/anat/sub-133S1031_ses-m36_acq-3T_T1w.nii.gz,2,MCI,bids_adni1
135_S_4281,m03,2012-01-05,/project/rrg-mchakrav-ab/moncia/ADNI/bids_adni_go2/sub-135S4281/ses-m03/anat/sub-135S4281_ses-m03_acq-3Taccel_T1w.nii.gz,2,MCI,bids_adni_go2
135_S_4281,m06,2012-04-05,/project/rrg-mchakrav-ab/moncia/ADNI/bids_adni_go2/sub-135S4281/ses-m06/anat/sub-135S4281_ses-m06_acq-3Taccel_T1w.nii.gz,2,MCI,bids_adni_go2
135_S_4281,m12,2012-10-05,/project/rrg-mchakrav-ab/moncia/ADNI/bids_adni_go2/sub-135S4281/ses-m12/anat/sub-135S4281_ses-m12_acq-3Taccel_T1w.nii.gz,2,MCI,bids_adni_go2
135_S_4281,m24,2013-10-05,/project/rrg-mchakrav-ab/moncia/ADNI/bids_adni_go2/sub-135S4281/ses-m24/anat/sub-135S4281_ses-m24_acq-3Taccel_T1w.nii.gz,2,MCI,bids_adni_go2
135_S_4281,m48,2015-10-06,/project/rrg-mchakrav-ab/moncia/ADNI/bids_adni_go2/sub-135S4281/ses-m48/anat/sub-135S4281_ses-m48_acq-3Taccel_T1w.nii.gz,2,MCI,bids_adni_go2
135_S_4281,m60,2016-10-05,/project/rrg-mchakrav-ab/moncia/ADNI/bids_adni_go2/sub-135S4281/ses-m60/anat/sub-135S4281_ses-m60_acq-3Taccel_T1w.nii.gz,2,MCI,bids_adni_go2
135_S_4309,m03,2012-01-17,/project/rrg-mchakrav-ab/moncia/ADNI/bids_adni_go2/sub-135S4309/ses-m03/anat/sub-135S4309_ses-m03_acq-3Taccel_T1w.nii.gz,2,MCI,bids_adni_go2
135_S_4309,m06,2012-04-17,/project/rrg-mchakrav-ab/moncia/ADNI/bids_adni_go2/sub-135S4309/ses-m06/anat/sub-135S4309_ses-m06_acq-3Taccel_T1w.nii.gz,2,MCI,bids_adni_go2
135_S_4309,m12,2012-10-17,/project/rrg-mchakrav-ab/moncia/ADNI/bids_adni_go2/sub-135S4309/ses-m12/anat/sub-135S4309_ses-m12_acq-3Taccel_T1w.nii.gz,2,MCI,bids_adni_go2
135_S_4309,m24,2013-10-17,/project/rrg-mchakrav-ab/moncia/ADNI/bids_adni_go2/sub-135S4309/ses-m24/anat/sub-135S4309_ses-m24_acq-3Taccel_T1w.nii.gz,2,MCI,bids_adni_go2
135_S_4309,m48,2015-10-18,/project/rrg-mchakrav-ab/moncia/ADNI/bids_adni_go2/sub-135S4309/ses-m48/anat/sub-135S4309_ses-m48_acq-3Taccel_T1w.nii.gz,2,MCI,bids_adni_go2
135_S_4309,m60,2016-10-17,/project/rrg-mchakrav-ab/moncia/ADNI/bids_adni_go2/sub-135S4309/ses-m60/anat/sub-135S4309_ses-m60_acq-3Taccel_T1w.nii.gz,2,MCI,bids_adni_go2
135_S_4356,m03,2012-02-05,/project/rrg-mchakrav-ab/moncia/ADNI/bids_adni_go2/sub-135S4356/ses-m03/anat/sub-135S4356_ses-m03_acq-3Taccel_T1w.nii.gz,2,MCI,bids_adni_go2
135_S_4356,m06,2012-05-06,/project/rrg-mchakrav-ab/moncia/ADNI/bids_adni_go2/sub-135S4356/ses-m06/anat/sub-135S4356_ses-m06_acq-3Taccel_T1w.nii.gz,2,MCI,bids_adni_go2
135_S_4356,m12,2012-11-05,/project/rrg-mchakrav-ab/moncia/ADNI/bids_adni_go2/sub-135S4356/ses-m12/anat/sub-135S4356_ses-m12_acq-3Taccel_T1w.nii.gz,2,MCI,bids_adni_go2
135_S_4356,m24,2013-11-05,/project/rrg-mchakrav-ab/moncia/ADNI/bids_adni_go2/sub-135S4356/ses-m24/anat/sub-135S4356_ses-m24_acq-3Taccel_T1w.nii.gz,2,MCI,bids_adni_go2
135_S_4356,m48,2015-11-06,/project/rrg-mchakrav-ab/moncia/ADNI/bids_adni_go2/sub-135S4356/ses-m48/anat/sub-135S4356_ses-m48_acq-3Taccel_T1w.nii.gz,2,MCI,bids_adni_go2
135_S_4356,m60,2016-11-05,/project/rrg-mchakrav-ab/moncia/ADNI/bids_adni_go2/sub-135S4356/ses-m60/anat/sub-135S4356_ses-m60_acq-3Taccel_T1w.nii.gz,2,MCI,bids_adni_go2
135_S_4356,m72,2017-11-05,/project/rrg-mchakrav-ab/moncia/ADNI/bids_adni3/sub-135S4356/ses-m72/anat/sub-135S4356_ses-m72_acq-3T_T1w.nii.gz,2,MCI,bids_adni3
135_S_4356,m84,2018-11-05,/project/rrg-mchakrav-ab/moncia/ADNI/bids_adni3/sub-135S4356/ses-m84/anat/sub-135S4356_ses-m84_acq-3T_T1w.nii.gz,2,MCI,bids_adni3
135_S_4356,m96,2019-11-06,/project/rrg-mchakrav-ab/moncia/ADNI/bids_adni3/sub-135S4356/ses-m96/anat/sub-135S4356_ses-m96_acq-3T_T1w.nii.gz,2,MCI,bids_adni3
135_S_4356,m132,2022-11-06,/project/rrg-mchakrav-ab/moncia/ADNI/bids_adni3/sub-135S4356/ses-m132/anat/sub-135S4356_ses-m132_acq-3T_T1w.nii.gz,2,MCI,bids_adni3
135_S_4356,m168,2025-11-05,/project/rrg-mchakrav-ab/moncia/ADNI/bids_adni4_qc/sub-135S4356/ses-m168/anat/sub-135S4356_ses-m168_acq-3Taccel_T1w.nii.gz,2,MCI,bids_adni4_qc
135_S_4406,m03,2012-02-29,/project/rrg-mchakrav-ab/moncia/ADNI/bids_adni_go2/sub-135S4406/ses-m03/anat/sub-135S4406_ses-m03_acq-3Taccel_T1w.nii.gz,2,MCI,bids_adni_go2
135_S_4406,m06,2012-05-30,/project/rrg-mchakrav-ab/moncia/ADNI/bids_adni_go2/sub-135S4406/ses-m06/anat/sub-135S4406_ses-m06_acq-3Taccel_T1w.nii.gz,2,MCI,bids_adni_go2
135_S_4406,m12,2012-11-29,/project/rrg-mchakrav-ab/moncia/ADNI/bids_adni_go2/sub-135S4406/ses-m12/anat/sub-135S4406_ses-m12_acq-3Taccel_T1w.nii.gz,2,MCI,bids_adni_go2
135_S_4406,m24,2013-11-29,/project/rrg-mchakrav-ab/moncia/ADNI/bids_adni_go2/sub-135S4406/ses-m24/anat/sub-135S4406_ses-m24_acq-3Taccel_T1w.nii.gz,3,Dementia,bids_adni_go2
135_S_4489,m03,2012-04-25,/project/rrg-mchakrav-ab/moncia/ADNI/bids_adni_go2/sub-135S4489/ses-m03/anat/sub-135S4489_ses-m03_acq-3Taccel_T1w.nii.gz,2,MCI,bids_adni_go2
135_S_4489,m06,2012-07-25,/project/rrg-mchakrav-ab/moncia/ADNI/bids_adni_go2/sub-135S4489/ses-m06/anat/sub-135S4489_ses-m06_acq-3Taccel_T1w.nii.gz,2,MCI,bids_adni_go2
135_S_4489,m12,2013-01-24,/project/rrg-mchakrav-ab/moncia/ADNI/bids_adni_go2/sub-135S4489/ses-m12/anat/sub-135S4489_ses-m12_acq-3Taccel_T1w.nii.gz,2,MCI,bids_adni_go2
135_S_4489,m24,2014-01-24,/project/rrg-mchakrav-ab/moncia/ADNI/bids_adni_go2/sub-135S4489/ses-m24/anat/sub-135S4489_ses-m24_acq-3Taccel_T1w.nii.gz,2,MCI,bids_adni_go2
135_S_4489,m48,2016-01-25,/project/rrg-mchakrav-ab/moncia/ADNI/bids_adni_go2/sub-135S4489/ses-m48/anat/sub-135S4489_ses-m48_acq-3Taccel_T1w.nii.gz,2,MCI,bids_adni_go2
135_S_4489,m66,2017-07-26,/project/rrg-mchakrav-ab/moncia/ADNI/bids_adni3/sub-135S4489/ses-m66/anat/sub-135S4489_ses-m66_acq-3T_T1w.nii.gz,2,MCI,bids_adni3
135_S_4489,m78,2018-07-26,/project/rrg-mchakrav-ab/moncia/ADNI/bids_adni3/sub-135S4489/ses-m78/anat/sub-135S4489_ses-m78_acq-3T_T1w.nii.gz,2,MCI,bids_adni3
135_S_4489,m90,2019-07-26,/project/rrg-mchakrav-ab/moncia/ADNI/bids_adni3/sub-135S4489/ses-m90/anat/sub-135S4489_ses-m90_acq-3T_T1w.nii.gz,2,MCI,bids_adni3
135_S_4489,m102,2020-07-25,/project/rrg-mchakrav-ab/moncia/ADNI/bids_adni3/sub-135S4489/ses-m102/anat/sub-135S4489_ses-m102_acq-3T_T1w.nii.gz,2,MCI,bids_adni3
135_S_4489,m114,2021-07-26,/project/rrg-mchakrav-ab/moncia/ADNI/bids_adni3/sub-135S4489/ses-m114/anat/sub-135S4489_ses-m114_acq-3T_T1w.nii.gz,2,MCI,bids_adni3
135_S_4489,m126,2022-07-26,/project/rrg-mchakrav-ab/moncia/ADNI/bids_adni3/sub-135S4489/ses-m126/anat/sub-135S4489_ses-m126_acq-3T_T1w.nii.gz,2,MCI,bids_adni3
135_S_4489,m162,2025-07-26,/project/rrg-mchakrav-ab/moncia/ADNI/bids_adni4_qc/sub-135S4489/ses-m162/anat/sub-135S4489_ses-m162_acq-3Taccel_T1w.nii.gz,2,MCI,bids_adni4_qc
135_S_4689,m03,2012-07-20,/project/rrg-mchakrav-ab/moncia/ADNI/bids_adni_go2/sub-135S4689/ses-m03/anat/sub-135S4689_ses-m03_acq-3Taccel_T1w.nii.gz,2,MCI,bids_adni_go2
135_S_4689,m06,2012-10-19,/project/rrg-mchakrav-ab/moncia/ADNI/bids_adni_go2/sub-135S4689/ses-m06/anat/sub-135S4689_ses-m06_acq-3Taccel_T1w.nii.gz,3,Dementia,bids_adni_go2
135_S_4689,m12,2013-04-20,/project/rrg-mchakrav-ab/moncia/ADNI/bids_adni_go2/sub-135S4689/ses-m12/anat/sub-135S4689_ses-m12_acq-3Taccel_T1w.nii.gz,3,Dementia,bids_adni_go2
135_S_4689,m24,2014-04-20,/project/rrg-mchakrav-ab/moncia/ADNI/bids_adni_go2/sub-135S4689/ses-m24/anat/sub-135S4689_ses-m24_acq-3Taccel_T1w.nii.gz,3,Dementia,bids_adni_go2
135_S_4722,m03,2012-08-08,/project/rrg-mchakrav-ab/moncia/ADNI/bids_adni_go2/sub-135S4722/ses-m03/anat/sub-135S4722_ses-m03_acq-3Taccel_T1w.nii.gz,2,MCI,bids_adni_go2
135_S_4722,m06,2012-11-07,/project/rrg-mchakrav-ab/moncia/ADNI/bids_adni_go2/sub-135S4722/ses-m06/anat/sub-135S4722_ses-m06_acq-3Taccel_T1w.nii.gz,2,MCI,bids_adni_go2
135_S_4722,m12,2013-05-09,/project/rrg-mchakrav-ab/moncia/ADNI/bids_adni_go2/sub-135S4722/ses-m12/anat/sub-135S4722_ses-m12_acq-3Taccel_T1w.nii.gz,2,MCI,bids_adni_go2
135_S_4722,m24,2014-05-09,/project/rrg-mchakrav-ab/moncia/ADNI/bids_adni_go2/sub-135S4722/ses-m24/anat/sub-135S4722_ses-m24_acq-3Taccel_T1w.nii.gz,2,MCI,bids_adni_go2
135_S_4722,m48,2016-05-09,/project/rrg-mchakrav-ab/moncia/ADNI/bids_adni_go2/sub-135S4722/ses-m48/anat/sub-135S4722_ses-m48_acq-3Taccel_T1w.nii.gz,2,MCI,bids_adni_go2
135_S_4722,m60,2017-05-09,/project/rrg-mchakrav-ab/moncia/ADNI/bids_adni3/sub-135S4722/ses-m60/anat/sub-135S4722_ses-m60_acq-3T_T1w.nii.gz,2,MCI,bids_adni3
135_S_4722,m72,2018-05-09,/project/rrg-mchakrav-ab/moncia/ADNI/bids_adni3/sub-135S4722/ses-m72/anat/sub-135S4722_ses-m72_acq-3T_T1w.nii.gz,2,MCI,bids_adni3
135_S_4722,m84,2019-05-09,/project/rrg-mchakrav-ab/moncia/ADNI/bids_adni3/sub-135S4722/ses-m84/anat/sub-135S4722_ses-m84_acq-3T_T1w.nii.gz,2,MCI,bids_adni3
135_S_4722,m96,2020-05-09,/project/rrg-mchakrav-ab/moncia/ADNI/bids_adni3/sub-135S4722/ses-m96/anat/sub-135S4722_ses-m96_acq-3T_T1w.nii.gz,2,MCI,bids_adni3
135_S_4722,m108,2021-05-09,/project/rrg-mchakrav-ab/moncia/ADNI/bids_adni3/sub-135S4722/ses-m108/anat/sub-135S4722_ses-m108_acq-3T_T1w.nii.gz,2,MCI,bids_adni3
135_S_4722,m120,2022-05-09,/project/rrg-mchakrav-ab/moncia/ADNI/bids_adni3/sub-135S4722/ses-m120/anat/sub-135S4722_ses-m120_acq-3T_T1w.nii.gz,2,MCI,bids_adni3
135_S_4723,m03,2012-08-08,/project/rrg-mchakrav-ab/moncia/ADNI/bids_adni_go2/sub-135S4723/ses-m03/anat/sub-135S4723_ses-m03_acq-3Taccel_T1w.nii.gz,2,MCI,bids_adni_go2
135_S_4723,m06,2012-11-07,/project/rrg-mchakrav-ab/moncia/ADNI/bids_adni_go2/sub-135S4723/ses-m06/anat/sub-135S4723_ses-m06_acq-3Taccel_T1w.nii.gz,2,MCI,bids_adni_go2
135_S_4723,m12,2013-05-09,/project/rrg-mchakrav-ab/moncia/ADNI/bids_adni_go2/sub-135S4723/ses-m12/anat/sub-135S4723_ses-m12_acq-3Taccel_T1w.nii.gz,2,MCI,bids_adni_go2
135_S_4723,m24,2014-05-09,/project/rrg-mchakrav-ab/moncia/ADNI/bids_adni_go2/sub-135S4723/ses-m24/anat/sub-135S4723_ses-m24_acq-3Taccel_T1w.nii.gz,2,MCI,bids_adni_go2
135_S_4723,m48,2016-05-09,/project/rrg-mchakrav-ab/moncia/ADNI/bids_adni_go2/sub-135S4723/ses-m48/anat/sub-135S4723_ses-m48_acq-3Taccel_T1w.nii.gz,2,MCI,bids_adni_go2
135_S_4723,m60,2017-05-09,/project/rrg-mchakrav-ab/moncia/ADNI/bids_adni3/sub-135S4723/ses-m60/anat/sub-135S4723_ses-m60_acq-3T_T1w.nii.gz,2,MCI,bids_adni3
135_S_4723,m72,2018-05-09,/project/rrg-mchakrav-ab/moncia/ADNI/bids_adni3/sub-135S4723/ses-m72/anat/sub-135S4723_ses-m72_acq-3T_T1w.nii.gz,2,MCI,bids_adni3
135_S_4723,m84,2019-05-09,/project/rrg-mchakrav-ab/moncia/ADNI/bids_adni3/sub-135S4723/ses-m84/anat/sub-135S4723_ses-m84_acq-3T_T1w.nii.gz,2,MCI,bids_adni3
135_S_4723,m96,2020-05-09,/project/rrg-mchakrav-ab/moncia/ADNI/bids_adni3/sub-135S4723/ses-m96/anat/sub-135S4723_ses-m96_acq-3T_T1w.nii.gz,2,MCI,bids_adni3
135_S_4723,m108,2021-05-09,/project/rrg-mchakrav-ab/moncia/ADNI/bids_adni3/sub-135S4723/ses-m108/anat/sub-135S4723_ses-m108_acq-3T_T1w.nii.gz,2,MCI,bids_adni3
135_S_4723,m120,2022-05-09,/project/rrg-mchakrav-ab/moncia/ADNI/bids_adni3/sub-135S4723/ses-m120/anat/sub-135S4723_ses-m120_acq-3T_T1w.nii.gz,2,MCI,bids_adni3
135_S_4723,m156,2025-05-09,/project/rrg-mchakrav-ab/moncia/ADNI/bids_adni4_qc/sub-135S4723/ses-m156/anat/sub-135S4723_ses-m156_acq-3Taccel_T1w.nii.gz,2,MCI,bids_adni4_qc
135_S_6110,sc,2017-10-30,/project/rrg-mchakrav-ab/moncia/ADNI/bids_adni3/sub-135S6110/ses-sc/anat/sub-135S6110_ses-sc_acq-3T_T1w.nii.gz,2,MCI,bids_adni3
135_S_6110,m12,2018-10-30,/project/rrg-mchakrav-ab/moncia/ADNI/bids_adni3/sub-135S6110/ses-m12/anat/sub-135S6110_ses-m12_acq-3T_T1w.nii.gz,2,MCI,bids_adni3
135_S_6110,m24,2019-10-30,/project/rrg-mchakrav-ab/moncia/ADNI/bids_adni3/sub-135S6110/ses-m24/anat/sub-135S6110_ses-m24_acq-3T_T1w.nii.gz,2,MCI,bids_adni3
135_S_6110,m36,2020-10-29,/project/rrg-mchakrav-ab/moncia/ADNI/bids_adni3/sub-135S6110/ses-m36/anat/sub-135S6110_ses-m36_acq-3T_T1w.nii.gz,2,MCI,bids_adni3
135_S_6446,sc,2018-06-21,/project/rrg-mchakrav-ab/moncia/ADNI/bids_adni3/sub-135S6446/ses-sc/anat/sub-135S6446_ses-sc_acq-3T_T1w.nii.gz,2,MCI,bids_adni3
135_S_6446,m12,2019-06-21,/project/rrg-mchakrav-ab/moncia/ADNI/bids_adni3/sub-135S6446/ses-m12/anat/sub-135S6446_ses-m12_acq-3T_T1w.nii.gz,2,MCI,bids_adni3
135_S_6446,m24,2020-06-20,/project/rrg-mchakrav-ab/moncia/ADNI/bids_adni3/sub-135S6446/ses-m24/anat/sub-135S6446_ses-m24_acq-3T_T1w.nii.gz,2,MCI,bids_adni3
135_S_6446,m36,2021-06-20,/project/rrg-mchakrav-ab/moncia/ADNI/bids_adni3/sub-135S6446/ses-m36/anat/sub-135S6446_ses-m36_acq-3T_T1w.nii.gz,2,MCI,bids_adni3
135_S_6446,m48,2022-06-21,/project/rrg-mchakrav-ab/moncia/ADNI/bids_adni3/sub-135S6446/ses-m48/anat/sub-135S6446_ses-m48_acq-3T_T1w.nii.gz,2,MCI,bids_adni3
135_S_6446,m60,2023-06-21,/project/rrg-mchakrav-ab/moncia/ADNI/bids_adni3/sub-135S6446/ses-m60/anat/sub-135S6446_ses-m60_acq-3T_T1w.nii.gz,2,MCI,bids_adni3
135_S_6544,sc,2018-08-01,/project/rrg-mchakrav-ab/moncia/ADNI/bids_adni3/sub-135S6544/ses-sc/anat/sub-135S6544_ses-sc_acq-3T_T1w.nii.gz,2,MCI,bids_adni3
135_S_6544,m12,2019-08-01,/project/rrg-mchakrav-ab/moncia/ADNI/bids_adni3/sub-135S6544/ses-m12/anat/sub-135S6544_ses-m12_acq-3T_T1w.nii.gz,2,MCI,bids_adni3
135_S_6544,m24,2020-07-31,/project/rrg-mchakrav-ab/moncia/ADNI/bids_adni3/sub-135S6544/ses-m24/anat/sub-135S6544_ses-m24_acq-3T_T1w.nii.gz,2,MCI,bids_adni3
135_S_6544,m36,2021-07-31,/project/rrg-mchakrav-ab/moncia/ADNI/bids_adni3/sub-135S6544/ses-m36/anat/sub-135S6544_ses-m36_acq-3T_T1w.nii.gz,2,MCI,bids_adni3
135_S_6544,m48,2022-08-01,/project/rrg-mchakrav-ab/moncia/ADNI/bids_adni3/sub-135S6544/ses-m48/anat/sub-135S6544_ses-m48_acq-3T_T1w.nii.gz,2,MCI,bids_adni3
135_S_6544,m60,2023-08-01,/project/rrg-mchakrav-ab/moncia/ADNI/bids_adni3/sub-135S6544/ses-m60/anat/sub-135S6544_ses-m60_acq-3T_T1w.nii.gz,2,MCI,bids_adni3
135_S_6544,m84,2025-07-31,/project/rrg-mchakrav-ab/moncia/ADNI/bids_adni4_qc/sub-135S6544/ses-m84/anat/sub-135S6544_ses-m84_acq-3Taccel_T1w.nii.gz,2,MCI,bids_adni4_qc
135_S_6586,sc,2018-09-19,/project/rrg-mchakrav-ab/moncia/ADNI/bids_adni3/sub-135S6586/ses-sc/anat/sub-135S6586_ses-sc_acq-3T_T1w.nii.gz,2,MCI,bids_adni3
135_S_6586,m12,2019-09-19,/project/rrg-mchakrav-ab/moncia/ADNI/bids_adni3/sub-135S6586/ses-m12/anat/sub-135S6586_ses-m12_acq-3T_T1w.nii.gz,2,MCI,bids_adni3
135_S_6586,m24,2020-09-18,/project/rrg-mchakrav-ab/moncia/ADNI/bids_adni3/sub-135S6586/ses-m24/anat/sub-135S6586_ses-m24_acq-3T_T1w.nii.gz,2,MCI,bids_adni3
135_S_6586,m36,2021-09-18,/project/rrg-mchakrav-ab/moncia/ADNI/bids_adni3/sub-135S6586/ses-m36/anat/sub-135S6586_ses-m36_acq-3T_T1w.nii.gz,2,MCI,bids_adni3
135_S_6586,m48,2022-09-19,/project/rrg-mchakrav-ab/moncia/ADNI/bids_adni3/sub-135S6586/ses-m48/anat/sub-135S6586_ses-m48_acq-3T_T1w.nii.gz,2,MCI,bids_adni3
135_S_6586,m66,2024-03-20,/project/rrg-mchakrav-ab/moncia/ADNI/bids_adni4_qc/sub-135S6586/ses-m66/anat/sub-135S6586_ses-m66_acq-3Taccel_T1w.nii.gz,2,MCI,bids_adni4_qc
135_S_6622,sc,2018-11-02,/project/rrg-mchakrav-ab/moncia/ADNI/bids_adni3/sub-135S6622/ses-sc/anat/sub-135S6622_ses-sc_acq-3T_T1w.nii.gz,2,MCI,bids_adni3
135_S_6622,m12,2019-11-02,/project/rrg-mchakrav-ab/moncia/ADNI/bids_adni3/sub-135S6622/ses-m12/anat/sub-135S6622_ses-m12_acq-3T_T1w.nii.gz,2,MCI,bids_adni3
135_S_6622,m36,2021-11-01,/project/rrg-mchakrav-ab/moncia/ADNI/bids_adni3/sub-135S6622/ses-m36/anat/sub-135S6622_ses-m36_acq-3T_T1w.nii.gz,2,MCI,bids_adni3
135_S_6703,sc,2019-03-22,/project/rrg-mchakrav-ab/moncia/ADNI/bids_adni3/sub-135S6703/ses-sc/anat/sub-135S6703_ses-sc_acq-3T_T1w.nii.gz,2,MCI,bids_adni3
135_S_6703,m12,2020-03-21,/project/rrg-mchakrav-ab/moncia/ADNI/bids_adni3/sub-135S6703/ses-m12/anat/sub-135S6703_ses-m12_acq-3T_T1w.nii.gz,2,MCI,bids_adni3
135_S_6703,m24,2021-03-21,/project/rrg-mchakrav-ab/moncia/ADNI/bids_adni3/sub-135S6703/ses-m24/anat/sub-135S6703_ses-m24_acq-3T_T1w.nii.gz,2,MCI,bids_adni3
135_S_6703,m36,2022-03-21,/project/rrg-mchakrav-ab/moncia/ADNI/bids_adni3/sub-135S6703/ses-m36/anat/sub-135S6703_ses-m36_acq-3T_T1w.nii.gz,2,MCI,bids_adni3
135_S_6703,m48,2023-03-22,/project/rrg-mchakrav-ab/moncia/ADNI/bids_adni3/sub-135S6703/ses-m48/anat/sub-135S6703_ses-m48_acq-3T_T1w.nii.gz,2,MCI,bids_adni3
136_S_0107,sc,2006-02-27,/project/rrg-mchakrav-ab/moncia/ADNI/bids_adni1/sub-136S0107/ses-sc/anat/sub-136S0107_ses-sc_acq-15T_T1w.nii.gz,2,MCI,bids_adni1
136_S_0107,m06,2006-08-28,/project/rrg-mchakrav-ab/moncia/ADNI/bids_adni1/sub-136S0107/ses-m06/anat/sub-136S0107_ses-m06_acq-15T_T1w.nii.gz,2,MCI,bids_adni1
136_S_0107,m12,2007-02-27,/project/rrg-mchakrav-ab/moncia/ADNI/bids_adni1/sub-136S0107/ses-m12/anat/sub-136S0107_ses-m12_acq-15T_T1w.nii.gz,2,MCI,bids_adni1
136_S_0107,m18,2007-08-28,/project/rrg-mchakrav-ab/moncia/ADNI/bids_adni1/sub-136S0107/ses-m18/anat/sub-136S0107_ses-m18_acq-15T_T1w.nii.gz,2,MCI,bids_adni1
136_S_0107,m24,2008-02-27,/project/rrg-mchakrav-ab/moncia/ADNI/bids_adni1/sub-136S0107/ses-m24/anat/sub-136S0107_ses-m24_acq-15T_T1w.nii.gz,2,MCI,bids_adni1
136_S_0107,m36,2009-02-26,/project/rrg-mchakrav-ab/moncia/ADNI/bids_adni1/sub-136S0107/ses-m36/anat/sub-136S0107_ses-m36_acq-15T_T1w.nii.gz,2,MCI,bids_adni1
136_S_0107,m48,2010-02-27,/project/rrg-mchakrav-ab/moncia/ADNI/bids_adni1/sub-136S0107/ses-m48/anat/sub-136S0107_ses-m48_acq-15T_T1w.nii.gz,2,MCI,bids_adni1
136_S_0107,m72,2012-02-27,/project/rrg-mchakrav-ab/moncia/ADNI/bids_adni_go2/sub-136S0107/ses-m72/anat/sub-136S0107_ses-m72_acq-3Taccel_T1w.nii.gz,2,MCI,bids_adni_go2
136_S_0195,sc,2006-04-04,/project/rrg-mchakrav-ab/moncia/ADNI/bids_adni1/sub-136S0195/ses-sc/anat/sub-136S0195_ses-sc_acq-15T_T1w.nii.gz,2,MCI,bids_adni1
136_S_0195,m06,2006-10-03,/project/rrg-mchakrav-ab/moncia/ADNI/bids_adni1/sub-136S0195/ses-m06/anat/sub-136S0195_ses-m06_acq-15T_T1w.nii.gz,2,MCI,bids_adni1
136_S_0195,m12,2007-04-04,/project/rrg-mchakrav-ab/moncia/ADNI/bids_adni1/sub-136S0195/ses-m12/anat/sub-136S0195_ses-m12_acq-15T_T1w.nii.gz,3,Dementia,bids_adni1
136_S_0195,m18,2007-10-03,/project/rrg-mchakrav-ab/moncia/ADNI/bids_adni1/sub-136S0195/ses-m18/anat/sub-136S0195_ses-m18_acq-15T_T1w.nii.gz,3,Dementia,bids_adni1
136_S_0195,m24,2008-04-03,/project/rrg-mchakrav-ab/moncia/ADNI/bids_adni1/sub-136S0195/ses-m24/anat/sub-136S0195_ses-m24_acq-3T_T1w.nii.gz,3,Dementia,bids_adni1
136_S_0195,m36,2009-04-03,/project/rrg-mchakrav-ab/moncia/ADNI/bids_adni1/sub-136S0195/ses-m36/anat/sub-136S0195_ses-m36_acq-15T_T1w.nii.gz,3,Dementia,bids_adni1
136_S_0429,m06,2006-12-26,/project/rrg-mchakrav-ab/moncia/ADNI/bids_adni1/sub-136S0429/ses-m06/anat/sub-136S0429_ses-m06_acq-15T_T1w.nii.gz,2,MCI,bids_adni1
136_S_0429,m24,2008-06-26,/project/rrg-mchakrav-ab/moncia/ADNI/bids_adni1/sub-136S0429/ses-m24/anat/sub-136S0429_ses-m24_acq-15T_T1w.nii.gz,2,MCI,bids_adni1
136_S_0429,m36,2009-06-26,/project/rrg-mchakrav-ab/moncia/ADNI/bids_adni1/sub-136S0429/ses-m36/anat/sub-136S0429_ses-m36_acq-15T_T1w.nii.gz,2,MCI,bids_adni1
136_S_0695,sc,2006-09-25,/project/rrg-mchakrav-ab/moncia/ADNI/bids_adni1/sub-136S0695/ses-sc/anat/sub-136S0695_ses-sc_acq-15T_T1w.nii.gz,2,MCI,bids_adni1
136_S_0695,m06,2007-03-26,/project/rrg-mchakrav-ab/moncia/ADNI/bids_adni1/sub-136S0695/ses-m06/anat/sub-136S0695_ses-m06_acq-15T_T1w.nii.gz,2,MCI,bids_adni1
136_S_0695,m12,2007-09-25,/project/rrg-mchakrav-ab/moncia/ADNI/bids_adni1/sub-136S0695/ses-m12/anat/sub-136S0695_ses-m12_acq-15T_T1w.nii.gz,3,Dementia,bids_adni1
136_S_0695,m24,2008-09-24,/project/rrg-mchakrav-ab/moncia/ADNI/bids_adni1/sub-136S0695/ses-m24/anat/sub-136S0695_ses-m24_acq-15T_T1w.nii.gz,3,Dementia,bids_adni1
136_S_0695,m36,2009-09-24,/project/rrg-mchakrav-ab/moncia/ADNI/bids_adni1/sub-136S0695/ses-m36/anat/sub-136S0695_ses-m36_acq-15T_T1w.nii.gz,3,Dementia,bids_adni1
136_S_0873,sc,2006-10-17,/project/rrg-mchakrav-ab/moncia/ADNI/bids_adni1/sub-136S0873/ses-sc/anat/sub-136S0873_ses-sc_acq-15T_T1w.nii.gz,2,MCI,bids_adni1
136_S_0873,m06,2007-04-17,/project/rrg-mchakrav-ab/moncia/ADNI/bids_adni1/sub-136S0873/ses-m06/anat/sub-136S0873_ses-m06_acq-15T_T1w.nii.gz,2,MCI,bids_adni1
136_S_0873,m18,2008-04-16,/project/rrg-mchakrav-ab/moncia/ADNI/bids_adni1/sub-136S0873/ses-m18/anat/sub-136S0873_ses-m18_acq-15T_T1w.nii.gz,3,Dementia,bids_adni1
136_S_0873,m24,2008-10-16,/project/rrg-mchakrav-ab/moncia/ADNI/bids_adni1/sub-136S0873/ses-m24/anat/sub-136S0873_ses-m24_acq-15T_T1w.nii.gz,3,Dementia,bids_adni1
136_S_0874,sc,2006-11-27,/project/rrg-mchakrav-ab/moncia/ADNI/bids_adni1/sub-136S0874/ses-sc/anat/sub-136S0874_ses-sc_acq-15T_T1w.nii.gz,2,MCI,bids_adni1
136_S_0874,m06,2007-05-28,/project/rrg-mchakrav-ab/moncia/ADNI/bids_adni1/sub-136S0874/ses-m06/anat/sub-136S0874_ses-m06_acq-15T_T1w.nii.gz,2,MCI,bids_adni1
136_S_0874,m12,2007-11-27,/project/rrg-mchakrav-ab/moncia/ADNI/bids_adni1/sub-136S0874/ses-m12/anat/sub-136S0874_ses-m12_acq-15T_T1w.nii.gz,2,MCI,bids_adni1
136_S_0874,m18,2008-05-27,/project/rrg-mchakrav-ab/moncia/ADNI/bids_adni1/sub-136S0874/ses-m18/anat/sub-136S0874_ses-m18_acq-15T_T1w.nii.gz,2,MCI,bids_adni1
136_S_0874,m24,2008-11-26,/project/rrg-mchakrav-ab/moncia/ADNI/bids_adni1/sub-136S0874/ses-m24/anat/sub-136S0874_ses-m24_acq-15T_T1w.nii.gz,3,Dementia,bids_adni1
136_S_0874,m36,2009-11-26,/project/rrg-mchakrav-ab/moncia/ADNI/bids_adni1/sub-136S0874/ses-m36/anat/sub-136S0874_ses-m36_acq-15T_T1w.nii.gz,3,Dementia,bids_adni1
136_S_1227,bl,2007-02-19,/project/rrg-mchakrav-ab/moncia/ADNI/bids_adni1/sub-136S1227/ses-bl/anat/sub-136S1227_ses-bl_acq-3T_T1w.nii.gz,2,MCI,bids_adni1
136_S_1227,sc,2007-02-19,/project/rrg-mchakrav-ab/moncia/ADNI/bids_adni1/sub-136S1227/ses-sc/anat/sub-136S1227_ses-sc_acq-15T_T1w.nii.gz,2,MCI,bids_adni1
136_S_1227,m18,2008-08-19,/project/rrg-mchakrav-ab/moncia/ADNI/bids_adni1/sub-136S1227/ses-m18/anat/sub-136S1227_ses-m18_acq-15T_T1w.nii.gz,2,MCI,bids_adni1
136_S_1227,m24,2009-02-18,/project/rrg-mchakrav-ab/moncia/ADNI/bids_adni1/sub-136S1227/ses-m24/anat/sub-136S1227_ses-m24_acq-15T_T1w.nii.gz,2,MCI,bids_adni1
136_S_1227,m36,2010-02-18,/project/rrg-mchakrav-ab/moncia/ADNI/bids_adni1/sub-136S1227/ses-m36/anat/sub-136S1227_ses-m36_acq-15T_T1w.nii.gz,2,MCI,bids_adni1
136_S_4189,m03,2011-11-14,/project/rrg-mchakrav-ab/moncia/ADNI/bids_adni_go2/sub-136S4189/ses-m03/anat/sub-136S4189_ses-m03_acq-3Taccel_T1w.nii.gz,2,MCI,bids_adni_go2
136_S_4189,m06,2012-02-13,/project/rrg-mchakrav-ab/moncia/ADNI/bids_adni_go2/sub-136S4189/ses-m06/anat/sub-136S4189_ses-m06_acq-3Taccel_T1w.nii.gz,2,MCI,bids_adni_go2
136_S_4189,m24,2013-08-14,/project/rrg-mchakrav-ab/moncia/ADNI/bids_adni_go2/sub-136S4189/ses-m24/anat/sub-136S4189_ses-m24_acq-3Taccel_T1w.nii.gz,3,Dementia,bids_adni_go2
137_S_0158,sc,2006-03-20,/project/rrg-mchakrav-ab/moncia/ADNI/bids_adni1/sub-137S0158/ses-sc/anat/sub-137S0158_ses-sc_acq-15T_T1w.nii.gz,2,MCI,bids_adni1
137_S_0158,m06,2006-09-18,/project/rrg-mchakrav-ab/moncia/ADNI/bids_adni1/sub-137S0158/ses-m06/anat/sub-137S0158_ses-m06_acq-15T_T1w.nii.gz,2,MCI,bids_adni1
137_S_0158,m12,2007-03-20,/project/rrg-mchakrav-ab/moncia/ADNI/bids_adni1/sub-137S0158/ses-m12/anat/sub-137S0158_ses-m12_acq-15T_T1w.nii.gz,2,MCI,bids_adni1
137_S_0158,m18,2007-09-18,/project/rrg-mchakrav-ab/moncia/ADNI/bids_adni1/sub-137S0158/ses-m18/anat/sub-137S0158_ses-m18_acq-15T_T1w.nii.gz,2,MCI,bids_adni1
137_S_0158,m24,2008-03-19,/project/rrg-mchakrav-ab/moncia/ADNI/bids_adni1/sub-137S0158/ses-m24/anat/sub-137S0158_ses-m24_acq-15T_T1w.nii.gz,2,MCI,bids_adni1
137_S_0158,m36,2009-03-19,/project/rrg-mchakrav-ab/moncia/ADNI/bids_adni1/sub-137S0158/ses-m36/anat/sub-137S0158_ses-m36_acq-15T_T1w.nii.gz,2,MCI,bids_adni1
137_S_0443,m06,2007-05-04,/project/rrg-mchakrav-ab/moncia/ADNI/bids_adni1/sub-137S0443/ses-m06/anat/sub-137S0443_ses-m06_acq-15T_T1w.nii.gz,2,MCI,bids_adni1
137_S_0443,m12,2007-11-03,/project/rrg-mchakrav-ab/moncia/ADNI/bids_adni1/sub-137S0443/ses-m12/anat/sub-137S0443_ses-m12_acq-15T_T1w.nii.gz,1,CN,bids_adni1
137_S_0443,m18,2008-05-03,/project/rrg-mchakrav-ab/moncia/ADNI/bids_adni1/sub-137S0443/ses-m18/anat/sub-137S0443_ses-m18_acq-15T_T1w.nii.gz,1,CN,bids_adni1
137_S_0443,m24,2008-11-02,/project/rrg-mchakrav-ab/moncia/ADNI/bids_adni1/sub-137S0443/ses-m24/anat/sub-137S0443_ses-m24_acq-15T_T1w.nii.gz,1,CN,bids_adni1
137_S_0481,m06,2006-12-11,/project/rrg-mchakrav-ab/moncia/ADNI/bids_adni1/sub-137S0481/ses-m06/anat/sub-137S0481_ses-m06_acq-15T_T1w.nii.gz,2,MCI,bids_adni1
137_S_0481,m12,2007-06-12,/project/rrg-mchakrav-ab/moncia/ADNI/bids_adni1/sub-137S0481/ses-m12/anat/sub-137S0481_ses-m12_acq-15T_T1w.nii.gz,2,MCI,bids_adni1
137_S_0481,m18,2007-12-11,/project/rrg-mchakrav-ab/moncia/ADNI/bids_adni1/sub-137S0481/ses-m18/anat/sub-137S0481_ses-m18_acq-15T_T1w.nii.gz,2,MCI,bids_adni1
137_S_0481,m24,2008-06-11,/project/rrg-mchakrav-ab/moncia/ADNI/bids_adni1/sub-137S0481/ses-m24/anat/sub-137S0481_ses-m24_acq-15T_T1w.nii.gz,2,MCI,bids_adni1
137_S_0631,sc,2006-07-13,/project/rrg-mchakrav-ab/moncia/ADNI/bids_adni1/sub-137S0631/ses-sc/anat/sub-137S0631_ses-sc_acq-15T_T1w.nii.gz,2,MCI,bids_adni1
137_S_0631,m06,2007-01-11,/project/rrg-mchakrav-ab/moncia/ADNI/bids_adni1/sub-137S0631/ses-m06/anat/sub-137S0631_ses-m06_acq-15T_T1w.nii.gz,3,Dementia,bids_adni1
137_S_0631,m12,2007-07-13,/project/rrg-mchakrav-ab/moncia/ADNI/bids_adni1/sub-137S0631/ses-m12/anat/sub-137S0631_ses-m12_acq-15T_T1w.nii.gz,3,Dementia,bids_adni1
137_S_0631,m18,2008-01-11,/project/rrg-mchakrav-ab/moncia/ADNI/bids_adni1/sub-137S0631/ses-m18/anat/sub-137S0631_ses-m18_acq-15T_T1w.nii.gz,3,Dementia,bids_adni1
137_S_0631,m24,2008-07-12,/project/rrg-mchakrav-ab/moncia/ADNI/bids_adni1/sub-137S0631/ses-m24/anat/sub-137S0631_ses-m24_acq-15T_T1w.nii.gz,3,Dementia,bids_adni1
137_S_0668,sc,2006-09-11,/project/rrg-mchakrav-ab/moncia/ADNI/bids_adni1/sub-137S0668/ses-sc/anat/sub-137S0668_ses-sc_acq-15T_T1w.nii.gz,2,MCI,bids_adni1
137_S_0668,m06,2007-03-12,/project/rrg-mchakrav-ab/moncia/ADNI/bids_adni1/sub-137S0668/ses-m06/anat/sub-137S0668_ses-m06_acq-15T_T1w.nii.gz,2,MCI,bids_adni1
137_S_0668,m12,2007-09-11,/project/rrg-mchakrav-ab/moncia/ADNI/bids_adni1/sub-137S0668/ses-m12/anat/sub-137S0668_ses-m12_acq-15T_T1w.nii.gz,2,MCI,bids_adni1
137_S_0668,m24,2008-09-10,/project/rrg-mchakrav-ab/moncia/ADNI/bids_adni1/sub-137S0668/ses-m24/anat/sub-137S0668_ses-m24_acq-15T_T1w.nii.gz,2,MCI,bids_adni1
137_S_0668,m72,2012-09-10,/project/rrg-mchakrav-ab/moncia/ADNI/bids_adni_go2/sub-137S0668/ses-m72/anat/sub-137S0668_ses-m72_acq-3Taccel_T1w.nii.gz,1,CN,bids_adni_go2
137_S_0668,m84,2013-09-10,/project/rrg-mchakrav-ab/moncia/ADNI/bids_adni_go2/sub-137S0668/ses-m84/anat/sub-137S0668_ses-m84_acq-3Taccel_T1w.nii.gz,1,CN,bids_adni_go2
137_S_0668,m96,2014-09-11,/project/rrg-mchakrav-ab/moncia/ADNI/bids_adni_go2/sub-137S0668/ses-m96/anat/sub-137S0668_ses-m96_acq-3Taccel_T1w.nii.gz,1,CN,bids_adni_go2
137_S_0668,m120,2016-09-10,/project/rrg-mchakrav-ab/moncia/ADNI/bids_adni_go2/sub-137S0668/ses-m120/anat/sub-137S0668_ses-m120_acq-3Taccel_T1w.nii.gz,1,CN,bids_adni_go2
137_S_0669,sc,2006-08-23,/project/rrg-mchakrav-ab/moncia/ADNI/bids_adni1/sub-137S0669/ses-sc/anat/sub-137S0669_ses-sc_acq-15T_T1w.nii.gz,2,MCI,bids_adni1
137_S_0669,m06,2007-02-21,/project/rrg-mchakrav-ab/moncia/ADNI/bids_adni1/sub-137S0669/ses-m06/anat/sub-137S0669_ses-m06_acq-15T_T1w.nii.gz,1,CN,bids_adni1
137_S_0669,m12,2007-08-23,/project/rrg-mchakrav-ab/moncia/ADNI/bids_adni1/sub-137S0669/ses-m12/anat/sub-137S0669_ses-m12_acq-15T_T1w.nii.gz,2,MCI,bids_adni1
137_S_0669,m18,2008-02-21,/project/rrg-mchakrav-ab/moncia/ADNI/bids_adni1/sub-137S0669/ses-m18/anat/sub-137S0669_ses-m18_acq-15T_T1w.nii.gz,1,CN,bids_adni1
137_S_0669,m24,2008-08-22,/project/rrg-mchakrav-ab/moncia/ADNI/bids_adni1/sub-137S0669/ses-m24/anat/sub-137S0669_ses-m24_acq-15T_T1w.nii.gz,1,CN,bids_adni1
137_S_0722,m06,2007-03-13,/project/rrg-mchakrav-ab/moncia/ADNI/bids_adni1/sub-137S0722/ses-m06/anat/sub-137S0722_ses-m06_acq-15T_T1w.nii.gz,2,MCI,bids_adni1
137_S_0722,m18,2008-03-12,/project/rrg-mchakrav-ab/moncia/ADNI/bids_adni1/sub-137S0722/ses-m18/anat/sub-137S0722_ses-m18_acq-15T_T1w.nii.gz,1,CN,bids_adni1
137_S_0722,m24,2008-09-11,/project/rrg-mchakrav-ab/moncia/ADNI/bids_adni1/sub-137S0722/ses-m24/anat/sub-137S0722_ses-m24_acq-15T_T1w.nii.gz,1,CN,bids_adni1
137_S_0722,m36,2009-09-11,/project/rrg-mchakrav-ab/moncia/ADNI/bids_adni1/sub-137S0722/ses-m36/anat/sub-137S0722_ses-m36_acq-15T_T1w.nii.gz,1,CN,bids_adni1
137_S_0722,m72,2012-09-11,/project/rrg-mchakrav-ab/moncia/ADNI/bids_adni_go2/sub-137S0722/ses-m72/anat/sub-137S0722_ses-m72_acq-3Taccel_T1w.nii.gz,1,CN,bids_adni_go2
137_S_0722,m84,2013-09-11,/project/rrg-mchakrav-ab/moncia/ADNI/bids_adni_go2/sub-137S0722/ses-m84/anat/sub-137S0722_ses-m84_acq-3Taccel_T1w.nii.gz,1,CN,bids_adni_go2
137_S_0722,m96,2014-09-12,/project/rrg-mchakrav-ab/moncia/ADNI/bids_adni_go2/sub-137S0722/ses-m96/anat/sub-137S0722_ses-m96_acq-3Taccel_T1w.nii.gz,2,MCI,bids_adni_go2
137_S_0800,sc,2006-09-01,/project/rrg-mchakrav-ab/moncia/ADNI/bids_adni1/sub-137S0800/ses-sc/anat/sub-137S0800_ses-sc_acq-15T_T1w.nii.gz,2,MCI,bids_adni1
137_S_0800,m06,2007-03-02,/project/rrg-mchakrav-ab/moncia/ADNI/bids_adni1/sub-137S0800/ses-m06/anat/sub-137S0800_ses-m06_acq-15T_T1w.nii.gz,2,MCI,bids_adni1
137_S_0800,m24,2008-08-31,/project/rrg-mchakrav-ab/moncia/ADNI/bids_adni1/sub-137S0800/ses-m24/anat/sub-137S0800_ses-m24_acq-15T_T1w.nii.gz,2,MCI,bids_adni1
137_S_0800,m48,2010-09-01,/project/rrg-mchakrav-ab/moncia/ADNI/bids_adni1/sub-137S0800/ses-m48/anat/sub-137S0800_ses-m48_acq-15T_T1w.nii.gz,2,MCI,bids_adni1
137_S_0800,m72,2012-08-31,/project/rrg-mchakrav-ab/moncia/ADNI/bids_adni_go2/sub-137S0800/ses-m72/anat/sub-137S0800_ses-m72_acq-3Taccel_T1w.nii.gz,2,MCI,bids_adni_go2
137_S_0800,m84,2013-08-31,/project/rrg-mchakrav-ab/moncia/ADNI/bids_adni_go2/sub-137S0800/ses-m84/anat/sub-137S0800_ses-m84_acq-3Taccel_T1w.nii.gz,2,MCI,bids_adni_go2
137_S_0800,m96,2014-09-01,/project/rrg-mchakrav-ab/moncia/ADNI/bids_adni_go2/sub-137S0800/ses-m96/anat/sub-137S0800_ses-m96_acq-3Taccel_T1w.nii.gz,2,MCI,bids_adni_go2
137_S_0800,m120,2016-08-31,/project/rrg-mchakrav-ab/moncia/ADNI/bids_adni_go2/sub-137S0800/ses-m120/anat/sub-137S0800_ses-m120_acq-3Taccel_T1w.nii.gz,2,MCI,bids_adni_go2
137_S_0973,sc,2006-12-12,/project/rrg-mchakrav-ab/moncia/ADNI/bids_adni1/sub-137S0973/ses-sc/anat/sub-137S0973_ses-sc_acq-15T_T1w.nii.gz,2,MCI,bids_adni1
137_S_0973,m06,2007-06-12,/project/rrg-mchakrav-ab/moncia/ADNI/bids_adni1/sub-137S0973/ses-m06/anat/sub-137S0973_ses-m06_acq-15T_T1w.nii.gz,2,MCI,bids_adni1
137_S_0973,m12,2007-12-12,/project/rrg-mchakrav-ab/moncia/ADNI/bids_adni1/sub-137S0973/ses-m12/anat/sub-137S0973_ses-m12_acq-15T_T1w.nii.gz,2,MCI,bids_adni1
137_S_0973,m18,2008-06-11,/project/rrg-mchakrav-ab/moncia/ADNI/bids_adni1/sub-137S0973/ses-m18/anat/sub-137S0973_ses-m18_acq-15T_T1w.nii.gz,2,MCI,bids_adni1
137_S_0973,m24,2008-12-11,/project/rrg-mchakrav-ab/moncia/ADNI/bids_adni1/sub-137S0973/ses-m24/anat/sub-137S0973_ses-m24_acq-15T_T1w.nii.gz,2,MCI,bids_adni1
137_S_0973,m36,2009-12-11,/project/rrg-mchakrav-ab/moncia/ADNI/bids_adni1/sub-137S0973/ses-m36/anat/sub-137S0973_ses-m36_acq-15T_T1w.nii.gz,3,Dementia,bids_adni1
137_S_0994,sc,2006-12-20,/project/rrg-mchakrav-ab/moncia/ADNI/bids_adni1/sub-137S0994/ses-sc/anat/sub-137S0994_ses-sc_acq-15T_T1w.nii.gz,2,MCI,bids_adni1
137_S_0994,m06,2007-06-20,/project/rrg-mchakrav-ab/moncia/ADNI/bids_adni1/sub-137S0994/ses-m06/anat/sub-137S0994_ses-m06_acq-15T_T1w.nii.gz,2,MCI,bids_adni1
137_S_0994,m18,2008-06-19,/project/rrg-mchakrav-ab/moncia/ADNI/bids_adni1/sub-137S0994/ses-m18/anat/sub-137S0994_ses-m18_acq-15T_T1w.nii.gz,2,MCI,bids_adni1
137_S_0994,m24,2008-12-19,/project/rrg-mchakrav-ab/moncia/ADNI/bids_adni1/sub-137S0994/ses-m24/anat/sub-137S0994_ses-m24_acq-15T_T1w.nii.gz,2,MCI,bids_adni1
137_S_0994,m36,2009-12-19,/project/rrg-mchakrav-ab/moncia/ADNI/bids_adni1/sub-137S0994/ses-m36/anat/sub-137S0994_ses-m36_acq-15T_T1w.nii.gz,2,MCI,bids_adni1
137_S_0994,m72,2012-12-19,/project/rrg-mchakrav-ab/moncia/ADNI/bids_adni_go2/sub-137S0994/ses-m72/anat/sub-137S0994_ses-m72_acq-3Taccel_T1w.nii.gz,3,Dementia,bids_adni_go2
137_S_0994,m84,2013-12-19,/project/rrg-mchakrav-ab/moncia/ADNI/bids_adni_go2/sub-137S0994/ses-m84/anat/sub-137S0994_ses-m84_acq-3Taccel_T1w.nii.gz,3,Dementia,bids_adni_go2
137_S_0994,m96,2014-12-20,/project/rrg-mchakrav-ab/moncia/ADNI/bids_adni_go2/sub-137S0994/ses-m96/anat/sub-137S0994_ses-m96_acq-3Taccel_T1w.nii.gz,3,Dementia,bids_adni_go2
137_S_1414,sc,2007-09-18,/project/rrg-mchakrav-ab/moncia/ADNI/bids_adni1/sub-137S1414/ses-sc/anat/sub-137S1414_ses-sc_acq-15T_T1w.nii.gz,2,MCI,bids_adni1
137_S_1414,m06,2008-03-18,/project/rrg-mchakrav-ab/moncia/ADNI/bids_adni1/sub-137S1414/ses-m06/anat/sub-137S1414_ses-m06_acq-15T_T1w.nii.gz,2,MCI,bids_adni1
137_S_1414,m12,2008-09-17,/project/rrg-mchakrav-ab/moncia/ADNI/bids_adni1/sub-137S1414/ses-m12/anat/sub-137S1414_ses-m12_acq-15T_T1w.nii.gz,2,MCI,bids_adni1
137_S_1414,m18,2009-03-18,/project/rrg-mchakrav-ab/moncia/ADNI/bids_adni1/sub-137S1414/ses-m18/anat/sub-137S1414_ses-m18_acq-15T_T1w.nii.gz,2,MCI,bids_adni1
137_S_1414,m36,2010-09-17,/project/rrg-mchakrav-ab/moncia/ADNI/bids_adni1/sub-137S1414/ses-m36/anat/sub-137S1414_ses-m36_acq-15T_T1w.nii.gz,2,MCI,bids_adni1
137_S_1414,m60,2012-09-17,/project/rrg-mchakrav-ab/moncia/ADNI/bids_adni_go2/sub-137S1414/ses-m60/anat/sub-137S1414_ses-m60_acq-3Taccel_T1w.nii.gz,2,MCI,bids_adni_go2
137_S_1414,m72,2013-09-17,/project/rrg-mchakrav-ab/moncia/ADNI/bids_adni_go2/sub-137S1414/ses-m72/anat/sub-137S1414_ses-m72_acq-3Taccel_T1w.nii.gz,2,MCI,bids_adni_go2
137_S_1414,m84,2014-09-17,/project/rrg-mchakrav-ab/moncia/ADNI/bids_adni_go2/sub-137S1414/ses-m84/anat/sub-137S1414_ses-m84_acq-3Taccel_T1w.nii.gz,2,MCI,bids_adni_go2
137_S_1414,m96,2015-09-18,/project/rrg-mchakrav-ab/moncia/ADNI/bids_adni_go2/sub-137S1414/ses-m96/anat/sub-137S1414_ses-m96_acq-3Taccel_T1w.nii.gz,2,MCI,bids_adni_go2
137_S_4299,m03,2012-01-11,/project/rrg-mchakrav-ab/moncia/ADNI/bids_adni_go2/sub-137S4299/ses-m03/anat/sub-137S4299_ses-m03_acq-3Taccel_T1w.nii.gz,2,MCI,bids_adni_go2
137_S_4299,m06,2012-04-11,/project/rrg-mchakrav-ab/moncia/ADNI/bids_adni_go2/sub-137S4299/ses-m06/anat/sub-137S4299_ses-m06_acq-3Taccel_T1w.nii.gz,2,MCI,bids_adni_go2
137_S_4299,m12,2012-10-11,/project/rrg-mchakrav-ab/moncia/ADNI/bids_adni_go2/sub-137S4299/ses-m12/anat/sub-137S4299_ses-m12_acq-3Taccel_T1w.nii.gz,2,MCI,bids_adni_go2
137_S_4299,m24,2013-10-11,/project/rrg-mchakrav-ab/moncia/ADNI/bids_adni_go2/sub-137S4299/ses-m24/anat/sub-137S4299_ses-m24_acq-3Taccel_T1w.nii.gz,2,MCI,bids_adni_go2
137_S_4299,m72,2017-10-11,/project/rrg-mchakrav-ab/moncia/ADNI/bids_adni3/sub-137S4299/ses-m72/anat/sub-137S4299_ses-m72_acq-3T_T1w.nii.gz,2,MCI,bids_adni3
137_S_4299,m84,2018-10-11,/project/rrg-mchakrav-ab/moncia/ADNI/bids_adni3/sub-137S4299/ses-m84/anat/sub-137S4299_ses-m84_acq-3T_T1w.nii.gz,2,MCI,bids_adni3
137_S_4303,m03,2012-01-12,/project/rrg-mchakrav-ab/moncia/ADNI/bids_adni_go2/sub-137S4303/ses-m03/anat/sub-137S4303_ses-m03_acq-3Taccel_T1w.nii.gz,2,MCI,bids_adni_go2
137_S_4303,m06,2012-04-12,/project/rrg-mchakrav-ab/moncia/ADNI/bids_adni_go2/sub-137S4303/ses-m06/anat/sub-137S4303_ses-m06_acq-3Taccel_T1w.nii.gz,2,MCI,bids_adni_go2
137_S_4303,m12,2012-10-12,/project/rrg-mchakrav-ab/moncia/ADNI/bids_adni_go2/sub-137S4303/ses-m12/anat/sub-137S4303_ses-m12_acq-3Taccel_T1w.nii.gz,2,MCI,bids_adni_go2
137_S_4331,m03,2012-01-24,/project/rrg-mchakrav-ab/moncia/ADNI/bids_adni_go2/sub-137S4331/ses-m03/anat/sub-137S4331_ses-m03_acq-3Taccel_T1w.nii.gz,2,MCI,bids_adni_go2
137_S_4331,m06,2012-04-24,/project/rrg-mchakrav-ab/moncia/ADNI/bids_adni_go2/sub-137S4331/ses-m06/anat/sub-137S4331_ses-m06_acq-3Taccel_T1w.nii.gz,2,MCI,bids_adni_go2
137_S_4331,m12,2012-10-24,/project/rrg-mchakrav-ab/moncia/ADNI/bids_adni_go2/sub-137S4331/ses-m12/anat/sub-137S4331_ses-m12_acq-3Taccel_T1w.nii.gz,2,MCI,bids_adni_go2
137_S_4331,m24,2013-10-24,/project/rrg-mchakrav-ab/moncia/ADNI/bids_adni_go2/sub-137S4331/ses-m24/anat/sub-137S4331_ses-m24_acq-3Taccel_T1w.nii.gz,2,MCI,bids_adni_go2
137_S_4331,m48,2015-10-25,/project/rrg-mchakrav-ab/moncia/ADNI/bids_adni_go2/sub-137S4331/ses-m48/anat/sub-137S4331_ses-m48_acq-3Taccel_T1w.nii.gz,3,Dementia,bids_adni_go2
137_S_4351,m03,2012-01-31,/project/rrg-mchakrav-ab/moncia/ADNI/bids_adni_go2/sub-137S4351/ses-m03/anat/sub-137S4351_ses-m03_acq-3Taccel_T1w.nii.gz,2,MCI,bids_adni_go2
137_S_4351,m06,2012-05-01,/project/rrg-mchakrav-ab/moncia/ADNI/bids_adni_go2/sub-137S4351/ses-m06/anat/sub-137S4351_ses-m06_acq-3Taccel_T1w.nii.gz,2,MCI,bids_adni_go2
137_S_4351,m12,2012-10-31,/project/rrg-mchakrav-ab/moncia/ADNI/bids_adni_go2/sub-137S4351/ses-m12/anat/sub-137S4351_ses-m12_acq-3Taccel_T1w.nii.gz,1,CN,bids_adni_go2
137_S_4351,m24,2013-10-31,/project/rrg-mchakrav-ab/moncia/ADNI/bids_adni_go2/sub-137S4351/ses-m24/anat/sub-137S4351_ses-m24_acq-3Taccel_T1w.nii.gz,1,CN,bids_adni_go2
137_S_4351,m48,2015-11-01,/project/rrg-mchakrav-ab/moncia/ADNI/bids_adni_go2/sub-137S4351/ses-m48/anat/sub-137S4351_ses-m48_acq-3Taccel_T1w.nii.gz,1,CN,bids_adni_go2
137_S_4351,m72,2017-10-31,/project/rrg-mchakrav-ab/moncia/ADNI/bids_adni3/sub-137S4351/ses-m72/anat/sub-137S4351_ses-m72_acq-3T_T1w.nii.gz,2,MCI,bids_adni3
137_S_4351,m96,2019-11-01,/project/rrg-mchakrav-ab/moncia/ADNI/bids_adni3/sub-137S4351/ses-m96/anat/sub-137S4351_ses-m96_acq-3T_T1w.nii.gz,2,MCI,bids_adni3
137_S_4536,m03,2012-05-09,/project/rrg-mchakrav-ab/moncia/ADNI/bids_adni_go2/sub-137S4536/ses-m03/anat/sub-137S4536_ses-m03_acq-3Taccel_T1w.nii.gz,2,MCI,bids_adni_go2
137_S_4536,m06,2012-08-08,/project/rrg-mchakrav-ab/moncia/ADNI/bids_adni_go2/sub-137S4536/ses-m06/anat/sub-137S4536_ses-m06_acq-3Taccel_T1w.nii.gz,2,MCI,bids_adni_go2
137_S_4536,m12,2013-02-07,/project/rrg-mchakrav-ab/moncia/ADNI/bids_adni_go2/sub-137S4536/ses-m12/anat/sub-137S4536_ses-m12_acq-3Taccel_T1w.nii.gz,2,MCI,bids_adni_go2
137_S_4536,m24,2014-02-07,/project/rrg-mchakrav-ab/moncia/ADNI/bids_adni_go2/sub-137S4536/ses-m24/anat/sub-137S4536_ses-m24_acq-3Taccel_T1w.nii.gz,2,MCI,bids_adni_go2
137_S_4536,m48,2016-02-08,/project/rrg-mchakrav-ab/moncia/ADNI/bids_adni_go2/sub-137S4536/ses-m48/anat/sub-137S4536_ses-m48_acq-3Taccel_T1w.nii.gz,2,MCI,bids_adni_go2
137_S_4536,m66,2017-08-09,/project/rrg-mchakrav-ab/moncia/ADNI/bids_adni3/sub-137S4536/ses-m66/anat/sub-137S4536_ses-m66_acq-3T_T1w.nii.gz,2,MCI,bids_adni3
137_S_4536,m78,2018-08-09,/project/rrg-mchakrav-ab/moncia/ADNI/bids_adni3/sub-137S4536/ses-m78/anat/sub-137S4536_ses-m78_acq-3T_T1w.nii.gz,2,MCI,bids_adni3
137_S_4536,m90,2019-08-09,/project/rrg-mchakrav-ab/moncia/ADNI/bids_adni3/sub-137S4536/ses-m90/anat/sub-137S4536_ses-m90_acq-3T_T1w.nii.gz,2,MCI,bids_adni3
137_S_4536,m102,2020-08-08,/project/rrg-mchakrav-ab/moncia/ADNI/bids_adni3/sub-137S4536/ses-m102/anat/sub-137S4536_ses-m102_acq-3T_T1w.nii.gz,2,MCI,bids_adni3
137_S_4596,m03,2012-06-06,/project/rrg-mchakrav-ab/moncia/ADNI/bids_adni_go2/sub-137S4596/ses-m03/anat/sub-137S4596_ses-m03_acq-3Taccel_T1w.nii.gz,2,MCI,bids_adni_go2
137_S_4596,m06,2012-09-05,/project/rrg-mchakrav-ab/moncia/ADNI/bids_adni_go2/sub-137S4596/ses-m06/anat/sub-137S4596_ses-m06_acq-3Taccel_T1w.nii.gz,2,MCI,bids_adni_go2
137_S_4596,m12,2013-03-07,/project/rrg-mchakrav-ab/moncia/ADNI/bids_adni_go2/sub-137S4596/ses-m12/anat/sub-137S4596_ses-m12_acq-3Taccel_T1w.nii.gz,2,MCI,bids_adni_go2
137_S_4596,m24,2014-03-07,/project/rrg-mchakrav-ab/moncia/ADNI/bids_adni_go2/sub-137S4596/ses-m24/anat/sub-137S4596_ses-m24_acq-3Taccel_T1w.nii.gz,3,Dementia,bids_adni_go2
137_S_4623,m03,2012-06-19,/project/rrg-mchakrav-ab/moncia/ADNI/bids_adni_go2/sub-137S4623/ses-m03/anat/sub-137S4623_ses-m03_acq-3Taccel_T1w.nii.gz,2,MCI,bids_adni_go2
137_S_4623,m06,2012-09-18,/project/rrg-mchakrav-ab/moncia/ADNI/bids_adni_go2/sub-137S4623/ses-m06/anat/sub-137S4623_ses-m06_acq-3Taccel_T1w.nii.gz,2,MCI,bids_adni_go2
137_S_4623,m12,2013-03-20,/project/rrg-mchakrav-ab/moncia/ADNI/bids_adni_go2/sub-137S4623/ses-m12/anat/sub-137S4623_ses-m12_acq-3Taccel_T1w.nii.gz,2,MCI,bids_adni_go2
137_S_4623,m24,2014-03-20,/project/rrg-mchakrav-ab/moncia/ADNI/bids_adni_go2/sub-137S4623/ses-m24/anat/sub-137S4623_ses-m24_acq-3Taccel_T1w.nii.gz,2,MCI,bids_adni_go2
137_S_4623,m48,2016-03-20,/project/rrg-mchakrav-ab/moncia/ADNI/bids_adni_go2/sub-137S4623/ses-m48/anat/sub-137S4623_ses-m48_acq-3Taccel_T1w.nii.gz,3,Dementia,bids_adni_go2
137_S_4631,m03,2012-06-20,/project/rrg-mchakrav-ab/moncia/ADNI/bids_adni_go2/sub-137S4631/ses-m03/anat/sub-137S4631_ses-m03_acq-3Taccel_T1w.nii.gz,2,MCI,bids_adni_go2
137_S_4631,m06,2012-09-19,/project/rrg-mchakrav-ab/moncia/ADNI/bids_adni_go2/sub-137S4631/ses-m06/anat/sub-137S4631_ses-m06_acq-3Taccel_T1w.nii.gz,2,MCI,bids_adni_go2
137_S_4631,m12,2013-03-21,/project/rrg-mchakrav-ab/moncia/ADNI/bids_adni_go2/sub-137S4631/ses-m12/anat/sub-137S4631_ses-m12_acq-3Taccel_T1w.nii.gz,2,MCI,bids_adni_go2
137_S_4631,m24,2014-03-21,/project/rrg-mchakrav-ab/moncia/ADNI/bids_adni_go2/sub-137S4631/ses-m24/anat/sub-137S4631_ses-m24_acq-3Taccel_T1w.nii.gz,2,MCI,bids_adni_go2
137_S_4631,m48,2016-03-21,/project/rrg-mchakrav-ab/moncia/ADNI/bids_adni_go2/sub-137S4631/ses-m48/anat/sub-137S4631_ses-m48_acq-3Taccel_T1w.nii.gz,3,Dementia,bids_adni_go2
137_S_4631,m78,2018-09-20,/project/rrg-mchakrav-ab/moncia/ADNI/bids_adni3/sub-137S4631/ses-m78/anat/sub-137S4631_ses-m78_acq-3T_T1w.nii.gz,3,Dementia,bids_adni3
137_S_4631,m90,2019-09-20,/project/rrg-mchakrav-ab/moncia/ADNI/bids_adni3/sub-137S4631/ses-m90/anat/sub-137S4631_ses-m90_acq-3T_T1w.nii.gz,3,Dementia,bids_adni3
137_S_4631,m102,2020-09-19,/project/rrg-mchakrav-ab/moncia/ADNI/bids_adni3/sub-137S4631/ses-m102/anat/sub-137S4631_ses-m102_acq-3T_T1w.nii.gz,3,Dementia,bids_adni3
137_S_4631,m162,2025-09-20,/project/rrg-mchakrav-ab/moncia/ADNI/bids_adni4_qc/sub-137S4631/ses-m162/anat/sub-137S4631_ses-m162_acq-3Taccel_T1w.nii.gz,3,Dementia,bids_adni4_qc
137_S_4678,m03,2012-07-11,/project/rrg-mchakrav-ab/moncia/ADNI/bids_adni_go2/sub-137S4678/ses-m03/anat/sub-137S4678_ses-m03_acq-3Taccel_T1w.nii.gz,2,MCI,bids_adni_go2
137_S_4678,m06,2012-10-10,/project/rrg-mchakrav-ab/moncia/ADNI/bids_adni_go2/sub-137S4678/ses-m06/anat/sub-137S4678_ses-m06_acq-3Taccel_T1w.nii.gz,2,MCI,bids_adni_go2
137_S_4678,m12,2013-04-11,/project/rrg-mchakrav-ab/moncia/ADNI/bids_adni_go2/sub-137S4678/ses-m12/anat/sub-137S4678_ses-m12_acq-3Taccel_T1w.nii.gz,2,MCI,bids_adni_go2
137_S_4678,m24,2014-04-11,/project/rrg-mchakrav-ab/moncia/ADNI/bids_adni_go2/sub-137S4678/ses-m24/anat/sub-137S4678_ses-m24_acq-3Taccel_T1w.nii.gz,2,MCI,bids_adni_go2
137_S_4815,m03,2012-09-17,/project/rrg-mchakrav-ab/moncia/ADNI/bids_adni_go2/sub-137S4815/ses-m03/anat/sub-137S4815_ses-m03_acq-3Taccel_T1w.nii.gz,2,MCI,bids_adni_go2
137_S_4815,m06,2012-12-17,/project/rrg-mchakrav-ab/moncia/ADNI/bids_adni_go2/sub-137S4815/ses-m06/anat/sub-137S4815_ses-m06_acq-3Taccel_T1w.nii.gz,2,MCI,bids_adni_go2
137_S_4815,m12,2013-06-18,/project/rrg-mchakrav-ab/moncia/ADNI/bids_adni_go2/sub-137S4815/ses-m12/anat/sub-137S4815_ses-m12_acq-3Taccel_T1w.nii.gz,2,MCI,bids_adni_go2
137_S_4815,m24,2014-06-18,/project/rrg-mchakrav-ab/moncia/ADNI/bids_adni_go2/sub-137S4815/ses-m24/anat/sub-137S4815_ses-m24_acq-3Taccel_T1w.nii.gz,3,Dementia,bids_adni_go2
137_S_4816,m03,2012-09-18,/project/rrg-mchakrav-ab/moncia/ADNI/bids_adni_go2/sub-137S4816/ses-m03/anat/sub-137S4816_ses-m03_acq-3Taccel_T1w.nii.gz,2,MCI,bids_adni_go2
137_S_4816,m06,2012-12-18,/project/rrg-mchakrav-ab/moncia/ADNI/bids_adni_go2/sub-137S4816/ses-m06/anat/sub-137S4816_ses-m06_acq-3Taccel_T1w.nii.gz,2,MCI,bids_adni_go2
137_S_4816,m12,2013-06-19,/project/rrg-mchakrav-ab/moncia/ADNI/bids_adni_go2/sub-137S4816/ses-m12/anat/sub-137S4816_ses-m12_acq-3Taccel_T1w.nii.gz,2,MCI,bids_adni_go2
137_S_4816,m24,2014-06-19,/project/rrg-mchakrav-ab/moncia/ADNI/bids_adni_go2/sub-137S4816/ses-m24/anat/sub-137S4816_ses-m24_acq-3Taccel_T1w.nii.gz,3,Dementia,bids_adni_go2
137_S_4816,m48,2016-06-19,/project/rrg-mchakrav-ab/moncia/ADNI/bids_adni_go2/sub-137S4816/ses-m48/anat/sub-137S4816_ses-m48_acq-3Taccel_T1w.nii.gz,3,Dementia,bids_adni_go2
137_S_4852,m03,2012-10-08,/project/rrg-mchakrav-ab/moncia/ADNI/bids_adni_go2/sub-137S4852/ses-m03/anat/sub-137S4852_ses-m03_acq-3Taccel_T1w.nii.gz,2,MCI,bids_adni_go2
137_S_4852,m06,2013-01-07,/project/rrg-mchakrav-ab/moncia/ADNI/bids_adni_go2/sub-137S4852/ses-m06/anat/sub-137S4852_ses-m06_acq-3Taccel_T1w.nii.gz,2,MCI,bids_adni_go2
137_S_4852,m12,2013-07-09,/project/rrg-mchakrav-ab/moncia/ADNI/bids_adni_go2/sub-137S4852/ses-m12/anat/sub-137S4852_ses-m12_acq-3Taccel_T1w.nii.gz,2,MCI,bids_adni_go2
137_S_6693,sc,2019-02-22,/project/rrg-mchakrav-ab/moncia/ADNI/bids_adni3/sub-137S6693/ses-sc/anat/sub-137S6693_ses-sc_acq-3T_T1w.nii.gz,2,MCI,bids_adni3
137_S_6693,m12,2020-02-22,/project/rrg-mchakrav-ab/moncia/ADNI/bids_adni3/sub-137S6693/ses-m12/anat/sub-137S6693_ses-m12_acq-3T_T1w.nii.gz,2,MCI,bids_adni3
137_S_6693,m60,2024-02-22,/project/rrg-mchakrav-ab/moncia/ADNI/bids_adni4_qc/sub-137S6693/ses-m60/anat/sub-137S6693_ses-m60_acq-3Taccel_T1w.nii.gz,3,Dementia,bids_adni4_qc
137_S_6693,m72,2025-02-21,/project/rrg-mchakrav-ab/moncia/ADNI/bids_adni4_qc/sub-137S6693/ses-m72/anat/sub-137S6693_ses-m72_acq-3Taccel_T1w.nii.gz,3,Dementia,bids_adni4_qc
141_S_0915,sc,2006-10-31,/project/rrg-mchakrav-ab/moncia/ADNI/bids_adni1/sub-141S0915/ses-sc/anat/sub-141S0915_ses-sc_acq-15T_T1w.nii.gz,2,MCI,bids_adni1
141_S_0915,m18,2008-04-30,/project/rrg-mchakrav-ab/moncia/ADNI/bids_adni1/sub-141S0915/ses-m18/anat/sub-141S0915_ses-m18_acq-15T_T1w.nii.gz,3,Dementia,bids_adni1
141_S_0915,m72,2012-10-30,/project/rrg-mchakrav-ab/moncia/ADNI/bids_adni_go2/sub-141S0915/ses-m72/anat/sub-141S0915_ses-m72_acq-15Tunaccel_T1w.nii.gz,3,Dementia,bids_adni_go2
141_S_0915,m84,2013-10-30,/project/rrg-mchakrav-ab/moncia/ADNI/bids_adni_go2/sub-141S0915/ses-m84/anat/sub-141S0915_ses-m84_acq-3Taccel_T1w.nii.gz,3,Dementia,bids_adni_go2
141_S_1004,sc,2006-11-10,/project/rrg-mchakrav-ab/moncia/ADNI/bids_adni1/sub-141S1004/ses-sc/anat/sub-141S1004_ses-sc_acq-15T_T1w.nii.gz,2,MCI,bids_adni1
141_S_1004,m06,2007-05-11,/project/rrg-mchakrav-ab/moncia/ADNI/bids_adni1/sub-141S1004/ses-m06/anat/sub-141S1004_ses-m06_acq-15T_T1w.nii.gz,3,Dementia,bids_adni1
141_S_1004,m18,2008-05-10,/project/rrg-mchakrav-ab/moncia/ADNI/bids_adni1/sub-141S1004/ses-m18/anat/sub-141S1004_ses-m18_acq-15T_T1w.nii.gz,3,Dementia,bids_adni1
141_S_1004,m84,2013-11-09,/project/rrg-mchakrav-ab/moncia/ADNI/bids_adni_go2/sub-141S1004/ses-m84/anat/sub-141S1004_ses-m84_acq-3Taccel_T1w.nii.gz,3,Dementia,bids_adni_go2
141_S_1052,sc,2006-11-30,/project/rrg-mchakrav-ab/moncia/ADNI/bids_adni1/sub-141S1052/ses-sc/anat/sub-141S1052_ses-sc_acq-15T_T1w.nii.gz,2,MCI,bids_adni1
141_S_1052,m06,2007-05-31,/project/rrg-mchakrav-ab/moncia/ADNI/bids_adni1/sub-141S1052/ses-m06/anat/sub-141S1052_ses-m06_acq-15T_T1w.nii.gz,2,MCI,bids_adni1
141_S_1052,m12,2007-11-30,/project/rrg-mchakrav-ab/moncia/ADNI/bids_adni1/sub-141S1052/ses-m12/anat/sub-141S1052_ses-m12_acq-15T_T1w.nii.gz,2,MCI,bids_adni1
141_S_1052,m84,2013-11-29,/project/rrg-mchakrav-ab/moncia/ADNI/bids_adni_go2/sub-141S1052/ses-m84/anat/sub-141S1052_ses-m84_acq-3Taccel_T1w.nii.gz,2,MCI,bids_adni_go2
141_S_1052,m96,2014-11-30,/project/rrg-mchakrav-ab/moncia/ADNI/bids_adni_go2/sub-141S1052/ses-m96/anat/sub-141S1052_ses-m96_acq-3Taccel_T1w.nii.gz,2,MCI,bids_adni_go2
141_S_1052,m126,2017-05-31,/project/rrg-mchakrav-ab/moncia/ADNI/bids_adni3/sub-141S1052/ses-m126/anat/sub-141S1052_ses-m126_acq-3T_T1w.nii.gz,2,MCI,bids_adni3
141_S_1052,m138,2018-05-31,/project/rrg-mchakrav-ab/moncia/ADNI/bids_adni3/sub-141S1052/ses-m138/anat/sub-141S1052_ses-m138_acq-3T_T1w.nii.gz,2,MCI,bids_adni3
141_S_1052,m150,2019-06-01,/project/rrg-mchakrav-ab/moncia/ADNI/bids_adni3/sub-141S1052/ses-m150/anat/sub-141S1052_ses-m150_acq-3T_T1w.nii.gz,2,MCI,bids_adni3
141_S_1052,m174,2021-05-31,/project/rrg-mchakrav-ab/moncia/ADNI/bids_adni3/sub-141S1052/ses-m174/anat/sub-141S1052_ses-m174_acq-3T_T1w.nii.gz,2,MCI,bids_adni3
141_S_1245,sc,2007-02-07,/project/rrg-mchakrav-ab/moncia/ADNI/bids_adni1/sub-141S1245/ses-sc/anat/sub-141S1245_ses-sc_acq-15T_T1w.nii.gz,2,MCI,bids_adni1
141_S_1245,m06,2007-08-08,/project/rrg-mchakrav-ab/moncia/ADNI/bids_adni1/sub-141S1245/ses-m06/anat/sub-141S1245_ses-m06_acq-15T_T1w.nii.gz,1,CN,bids_adni1
141_S_1245,m12,2008-02-07,/project/rrg-mchakrav-ab/moncia/ADNI/bids_adni1/sub-141S1245/ses-m12/anat/sub-141S1245_ses-m12_acq-15T_T1w.nii.gz,1,CN,bids_adni1
141_S_1255,sc,2007-03-09,/project/rrg-mchakrav-ab/moncia/ADNI/bids_adni1/sub-141S1255/ses-sc/anat/sub-141S1255_ses-sc_acq-15T_T1w.nii.gz,2,MCI,bids_adni1
141_S_1255,m06,2007-09-07,/project/rrg-mchakrav-ab/moncia/ADNI/bids_adni1/sub-141S1255/ses-m06/anat/sub-141S1255_ses-m06_acq-15T_T1w.nii.gz,2,MCI,bids_adni1
141_S_1255,m12,2008-03-08,/project/rrg-mchakrav-ab/moncia/ADNI/bids_adni1/sub-141S1255/ses-m12/anat/sub-141S1255_ses-m12_acq-15T_T1w.nii.gz,2,MCI,bids_adni1
141_S_1378,sc,2007-04-09,/project/rrg-mchakrav-ab/moncia/ADNI/bids_adni1/sub-141S1378/ses-sc/anat/sub-141S1378_ses-sc_acq-15T_T1w.nii.gz,2,MCI,bids_adni1
141_S_1378,m12,2008-04-08,/project/rrg-mchakrav-ab/moncia/ADNI/bids_adni1/sub-141S1378/ses-m12/anat/sub-141S1378_ses-m12_acq-15T_T1w.nii.gz,2,MCI,bids_adni1
141_S_1378,m120,2017-04-08,/project/rrg-mchakrav-ab/moncia/ADNI/bids_adni3/sub-141S1378/ses-m120/anat/sub-141S1378_ses-m120_acq-3T_T1w.nii.gz,2,MCI,bids_adni3
141_S_1378,m144,2019-04-09,/project/rrg-mchakrav-ab/moncia/ADNI/bids_adni3/sub-141S1378/ses-m144/anat/sub-141S1378_ses-m144_acq-3T_T1w.nii.gz,2,MCI,bids_adni3
141_S_2210,m03,2011-05-17,/project/rrg-mchakrav-ab/moncia/ADNI/bids_adni_go2/sub-141S2210/ses-m03/anat/sub-141S2210_ses-m03_acq-3Taccel_T1w.nii.gz,2,MCI,bids_adni_go2
141_S_2210,m06,2011-08-16,/project/rrg-mchakrav-ab/moncia/ADNI/bids_adni_go2/sub-141S2210/ses-m06/anat/sub-141S2210_ses-m06_acq-3Taccel_T1w.nii.gz,2,MCI,bids_adni_go2
141_S_2210,m12,2012-02-15,/project/rrg-mchakrav-ab/moncia/ADNI/bids_adni_go2/sub-141S2210/ses-m12/anat/sub-141S2210_ses-m12_acq-3Taccel_T1w.nii.gz,2,MCI,bids_adni_go2
141_S_2210,m36,2014-02-14,/project/rrg-mchakrav-ab/moncia/ADNI/bids_adni_go2/sub-141S2210/ses-m36/anat/sub-141S2210_ses-m36_acq-3Taccel_T1w.nii.gz,3,Dementia,bids_adni_go2
141_S_2333,m03,2011-07-11,/project/rrg-mchakrav-ab/moncia/ADNI/bids_adni_go2/sub-141S2333/ses-m03/anat/sub-141S2333_ses-m03_acq-3Taccel_T1w.nii.gz,2,MCI,bids_adni_go2
141_S_2333,m06,2011-10-10,/project/rrg-mchakrav-ab/moncia/ADNI/bids_adni_go2/sub-141S2333/ses-m06/anat/sub-141S2333_ses-m06_acq-3Taccel_T1w.nii.gz,2,MCI,bids_adni_go2
141_S_2333,m12,2012-04-10,/project/rrg-mchakrav-ab/moncia/ADNI/bids_adni_go2/sub-141S2333/ses-m12/anat/sub-141S2333_ses-m12_acq-3Taccel_T1w.nii.gz,2,MCI,bids_adni_go2
141_S_2333,m36,2014-04-10,/project/rrg-mchakrav-ab/moncia/ADNI/bids_adni_go2/sub-141S2333/ses-m36/anat/sub-141S2333_ses-m36_acq-3Taccel_T1w.nii.gz,2,MCI,bids_adni_go2
141_S_2333,m78,2017-10-10,/project/rrg-mchakrav-ab/moncia/ADNI/bids_adni3/sub-141S2333/ses-m78/anat/sub-141S2333_ses-m78_acq-3T_T1w.nii.gz,2,MCI,bids_adni3
141_S_2333,m90,2018-10-10,/project/rrg-mchakrav-ab/moncia/ADNI/bids_adni3/sub-141S2333/ses-m90/anat/sub-141S2333_ses-m90_acq-3T_T1w.nii.gz,2,MCI,bids_adni3
141_S_2333,m102,2019-10-10,/project/rrg-mchakrav-ab/moncia/ADNI/bids_adni3/sub-141S2333/ses-m102/anat/sub-141S2333_ses-m102_acq-3T_T1w.nii.gz,2,MCI,bids_adni3
141_S_2333,m126,2021-10-10,/project/rrg-mchakrav-ab/moncia/ADNI/bids_adni3/sub-141S2333/ses-m126/anat/sub-141S2333_ses-m126_acq-3T_T1w.nii.gz,2,MCI,bids_adni3
141_S_4053,m03,2011-08-15,/project/rrg-mchakrav-ab/moncia/ADNI/bids_adni_go2/sub-141S4053/ses-m03/anat/sub-141S4053_ses-m03_acq-3Taccel_T1w.nii.gz,2,MCI,bids_adni_go2
141_S_4053,m06,2011-11-14,/project/rrg-mchakrav-ab/moncia/ADNI/bids_adni_go2/sub-141S4053/ses-m06/anat/sub-141S4053_ses-m06_acq-3Taccel_T1w.nii.gz,2,MCI,bids_adni_go2
141_S_4053,m12,2012-05-15,/project/rrg-mchakrav-ab/moncia/ADNI/bids_adni_go2/sub-141S4053/ses-m12/anat/sub-141S4053_ses-m12_acq-3Taccel_T1w.nii.gz,2,MCI,bids_adni_go2
141_S_4160,m03,2011-10-31,/project/rrg-mchakrav-ab/moncia/ADNI/bids_adni_go2/sub-141S4160/ses-m03/anat/sub-141S4160_ses-m03_acq-3Taccel_T1w.nii.gz,2,MCI,bids_adni_go2
141_S_4160,m06,2012-01-30,/project/rrg-mchakrav-ab/moncia/ADNI/bids_adni_go2/sub-141S4160/ses-m06/anat/sub-141S4160_ses-m06_acq-3Taccel_T1w.nii.gz,2,MCI,bids_adni_go2
141_S_4160,m12,2012-07-31,/project/rrg-mchakrav-ab/moncia/ADNI/bids_adni_go2/sub-141S4160/ses-m12/anat/sub-141S4160_ses-m12_acq-3Taccel_T1w.nii.gz,2,MCI,bids_adni_go2
141_S_4160,m24,2013-07-31,/project/rrg-mchakrav-ab/moncia/ADNI/bids_adni_go2/sub-141S4160/ses-m24/anat/sub-141S4160_ses-m24_acq-3Taccel_T1w.nii.gz,2,MCI,bids_adni_go2
141_S_4160,m66,2017-01-30,/project/rrg-mchakrav-ab/moncia/ADNI/bids_adni3/sub-141S4160/ses-m66/anat/sub-141S4160_ses-m66_acq-3T_T1w.nii.gz,2,MCI,bids_adni3
141_S_4160,m84,2018-07-31,/project/rrg-mchakrav-ab/moncia/ADNI/bids_adni3/sub-141S4160/ses-m84/anat/sub-141S4160_ses-m84_acq-3T_T1w.nii.gz,2,MCI,bids_adni3
141_S_4232,m03,2011-12-09,/project/rrg-mchakrav-ab/moncia/ADNI/bids_adni_go2/sub-141S4232/ses-m03/anat/sub-141S4232_ses-m03_acq-3Taccel_T1w.nii.gz,2,MCI,bids_adni_go2
141_S_4232,m06,2012-03-09,/project/rrg-mchakrav-ab/moncia/ADNI/bids_adni_go2/sub-141S4232/ses-m06/anat/sub-141S4232_ses-m06_acq-3Taccel_T1w.nii.gz,2,MCI,bids_adni_go2
141_S_4232,m12,2012-09-08,/project/rrg-mchakrav-ab/moncia/ADNI/bids_adni_go2/sub-141S4232/ses-m12/anat/sub-141S4232_ses-m12_acq-3Taccel_T1w.nii.gz,2,MCI,bids_adni_go2
141_S_4232,m24,2013-09-08,/project/rrg-mchakrav-ab/moncia/ADNI/bids_adni_go2/sub-141S4232/ses-m24/anat/sub-141S4232_ses-m24_acq-3Taccel_T1w.nii.gz,2,MCI,bids_adni_go2
141_S_4423,m03,2012-03-12,/project/rrg-mchakrav-ab/moncia/ADNI/bids_adni_go2/sub-141S4423/ses-m03/anat/sub-141S4423_ses-m03_acq-3Taccel_T1w.nii.gz,2,MCI,bids_adni_go2
141_S_4423,m06,2012-06-11,/project/rrg-mchakrav-ab/moncia/ADNI/bids_adni_go2/sub-141S4423/ses-m06/anat/sub-141S4423_ses-m06_acq-3Taccel_T1w.nii.gz,2,MCI,bids_adni_go2
141_S_4426,m03,2012-03-16,/project/rrg-mchakrav-ab/moncia/ADNI/bids_adni_go2/sub-141S4426/ses-m03/anat/sub-141S4426_ses-m03_acq-3Taccel_T1w.nii.gz,2,MCI,bids_adni_go2
141_S_4426,m06,2012-06-15,/project/rrg-mchakrav-ab/moncia/ADNI/bids_adni_go2/sub-141S4426/ses-m06/anat/sub-141S4426_ses-m06_acq-3Taccel_T1w.nii.gz,2,MCI,bids_adni_go2
141_S_4426,m12,2012-12-15,/project/rrg-mchakrav-ab/moncia/ADNI/bids_adni_go2/sub-141S4426/ses-m12/anat/sub-141S4426_ses-m12_acq-3Taccel_T1w.nii.gz,2,MCI,bids_adni_go2
141_S_4438,m03,2012-03-22,/project/rrg-mchakrav-ab/moncia/ADNI/bids_adni_go2/sub-141S4438/ses-m03/anat/sub-141S4438_ses-m03_acq-3Taccel_T1w.nii.gz,2,MCI,bids_adni_go2
141_S_4438,m06,2012-06-21,/project/rrg-mchakrav-ab/moncia/ADNI/bids_adni_go2/sub-141S4438/ses-m06/anat/sub-141S4438_ses-m06_acq-3Taccel_T1w.nii.gz,2,MCI,bids_adni_go2
141_S_4438,m12,2012-12-21,/project/rrg-mchakrav-ab/moncia/ADNI/bids_adni_go2/sub-141S4438/ses-m12/anat/sub-141S4438_ses-m12_acq-3Taccel_T1w.nii.gz,2,MCI,bids_adni_go2
141_S_4456,m03,2012-04-09,/project/rrg-mchakrav-ab/moncia/ADNI/bids_adni_go2/sub-141S4456/ses-m03/anat/sub-141S4456_ses-m03_acq-3Taccel_T1w.nii.gz,2,MCI,bids_adni_go2
141_S_4456,m06,2012-07-09,/project/rrg-mchakrav-ab/moncia/ADNI/bids_adni_go2/sub-141S4456/ses-m06/anat/sub-141S4456_ses-m06_acq-3Taccel_T1w.nii.gz,2,MCI,bids_adni_go2
141_S_4711,m03,2012-08-04,/project/rrg-mchakrav-ab/moncia/ADNI/bids_adni_go2/sub-141S4711/ses-m03/anat/sub-141S4711_ses-m03_acq-3Taccel_T1w.nii.gz,2,MCI,bids_adni_go2
141_S_4711,m06,2012-11-03,/project/rrg-mchakrav-ab/moncia/ADNI/bids_adni_go2/sub-141S4711/ses-m06/anat/sub-141S4711_ses-m06_acq-3Taccel_T1w.nii.gz,2,MCI,bids_adni_go2
141_S_4711,m12,2013-05-05,/project/rrg-mchakrav-ab/moncia/ADNI/bids_adni_go2/sub-141S4711/ses-m12/anat/sub-141S4711_ses-m12_acq-3Taccel_T1w.nii.gz,2,MCI,bids_adni_go2
153_S_2109,m03,2011-01-17,/project/rrg-mchakrav-ab/moncia/ADNI/bids_adni_go2/sub-153S2109/ses-m03/anat/sub-153S2109_ses-m03_acq-3Taccel_T1w.nii.gz,2,MCI,bids_adni_go2
153_S_2109,m06,2011-04-18,/project/rrg-mchakrav-ab/moncia/ADNI/bids_adni_go2/sub-153S2109/ses-m06/anat/sub-153S2109_ses-m06_acq-3Taccel_T1w.nii.gz,2,MCI,bids_adni_go2
153_S_2109,m12,2011-10-18,/project/rrg-mchakrav-ab/moncia/ADNI/bids_adni_go2/sub-153S2109/ses-m12/anat/sub-153S2109_ses-m12_acq-3Taccel_T1w.nii.gz,2,MCI,bids_adni_go2
153_S_2109,m24,2012-10-17,/project/rrg-mchakrav-ab/moncia/ADNI/bids_adni_go2/sub-153S2109/ses-m24/anat/sub-153S2109_ses-m24_acq-3Taccel_T1w.nii.gz,2,MCI,bids_adni_go2
153_S_2109,m36,2013-10-17,/project/rrg-mchakrav-ab/moncia/ADNI/bids_adni_go2/sub-153S2109/ses-m36/anat/sub-153S2109_ses-m36_acq-3Taccel_T1w.nii.gz,2,MCI,bids_adni_go2
153_S_2109,m60,2015-10-18,/project/rrg-mchakrav-ab/moncia/ADNI/bids_adni_go2/sub-153S2109/ses-m60/anat/sub-153S2109_ses-m60_acq-3Taccel_T1w.nii.gz,2,MCI,bids_adni_go2
153_S_2148,m03,2011-02-16,/project/rrg-mchakrav-ab/moncia/ADNI/bids_adni_go2/sub-153S2148/ses-m03/anat/sub-153S2148_ses-m03_acq-3Taccel_T1w.nii.gz,2,MCI,bids_adni_go2
153_S_2148,m06,2011-05-18,/project/rrg-mchakrav-ab/moncia/ADNI/bids_adni_go2/sub-153S2148/ses-m06/anat/sub-153S2148_ses-m06_acq-3Taccel_T1w.nii.gz,2,MCI,bids_adni_go2
153_S_2148,m12,2011-11-17,/project/rrg-mchakrav-ab/moncia/ADNI/bids_adni_go2/sub-153S2148/ses-m12/anat/sub-153S2148_ses-m12_acq-3Taccel_T1w.nii.gz,2,MCI,bids_adni_go2
153_S_2148,m24,2012-11-16,/project/rrg-mchakrav-ab/moncia/ADNI/bids_adni_go2/sub-153S2148/ses-m24/anat/sub-153S2148_ses-m24_acq-3Taccel_T1w.nii.gz,2,MCI,bids_adni_go2
153_S_2148,m36,2013-11-16,/project/rrg-mchakrav-ab/moncia/ADNI/bids_adni_go2/sub-153S2148/ses-m36/anat/sub-153S2148_ses-m36_acq-3Taccel_T1w.nii.gz,2,MCI,bids_adni_go2
153_S_4077,m03,2011-09-07,/project/rrg-mchakrav-ab/moncia/ADNI/bids_adni_go2/sub-153S4077/ses-m03/anat/sub-153S4077_ses-m03_acq-3Taccel_T1w.nii.gz,2,MCI,bids_adni_go2
153_S_4077,m06,2011-12-07,/project/rrg-mchakrav-ab/moncia/ADNI/bids_adni_go2/sub-153S4077/ses-m06/anat/sub-153S4077_ses-m06_acq-3Taccel_T1w.nii.gz,2,MCI,bids_adni_go2
153_S_4077,m12,2012-06-07,/project/rrg-mchakrav-ab/moncia/ADNI/bids_adni_go2/sub-153S4077/ses-m12/anat/sub-153S4077_ses-m12_acq-3Taccel_T1w.nii.gz,2,MCI,bids_adni_go2
153_S_4077,m24,2013-06-07,/project/rrg-mchakrav-ab/moncia/ADNI/bids_adni_go2/sub-153S4077/ses-m24/anat/sub-153S4077_ses-m24_acq-3Taccel_T1w.nii.gz,2,MCI,bids_adni_go2
153_S_4077,m48,2015-06-08,/project/rrg-mchakrav-ab/moncia/ADNI/bids_adni_go2/sub-153S4077/ses-m48/anat/sub-153S4077_ses-m48_acq-3Taccel_T1w.nii.gz,2,MCI,bids_adni_go2
153_S_4133,m03,2011-10-11,/project/rrg-mchakrav-ab/moncia/ADNI/bids_adni_go2/sub-153S4133/ses-m03/anat/sub-153S4133_ses-m03_acq-3Taccel_T1w.nii.gz,2,MCI,bids_adni_go2
153_S_4133,m06,2012-01-10,/project/rrg-mchakrav-ab/moncia/ADNI/bids_adni_go2/sub-153S4133/ses-m06/anat/sub-153S4133_ses-m06_acq-3Taccel_T1w.nii.gz,2,MCI,bids_adni_go2
153_S_4133,m12,2012-07-11,/project/rrg-mchakrav-ab/moncia/ADNI/bids_adni_go2/sub-153S4133/ses-m12/anat/sub-153S4133_ses-m12_acq-3Taccel_T1w.nii.gz,2,MCI,bids_adni_go2
153_S_4133,m24,2013-07-11,/project/rrg-mchakrav-ab/moncia/ADNI/bids_adni_go2/sub-153S4133/ses-m24/anat/sub-153S4133_ses-m24_acq-3Taccel_T1w.nii.gz,2,MCI,bids_adni_go2
153_S_4159,m03,2011-10-31,/project/rrg-mchakrav-ab/moncia/ADNI/bids_adni_go2/sub-153S4159/ses-m03/anat/sub-153S4159_ses-m03_acq-3Taccel_T1w.nii.gz,2,MCI,bids_adni_go2
153_S_4159,m06,2012-01-30,/project/rrg-mchakrav-ab/moncia/ADNI/bids_adni_go2/sub-153S4159/ses-m06/anat/sub-153S4159_ses-m06_acq-3Taccel_T1w.nii.gz,2,MCI,bids_adni_go2
153_S_4159,m12,2012-07-31,/project/rrg-mchakrav-ab/moncia/ADNI/bids_adni_go2/sub-153S4159/ses-m12/anat/sub-153S4159_ses-m12_acq-3Taccel_T1w.nii.gz,2,MCI,bids_adni_go2
153_S_4159,m24,2013-07-31,/project/rrg-mchakrav-ab/moncia/ADNI/bids_adni_go2/sub-153S4159/ses-m24/anat/sub-153S4159_ses-m24_acq-3Taccel_T1w.nii.gz,2,MCI,bids_adni_go2
153_S_4159,m48,2015-08-01,/project/rrg-mchakrav-ab/moncia/ADNI/bids_adni_go2/sub-153S4159/ses-m48/anat/sub-153S4159_ses-m48_acq-3Taccel_T1w.nii.gz,2,MCI,bids_adni_go2
153_S_4297,m03,2012-01-10,/project/rrg-mchakrav-ab/moncia/ADNI/bids_adni_go2/sub-153S4297/ses-m03/anat/sub-153S4297_ses-m03_acq-3Taccel_T1w.nii.gz,2,MCI,bids_adni_go2
153_S_4297,m06,2012-04-10,/project/rrg-mchakrav-ab/moncia/ADNI/bids_adni_go2/sub-153S4297/ses-m06/anat/sub-153S4297_ses-m06_acq-3Taccel_T1w.nii.gz,2,MCI,bids_adni_go2
153_S_4621,m06,2012-09-17,/project/rrg-mchakrav-ab/moncia/ADNI/bids_adni_go2/sub-153S4621/ses-m06/anat/sub-153S4621_ses-m06_acq-3Taccel_T1w.nii.gz,2,MCI,bids_adni_go2
153_S_4621,m12,2013-03-19,/project/rrg-mchakrav-ab/moncia/ADNI/bids_adni_go2/sub-153S4621/ses-m12/anat/sub-153S4621_ses-m12_acq-3Taccel_T1w.nii.gz,2,MCI,bids_adni_go2
153_S_4621,m24,2014-03-19,/project/rrg-mchakrav-ab/moncia/ADNI/bids_adni_go2/sub-153S4621/ses-m24/anat/sub-153S4621_ses-m24_acq-3Taccel_T1w.nii.gz,2,MCI,bids_adni_go2
153_S_4838,m03,2012-10-01,/project/rrg-mchakrav-ab/moncia/ADNI/bids_adni_go2/sub-153S4838/ses-m03/anat/sub-153S4838_ses-m03_acq-3Taccel_T1w.nii.gz,2,MCI,bids_adni_go2
153_S_4838,m06,2012-12-31,/project/rrg-mchakrav-ab/moncia/ADNI/bids_adni_go2/sub-153S4838/ses-m06/anat/sub-153S4838_ses-m06_acq-3Taccel_T1w.nii.gz,2,MCI,bids_adni_go2
153_S_4838,m12,2013-07-02,/project/rrg-mchakrav-ab/moncia/ADNI/bids_adni_go2/sub-153S4838/ses-m12/anat/sub-153S4838_ses-m12_acq-3Taccel_T1w.nii.gz,2,MCI,bids_adni_go2
153_S_4838,m24,2014-07-02,/project/rrg-mchakrav-ab/moncia/ADNI/bids_adni_go2/sub-153S4838/ses-m24/anat/sub-153S4838_ses-m24_acq-3Taccel_T1w.nii.gz,2,MCI,bids_adni_go2
168_S_6180,sc,2018-02-23,/project/rrg-mchakrav-ab/moncia/ADNI/bids_adni3/sub-168S6180/ses-sc/anat/sub-168S6180_ses-sc_acq-3T_T1w.nii.gz,2,MCI,bids_adni3
168_S_6180,m12,2019-02-23,/project/rrg-mchakrav-ab/moncia/ADNI/bids_adni3/sub-168S6180/ses-m12/anat/sub-168S6180_ses-m12_acq-3T_T1w.nii.gz,2,MCI,bids_adni3
168_S_6180,m30,2020-08-24,/project/rrg-mchakrav-ab/moncia/ADNI/bids_adni3/sub-168S6180/ses-m30/anat/sub-168S6180_ses-m30_acq-3T_T1w.nii.gz,2,MCI,bids_adni3
168_S_6180,m54,2022-08-24,/project/rrg-mchakrav-ab/moncia/ADNI/bids_adni3/sub-168S6180/ses-m54/anat/sub-168S6180_ses-m54_acq-3T_T1w.nii.gz,2,MCI,bids_adni3
168_S_6541,sc,2018-08-17,/project/rrg-mchakrav-ab/moncia/ADNI/bids_adni3/sub-168S6541/ses-sc/anat/sub-168S6541_ses-sc_acq-3T_T1w.nii.gz,2,MCI,bids_adni3
168_S_6541,m12,2019-08-17,/project/rrg-mchakrav-ab/moncia/ADNI/bids_adni3/sub-168S6541/ses-m12/anat/sub-168S6541_ses-m12_acq-3T_T1w.nii.gz,2,MCI,bids_adni3
168_S_6541,m24,2020-08-16,/project/rrg-mchakrav-ab/moncia/ADNI/bids_adni3/sub-168S6541/ses-m24/anat/sub-168S6541_ses-m24_acq-3T_T1w.nii.gz,2,MCI,bids_adni3
168_S_6541,m42,2022-02-15,/project/rrg-mchakrav-ab/moncia/ADNI/bids_adni3/sub-168S6541/ses-m42/anat/sub-168S6541_ses-m42_acq-3T_T1w.nii.gz,2,MCI,bids_adni3
168_S_6591,sc,2018-10-03,/project/rrg-mchakrav-ab/moncia/ADNI/bids_adni3/sub-168S6591/ses-sc/anat/sub-168S6591_ses-sc_acq-3T_T1w.nii.gz,2,MCI,bids_adni3
168_S_6591,m12,2019-10-03,/project/rrg-mchakrav-ab/moncia/ADNI/bids_adni3/sub-168S6591/ses-m12/anat/sub-168S6591_ses-m12_acq-3T_T1w.nii.gz,2,MCI,bids_adni3
168_S_6591,m24,2020-10-02,/project/rrg-mchakrav-ab/moncia/ADNI/bids_adni3/sub-168S6591/ses-m24/anat/sub-168S6591_ses-m24_acq-3T_T1w.nii.gz,2,MCI,bids_adni3
168_S_6619,sc,2018-11-08,/project/rrg-mchakrav-ab/moncia/ADNI/bids_adni3/sub-168S6619/ses-sc/anat/sub-168S6619_ses-sc_acq-3T_T1w.nii.gz,2,MCI,bids_adni3
168_S_6619,m12,2019-11-08,/project/rrg-mchakrav-ab/moncia/ADNI/bids_adni3/sub-168S6619/ses-m12/anat/sub-168S6619_ses-m12_acq-3T_T1w.nii.gz,2,MCI,bids_adni3
168_S_6619,m24,2020-11-07,/project/rrg-mchakrav-ab/moncia/ADNI/bids_adni3/sub-168S6619/ses-m24/anat/sub-168S6619_ses-m24_acq-3T_T1w.nii.gz,2,MCI,bids_adni3
168_S_6634,sc,2018-12-07,/project/rrg-mchakrav-ab/moncia/ADNI/bids_adni3/sub-168S6634/ses-sc/anat/sub-168S6634_ses-sc_acq-3T_T1w.nii.gz,2,MCI,bids_adni3
168_S_6634,m12,2019-12-07,/project/rrg-mchakrav-ab/moncia/ADNI/bids_adni3/sub-168S6634/ses-m12/anat/sub-168S6634_ses-m12_acq-3T_T1w.nii.gz,3,Dementia,bids_adni3
168_S_6634,m24,2020-12-06,/project/rrg-mchakrav-ab/moncia/ADNI/bids_adni3/sub-168S6634/ses-m24/anat/sub-168S6634_ses-m24_acq-3T_T1w.nii.gz,3,Dementia,bids_adni3
168_S_6634,m54,2023-06-07,/project/rrg-mchakrav-ab/moncia/ADNI/bids_adni3/sub-168S6634/ses-m54/anat/sub-168S6634_ses-m54_acq-3T_T1w.nii.gz,3,Dementia,bids_adni3
168_S_6821,sc,2019-10-28,/project/rrg-mchakrav-ab/moncia/ADNI/bids_adni3/sub-168S6821/ses-sc/anat/sub-168S6821_ses-sc_acq-3T_T1w.nii.gz,2,MCI,bids_adni3
168_S_6821,m12,2020-10-27,/project/rrg-mchakrav-ab/moncia/ADNI/bids_adni3/sub-168S6821/ses-m12/anat/sub-168S6821_ses-m12_acq-3T_T1w.nii.gz,2,MCI,bids_adni3
168_S_6821,m48,2023-10-28,/project/rrg-mchakrav-ab/moncia/ADNI/bids_adni3/sub-168S6821/ses-m48/anat/sub-168S6821_ses-m48_acq-3T_T1w.nii.gz,2,MCI,bids_adni3
168_S_6875,sc,2020-07-06,/project/rrg-mchakrav-ab/moncia/ADNI/bids_adni3/sub-168S6875/ses-sc/anat/sub-168S6875_ses-sc_acq-3T_T1w.nii.gz,2,MCI,bids_adni3
168_S_6875,m30,2023-01-05,/project/rrg-mchakrav-ab/moncia/ADNI/bids_adni3/sub-168S6875/ses-m30/anat/sub-168S6875_ses-m30_acq-3T_T1w.nii.gz,2,MCI,bids_adni3
168_S_6875,m66,2026-01-05,/project/rrg-mchakrav-ab/moncia/ADNI/bids_adni4_qc/sub-168S6875/ses-m66/anat/sub-168S6875_ses-m66_acq-3Taccel_T1w.nii.gz,2,MCI,bids_adni4_qc
301_S_6056,sc,2017-07-24,/project/rrg-mchakrav-ab/moncia/ADNI/bids_adni3/sub-301S6056/ses-sc/anat/sub-301S6056_ses-sc_acq-3T_T1w.nii.gz,2,MCI,bids_adni3
301_S_6056,m12,2018-07-24,/project/rrg-mchakrav-ab/moncia/ADNI/bids_adni3/sub-301S6056/ses-m12/anat/sub-301S6056_ses-m12_acq-3T_T1w.nii.gz,2,MCI,bids_adni3
301_S_6056,m24,2019-07-24,/project/rrg-mchakrav-ab/moncia/ADNI/bids_adni3/sub-301S6056/ses-m24/anat/sub-301S6056_ses-m24_acq-3T_T1w.nii.gz,2,MCI,bids_adni3
301_S_6056,m48,2021-07-24,/project/rrg-mchakrav-ab/moncia/ADNI/bids_adni3/sub-301S6056/ses-m48/anat/sub-301S6056_ses-m48_acq-3T_T1w.nii.gz,2,MCI,bids_adni3
301_S_6056,m96,2025-07-24,/project/rrg-mchakrav-ab/moncia/ADNI/bids_adni4_qc/sub-301S6056/ses-m96/anat/sub-301S6056_ses-m96_acq-3Taccel_T1w.nii.gz,2,MCI,bids_adni4_qc
301_S_6297,sc,2018-04-04,/project/rrg-mchakrav-ab/moncia/ADNI/bids_adni3/sub-301S6297/ses-sc/anat/sub-301S6297_ses-sc_acq-3T_T1w.nii.gz,2,MCI,bids_adni3
301_S_6297,m12,2019-04-04,/project/rrg-mchakrav-ab/moncia/ADNI/bids_adni3/sub-301S6297/ses-m12/anat/sub-301S6297_ses-m12_acq-3T_T1w.nii.gz,2,MCI,bids_adni3
301_S_6297,m24,2020-04-03,/project/rrg-mchakrav-ab/moncia/ADNI/bids_adni3/sub-301S6297/ses-m24/anat/sub-301S6297_ses-m24_acq-3T_T1w.nii.gz,2,MCI,bids_adni3
301_S_6297,m36,2021-04-03,/project/rrg-mchakrav-ab/moncia/ADNI/bids_adni3/sub-301S6297/ses-m36/anat/sub-301S6297_ses-m36_acq-3T_T1w.nii.gz,1,CN,bids_adni3
301_S_6297,m48,2022-04-04,/project/rrg-mchakrav-ab/moncia/ADNI/bids_adni3/sub-301S6297/ses-m48/anat/sub-301S6297_ses-m48_acq-3T_T1w.nii.gz,1,CN,bids_adni3
305_S_6378,sc,2018-05-18,/project/rrg-mchakrav-ab/moncia/ADNI/bids_adni3/sub-305S6378/ses-sc/anat/sub-305S6378_ses-sc_acq-3T_T1w.nii.gz,2,MCI,bids_adni3
305_S_6378,m12,2019-05-18,/project/rrg-mchakrav-ab/moncia/ADNI/bids_adni3/sub-305S6378/ses-m12/anat/sub-305S6378_ses-m12_acq-3T_T1w.nii.gz,2,MCI,bids_adni3
305_S_6378,m24,2020-05-17,/project/rrg-mchakrav-ab/moncia/ADNI/bids_adni3/sub-305S6378/ses-m24/anat/sub-305S6378_ses-m24_acq-3T_T1w.nii.gz,2,MCI,bids_adni3
305_S_6378,m36,2021-05-17,/project/rrg-mchakrav-ab/moncia/ADNI/bids_adni3/sub-305S6378/ses-m36/anat/sub-305S6378_ses-m36_acq-3T_T1w.nii.gz,2,MCI,bids_adni3
305_S_6498,sc,2018-07-20,/project/rrg-mchakrav-ab/moncia/ADNI/bids_adni3/sub-305S6498/ses-sc/anat/sub-305S6498_ses-sc_acq-3T_T1w.nii.gz,2,MCI,bids_adni3
305_S_6498,m12,2019-07-20,/project/rrg-mchakrav-ab/moncia/ADNI/bids_adni3/sub-305S6498/ses-m12/anat/sub-305S6498_ses-m12_acq-3T_T1w.nii.gz,2,MCI,bids_adni3
305_S_6498,m36,2021-07-19,/project/rrg-mchakrav-ab/moncia/ADNI/bids_adni3/sub-305S6498/ses-m36/anat/sub-305S6498_ses-m36_acq-3T_T1w.nii.gz,2,MCI,bids_adni3
305_S_6498,m72,2024-07-19,/project/rrg-mchakrav-ab/moncia/ADNI/bids_adni4_qc/sub-305S6498/ses-m72/anat/sub-305S6498_ses-m72_acq-3Tultrafast_T1w.nii.gz,2,MCI,bids_adni4_qc
305_S_6742,sc,2019-06-21,/project/rrg-mchakrav-ab/moncia/ADNI/bids_adni3/sub-305S6742/ses-sc/anat/sub-305S6742_ses-sc_acq-3T_T1w.nii.gz,2,MCI,bids_adni3
305_S_6742,m12,2020-06-20,/project/rrg-mchakrav-ab/moncia/ADNI/bids_adni3/sub-305S6742/ses-m12/anat/sub-305S6742_ses-m12_acq-3T_T1w.nii.gz,2,MCI,bids_adni3
305_S_6742,m24,2021-06-20,/project/rrg-mchakrav-ab/moncia/ADNI/bids_adni3/sub-305S6742/ses-m24/anat/sub-305S6742_ses-m24_acq-3T_T1w.nii.gz,2,MCI,bids_adni3
305_S_6744,sc,2019-06-28,/project/rrg-mchakrav-ab/moncia/ADNI/bids_adni3/sub-305S6744/ses-sc/anat/sub-305S6744_ses-sc_acq-3T_T1w.nii.gz,2,MCI,bids_adni3
305_S_6744,m12,2020-06-27,/project/rrg-mchakrav-ab/moncia/ADNI/bids_adni3/sub-305S6744/ses-m12/anat/sub-305S6744_ses-m12_acq-3T_T1w.nii.gz,1,CN,bids_adni3
305_S_6744,m24,2021-06-27,/project/rrg-mchakrav-ab/moncia/ADNI/bids_adni3/sub-305S6744/ses-m24/anat/sub-305S6744_ses-m24_acq-3T_T1w.nii.gz,1,CN,bids_adni3
305_S_6744,m36,2022-06-27,/project/rrg-mchakrav-ab/moncia/ADNI/bids_adni3/sub-305S6744/ses-m36/anat/sub-305S6744_ses-m36_acq-3T_T1w.nii.gz,2,MCI,bids_adni3
305_S_6744,m72,2025-06-27,/project/rrg-mchakrav-ab/moncia/ADNI/bids_adni4_qc/sub-305S6744/ses-m72/anat/sub-305S6744_ses-m72_acq-3Tultrafast_T1w.nii.gz,2,MCI,bids_adni4_qc
305_S_6871,sc,2020-06-08,/project/rrg-mchakrav-ab/moncia/ADNI/bids_adni3/sub-305S6871/ses-sc/anat/sub-305S6871_ses-sc_acq-3T_T1w.nii.gz,2,MCI,bids_adni3
305_S_6871,m12,2021-06-08,/project/rrg-mchakrav-ab/moncia/ADNI/bids_adni3/sub-305S6871/ses-m12/anat/sub-305S6871_ses-m12_acq-3T_T1w.nii.gz,2,MCI,bids_adni3
305_S_6871,m24,2022-06-08,/project/rrg-mchakrav-ab/moncia/ADNI/bids_adni3/sub-305S6871/ses-m24/anat/sub-305S6871_ses-m24_acq-3T_T1w.nii.gz,2,MCI,bids_adni3
305_S_6871,m48,2024-06-08,/project/rrg-mchakrav-ab/moncia/ADNI/bids_adni4_qc/sub-305S6871/ses-m48/anat/sub-305S6871_ses-m48_acq-3Tultrafast_T1w.nii.gz,2,MCI,bids_adni4_qc
941_S_1311,sc,2007-03-19,/project/rrg-mchakrav-ab/moncia/ADNI/bids_adni1/sub-941S1311/ses-sc/anat/sub-941S1311_ses-sc_acq-15T_T1w.nii.gz,2,MCI,bids_adni1
941_S_1311,m12,2008-03-18,/project/rrg-mchakrav-ab/moncia/ADNI/bids_adni1/sub-941S1311/ses-m12/anat/sub-941S1311_ses-m12_acq-15T_T1w.nii.gz,3,Dementia,bids_adni1
941_S_1311,m18,2008-09-16,/project/rrg-mchakrav-ab/moncia/ADNI/bids_adni1/sub-941S1311/ses-m18/anat/sub-941S1311_ses-m18_acq-15T_T1w.nii.gz,3,Dementia,bids_adni1
941_S_1311,m24,2009-03-18,/project/rrg-mchakrav-ab/moncia/ADNI/bids_adni1/sub-941S1311/ses-m24/anat/sub-941S1311_ses-m24_acq-15T_T1w.nii.gz,3,Dementia,bids_adni1
941_S_2060,m03,2011-01-31,/project/rrg-mchakrav-ab/moncia/ADNI/bids_adni_go2/sub-941S2060/ses-m03/anat/sub-941S2060_ses-m03_acq-3Taccel_T1w.nii.gz,2,MCI,bids_adni_go2
941_S_2060,m12,2011-11-01,/project/rrg-mchakrav-ab/moncia/ADNI/bids_adni_go2/sub-941S2060/ses-m12/anat/sub-941S2060_ses-m12_acq-3Taccel_T1w.nii.gz,2,MCI,bids_adni_go2
941_S_2060,m24,2012-10-31,/project/rrg-mchakrav-ab/moncia/ADNI/bids_adni_go2/sub-941S2060/ses-m24/anat/sub-941S2060_ses-m24_acq-3Taccel_T1w.nii.gz,2,MCI,bids_adni_go2
941_S_2060,m36,2013-10-31,/project/rrg-mchakrav-ab/moncia/ADNI/bids_adni_go2/sub-941S2060/ses-m36/anat/sub-941S2060_ses-m36_acq-3Taccel_T1w.nii.gz,2,MCI,bids_adni_go2
941_S_2060,m60,2015-11-01,/project/rrg-mchakrav-ab/moncia/ADNI/bids_adni_go2/sub-941S2060/ses-m60/anat/sub-941S2060_ses-m60_acq-3Taccel_T1w.nii.gz,2,MCI,bids_adni_go2
941_S_4036,m03,2011-08-05,/project/rrg-mchakrav-ab/moncia/ADNI/bids_adni_go2/sub-941S4036/ses-m03/anat/sub-941S4036_ses-m03_acq-3Taccel_T1w.nii.gz,2,MCI,bids_adni_go2
941_S_4036,m06,2011-11-04,/project/rrg-mchakrav-ab/moncia/ADNI/bids_adni_go2/sub-941S4036/ses-m06/anat/sub-941S4036_ses-m06_acq-3Taccel_T1w.nii.gz,2,MCI,bids_adni_go2
941_S_4036,m12,2012-05-05,/project/rrg-mchakrav-ab/moncia/ADNI/bids_adni_go2/sub-941S4036/ses-m12/anat/sub-941S4036_ses-m12_acq-3Taccel_T1w.nii.gz,2,MCI,bids_adni_go2
941_S_4036,m24,2013-05-05,/project/rrg-mchakrav-ab/moncia/ADNI/bids_adni_go2/sub-941S4036/ses-m24/anat/sub-941S4036_ses-m24_acq-3Taccel_T1w.nii.gz,2,MCI,bids_adni_go2
941_S_4036,m48,2015-05-06,/project/rrg-mchakrav-ab/moncia/ADNI/bids_adni_go2/sub-941S4036/ses-m48/anat/sub-941S4036_ses-m48_acq-3Taccel_T1w.nii.gz,2,MCI,bids_adni_go2
941_S_4036,m78,2017-11-04,/project/rrg-mchakrav-ab/moncia/ADNI/bids_adni3/sub-941S4036/ses-m78/anat/sub-941S4036_ses-m78_acq-3T_T1w.nii.gz,2,MCI,bids_adni3
941_S_4036,m90,2018-11-04,/project/rrg-mchakrav-ab/moncia/ADNI/bids_adni3/sub-941S4036/ses-m90/anat/sub-941S4036_ses-m90_acq-3T_T1w.nii.gz,2,MCI,bids_adni3
941_S_4036,m102,2019-11-04,/project/rrg-mchakrav-ab/moncia/ADNI/bids_adni3/sub-941S4036/ses-m102/anat/sub-941S4036_ses-m102_acq-3T_T1w.nii.gz,2,MCI,bids_adni3
941_S_4036,m114,2020-11-04,/project/rrg-mchakrav-ab/moncia/ADNI/bids_adni3/sub-941S4036/ses-m114/anat/sub-941S4036_ses-m114_acq-3T_T1w.nii.gz,2,MCI,bids_adni3
941_S_4187,m03,2011-11-14,/project/rrg-mchakrav-ab/moncia/ADNI/bids_adni_go2/sub-941S4187/ses-m03/anat/sub-941S4187_ses-m03_acq-3Taccel_T1w.nii.gz,2,MCI,bids_adni_go2
941_S_4187,m06,2012-02-13,/project/rrg-mchakrav-ab/moncia/ADNI/bids_adni_go2/sub-941S4187/ses-m06/anat/sub-941S4187_ses-m06_acq-3Taccel_T1w.nii.gz,2,MCI,bids_adni_go2
941_S_4187,m12,2012-08-14,/project/rrg-mchakrav-ab/moncia/ADNI/bids_adni_go2/sub-941S4187/ses-m12/anat/sub-941S4187_ses-m12_acq-3Taccel_T1w.nii.gz,2,MCI,bids_adni_go2
941_S_4187,m24,2013-08-14,/project/rrg-mchakrav-ab/moncia/ADNI/bids_adni_go2/sub-941S4187/ses-m24/anat/sub-941S4187_ses-m24_acq-3Taccel_T1w.nii.gz,2,MCI,bids_adni_go2
941_S_4187,m48,2015-08-15,/project/rrg-mchakrav-ab/moncia/ADNI/bids_adni_go2/sub-941S4187/ses-m48/anat/sub-941S4187_ses-m48_acq-3Taccel_T1w.nii.gz,2,MCI,bids_adni_go2
941_S_4187,m72,2017-08-14,/project/rrg-mchakrav-ab/moncia/ADNI/bids_adni3/sub-941S4187/ses-m72/anat/sub-941S4187_ses-m72_acq-3T_T1w.nii.gz,1,CN,bids_adni3
941_S_4187,m96,2019-08-15,/project/rrg-mchakrav-ab/moncia/ADNI/bids_adni3/sub-941S4187/ses-m96/anat/sub-941S4187_ses-m96_acq-3T_T1w.nii.gz,1,CN,bids_adni3
941_S_4187,m108,2020-08-14,/project/rrg-mchakrav-ab/moncia/ADNI/bids_adni3/sub-941S4187/ses-m108/anat/sub-941S4187_ses-m108_acq-3T_T1w.nii.gz,1,CN,bids_adni3
941_S_4187,m120,2021-08-14,/project/rrg-mchakrav-ab/moncia/ADNI/bids_adni3/sub-941S4187/ses-m120/anat/sub-941S4187_ses-m120_acq-3T_T1w.nii.gz,1,CN,bids_adni3
941_S_4187,m132,2022-08-15,/project/rrg-mchakrav-ab/moncia/ADNI/bids_adni3/sub-941S4187/ses-m132/anat/sub-941S4187_ses-m132_acq-3T_T1w.nii.gz,1,CN,bids_adni3
941_S_4377,m03,2012-02-27,/project/rrg-mchakrav-ab/moncia/ADNI/bids_adni_go2/sub-941S4377/ses-m03/anat/sub-941S4377_ses-m03_acq-3Taccel_T1w.nii.gz,2,MCI,bids_adni_go2
941_S_4377,m06,2012-05-28,/project/rrg-mchakrav-ab/moncia/ADNI/bids_adni_go2/sub-941S4377/ses-m06/anat/sub-941S4377_ses-m06_acq-3Taccel_T1w.nii.gz,2,MCI,bids_adni_go2
941_S_4377,m12,2012-11-27,/project/rrg-mchakrav-ab/moncia/ADNI/bids_adni_go2/sub-941S4377/ses-m12/anat/sub-941S4377_ses-m12_acq-3Taccel_T1w.nii.gz,2,MCI,bids_adni_go2
941_S_4420,m03,2012-06-13,/project/rrg-mchakrav-ab/moncia/ADNI/bids_adni_go2/sub-941S4420/ses-m03/anat/sub-941S4420_ses-m03_acq-3Taccel_T1w.nii.gz,2,MCI,bids_adni_go2
941_S_4420,m06,2012-09-12,/project/rrg-mchakrav-ab/moncia/ADNI/bids_adni_go2/sub-941S4420/ses-m06/anat/sub-941S4420_ses-m06_acq-3Taccel_T1w.nii.gz,2,MCI,bids_adni_go2
941_S_4420,m12,2013-03-14,/project/rrg-mchakrav-ab/moncia/ADNI/bids_adni_go2/sub-941S4420/ses-m12/anat/sub-941S4420_ses-m12_acq-3Taccel_T1w.nii.gz,2,MCI,bids_adni_go2
941_S_4764,m03,2012-08-28,/project/rrg-mchakrav-ab/moncia/ADNI/bids_adni_go2/sub-941S4764/ses-m03/anat/sub-941S4764_ses-m03_acq-3Taccel_T1w.nii.gz,2,MCI,bids_adni_go2
941_S_4764,m12,2013-05-29,/project/rrg-mchakrav-ab/moncia/ADNI/bids_adni_go2/sub-941S4764/ses-m12/anat/sub-941S4764_ses-m12_acq-3Taccel_T1w.nii.gz,2,MCI,bids_adni_go2
941_S_4764,m24,2014-05-29,/project/rrg-mchakrav-ab/moncia/ADNI/bids_adni_go2/sub-941S4764/ses-m24/anat/sub-941S4764_ses-m24_acq-3Taccel_T1w.nii.gz,2,MCI,bids_adni_go2
941_S_6068,sc,2017-08-16,/project/rrg-mchakrav-ab/moncia/ADNI/bids_adni3/sub-941S6068/ses-sc/anat/sub-941S6068_ses-sc_acq-3T_T1w.nii.gz,2,MCI,bids_adni3
941_S_6068,m12,2018-08-16,/project/rrg-mchakrav-ab/moncia/ADNI/bids_adni3/sub-941S6068/ses-m12/anat/sub-941S6068_ses-m12_acq-3T_T1w.nii.gz,2,MCI,bids_adni3
941_S_6068,m24,2019-08-16,/project/rrg-mchakrav-ab/moncia/ADNI/bids_adni3/sub-941S6068/ses-m24/anat/sub-941S6068_ses-m24_acq-3T_T1w.nii.gz,2,MCI,bids_adni3
941_S_6068,m48,2021-08-16,/project/rrg-mchakrav-ab/moncia/ADNI/bids_adni3/sub-941S6068/ses-m48/anat/sub-941S6068_ses-m48_acq-3T_T1w.nii.gz,3,Dementia,bids_adni3
941_S_6345,sc,2018-05-02,/project/rrg-mchakrav-ab/moncia/ADNI/bids_adni3/sub-941S6345/ses-sc/anat/sub-941S6345_ses-sc_acq-3T_T1w.nii.gz,2,MCI,bids_adni3
941_S_6345,m12,2019-05-02,/project/rrg-mchakrav-ab/moncia/ADNI/bids_adni3/sub-941S6345/ses-m12/anat/sub-941S6345_ses-m12_acq-3T_T1w.nii.gz,3,Dementia,bids_adni3
941_S_6345,m30,2020-10-31,/project/rrg-mchakrav-ab/moncia/ADNI/bids_adni3/sub-941S6345/ses-m30/anat/sub-941S6345_ses-m30_acq-3T_T1w.nii.gz,3,Dementia,bids_adni3
