{
  "BSC_dir": 0.6177976131439209,
  "BSC_mag": 0.7797865867614746,
  "Nboundary": 33542,
  "engine": "atropos",
  "units": "SD/mm",
  "spacing": [
    1.0000000393648025,
    1.0000000264513307,
    1.0000000216709475
  ],
  "mu_wm": 243.98135375976562,
  "sd_wm": 28.75461196899414,
  "t1": "data/raw/adni/adni_3yr_3t/136_S_0196/MPR____N3__Scaled/2008-04-28_11_31_08.0/I120426/ADNI_136_S_0196_MR_MPR____N3__Scaled_Br_20081013162716317_S49419_I120426.nii"
}