{
  "BSC_dir": 0.32269465923309326,
  "BSC_mag": 0.37915700674057007,
  "Nboundary": 50688,
  "engine": "atropos",
  "units": "SD/mm",
  "spacing": [
    1.0,
    1.0,
    1.0
  ],
  "mu_wm": 1032.0203857421875,
  "sd_wm": 189.5850830078125,
  "t1": "data/raw/adni/adni_3yr_3t/023_S_0963/MPR__GradWarp__B1_Correction__N3__Scaled/2007-04-04_15_31_55.0/I64849/ADNI_023_S_0963_MR_MPR__GradWarp__B1_Correction__N3__Scaled_Br_20070805135745358_S29352_I64849.nii"
}