{
  "BSC_dir": 0.47072359919548035,
  "BSC_mag": 0.6043733358383179,
  "Nboundary": 42632,
  "engine": "atropos",
  "units": "SD/mm",
  "spacing": [
    1.0000000000088192,
    1.000000011831973,
    1.0000000118231585
  ],
  "mu_wm": 265.5347900390625,
  "sd_wm": 38.798641204833984,
  "t1": "data/raw/adni/adni_3yr_3t/136_S_0195/MPR____N3__Scaled/2007-03-26_12_42_01.0/I81981/ADNI_136_S_0195_MR_MPR____N3__Scaled_Br_20071113184014832_S28912_I81981.nii"
}