{
  "BSC_dir": 0.2054876983165741,
  "BSC_mag": 0.24387285113334656,
  "Nboundary": 60658,
  "engine": "atropos",
  "units": "SD/mm",
  "spacing": [
    1.0,
    1.0,
    1.0
  ],
  "mu_wm": 322.2668151855469,
  "sd_wm": 84.634033203125,
  "t1": "data/raw/adni/adni_3yr_3t/018_S_0450/MPR____N3__Scaled/2007-06-12_09_21_26.0/I76601/ADNI_018_S_0450_MR_MPR____N3__Scaled_Br_20071002180752596_S33479_I76601.nii"
}