{
  "BSC_dir": 0.5251826643943787,
  "BSC_mag": 0.6892217397689819,
  "Nboundary": 37036,
  "engine": "atropos",
  "units": "SD/mm",
  "spacing": [
    1.0,
    1.0,
    1.0
  ],
  "mu_wm": 1432.5074462890625,
  "sd_wm": 207.9837646484375,
  "t1": "data/raw/adni/adni_3yr_3t/027_S_1081/MPR__GradWarp__B1_Correction__N3__Scaled/2009-02-04_11_44_02.0/I135775/ADNI_027_S_1081_MR_MPR__GradWarp__B1_Correction__N3__Scaled_Br_20090212093103740_S62633_I135775.nii"
}