{
  "BSC_dir": 0.5023115873336792,
  "BSC_mag": 0.5973720550537109,
  "Nboundary": 75805,
  "engine": "atropos",
  "units": "SD/mm",
  "spacing": [
    1.0000000261627058,
    1.0000000196961976,
    1.0000000555719857
  ],
  "mu_wm": 208.06771850585938,
  "sd_wm": 31.93484878540039,
  "t1": "data/raw/oasis3/t1_mprage_sag/t1_mprage_sag_images/OASIS_OAS31446_20250501163111391.nii"
}