{
  "BSC_dir": 0.4233260154724121,
  "BSC_mag": 0.5247905254364014,
  "Nboundary": 42243,
  "engine": "atropos",
  "units": "SD/mm",
  "spacing": [
    1.0000000000000009,
    1.000000000000002,
    1.0000000000000009
  ],
  "mu_wm": 339.08831787109375,
  "sd_wm": 55.576148986816406,
  "t1": "data/raw/adni/adni_3yr_3t/002_S_1070/MPR____N3__Scaled/2009-12-10_12_12_53.0/I165284/ADNI_002_S_1070_MR_MPR____N3__Scaled_Br_20100125173046156_S77169_I165284.nii"
}