{
  "BSC_dir": 0.15562845766544342,
  "BSC_mag": 0.16674214601516724,
  "Nboundary": 82066,
  "engine": "atropos",
  "units": "SD/mm",
  "spacing": [
    1.0000000271476563,
    0.9999999977774074,
    1.0000000062322172
  ],
  "mu_wm": 197.83282470703125,
  "sd_wm": 75.73643493652344,
  "t1": "data/raw/oasis3/t1_mprage_sag/t1_mprage_sag_images/OASIS_OAS31361_20250501124304986.nii"
}