{
  "BSC_dir": 0.36079511046409607,
  "BSC_mag": 0.4288819432258606,
  "Nboundary": 80808,
  "engine": "atropos",
  "units": "SD/mm",
  "spacing": [
    0.9999999873612107,
    0.9999999687829371,
    0.9999999957372703
  ],
  "mu_wm": 159.88861083984375,
  "sd_wm": 33.19667053222656,
  "t1": "data/raw/oasis3/t1_mprage_sag/t1_mprage_sag_images/OASIS_OAS31440_20250501162646761.nii"
}