{
  "BSC_dir": 0.5264919996261597,
  "BSC_mag": 0.6556164026260376,
  "Nboundary": 38309,
  "engine": "atropos",
  "units": "SD/mm",
  "spacing": [
    1.0,
    1.0000000000000002,
    1.0
  ],
  "mu_wm": 275.553955078125,
  "sd_wm": 39.48937225341797,
  "t1": "data/raw/adni/adni_3yr_3t/012_S_0689/MPR____N3__Scaled/2007-01-10_14_30_29.0/I59190/ADNI_012_S_0689_MR_MPR____N3__Scaled_Br_20070711164433410_S24956_I59190.nii"
}