{
  "BSC_dir": 0.289267897605896,
  "BSC_mag": 0.3310157060623169,
  "Nboundary": 49861,
  "engine": "atropos",
  "units": "SD/mm",
  "spacing": [
    1.0,
    1.0,
    1.0
  ],
  "mu_wm": 1010.7825317382812,
  "sd_wm": 200.61126708984375,
  "t1": "data/raw/adni/adni_3yr_3t/027_S_0835/MPR__GradWarp__B1_Correction__N3__Scaled/2008-09-23_11_16_14.0/I120256/ADNI_027_S_0835_MR_MPR__GradWarp__B1_Correction__N3__Scaled_Br_20081013121735482_S56621_I120256.nii"
}