{
  "BSC_dir": 0.36313605308532715,
  "BSC_mag": 0.43484243750572205,
  "Nboundary": 46769,
  "engine": "atropos",
  "units": "SD/mm",
  "spacing": [
    0.9999999884976639,
    0.9999999884980758,
    1.0000000000004197
  ],
  "mu_wm": 512.3875122070312,
  "sd_wm": 88.52825164794922,
  "t1": "data/raw/adni/adni_3yr_3t/032_S_0677/MPR-R__GradWarp__B1_Correction__N3__Scaled/2009-07-27_10_34_27.0/I162460/ADNI_032_S_0677_MR_MPR-R__GradWarp__B1_Correction__N3__Scaled_Br_20100106140733095_S70927_I162460.nii"
}