{
  "BSC_dir": 0.305878221988678,
  "BSC_mag": 0.36597853899002075,
  "Nboundary": 41930,
  "engine": "atropos",
  "units": "SD/mm",
  "spacing": [
    1.0,
    1.0,
    1.0
  ],
  "mu_wm": 360.4739074707031,
  "sd_wm": 69.96430206298828,
  "t1": "data/raw/adni/adni_3yr_3t/002_S_0413/MPR____N3__Scaled/2007-06-01_07_57_43.0/I64551/ADNI_002_S_0413_MR_MPR____N3__Scaled_Br_20070804124954957_S32945_I64551.nii"
}