{
  "BSC_dir": 0.5261589884757996,
  "BSC_mag": 0.6566066741943359,
  "Nboundary": 30531,
  "engine": "atropos",
  "units": "SD/mm",
  "spacing": [
    1.0000000169826977,
    0.9999999680032373,
    0.9999999795036729
  ],
  "mu_wm": 814.8800048828125,
  "sd_wm": 110.89476776123047,
  "t1": "data/raw/adni/adni_3yr_3t/032_S_1169/MT1__GradWarp__N3m/2010-01-11_13_14_06.0/I288906/ADNI_032_S_1169_MR_MT1__GradWarp__N3m_Br_20120308103443287_S79479_I288906.nii"
}