{
  "BSC_dir": 0.3872552514076233,
  "BSC_mag": 0.45997828245162964,
  "Nboundary": 37600,
  "engine": "atropos",
  "units": "SD/mm",
  "spacing": [
    1.0,
    1.0,
    1.0
  ],
  "mu_wm": 695.8635864257812,
  "sd_wm": 115.36387634277344,
  "t1": "data/raw/adni/adni_3yr_3t/023_S_0331/MPR__GradWarp__B1_Correction__N3__Scaled/2007-10-09_13_17_17.0/I89738/ADNI_023_S_0331_MR_MPR__GradWarp__B1_Correction__N3__Scaled_Br_20080207101213959_S41141_I89738.nii"
}