{
  "BSC_dir": 0.36095067858695984,
  "BSC_mag": 0.4377470016479492,
  "Nboundary": 36919,
  "engine": "atropos",
  "units": "SD/mm",
  "spacing": [
    1.0,
    1.0,
    1.0
  ],
  "mu_wm": 288.52752685546875,
  "sd_wm": 50.97740936279297,
  "t1": "data/raw/adni/adni_3yr_3t/136_S_0429/MPR____N3__Scaled_2/2006-06-27_10_25_33.0/I119733/ADNI_136_S_0429_MR_MPR____N3__Scaled_2_Br_20081008134614922_S15882_I119733.nii"
}