{
  "BSC_dir": 0.45681583881378174,
  "BSC_mag": 0.5637772083282471,
  "Nboundary": 47061,
  "engine": "atropos",
  "units": "SD/mm",
  "spacing": [
    1.0,
    1.0000000000000002,
    1.0
  ],
  "mu_wm": 295.48773193359375,
  "sd_wm": 47.08988952636719,
  "t1": "data/raw/adni/adni_3yr_3t/018_S_0633/MPR____N3__Scaled/2007-01-19_16_15_27.0/I79139/ADNI_018_S_0633_MR_MPR____N3__Scaled_Br_20071028191954725_S25316_I79139.nii"
}