{
  "BSC_dir": 0.34545692801475525,
  "BSC_mag": 0.40138375759124756,
  "Nboundary": 34351,
  "engine": "atropos",
  "units": "SD/mm",
  "spacing": [
    1.0,
    1.0000000000000002,
    1.0
  ],
  "mu_wm": 415.78472900390625,
  "sd_wm": 89.80088806152344,
  "t1": "data/raw/adni/adni_3yr_3t/018_S_0369/MPR____N3__Scaled_2/2006-05-11_16_19_12.0/I118773/ADNI_018_S_0369_MR_MPR____N3__Scaled_2_Br_20081001133930148_S14343_I118773.nii"
}