{
  "BSC_dir": 0.589023232460022,
  "BSC_mag": 0.7484495639801025,
  "Nboundary": 44343,
  "engine": "atropos",
  "units": "SD/mm",
  "spacing": [
    1.0,
    1.0,
    1.0
  ],
  "mu_wm": 295.9989318847656,
  "sd_wm": 42.004329681396484,
  "t1": "data/raw/adni/adni_3yr_3t/053_S_0507/MPR____N3__Scaled_2/2007-11-27_09_08_36.0/I119160/ADNI_053_S_0507_MR_MPR____N3__Scaled_2_Br_20081003141359187_S43019_I119160.nii"
}