{
  "BSC_dir": 0.339402973651886,
  "BSC_mag": 0.40648341178894043,
  "Nboundary": 51592,
  "engine": "atropos",
  "units": "SD/mm",
  "spacing": [
    1.0,
    1.0,
    1.0
  ],
  "mu_wm": 737.5724487304688,
  "sd_wm": 140.32022094726562,
  "t1": "data/raw/adni/adni_3yr_3t/032_S_0677/MPR__GradWarp__B1_Correction__N3__Scaled/2006-10-09_14_17_34.0/I90942/ADNI_032_S_0677_MR_MPR__GradWarp__B1_Correction__N3__Scaled_Br_20080220105435721_S19889_I90942.nii"
}