{
  "BSC_dir": 0.2862008213996887,
  "BSC_mag": 0.3432757258415222,
  "Nboundary": 62012,
  "engine": "atropos",
  "units": "SD/mm",
  "spacing": [
    1.0,
    1.0,
    1.0
  ],
  "mu_wm": 1163.1444091796875,
  "sd_wm": 218.8237762451172,
  "t1": "data/raw/adni/adni_3yr_3t/023_S_0058/MPR__GradWarp__B1_Correction__N3__Scaled/2007-12-06_12_36_06.0/I87046/ADNI_023_S_0058_MR_MPR__GradWarp__B1_Correction__N3__Scaled_Br_20080111134700268_S43409_I87046.nii"
}