{
  "BSC_dir": 0.40403035283088684,
  "BSC_mag": 0.505502462387085,
  "Nboundary": 30012,
  "engine": "atropos",
  "units": "SD/mm",
  "spacing": [
    1.0,
    1.0,
    1.0
  ],
  "mu_wm": 393.0293884277344,
  "sd_wm": 68.5989990234375,
  "t1": "data/raw/adni/adni_3yr_3t/002_S_1018/MPR____N3__Scaled/2007-12-07_18_28_23.0/I97022/ADNI_002_S_1018_MR_MPR____N3__Scaled_Br_20080313095739932_S43496_I97022.nii"
}