{
  "BSC_dir": 0.4758443236351013,
  "BSC_mag": 0.7265716195106506,
  "Nboundary": 31697,
  "engine": "atropos",
  "units": "SD/mm",
  "spacing": [
    1.0,
    1.0,
    1.0
  ],
  "mu_wm": 316.17034912109375,
  "sd_wm": 42.81443405151367,
  "t1": "data/raw/adni/adni_3yr_3t/002_S_1070/MPR____N3__Scaled/2008-08-13_16_45_04.0/I120784/ADNI_002_S_1070_MR_MPR____N3__Scaled_Br_20081014173827443_S55382_I120784.nii"
}