{
  "BSC_dir": 0.2976315915584564,
  "BSC_mag": 0.3528255820274353,
  "Nboundary": 42099,
  "engine": "atropos",
  "units": "SD/mm",
  "spacing": [
    1.0,
    1.0,
    1.0
  ],
  "mu_wm": 1073.6602783203125,
  "sd_wm": 225.04586791992188,
  "t1": "data/raw/adni/adni_3yr_3t/023_S_1262/MPR__GradWarp__B1_Correction__N3__Scaled/2007-09-04_12_25_59.0/I77044/ADNI_023_S_1262_MR_MPR__GradWarp__B1_Correction__N3__Scaled_Br_20071006120037219_S38823_I77044.nii"
}