{
  "BSC_dir": 0.2775145173072815,
  "BSC_mag": 0.3332204520702362,
  "Nboundary": 61024,
  "engine": "atropos",
  "units": "SD/mm",
  "spacing": [
    1.0,
    1.0,
    1.0
  ],
  "mu_wm": 1002.223388671875,
  "sd_wm": 186.51119995117188,
  "t1": "data/raw/adni/adni_3yr_3t/023_S_0916/MPR__GradWarp__B1_Correction__N3__Scaled/2007-04-24_13_14_51.0/I64827/ADNI_023_S_0916_MR_MPR__GradWarp__B1_Correction__N3__Scaled_Br_20070805134009783_S30560_I64827.nii"
}