{
  "BSC_dir": 0.29664814472198486,
  "BSC_mag": 0.33857977390289307,
  "Nboundary": 54321,
  "engine": "atropos",
  "units": "SD/mm",
  "spacing": [
    1.0,
    1.0,
    1.0
  ],
  "mu_wm": 660.9081420898438,
  "sd_wm": 129.51815795898438,
  "t1": "data/raw/adni/adni_3yr_3t/023_S_0030/MPR-R__GradWarp__B1_Correction__N3__Scaled/2007-04-26_12_54_15.0/I64059/ADNI_023_S_0030_MR_MPR-R__GradWarp__B1_Correction__N3__Scaled_Br_20070802171620543_S30858_I64059.nii"
}