{
  "BSC_dir": 0.43371689319610596,
  "BSC_mag": 0.5122160911560059,
  "Nboundary": 71320,
  "engine": "atropos",
  "units": "SD/mm",
  "spacing": [
    1.000000019390679,
    0.9999999906698004,
    1.0000000334293264
  ],
  "mu_wm": 172.26568603515625,
  "sd_wm": 29.284320831298828,
  "t1": "data/raw/oasis3/t1_mprage_sag/t1_mprage_sag_images/OASIS_OAS31070_20250430122145251.nii"
}