{
  "BSC_dir": 0.2756713628768921,
  "BSC_mag": 0.32775723934173584,
  "Nboundary": 62378,
  "engine": "atropos",
  "units": "SD/mm",
  "spacing": [
    1.0,
    1.0,
    1.0
  ],
  "mu_wm": 1230.4561767578125,
  "sd_wm": 248.38121032714844,
  "t1": "data/raw/adni/adni_3yr_3t/023_S_0604/MPR-R__GradWarp__B1_Correction__N3__Scaled/2007-06-11_13_33_28.0/I64077/ADNI_023_S_0604_MR_MPR-R__GradWarp__B1_Correction__N3__Scaled_Br_20070802173458625_S33372_I64077.nii"
}