{
  "BSC_dir": 0.25623440742492676,
  "BSC_mag": 0.3000866174697876,
  "Nboundary": 61035,
  "engine": "atropos",
  "units": "SD/mm",
  "spacing": [
    1.0,
    1.0,
    1.0
  ],
  "mu_wm": 1389.7789306640625,
  "sd_wm": 287.5702819824219,
  "t1": "data/raw/adni/adni_3yr_3t/023_S_0058/MPR__GradWarp__B1_Correction__N3__Scaled_2/2005-12-12_12_29_36.0/I118837/ADNI_023_S_0058_MR_MPR__GradWarp__B1_Correction__N3__Scaled_2_Br_20081001151149388_S10498_I118837.nii"
}