{
  "BSC_dir": 0.4862935543060303,
  "BSC_mag": 0.5886509418487549,
  "Nboundary": 27726,
  "engine": "atropos",
  "units": "SD/mm",
  "spacing": [
    1.0,
    1.0,
    1.0
  ],
  "mu_wm": 266.8663635253906,
  "sd_wm": 40.02204513549805,
  "t1": "data/raw/adni/adni_3yr_3t/136_S_0429/MPR____N3__Scaled/2006-12-18_11_07_26.0/I66801/ADNI_136_S_0429_MR_MPR____N3__Scaled_Br_20070809234415928_S24156_I66801.nii"
}