{
  "BSC_dir": 0.5026994943618774,
  "BSC_mag": 0.6127565503120422,
  "Nboundary": 86878,
  "engine": "atropos",
  "units": "SD/mm",
  "spacing": [
    1.0000000553824606,
    1.0000000664155588,
    1.0000000346117326
  ],
  "mu_wm": 202.66258239746094,
  "sd_wm": 29.589921951293945,
  "t1": "data/raw/oasis3/t1_mprage_sag/t1_mprage_sag_images/OASIS_OAS30690_20250423212819028.nii"
}