{
  "BSC_dir": 0.3255041241645813,
  "BSC_mag": 0.38006994128227234,
  "Nboundary": 55141,
  "engine": "atropos",
  "units": "SD/mm",
  "spacing": [
    1.0,
    1.0,
    1.0
  ],
  "mu_wm": 1069.1387939453125,
  "sd_wm": 196.4219512939453,
  "t1": "data/raw/adni/adni_3yr_3t/023_S_0376/MPR-R__GradWarp__B1_Correction__N3__Scaled_2/2006-10-19_13_32_25.0/I118839/ADNI_023_S_0376_MR_MPR-R__GradWarp__B1_Correction__N3__Scaled_2_Br_20081001151347623_S20446_I118839.nii"
}