{
  "BSC_dir": 0.36962538957595825,
  "BSC_mag": 0.45302700996398926,
  "Nboundary": 53197,
  "engine": "atropos",
  "units": "SD/mm",
  "spacing": [
    1.0,
    1.0,
    1.0
  ],
  "mu_wm": 305.1175231933594,
  "sd_wm": 52.66386795043945,
  "t1": "data/raw/adni/adni_3yr_3t/005_S_0572/MPR__GradWarp__B1_Correction__N3__Scaled/2008-08-05_08_38_27.0/I120460/ADNI_005_S_0572_MR_MPR__GradWarp__B1_Correction__N3__Scaled_Br_20081013184405559_S54808_I120460.nii"
}