{
  "BSC_dir": 0.18360750377178192,
  "BSC_mag": 0.19900010526180267,
  "Nboundary": 80701,
  "engine": "atropos",
  "units": "SD/mm",
  "spacing": [
    1.0000000077052158,
    1.0000000382718692,
    0.9999999851959811
  ],
  "mu_wm": 211.19192504882812,
  "sd_wm": 74.01934814453125,
  "t1": "data/raw/oasis3/t1_mprage_sag/t1_mprage_sag_images/OASIS_OAS31310_20250501094925612.nii"
}