{
  "BSC_dir": 0.27412742376327515,
  "BSC_mag": 0.32965385913848877,
  "Nboundary": 63872,
  "engine": "atropos",
  "units": "SD/mm",
  "spacing": [
    1.0,
    1.0,
    1.0
  ],
  "mu_wm": 963.1987915039062,
  "sd_wm": 179.40464782714844,
  "t1": "data/raw/adni/adni_3yr_3t/037_S_0501/MPR__GradWarp__B1_Correction__N3__Scaled/2007-01-05_13_05_25.0/I86801/ADNI_037_S_0501_MR_MPR__GradWarp__B1_Correction__N3__Scaled_Br_20080108145948877_S24751_I86801.nii"
}