{
  "BSC_dir": 0.3438454866409302,
  "BSC_mag": 0.4077574908733368,
  "Nboundary": 49096,
  "engine": "atropos",
  "units": "SD/mm",
  "spacing": [
    1.0,
    1.0,
    1.0
  ],
  "mu_wm": 648.6732177734375,
  "sd_wm": 100.11418914794922,
  "t1": "data/raw/adni/adni_3yr_3t/023_S_0388/MPR__GradWarp__B1_Correction__N3__Scaled/2007-10-30_13_08_00.0/I81919/ADNI_023_S_0388_MR_MPR__GradWarp__B1_Correction__N3__Scaled_Br_20071113175639185_S42069_I81919.nii"
}