{
  "BSC_dir": 0.5804255604743958,
  "BSC_mag": 0.6627841591835022,
  "Nboundary": 58070,
  "engine": "atropos",
  "units": "SD/mm",
  "spacing": [
    1.000000000382066,
    0.999999957196339,
    0.999999968716121
  ],
  "mu_wm": 196.4708251953125,
  "sd_wm": 29.171573638916016,
  "t1": "data/raw/oasis3/t1_mprage_sag/t1_mprage_sag_images/OASIS_OAS31149_20250430230333337.nii"
}