{
  "BSC_dir": 0.317017525434494,
  "BSC_mag": 0.3832928240299225,
  "Nboundary": 45189,
  "engine": "atropos",
  "units": "SD/mm",
  "spacing": [
    1.0000000000017726,
    0.9999999802529126,
    0.9999999802511412
  ],
  "mu_wm": 293.9506530761719,
  "sd_wm": 62.78518295288086,
  "t1": "data/raw/adni/adni_3yr_3t/136_S_0300/MPR-R____N3__Scaled/2006-06-07_09_09_23.0/I40352/ADNI_136_S_0300_MR_MPR-R____N3__Scaled_Br_20070215211009479_S15349_I40352.nii"
}