{
  "BSC_dir": 0.2881383001804352,
  "BSC_mag": 0.35653141140937805,
  "Nboundary": 55111,
  "engine": "atropos",
  "units": "SD/mm",
  "spacing": [
    1.0,
    1.0,
    1.0
  ],
  "mu_wm": 1006.0323486328125,
  "sd_wm": 188.81027221679688,
  "t1": "data/raw/adni/adni_3yr_3t/037_S_0303/MPR__GradWarp__B1_Correction__N3__Scaled/2009-06-05_11_57_10.0/I162548/ADNI_037_S_0303_MR_MPR__GradWarp__B1_Correction__N3__Scaled_Br_20100106150845164_S68317_I162548.nii"
}