{
  "BSC_dir": 0.44623345136642456,
  "BSC_mag": 0.5454993844032288,
  "Nboundary": 39934,
  "engine": "atropos",
  "units": "SD/mm",
  "spacing": [
    1.0,
    1.0000000000000002,
    1.0
  ],
  "mu_wm": 363.7513122558594,
  "sd_wm": 60.34251022338867,
  "t1": "data/raw/adni/adni_3yr_3t/018_S_0369/MPR____N3__Scaled/2006-10-31_13_29_25.0/I35021/ADNI_018_S_0369_MR_MPR____N3__Scaled_Br_20070101220110267_S21544_I35021.nii"
}