{
  "BSC_dir": 0.27938705682754517,
  "BSC_mag": 0.3309286832809448,
  "Nboundary": 53799,
  "engine": "atropos",
  "units": "SD/mm",
  "spacing": [
    1.0,
    1.0,
    1.0
  ],
  "mu_wm": 942.8484497070312,
  "sd_wm": 184.19276428222656,
  "t1": "data/raw/adni/adni_3yr_3t/023_S_0058/MPR__GradWarp__B1_Correction__N3__Scaled/2005-12-12_12_29_36.0/I30968/ADNI_023_S_0058_MR_MPR__GradWarp__B1_Correction__N3__Scaled_Br_20061130133702940_S10498_I30968.nii"
}