{
  "BSC_dir": 0.3303294777870178,
  "BSC_mag": 0.38548097014427185,
  "Nboundary": 33085,
  "engine": "atropos",
  "units": "SD/mm",
  "spacing": [
    1.0,
    1.0000000000000002,
    1.0
  ],
  "mu_wm": 421.6129455566406,
  "sd_wm": 91.74793243408203,
  "t1": "data/raw/adni/adni_3yr_3t/018_S_0369/MPR____N3__Scaled/2006-05-11_16_19_12.0/I37190/ADNI_018_S_0369_MR_MPR____N3__Scaled_Br_20070123180135564_S14343_I37190.nii"
}