{
  "BSC_dir": 0.3328372836112976,
  "BSC_mag": 0.40021923184394836,
  "Nboundary": 40860,
  "engine": "atropos",
  "units": "SD/mm",
  "spacing": [
    1.0,
    1.0,
    1.0
  ],
  "mu_wm": 772.1674194335938,
  "sd_wm": 135.9297332763672,
  "t1": "data/raw/adni/adni_3yr_3t/023_S_0331/MPR__GradWarp__B1_Correction__N3__Scaled/2007-03-19_14_36_19.0/I67174/ADNI_023_S_0331_MR_MPR__GradWarp__B1_Correction__N3__Scaled_Br_20070812140259245_S28331_I67174.nii"
}