{
  "BSC_dir": 0.4014989733695984,
  "BSC_mag": 0.4866279065608978,
  "Nboundary": 53973,
  "engine": "atropos",
  "units": "SD/mm",
  "spacing": [
    1.0000000187506846,
    0.9999999962502224,
    1.0000000348823588
  ],
  "mu_wm": 294.2073669433594,
  "sd_wm": 57.32456588745117,
  "t1": "data/raw/adni/adni_3yr_3t/136_S_0300/MPR____N3__Scaled/2007-05-29_12_24_45.0/I66768/ADNI_136_S_0300_MR_MPR____N3__Scaled_Br_20070809231204041_S32709_I66768.nii"
}